time,world_time,Fx,Fy,Fz,LPF_Fx,LPF_Fy,LPF_Fz,Mx,My,Mz,force_magnitude,touch_count,V_SidePalm[mV],V_ThumpPalm[mV],V_UpperPalm[mV],V_Middle[mV],V_Index[mV],V_Thump[mV]
2.003035200003069,310540.2053112,-0.02173249999997351,-0.4115449999999945,0.21252449999998435,-0.005195311112112949,-0.09838280509085938,0.05080551691924597,0.0014075600000009042,0.003127639999999034,0.01195752000000145,0.11084840163272297,,0.0,0.0,0.0,0.0,0.0,0.0
2.1807223000214435,310540.3829983,-0.026732499999973403,-0.5115449999999945,0.22252449999998436,-0.010343931692023835,-0.19715221230673524,0.09185618025577805,0.0018075600000009052,0.003127639999999034,0.01195752000000145,0.2177465260147019,1.0,0.0,0.0,0.0,0.0,0.0,0.0
2.1903356999973767,310540.3926117,-0.06673249999997344,-0.4365449999999945,0.21252449999998435,-0.02382402627510391,-0.25438078748510873,0.1207028137515948,0.0018075600000009052,0.0027276399999990337,0.01195752000000145,0.28257094421941736,1.0,0.0,0.0,0.0,0.0,0.0,0.0
2.1994086999911815,310540.4016847,0.018267500000026526,-0.4165449999999945,0.22252449999998436,-0.013761742866234893,-0.2931473138979309,0.1450440233694934,0.0018075600000009052,0.003127639999999034,0.009957520000001448,0.32735684188282754,1.0,0.0,0.0,0.0,0.0,0.49,0.0
2.2180493000196293,310540.4203253,-0.0017324999999734914,-0.35154499999999456,0.2475244999999845,-0.010886065464487766,-0.30710770260277875,0.16954272158707862,0.0018075600000009052,0.003127639999999034,0.012357520000001447,0.3509677789518684,1.0,0.0,0.0,0.0,0.0,0.0,0.0
2.3363996000261977,310540.5386756,-0.02173249999997351,-0.3915449999999945,0.20752449999998446,-0.013478983990616072,-0.3272930484877471,0.17862254008226425,0.0014075600000009042,0.003127639999999034,0.011557520000001452,0.37310646526596425,1.0,0.0,0.0,0.0,0.0,0.49,0.0
2.446410399978049,310540.6486864,-0.02173249999997351,-0.46154499999999454,0.22252449999998436,-0.015452046612839429,-0.35938694728058174,0.18911762073126215,0.0014075600000009042,0.003127639999999034,0.01315752000000145,0.40640277815393255,1.0,0.0,0.0,0.0,0.0,0.0,0.0
2.548630499979481,310540.7509065,-0.04673249999997342,-0.45154499999999453,0.21252449999998435,-0.02292986495285123,-0.38141799549705196,0.19471320430263345,0.0014075600000009042,0.0027276399999990337,0.01075752000000145,0.42885743310049346,1.0,0.0,0.0,0.0,0.0,0.49,0.49
2.659737400012091,310540.8620134,0.018267500000026526,-0.4415449999999945,0.18252449999998432,-0.01308133726714,-0.39579179025755273,0.1917994064926305,0.0018075600000009052,0.003127639999999034,0.011157520000001447,0.4400105395907018,1.0,0.0,0.0,0.0,0.0,0.0,0.0
2.7705430000205524,310540.972819,-0.04173249999997353,-0.4215449999999945,0.21252449999998435,-0.019930604683269203,-0.4019482810776446,0.1967538898055704,0.0014075600000009042,0.003127639999999034,0.013957520000001451,0.4479639972340818,1.0,0.0,0.0,0.0,0.0,1.47,0.98
2.8814538000151515,310541.0837298,-0.06673249999997344,-0.48654499999999445,0.22252449999998436,-0.03111893583739859,-0.42217173782979533,0.20291454032940032,0.0014075600000009042,0.0027276399999990337,0.011557520000001452,0.46943761573501264,1.0,0.0,0.0,0.0,0.0,0.0,0.0
2.9921685000299476,310541.1944445,0.08326750000002647,-0.4265449999999945,0.22252449999998436,-0.003774032067381621,-0.4232171977423248,0.2076024428433677,0.0018075600000009052,0.0027276399999990337,0.011557520000001452,0.4714083304922023,1.0,0.0,0.0,0.0,0.0,0.98,0.0
3.103291600011289,310541.3055676,-0.0017324999999734914,-0.5015449999999945,0.24252449999998438,-0.003285989079434845,-0.4419420246815703,0.21595081287000226,0.0018075600000009052,0.003527639999999033,0.011557520000001452,0.49189257412883414,1.0,0.0,0.0,0.0,0.0,0.49,0.0
3.2086257999762893,310541.4109018,-0.08673249999997346,-0.37654499999999447,0.23752449999998448,-0.023234480300097782,-0.42630839352879313,0.22110815861834143,0.0014075600000009042,0.003127639999999034,0.012757520000001452,0.4807988199606043,1.0,0.0,0.0,0.0,0.0,0.0,0.0
3.3198585999780335,310541.5221346,0.003267500000026846,-0.4015449999999945,0.22252449999998436,-0.01689899046936483,-0.42038852542461963,0.22144674525672192,0.0014075600000009042,0.003527639999999033,0.01195752000000145,0.4754479458072831,1.0,0.0,0.0,0.0,0.0,0.0,0.0
3.4297282000188716,310541.6320042,-0.02173249999997351,-0.36654499999999446,0.21752449999998447,-0.01805447583804794,-0.4075168417271972,0.22050910419532604,0.0018075600000009052,0.003127639999999034,0.011157520000001447,0.46370271232991656,1.0,0.0,0.0,0.0,0.0,0.0,0.0
3.540556500025559,310541.7428325,-0.04173249999997353,-0.45154499999999453,0.22252449999998436,-0.023714878554784664,-0.41804209100458406,0.22099089912086428,0.0014075600000009042,0.003127639999999034,0.01075752000000145,0.4734538655567205,1.0,0.0,0.0,0.0,0.0,0.0,0.0
3.6513922000303864,310541.8536682,-0.02173249999997351,-0.48654499999999445,0.21252449999998435,-0.023240976641326138,-0.43441820623828253,0.21896694525304675,0.0018075600000009052,0.003127639999999034,0.01195752000000145,0.4870378260669087,1.0,0.0,0.0,0.0,0.0,0.0,0.0
3.7631021999986842,310541.9653782,-0.0017324999999734914,-0.49654499999999446,0.22252449999998436,-0.018099219931349032,-0.44927006506679124,0.21981740441369269,0.0014075600000009042,0.003127639999999034,0.011557520000001452,0.5004906236988013,1.0,0.0,0.0,0.0,0.0,0.0,0.0
3.8739660999854095,310542.0762421,-0.04673249999997342,-0.4265449999999945,0.23752449999998448,-0.024944212367421635,-0.4438374741055506,0.22405041352276067,0.0018075600000009052,0.0027276399999990337,0.011557520000001452,0.49780769876604597,1.0,0.0,0.0,0.0,0.0,0.0,0.0
3.9839305999921635,310542.1862066,0.08326750000002647,-0.5265449999999945,0.24252449999998438,0.0009245791532988858,-0.4636093056175854,0.22846677734474952,0.0018075600000009052,0.0027276399999990337,0.01075752000000145,0.5168476675502423,1.0,0.0,0.0,0.0,0.0,0.0,0.0
4.095545799995307,310542.2978218,-0.04673249999997342,-0.45154499999999453,0.20252449999998434,-0.0104681898744772,-0.4607252462118533,0.2222650885485715,0.0014075600000009042,0.003127639999999034,0.012757520000001452,0.5116435332179282,1.0,0.0,0.0,0.0,0.0,0.0,0.98
4.205710700014606,310542.4079867,-0.06673249999997344,-0.4115449999999945,0.21252449999998435,-0.023918579641449063,-0.4489683530959563,0.21993653049381218,0.0018075600000009052,0.003127639999999034,0.01195752000000145,0.5005164912162388,1.0,0.0,0.0,0.0,0.0,0.0,0.0
4.315590800018981,310542.5178668,-0.02173249999997351,-0.36654499999999446,0.22752449999998448,-0.023395981511766067,-0.42926445514415223,0.22175048941680028,0.0018075600000009052,0.0027276399999990337,0.01195752000000145,0.4837237062184313,1.0,0.0,0.0,0.0,0.0,0.0,0.98
4.425666900002398,310542.6279429,-0.04673249999997342,-0.47654499999999456,0.2625244999999844,-0.02897474483029641,-0.44056721092819046,0.23149781118228907,0.0018075600000009052,0.003127639999999034,0.011157520000001447,0.49852807319670195,1.0,0.0,0.0,0.0,0.0,0.0,0.0
4.535665299976245,310542.7379413,-0.04673249999997342,-0.4265449999999945,0.21252449999998435,-0.03321986447871774,-0.43721510011481246,0.2269621040883457,0.0018075600000009052,0.0027276399999990337,0.012357520000001447,0.49373312614873116,1.0,0.0,0.0,0.0,0.0,0.0,0.0
4.647344400000293,310542.8496204,-0.04673249999997342,-0.35154499999999456,0.22752449999998448,-0.036450157610092286,-0.4167350438349144,0.22709654889355205,0.0018075600000009052,0.0027276399999990337,0.012357520000001447,0.47599322817583245,1.0,0.0,0.0,0.0,0.0,0.0,0.0
4.749784699990414,310542.9520607,-0.06673249999997344,-0.4165449999999945,0.19252449999998433,-0.04368937030624552,-0.4166896124833741,0.21883185087052276,0.0018075600000009052,0.003127639999999034,0.009957520000001448,0.4726799902520938,1.0,0.0,0.0,0.0,0.0,0.0,0.0
4.860496699984651,310543.0627727,-0.0017324999999734914,-0.49654499999999446,0.21252449999998435,-0.0336592773794344,-0.4357796197134529,0.21732403308307338,0.0014075600000009042,0.003127639999999034,0.011557520000001452,0.4881255568670832,1.0,0.0,0.0,0.0,0.0,0.0,0.0
4.971467700030189,310543.1737437,-0.04673249999997342,-0.4015449999999945,0.22752449999998448,-0.03678452568274491,-0.4275955865733858,0.2197625283837628,0.0018075600000009052,0.003127639999999034,0.01195752000000145,0.4821687006311863,1.0,0.0,0.0,0.0,0.0,0.98,0.0
5.082330400007777,310543.2846064,-0.06673249999997344,-0.34154499999999455,0.22752449999998448,-0.04394380527578576,-0.4070245722570797,0.2216180837680817,0.0018075600000009052,0.0027276399999990337,0.01075752000000145,0.46552619206249973,1.0,0.0,0.0,0.0,0.0,0.0,0.0
5.192221199977212,310543.3944972,0.018267500000026526,-0.48654499999999445,0.24252449999998438,-0.02907174335935311,-0.42603450493363526,0.22661591358812977,0.0018075600000009052,0.003127639999999034,0.01075752000000145,0.4834307995436187,1.0,0.0,0.0,0.0,0.0,0.0,0.0
5.30320570000913,310543.5054817,-0.10673249999997347,-0.46154499999999454,0.23252449999998437,-0.04763710822536513,-0.43452354529324017,0.22802840385121156,0.0018075600000009052,0.003127639999999034,0.012357520000001447,0.4930283546178789,1.0,0.0,0.0,0.0,0.0,0.0,0.0
5.417988699977286,310543.6202647,-0.10673249999997347,-0.4365449999999945,0.20252449999998434,-0.0617642885111889,-0.4350067886430916,0.22193151140530323,0.0014075600000009042,0.003127639999999034,0.012757520000001452,0.49223909765022833,1.0,0.0,0.0,0.0,0.0,0.49,0.0
5.5195099000120535,310543.7217859,-0.0017324999999734914,-0.4265449999999945,0.18252449999998432,-0.047413255821313734,-0.43298393694329235,0.212510980667953,0.0014075600000009042,0.003127639999999034,0.011557520000001452,0.48464835023235703,1.0,0.0,0.0,0.0,0.0,0.49,0.0
5.629756600013934,310543.8320326,-0.08673249999997346,-0.4015449999999945,0.20752449999998446,-0.05681280516913484,-0.42546823196435607,0.21131892644388006,0.0018075600000009052,0.0027276399999990337,0.011157520000001447,0.47844184590758276,1.0,0.0,0.0,0.0,0.0,1.47,0.0
5.742208999989089,310543.944485,-0.02173249999997351,-0.3915449999999945,0.2475244999999845,-0.04842660481197946,-0.41735863831505443,0.21997413033743493,0.0018075600000009052,0.003127639999999034,0.011557520000001452,0.47425940902371444,1.0,0.0,0.0,0.0,0.0,0.0,0.0
5.853242899989709,310544.0555189,-0.0017324999999734914,-0.45154499999999453,0.23252449999998437,-0.037264041756634836,-0.425531135024807,0.2229743868642518,0.0014075600000009042,0.003127639999999034,0.01075752000000145,0.4818536425939206,1.0,0.0,0.0,0.0,0.0,0.49,0.0
5.964788699988276,310544.1670647,-0.08673249999997346,-0.4015449999999945,0.23752449999998448,-0.04908983404058863,-0.41979707618062423,0.22645269651370145,0.0018075600000009052,0.003127639999999034,0.011157520000001447,0.47949996948306467,1.0,0.0,0.0,0.0,0.0,0.0,0.0
6.084097300015856,310544.2863733,-0.0017324999999734914,-0.47654499999999456,0.23252449999998437,-0.03776872124723524,-0.4333630772945537,0.22790420499744193,0.0018075600000009052,0.003127639999999034,0.011157520000001447,0.491090989249826,1.0,0.0,0.0,0.0,0.0,0.98,0.0
6.185637500020675,310544.3879135,-0.04173249999997353,-0.4265449999999945,0.22252449999998436,-0.03871629119087189,-0.4317331666661533,0.2266181476569052,0.0018075600000009052,0.003527639999999033,0.01075752000000145,0.4891301087140391,1.0,0.0,0.0,0.0,0.0,0.98,0.0
6.296372400014661,310544.4986484,-0.0017324999999734914,-0.4265449999999945,0.22252449999998436,-0.029875048750178285,-0.4304928979473118,0.22563953161360129,0.0018075600000009052,0.0027276399999990337,0.01075752000000145,0.4869598052690854,1.0,0.0,0.0,0.0,0.0,0.0,0.0
6.407299000013154,310544.609575,-0.08673249999997346,-0.49654499999999446,0.24252449999998438,-0.04346723318753437,-0.44628313007767595,0.22967600527680426,0.0018075600000009052,0.003127639999999034,0.011557520000001452,0.5037947002031858,1.0,0.0,0.0,0.0,0.0,0.49,0.0
6.5172432999825105,310544.7195193,-0.06673249999997344,-0.46154499999999454,0.22252449999998436,-0.04902896327827794,-0.4499315903284129,0.2279663862806905,0.0018075600000009052,0.003127639999999034,0.012357520000001447,0.5067651808179746,1.0,0.0,0.0,0.0,0.0,0.49,0.0
6.61981389997527,310544.8220899,-0.04173249999997353,-0.45154499999999453,0.23252449999998437,-0.04728469102478915,-0.4503172875650478,0.22905603629132668,0.0018075600000009052,0.003127639999999034,0.011157520000001447,0.5074329209331468,1.0,0.0,0.0,0.0,0.0,0.0,0.0
6.729898200021125,310544.9321742,-0.13173249999997338,-0.4265449999999945,0.2475244999999845,-0.06747254977840245,-0.44463435050087124,0.23347105594987316,0.0018075600000009052,0.003127639999999034,0.01075752000000145,0.5067158815206796,1.0,0.0,0.0,0.0,0.0,0.98,0.0
6.839802199974656,310545.0420782,-0.06673249999997344,-0.4365449999999945,0.21252449999998435,-0.0672956355330375,-0.4427005328293179,0.2284636304402868,0.0018075600000009052,0.003127639999999034,0.011157520000001447,0.5027008004400961,1.0,0.0,0.0,0.0,0.0,1.47,0.0
6.951621500018518,310545.1538975,-0.02173249999997351,-0.46154499999999454,0.22252449999998436,-0.056403438853505725,-0.4472054388315626,0.2270438384065664,0.0014075600000009042,0.0027276399999990337,0.01075752000000145,0.5047008589188438,1.0,0.0,0.0,0.0,0.0,0.49,0.0
7.064715899992734,310545.2669919,0.02326750000002642,-0.5115449999999945,0.22252449999998436,-0.03735752540872342,-0.46258627569281796,0.2259634579145317,0.0014075600000009042,0.003527639999999033,0.011157520000001447,0.5161793597933838,1.0,0.0,0.0,0.0,0.0,0.0,0.0
7.174790400022175,310545.3770664,-0.11173249999997337,-0.5365449999999945,0.21252449999998435,-0.055137400340623116,-0.4802666429874799,0.22275077794725914,0.0018075600000009052,0.0027276399999990337,0.012357520000001447,0.5322725714884197,1.0,0.0,0.0,0.49,0.49,0.0,0.0
7.284766900003888,310545.4870429,0.08326750000002647,-0.4265449999999945,0.20252449999998434,-0.022050709131073425,-0.467424096167087,0.21791554009720554,0.0014075600000009042,0.003127639999999034,0.01075752000000145,0.5161963793622135,1.0,0.0,0.0,0.0,0.0,0.49,0.0
7.394736299989745,310545.5970123,-0.026732499999973403,-0.4165449999999945,0.21752449999998447,-0.023169925057718525,-0.45526108069756066,0.2178220591372434,0.0018075600000009052,0.0027276399999990337,0.01075752000000145,0.5052187115219308,1.0,0.0,0.0,0.0,0.0,0.49,0.0
7.505575000017416,310545.707851,-0.04173249999997353,-0.5215449999999945,0.23252449999998437,-0.027607442686479335,-0.4711067304160354,0.22133678383019056,0.0014075600000009042,0.003127639999999034,0.01075752000000145,0.5212424524261879,1.0,0.0,0.0,0.0,0.0,0.0,0.0
7.61563750001369,310545.8179135,0.018267500000026526,-0.46154499999999454,0.23252449999998437,-0.016640706254543794,-0.4688209296898628,0.22401128819628585,0.0018075600000009052,0.0027276399999990337,0.012357520000001447,0.5198567441702345,1.0,0.0,0.0,0.49,0.98,0.0,0.49
7.726413500029594,310545.9286895,-0.0017324999999734914,-0.5015449999999945,0.20252449999998434,-0.01307679185831072,-0.4766438550834438,0.2188747162657671,0.0014075600000009042,0.003127639999999034,0.012357520000001447,0.524658468429256,1.0,0.0,0.0,0.0,0.0,0.0,0.0
7.836551200016402,310546.0388272,-0.0017324999999734914,-0.4265449999999945,0.20252449999998434,-0.010364856942827287,-0.4646673618811202,0.21496607895983474,0.0014075600000009042,0.0027276399999990337,0.012357520000001447,0.5120874950244061,1.0,0.0,0.0,0.0,0.0,0.0,0.49
7.94723079999676,310546.1495068,-0.0017324999999734914,-0.47654499999999456,0.19252449999998433,-0.008301229658852211,-0.46750679707287074,0.20960125740025284,0.0018075600000009052,0.003527639999999033,0.01195752000000145,0.5124101900108451,1.0,0.0,0.0,0.0,0.0,0.0,0.0
8.057382200029679,310546.2596582,-0.04173249999997353,-0.45154499999999453,0.24252449999998438,-0.016293216328379018,-0.4636910141807917,0.2174717963684058,0.0018075600000009052,0.003127639999999034,0.011557520000001452,0.512414683382547,1.0,0.0,0.0,0.0,0.0,0.0,0.0
8.15948249999201,310546.3617585,0.018267500000026526,-0.48654499999999445,0.24252449999998438,-0.008031227436913809,-0.4691544245791684,0.2234608261425124,0.0018075600000009052,0.0027276399999990337,0.011557520000001452,0.5197163799002762,1.0,0.0,0.0,0.0,0.0,0.0,0.0
8.269809800025541,310546.4720858,-0.11173249999997337,-0.46154499999999454,0.21252449999998435,-0.03282176574073407,-0.46733533666599614,0.22084641837837865,0.0018075600000009052,0.003127639999999034,0.012357520000001447,0.5179311978570296,1.0,0.0,0.0,0.0,0.0,0.0,0.49
8.38219819997903,310546.5844742,-0.06673249999997344,-0.5115449999999945,0.2525244999999844,-0.04092837172334768,-0.477903976039385,0.22841929262015248,0.0018075600000009052,0.003127639999999034,0.011157520000001447,0.5312652022928553,1.0,0.0,0.0,0.0,0.0,0.0,0.0
8.492300399986561,310546.6945764,-0.09173249999997335,-0.5265449999999945,0.20252449999998434,-0.053073465577119075,-0.48953196418098927,0.22222895539040055,0.0018075600000009052,0.0027276399999990337,0.011557520000001452,0.5402259206268907,1.0,0.0,0.0,0.0,0.0,0.0,1.47
8.603107400005683,310546.8053834,-0.04673249999997342,-0.45154499999999453,0.21252449999998435,-0.051557611951235684,-0.48045090599048196,0.2199090352281139,0.0022075600000009046,0.0027276399999990337,0.012357520000001447,0.5308966417224251,1.0,0.0,0.0,0.0,0.0,0.0,0.0
8.714064300002065,310546.9163403,-0.026732499999973403,-0.4165449999999945,0.21252449999998435,-0.0456229896123424,-0.46517373753207036,0.21814370873882194,0.0018075600000009052,0.0027276399999990337,0.011557520000001452,0.515804944657427,1.0,0.0,0.0,0.0,0.0,0.0,0.49
8.82481880002888,310547.0270948,-0.06673249999997344,-0.4365449999999945,0.24252449999998438,-0.05066937055739046,-0.45832983102217323,0.22397211300714717,0.0014075600000009042,0.003127639999999034,0.01195752000000145,0.5126374220854173,1.0,0.0,0.0,0.0,0.0,0.0,0.0
8.93485249998048,310547.1371285,-0.04673249999997342,-0.5215449999999945,0.22252449999998436,-0.049728233212219676,-0.47344187380809166,0.2236260506607921,0.0018075600000009052,0.003127639999999034,0.012357520000001447,0.5259550509192483,1.0,0.0,0.0,0.0,0.0,0.0,0.0
9.044810899998993,310547.2470869,-0.06673249999997344,-0.48654499999999445,0.22252449999998436,-0.05379322602003552,-0.47657427077614845,0.2233627170181529,0.0018075600000009052,0.0027276399999990337,0.009957520000001448,0.5290629925492727,1.0,0.0,0.0,0.0,0.0,0.0,0.49
9.15478580002673,310547.3570618,-0.0017324999999734914,-0.45154499999999453,0.20252449999998434,-0.041347733398522775,-0.4705908427954009,0.21838119071279252,0.0018075600000009052,0.0027276399999990337,0.012357520000001447,0.5204380086400474,1.0,0.0,0.0,0.0,0.0,0.0,0.98
9.26483439997537,310547.4671104,-0.04673249999997342,-0.45154499999999453,0.24252449999998438,-0.042635000752057124,-0.46603779649540544,0.22415282319976274,0.0014075600000009042,0.0027276399999990337,0.011557520000001452,0.5188963858034135,1.0,0.0,0.0,0.0,0.0,0.0,0.49
9.37483779998729,310547.5771138,-0.02173249999997351,-0.46154499999999454,0.20252449999998434,-0.0376381069557437,-0.4649637610389647,0.21898241630426907,0.0014075600000009042,0.003127639999999034,0.012357520000001447,0.5153263284804762,1.0,0.0,0.49,0.0,0.0,0.0,0.49
9.48650749999797,310547.6887835,-0.13173249999997338,-0.45154499999999453,0.21252449999998435,-0.060132051314230106,-0.4617559092806932,0.21743860476225657,0.0018075600000009052,0.003127639999999034,0.01195752000000145,0.5139201593553748,1.0,0.0,0.0,0.0,0.0,0.0,0.98
9.596498899976723,310547.7987749,0.06326750000002646,-0.4415449999999945,0.21252449999998435,-0.030632497182239274,-0.45692434542140187,0.2162638525212557,0.0018075600000009052,0.003127639999999034,0.01195752000000145,0.5064467012724359,1.0,0.0,0.0,0.0,0.0,0.0,0.49
9.706505800015293,310547.9087818,-0.0017324999999734914,-0.47654499999999456,0.23252449999998437,-0.023723744093490103,-0.46161480463038457,0.2201510777616327,0.0014075600000009042,0.003127639999999034,0.01195752000000145,0.5119741604098492,1.0,0.0,0.0,0.0,0.0,0.0,0.49
9.817381100030616,310548.0196571,-0.0017324999999734914,-0.4015449999999945,0.20252449999998434,-0.018466578336749074,-0.44725468391260703,0.21593731702017513,0.0014075600000009042,0.003127639999999034,0.01195752000000145,0.49699767774015297,1.0,0.0,0.0,0.0,0.0,0.0,1.96
9.920169999997597,310548.122446,-0.0017324999999734914,-0.5515449999999945,0.21252449999998435,-0.01446617602987574,-0.472186037325939,0.21512145845863703,0.0018075600000009052,0.0027276399999990337,0.011157520000001447,0.5190820416695915,1.0,0.0,0.0,0.0,0.0,0.0,0.0
10.031513700028881,310548.2337897,-0.04673249999997342,-0.45154499999999453,0.21252449999998435,-0.022179673854290288,-0.4672516482503541,0.21450063677967923,0.0014075600000009042,0.0027276399999990337,0.011557520000001452,0.5146130234495073,1.0,17.11,0.0,0.0,0.0,0.0,0.0
10.141501799982507,310548.3437778,-0.13173249999997338,-0.49654499999999446,0.22252449999998436,-0.048369068311381706,-0.47425443558987435,0.2164187992437573,0.0014075600000009042,0.003127639999999034,0.01075752000000145,0.5235398104366955,1.0,1026.88,0.0,1.47,1.47,0.0,0.0
10.251616700028535,310548.4538927,-0.08673249999997346,-0.32654499999999453,0.22752449999998448,-0.057540123779034745,-0.4389434280166559,0.21907369723279208,0.0018075600000009052,0.003527639999999033,0.01195752000000145,0.49393874484875644,1.0,2316.72,0.0,0.0,0.0,0.0,0.0
10.363186799979303,310548.5654628,0.018267500000026526,-0.3915449999999945,0.21752449999998447,-0.03941776370988877,-0.4276124914114818,0.2187033504434917,0.0014075600000009042,0.0027276399999990337,0.011557520000001452,0.48191011444275783,1.0,2681.82,0.0,0.0,1.47,0.0,0.0
10.474036999978125,310548.676313,-0.08673249999997346,-0.5465449999999945,0.21252449999998435,-0.05072869320326828,-0.45604416671170594,0.21722625161136117,0.0014075600000009042,0.003127639999999034,0.012757520000001452,0.5076779753889348,1.0,1975.07,0.0,0.0,0.98,0.49,0.0
10.584779200027697,310548.7870552,-0.08673249999997346,-0.4015449999999945,0.19252449999998433,-0.05933566329550424,-0.44301574722850817,0.21132111945282456,0.0014075600000009042,0.003527639999999033,0.011157520000001447,0.49440902981028356,1.0,455.52,0.0,0.0,0.0,0.49,0.98
10.695695400005206,310548.8979714,0.018267500000026526,-0.4115449999999945,0.22252449999998436,-0.04078406653466779,-0.4354924377711059,0.21399936850148255,0.0018075600000009052,0.003127639999999034,0.012757520000001452,0.486942227741606,1.0,0.0,0.0,0.0,0.0,0.0,0.0
10.806505699991249,310549.0087817,-0.06673249999997344,-0.4115449999999945,0.21252449999998435,-0.04698722699593043,-0.4297676297849543,0.21364679053232352,0.0018075600000009052,0.003127639999999034,0.012757520000001452,0.48223745832992604,1.0,179.86,0.0,0.49,0.0,0.0,0.0
10.917456800001673,310549.1197328,-0.08673249999997346,-0.49654499999999446,0.20252449999998434,-0.05648862161192579,-0.44573124250858487,0.21098792663747107,0.0014075600000009042,0.003127639999999034,0.012357520000001447,0.4963700334494832,1.0,481.43,0.0,0.98,0.0,0.0,0.0
11.027286500029732,310549.2295625,0.003267500000026846,-0.5215449999999945,0.22252449999998436,-0.04220348908562975,-0.4638550688859753,0.2137458278354945,0.0014075600000009042,0.003127639999999034,0.012757520000001452,0.5124743294442119,1.0,464.81,0.0,0.0,0.0,0.49,0.0
11.138207399984822,310549.3404834,-0.04673249999997342,-0.4015449999999945,0.23752449999998448,-0.04328618186051525,-0.448959396815102,0.21943029118428622,0.0018075600000009052,0.003127639999999034,0.011157520000001447,0.5015853728109129,1.0,359.73,0.0,0.0,0.0,0.0,0.0
11.24908029998187,310549.4513563,-0.04673249999997342,-0.4265449999999945,0.2475244999999845,-0.04411004910661327,-0.4436010733435741,0.22614641474330596,0.0018075600000009052,0.0027276399999990337,0.011557520000001452,0.49986979265105647,1.0,124.14,0.0,0.0,0.98,0.0,0.0
11.35977510001976,310549.5620511,-0.08673249999997346,-0.44654499999999453,0.2625244999999844,-0.054299253880662854,-0.44430484027657147,0.2348428588050404,0.0014075600000009042,0.003127639999999034,0.012757520000001452,0.5054763776843687,1.0,0.0,0.0,0.0,0.0,0.0,0.0
11.470636699988972,310549.6729127,-0.04173249999997353,-0.4265449999999945,0.24252449999998438,-0.05129508058814641,-0.4400592221682837,0.2366792106218772,0.0018075600000009052,0.003127639999999034,0.012357520000001447,0.5022950856304431,1.0,0.0,0.0,0.0,0.0,0.0,0.0
11.580615299986675,310549.7828913,-0.06673249999997344,-0.48654499999999445,0.20252449999998434,-0.054985507212451525,-0.4511719831541158,0.228514280327381,0.0014075600000009042,0.003127639999999034,0.01075752000000145,0.5087222628312714,1.0,0.0,0.0,0.0,0.0,0.0,0.0
11.691500700020697,310549.8937767,0.04326750000002644,-0.4015449999999945,0.22252449999998436,-0.031497416096835616,-0.43930829434511715,0.22708238007227566,0.0018075600000009052,0.003127639999999034,0.011157520000001447,0.49553029376667046,1.0,0.0,0.0,0.0,0.0,0.0,0.0
11.801504999981262,310550.003781,-0.08673249999997346,-0.47154499999999455,0.23252449999998437,-0.044701761900623166,-0.4470147116973271,0.2283833581527501,0.0014075600000009042,0.003127639999999034,0.01195752000000145,0.5039636477683602,1.0,0.0,0.0,0.0,0.0,0.0,0.0
11.912396400002763,310550.1146724,-0.04173249999997353,-0.45154499999999453,0.21252449999998435,-0.04399193839448087,-0.44809770984111874,0.2245921835531142,0.0014075600000009042,0.003527639999999033,0.011157520000001447,0.5031585208676437,1.0,330.4,0.0,0.49,0.0,0.0,0.0
12.022310799977276,310550.2245868,-0.0017324999999734914,-0.45154499999999453,0.23252449999998437,-0.033889514380543016,-0.44892180945548,0.22648846109970436,0.0014075600000009042,0.0027276399999990337,0.01075752000000145,0.5039606266376805,1.0,2068.43,0.0,0.49,0.49,0.0,0.0
12.133135600015521,310550.3354116,-0.0017324999999734914,-0.37654499999999447,0.21752449999998447,-0.026202147803115087,-0.4316196103332518,0.22434556144665108,0.0014075600000009042,0.0027276399999990337,0.01075752000000145,0.4871477922710289,1.0,2748.78,0.0,0.49,0.0,0.0,0.0
12.2441131999949,310550.4463892,-0.0017324999999734914,-0.45154499999999453,0.24252449999998438,-0.02035250173656468,-0.4363829186663444,0.22869136802540024,0.0014075600000009042,0.003127639999999034,0.011557520000001452,0.49309635756109904,1.0,2971.16,0.0,0.0,0.0,0.0,0.0
12.354924199986272,310550.5572002,-0.0017324999999734914,-0.5265449999999945,0.20252449999998434,-0.015901255817788996,-0.4579368155049278,0.22243598920465701,0.0018075600000009052,0.003127639999999034,0.011157520000001447,0.5093493361385989,1.0,3364.12,0.0,0.98,0.0,0.49,0.49
12.466528600023594,310550.6688046,-0.04173249999997353,-0.47654499999999456,0.22252449999998436,-0.022076401334391774,-0.4623852364267539,0.22245714834964753,0.0018075600000009052,0.003527639999999033,0.011157520000001447,0.5135899699304488,1.0,3413.0,0.0,0.49,0.0,0.49,0.0
12.569549900013953,310550.7718259,-0.0017324999999734914,-0.45154499999999453,0.23252449999998437,-0.017213044763975963,-0.4597937996032893,0.22486382148428952,0.0014075600000009042,0.003127639999999034,0.011557520000001452,0.512123388722088,1.0,2598.73,0.0,0.49,0.0,0.0,0.49
12.680963999999221,310550.88324,-0.06673249999997344,-0.3915449999999945,0.23752449999998448,-0.029051028247407275,-0.4434784310553634,0.22789044813927903,0.0018075600000009052,0.0027276399999990337,0.012357520000001447,0.49945083582538913,1.0,196.48,0.0,0.98,0.0,0.0,0.49
12.794833899999503,310550.9971099,-0.0017324999999734914,-0.4265449999999945,0.20252449999998434,-0.022520336731445594,-0.4394303720410639,0.22182653500284652,0.0014075600000009042,0.003127639999999034,0.01075752000000145,0.49276082339205357,1.0,0.0,0.0,0.0,0.0,0.0,0.0
12.904871899983846,310551.1071479,-0.04173249999997353,-0.4015449999999945,0.23752449999998448,-0.027113143141975125,-0.43037360018546783,0.22557924693140008,0.0014075600000009042,0.003127639999999034,0.01195752000000145,0.4866647253641625,1.0,0.0,0.0,0.0,0.0,0.0,0.0
13.016527400002815,310551.2188034,0.038267500000026544,-0.47654499999999456,0.20252449999998434,-0.011483428114567021,-0.4414112068353476,0.2200678431389288,0.0018075600000009052,0.0027276399999990337,0.01195752000000145,0.49336150865761774,1.0,0.0,0.0,0.0,0.0,0.0,0.0
13.126470100018196,310551.3287461,-0.04673249999997342,-0.5015449999999945,0.22252449999998436,-0.019909973374345843,-0.45578662447446744,0.22065512470749687,0.0018075600000009052,0.003127639999999034,0.011557520000001452,0.5067805621265257,1.0,0.0,0.0,0.0,0.0,0.0,0.0
13.236461099993903,310551.4387371,-0.04673249999997342,-0.4015449999999945,0.2475244999999845,-0.026322092119692133,-0.44281977232346637,0.2270784429650726,0.0018075600000009052,0.003127639999999034,0.01195752000000145,0.49834408048416295,1.0,0.0,0.0,0.0,0.0,0.0,0.0
13.346496600017417,310551.5487726,-0.13173249999997338,-0.4265449999999945,0.21252449999998435,-0.05152121156722238,-0.4389291704369211,0.2235992177672503,0.0018075600000009052,0.003527639999999033,0.01075752000000145,0.4952876559010172,1.0,0.0,0.0,0.0,0.0,0.0,0.0
13.45817930001067,310551.6604553,-0.02173249999997351,-0.4365449999999945,0.23252449999998437,-0.04440000488501627,-0.4383592172716547,0.2257328709577495,0.0018075600000009052,0.003127639999999034,0.01195752000000145,0.4950611000994072,1.0,43.01,0.0,0.0,0.0,0.0,0.0
13.568239099986386,310551.7705151,-0.08673249999997346,-0.5215449999999945,0.20252449999998434,-0.054519893635710956,-0.45824537953457356,0.22018474223205922,0.0014075600000009042,0.003127639999999034,0.01195752000000145,0.5113145483737315,1.0,2299.12,0.0,0.49,0.0,0.98,0.0
13.678175800014287,310551.8804518,-0.08673249999997346,-0.45154499999999453,0.22252449999998436,-0.062220549878415535,-0.4566436054058992,0.22074407822798092,0.0018075600000009052,0.003127639999999034,0.01195752000000145,0.5110016900735181,1.0,3691.59,0.0,0.98,0.0,0.49,0.0
13.789885699981824,310551.9921617,-0.06673249999997344,-0.48654499999999445,0.22252449999998436,-0.06329916414754508,-0.46379174977965126,0.22116970091365207,0.0014075600000009042,0.003127639999999034,0.01075752000000145,0.5177118966642381,1.0,4002.93,0.0,0.98,0.0,0.0,0.0
13.899816800025292,310552.1020928,-0.02173249999997351,-0.4365449999999945,0.24252449999998438,-0.053362352821668686,-0.45727821742491137,0.22627471989399472,0.0018075600000009052,0.003127639999999034,0.01195752000000145,0.5129826095425405,1.0,4085.53,0.0,1.47,0.49,0.0,0.0
14.010026599979028,310552.2123026,-0.1517324999999734,-0.3915449999999945,0.22752449999998448,-0.076878447092289,-0.441564216968313,0.2265734888562565,0.0018075600000009052,0.0027276399999990337,0.01075752000000145,0.5022198713578122,1.0,4107.53,0.0,0.0,0.0,0.0,0.0
14.120617199980188,310552.3228932,-0.10673249999997347,-0.46154499999999454,0.21252449999998435,-0.08401527409392665,-0.44634076748543433,0.22321497658573858,0.0014075600000009042,0.003127639999999034,0.012357520000001447,0.5060667671095742,1.0,4135.88,0.0,0.0,0.0,0.0,0.0
14.230786499974784,310552.4330625,-0.0017324999999734914,-0.47654499999999456,0.21252449999998435,-0.06434498256804073,-0.45356130745165674,0.2206593409340731,0.0014075600000009042,0.003127639999999034,0.01195752000000145,0.5084768245853465,1.0,4065.01,0.0,2.93,0.0,0.49,0.0
14.341477699985262,310552.5437537,-0.0017324999999734914,-0.4265449999999945,0.21252449999998435,-0.049377016321945966,-0.4471028640000496,0.21871464844585528,0.0014075600000009042,0.0027276399999990337,0.012357520000001447,0.5001751275130528,1.0,2952.1,0.0,0.0,0.0,0.0,0.0
14.452404999989085,310552.654681,-0.08673249999997346,-0.47154499999999455,0.22252449999998436,-0.05830711453664959,-0.4529459331713113,0.21962542098075422,0.0014075600000009042,0.003127639999999034,0.012757520000001452,0.5067495076692167,1.0,469.7,0.0,0.0,0.0,0.49,0.0
14.56235010002274,310552.7646261,-0.04173249999997353,-0.37654499999999447,0.21752449999998447,-0.05434483320309445,-0.43468173820611056,0.21912318064406594,0.0018075600000009052,0.003127639999999034,0.01195752000000145,0.48981276292204734,1.0,1740.96,0.0,1.96,0.0,0.0,0.0
14.673217499977909,310552.8754935,-0.06673249999997344,-0.4365449999999945,0.21252449999998435,-0.05730619443457065,-0.43512716439741633,0.21754571836979822,0.0018075600000009052,0.003127639999999034,0.01195752000000145,0.4898426162535683,1.0,1691.1,0.0,0.0,0.0,0.98,0.0
14.78320619999431,310552.9854822,-0.02173249999997351,-0.46154499999999454,0.22252449999998436,-0.04880204580946087,-0.44144253883037227,0.2187359320832744,0.0018075600000009052,0.003527639999999033,0.01075752000000145,0.4950743002303112,1.0,1214.56,0.0,2.93,2.44,0.0,0.0
14.894827999989502,310553.097104,-0.06673249999997344,-0.46154499999999454,0.21252449999998435,-0.05308845040632343,-0.4462481773853238,0.21725104437479673,0.0018075600000009052,0.003127639999999034,0.011557520000001452,0.49915311845986493,1.0,1065.49,0.0,2.93,0.0,0.0,0.0
15.00481579999905,310553.2070918,-0.06673249999997344,-0.3915449999999945,0.23752449999998448,-0.05635015902098794,-0.433170987676904,0.2220975603895486,0.0014075600000009042,0.0027276399999990337,0.011557520000001452,0.4900405812967578,1.0,124.63,0.0,0.0,0.0,0.0,0.0
15.114814200031105,310553.3170902,-0.04673249999997342,-0.49654499999999446,0.21252449999998435,-0.054050988157789914,-0.44832100311193157,0.2198090511513619,0.0018075600000009052,0.003127639999999034,0.012357520000001447,0.5022243025981361,1.0,0.0,0.0,0.0,0.0,0.0,0.0
15.225645400001667,310553.4279214,-0.08673249999997346,-0.49654499999999446,0.21252449999998435,-0.061863739642182135,-0.4598492979194023,0.21806762657786355,0.0014075600000009042,0.003127639999999034,0.012357520000001447,0.5126811766008047,1.0,0.0,0.0,0.0,0.0,0.0,0.0
15.335672300017904,310553.5379483,0.038267500000026544,-0.5015449999999945,0.23252449999998437,-0.03792664349661924,-0.46981695669528706,0.2215236466002469,0.0018075600000009052,0.003127639999999034,0.012357520000001447,0.5208062298863292,1.0,0.0,0.0,0.0,0.0,0.0,0.0
15.446543400001246,310553.6488194,-0.08673249999997346,-0.47154499999999455,0.23252449999998437,-0.04959403604825275,-0.47023005792998945,0.22415348007133634,0.0014075600000009042,0.003127639999999034,0.011157520000001447,0.5232787578532953,1.0,0.0,0.0,0.0,0.0,0.0,0.0
15.557445099984761,310553.7597211,-0.04173249999997353,-0.47654499999999456,0.22252449999998436,-0.04771467906723578,-0.47173969044850717,0.2237640606181618,0.0014075600000009042,0.003127639999999034,0.011157520000001447,0.5242951277355827,1.0,0.0,0.0,0.0,0.0,0.0,0.0
15.667446999985259,310553.869723,-0.0017324999999734914,-0.5015449999999945,0.21252449999998435,-0.03672230700384656,-0.4788648649987428,0.22107716246217626,0.0018075600000009052,0.003127639999999034,0.011557520000001452,0.5287108836824493,1.0,0.0,0.0,0.0,0.0,0.0,0.0
15.777380599989556,310553.9796566,0.02326750000002642,-0.4365449999999945,0.22252449999998436,-0.022381310296559664,-0.4687479955685629,0.22142315895559217,0.0014075600000009042,0.0027276399999990337,0.011157520000001447,0.5188967351236754,1.0,0.0,0.0,0.0,0.0,0.0,0.0
15.880001300014555,310554.0822773,-0.08673249999997346,-0.45154499999999453,0.23252449999998437,-0.03776492704310247,-0.46463549521015396,0.22407701472401995,0.0014075600000009042,0.003127639999999034,0.011557520000001452,0.5172261030259248,1.0,0.0,0.0,0.0,0.0,0.0,0.0
15.990832599985879,310554.1931086,-0.02173249999997351,-0.46154499999999454,0.22252449999998436,-0.03393225954643114,-0.4638966900056311,0.2237058748644773,0.0014075600000009042,0.0027276399999990337,0.011557520000001452,0.516135501283324,1.0,0.0,0.0,0.0,0.0,0.0,0.0
16.102396200003568,310554.3046722,-0.02173249999997351,-0.5115449999999945,0.21252449999998435,-0.03101581890053699,-0.475287362702625,0.22103288643322128,0.0018075600000009052,0.003127639999999034,0.012757520000001452,0.5250862739130483,1.0,0.0,0.0,0.0,0.0,0.0,0.0
16.213178600009996,310554.4154546,-0.06673249999997344,-0.46154499999999454,0.22252449999998436,-0.03955414952075661,-0.4720021516290831,0.2213894674311917,0.0014075600000009042,0.0027276399999990337,0.011557520000001452,0.5228420967904756,1.0,0.0,0.0,0.0,0.0,0.0,0.0
16.324119199998677,310554.5263952,-0.11173249999997337,-0.48654499999999445,0.22252449999998436,-0.056808905591117356,-0.4754787245840244,0.22166080516579495,0.0018075600000009052,0.003127639999999034,0.012757520000001452,0.5276748827007588,1.0,0.0,0.0,0.0,0.0,0.0,0.0
16.43479440000374,310554.6370704,-0.0017324999999734914,-0.47654499999999456,0.22252449999998436,-0.04364249298404232,-0.47573362542457054,0.22186727765490316,0.0018075600000009052,0.003127639999999034,0.011157520000001447,0.5267373524323727,1.0,0.0,0.0,0.0,0.0,0.0,0.0
16.547376000031363,310554.749652,-0.0017324999999734914,-0.49654499999999446,0.2525244999999844,-0.033623606419727406,-0.48070873485009347,0.22919610811233385,0.0018075600000009052,0.003527639999999033,0.011557520000001452,0.5336124910866376,1.0,0.0,0.0,0.0,0.0,0.0,0.0
16.649908200022765,310554.8521842,-0.0017324999999734914,-0.4015449999999945,0.23752449999998448,-0.025999807061148038,-0.4617840721861761,0.23118707035413738,0.0014075600000009042,0.003127639999999034,0.01195752000000145,0.5170763781019138,1.0,0.0,0.0,0.0,0.0,0.0,0.0
16.760366400005296,310554.9626424,0.018267500000026526,-0.3915449999999945,0.19752449999998445,-0.01541738753838183,-0.44499291460035684,0.2231397897456741,0.0014075600000009042,0.0027276399999990337,0.011557520000001452,0.4980439294387321,1.0,0.0,0.0,0.0,0.0,0.0,0.0
16.871512499987148,310555.0737885,-0.04173249999997353,-0.5715449999999945,0.20252449999998434,-0.021708205262452963,-0.4752461047781369,0.21821155581513962,0.0010075600000009049,0.0027276399999990337,0.01075752000000145,0.5233988817085612,1.0,0.0,0.0,0.98,0.0,0.0,0.0
16.983208300021943,310555.1854843,-0.0017324999999734914,-0.5015449999999945,0.21252449999998435,-0.016932868622739204,-0.48153304565390254,0.2168520240414496,0.0018075600000009052,0.003127639999999034,0.01075752000000145,0.5283801627875443,1.0,0.0,0.0,0.98,0.0,0.49,0.0
17.094003000005614,310555.296279,-0.02173249999997351,-0.46154499999999454,0.21252449999998435,-0.01808025517413558,-0.4767547589544756,0.2158174981589884,0.0014075600000009042,0.0027276399999990337,0.011557520000001452,0.5236403234325131,1.0,0.0,0.0,0.0,0.98,0.0,0.0
17.20479049999267,310555.4070665,-0.06673249999997344,-0.46154499999999454,0.24252449999998438,-0.02971092574462785,-0.47311875620702953,0.22220199987006242,0.0014075600000009042,0.003127639999999034,0.012357520000001447,0.5235435276361886,1.0,0.0,0.0,0.0,0.0,0.0,0.0
17.315621600020677,310555.5178976,-0.06673249999997344,-0.48654499999999445,0.19252449999998433,-0.0385612004998077,-0.47632839677169597,0.21510737914741498,0.0014075600000009042,0.003127639999999034,0.012757520000001452,0.5240676409765731,1.0,0.0,0.0,0.0,0.98,1.96,0.49
17.42655089998152,310555.6288269,-0.026732499999973403,-0.46154499999999454,0.20252449999998434,-0.03573346419939495,-0.4727943189839178,0.21209935099340138,0.0018075600000009052,0.0027276399999990337,0.012357520000001447,0.5194203338520529,1.0,0.0,0.0,0.0,1.47,0.0,0.0
17.53656019998016,310555.7388362,-0.061732499999973545,-0.4365449999999945,0.23252449999998437,-0.041948721514436155,-0.4641286574298429,0.2169821304067497,0.0014075600000009042,0.003127639999999034,0.01195752000000145,0.5140587036518066,1.0,0.0,0.0,0.49,0.0,0.0,0.0
17.64668140001595,310555.8489574,-0.04173249999997353,-0.4015449999999945,0.20252449999998434,-0.04189703219950382,-0.4491675820412609,0.2135259294217189,0.0018075600000009052,0.003127639999999034,0.012757520000001452,0.49909938950005533,1.0,0.0,0.0,0.0,0.98,0.0,0.0
17.75744690001011,310555.9597229,-0.061732499999973545,-0.4115449999999945,0.23752449999998448,-0.04663884406090331,-0.4401736320334104,0.2192629610747842,0.0014075600000009042,0.003127639999999034,0.011557520000001452,0.4939678675907005,1.0,0.0,0.0,0.0,2.44,0.0,0.49
17.86818809999386,310556.0704641,-0.02173249999997351,-0.48654499999999445,0.20252449999998434,-0.04068480259940488,-0.4512590425145316,0.21526151104272698,0.0018075600000009052,0.003127639999999034,0.011157520000001447,0.5016248545976191,1.0,0.0,0.0,0.0,0.0,0.49,0.49
17.97110279998742,310556.1733788,-0.04173249999997353,-0.45154499999999453,0.24252449999998438,-0.04093526223116895,-0.45132740271707705,0.22177892549017778,0.0018075600000009052,0.003527639999999033,0.011157520000001447,0.5045374237148866,1.0,0.0,0.0,0.0,0.98,0.0,0.0
18.084950399992522,310556.2872264,-0.04673249999997342,-0.5215449999999945,0.20252449999998434,-0.04232113379679037,-0.4681134265721447,0.21717601599027325,0.0018075600000009052,0.003127639999999034,0.012757520000001452,0.5177708763771558,1.0,0.0,0.0,0.0,0.49,0.0,0.0
18.19665170001099,310556.3989277,-0.06673249999997344,-0.48654499999999445,0.21252449999998435,-0.0481568472258671,-0.472519627342583,0.21606403749205408,0.0018075600000009052,0.0027276399999990337,0.011557520000001452,0.5218022120076502,1.0,0.0,0.0,0.0,0.0,0.0,0.0
18.3075753999874,310556.5098514,-0.06673249999997344,-0.4165449999999945,0.20752449999998446,-0.05259749120480114,-0.4591384883374209,0.21402259936828053,0.0014075600000009042,0.0027276399999990337,0.01075752000000145,0.509293943213707,1.0,0.0,0.0,0.0,0.0,0.0,0.0
18.419321299996227,310556.6215973,-0.04673249999997342,-0.5015449999999945,0.20252449999998434,-0.05119542269087392,-0.46927607127848997,0.21127389565649582,0.0018075600000009052,0.003127639999999034,0.012357520000001447,0.5171824256149309,1.0,0.0,0.0,0.0,0.0,0.98,0.0
18.521652800031006,310556.7239288,0.018267500000026526,-0.5365449999999945,0.23252449999998437,-0.034589809248503384,-0.48535719461391813,0.21635400613089942,0.0014075600000009042,0.003127639999999034,0.011557520000001452,0.5325195932885756,1.0,0.0,0.0,0.0,0.0,0.0,0.0
18.632387900026515,310556.8346639,-0.11173249999997337,-0.4365449999999945,0.20252449999998434,-0.053031326721407715,-0.47368828689116893,0.21304796279133587,0.0018075600000009052,0.003127639999999034,0.01195752000000145,0.5220941957168854,1.0,0.0,0.0,0.0,0.0,0.0,0.0
18.743198600015603,310556.9454746,-0.0017324999999734914,-0.47654499999999456,0.23252449999998437,-0.04076797163089586,-0.474371204795617,0.21770396970198563,0.0018075600000009052,0.0027276399999990337,0.01195752000000145,0.523531360927066,1.0,0.0,0.0,0.0,0.0,0.0,0.0
18.855846900027245,310557.0581229,-0.04173249999997353,-0.47654499999999456,0.21252449999998435,-0.04099854910490131,-0.4748908662418737,0.21646578005524952,0.0014075600000009042,0.003127639999999034,0.011157520000001447,0.5235070675774988,1.0,0.0,0.0,0.0,0.0,0.0,0.0
18.96662479999941,310557.1689008,-0.04673249999997342,-0.37654499999999447,0.23752449999998448,-0.042369291486197266,-0.4513805765045019,0.2215000191780329,0.0018075600000009052,0.0027276399999990337,0.011557520000001452,0.5045808559611114,1.0,0.0,0.0,0.0,0.0,0.0,0.0
19.07741139997961,310557.2796874,-0.061732499999973545,-0.46154499999999454,0.24252449999998438,-0.04699820635369546,-0.45381045536493764,0.22652607319118476,0.0014075600000009042,0.003527639999999033,0.01315752000000145,0.5093788596265206,1.0,0.0,0.0,0.0,0.0,0.0,0.0
19.188954000012018,310557.39123,-0.10673249999997347,-0.4365449999999945,0.21752449999998447,-0.06127812074712025,-0.4496830235410201,0.224374182095968,0.0014075600000009042,0.0027276399999990337,0.011157520000001447,0.5062742372810677,1.0,0.0,0.0,0.0,0.0,0.0,0.0
19.291551999980584,310557.493828,-0.04673249999997342,-0.4015449999999945,0.20752449999998446,-0.0578008850356133,-0.43817528128319655,0.22034614387537946,0.0018075600000009052,0.003127639999999034,0.011157520000001447,0.49385315890379605,1.0,0.0,0.0,0.0,0.0,0.0,0.0
19.402333799982443,310557.6046098,0.02326750000002642,-0.48654499999999445,0.22252449999998436,-0.038420901986391004,-0.4497384119464642,0.22086689564256284,0.0014075600000009042,0.003127639999999034,0.011557520000001452,0.5025166569183136,1.0,0.0,0.0,0.0,0.0,0.0,0.0
19.51311679999344,310557.7153928,-0.04173249999997353,-0.37654499999999447,0.21752449999998447,-0.03921256341323271,-0.43224099809994776,0.22006787182003956,0.0018075600000009052,0.003127639999999034,0.01195752000000145,0.48662076997933124,1.0,0.0,0.0,0.0,0.0,0.0,0.0
19.624064399977215,310557.8263404,-0.06673249999997344,-0.36654499999999446,0.21752449999998447,-0.04579140304760115,-0.41653589519183987,0.21945986041412752,0.0018075600000009052,0.003127639999999034,0.011157520000001447,0.4730344965320432,1.0,0.0,0.0,0.0,0.0,0.0,0.0
19.735648799978662,310557.9379248,-0.04673249999997342,-0.49654499999999446,0.20252449999998434,-0.04601637907218374,-0.4356626496508539,0.2154113401726761,0.0014075600000009042,0.003127639999999034,0.012357520000001447,0.4881818277227308,1.0,0.0,0.0,0.0,0.0,0.0,0.0
19.84648740000557,310558.0487634,-0.04173249999997353,-0.49654499999999446,0.21252449999998435,-0.04499228683489724,-0.4502170152922126,0.2147212201759846,0.0014075600000009042,0.003127639999999034,0.011557520000001452,0.5008241898382363,1.0,0.0,0.0,0.0,0.0,0.0,0.0
19.957332500023767,310558.1596085,-0.06673249999997344,-0.3865449999999945,0.22752449999998448,-0.05018944183484489,-0.4349957600947576,0.21778193670382073,0.0014075600000009042,0.0027276399999990337,0.011557520000001452,0.4890493465148238,1.0,0.0,0.0,0.0,0.0,0.0,0.0
20.0691591000068,310558.2714351,-0.06673249999997344,-0.46154499999999454,0.20252449999998434,-0.05414417938983064,-0.44134254767547765,0.2141345362459858,0.0014075600000009042,0.0027276399999990337,0.012357520000001447,0.49352653035451177,1.0,0.0,0.0,0.0,0.0,0.0,0.0
20.171247799997218,310558.3735238,-0.11173249999997337,-0.3915449999999945,0.2475244999999845,-0.06791108342729354,-0.42943808418555574,0.22211664827747823,0.0018075600000009052,0.0027276399999990337,0.012357520000001447,0.48822616566838184,1.0,0.0,0.0,0.0,0.0,0.0,0.0
20.282394799985923,310558.4846708,0.06326750000002646,-0.46154499999999454,0.21252449999998435,-0.036551895475975385,-0.43711347433885755,0.2198235759417985,0.0014075600000009042,0.003127639999999034,0.01315752000000145,0.4906390068587223,1.0,0.0,0.0,0.0,0.0,0.98,0.0
20.39314200001536,310558.595418,-0.02173249999997351,-0.4365449999999945,0.21252449999998435,-0.033009211937893586,-0.43697757644171503,0.21807867911222484,0.0014075600000009042,0.0027276399999990337,0.01195752000000145,0.48948679315071253,1.0,0.0,0.0,0.0,0.0,0.0,0.0
20.50419669999974,310558.7064727,-0.0017324999999734914,-0.47654499999999456,0.20252449999998434,-0.025532288018343136,-0.44643645486298544,0.21436034023810926,0.0018075600000009052,0.0027276399999990337,0.011157520000001447,0.4958908765334164,1.0,0.0,0.0,0.49,0.0,0.0,0.0
20.617350100015756,310558.8196261,-0.06673249999997344,-0.5115449999999945,0.20252449999998434,-0.035381496306843487,-0.46200112289677,0.21153089713168344,0.0018075600000009052,0.003127639999999034,0.010357520000001445,0.5093546979071877,1.0,0.0,0.0,0.98,0.0,0.0,0.0
20.728344200004358,310558.9306202,-0.0017324999999734914,-0.4015449999999945,0.21752449999998447,-0.027337460672436843,-0.4475486500068003,0.21296371119280455,0.0018075600000009052,0.0027276399999990337,0.01195752000000145,0.4963876239028716,1.0,0.0,0.0,0.0,0.0,0.49,0.0
20.839019600010943,310559.0412956,-0.09173249999997335,-0.45154499999999453,0.21252449999998435,-0.0427315599883788,-0.4485040063407499,0.21285871458447023,0.0018075600000009052,0.0027276399999990337,0.011557520000001452,0.4982877304302172,1.0,0.0,0.0,0.0,0.0,0.0,0.0
20.949089300003834,310559.1513653,-0.08673249999997346,-0.44654499999999453,0.21252449999998435,-0.05325030254381106,-0.4480356917238932,0.21277881817381283,0.0014075600000009042,0.003527639999999033,0.012757520000001452,0.4988450673735878,1.0,0.0,0.0,0.0,0.0,0.0,0.0
21.052797299984377,310559.2550733,-0.02173249999997351,-0.48654499999999445,0.22252449999998436,-0.04571574417337137,-0.45724162004354607,0.21510859381337055,0.0014075600000009042,0.003127639999999034,0.012757520000001452,0.5073771136913227,1.0,0.0,0.0,0.0,0.0,0.49,0.0
21.163277000014205,310559.365553,-0.04673249999997342,-0.4265449999999945,0.23752449999998448,-0.045958806998368844,-0.44990337128170244,0.22046727811106012,0.0018075600000009052,0.0027276399999990337,0.011557520000001452,0.5031213334266936,1.0,0.0,0.0,0.0,0.0,0.0,0.0
21.273235400032718,310559.4755114,-0.02173249999997351,-0.4115449999999945,0.19252449999998433,-0.04016733330899227,-0.44073352554086936,0.2137873551558568,0.0014075600000009042,0.0027276399999990337,0.011557520000001452,0.49149210413329764,1.0,0.0,0.0,0.0,0.0,0.0,0.0
21.38578910002252,310559.5880651,-0.0017324999999734914,-0.45154499999999453,0.21252449999998435,-0.030979208768198638,-0.44331808660820565,0.2134854605084715,0.0014075600000009042,0.0027276399999990337,0.012357520000001447,0.49301792983458353,1.0,0.0,0.0,0.0,0.0,0.49,0.0
21.496570700022858,310559.6988467,-0.06673249999997344,-0.4365449999999945,0.22252449999998436,-0.039526291305011084,-0.44169893132837196,0.21564630819341996,0.0014075600000009042,0.0027276399999990337,0.011157520000001447,0.4931162174157385,1.0,0.0,0.0,0.0,0.0,0.0,0.0
21.60828980000224,310559.8105658,-0.0017324999999734914,-0.5015449999999945,0.23252449999998437,-0.030491412485907025,-0.4560055663490246,0.2196811618662659,0.0018075600000009052,0.0027276399999990337,0.011557520000001452,0.5070804824242331,1.0,0.0,0.0,0.0,0.0,0.0,0.0
21.719893599976785,310559.9221696,-0.08673249999997346,-0.47154499999999455,0.21252449999998435,-0.04393625071986548,-0.459720380214108,0.21797031015019216,0.0014075600000009042,0.003127639999999034,0.01195752000000145,0.510670420348089,1.0,0.0,0.0,0.0,0.0,0.0,0.0
21.82223490002798,310560.0245109,-0.06673249999997344,-0.46154499999999454,0.24252449999998438,-0.04938585878150524,-0.46015656875426714,0.22384016660369324,0.0018075600000009052,0.003127639999999034,0.011557520000001452,0.5140889524201591,1.0,0.0,0.0,0.0,0.0,0.0,0.0
21.934127199987415,310560.1364032,-0.02173249999997351,-0.48654499999999445,0.24252449999998438,-0.04277512360768202,-0.46646491386331224,0.22830679147042707,0.0018075600000009052,0.003127639999999034,0.011557520000001452,0.5210980887478679,1.0,0.0,0.0,0.0,0.0,0.0,0.0
22.044065900030546,310560.2463419,-0.02173249999997351,-0.3915449999999945,0.19752449999998445,-0.037744732430538504,-0.44855476726199556,0.22094806233512806,0.0014075600000009042,0.0027276399999990337,0.011557520000001452,0.5014420109138878,1.0,0.0,0.0,0.0,0.0,0.0,0.0
22.154247600003146,310560.3565236,-0.06673249999997344,-0.4365449999999945,0.22252449999998436,-0.04467446766435956,-0.44568374564413105,0.22132492114648394,0.0018075600000009052,0.003127639999999034,0.01195752000000145,0.4996143812111234,1.0,0.0,0.0,0.0,0.0,0.0,0.0
22.265775499981828,310560.4680515,-0.06673249999997344,-0.46154499999999454,0.19252449999998433,-0.049947599632826196,-0.4494754930734267,0.21443997242838317,0.0018075600000009052,0.003127639999999034,0.012357520000001447,0.5005072260794712,1.0,0.0,0.0,0.0,0.0,0.0,0.0
22.375732799991965,310560.5780088,-0.08673249999997346,-0.45154499999999453,0.23252449999998437,-0.0587412957853922,-0.44997022365353506,0.21876320937996108,0.0014075600000009042,0.003127639999999034,0.01075752000000145,0.5037668942909805,1.0,0.0,0.0,0.0,0.0,0.0,0.0
22.48574390000431,310560.6880199,-0.04673249999997342,-0.5265449999999945,0.22252449999998436,-0.05587050640602225,-0.46827597708552904,0.21966237307277675,0.0018075600000009052,0.003127639999999034,0.01075752000000145,0.520245578881201,1.0,0.0,0.0,0.0,0.0,0.0,0.0
22.59568919998128,310560.7979652,-0.06673249999997344,-0.5115449999999945,0.20252449999998434,-0.0584671444374693,-0.47861974957180836,0.2155654407174026,0.0014075600000009042,0.003127639999999034,0.011157520000001447,0.5281701722840286,1.0,0.0,0.0,0.0,0.0,0.0,0.0
22.70659140002681,310560.9088674,-0.0017324999999734914,-0.45154499999999453,0.22252449999998436,-0.04490431785570198,-0.47214733510921586,0.2172290541084388,0.0014075600000009042,0.003127639999999034,0.012357520000001447,0.5216588595640518,1.0,0.0,0.0,0.0,0.0,0.0,0.0
22.81821920000948,310561.0204952,-0.0017324999999734914,-0.45154499999999453,0.20252449999998434,-0.0345837829408852,-0.4672221980781084,0.21371382422883853,0.0014075600000009042,0.003127639999999034,0.01075752000000145,0.5149429279890697,1.0,0.0,0.0,0.0,0.0,0.0,0.0
22.930007599992678,310561.1322836,0.018267500000026526,-0.46154499999999454,0.21252449999998435,-0.021949301976767907,-0.46586502286766657,0.21342950768071572,0.0018075600000009052,0.003127639999999034,0.011557520000001452,0.5128977930714769,1.0,0.0,0.0,0.0,0.0,0.0,0.0
23.03996600001119,310561.242242,-0.02173249999997351,-0.48654499999999445,0.23252449999998437,-0.02189747389812213,-0.4708087207852534,0.2179943035294275,0.0014075600000009042,0.003127639999999034,0.01075752000000145,0.5192897719981068,1.0,0.0,0.0,0.0,0.0,0.0,0.0
23.14987820002716,310561.3521542,0.018267500000026526,-0.4415449999999945,0.21252449999998435,-0.012295746751634948,-0.463813016941811,0.2166867074839829,0.0018075600000009052,0.003127639999999034,0.011157520000001447,0.5120808815735012,1.0,0.0,0.0,0.0,0.0,0.49,0.0
23.25234800000908,310561.454624,-0.08673249999997346,-0.5465449999999945,0.21252449999998435,-0.03009039031777663,-0.48359069511550684,0.21569170171876656,0.0014075600000009042,0.0027276399999990337,0.011157520000001447,0.5303661963041315,1.0,0.0,0.0,0.0,0.0,0.0,0.0
23.364072900032625,310561.5663489,-0.04173249999997353,-0.45154499999999453,0.18252449999998432,-0.03287352073537373,-0.47592994021251783,0.20776284256093885,0.0014075600000009042,0.003127639999999034,0.01195752000000145,0.5203415946330173,1.0,0.0,0.0,0.0,0.0,0.0,0.0
23.474191699991934,310561.6764677,-0.02173249999997351,-0.4365449999999945,0.21252449999998435,-0.030210179250179842,-0.46651468575323907,0.20890115116810226,0.0014075600000009042,0.003127639999999034,0.012757520000001452,0.5120432578534061,1.0,0.0,0.0,0.0,0.0,0.0,0.0
23.58495639998,310561.7872324,-0.0017324999999734914,-0.45154499999999453,0.20252449999998434,-0.023402384313749806,-0.46293607423874394,0.20737676664391813,0.0014075600000009042,0.0027276399999990337,0.012357520000001447,0.5078017366717392,1.0,0.0,0.0,0.0,0.0,0.0,0.0
23.69585379998898,310561.8981298,-0.026732499999973403,-0.5365449999999945,0.22252449999998436,-0.02419847252400082,-0.48053281966419376,0.21099794172401432,0.0018075600000009052,0.0027276399999990337,0.012357520000001447,0.5253736653646488,1.0,0.0,0.0,0.0,0.0,0.0,0.0
23.80660369998077,310562.0088797,0.038267500000026544,-0.4265449999999945,0.21252449999998435,-0.009265530562265303,-0.46762664138647575,0.21136287650714763,0.0018075600000009052,0.0027276399999990337,0.01075752000000145,0.5132589905265874,1.0,288.86,0.0,0.98,0.0,0.0,0.0
23.91760390001582,310562.1198799,-0.026732499999973403,-0.5115449999999945,0.20252449999998434,-0.013441135780936544,-0.4781256422621621,0.20924999875811925,0.0018075600000009052,0.0027276399999990337,0.01195752000000145,0.5220827098266706,1.0,0.0,0.0,0.0,0.0,0.0,0.0
24.028178500011563,310562.2304545,-0.02173249999997351,-0.4365449999999945,0.22252449999998436,-0.015423246291084523,-0.46818548936701904,0.21242336416981616,0.0014075600000009042,0.003127639999999034,0.01195752000000145,0.5143532002672997,1.0,0.0,0.0,0.0,0.0,0.0,0.0
24.138231499993708,310562.3405075,-0.07173249999997333,-0.5365449999999945,0.20252449999998434,-0.02888438014632133,-0.48452732418632344,0.21005696918447683,0.0018075600000009052,0.0027276399999990337,0.012357520000001447,0.5288903152852811,1.0,0.0,0.0,0.0,0.0,0.98,0.0
24.248999500006903,310562.4512755,0.02326750000002642,-0.3915449999999945,0.23752449999998448,-0.016417096472458065,-0.46229922792147066,0.21662328084067312,0.0014075600000009042,0.003127639999999034,0.011557520000001452,0.5107991219604346,1.0,345.55,0.0,0.98,0.0,0.0,0.0
24.359906700032298,310562.5621827,-0.08673249999997346,-0.5015449999999945,0.22252449999998436,-0.03322650161681109,-0.4716812132330204,0.21803400990881627,0.0018075600000009052,0.003127639999999034,0.011557520000001452,0.5206976059130518,1.0,662.76,0.0,0.49,0.0,0.0,0.0
24.4621428999817,310562.6644189,-0.0017324999999734914,-0.4015449999999945,0.21252449999998435,-0.025697633029899362,-0.454914644822966,0.21671692176655535,0.0018075600000009052,0.003127639999999034,0.01195752000000145,0.5045531950128905,1.0,2052.3,0.0,0.0,0.0,0.49,0.49
24.573114300030284,310562.7753903,-0.0017324999999734914,-0.5015449999999945,0.20252449999998434,-0.01996859486430448,-0.4660619680675667,0.21332412082272698,0.0014075600000009042,0.003127639999999034,0.011557520000001452,0.5129519308713613,1.0,2990.71,0.0,1.47,0.49,0.0,0.0
24.69233599997824,310562.894612,-0.04173249999997353,-0.5215449999999945,0.19252449999998433,-0.02517141360096392,-0.47932558763883604,0.20835182121668705,0.0014075600000009042,0.003127639999999034,0.01195752000000145,0.523256247389648,1.0,3513.2,0.0,1.47,1.96,0.0,0.0
24.803170100029092,310563.0054461,0.038267500000026544,-0.4265449999999945,0.20252449999998434,-0.01000588304663281,-0.466708006897354,0.20695875798553445,0.0018075600000009052,0.0027276399999990337,0.012357520000001447,0.5106352993130797,1.0,3824.05,0.0,1.96,0.0,0.49,0.0
24.914021699980367,310563.1162977,-0.04673249999997342,-0.45154499999999453,0.21252449999998435,-0.01878564612811165,-0.46308318056688147,0.2082892888188422,0.0018075600000009052,0.003127639999999034,0.01195752000000145,0.5081174671875084,1.0,3874.88,0.0,0.49,0.0,0.0,0.0
25.017570800031535,310563.2198468,-0.02173249999997351,-0.4365449999999945,0.21252449999998435,-0.019490112833105352,-0.45673903680088235,0.209301746645211,0.0014075600000009042,0.003527639999999033,0.011157520000001447,0.5027898501210829,1.0,2771.75,0.0,0.0,0.0,0.49,0.0
25.127362500003073,310563.3296385,-0.11173249999997337,-0.4115449999999945,0.21252449999998435,-0.041541321808439,-0.4459350758395028,0.21007216911458515,0.0014075600000009042,0.0027276399999990337,0.013557520000001447,0.49468584932063936,1.0,62.56,0.0,0.0,0.0,0.0,0.0
25.237256599997636,310563.4395326,-0.02173249999997351,-0.48654499999999445,0.24252449999998438,-0.03680587986390839,-0.45564317156035056,0.21783013323574407,0.0014075600000009042,0.003127639999999034,0.011557520000001452,0.5063747026932067,1.0,0.0,0.0,0.0,0.0,0.0,0.0
25.348222100001294,310563.5504981,-0.04173249999997353,-0.49654499999999446,0.24252449999998438,-0.03798362399542063,-0.4654210491077325,0.22373349999322742,0.0014075600000009042,0.003127639999999034,0.012357520000001447,0.5177993700880558,1.0,0.0,0.0,0.0,0.0,0.0,0.0
25.45916520000901,310563.6614412,-0.02173249999997351,-0.46154499999999454,0.22252449999998436,-0.034098675412516,-0.46449445156945796,0.2234444798114974,0.0014075600000009042,0.003127639999999034,0.012357520000001447,0.5165706638611317,1.0,0.0,0.0,0.0,0.0,0.0,0.0
25.570001900021452,310563.7722779,-0.0017324999999734914,-0.47654499999999456,0.21252449999998435,-0.026361307379497066,-0.46737522222024813,0.22083397975587232,0.0014075600000009042,0.0027276399999990337,0.012757520000001452,0.5175926617399049,1.0,219.45,0.0,0.0,0.0,0.0,0.0
25.679824899998493,310563.8821009,0.018267500000026526,-0.46154499999999454,0.23252449999998437,-0.01569246859429196,-0.46598146548324093,0.22362868306799427,0.0014075600000009042,0.003127639999999034,0.012357520000001447,0.5171022796654615,1.0,2331.38,0.0,1.47,0.49,0.0,0.0
25.790751599997748,310563.9930276,-0.04673249999997342,-0.47654499999999456,0.21252449999998435,-0.02311281232292274,-0.4685067547163317,0.220974147893291,0.0018075600000009052,0.0027276399999990337,0.01195752000000145,0.5185193876273767,1.0,4089.44,0.0,0.98,0.0,0.0,0.49
25.900771000015084,310564.103047,-0.0017324999999734914,-0.47654499999999456,0.21252449999998435,-0.01800169421906911,-0.4704283553165458,0.21895419852742923,0.0018075600000009052,0.003127639999999034,0.011157520000001447,0.5191992291340348,1.0,4193.55,0.0,0.0,0.49,0.0,0.0
26.012400900013745,310564.2146769,-0.08673249999997346,-0.4015449999999945,0.21752449999998447,-0.03443228982557754,-0.4539612916415825,0.218612418766858,0.0018075600000009052,0.003127639999999034,0.011157520000001447,0.5050325004696457,1.0,3883.19,0.0,0.49,0.0,0.49,0.49
26.12235130002955,310564.3246273,-0.08673249999997346,-0.4265449999999945,0.23752449999998448,-0.04693503286412409,-0.44740722908004354,0.223133488399149,0.0014075600000009042,0.003127639999999034,0.011557520000001452,0.5021600139280428,1.0,851.91,0.0,4.4,0.49,0.0,0.0
26.232590899977367,310564.4348669,-0.04673249999997342,-0.47654499999999456,0.23252449999998437,-0.04688661591993031,-0.45437282369837123,0.22537847755934046,0.0018075600000009052,0.0027276399999990337,0.01195752000000145,0.5093608502967423,1.0,0.0,0.0,0.0,0.0,0.0,0.0
26.343356799974572,310564.5456328,-0.04673249999997342,-0.37654499999999447,0.21752449999998447,-0.04684977339599121,-0.43576752024537513,0.22350092748970019,0.0018075600000009052,0.003127639999999034,0.012757520000001452,0.49197652134712216,1.0,1.47,0.0,0.0,0.0,0.0,0.0
26.45328780001728,310564.6555638,-0.0017324999999734914,-0.45154499999999453,0.22252449999998436,-0.03606416328105485,-0.43953924075108824,0.22326750544495155,0.0018075600000009052,0.003127639999999034,0.011557520000001452,0.49431138669953495,1.0,0.0,0.0,0.49,0.0,0.98,1.47
26.563263399992138,310564.7655394,-0.02173249999997351,-0.3865449999999945,0.20252449999998434,-0.032638075647356296,-0.42687058468977535,0.2183087401539363,0.0018075600000009052,0.003127639999999034,0.013957520000001451,0.48056471581146293,1.0,0.0,0.0,0.49,0.0,0.98,0.0
26.67407310003182,310564.8763491,-0.06673249999997344,-0.4365449999999945,0.23252449999998437,-0.04078859407369759,-0.42918332355389305,0.22170712023424885,0.0014075600000009042,0.003127639999999034,0.013557520000001447,0.4847845725534572,1.0,0.0,0.0,0.98,0.49,0.0,0.0
26.784130099986214,310564.9864061,-0.0017324999999734914,-0.5015449999999945,0.20252449999998434,-0.03145195265935525,-0.44648190502091295,0.21712137629946737,0.0014075600000009042,0.003127639999999034,0.011557520000001452,0.497470611075031,1.0,0.0,0.0,0.0,0.0,0.0,0.0
26.89592520002043,310565.0982012,-0.08673249999997346,-0.37654499999999447,0.2475244999999845,-0.04466716682628265,-0.42976298267868773,0.22438946264040532,0.0014075600000009042,0.0027276399999990337,0.012357520000001447,0.48686960062959245,1.0,0.0,0.0,0.0,0.0,0.0,0.0
27.006570899975486,310565.2088469,-0.06673249999997344,-0.48654499999999445,0.24252449999998438,-0.04994204411282998,-0.4433371340905333,0.22872477432166238,0.0018075600000009052,0.0027276399999990337,0.012357520000001447,0.5013552080334568,1.0,0.0,0.0,1.96,0.0,0.0,0.0
27.117518900020514,310565.3197949,-0.06673249999997344,-0.4415449999999945,0.18252449999998432,-0.053955923880368226,-0.44290871149051103,0.21768026501226984,0.0018075600000009052,0.003127639999999034,0.010357520000001445,0.4964514741762591,1.0,0.0,0.0,0.0,0.0,0.0,0.0
27.227435100008734,310565.4297111,-0.02173249999997351,-0.48654499999999445,0.21252449999998435,-0.04625268163229072,-0.4533402814702631,0.21644774214284374,0.0014075600000009042,0.0027276399999990337,0.013557520000001447,0.5044862202681559,1.0,0.0,0.0,0.0,0.0,0.0,0.49
27.339211900020018,310565.5414879,-0.04173249999997353,-0.47654499999999456,0.21252449999998435,-0.045172099561052934,-0.4588875370566482,0.21550986276861933,0.0014075600000009042,0.003527639999999033,0.011157520000001447,0.5089821128440758,1.0,0.0,0.0,0.0,0.0,0.0,0.0
27.4424514999846,310565.6447275,-0.0017324999999734914,-0.4015449999999945,0.21752449999998447,-0.03478754949522121,-0.44517938935309154,0.21599147635173221,0.0018075600000009052,0.0027276399999990337,0.01195752000000145,0.49603143061833777,1.0,0.0,0.0,0.0,0.0,0.0,0.98
27.55240079999203,310565.7546768,-0.04673249999997342,-0.49654499999999446,0.22252449999998436,-0.03764307619905436,-0.45745870962340773,0.21755324284686633,0.0018075600000009052,0.003127639999999034,0.013957520000001451,0.5079516568229979,1.0,0.0,0.0,0.98,0.49,0.98,0.0
27.665012300014496,310565.8672883,-0.04173249999997353,-0.37654499999999447,0.20752449999998446,-0.03862068249906957,-0.4381157028487931,0.21515579942558521,0.0014075600000009042,0.003127639999999034,0.012757520000001452,0.4896212252607607,1.0,0.0,0.0,1.96,0.0,0.0,0.0
27.776559600024484,310565.9788356,0.018267500000026526,-0.48654499999999445,0.21252449999998435,-0.02502115153457751,-0.4496930761671763,0.21452676829041267,0.0018075600000009052,0.003127639999999034,0.011557520000001452,0.4988703790464438,1.0,0.0,0.0,2.93,0.0,0.0,0.0
27.8882322999998,310566.0905083,-0.06673249999997344,-0.36654499999999446,0.20752449999998446,-0.034992550691773,-0.4298159279300798,0.21285282547392576,0.0018075600000009052,0.003127639999999034,0.01195752000000145,0.4809080325993166,1.0,0.0,0.0,0.0,0.0,0.98,0.0
27.999140100029763,310566.2014161,-0.06673249999997344,-0.4365449999999945,0.22252449999998436,-0.042580214850935376,-0.43142456121658984,0.21516490913379155,0.0018075600000009052,0.0027276399999990337,0.011157520000001447,0.48397950869869655,1.0,0.0,0.0,0.0,0.0,0.0,0.0
28.101433200004976,310566.3037092,0.08826750000002681,-0.45154499999999453,0.19252449999998433,-0.011300123422861331,-0.4362344974499794,0.20975255578485352,0.0014075600000009042,0.003527639999999033,0.012757520000001452,0.4841738987317326,1.0,18.57,0.0,0.98,0.0,0.0,0.0
28.21242210001219,310566.4146981,-0.026732499999973403,-0.46154499999999454,0.20252449999998434,-0.014989344521100359,-0.44228515591777723,0.20802463683681952,0.0018075600000009052,0.0027276399999990337,0.012357520000001447,0.48899395612366764,1.0,2091.4,0.0,0.0,0.0,0.0,0.0
28.322341900027823,310566.5246179,0.04326750000002644,-0.4265449999999945,0.19252449999998433,-0.0010626250135602512,-0.4385223579448727,0.20431921715901993,0.0014075600000009042,0.003127639999999034,0.01075752000000145,0.48378645091602684,1.0,3206.74,0.0,0.49,0.0,0.49,0.0
28.434047000017017,310566.636323,-0.026732499999973403,-0.5115449999999945,0.21252449999998435,-0.007199194058245632,-0.4559789480152872,0.20628074929392132,0.0018075600000009052,0.0027276399999990337,0.011157520000001447,0.5005201064467619,1.0,2920.33,0.0,4.4,0.98,0.0,0.0
28.544973900017794,310566.7472499,-0.06673249999997344,-0.46154499999999454,0.22252449999998436,-0.02143106088904077,-0.4573095529492241,0.2101639352387369,0.0018075600000009052,0.003127639999999034,0.01315752000000145,0.5037461635233373,1.0,2967.25,0.0,0.0,0.0,1.47,0.0
28.655780000030063,310566.858056,-0.04173249999997353,-0.5015449999999945,0.19252449999998433,-0.02628426655820179,-0.46788435610635887,0.20594710082450016,0.0014075600000009042,0.003127639999999034,0.011557520000001452,0.511879714088751,1.0,2298.63,0.0,1.47,0.0,0.49,0.0
28.77083130000392,310566.9731073,-0.06673249999997344,-0.5865449999999945,0.20252449999998434,-0.03595370894474871,-0.49625104018742794,0.20512890337386375,0.0014075600000009042,0.003127639999999034,0.011157520000001447,0.5381780663250332,1.0,41.06,0.0,0.0,0.0,0.0,0.0
28.881634599994868,310567.0839106,-0.11173249999997337,-0.48654499999999445,0.21252449999998435,-0.05406917634298517,-0.4939307411679663,0.2068968741702487,0.0018075600000009052,0.003127639999999034,0.01195752000000145,0.5382354219508086,1.0,0.0,0.0,0.0,0.0,0.0,0.49
28.991526200028602,310567.1938022,-0.11173249999997337,-0.46154499999999454,0.21252449999998435,-0.06785401040058929,-0.4861886957997766,0.20824219877662511,0.0018075600000009052,0.003127639999999034,0.012357520000001447,0.5332433103211465,1.0,1.47,0.0,0.49,0.0,0.0,0.0
29.101688600028865,310567.3039646,-0.02173249999997351,-0.4365449999999945,0.21252449999998435,-0.0568283301754866,-0.4743210117121071,0.20926591381774604,0.0018075600000009052,0.003527639999999033,0.012757520000001452,0.5215382094804821,1.0,1582.11,0.0,0.0,0.0,0.0,0.98
29.214248700009193,310567.4165247,-0.06673249999997344,-0.46154499999999454,0.22252449999998436,-0.05919599351589718,-0.4712668138233918,0.21243547461947498,0.0018075600000009052,0.003127639999999034,0.011557520000001452,0.5203127966294767,1.0,1612.9,0.0,0.49,0.0,0.0,0.0
29.3249776000157,310567.5272536,-0.0017324999999734914,-0.4015449999999945,0.19252449999998433,-0.04545893029700968,-0.45459931058566916,0.20767561230755666,0.0018075600000009052,0.003127639999999034,0.010357520000001445,0.5018527747019366,1.0,941.35,0.0,2.93,0.98,0.0,0.0
29.435017000010703,310567.637293,-0.06673249999997344,-0.4365449999999945,0.17252449999998432,-0.05054453080648865,-0.4502832972228527,0.19927248499248093,0.0014075600000009042,0.003127639999999034,0.011157520000001447,0.49499426322676765,1.0,49.85,0.0,0.0,0.0,0.49,0.0
29.545817799982615,310567.7480938,-0.06673249999997344,-0.46154499999999454,0.19252449999998433,-0.05441438177777847,-0.452975488621885,0.19765933043520809,0.0014075600000009042,0.0027276399999990337,0.01075752000000145,0.497209140246424,1.0,0.0,0.0,0.0,0.0,0.0,0.0
29.65749880002113,310567.8597748,-0.0017324999999734914,-0.35654499999999456,0.20752449999998446,-0.0418203973853899,-0.4299230837405138,0.20001767048181218,0.0018075600000009052,0.0027276399999990337,0.011557520000001452,0.4760145712847408,1.0,0.0,0.0,0.0,0.0,0.0,0.0
29.768244799983222,310567.9705208,0.018267500000026526,-0.4365449999999945,0.22252449999998436,-0.02745595146382832,-0.43150610065648776,0.2053980906587055,0.0018075600000009052,0.003127639999999034,0.012757520000001452,0.4786854079881617,1.0,0.0,0.0,0.49,0.0,0.0,0.0
29.871643599995878,310568.0739196,-0.02173249999997351,-0.4365449999999945,0.20252449999998434,-0.026087719047408656,-0.4327106859436002,0.204711138054038,0.0014075600000009042,0.003127639999999034,0.01195752000000145,0.4794014568795728,1.0,0.0,0.0,0.0,0.0,0.0,0.0
29.983276200015098,310568.1855522,-0.06673249999997344,-0.5865449999999945,0.20252449999998434,-0.035804147536193376,-0.46948588995797647,0.20418840643179445,0.0018075600000009052,0.0027276399999990337,0.01195752000000145,0.5132171501144349,1.0,862.66,0.0,0.49,1.47,0.0,0.49
30.095768900006078,310568.2980449,-0.06673249999997344,-0.3865449999999945,0.22752449999998448,-0.043197793607037425,-0.4496582710808217,0.2097670681701252,0.0014075600000009042,0.0027276399999990337,0.012357520000001447,0.4980570579889415,1.0,2611.93,0.0,0.0,0.49,0.0,0.0
30.20732990000397,310568.4096059,-0.061732499999973545,-0.46154499999999454,0.19252449999998433,-0.047628649057772005,-0.452499879494052,0.20564510769545327,0.0014075600000009042,0.003127639999999034,0.01315752000000145,0.49931406897089786,1.0,3728.74,0.0,0.0,0.0,0.0,0.0
30.319233799993526,310568.5215098,-0.04673249999997342,-0.5215449999999945,0.21252449999998435,-0.04741441815207334,-0.469005614306068,0.2072896761199032,0.0018075600000009052,0.003127639999999034,0.012757520000001452,0.5149596131010725,1.0,4071.85,0.0,0.0,0.0,0.0,0.0
30.429251800000202,310568.6315278,-0.04673249999997342,-0.47654499999999456,0.19252449999998433,-0.0472514006919026,-0.4708079589177882,0.20375995411055256,0.0018075600000009052,0.003127639999999034,0.01195752000000145,0.5151805003557637,1.0,4110.46,0.49,0.0,0.0,0.0,0.0
30.531393599987496,310568.7336696,-0.09173249999997335,-0.45154499999999453,0.21252449999998435,-0.0578849287956413,-0.4662030094403737,0.2058551821170886,0.0018075600000009052,0.0027276399999990337,0.01075752000000145,0.5129057096556806,1.0,3406.65,0.0,0.0,0.0,0.49,0.49
30.642274599988014,310568.8445506,-0.08673249999997346,-0.49654499999999446,0.20252449999998434,-0.06478114907566057,-0.4734564814623783,0.20505895849744388,0.0014075600000009042,0.003127639999999034,0.012357520000001447,0.5200065514725317,1.0,0.0,0.0,0.0,0.0,0.0,0.0
30.753281800018158,310568.9555578,-0.0017324999999734914,-0.49654499999999446,0.22252449999998436,-0.04970891407522223,-0.47897595860126474,0.20923422235789846,0.0014075600000009042,0.003127639999999034,0.012357520000001447,0.5250408601835221,1.0,0.0,0.0,1.47,0.0,0.0,0.0
30.863301999983378,310569.065578,0.08326750000002647,-0.5265449999999945,0.22252449999998436,-0.017919941720688032,-0.49034768156786696,0.2124113592320307,0.0018075600000009052,0.003127639999999034,0.012357520000001447,0.5346779953028308,1.0,0.0,0.0,0.98,0.0,0.0,0.0
30.97418409999227,310569.1764601,-0.06673249999997344,-0.5365449999999945,0.2525244999999844,-0.029588936380268913,-0.5013914842505103,0.22200069529432243,0.0018075600000009052,0.0027276399999990337,0.011557520000001452,0.5491386294427009,1.0,0.0,0.0,0.0,0.0,0.0,0.0
31.085825000016484,310569.288101,-0.061732499999973545,-0.5115449999999945,0.21252449999998435,-0.037273087456149025,-0.5038187555354694,0.2197353423568653,0.0014075600000009042,0.003527639999999033,0.011157520000001447,0.5509140061375383,1.0,0.0,0.0,0.0,0.0,0.0,0.0
31.196798300021328,310569.3990743,0.2732675000000264,-0.23154499999999448,1.7725244999999847,0.0369638831995564,-0.4387297474751035,0.5909408072358087,0.004607560000000906,-0.011272360000000967,0.012757520000001452,0.7369268332997976,1.0,235.09,0.0,0.0,0.0,0.0,0.0
31.30740520003019,310569.5096812,-0.10673249999997347,0.013455000000005518,6.562524499999984,0.002612224788979243,-0.33063171718460377,2.0184910253868735,-0.002592439999999095,-0.08687236000000097,0.013957520000001451,2.0453924258425666,1.0,936.46,0.0,0.98,0.0,0.0,0.0
31.418309499975294,310569.6205855,-0.7717324999999735,-0.6615449999999945,9.777524499999984,-0.18250047523665028,-0.4097389278303495,3.873344025730275,-0.0009924399999990952,-0.11727236000000096,0.03675752000000145,3.8992289435350656,1.0,2203.32,0.0,0.49,0.0,0.0,0.0
31.52909650001675,310569.7313725,0.8382675000000268,-0.17654499999999448,15.467524499999985,0.061521482874133504,-0.3539922348803536,6.645016619950445,-0.004592439999999096,-0.16687236000000097,0.03595752000000145,6.654723230505402,1.0,2824.54,0.0,0.98,0.98,0.0,0.49
31.633530599996448,310569.8358066,1.3932675000000265,-1.5465449999999945,20.982524499999982,0.37988498828284156,-0.6390805879191042,10.072501447251451,0.038207560000000904,-0.22127236000000097,0.06195752000000145,10.09990207908276,1.0,3397.36,0.0,0.98,0.0,0.0,0.0
31.745076399995014,310569.9473524,0.018267500000026526,-1.5065449999999945,26.682524499999985,0.29343771552488124,-0.8464542218522397,14.043247442351044,0.03300756000000091,-0.342472360000001,0.06275752000000145,14.071794099178792,1.0,3678.4,0.0,1.47,0.0,0.0,0.0
31.856616400007624,310570.0588924,-0.14173249999997317,-0.7265449999999946,29.502524499999986,0.18940713200344472,-0.8177890561909239,17.73889929478101,0.005007560000000905,-0.376072360000001,0.05675752000000145,17.758750017736656,1.0,3793.26,0.0,0.49,0.49,0.0,0.0
31.966683099977672,310570.1689591,0.28826750000002654,-0.16154499999999447,32.58752449999999,0.21304041710183852,-0.6609091741069038,21.288570410776344,0.045007560000000904,-0.39807236000000096,0.08915752000000146,21.29989242438374,1.0,3886.61,0.0,0.98,0.49,0.0,0.0
32.07754159998149,310570.2798176,2.4732675000000266,0.6834550000000056,36.64752449999998,0.7533640282691643,-0.3395292071232301,24.960239332910174,0.007007560000000905,-0.364872360000001,0.08555752000000146,24.973914090461186,1.0,4041.54,0.0,1.47,0.0,0.49,0.0
32.18739129998721,310570.3896673,2.608267500000027,1.4934550000000058,40.362524499999985,1.196792102286971,0.09865890835388935,28.642266862214747,-0.006992439999999095,-0.43887236000000096,0.07515752000000145,28.66742918230756,1.0,4129.03,0.0,0.0,0.0,0.0,0.0
32.29838729999028,310570.5006633,2.1982675000000267,1.7684550000000057,44.78752449999998,1.4362020303786638,0.4978357260187882,32.50190732758294,-0.008192439999999095,-0.49967236000000104,0.07875752000000145,32.53743223754687,1.0,4175.46,0.0,0.0,0.0,0.98,0.0
32.41001390002202,310570.6122899,2.0882675000000264,1.9834550000000057,48.31252449999999,1.5920829911587462,0.8529837449992644,36.28154957239243,-0.0013924399999990953,-0.550072360000001,0.07995752000000145,36.32647999591949,1.0,4224.83,0.0,0.0,1.47,0.0,0.49
32.52243349998025,310570.7247095,1.6532675000000268,2.0834550000000056,51.847524499999984,1.6067095899703263,1.1471367869525009,40.00270832137987,0.036607560000000906,-0.616072360000001,0.08715752000000146,40.05139337850653,1.0,4262.46,0.0,0.49,0.0,0.0,0.0
32.63330240000505,310570.8355784,1.8982675000000266,2.6784550000000054,58.24252449999999,1.676408614463761,1.5132094674281178,44.3630681362101,0.11780756000000092,-0.716472360000001,0.10875752000000145,44.42051286503773,1.0,4316.72,0.0,0.0,0.0,0.49,0.0
32.74412280000979,310570.9463988,2.0932675000000267,3.0434550000000056,62.597524499999984,1.7760617422775062,1.8790257158874124,48.72214664858796,0.15860756000000092,-0.750072360000001,0.09875752000000146,48.79070307958125,1.0,4382.21,0.0,1.96,0.0,0.0,0.0
32.854142000025604,310571.056418,2.818267500000027,3.3934550000000057,63.53752449999999,2.0252085571497256,2.241060975902091,52.263869744489796,0.1250075600000009,-0.700472360000001,0.06955752000000145,52.35108312792258,1.0,4421.8,0.0,2.44,0.49,0.0,0.0
32.9650470999768,310571.1673231,2.1332675000000267,3.9184550000000056,63.20252449999998,2.0510408280138246,2.6420541342040984,54.87883418037791,0.10380756000000091,-0.708872360000001,0.04995752000000145,54.98066623390134,1.0,4441.35,0.0,0.0,0.0,0.0,0.0
33.075852199981455,310571.2781282,3.2032675000000266,4.043455000000006,66.54752449999998,2.326488937189029,2.9770691343468827,57.668318891359675,0.1218075600000009,-0.757672360000001,0.05755752000000145,57.79195874134303,1.0,4446.24,0.0,0.0,0.49,0.49,0.0
33.18582990003051,310571.3881059,3.3932675000000265,3.7334550000000055,67.49752449999998,2.581510058622026,3.1578886393682852,60.01806149445983,0.1522075600000009,-0.804872360000001,0.05795752000000145,60.156497241729255,1.0,4461.88,0.0,1.96,0.0,0.0,0.49
33.29664110002341,310571.4989171,3.2482675000000265,3.0784550000000053,65.76252449999998,2.740903241379617,3.1388994540796116,61.391316871698564,0.15940756000000092,-0.800072360000001,0.05915752000000145,61.53258508792498,1.0,4461.88,0.0,0.0,0.0,0.0,0.0
33.40746509999735,310571.6097411,3.3632675000000267,3.2434550000000053,62.36752449999999,2.8896839131199363,3.1638942126004403,61.62468635698787,0.15260756000000092,-0.759272360000001,0.041157520000001446,61.773477061789215,1.0,4442.33,0.0,0.0,0.0,0.49,0.49
33.51751029997831,310571.7197863,2.9982675000000265,3.3084550000000053,60.37252449999998,2.915641603929181,3.198452513079155,61.325348019945146,0.1462075600000009,-0.762472360000001,0.02435752000000145,61.47787711208297,1.0,4424.24,0.0,0.98,0.0,0.0,0.0
33.628412700025365,310571.8306887,2.7632675000000266,3.8834550000000054,53.77252449999998,2.8792154736937103,3.36220730576887,59.51979099884555,0.1158075600000009,-0.669272360000001,0.014757520000001446,59.68416741697231,1.0,4395.41,0.0,0.98,0.0,0.49,0.0
33.739960899984,310571.9422369,1.6832675000000266,4.978455000000006,43.832524499999984,2.5933154715196696,3.7485829922189415,55.769636623590564,0.035807560000000904,-0.560472360000001,-0.030442479999998558,55.95560319317191,1.0,4329.42,0.0,0.98,0.49,0.49,0.98
33.85160970001016,310572.0538857,1.6182675000000266,4.798455000000006,40.042524499999985,2.3602232105609504,3.9995624795456615,52.00995686391101,0.007407560000000904,-0.49247236000000094,-0.03244247999999856,52.21688200780801,1.0,4245.36,0.0,0.0,0.0,0.0,0.0
33.962562300032005,310572.1648383,1.4782675000000267,3.6684550000000056,34.63252449999998,2.149385327046664,3.920408844768744,47.85575612951192,0.022607560000000904,-0.414872360000001,-0.00884247999999855,48.06415356085637,1.0,4219.45,0.0,0.98,0.0,0.0,0.0
34.0724342999747,310572.2747103,1.3882675000000266,2.4784550000000056,23.682524499999985,1.9674346124722948,3.575699362063572,42.07697049046272,-0.018592439999999096,-0.268872360000001,0.015557520000001449,42.27443518886428,1.0,4098.24,0.0,0.98,0.0,0.0,0.0
34.17575350002153,310572.3780295,-0.39173249999997317,0.7334550000000055,12.727524499999983,1.40345867253103,2.896240316045524,35.060773417470855,-0.0669924399999991,-0.14527236000000096,0.008757520000001448,35.20817713039147,1.0,3629.03,0.0,0.0,0.0,0.49,0.0
34.28634980000788,310572.4886258,-0.5367324999999732,0.43845500000000553,7.242524499999985,0.9396419575518026,2.3086889821605645,28.41062006554923,-0.0561924399999991,-0.09327236000000097,0.00955752000000145,28.5197528799555,1.0,2438.42,0.0,0.0,0.49,0.49,0.0
34.398416900017764,310572.6006929,-0.3767324999999735,0.018455000000005523,3.702524499999985,0.6249531344974492,1.7611920049664107,22.50397133894147,0.0026075600000009056,-0.05447236000000097,0.02635752000000145,22.58143241077888,1.0,1755.13,0.0,0.49,0.0,0.98,0.0
34.508230299979914,310572.7105063,-0.18673249999997354,-0.46154499999999454,1.5825244999999843,0.4309138202698154,1.2298306677424051,17.502548343705506,0.007807560000000905,-0.018072360000000967,0.02115752000000145,17.550993382585716,1.0,1000.49,0.0,0.98,0.0,0.98,0.0
34.62748969998211,310572.8297657,-0.08673249999997346,-0.49654499999999446,0.2725244999999844,0.3071667281338305,0.8171280937028591,13.383586680883305,0.0018075600000009052,0.003527639999999033,0.012357520000001447,13.412026027603282,1.0,32.75,0.0,0.0,0.0,0.0,0.0
34.728855499997735,310572.9311315,-0.04673249999997342,-0.45154499999999453,0.2575244999999845,0.22256456121819776,0.5138426262526723,10.245706698980083,0.0018075600000009052,0.0027276399999990337,0.011557520000001452,10.260997758015048,1.0,0.0,0.0,0.0,0.0,0.0,0.0
34.84091079997597,310573.0431868,0.6532675000000268,-0.01654499999999448,2.3125244999999848,0.32552720996434603,0.38704963288324634,8.349222188094167,0.012207560000000905,-0.006872360000000967,0.012757520000001452,8.364525481394995,1.0,68.91,0.0,0.0,0.0,0.0,0.0
34.9524945000303,310573.1547705,-1.3017324999999738,0.9784550000000055,7.897524499999984,-0.06348097839325809,0.5284293579746386,8.241240592867005,0.023007560000000905,-0.06967236000000096,0.002357520000001445,8.258408680278917,1.0,1159.82,0.0,0.98,0.0,0.98,0.49
35.0659584000241,310573.2682344,-0.8967324999999735,2.6834550000000053,16.492524499999984,-0.2626757737179409,1.0436038047670637,10.213769614929767,0.06260756000000091,-0.13327236000000098,-0.013642479999998548,10.270306578203261,1.0,2559.63,0.0,0.98,0.49,0.0,0.0
35.177413300029,310573.3796893,-0.2517324999999735,3.4184550000000056,20.897524499999985,-0.26005970508571175,1.6113291379879753,12.76779839549178,0.07380756000000091,-0.12247236000000097,-0.01644247999999856,12.871701072859826,1.0,3210.17,0.0,1.96,0.0,0.0,0.0
35.28845920000458,310573.4907352,0.17826750000002667,3.8334550000000056,23.882524499999985,-0.15527442040488237,2.1425443770740786,15.424853959228752,0.11180756000000092,-0.07367236000000096,-0.004042479999998551,15.573719087517237,1.0,3572.34,0.0,0.98,0.0,0.0,0.0
35.399186499998905,310573.6014625,0.5732675000000267,3.0834550000000056,27.842524499999985,0.018888788371114212,2.3674758582565536,18.393387802417756,0.2026075600000009,-0.06167236000000097,0.007957520000001446,18.54513449872726,1.0,3878.3,0.0,1.96,0.0,0.0,0.0
35.51004289998673,310573.7123189,1.2832675000000267,2.5134550000000053,31.657524499999987,0.32114765276558105,2.402373226586814,21.564275494934407,0.2250075600000009,-0.05207236000000097,0.041157520000001446,21.700057846838256,1.0,4048.88,0.0,1.47,0.98,0.0,0.0
35.62172130000545,310573.8239973,1.7932675000000267,2.1034550000000056,34.31752449999998,0.6730685362676381,2.3309146652523407,24.613031794101154,0.1238075600000009,0.008727639999999034,0.03915752000000145,24.73231728990707,1.0,4055.72,0.0,3.42,0.98,0.0,0.0
35.732447499991395,310573.9347235,1.3832675000000267,3.0434550000000056,38.67252449999999,0.8428467287486908,2.501252579387748,27.974055085748052,0.1446075600000009,-0.06967236000000096,0.03875752000000145,28.098299112482284,1.0,4006.84,0.0,0.0,0.0,0.0,0.0
35.836033100029454,310574.0383091,1.1582675000000267,3.3784550000000055,42.59252449999998,0.9182503425931772,2.7109541546038893,31.468705797356883,0.2066075600000009,-0.15407236000000096,0.03595752000000145,31.59860599268011,1.0,4069.4,0.0,0.49,1.47,0.0,0.49
35.94753710000077,310574.1498131,1.7682675000000267,4.263455000000006,46.487524499999985,1.121453084264308,3.0820906963575316,35.05906289832302,0.2046075600000009,-0.17287236000000097,0.03115752000000145,35.21214039772858,1.0,4124.63,0.0,0.49,0.0,0.49,0.98
36.057740000018384,310574.260016,1.8632675000000267,4.638455000000006,49.737524499999985,1.2987891789244737,3.4541508257130835,38.56805517569601,0.2478075600000009,-0.23487236000000097,0.04955752000000145,38.74419816299723,1.0,4173.51,0.0,0.0,0.0,0.0,0.0
36.16913090000162,310574.3714069,2.0932675000000267,5.698455000000006,53.60252449999999,1.4887149605796761,3.990667950555993,42.16215367082418,0.26860756000000097,-0.37327236000000097,0.05515752000000145,42.376749581434886,1.0,4185.73,0.0,0.49,0.0,0.0,0.0
36.279237299982924,310574.4815133,2.1282675000000264,5.713455000000006,56.33752449999999,1.6416046150066703,4.402512639468528,45.55087846489889,0.2762075600000009,-0.34767236000000096,0.09235752000000146,45.79257049103796,1.0,4214.08,0.0,1.47,0.0,0.0,0.0
36.39178170001833,310574.5940577,1.6882675000000267,7.483455000000006,62.30252449999998,1.6527597147388469,5.139034166281743,49.555480456959145,0.3490075600000009,-0.389672360000001,0.09315752000000145,49.84864020368995,1.0,4287.39,0.0,3.42,0.49,0.0,0.0
36.503468099981546,310574.7057441,1.8482675000000266,10.193455000000005,70.28252449999998,1.6994972630776592,6.347329977750451,54.510430059544944,0.3930075600000009,-0.391272360000001,0.05275752000000145,54.90504415871277,1.0,4390.03,0.0,1.96,0.0,0.0,0.0
36.6149996999884,310574.8172757,2.4082675000000267,9.713455000000007,74.13752449999998,1.86893390809421,7.152026479895896,59.2024287640249,0.325007560000001,-0.335272360000001,0.06395752000000145,59.66214853893044,1.0,4456.99,0.0,0.98,1.96,0.0,0.0
36.726627700030804,310574.9289037,2.1782675000000267,8.293455000000005,74.13752449999998,1.9428823377447362,7.424893212862041,62.772771285026934,0.46140756000000094,-0.489672360000001,0.02515752000000145,63.24021383426077,1.0,4477.52,0.0,0.49,0.0,0.49,0.0
36.8366696999874,310575.0389457,1.6682675000000267,8.423455000000006,74.13752449999998,1.8772336770711864,7.663606621298969,65.48959763561903,0.2946075600000009,-0.415272360000001,-0.011242479999998549,65.96318875857675,1.0,4475.56,0.0,0.0,0.0,0.49,0.0
36.94835159997456,310575.1506276,0.8782675000000268,9.928455000000007,74.13752449999998,1.638423596299572,8.205034986610407,67.55694702180622,0.09220756000000091,-0.34167236000000095,-0.054042479999998554,68.07310865473637,1.0,4459.43,0.0,0.98,0.0,0.0,0.98
37.05907890002709,310575.2613549,0.2732675000000264,10.128455000000006,74.13752449999998,1.3120731701229973,8.664842434848557,69.13008160349824,0.09380756000000091,-0.43687236000000096,-0.06324247999999855,69.68334961044019,1.0,4436.46,0.0,0.98,0.0,0.49,0.0
37.170833999989554,310575.37311,1.0432675000000264,9.383455000000007,74.13752449999998,1.2478132329325893,8.836631959525416,70.32714699972502,0.019807560000000907,-0.360072360000001,0.0007575200000014479,70.89111867768288,1.0,4431.57,0.0,0.0,0.0,0.0,0.0
37.281749800022226,310575.4840258,0.6632675000000265,8.813455000000006,74.13752449999998,1.108073352944256,8.831091339929534,71.2380452658494,0.022607560000000904,-0.353272360000001,0.01635752000000145,71.79188738366537,1.0,4438.42,0.0,0.49,0.0,0.0,0.0
37.39253369998187,310575.5948097,0.7532675000000268,8.988455000000005,74.13752449999998,1.0232544508185863,8.868710259603198,71.93118672148228,0.03540756000000091,-0.39807236000000096,-0.008442479999998552,72.48307867703096,1.0,4439.39,0.0,1.47,0.0,0.0,0.49
37.50250160001451,310575.7047776,0.6632675000000265,9.868455000000006,74.13752449999998,0.937196969819824,9.107706461561847,72.45862770516209,0.00020756000000090452,-0.452072360000001,-0.049242479999998555,73.03479570770017,1.0,4438.91,0.0,0.49,0.0,0.0,0.0
37.61330889997771,310575.8155849,-0.20173249999997322,13.073455000000006,74.13752449999998,0.6649276528763102,10.055747296699018,72.85998011166492,-0.37459243999999914,-0.649672360000001,-0.11564247999999858,73.55363270669123,1.0,4393.94,0.0,0.98,0.0,0.0,0.0
37.72345839999616,310575.9257344,0.9582675000000265,11.903455000000006,74.13752449999998,0.7350526623040896,10.497455170294232,73.16538632617971,-0.5013924399999992,-0.565672360000001,-0.09884247999999857,73.91826989133216,1.0,4222.87,0.0,0.49,0.0,0.49,0.0
37.8342563000042,310576.0365323,1.5982675000000266,11.243455000000006,74.13752449999998,0.9414104047832312,10.675791818397741,73.39778297897915,-0.33699243999999906,-0.37287236000000096,-0.06724247999999855,74.1760967612163,1.0,4299.12,0.0,0.0,0.49,0.0,0.0
37.94421340001281,310576.1464894,2.1282675000000264,10.578455000000005,74.13752449999998,1.2251371667884046,10.65252274883648,73.57462353318394,-0.18099243999999912,-0.352472360000001,-0.07924247999999856,74.35188249157966,1.0,4390.52,0.0,0.49,0.0,0.0,0.0
38.05506340001011,310576.2573394,1.9282675000000267,10.308455000000006,74.13752449999998,1.393225552082433,10.570270868065654,73.70918907547875,-0.1405924399999991,-0.39607236000000096,-0.08004247999999856,74.47627983343374,1.0,4437.93,0.0,0.0,0.0,0.49,0.0
38.165874400001485,310576.3681504,1.7882675000000268,10.463455000000007,74.13752449999998,1.487663183361371,10.544735763208314,73.81158575283891,-0.11139243999999911,-0.432072360000001,-0.09244247999999855,74.57583244866734,1.0,4439.39,0.0,2.93,0.0,0.0,0.0
38.27755260001868,310576.4798286,2.4132675000000265,8.458455000000006,74.13752449999998,1.7089355814590763,10.045995276283348,73.88950376480238,-0.0597924399999991,-0.352072360000001,-0.05484247999999855,74.58888153419001,1.0,4430.6,0.0,0.98,0.0,0.0,0.0
38.387739999976475,310576.590016,1.2532675000000268,6.393455000000006,53.90752449999999,1.600004835017467,9.172829138708835,69.11266727951238,-0.0521924399999991,-0.290472360000001,-0.05724247999999855,69.73708904427117,1.0,4318.18,0.0,0.0,0.49,0.0,0.0
38.49834039999405,310576.7006164,1.1382675000000266,3.5234550000000056,29.057524499999985,1.4896231896707994,7.8223054419710785,59.537196055312435,-0.0465924399999991,-0.12367236000000098,-0.04804247999999855,60.06733849442146,1.0,4042.52,0.0,0.0,0.49,0.0,0.0
38.61009949998697,310576.8123755,0.5582675000000266,0.9584550000000055,14.262524499999984,1.2669758843040868,6.181452412034479,48.71395877341364,-0.020592439999999095,-0.03847236000000097,-0.022042479999998553,49.12092589916744,1.0,3567.94,0.0,0.0,2.44,0.0,0.49
38.72004069999093,310576.9223167,-0.12173249999997315,-0.15154499999999446,7.567524499999984,0.9349951135474736,4.667503633579844,38.87760643453171,0.029007560000000904,-0.02607236000000097,-0.00764247999999855,39.1679472031683,1.0,2978.01,0.0,0.49,0.0,0.0,0.0
38.83006160001969,310577.0323376,-0.6867324999999735,-0.47154499999999455,2.8875244999999845,0.5473094128000336,3.4389769352359463,30.273917369741365,0.026607560000000904,-0.015272360000000967,0.008757520000001448,30.473532497305793,1.0,2169.11,0.0,1.47,0.49,0.49,0.49
38.940051699988544,310577.1423277,-0.2967324999999734,-0.34654499999999455,0.9375244999999844,0.34553509651500935,2.534020571481083,23.260840739548602,0.007807560000000905,0.004727639999999034,0.0035575200000014517,23.401012086451665,1.0,1006.35,0.0,0.49,0.0,0.0,0.0
39.050007799989544,310577.2522838,-0.22673249999997358,-0.45154499999999453,0.0175244999999844,0.20873039372977598,1.8202995550551586,17.704358091816886,0.004207560000000905,-0.004872360000000967,0.013957520000001451,17.7989144132636,1.0,0.98,0.0,0.0,0.0,0.0,0.0
39.15308830002323,310577.3553643,0.018267500000026526,-0.48654499999999445,0.2825244999999844,0.16319886315388452,1.2688317004222402,13.539542923149712,0.0018075600000009052,0.0027276399999990337,0.009957520000001448,13.59984523149968,1.0,0.0,0.0,0.0,0.0,0.0,0.0
39.26333699998213,310577.465613,0.018267500000026526,-0.46154499999999454,0.2825244999999844,0.12855197386421083,0.8551726506186772,10.370356905555795,0.0018075600000009052,0.003127639999999034,0.012357520000001447,10.406351340453547,1.0,0.0,0.0,0.0,0.0,0.0,0.0
39.374142199987546,310577.5764182,-0.04673249999997342,-0.5465449999999945,0.2525244999999844,0.0866489542001787,0.5200819207756808,7.9516159817253715,0.0018075600000009052,0.003127639999999034,0.012757520000001452,7.969077108825843,1.0,0.0,0.0,0.0,0.0,0.0,0.0
39.48505820002174,310577.6873342,-0.06673249999997344,-0.5865449999999945,0.2925244999999844,0.04998200960572039,0.2555347615222028,6.120654836723828,0.0018075600000009052,0.003127639999999034,0.01195752000000145,6.1261906472082,1.0,0.0,0.0,0.0,0.0,0.0,0.0
39.594964499992784,310577.7972405,-0.026732499999973403,-0.46154499999999454,0.2525244999999844,0.03164285192872776,0.08411166462529185,4.717835890640973,0.0022075600000009046,0.003127639999999034,0.012357520000001447,4.718691718392327,1.0,0.0,0.0,0.0,0.0,0.0,0.0
39.70506760000717,310577.9073436,-0.06673249999997344,-0.36654499999999446,0.2575244999999845,0.00812551342492809,-0.023621066421682158,3.6515662331552106,0.0018075600000009052,0.003127639999999034,0.011157520000001447,3.651651672033718,1.0,0.0,0.0,0.0,0.0,0.0,0.0
39.81667470000684,310578.0189507,-0.04673249999997342,-0.5215449999999945,0.2625244999999844,-0.004988690957226728,-0.14265337955222623,2.8413913257263674,0.0018075600000009052,0.003127639999999034,0.01195752000000145,2.844974435675685,1.0,0.0,0.0,0.0,0.0,0.0,0.0
39.92742880003061,310578.1297048,-0.06673249999997344,-0.4365449999999945,0.2775244999999845,-0.019748994522134262,-0.2129102943789159,2.22848044066067,0.0018075600000009052,0.0027276399999990337,0.01195752000000145,2.2387152321464034,1.0,0.0,0.0,0.0,0.0,0.0,0.0
40.037617599999066,310578.2398936,-0.06673249999997344,-0.5115449999999945,0.2625244999999844,-0.030980740897164055,-0.28430107797848614,1.7585044717453875,0.0018075600000009052,0.003127639999999034,0.01195752000000145,1.781607388398126,1.0,0.0,0.0,0.0,0.0,0.0,0.0
40.147520300000906,310578.3497963,-0.04673249999997342,-0.47654499999999456,0.2725244999999844,-0.03474631269526605,-0.3302583762329776,1.4032702253588425,0.0022075600000009046,0.0027276399999990337,0.01195752000000145,1.442028164321563,1.0,0.0,0.0,0.0,0.0,0.0,0.0
40.258336000028066,310578.460612,-0.10673249999997347,-0.46154499999999454,0.2925244999999844,-0.051955130770648374,-0.36164339200794166,1.1377384361171137,0.0018075600000009052,0.003127639999999034,0.012357520000001447,1.1949619356341943,1.0,0.0,0.0,0.0,0.0,0.0,0.0
40.36926080001285,310578.5715368,-0.06673249999997344,-0.4415449999999945,0.2525244999999844,-0.055487767630880834,-0.3807444485765514,0.9261216502474636,0.0022075600000009046,0.003127639999999034,0.010357520000001445,1.002869153247624,1.0,0.0,0.0,0.0,0.0,0.0,0.0
40.4800905000302,310578.6823665,-0.08673249999997346,-0.4265449999999945,0.2775244999999845,-0.06295704660349512,-0.3916934012396782,0.7710698162674968,0.0018075600000009052,0.003127639999999034,0.011557520000001452,0.8671424172824977,1.0,0.0,0.0,0.0,0.0,0.0,0.0
40.590019700000994,310578.7922957,-0.08673249999997346,-0.47654499999999456,0.2525244999999844,-0.06864074048254254,-0.41197778885824754,0.647107812644259,0.0022075600000009046,0.003127639999999034,0.011157520000001447,0.7701855431983646,1.0,1630.99,0.0,1.96,0.0,0.0,0.0
40.70008879998932,310578.9023648,-0.04673249999997342,-0.5265449999999945,0.2725244999999844,-0.06340341733858428,-0.43936590827061306,0.5575609659126243,0.0022075600000009046,0.0027276399999990337,0.011557520000001452,0.7126967275006179,1.0,0.0,0.0,0.0,0.0,0.0,0.0
40.80311179999262,310579.0053878,-0.11173249999997337,-0.46154499999999454,0.2525244999999844,-0.0749568336592674,-0.4446679803616458,0.4846397952715322,0.0018075600000009052,0.003127639999999034,0.011557520000001452,0.6619847965262954,1.0,0.0,0.0,0.0,0.0,0.0,0.0
40.915084399981424,310579.1173604,-0.02173249999997351,-0.5115449999999945,0.31252449999998444,-0.0622331722261477,-0.4606554149997469,0.4434943906429822,0.0018075600000009052,0.003127639999999034,0.01195752000000145,0.6424668502154087,1.0,0.0,0.0,0.0,0.0,0.0,0.0
41.02587329997914,310579.2281493,-0.04673249999997342,-0.5765449999999945,0.2625244999999844,-0.05852762455965917,-0.48835965743530096,0.4002322310287373,0.0018075600000009052,0.0027276399999990337,0.01075752000000145,0.6341186612938949,1.0,553.76,0.0,0.0,0.0,0.0,0.0
41.13585750001948,310579.3381335,-0.04673249999997342,-0.47654499999999456,0.3075244999999843,-0.05570791483027845,-0.4855352782309052,0.37806977824175714,0.0018075600000009052,0.0027276399999990337,0.010357520000001445,0.6178872351823361,1.0,0.0,0.0,0.0,0.0,0.0,0.0
41.24669599998742,310579.448972,-0.08673249999997346,-0.5465449999999945,0.2725244999999844,-0.06312456602461906,-0.5001200929302843,0.35283841706006136,0.0018075600000009052,0.003127639999999034,0.012757520000001452,0.6153046129697407,1.0,0.0,0.0,0.0,0.0,0.98,0.0
41.357526000007056,310579.559802,-0.06673249999997344,-0.4365449999999945,0.28752449999998453,-0.06398706870373795,-0.4849220077235777,0.3372246533845406,0.0018075600000009052,0.003127639999999034,0.011157520000001447,0.5941078735265894,1.0,0.0,0.0,0.0,0.0,0.0,0.0
41.467531399976,310579.6698074,-0.09173249999997335,-0.5265449999999945,0.23252449999998437,-0.07061981447729708,-0.494872284695547,0.31219532540481537,0.0022075600000009046,0.003127639999999034,0.011557520000001452,0.589365470282419,1.0,0.0,0.0,0.0,0.0,0.0,0.0
41.57843990001129,310579.7807159,-0.026732499999973403,-0.5615449999999945,0.2625244999999844,-0.060128234926618916,-0.5108108789068141,0.30032115578908525,0.0022075600000009046,0.003127639999999034,0.01075752000000145,0.5955971417488792,1.0,0.0,0.0,0.0,0.0,0.0,0.0
41.688695800025016,310579.8909718,-0.02173249999997351,-0.46154499999999454,0.2825244999999844,-0.05094945713656313,-0.49903351467660945,0.2960667366665877,0.0018075600000009052,0.0027276399999990337,0.011557520000001452,0.5824824533952957,1.0,0.0,0.0,0.0,0.0,0.0,0.0
41.800870799983386,310580.0031468,-0.02173249999997351,-0.48654499999999445,0.2625244999999844,-0.04396493248113754,-0.49604804503099653,0.2880482226953769,0.0018075600000009052,0.0027276399999990337,0.011557520000001452,0.5752984937101,1.0,0.0,0.0,0.0,0.0,0.0,0.0
41.90324030001648,310580.1055163,-0.11173249999997337,-0.5365449999999945,0.2625244999999844,-0.06016525902304029,-0.5057291346505722,0.28194659241160724,0.0022075600000009046,0.003127639999999034,0.012357520000001447,0.5821303092953013,1.0,0.0,0.0,0.0,0.0,0.0,0.0
42.01507560000755,310580.2173516,-0.04673249999997342,-0.47654499999999456,0.2725244999999844,-0.056954060945554504,-0.49875245644752464,0.27969417315908135,0.0018075600000009052,0.003127639999999034,0.012757520000001452,0.5746534680742579,1.0,0.0,0.0,0.0,0.0,0.0,0.0
42.12662370002363,310580.3288997,-0.02173249999997351,-0.4115449999999945,0.2775244999999845,-0.04853409237466926,-0.4779048840310281,0.279175497117525,0.0018075600000009052,0.003127639999999034,0.011557520000001452,0.5555966113055051,1.0,366.08,0.0,0.0,0.0,0.0,0.0
42.237590899982024,310580.4398669,-0.04673249999997342,-0.37654499999999447,0.2775244999999845,-0.04810340870349628,-0.4536740715690678,0.2787808143304165,0.0018075600000009052,0.0027276399999990337,0.011557520000001452,0.5346520771321116,1.0,0.0,0.0,0.0,0.0,0.0,0.0
42.347500999982,310580.549777,-0.026732499999973403,-0.48654499999999445,0.2725244999999844,-0.042994538602794605,-0.4615321044572708,0.27728519719654765,0.0022075600000009046,0.0027276399999990337,0.011557520000001452,0.5401365516040852,1.0,799.61,0.0,2.44,0.49,0.0,0.0
42.45752499997616,310580.659801,-0.13173249999997338,-0.47654499999999456,0.2725244999999844,-0.06420798928327659,-0.4651210455840716,0.27614711814228604,0.0018075600000009052,0.0027276399999990337,0.01195752000000145,0.5447178019776029,1.0,1828.93,0.0,0.49,0.0,0.98,0.0
42.56837589998031,310580.7706519,-0.13173249999997338,-0.4265449999999945,0.28752449999998453,-0.08035021134088029,-0.45589916322886276,0.27886696346114603,0.0018075600000009052,0.003127639999999034,0.012357520000001447,0.5404322222123155,1.0,2879.77,0.0,3.42,0.98,0.0,0.0
42.679258799995296,310580.8815348,-0.13173249999997338,-0.47154499999999455,0.2725244999999844,-0.09263351861048603,-0.4596394135284355,0.27735075175526847,0.0018075600000009052,0.003527639999999033,0.011157520000001447,0.5447685735595768,1.0,2871.95,0.0,1.47,0.0,0.98,0.0
42.78922949999105,310580.9915055,-0.02173249999997351,-0.4365449999999945,0.28752449999998453,-0.07568411795028718,-0.4541185271494093,0.2797828597643644,0.0018075600000009052,0.0027276399999990337,0.011157520000001447,0.5387301467601268,1.0,2843.11,0.0,0.49,0.0,0.0,0.0
42.899156100000255,310581.1014321,-0.04673249999997342,-0.4265449999999945,0.28752449999998453,-0.06876302454404781,-0.44752687630391624,0.2816335547852845,0.0022075600000009046,0.003127639999999034,0.011557520000001452,0.5332223905086713,1.0,3008.31,0.0,0.49,0.98,0.49,0.0
43.01079740002751,310581.2130734,-0.13173249999997338,-0.5465449999999945,0.24252449999998438,-0.08381633251876275,-0.4711978740418404,0.27228425273027235,0.0018075600000009052,0.003527639999999033,0.011157520000001447,0.5506281216786232,1.0,2806.94,0.0,0.0,0.0,0.0,0.0
43.122603700030595,310581.3248797,-0.10673249999997347,-0.48654499999999445,0.2625244999999844,-0.08929460789261853,-0.4748667153638002,0.2699511133394429,0.0014075600000009042,0.003127639999999034,0.01075752000000145,0.5534848940597256,1.0,3036.66,0.0,0.49,0.0,0.49,0.0
43.23331480001798,310581.4355908,-0.02173249999997351,-0.48654499999999445,0.30252449999998443,-0.07314339795851704,-0.47765849366546415,0.2777380167181094,0.0018075600000009052,0.003127639999999034,0.01075752000000145,0.5573562587485558,1.0,1407.14,0.0,3.42,0.49,0.0,0.0
43.34416560002137,310581.5464416,-0.04173249999997353,-0.49654499999999446,0.2925244999999844,-0.06563439590142899,-0.4821734494335026,0.28127283235844025,0.0018075600000009052,0.003127639999999034,0.012357520000001447,0.5620618431159398,1.0,1379.28,0.0,0.98,0.49,0.0,0.0
43.455895200022496,310581.6581712,-0.08673249999997346,-0.45154499999999453,0.2775244999999845,-0.0706780500906763,-0.4748514973484278,0.2803767664316577,0.0018075600000009052,0.003127639999999034,0.01075752000000145,0.5559590474606348,1.0,217.99,0.0,0.0,1.47,0.0,0.0
43.56669669999974,310581.7689727,0.018267500000026526,-0.5365449999999945,0.2725244999999844,-0.04941497383346749,-0.48959977480712996,0.2784996254194505,0.0018075600000009052,0.003127639999999034,0.01075752000000145,0.5654306504682328,1.0,59.63,0.0,0.0,0.0,0.49,0.0
43.67674840003019,310581.8790244,-0.0017324999999734914,-0.4265449999999945,0.2775244999999845,-0.038016134023943125,-0.47452607540633895,0.27826651464400076,0.0018075600000009052,0.0027276399999990337,0.011557520000001452,0.5514095355167417,1.0,0.0,0.0,0.0,0.0,0.0,0.0
43.78838209999958,310581.9906581,-0.02173249999997351,-0.48654499999999445,0.2725244999999844,-0.03412341368388041,-0.47739928615048444,0.2768938445652703,0.0018075600000009052,0.003127639999999034,0.009957520000001448,0.5529418476988058,1.0,0.0,0.0,0.0,0.49,0.0,0.0
43.898510699975304,310582.1007867,-0.08673249999997346,-0.4265449999999945,0.28752449999998453,-0.04669999579530066,-0.4652422016946448,0.27943517953865493,0.0018075600000009052,0.0027276399999990337,0.011557520000001452,0.5447157198105834,1.0,0.0,0.0,0.98,0.0,0.98,0.49
44.00999859999865,310582.2122746,-0.0017324999999734914,-0.47654499999999456,0.2925244999999844,-0.03595019109774445,-0.4679442172765533,0.2825642761470909,0.0018075600000009052,0.0027276399999990337,0.01195752000000145,0.5478200223404215,1.0,0.0,0.0,0.0,0.0,0.0,0.0
44.120971099997405,310582.3232471,-0.06673249999997344,-0.46154499999999454,0.2725244999999844,-0.04330892440023788,-0.4664144381611376,0.2801641951356908,0.0018075600000009052,0.003127639999999034,0.011557520000001452,0.545811384357183,1.0,0.0,0.0,0.0,0.0,0.0,0.0
44.22337299998617,310582.425649,-0.02173249999997351,-0.36154499999999445,0.2975244999999843,-0.03815092428766478,-0.44134464143272195,0.2843143014175839,0.0014075600000009042,0.003127639999999034,0.01195752000000145,0.5263793380594928,1.0,75.76,0.0,0.0,0.0,0.49,0.0
44.33508719998645,310582.5373632,-0.06673249999997344,-0.5865449999999945,0.2825244999999844,-0.04498355642386796,-0.4760558360190905,0.2838864364598781,0.0022075600000009046,0.003127639999999034,0.011157520000001447,0.5560972830020507,1.0,432.06,0.0,0.98,0.0,0.98,0.0
44.4457468999899,310582.6480229,-0.08673249999997346,-0.44654499999999453,0.2625244999999844,-0.054963942963851015,-0.4690010574939351,0.278779711238828,0.0014075600000009042,0.003127639999999034,0.012757520000001452,0.5483622473830299,1.0,0.0,0.0,0.0,0.0,0.0,0.0
44.558366500015836,310582.7606425,0.018267500000026526,-0.48654499999999445,0.2625244999999844,-0.03745743752790198,-0.4731950636806192,0.2748937855708648,0.0018075600000009052,0.003127639999999034,0.011557520000001452,0.5485282319656323,1.0,0.0,0.0,0.0,0.0,0.0,0.0
44.67015930003254,310582.8724353,-0.06673249999997344,-0.4115449999999945,0.2975244999999843,-0.04445585268350483,-0.45845717062170693,0.28030382133061643,0.0018075600000009052,0.0027276399999990337,0.012357520000001447,0.5391934090702747,1.0,0.0,0.0,0.0,0.0,0.0,0.0
44.780950999993365,310582.983227,-0.04673249999997342,-0.4015449999999945,0.2675244999999845,-0.045000101670120536,-0.4448519051232226,0.2772488322536867,0.0018075600000009052,0.003127639999999034,0.011157520000001447,0.526103736565437,1.0,112.9,0.0,0.0,0.0,0.49,0.0
44.89261029998306,310583.0948863,-0.09173249999997335,-0.45154499999999453,0.28752449999998453,-0.056171819067523915,-0.44645193780182657,0.27970530485586254,0.0018075600000009052,0.0027276399999990337,0.011557520000001452,0.5298204069199974,1.0,0.0,0.0,0.0,0.0,0.0,0.0
44.994783899979666,310583.1970599,-0.11173249999997337,-0.5365449999999945,0.3975244999999844,-0.06945400119315459,-0.4679893351175056,0.30787083453506214,0.007407560000000904,-0.00047236000000096603,0.011557520000001452,0.5644664089410275,1.0,0.0,0.0,0.0,0.0,0.0,0.0
45.10560539999278,310583.3078814,0.3732675000000265,0.4284550000000055,2.5925244999999846,0.036381771714843275,-0.253687841242784,0.8540337967130887,0.005007560000000905,-0.03487236000000096,0.0011575200000014454,0.8916584996710951,1.0,0.0,0.0,0.0,0.0,0.0,0.0
45.21672430000035,310583.4190003,-0.006732499999973385,1.1384550000000055,6.1375244999999845,0.026074993620702376,0.07911396125421241,2.1170904152137364,0.047007560000000906,-0.06727236000000096,0.007157520000001451,2.1187285692951616,1.0,0.0,0.0,0.0,0.0,0.0,0.0
45.32771939999657,310583.5299954,-0.8317324999999731,0.8284550000000055,9.617524499999984,-0.17899008419669946,0.2582493495143309,3.91012336339771,0.1066075600000009,-0.027672360000000968,0.009957520000001448,3.9227279913032382,1.0,940.37,0.0,0.49,0.0,0.0,0.49
45.43838100001449,310583.640657,0.16826750000002644,1.5184550000000057,14.967524499999984,-0.09597565024087534,0.5595106134979376,6.553474979463518,0.1358075600000009,0.04872763999999903,0.00955752000000145,6.57801624796643,1.0,2599.22,0.0,0.49,0.0,0.49,0.49
45.54924130003201,310583.7515173,-1.0267324999999734,1.3834550000000057,20.442524499999983,-0.3184797986009158,0.7564804709447338,9.873752596434326,0.2982075600000009,-0.004472360000000966,0.03275752000000145,9.90780916351497,1.0,3201.86,0.0,0.0,0.0,0.0,0.0
45.66007590002846,310583.8623519,-0.3017324999999733,2.1234550000000056,28.602524499999983,-0.31447623589439533,1.083265606607215,14.351000809338597,0.5182075600000009,-0.07887236000000096,0.07155752000000146,14.395262550819886,1.0,3602.15,0.0,0.0,0.0,0.0,0.0
45.77098480000859,310583.9732608,0.2282675000000265,3.2534550000000055,39.57752449999998,-0.1847294252593822,1.6020650577010591,20.38158352417736,0.6762075600000009,-0.10447236000000097,0.09115752000000146,20.44528513772017,1.0,3885.14,0.0,0.0,0.0,0.0,0.0
45.88170760002686,310584.0839836,-0.1267324999999735,3.6334550000000054,47.49752449999998,-0.17086484132891136,2.0876834973777214,26.86384508944881,0.8086075600000009,-0.16087236000000096,0.08755752000000144,26.945385322335408,1.0,4066.96,0.0,0.0,0.0,0.0,0.49
45.992520400031935,310584.1947964,-0.5917324999999738,3.7884550000000057,51.68752449999999,-0.27147629531834633,2.494265210790783,32.79812496913698,0.872607560000001,-0.17167236000000097,0.06435752000000144,32.89395172082259,1.0,4143.69,0.0,0.0,0.0,0.0,0.0
46.10249299998395,310584.304769,-0.8217324999999733,4.508455000000006,53.70252449999998,-0.4030190158840906,2.9757718296241373,37.79547268223366,0.917807560000001,-0.13487236000000097,0.06675752000000146,37.91458027702034,1.0,4191.59,0.0,0.0,0.0,0.49,0.0
46.21425850002561,310584.4165345,-0.6817324999999737,5.038455000000006,56.322524499999986,-0.4696474875796952,3.4688711415226843,42.22449825148023,0.9598075600000009,-0.05887236000000097,0.09395752000000146,42.36935081339264,1.0,4271.26,0.0,1.96,0.98,0.0,0.49
46.325063100026455,310584.5273391,-0.7467324999999732,5.688455000000006,59.10252449999999,-0.5358866613530199,3.999478696301371,46.25931234647968,0.964207560000001,-0.018472360000000968,0.11195752000000145,46.43497586006859,1.0,4337.73,0.0,0.0,0.0,0.0,0.0
46.43512819998432,310584.6374042,0.15326750000002676,5.528455000000006,62.65752449999999,-0.37113938090020826,4.364991526430099,50.17942341607929,0.9882075600000009,-0.05007236000000097,0.12275752000000145,50.37028320186445,1.0,4359.73,0.0,0.49,0.0,0.0,0.98
46.545964399992954,310584.7482404,-0.1767324999999733,5.058455000000006,68.21752449999998,-0.32466501170138434,4.530768979097145,54.49156178041031,1.125807560000001,-0.10527236000000097,0.10435752000000145,54.68055943550729,1.0,4365.1,0.0,0.0,0.0,0.49,0.0
46.650673800031655,310584.8529498,0.16826750000002644,4.033455000000005,74.13752449999998,-0.206825934026602,4.411882479991399,59.188071083314505,1.255807560000001,-0.12687236000000096,0.09995752000000145,59.352634672335576,1.0,4383.67,0.0,0.98,0.0,0.0,0.98
46.76153449999401,310584.9638105,0.4782675000000265,5.318455000000006,74.13752449999998,-0.04304939977428396,4.628605189626402,62.76184591160465,1.145007560000001,-0.08207236000000097,0.10955752000000146,62.93230602388779,1.0,4407.14,0.0,0.0,0.0,0.0,0.0
46.873411100008525,310585.0756871,0.8232675000000267,5.633455000000006,70.91252449999999,0.1640499130527816,4.868821795440042,64.71032450548952,0.9966075600000008,-0.10087236000000097,0.05875752000000145,64.89343908019887,1.0,4400.78,0.0,0.0,0.0,0.0,0.98
46.98500970000168,310585.1872857,0.8632675000000267,5.578455000000006,66.34752449999999,0.331202928088155,5.038464739104103,65.10170899067262,0.9654075600000009,-0.17407236000000098,0.03235752000000145,65.29723069022907,1.0,4352.88,0.0,0.0,0.49,0.0,0.0
47.09596509998664,310585.2982411,0.7782675000000268,5.528455000000006,62.28252449999999,0.4380769434241079,5.155600450470153,64.4277625734861,0.949007560000001,-0.18287236000000098,0.03235752000000145,64.63519720429996,1.0,4327.47,0.0,0.49,0.98,0.0,0.0
47.20757460000459,310585.4098506,0.5132675000000266,5.798455000000006,55.017524499999986,0.4560517891208894,5.309279474266259,62.17817718612292,0.8918075600000009,-0.17487236000000098,-0.011642479999998553,62.40610667201666,1.0,4308.9,0.0,0.98,0.0,0.0,0.0
47.31837529997574,310585.5206513,0.7482675000000265,4.388455000000006,38.36752449999999,0.5259080656590794,5.089149732015397,56.48606866261999,0.6234075600000009,-0.08607236000000097,0.0027575200000014496,56.717298747794906,1.0,4259.04,0.0,1.47,0.0,0.0,0.0
47.42925240000477,310585.6315284,0.3732675000000265,2.4634550000000055,19.847524499999984,0.48941823582226124,4.461458439330587,47.72736001796647,0.30220756000000093,-0.02527236000000097,0.006757520000001446,47.93792899051871,1.0,4023.95,0.0,0.98,0.0,0.49,0.0
47.53925279999385,310585.7415288,-0.6967324999999733,0.06345500000000553,4.542524499999985,0.20586033413282287,3.410083947693961,37.403713136957165,0.0570075600000009,0.007127639999999034,-0.007242479999998552,37.55940371517193,1.0,2983.38,0.0,0.98,0.98,0.0,0.0
47.650093199976254,310585.8523692,-0.07673249999997322,-0.4365449999999945,0.9875244999999845,0.1383044757927609,2.4905195111977405,28.698160186923086,0.015007560000000905,-0.00047236000000096603,0.007957520000001446,28.806357174727566,1.0,540.57,0.0,0.0,0.0,0.49,0.0
47.76256719999947,310585.9648432,1.1582675000000267,0.5984550000000055,4.007524499999985,0.38213400454531105,2.038207822258496,22.795685370424273,0.03540756000000091,0.0027276399999990337,0.02035752000000145,22.889814089055438,1.0,132.94,0.0,0.98,0.0,0.0,0.49
47.866639300016686,310586.0689153,0.5182675000000265,0.15845500000000554,2.6475244999999847,0.4146777000091335,1.5888393314950258,17.979121971879135,0.009007560000000907,0.011127639999999033,0.02155752000000145,18.053952334486137,1.0,1545.45,0.0,2.44,1.47,0.0,0.49
47.97759730002144,310586.1798733,0.30826750000002656,-0.1865449999999945,1.9225244999999846,0.38923957303109835,1.1644208823659086,14.14067635961731,0.020607560000000906,-0.0016723600000009674,0.013957520000001451,14.193875839387319,1.0,869.99,0.0,0.0,2.93,0.98,0.0
48.08869429997867,310586.2909703,-0.21673249999997335,0.21845500000000553,5.022524499999984,0.24437757166667717,0.9382809048970809,11.960916291596556,0.028607560000000906,-0.01887236000000097,0.0007575200000014479,12.000150415249307,1.0,873.9,0.0,1.47,0.0,0.49,0.49
48.19906900002388,310586.401345,-0.9667324999999738,2.7634550000000053,20.742524499999984,-0.045147039552894064,1.3746019566785361,14.060223168734309,0.08260756000000091,-0.09327236000000097,0.011557520000001452,14.127329696340277,1.0,2608.5,0.0,0.98,0.0,0.0,0.0
48.31837450002786,310586.5206505,-0.5667324999999734,4.6484550000000056,39.40752449999999,-0.16983581160307532,2.1572401757243687,20.119678651010183,0.1114075600000009,-0.11207236000000097,0.017157520000001446,20.235710968448256,1.0,3710.66,0.0,1.96,0.0,0.98,0.98
48.42923329997575,310586.6315093,0.06326750000002646,6.828455000000006,50.36752449999999,-0.11411078111678068,3.2739278225047914,27.350644699873765,0.10860756000000091,-0.07247236000000097,0.04755752000000145,27.546132036205574,1.0,4097.75,0.0,0.98,0.0,0.0,0.0
48.53924890002236,310586.7415249,-0.1467324999999735,7.903455000000006,56.042524499999985,-0.1219092386624051,4.380649736187023,34.209645825063525,0.09420756000000091,-0.10007236000000097,0.02035752000000145,34.489198620001495,1.0,4267.35,0.0,0.0,0.49,0.0,0.0
48.64251560001867,310586.8447916,0.26326750000002663,7.613455000000006,59.46252449999999,-0.02982995691834453,5.153475187028173,40.24652888927139,0.09940756000000091,-0.07167236000000096,-0.05204247999999855,40.57514367152138,1.0,4308.41,0.0,0.0,0.49,0.49,0.0
48.754276900028344,310586.9565529,0.5032675000000268,7.318455000000006,62.237524499999985,0.09761084104647982,5.671029250290406,45.503635244407,0.0746075600000009,-0.08327236000000096,-0.09484247999999856,45.85576213618064,1.0,4337.24,0.0,1.47,0.49,0.0,0.0
48.864876099978574,310587.0671521,-0.14173249999997317,7.418455000000006,64.85252449999999,0.04039408644620869,6.0887639984818085,50.12912698979974,0.0746075600000009,-0.13527236000000098,-0.16524247999999855,50.497564807333994,1.0,4338.71,0.0,1.47,0.0,0.49,0.98
48.9765506000258,310587.1788266,0.9982675000000265,8.088455000000005,69.77752449999998,0.26938064526087696,6.5668045773840245,54.82621834698737,0.03540756000000091,-0.042072360000000975,-0.24204247999999856,55.21874415921759,1.0,4353.86,0.0,0.49,0.0,0.49,0.0
49.08755260001635,310587.2898286,-0.5717324999999733,7.923455000000006,74.13752449999998,0.06830647201236456,6.891121660824868,59.442725580222564,0.13620756000000092,-0.13127236000000098,-0.24564247999999855,59.84087104917553,1.0,4397.85,0.0,1.47,0.0,0.49,0.49
49.19847429997753,310587.4007503,-0.08673249999997346,7.673455000000006,74.13752449999998,0.031243285811639834,7.078144096826155,62.9556234115019,0.13700756000000092,-0.09807236000000097,-0.20004247999999858,63.35228187783917,1.0,4434.51,0.0,0.0,0.0,0.0,0.49
49.30923660000553,310587.5115126,0.7332675000000268,6.243455000000006,74.13752449999998,0.19906724536299075,6.878605638760782,65.62873764040758,0.1870075600000009,-0.15967236000000098,-0.18564247999999856,65.98852966671721,1.0,4456.99,0.0,0.98,0.49,0.0,0.0
49.419193400011864,310587.6214694,1.2482675000000265,5.578455000000006,74.13752449999998,0.44988614524814763,6.567795236782969,67.66282460335685,0.2610075600000009,-0.22807236000000097,-0.20324247999999856,67.98232244576988,1.0,4459.43,0.0,0.49,0.98,0.0,0.0
49.53842789999908,310587.7407039,1.2182675000000267,5.038455000000006,74.13752449999998,0.6335732585893512,6.202195405821521,69.21064838436077,0.1618075600000009,-0.20967236000000097,-0.15004247999999856,69.49088064422276,1.0,4470.19,0.0,1.96,0.0,0.0,0.49
49.64168380002957,310587.8439598,0.2182675000000267,6.333455000000006,74.13752449999998,0.5342914169914565,6.233573959978095,70.3884537096393,-0.0705924399999991,-0.26447236000000096,-0.11964247999999855,70.66595592834517,1.0,4476.05,0.0,0.98,1.47,0.0,0.0
49.75243639998371,310587.9547124,0.10826750000002683,7.403455000000006,74.13752449999998,0.43244732220373505,6.513242473360517,71.28469616390285,-0.34299243999999907,-0.35007236000000097,-0.08844247999999857,71.58293962518732,1.0,4424.73,0.0,0.0,0.0,0.0,0.0
49.86426020000363,310588.0665362,-0.34673249999997324,7.693455000000006,74.13752449999998,0.2461787572142468,6.795380803249508,71.96668538536812,-0.33099243999999917,-0.23167236000000097,-0.17124247999999856,72.28721608692808,1.0,4391.98,0.0,0.0,0.0,0.0,0.0
49.975898100005,310588.1781741,-0.626732499999973,8.523455000000006,74.13752449999998,0.03750301560610006,7.208489422917952,72.4856401570175,-0.35419243999999916,-0.20327236000000098,-0.20724247999999856,72.84319978700228,1.0,4430.6,0.0,0.0,0.0,0.49,0.0
50.086739199992735,310588.2890152,-0.5167324999999732,8.248455000000005,74.13752449999998,-0.09499098798112607,7.457100706425875,72.88053504177685,-0.5369924399999991,-0.327672360000001,-0.14204247999999856,73.26110674982489,1.0,4418.38,0.0,0.0,0.98,0.49,0.49
50.20078569999896,310588.4030617,-0.5517324999999738,7.918455000000006,74.13752449999998,-0.2041783457520996,7.567390782948577,73.18102745176758,-0.5093924399999992,-0.364072360000001,-0.14564247999999858,73.57152894262215,1.0,4375.37,0.0,0.98,0.0,0.0,0.0
50.303732500004116,310588.5060085,0.07326750000002669,8.688455000000006,74.13752449999998,-0.13785291216427703,7.835389282166181,73.40968498050984,-0.4173924399999991,-0.35927236000000096,-0.18564247999999856,73.8267849602444,1.0,4392.96,0.0,0.49,0.0,0.98,0.0
50.41418880003039,310588.6164648,1.1032675000000265,8.403455000000006,74.13752449999998,0.1588458877342744,7.971189495499948,73.58368027527328,-0.22859243999999912,-0.35007236000000097,-0.22404247999999855,74.01434385876065,1.0,4406.16,0.0,0.98,0.0,0.0,0.0
50.5267773999949,310588.7290534,1.7082675000000267,7.638455000000006,74.13752449999998,0.5292463165649215,7.891646910806228,73.71608073794926,-0.0429924399999991,-0.38247236000000095,-0.2660424799999986,74.13918499681722,1.0,4437.93,0.0,2.44,1.47,0.0,0.49
50.63855329999933,310588.8408293,1.3532675000000265,7.863455000000006,74.13752449999998,0.7262345328733113,7.884907430880612,73.81682991361315,-0.1077924399999991,-0.412472360000001,-0.2080424799999986,74.24030953791605,1.0,4435.97,0.0,0.0,0.0,0.49,0.0
50.749221900012344,310588.9514979,0.5132675000000266,7.653455000000006,74.13752449999998,0.6753232252740177,7.82957705535635,73.89349427106177,-0.2277924399999991,-0.377272360000001,-0.18284247999999856,74.31020679497398,1.0,4370.97,0.0,1.47,0.0,0.0,0.49
50.860065900022164,310589.0623419,2.2482675000000265,4.2334550000000055,44.752524499999986,1.051346916484345,6.969898101037701,66.92713494426874,-0.2209924399999991,-0.15407236000000096,-0.10524247999999856,67.29729713536798,1.0,4233.63,0.0,0.49,0.0,0.0,0.0
50.97169919998851,310589.1739752,1.6832675000000266,1.4684550000000056,21.342524499999985,1.2024120967220497,5.654738387451454,56.02980453208707,-0.1505924399999991,-0.036872360000000964,-0.08724247999999857,56.32726566224163,1.0,3856.79,0.0,0.0,0.49,0.49,0.0
51.0825662999996,310589.2848423,-0.5067324999999734,-0.25154499999999447,8.482524499999984,0.7938287346804735,4.24279867898938,44.663283777376414,-0.0481924399999991,0.003927639999999033,-0.06484247999999856,44.871376427171185,1.0,3053.27,0.0,0.0,0.0,0.49,0.0
51.19251770002302,310589.3947937,0.42826750000002667,-0.6015449999999946,4.437524499999984,0.7064386808580707,3.0847233288741926,35.047025446894914,0.018607560000000904,-0.0008723600000009671,-0.0004424799999985518,35.18960878300315,1.0,2291.3,0.0,0.0,0.0,0.0,0.0
51.30259839998325,310589.5048744,0.14326750000002653,-0.5815449999999945,1.5575244999999844,0.571808541944594,2.208275401161732,27.041118330422698,0.013807560000000905,0.0027276399999990337,0.008757520000001448,27.137161344104126,1.0,1257.58,0.0,0.0,0.98,0.0,0.0
51.412559400021564,310589.6148354,0.31326750000002646,-0.5215449999999945,0.09252449999998447,0.5100024382679111,1.5556921151041943,20.598862309109723,0.004207560000000905,0.003927639999999033,0.007157520000001451,20.66381883567744,1.0,145.65,0.0,0.0,0.0,0.0,0.0
51.525880399974994,310589.7281564,0.06326750000002646,-0.46154499999999454,0.32752449999998434,0.4032072242356984,1.0734570110029527,15.752852573589577,0.0018075600000009052,0.0027276399999990337,0.009957520000001448,15.79453228890919,1.0,0.0,0.0,0.0,0.0,0.0,0.0
51.628251300018746,310589.8305273,-0.0017324999999734914,-0.47654499999999456,0.32752449999998434,0.30640345803024094,0.7029178336616045,12.065316471033242,0.0018075600000009052,0.003127639999999034,0.011157520000001447,12.089658312217034,1.0,0.0,0.0,0.0,0.0,0.0,0.0
51.740094500011764,310589.9423705,0.3432675000000267,-1.1765449999999944,1.4825244999999847,0.3152160735546058,0.2536186667669859,9.535423604388548,0.0038075600000009053,0.003927639999999033,0.011557520000001452,9.544002667449865,1.0,386.61,0.0,2.93,0.98,0.0,0.0
51.851000000024214,310590.053276,0.028267500000026757,-0.8065449999999944,0.8125244999999844,0.24661894424160075,0.00017888401674473475,7.450151562657259,-0.002992439999999095,0.011527639999999034,0.003957520000001449,7.4542323040151315,1.0,0.0,0.0,0.0,0.0,0.0,0.0
51.96180540003115,310590.1640814,0.48326750000002683,1.9484550000000056,5.027524499999984,0.30319149095268927,0.4659283631307183,6.871005063214294,0.037807560000000906,-0.041272360000000965,-0.004442479999998555,6.893455222054629,1.0,0.0,0.0,0.0,0.0,0.0,0.0
52.072657399985474,310590.2749334,-1.6917324999999734,0.8634550000000055,11.262524499999984,-0.17370949963880802,0.5609599772519843,7.920829507204654,0.13820756000000092,-0.04247236000000097,-0.013642479999998548,7.942568298009607,1.0,569.89,0.0,1.47,0.49,0.49,0.49
52.18601350003155,310590.3882895,0.0982675000000266,1.4434550000000057,24.182524499999985,-0.10869143321918305,0.7719267872403774,11.808305163386137,0.2510075600000009,0.055127639999999034,0.04275752000000145,11.834008434345744,1.0,2742.42,0.0,0.49,0.49,0.49,0.49
52.29762050003046,310590.4998965,1.5932675000000267,2.6234550000000056,34.237524499999985,0.29817414405561,1.2145479812195537,17.170172065752205,0.25780756000000093,0.13672763999999904,0.09235752000000146,17.215656925787208,1.0,3405.67,0.0,0.49,0.0,0.0,0.0
52.408405800000764,310590.6106818,0.9032675000000268,3.9684550000000054,41.49252449999999,0.4428260817529562,1.872889347211196,22.984606110364144,0.5162075600000009,0.06912763999999903,0.07315752000000145,23.06503690641241,1.0,3655.91,0.0,1.96,0.49,0.49,0.0
52.519212800019886,310590.7214888,0.0982675000000266,5.263455000000006,48.862524499999985,0.3604568638278645,2.6834285586366495,29.170909433414458,0.7834075600000009,0.021527639999999036,0.04155752000000145,29.296291150117554,1.0,3916.42,0.0,2.44,0.0,0.0,0.0
52.62231280002743,310590.8245888,0.18826750000002646,4.953455000000006,52.887524499999984,0.3192937525758909,3.2260947772318245,34.840537584675815,0.8154075600000009,0.14632763999999904,0.05835752000000145,34.99103735531893,1.0,4110.95,0.0,0.49,0.0,0.49,0.0
52.73337590001756,310590.9356519,0.37826750000002685,4.628455000000006,56.142524499999986,0.3333918529010228,3.561339118588852,39.93293143404442,0.8122075600000009,0.22752763999999906,0.04955752000000145,40.09280857412293,1.0,4233.63,0.0,1.96,3.42,0.0,0.0
52.8442971999757,310591.0465732,0.0982675000000266,5.363455000000006,59.81252449999999,0.277183677893251,3.9921479378237303,44.685291758902046,0.7542075600000009,0.24712763999999904,0.05355752000000145,44.864121249913715,1.0,4267.35,0.0,0.98,0.0,0.49,0.49
52.95566839998355,310591.1579444,0.5432675000000264,4.993455000000006,62.00752449999999,0.34079293765381696,4.231517624089365,48.82629662472708,0.712207560000001,0.23832763999999904,0.09515752000000145,49.01050013328949,1.0,4266.37,0.0,0.98,0.0,0.0,0.0
53.06589740002528,310591.2681734,-0.01673249999997317,5.6484550000000056,63.292524499999985,0.25532389915810566,4.5702467392047765,52.28455289670936,0.6242075600000009,0.06952763999999903,0.06555752000000145,52.48453883916188,1.0,4187.68,0.0,0.0,0.0,0.49,0.0
53.17678320000414,310591.3790592,-0.7767324999999734,6.288455000000006,62.60752449999998,0.00860336176573101,4.980996835615434,54.75233382760399,0.7026075600000009,0.15072763999999905,-0.04964247999999855,54.97843634611331,1.0,4136.85,0.0,0.98,0.0,0.49,0.0
53.29009520000545,310591.4923712,-1.2567324999999738,6.533455000000006,65.21252449999999,-0.293884316283016,5.352123174164955,57.25291796818539,0.901807560000001,0.17752763999999904,-0.08524247999999857,57.50328865668951,1.0,4266.37,0.0,0.0,2.93,0.0,0.0
53.400174400012475,310591.6024504,-1.751732499999973,6.833455000000006,68.97752449999999,-0.6423934555282762,5.706246247695234,60.05576985360873,0.8366075600000009,0.18232763999999904,-0.049242479999998555,60.32967270175316,1.0,4330.4,0.0,0.0,0.0,0.49,0.0
53.511759600020014,310591.7140356,-1.4317324999999737,5.848455000000006,71.65252449999998,-0.8310906559871938,5.740242277194353,62.82805782226937,0.8458075600000009,0.09192763999999905,-0.01644247999999856,63.09521331129472,1.0,4321.6,0.0,0.0,0.0,1.47,0.49
53.62348760000896,310591.8257636,-0.39173249999997317,5.688455000000006,69.95752449999999,-0.7260589150461771,5.727862154489915,64.53240833207258,0.9618075600000009,0.04552763999999904,-0.11604247999999856,64.79017897448892,1.0,4285.44,0.0,1.47,0.0,0.49,0.0
53.73422089999076,310591.9364969,-0.061732499999973545,5.513455000000006,67.23252449999998,-0.5672468866939899,5.676606575415289,65.17789060660363,1.0366075600000009,0.10872763999999904,-0.19284247999999857,65.42708197045701,1.0,4314.27,0.0,0.98,0.0,0.49,0.49
53.84516610001447,310592.0474421,-0.2917324999999735,5.708455000000006,61.78252449999999,-0.5013831823461168,5.6842201713728855,64.36620381201712,1.052207560000001,0.054727639999999037,-0.21724247999999857,64.61865007273295,1.0,4330.89,0.0,0.49,0.0,0.49,0.0
53.95680200000061,310592.159078,-0.5017324999999735,5.003455000000006,61.277524499999984,-0.5014666892546059,5.521478339573631,63.627832711062524,0.9358075600000009,0.045927639999999034,-0.07884247999999855,63.86892270425243,1.0,4311.83,0.0,1.47,0.0,0.0,0.0
54.068447199999355,310592.2707232,0.18326750000002656,5.068455000000006,60.322524499999986,-0.3377760350600779,5.413179837784318,62.8376749069483,0.6806075600000009,0.09832763999999904,0.06955752000000145,63.071308820392936,1.0,4304.01,0.0,0.98,0.0,0.0,0.0
54.17850079998607,310592.3807768,-0.8067324999999737,5.598455000000006,61.71252449999999,-0.44988346556289244,5.45747120366762,62.5686995745188,0.4890075600000009,-0.20087236000000097,0.16835752000000145,62.80787015587965,1.0,4153.47,0.0,0.49,0.0,0.0,0.49
54.28350100002717,310592.485777,-0.7667324999999736,5.318455000000006,61.207524499999984,-0.5256285160391484,5.424238375981942,62.24330084035626,0.4770075600000009,-0.321672360000001,0.20395752000000145,62.481414411002596,1.0,3939.39,0.0,0.0,0.0,0.0,0.0
54.393434899975546,310592.5957109,-0.06673249999997344,5.368455000000006,60.847524499999984,-0.41592610851881734,5.410902956996069,61.909630423649205,0.5614075600000009,-0.23007236000000097,0.13635752000000145,62.14702892762138,1.0,3931.57,0.0,0.98,0.49,0.0,0.0
54.50432780000847,310592.7066038,0.17826750000002667,5.338455000000006,58.81752449999998,-0.2738798341790863,5.393583749540324,61.17044016643146,0.6018075600000009,-0.14687236000000098,0.06555752000000145,61.408374884716224,1.0,4022.97,0.0,0.49,0.0,0.0,0.0
54.61512620002031,310592.8174022,0.02326750000002642,5.758455000000006,55.447524499999986,-0.20284461746691024,5.480808857650575,59.80233583625624,0.626607560000001,-0.19767236000000096,0.007957520000001446,60.05330784515799,1.0,4038.12,0.0,0.98,0.0,0.49,0.0
54.726778500014916,310592.9290545,0.15326750000002676,6.018455000000006,51.99752449999998,-0.11771344337114101,5.609337051725627,57.936539307405596,0.6678075600000009,-0.25287236000000096,-0.02324247999999856,58.20756914296599,1.0,3983.38,0.0,0.98,0.0,0.0,0.49
54.837645500025246,310593.0399215,0.6032675000000265,5.283455000000006,43.55252449999998,0.05464225922738514,5.531432593215546,54.497936663172176,0.6182075600000009,-0.24047236000000097,-0.04084247999999855,54.77795937101807,1.0,3883.19,0.0,0.49,0.0,0.49,0.49
54.94926820002729,310593.1515442,1.4132675000000265,2.2534550000000055,28.187524499999984,0.3794314372138956,4.7478083707233925,48.208242579391346,0.5250075600000009,-0.14007236000000098,-0.00764247999999855,48.4429592937312,1.0,3675.46,0.0,0.98,0.49,0.0,0.49
55.0601562000229,310593.2624322,-0.5567324999999737,0.26345500000000555,11.937524499999984,0.15563468553909737,3.6757913042290284,39.53746541696605,0.2602075600000009,-0.025672360000000966,-0.002842479999998551,39.70827162525933,1.0,3252.69,0.0,0.98,0.0,0.0,0.0
55.17176280001877,310593.3740388,-0.3567324999999735,0.5284550000000056,2.7125244999999847,0.03314960869490473,2.923397825570914,30.73419728172851,0.043807560000000904,-0.0012723600000009664,-0.004442479999998555,30.872936956099878,1.0,2044.97,0.0,2.93,0.49,0.0,0.49
55.283439000020735,310593.485715,0.10826750000002683,0.7784550000000056,0.8675244999999844,0.051107083233796674,2.410633748886268,23.594353408039574,-0.007792439999999096,0.008727639999999034,0.011557520000001452,23.7172359213441,1.0,177.91,0.0,0.0,0.0,0.0,0.0
55.393410600023344,310593.5956866,0.14826750000002642,-0.5365449999999945,0.31252449999998444,0.07433398271078892,1.706089379693096,18.02866402870457,0.0018075600000009052,0.003127639999999034,0.012357520000001447,18.109362031070923,1.0,0.0,0.0,0.0,0.0,0.0,0.0
55.50425210001413,310593.7065281,0.17326750000002678,-0.4265449999999945,0.3675244999999844,0.09798475467599414,1.1962677259069634,13.806641047171471,0.0014075600000009042,0.0027276399999990337,0.011557520000001452,13.85871547040474,1.0,0.0,0.0,0.0,0.0,0.0,0.0
55.615239800012205,310593.8175158,-0.4067324999999733,-0.25654499999999447,3.332524499999985,-0.02267155093525129,0.8489623492253703,11.302727825629887,-0.009392439999999096,0.017527639999999033,0.03155752000000145,11.334588981074354,1.0,793.74,0.0,1.47,0.98,0.0,0.0
55.72601669997675,310593.9282927,-0.3017324999999733,2.6234550000000056,10.742524499999984,-0.08938308663682742,1.273167635637125,11.168807173947329,-0.025792439999999098,0.021927639999999034,0.025957520000001448,11.241494511559745,1.0,1425.22,0.0,0.98,0.0,0.98,0.0
55.836953999998514,310594.03923,0.08826750000002681,2.6584550000000053,10.957524499999984,-0.04691443062261102,1.604330586864683,11.118298524516435,0.005407560000000904,0.06672763999999903,0.03475752000000145,11.23354973621493,1.0,2579.67,0.0,1.47,0.98,0.0,0.0
55.94794959999854,310594.1502256,-0.02173249999997351,1.3184550000000057,3.8975244999999843,-0.04089450820280633,1.5359899627707372,9.392120333895356,0.003007560000000905,0.022727639999999036,0.017157520000001446,9.516977560807014,1.0,2391.98,0.0,2.44,1.47,0.0,0.0
56.06016519997502,310594.2624412,-0.13673249999997328,0.12345500000000553,2.3375244999999847,-0.06380527243826097,1.198313276317739,7.705668240148801,0.005007560000000905,0.005127639999999033,0.013957520000001451,7.79854786791927,1.0,918.38,0.0,2.44,1.96,0.49,0.0
56.17259600001853,310594.374872,-0.9517324999999732,-0.026544999999994462,8.482524499999984,-0.27607069022749964,0.9055020574646484,7.891381340773409,0.014607560000000904,-0.008072360000000969,0.03515752000000145,7.947958761064511,1.0,1419.84,0.0,0.49,0.49,0.0,0.0
56.27654699998675,310594.478823,0.7932675000000264,2.0834550000000056,16.147524499999985,-0.020437671370829275,1.1871002174511915,9.86507200215049,-0.0545924399999991,0.017527639999999033,0.07035752000000145,9.936260374622698,1.0,2464.81,0.0,0.49,0.0,0.0,0.0
56.38777560001472,310594.5900516,0.9832675000000268,2.6684550000000056,20.657524499999983,0.21950530022077763,1.5412287789497259,12.445085732236626,-0.1389924399999991,0.05232763999999904,0.07275752000000145,12.542078281074772,1.0,2939.39,0.0,0.49,0.0,0.0,0.0
56.49847709998721,310594.7007531,0.3282675000000266,3.4384550000000056,26.137524499999984,0.24550568973379588,1.9947744119154036,15.718362128517487,-0.1661924399999991,0.033127639999999035,0.07435752000000145,15.84633415024866,1.0,3170.58,0.0,0.98,0.0,0.49,0.0
56.61010230000829,310594.8123783,0.13326750000002674,5.138455000000006,37.307524499999985,0.21867433971295136,2.7462939652217244,20.879407345124434,-0.1185924399999991,-0.02607236000000097,0.08555752000000146,21.06037986584996,1.0,3437.93,0.0,0.98,0.0,0.98,0.0
56.721872100024484,310594.9241481,1.3682675000000266,6.373455000000006,44.80252449999998,0.49349288889301646,3.6133930117846913,26.59840131228221,-0.1749924399999991,0.07232763999999904,0.11795752000000145,26.84725491848689,1.0,3697.46,0.0,0.98,0.0,0.0,0.49
56.83267919998616,310595.0349552,0.8532675000000265,6.453455000000006,48.27252449999998,0.5794996085498734,4.292330345569695,31.77975702573406,-0.2753924399999991,0.18712763999999904,0.17235752000000146,32.073554156134634,1.0,3905.67,0.0,0.49,0.0,0.49,0.49
56.943492099992,310595.1457681,0.07826750000002658,6.918455000000006,55.682524499999985,0.45967645229541587,4.920124414313383,37.493886254743934,-0.28379243999999915,0.11192763999999904,0.14755752000000147,37.818123078450014,1.0,4004.4,0.0,0.49,1.47,0.0,0.0
57.054321600007825,310595.2565976,0.6382675000000266,7.163455000000006,60.10752449999998,0.5023699323214041,5.456408795768566,42.899839829391325,-0.2601924399999991,0.10552763999999905,0.13795752000000144,43.2483644763923,1.0,4069.89,0.0,0.0,0.0,0.0,0.0
57.165115599986166,310595.3673916,0.5932675000000267,6.883455000000006,61.307524499999985,0.5240996524836202,5.7975544993163055,47.30032981984806,-0.24099243999999911,0.06232763999999903,0.10235752000000145,47.65718749238863,1.0,4114.86,0.0,0.98,0.98,0.49,0.49
57.27600529999472,310595.4782813,-0.10173249999997358,8.093455000000006,65.15752449999998,0.37448995566459137,6.34640609869614,51.56922120156072,-0.3337924399999991,0.07152763999999905,0.14315752000000145,51.95961593807215,1.0,4134.41,0.0,1.47,0.0,0.0,0.49
57.38596179999877,310595.5882378,0.2282675000000265,8.058455000000006,66.19752449999999,0.3395344213838835,6.755683755727571,55.066222774220684,-0.40379243999999914,0.12392763999999905,0.15315752000000146,55.48011749492611,1.0,4182.31,0.0,0.49,0.0,0.0,0.0
57.4976650000317,310595.699941,0.6932675000000268,8.253455000000006,66.48252449999998,0.4240968690571201,7.113736790987265,57.79537216868739,-0.4221924399999991,0.16432763999999905,0.14755752000000147,58.233067525271885,1.0,4204.3,0.0,0.49,0.0,0.0,0.0
57.60773240000708,310595.8100084,1.1582675000000267,8.253455000000006,66.81752449999999,0.5996056617468386,7.3861946617323975,59.95218285600368,-0.42179243999999916,0.16032763999999905,0.11915752000000146,60.40844003721917,1.0,4237.54,0.0,0.0,0.49,0.0,0.0
57.718457799986936,310595.9207338,1.4582675000000265,6.913455000000006,68.56252449999998,0.8048749768200956,7.273182830707995,62.010547223756916,-0.4153924399999991,0.16512763999999905,0.10795752000000144,62.440811807719186,1.0,4253.67,0.0,0.49,0.0,0.0,0.0
57.82849480002187,310596.0307708,1.7432675000000266,6.283455000000006,68.25752449999999,1.0292044880685183,7.036581243368714,63.50393226737465,-0.36139243999999915,0.11912763999999905,0.07355752000000146,63.90087754399071,1.0,4257.09,0.0,0.0,0.0,0.0,0.0
57.93934270000318,310596.1416187,1.7282675000000267,5.828455000000006,67.80752449999999,1.19632055082979,6.74776993785778,64.53273707805859,-0.3337924399999991,0.10112763999999905,0.06195752000000145,64.89559104269281,1.0,4252.2,0.0,0.0,0.0,0.0,0.0
58.049360000004526,310596.251636,1.6332675000000267,5.798455000000006,67.53752449999999,1.3007758753635874,6.520829344481347,65.25105321668822,-0.32619243999999914,0.07592763999999905,0.05395752000000145,65.58897147466833,1.0,4252.69,0.0,0.0,0.0,0.49,0.0
58.16017970000394,310596.3624557,1.5082675000000267,6.123455000000006,66.48752449999998,1.3503782470716457,6.425834136955521,65.54664060875108,-0.34699243999999907,0.07392763999999905,0.04475752000000145,65.87470653337745,1.0,4243.89,0.0,0.0,0.0,0.0,0.0
58.270172899996396,310596.4724489,1.5782675000000266,6.238455000000006,66.37252449999998,1.4048568191674182,6.381039800712369,65.74407411881784,-0.3477924399999991,0.06512763999999904,0.04355752000000145,66.06795420899039,1.0,4245.85,0.0,0.0,0.0,0.0,0.0
58.38006970001152,310596.5823457,1.3432675000000267,6.638455000000006,59.807524499999985,1.3901334475231888,6.442576763569264,64.32489904911615,-0.32099243999999916,0.05232763999999904,0.02235752000000145,64.66167260468437,1.0,4227.27,0.0,0.0,0.0,0.49,0.0
58.49098760000197,310596.6932636,1.7532675000000266,5.443455000000006,40.892524499999986,1.4769432659067996,6.2037294887213825,58.72322064679869,-0.2493924399999991,0.05432763999999904,0.01075752000000145,59.06847098167128,1.0,4079.18,0.0,0.0,0.0,0.0,0.0
58.60091169999214,310596.8031877,2.398267500000027,3.3234550000000054,30.747524499999983,1.6971924793543702,5.515179066210956,52.03542839736876,-0.1841924399999991,0.009927639999999033,-0.01004247999999855,52.35440259368872,1.0,3835.29,0.0,0.49,0.0,0.0,0.0
58.71191710000858,310596.9141931,1.9082675000000267,2.9684550000000054,26.592524499999985,1.7476514877634897,4.906366281640043,45.95311843107022,-0.1401924399999991,-0.03367236000000097,-0.03364247999999855,46.247332997182255,1.0,3587.98,0.0,0.0,0.0,0.0,0.0
58.82420919998549,310597.0264852,0.6032675000000265,2.2484550000000056,27.432524499999985,1.4740782289042282,4.27097339004765,41.52563666628761,-0.1325924399999991,-0.051272360000000974,-0.026442479999998554,41.770714871354,1.0,3451.61,0.0,0.49,0.0,0.0,0.0
58.934310999989975,310597.136587,1.8682675000000266,2.2634550000000053,30.407524499999983,1.5683120216295108,3.791061617375461,38.867771640022674,-0.2137924399999991,0.07432763999999904,0.03875752000000145,39.08369766341046,1.0,3558.65,0.0,1.96,0.0,0.0,0.0
59.045126600016374,310597.2474026,2.0382675000000265,2.9434550000000055,35.98252449999998,1.680658273509399,3.5884351327116377,38.178032469298174,-0.2661924399999991,0.16952763999999904,0.04715752000000145,38.383116629069875,1.0,3794.23,0.0,0.0,0.0,0.0,0.0
59.155083400022704,310597.3573594,0.9232675000000268,5.423455000000006,46.457524499999984,1.4995985380058967,4.0271098874560485,40.157304847064566,-0.28899243999999913,0.07112763999999903,0.006357520000001449,40.38657626490405,1.0,3931.57,0.0,0.49,0.0,0.98,0.0
59.25863029999891,310597.4609063,-0.7717324999999735,6.438455000000006,55.22752449999999,0.9566204461594306,4.603559355228009,43.75994971649854,-0.29899243999999914,-0.05767236000000096,-0.012842479999998553,44.011828871402265,1.0,4005.38,0.0,0.0,0.0,0.49,0.0
59.36834159999853,310597.5706176,-0.586732499999973,6.988455000000006,59.707524499999984,0.5876707757991876,5.173685886668425,47.572332667566215,-0.2981924399999991,-0.19087236000000096,-0.002842479999998551,47.85644385062714,1.0,4007.33,0.0,0.0,0.0,0.0,0.0
59.48021730000619,310597.6824933,0.24326750000002662,6.283455000000006,59.41252449999998,0.5053386848842141,5.438984209750368,50.40281605404577,-0.27059243999999916,-0.18807236000000097,0.02435752000000145,50.69794653236291,1.0,4010.26,0.0,0.0,0.0,0.0,0.0
59.591086599975824,310597.7933626,0.02326750000002642,6.558455000000006,56.392524499999986,0.3900960858430854,5.706601788780709,51.83469912537307,-0.2753924399999991,-0.20807236000000098,-0.0024424799999985536,52.14933856100053,1.0,4003.91,0.0,0.0,0.0,0.0,0.0
59.703616000013426,310597.905892,0.3232675000000267,5.663455000000006,51.24252449999999,0.37412022965361524,5.696287237247078,51.69313550353868,-0.24019243999999912,-0.19567236000000096,-0.012442479999998556,52.007383249137526,1.0,3955.03,0.0,0.49,0.49,0.0,0.0
59.81509109999752,310598.0173671,2.3882675000000266,3.8684550000000053,33.87252449999998,0.8556166840456747,5.25933073738468,47.432989713986636,-0.1577924399999991,-0.08887236000000097,-0.01324247999999855,47.731343506362556,1.0,3851.91,0.0,0.0,0.0,0.0,0.0
59.92599399999017,310598.12827,1.5682675000000266,1.3634550000000056,12.382524499999985,1.0259810095116135,4.327993500073257,39.053922813667974,-0.0757924399999991,0.022327639999999035,0.002357520000001445,39.306399630397216,1.0,3385.63,0.0,0.49,0.0,0.0,0.0
60.036735599976964,310598.2390116,0.6082675000000268,-0.11654499999999449,3.5475244999999846,0.9261235776630968,3.2654944660149328,30.565861812387283,-0.022592439999999096,0.03832763999999904,0.017157520000001446,30.75374883364031,1.0,2505.38,0.0,1.47,0.0,0.0,0.0
60.14022210001713,310598.3424981,-0.06673249999997344,-0.7965449999999946,0.2625244999999844,0.6887741602919654,2.2944345890723614,23.3216301283498,0.005807560000000905,0.003127639999999034,0.02435752000000145,23.444344131815047,1.0,858.75,0.0,0.0,0.49,0.49,0.0
60.250807699980214,310598.4530837,0.15826750000002665,-0.45654499999999454,0.3525244999999845,0.561952710975596,1.6367930462990519,17.830699508015858,0.0014075600000009042,0.0043276399999990335,0.011557520000001452,17.914483728841944,1.0,0.0,0.0,0.0,0.0,0.0,0.0
60.36198929999955,310598.5642653,0.17326750000002678,-0.45154499999999453,0.33752449999998435,0.4690347035812418,1.137560750990233,13.648829658463702,0.0018075600000009052,0.003127639999999034,0.009957520000001448,13.70418144440285,1.0,0.0,0.0,0.0,0.0,0.0,0.0
60.47162149997894,310598.6738975,0.20826750000002647,1.0634550000000056,5.837524499999985,0.4066964198843933,1.1198452359049242,11.781480734505518,-0.0009924399999990952,-0.01887236000000097,0.004757520000001451,11.841568461477156,1.0,120.23,0.0,0.0,0.0,0.0,0.0
60.58516979997512,310598.7874458,0.5132675000000266,3.0184550000000057,13.397524499999983,0.4321730064140288,1.5737216148296382,12.167807670317988,0.053007560000000904,-0.07247236000000097,0.004357520000001447,12.276763283956575,1.0,1458.94,0.0,0.98,0.0,0.0,0.0
60.69600980001269,310598.8982858,0.3282675000000266,4.083455000000006,19.567524499999983,0.4073336445328348,2.1736915098915204,13.936763431127048,0.15740756000000092,-0.12007236000000096,0.003957520000001449,14.11113852293085,1.0,2587.0,0.0,0.0,0.0,0.0,0.0
60.805987900006585,310599.0082639,0.2132675000000268,4.638455000000006,23.027524499999984,0.3609407308239912,2.762911026693845,16.109975532759943,0.2182075600000009,-0.06287236000000096,0.017157520000001446,16.34916717202189,1.0,3127.08,0.0,0.0,0.49,0.0,0.49
60.916845400002785,310599.1191214,0.04326750000002644,5.5234550000000056,28.152524499999984,0.2849986502477768,3.422839004607633,18.988833854064108,0.28900756000000094,-0.050472360000000965,0.023157520000001448,19.296965103853964,1.0,3598.73,0.0,2.44,1.96,0.0,0.0
61.02692929998739,310599.2292053,0.10826750000002683,5.628455000000006,34.54752449999999,0.24274979214402628,3.950107440817458,22.708251242899124,0.3398075600000009,-0.10007236000000097,-0.007242479999998552,23.050530379282318,1.0,3751.22,0.0,0.98,0.49,0.0,0.0
61.13766970002325,310599.3399457,-0.9267324999999738,6.178455000000006,42.70252449999998,-0.03682339767778217,4.4828100215552915,27.488026695855083,0.3930075600000009,-0.20167236000000097,-0.037642479999998556,27.851185850588386,1.0,3806.94,0.0,0.0,0.0,0.98,0.0
61.2484792000032,310599.4507552,-0.7717324999999735,6.958455000000006,52.49752449999998,-0.21250872728514844,5.074630836748027,33.46672780481157,0.46220756000000096,-0.300072360000001,-0.028842479999998553,33.84994694308684,1.0,3844.57,0.0,0.49,0.0,0.49,0.0
61.35932019999018,310599.5615962,-0.1467324999999735,6.173455000000006,56.947524499999986,-0.19678444501076892,5.337312690451383,39.07998187093033,0.5034075600000009,-0.16247236000000098,-0.0052424799999985505,39.4432581553007,1.0,3949.66,0.0,0.0,0.0,0.0,0.49
61.47433870000532,310599.6766147,-0.44673249999997333,5.688455000000006,56.12252449999998,-0.25653633308337975,5.4212557960643215,43.15412479510252,0.5646075600000009,-0.03407236000000097,-0.022842479999998548,43.494072149292194,1.0,4163.73,0.0,0.0,0.0,0.0,0.0
61.584373000019696,310599.786649,-0.4117324999999732,5.338455000000006,57.06752449999998,-0.2936370978614815,5.401461667644431,46.48022349954107,0.683007560000001,-0.10487236000000097,-0.012842479999998553,46.7939439186265,1.0,4244.87,0.0,0.0,0.0,0.49,0.0
61.696002100012265,310599.8982781,0.17826750000002667,5.498455000000006,59.292524499999985,-0.18082489488759101,5.424648624386103,49.543096604775215,0.7966075600000009,-0.14767236000000097,-0.004842479999998553,49.83952178272535,1.0,4247.8,0.0,0.49,0.0,0.0,0.49
61.805962799990084,310600.0082388,0.6332675000000267,5.123455000000006,59.99752449999998,0.013789772796818922,5.352646112771122,52.04230311184578,0.8722075600000009,-0.17087236000000097,0.0031575200000014472,52.316845506506134,1.0,4251.22,0.0,0.98,0.0,0.0,0.0
61.91594450001139,310600.1182205,0.8682675000000266,5.293455000000006,58.04752449999999,0.2180588458991888,5.338496049689631,53.477894664065445,0.824207560000001,-0.12207236000000096,0.02795752000000145,53.7441374238503,1.0,4268.33,0.0,1.47,0.49,0.0,0.0
62.02602059999481,310600.2282966,0.17826750000002667,5.083455000000006,55.45252449999998,0.20854643722480254,5.277526644444074,53.94994419030279,0.777807560000001,-0.16487236000000097,-0.0024424799999985536,54.2078615814725,1.0,4275.66,0.0,0.98,0.98,0.0,0.0
62.13180770003237,310600.3340837,-0.4517324999999732,4.918455000000006,55.89752449999998,0.050701987683231725,5.191687974045951,54.41552733189784,0.7986075600000009,-0.21727236000000097,-0.033242479999998555,54.66265461464463,1.0,4232.65,0.0,1.96,0.0,0.0,0.0
62.24357869999949,310600.4458547,0.31326750000002646,5.1084550000000055,55.93752449999999,0.11347017007360263,5.171790530357667,54.77937174924767,0.7674075600000009,-0.14887236000000098,-0.002842479999998551,55.02308481002922,1.0,4237.05,0.0,2.44,0.98,0.0,0.0
62.35695450002095,310600.5592305,0.7782675000000268,4.968455000000006,52.85252449999999,0.27239477402961226,5.1231817030089575,54.31874499552063,0.6642075600000009,-0.07327236000000097,0.02355752000000145,54.560491636012244,1.0,4277.13,0.0,0.0,0.0,0.0,0.49
62.46765669999877,310600.6699327,1.0382675000000265,4.428455000000006,56.832524499999984,0.4554821815392489,4.95710226621943,54.91968214463091,0.6930075600000009,-0.13127236000000098,0.02795752000000145,55.14482581133745,1.0,4267.84,0.0,0.0,0.0,0.0,0.0
62.579423299990594,310600.7816993,2.7432675000000266,3.3534550000000056,56.77252449999998,1.0023937879877765,4.573738803106145,55.36261749389372,0.6786075600000009,-0.10127236000000096,0.09835752000000145,55.56026723946189,1.0,4262.46,0.0,0.0,0.0,0.49,0.0
62.690211299981456,310600.8924873,2.0082675000000267,3.2884550000000057,56.432524499999985,1.242855164884402,4.2664824255838045,55.61838649229511,0.7926075600000009,-0.18847236000000098,0.060357520000001455,55.79563134560814,1.0,4278.1,0.0,0.0,0.0,0.0,0.0
62.79321209999034,310600.9954881,2.2082675000000265,3.6484550000000056,50.847524499999984,1.4736439573566544,4.11873850510848,54.47787747018727,0.7510075600000009,-0.13527236000000098,0.04595752000000145,54.653222842237355,1.0,4246.33,0.0,0.0,0.0,0.0,0.0
62.90345869999146,310601.1057347,1.5232675000000266,4.3984550000000056,48.44252449999998,1.4855068236867055,4.185606753775361,53.035082745623775,0.7202075600000009,-0.16487236000000097,0.014357520000001449,53.22072938485182,1.0,4246.33,0.0,0.0,0.49,0.0,0.0
63.01522030000342,310601.2174963,0.7582675000000267,4.778455000000006,48.057524499999985,1.3116550100656534,4.327331409540291,51.84516149106446,0.6914075600000009,-0.20327236000000098,-0.007242479999998552,52.04197350243337,1.0,4171.07,0.0,0.0,0.0,0.0,0.0
63.12613330001477,310601.3284093,1.4632675000000268,4.288455000000006,52.69252449999998,1.3478990709740681,4.3180377230116385,52.047729739370986,0.7270075600000009,-0.12207236000000096,0.047957520000001454,52.24393220944885,1.0,4204.3,0.0,0.0,0.0,0.0,0.0
63.23691289999988,310601.4391889,0.8732675000000265,3.4034550000000054,64.79752449999998,1.2344349653790343,4.099400116486175,55.09566027645305,0.9226075600000009,-0.06287236000000096,0.12875752000000146,55.261747097763056,1.0,4299.12,0.0,0.0,0.0,0.0,0.0
63.347011899983045,310601.5492879,1.3382675000000268,3.5784550000000053,66.20252449999998,1.2592568828259894,3.974864423285444,57.75083640075506,0.9042075600000009,-0.07447236000000097,0.13915752000000145,57.90116043800177,1.0,4363.15,0.0,0.0,0.0,0.0,0.0
63.45985310000833,310601.6621291,1.3882675000000266,3.9234550000000055,64.67752449999999,1.290097802783916,3.9625746292874005,59.40671122657775,0.8854075600000009,-0.13327236000000098,0.11355752000000147,59.55269673819498,1.0,4355.82,0.0,0.0,0.49,0.49,0.0
63.57193630002439,310601.7742123,0.7432675000000266,3.9784550000000056,64.98752449999998,1.1593740688142073,3.9663709466198642,60.74084495321174,0.9050075600000009,-0.17127236000000098,0.09955752000000145,60.88124910305091,1.0,4332.84,0.0,0.98,0.0,0.0,0.0
63.67461240000557,310601.8768884,1.1982675000000267,3.1634550000000052,65.74752449999998,1.1686718244901826,3.774428089628173,61.937727865175354,0.9342075600000009,-0.12047236000000097,0.13235752000000145,62.06363052817367,1.0,4346.53,0.0,0.49,0.0,0.0,0.0
63.78850050002802,310601.9907765,1.2582675000000267,3.3934550000000057,65.07752449999998,1.1900903179250901,3.6833537205512776,62.688318931398705,0.9306075600000009,-0.14407236000000098,0.10315752000000145,62.80771242483107,1.0,4356.3,0.0,0.0,0.0,0.0,0.0
63.89849380002124,310602.1007698,1.1932675000000268,4.0284550000000054,61.377524499999986,1.1908498462508301,3.7658526742807865,62.37496405390417,0.861407560000001,-0.18207236000000096,0.06515752000000145,62.49988728347069,1.0,4337.24,0.0,0.98,0.98,0.0,0.0
64.01015300001018,310602.212429,0.9282675000000267,4.4834550000000055,60.332524499999984,1.1280776395869325,3.937400693923796,61.886704124755184,0.8338075600000009,-0.22647236000000098,0.03515752000000145,62.02209147400979,1.0,4289.34,0.0,0.49,0.0,0.49,0.0
64.12103670003125,310602.3233127,1.5332675000000267,4.158455000000005,60.39752449999998,1.224941202652489,3.9902453226015617,61.530704978203595,0.8458075600000009,-0.21247236000000097,0.05795752000000145,61.672118447473714,1.0,4273.7,0.0,0.49,0.0,0.0,0.0
64.23270990001038,310602.4349859,1.4582675000000265,3.8484550000000053,58.487524499999985,1.2807195394917532,3.9563493217455696,60.803210702137996,0.8206075600000009,-0.22447236000000098,0.05155752000000145,60.94524898778494,1.0,4275.17,0.0,1.96,0.0,0.0,0.0
64.34520979999797,310602.5474858,1.1932675000000268,4.113455000000005,57.392524499999986,1.2598134977317688,3.993906569002549,59.9878615280476,0.7998075600000009,-0.25247236000000095,0.02515752000000145,60.13386691739691,1.0,4243.89,0.0,0.98,0.49,0.0,0.98
64.45509539998602,310602.6573714,1.2782675000000268,4.223455000000006,58.19252449999998,1.2642250602785239,4.04878177960099,59.558673242677074,0.8062075600000009,-0.22807236000000097,0.03675752000000145,59.70951730946955,1.0,4235.09,0.0,0.0,0.0,0.49,0.49
64.56602790002944,310602.7683039,1.5932675000000267,3.8634550000000054,59.457524499999984,1.3428850323684336,4.004478074208869,59.534492905080974,0.8466075600000009,-0.18687236000000096,0.05675752000000145,59.68412712205914,1.0,4259.04,0.0,0.98,0.0,0.0,0.49
64.68161800003145,310602.883894,1.8082675000000266,3.3134550000000056,59.887524499999984,1.4541380729975333,3.8392840166375755,59.61888765800917,0.8898075600000009,-0.16287236000000097,0.06315752000000145,59.76007350124386,1.0,4302.54,0.0,0.98,0.98,0.0,0.0
64.78197110001929,310602.9842471,1.5932675000000267,3.4934550000000053,59.48252449999998,1.4873979675392952,3.7566110920761835,59.58628906005271,0.8718075600000009,-0.21927236000000097,0.04035752000000145,59.72311381332278,1.0,4294.72,0.0,1.96,0.0,0.0,0.0
64.89596210001037,310603.0982381,1.1032675000000265,3.6884550000000056,60.50752449999999,1.395568804465082,3.740317885932298,59.80651704661827,0.886607560000001,-0.278472360000001,0.02435752000000145,59.93961187247764,1.0,4257.58,0.0,0.49,0.0,0.0,0.0
65.00691629998619,310603.2091923,1.5432675000000267,3.3784550000000055,61.307524499999985,1.4308772445505862,3.6538119490935728,60.165343721042646,0.9242075600000009,-0.20807236000000098,0.05835752000000145,60.2931698994133,1.0,4262.95,0.0,0.0,0.0,0.0,0.0
65.11704889999237,310603.3193249,1.4982675000000267,4.038455000000006,58.862524499999985,1.4469873719167443,3.745763648924409,59.853895375193545,0.8582075600000009,-0.21287236000000098,0.03035752000000145,59.988443131595815,1.0,4296.68,0.0,0.0,0.0,0.0,0.49
65.22768820001511,310603.4299642,0.8032675000000267,5.263455000000006,53.767524499999986,1.293101486553306,4.108578729610496,58.39890445190482,0.7550075600000009,-0.26047236000000096,-0.03204247999999855,58.55753215270126,1.0,4249.76,0.0,0.49,0.0,0.0,0.0
65.33869619999314,310603.5409722,0.9832675000000268,4.818455000000006,43.24252449999999,1.2190334339476476,4.2782797799169225,54.775662340613756,0.5870075600000009,-0.225672360000001,-0.05324247999999856,54.95600881833815,1.0,4167.64,0.0,0.0,0.0,0.49,0.0
65.45021239999915,310603.6524884,0.9182675000000264,4.248455000000006,34.31752449999998,1.1471331648214536,4.271149950835184,49.88499670819187,0.44700756000000097,-0.20447236000000096,-0.06004247999999856,50.08065028508182,1.0,3993.65,0.0,0.0,0.49,0.49,1.47
65.5601517999894,310603.7624278,1.2082675000000265,2.4284550000000054,24.387524499999984,1.1617477692565283,3.8306404119270923,43.78964179301083,0.3014075600000009,-0.12367236000000098,-0.016842479999998557,43.97222068766896,1.0,3802.05,0.0,1.96,0.49,0.0,0.0
65.67108619998908,310603.8733622,0.8582675000000268,0.32845500000000555,13.947524499999984,1.089198618667445,2.9934176907819485,36.65566808627915,0.1658075600000009,-0.034472360000000965,0.011557520000001452,36.79381613741441,1.0,3418.38,0.0,0.49,0.0,1.47,0.0
65.78185189998476,310603.9841279,0.4232675000000268,-0.47154499999999455,8.792524499999983,0.9300029743228522,2.1650933300089976,29.994782339477297,0.09260756000000091,-0.0072723600000009665,0.016757520000001448,30.087198311782338,1.0,2907.14,0.0,0.49,0.49,0.49,0.0
65.89185650000582,310604.0941325,-0.2617324999999733,-0.4015449999999945,5.397524499999984,0.6451100005528708,1.5515198968242745,24.114630171935616,0.053007560000000904,-0.0012723600000009664,0.009957520000001448,24.17310011629213,1.0,2215.54,0.0,0.98,0.0,0.0,0.0
66.0020217000274,310604.2042977,-0.5667324999999734,-0.5465449999999945,2.8225244999999846,0.35541029691727394,1.0499623276344197,19.0245985051773,0.033407560000000905,0.0043276399999990335,0.015557520000001449,19.0568645283478,1.0,1450.64,0.0,0.0,0.0,0.49,0.0
66.11191460001282,310604.3141906,-0.24673249999997315,-0.4265449999999945,1.5375244999999844,0.21146371166906236,0.6969925852492997,14.84418714442497,0.013007560000000907,0.007127639999999034,0.014757520000001446,14.862045873430645,1.0,902.74,0.0,0.98,0.0,0.0,0.0
66.22185540001374,310604.4241314,-0.44173249999997344,-0.5515449999999945,0.34752449999998436,0.05531243883444323,0.39852065654601043,11.378655221027955,0.003007560000000905,-0.0020723600000009668,0.006757520000001446,11.385766237658775,1.0,145.16,0.0,1.47,0.0,0.0,0.49
66.33272469998337,310604.5350007,-0.39173249999997317,-0.5965449999999946,0.05252449999998443,-0.051556883072522305,0.1606430233817758,8.671061856607286,0.004607560000000906,-0.012072360000000969,0.00955752000000145,8.672703039667805,1.0,0.0,0.0,0.49,0.0,0.0,0.0
66.44270590000087,310604.6449819,0.2182675000000267,-0.49654499999999446,0.3825244999999845,0.012946584807268048,0.003537479121933737,6.689627128343272,0.0018075600000009052,0.003127639999999034,0.01075752000000145,6.689640591547723,1.0,0.0,0.0,0.98,0.0,0.0,0.0
66.55362949997652,310604.7559055,0.14826750000002642,-0.46154499999999454,0.3775244999999844,0.045296027089706266,-0.10764384708693031,5.180673398865798,0.0014075600000009042,0.0027276399999990337,0.012357520000001447,5.181989559387541,1.0,0.0,0.0,0.0,0.0,0.49,0.0
66.66437880002195,310604.8666548,0.2182675000000267,-0.47154499999999455,0.45752449999998446,0.08664610716749885,-0.19463704637105594,4.051570536403057,0.0022075600000009046,0.003927639999999033,0.011157520000001447,4.0571683400071885,1.0,0.0,0.0,0.0,0.0,0.0,0.0
66.77515010000207,310604.9774261,0.6782675000000267,-0.3865449999999945,2.8425244999999846,0.2280774747667313,-0.2405140289543987,3.7625393477230316,0.006607560000000906,-0.012872360000000967,0.019157520000001448,3.7771111548091754,1.0,17.11,0.0,0.0,0.0,0.0,0.0
66.88534320000326,310605.0876192,-0.3267324999999732,1.6834550000000057,9.882524499999985,0.0954461425674869,0.21942466542039307,5.2255660067649945,0.014207560000000907,-0.10647236000000097,0.0003575200000014503,5.231041697500003,1.0,842.62,0.0,0.0,0.0,0.0,0.0
66.98930860002292,310605.1915846,-0.5967324999999737,2.7084550000000056,16.942524499999983,-0.07002416196730517,0.8144453466877777,8.026589573319423,0.11420756000000092,-0.16047236000000098,0.0011575200000014454,8.068107881313974,1.0,2332.84,0.0,0.0,0.0,0.0,0.0
67.09936270001344,310605.3016387,-0.4217324999999734,3.1734550000000055,20.987524499999985,-0.15410258077812428,1.3783836448794111,11.124994692290478,0.17500756000000092,-0.13767236000000097,0.017157520000001446,11.211119301004912,1.0,3004.89,0.0,0.0,1.47,0.0,0.98
67.21022300003096,310605.412499,-0.5017324999999735,4.083455000000006,24.902524499999984,-0.23720602411130737,2.0250504927033424,14.418612716335012,0.2074075600000009,-0.12407236000000096,0.007957520000001446,14.562056477693336,1.0,3361.19,0.0,2.44,1.47,0.0,0.98
67.32024279999314,310605.5225188,-1.0167324999999736,4.203455000000005,28.017524499999983,-0.42355745916827603,2.5458138261186916,17.669530811464632,0.22820756000000092,-0.11687236000000098,-0.0008424799999985494,17.85701229365574,1.0,3563.54,0.0,0.0,0.0,0.0,0.0
67.43184109998401,310605.6341171,-0.626732499999973,4.363455000000006,29.892524499999983,-0.4721279203364897,2.980334078667231,20.59152574685686,0.1442075600000009,-0.07007236000000097,-0.0016424799999985515,20.81144465377393,1.0,3680.35,0.0,0.0,0.0,0.98,0.0
67.54184790002182,310605.7441239,-0.8717324999999732,3.7934550000000056,32.50752449999998,-0.5676562816929581,3.1747165085808087,23.440131325331677,0.17900756000000093,-0.10207236000000097,-0.001242479999998554,23.660955498728203,1.0,3708.7,0.0,0.98,0.0,0.49,0.0
67.65267859998858,310605.8549546,0.15826750000002665,2.8634550000000054,34.70252449999998,-0.3941189578884618,3.1003071965226074,26.132487768879844,0.2326075600000009,-0.14487236000000098,0.0035575200000014517,26.318703453180053,1.0,3718.96,0.0,0.49,0.0,0.0,0.0
67.76346450002166,310605.9657405,0.5882675000000268,2.9184550000000056,37.41252449999998,-0.15927237875290143,3.056834115314409,28.829062032048007,0.30220756000000093,-0.212072360000001,-0.01564247999999855,28.99110932935916,1.0,3722.39,0.0,0.49,0.0,0.0,0.0
67.87804480001796,310606.0803208,0.7032675000000266,3.1384550000000053,38.002524499999986,0.04692400991527319,3.0763461773959957,31.022044500533458,0.3426075600000009,-0.23247236000000096,-0.01884247999999856,31.17424181369875,1.0,3748.29,0.0,0.98,0.0,0.0,0.0
67.98947839997709,310606.1917544,0.4732675000000266,3.5534550000000054,36.37252449999998,0.1488445009594253,3.1904024878878743,32.30111539419044,0.34940756000000095,-0.266872360000001,-0.03644247999999855,32.45863334197843,1.0,3748.29,0.0,0.98,0.0,0.0,1.47
68.10096469998825,310606.3032407,0.1982675000000267,4.238455000000006,35.30252449999998,0.1606594258925852,3.440947011631608,33.01862392194511,0.35140756000000095,-0.321672360000001,-0.060842479999998554,33.19782302330727,1.0,3652.0,0.0,0.98,0.0,0.49,0.49
68.21123549999902,310606.4135115,0.07826750000002658,4.788455000000006,34.527524499999984,0.14096304084077255,3.763078530124181,33.37933750483947,0.3226075600000009,-0.31887236000000097,-0.06644247999999855,33.59108219252168,1.0,3597.75,0.0,0.0,0.0,0.0,0.0
68.31343450001441,310606.5157105,0.11326750000002672,5.018455000000006,34.38252449999998,0.13434222174098742,4.0631853435988825,33.61915660266489,0.3126075600000009,-0.327272360000001,-0.07364247999999857,33.86406965566137,1.0,3587.98,0.0,0.0,0.0,1.47,0.0
68.42441330000293,310606.6266893,0.18826750000002646,4.823455000000006,34.722524499999984,0.1472334490440271,4.244933296853587,33.88292466882298,0.34540756000000095,-0.331272360000001,-0.07724247999999856,34.14811445008913,1.0,3562.07,0.0,0.0,0.49,0.0,0.0
68.53519500000402,310606.737471,0.8832675000000267,3.5234550000000056,36.31252449999999,0.3231877057484962,4.072458698312402,34.46373805894915,0.47660756000000093,-0.244072360000001,-0.08684247999999856,34.70502285172086,1.0,3686.22,0.0,0.0,0.0,0.0,0.0
68.64607070002239,310606.8483467,1.2582675000000267,3.5784550000000053,36.49752449999998,0.5467252852167207,3.9543635457404283,34.949929398963825,0.484207560000001,-0.26087236000000097,-0.07324247999999856,35.17717249271084,1.0,3767.35,0.0,0.0,0.0,0.0,0.0
68.75695469998755,310606.9592307,1.2032675000000266,3.9834550000000055,35.78252449999999,0.7036764442660299,3.96131806802652,35.14896727220939,0.455007560000001,-0.303672360000001,-0.07444247999999856,35.37848359776228,1.0,3727.27,0.0,0.0,0.0,0.49,0.0
68.86890459997812,310607.0711806,0.9332675000000266,4.508455000000006,35.597524499999984,0.758561844615646,4.092115103918972,35.25619811771551,0.4266075600000009,-0.336872360000001,-0.08004247999999856,35.50099051873673,1.0,3656.4,0.0,0.98,0.0,0.0,0.0
68.98026400001254,310607.18254,1.0332675000000267,4.583455000000006,35.34252449999998,0.8242322159019906,4.209573455325268,35.276835062988795,0.4182075600000009,-0.352072360000001,-0.08364247999999858,35.53667063024933,1.0,3607.04,0.0,0.49,0.0,0.0,0.49
69.09116030001314,310607.2934363,1.1782675000000267,4.758455000000006,34.972524499999984,0.9088669079786883,4.340787553486357,35.204087424685284,0.4126075600000009,-0.368472360000001,-0.08724247999999857,35.482337113637335,1.0,3552.79,0.0,0.0,0.0,0.0,0.0
69.20281290001003,310607.4050889,1.0632675000000265,4.888455000000006,35.03252449999999,0.945777484831156,4.471711412711865,35.16307406823549,0.42180756000000097,-0.38287236000000097,-0.09444247999999855,35.458884301929274,1.0,3501.96,0.0,0.98,0.49,0.0,0.0
69.31363390001934,310607.5159099,1.1832675000000266,4.963455000000006,35.08752449999999,1.0025511884926863,4.589266269417328,35.14501339820812,0.43900756000000096,-0.39807236000000096,-0.09284247999999856,35.45755829914671,1.0,3463.34,0.0,0.49,0.0,0.98,0.0
69.42521100002341,310607.627487,1.1132675000000267,5.068455000000006,35.292524499999985,1.0290187225300471,4.703819796935953,35.180276992654235,0.41700756000000094,-0.419272360000001,-0.09284247999999856,35.50826227081862,1.0,3432.55,0.0,0.98,0.0,0.0,0.0
69.53521020000335,310607.7374862,0.7982675000000268,5.688455000000006,35.46752449999998,0.9738559759272483,4.939203954849791,35.2489455842494,0.35620756000000087,-0.481272360000001,-0.10804247999999855,35.60663275249189,1.0,3316.23,0.0,0.49,0.0,0.0,0.49
69.63830859999871,310607.8405846,0.8782675000000268,5.868455000000006,35.10252449999999,0.9510048602629095,5.161348129740731,35.21394256637067,0.3410075600000009,-0.508872360000001,-0.11444247999999857,35.602888588263085,1.0,3160.8,0.0,0.98,0.0,0.0,0.0
69.74856809998164,310607.9508441,1.5632675000000267,5.868455000000006,34.35752449999998,1.0973706670390158,5.330387134940956,35.00920964117406,0.3450075600000009,-0.49367236000000103,-0.10164247999999856,35.42967695434008,1.0,3121.7,0.0,3.91,0.0,0.0,0.0
69.86100500001339,310608.063281,2.2032675000000266,5.688455000000006,33.35752449999998,1.3617432935265281,5.415985844626179,34.61436237704596,0.34340756000000094,-0.471272360000001,-0.08924247999999857,35.06196415257009,1.0,3104.11,0.0,1.96,0.0,0.0,0.98
69.9710162000265,310608.1732922,3.2482675000000265,5.193455000000006,31.572524499999986,1.8127305326004395,5.362788238742105,33.887189059485515,0.35940756000000096,-0.416072360000001,-0.06844247999999856,34.35676166391016,1.0,3116.32,0.0,1.47,0.0,0.0,0.0
70.08103090000805,310608.2833069,3.543267500000027,4.313455000000006,27.477524499999983,2.226427895382645,5.111937548046008,32.35491244561908,0.3346075600000009,-0.329272360000001,-0.07484247999999857,32.83183281560956,1.0,3118.77,0.0,0.49,0.49,0.0,0.49
70.19353540003067,310608.3958114,3.8732675000000265,3.4284550000000054,22.217524499999985,2.6201167989945997,4.7094888841130835,29.93149662867492,0.1998075600000009,-0.262072360000001,-0.06644247999999855,30.41280631612835,1.0,3080.65,0.0,0.49,0.0,0.49,0.49
70.30430349998642,310608.5065795,2.4482675000000267,3.0234550000000056,16.617524499999984,2.5790349826975136,4.306430304863466,26.748695416363805,0.09460756000000091,-0.21527236000000097,-0.07284247999999854,27.21561077561968,1.0,2789.83,0.0,1.96,0.0,0.0,0.98
70.41613949998282,310608.6184155,1.2632675000000266,2.0034550000000055,11.847524499999984,2.264491261366628,3.755887422438829,23.186462868549533,0.037807560000000906,-0.16567236000000096,-0.05124247999999856,23.597598847286694,1.0,2245.36,0.0,0.49,0.0,0.0,0.0
70.5261003000196,310608.7283763,1.0532675000000267,1.2984550000000057,8.687524499999984,1.9749394718030335,3.1684204503197155,19.720386916861596,0.006207560000000905,-0.12727236000000097,-0.04044247999999855,20.070698398860362,1.0,1704.3,0.0,0.49,0.0,0.0,0.0
70.63607280002907,310608.8383488,0.6632675000000265,1.2484550000000056,6.5525244999999845,1.6613748119358496,2.7094388403378407,16.57251428659913,-0.014192439999999095,-0.11007236000000097,-0.04524247999999855,16.87452087837751,1.0,1202.35,0.0,0.49,0.0,0.0,0.0
70.74695459997747,310608.9492306,-0.02173249999997351,0.5834550000000055,2.7975244999999846,1.259015850905623,2.201207046025489,13.279503472949152,-0.0009924399999990952,-0.05327236000000096,-0.02244247999999855,13.519454347730624,1.0,575.27,0.0,1.47,0.49,0.49,0.0
70.85858429997461,310609.0608603,-0.5417324999999731,0.19345500000000554,-0.17747550000001555,0.8285339497166059,1.7212394162039582,10.062515441488513,-0.010192439999999095,0.0023276399999990335,-0.021242479999998558,10.242233674541989,1.0,19.06,0.0,0.0,0.0,0.0,0.0
70.96940100000938,310609.171677,0.06326750000002646,-0.5115449999999945,0.4075244999999844,0.645591476924952,1.1874761727450296,7.75442011302992,0.0018075600000009052,0.0027276399999990337,0.010357520000001445,7.871335293663857,1.0,0.0,0.0,0.0,0.0,0.0,0.0
71.08025489997817,310609.2825309,0.08826750000002681,-0.47154499999999455,0.3975244999999844,0.5123591543496121,0.790875177277256,5.995701073385332,0.0014075600000009042,0.0027276399999990337,0.01195752000000145,6.069302003564594,1.0,0.0,0.0,0.0,0.0,0.0,0.0
71.19049800001085,310609.392774,0.25326750000002685,-1.1165449999999943,1.9925244999999845,0.45042142280010017,0.33489260543834976,5.038712796128482,0.022607560000000904,-0.009672360000000966,0.015157520000001451,5.069877627434755,1.0,0.0,0.0,0.0,0.0,0.0,0.0
71.30270509998081,310609.5049811,0.7482675000000265,-1.3065449999999945,1.3425244999999846,0.5216236790788492,-0.05750491124791712,4.155112284113683,0.017007560000000907,0.003927639999999033,0.02235752000000145,4.188120840064887,1.0,644.18,0.0,1.96,0.98,0.0,0.0
71.40521900000749,310609.607495,0.10826750000002683,-0.5365449999999945,0.3925244999999845,0.4228078985459435,-0.17202290486320643,3.2556384948519703,0.0014075600000009042,0.0027276399999990337,0.012357520000001447,3.2874823814025858,1.0,13.2,0.0,0.49,0.0,0.0,0.0
71.5160650999751,310609.7183411,0.11826750000002662,-0.32654499999999453,0.7775244999999845,0.35000531639226407,-0.2089625279131136,2.6632274434518632,0.003007560000000905,0.0015276399999990331,0.012357520000001447,2.6942437668351085,1.0,0.0,0.0,0.0,0.0,0.0,0.0
71.62617750000209,310609.8284535,1.0232675000000269,0.18345500000000553,4.377524499999985,0.5109535047676053,-0.11515228319403359,3.0730425382342323,-0.0021924399999990957,-0.053672360000000974,0.011157520000001447,3.117358493044422,1.0,264.91,0.0,0.0,0.0,0.0,0.0
71.73684460000368,310609.9391206,0.6882675000000265,1.1284550000000055,8.987524499999983,0.5533416961751867,0.1821410211883643,4.48694217510945,0.006207560000000905,-0.14887236000000098,0.0011575200000014454,4.524600807485837,1.0,1552.3,0.0,1.96,0.49,0.0,0.0
71.84790350002004,310610.0501795,1.5932675000000267,2.1784550000000054,13.977524499999983,0.8019434715986662,0.6593742984182815,6.755734436146451,0.014207560000000907,-0.20967236000000097,0.006357520000001449,6.835044664725266,1.0,2368.04,0.0,0.0,0.0,0.0,0.0
71.95778810000047,310610.1600641,2.0432675000000264,2.3134550000000056,16.237524499999985,1.0986909474295303,1.0547942385664277,9.022424843670686,0.019407560000000906,-0.16887236000000097,0.0019575200000014475,9.150074466547391,1.0,3011.73,0.0,0.0,0.0,0.49,0.0
72.06853320001392,310610.2708092,1.5882675000000266,2.3534550000000056,16.977524499999983,1.2157277588319253,1.3652484746068811,10.924148881059107,0.004207560000000905,-0.10607236000000096,-0.01884247999999856,11.076051920994043,1.0,3416.42,0.0,3.91,0.0,0.0,0.0
72.18971840001177,310610.3919944,1.2432675000000266,2.3084550000000053,17.822524499999982,1.2223113328945285,1.5907288078588455,12.573255403946774,-0.0073924399999990955,-0.10207236000000097,-0.02044247999999855,12.732290233400713,1.0,3567.94,0.0,0.49,0.0,0.0,0.0
72.29522049997468,310610.4974965,2.7232675000000266,2.8184550000000055,20.617524499999984,1.581125746964109,1.8842256227062335,14.496296040026515,-0.0393924399999991,-0.09487236000000097,-0.004042479999998551,14.70349834920465,1.0,3633.43,0.0,0.49,0.98,0.49,1.47
72.40598949999548,310610.6082655,2.7882675000000265,3.0134550000000053,22.802524499999983,1.8697017029494145,2.154176062461709,16.481959954343857,-0.037792439999999095,-0.10207236000000097,-0.014842479999998555,16.72696215404009,1.0,3705.28,0.0,0.0,0.0,0.49,0.0
72.51559179998003,310610.7178678,2.3732675000000265,2.5284550000000054,23.947524499999986,1.9900827442976372,2.2436501461255722,18.2666570873148,-0.031792439999999096,-0.11207236000000097,-0.005642479999998555,18.511217044076506,1.0,3803.52,0.0,0.0,0.0,0.0,0.0
72.62510860001203,310610.8273846,2.3732675000000265,2.5284550000000054,23.947524499999986,2.0816858281257904,2.311734803763642,19.624709478691756,-0.031792439999999096,-0.11207236000000097,-0.005642479999998555,19.869744734470192,1.0,3901.76,0.0,0.0,0.0,0.0,0.0
72.73589559999527,310610.9381716,2.4682675000000267,2.7284550000000056,24.717524499999985,2.1741009693028235,2.411354776898408,20.84218369804851,-0.0325924399999991,-0.11767236000000098,-0.011642479999998553,21.093552763534007,1.0,3933.04,0.0,0.98,0.0,0.0,0.0
72.84777260001283,310611.0500486,2.183267500000027,2.5434550000000056,31.417524499999985,2.176292294681439,2.4429342894714283,23.370295308899856,0.024207560000000905,-0.261272360000001,-0.026042479999998557,23.598196518373005,1.0,3937.44,0.0,1.47,0.0,0.49,0.0
72.95870120002655,310611.1609772,1.8032675000000267,2.2484550000000056,32.822524499999986,2.0871180229269535,2.3964426104806105,25.629918976256153,-0.008192439999999095,-0.22367236000000099,0.0035575200000014517,25.826183333129364,1.0,3987.78,0.0,0.0,0.0,0.0,0.0
73.06171480001649,310611.2639908,2.2482675000000265,2.5984550000000053,33.112524499999985,2.1256419695023565,2.4447351314540775,27.418689878136355,-0.0349924399999991,-0.20247236000000096,-0.01644247999999856,27.609412132077217,1.0,4039.1,0.0,0.98,0.98,0.0,0.98
73.17266919999383,310611.3749452,2.0982675000000266,2.4084550000000053,31.52252449999998,2.119097904825314,2.436062103956436,28.399741188996494,-0.0369924399999991,-0.18647236000000098,-0.012442479999998556,28.582691862498738,1.0,4030.3,0.0,0.49,0.0,0.0,0.0
73.28348909999477,310611.4857651,1.9982675000000267,2.3734550000000056,33.17752449999998,2.090212523720025,2.4210954235063062,29.54190480233847,-0.028592439999999098,-0.21527236000000097,-0.009242479999998554,29.714555874090863,1.0,4045.94,0.0,0.49,0.0,0.0,0.0
73.3944182000123,310611.5966942,2.0032675000000264,2.2484550000000056,32.502524499999986,2.0694276877427566,2.3798244831799167,30.249662327428545,-0.035392439999999095,-0.21567236000000098,-0.00884247999999855,30.41361810848865,1.0,4050.83,0.0,0.98,0.0,0.0,0.0
73.50607970001874,310611.7083557,2.9282675000000267,2.4134550000000052,32.237524499999985,2.2747395487873043,2.3878641011595194,30.724875139324183,-0.040192439999999094,-0.22647236000000098,-0.018442479999998547,30.901363842191248,1.0,3983.87,0.0,2.93,0.98,0.0,0.0
73.61758120002924,310611.8198572,2.8682675000000266,2.7934550000000056,32.417524499999985,2.4166266929395577,2.4848235353580894,31.129515196033744,-0.047792439999999096,-0.253272360000001,-0.02684247999999855,31.321895678821758,1.0,3965.3,0.0,0.0,0.98,0.0,0.0
73.72776869998779,310611.9300447,2.1532675000000268,3.0034550000000055,34.47752449999999,2.3536687754630816,2.6088061333725308,31.929881004862665,-0.054992439999999095,-0.306472360000001,-0.024442479999998552,32.12262329154955,1.0,3954.06,0.0,0.49,0.0,0.0,0.49
73.84025060001295,310612.0425266,2.4982675000000265,2.7984550000000055,36.667524499999985,2.3882361450885305,2.6541430648894084,33.06244890526743,-0.060592439999999095,-0.326072360000001,-0.02324247999999856,33.254678992692554,1.0,3963.83,0.0,0.0,0.0,0.49,0.0
73.95024179999018,310612.1525178,3.2482675000000265,2.6534550000000054,38.65752449999999,2.5938328530118113,2.6539785780072838,34.39999214283611,-0.0705924399999991,-0.313672360000001,-0.011242479999998549,34.5995813643615,1.0,3998.04,0.0,0.0,0.0,0.49,0.0
74.05437949998304,310612.2566555,3.1832675000000266,2.7884550000000052,39.95252449999998,2.73474146322076,2.686126138089963,35.72736511214822,-0.0861924399999991,-0.30687236000000095,-0.015242479999998552,35.9324185431086,1.0,4030.3,0.0,0.0,0.0,0.0,0.0
74.16533099999651,310612.367607,2.9882675000000267,2.9234550000000055,40.392524499999986,2.7953486936862326,2.742861316900862,36.8426051631094,-0.0733924399999991,-0.340472360000001,-0.02804247999999856,37.05016623077176,1.0,4039.1,0.0,1.47,0.0,0.0,0.49
74.27608149999287,310612.4783575,2.8482675000000266,3.0784550000000053,40.042524499999985,2.8079993166004003,2.8230874110438284,37.60756899556461,-0.0817924399999991,-0.351272360000001,-0.03844247999999855,37.817772653192776,1.0,4035.68,0.0,0.98,0.0,0.49,0.0
74.38788799999747,310612.590164,2.8482675000000266,3.1134550000000054,41.05252449999998,2.817625716723761,2.8925018806862215,38.43111049391729,-0.0741924399999991,-0.382072360000001,-0.044442479999998556,38.64266858803874,1.0,4026.39,0.0,1.96,0.0,0.0,0.0
74.49860559997614,310612.7008816,2.8682675000000266,3.7484550000000056,45.14752449999998,2.829732000832479,3.097123656930283,40.03671777883136,-0.0629924399999991,-0.465672360000001,-0.04644247999999856,40.255910480880246,1.0,4032.75,0.0,0.0,0.98,0.0,0.0
74.60960020002676,310612.8118762,3.228267500000027,3.3934550000000057,47.072524499999986,2.9250047907737726,3.167963805073357,41.718678199455354,-0.026992439999999097,-0.484472360000001,-0.012042479999998558,41.94090793492692,1.0,4049.36,0.0,0.98,0.0,0.49,0.0
74.72191329998896,310612.9241893,3.003267500000027,3.3934550000000057,48.29752449999999,2.9437140567536515,3.221869104081178,43.291398930625,-0.016192439999999097,-0.49567236000000103,-0.020842479999998546,43.5108160615528,1.0,4087.0,0.0,0.0,0.49,0.0,0.0
74.83277759997873,310613.0350536,2.9732675000000266,4.158455000000005,48.60752449999998,2.9507790208442657,3.445766728032462,44.56225714960557,-0.048992439999999096,-0.527272360000001,-0.05004247999999855,44.79257937919453,1.0,4078.2,0.0,0.49,0.98,0.49,0.0
74.94284919998609,310613.1451252,2.6432675000000265,4.268455000000006,51.19252449999998,2.877266170442941,3.6424363022260975,46.14727045418745,-0.059392439999999096,-0.567672360000001,-0.042442479999998554,46.38013123313982,1.0,4066.47,0.0,1.47,0.0,0.0,0.49
75.05373470002087,310613.2560107,3.168267500000027,4.778455000000006,54.02252449999998,2.9468321403538766,3.9140097780857577,48.02990682160823,-0.0837924399999991,-0.589672360000001,-0.04564247999999855,48.27913878165954,1.0,4087.98,0.0,0.49,0.0,0.0,0.0
75.1652198000229,310613.3674958,3.543267500000027,4.808455000000006,54.92752449999998,3.0894143214941274,4.127833369508424,49.678832153332564,-0.0945924399999991,-0.546472360000001,-0.05724247999999855,49.94566901439273,1.0,4114.37,0.0,0.0,0.0,0.49,0.0
75.27689370000735,310613.4791697,3.3882675000000266,4.718455000000006,55.24252449999999,3.160857332614977,4.269025736698159,51.00887299875091,-0.0869924399999991,-0.595672360000001,-0.07644247999999856,51.28470263558557,1.0,4126.1,0.0,0.98,0.0,0.0,0.0
75.3877314000274,310613.5900074,4.023267500000027,4.578455000000006,54.67752449999998,3.367022712843676,4.342997037287,51.88589064103469,-0.0981924399999991,-0.608472360000001,-0.08204247999999856,52.17608755769351,1.0,4099.71,0.0,0.98,0.0,0.49,0.0
75.49859390000347,310613.7008699,5.468267500000026,5.228455000000006,56.47752449999999,3.869340457787705,4.554672159477147,52.98355388319577,-0.0993924399999991,-0.642072360000001,-0.08684247999999856,53.31954441058267,1.0,4096.77,0.0,0.98,0.0,0.0,0.0
75.60868880001362,310613.8109648,5.753267500000026,5.183455000000006,54.877524499999986,4.319706825984078,4.7049872395865835,53.4363212404492,-0.0921924399999991,-0.6396723600000009,-0.08724247999999857,53.81670000752191,1.0,4110.46,0.0,2.44,0.0,0.49,0.0
75.72026650002226,310613.9225425,4.388267500000027,5.058455000000006,42.572524499999986,4.3360967503632075,4.789486261026904,50.83925215380656,-0.0901924399999991,-0.49567236000000103,-0.10004247999999857,51.24812653386854,1.0,4036.66,0.0,1.47,0.98,0.0,0.49
75.83111050003208,310614.0333865,2.7882675000000265,3.1584550000000053,22.107524499999982,3.9660769871479724,4.399576456143574,43.970725111349125,-0.0925924399999991,-0.19887236000000097,-0.04884247999999856,44.367901758808316,1.0,3746.33,0.0,1.47,0.49,0.0,0.0
75.94194170000264,310614.1442177,1.0332675000000267,1.7034550000000057,11.437524499999984,3.264967693771298,3.7550491463206868,36.19342849803045,-0.051392439999999096,-0.09887236000000096,-0.01564247999999855,36.53388392403272,1.0,3274.19,0.0,2.44,0.0,0.0,0.98
76.05268259998411,310614.2549586,1.3782675000000268,0.6384550000000055,6.002524499999985,2.8139383836625904,3.0100048025799415,28.97607480996446,-0.027392439999999095,-0.029272360000000965,-0.0052424799999985505,29.267580862299855,1.0,2555.72,0.0,0.0,0.0,0.0,0.49
76.16532229998847,310614.3675983,0.23826750000002672,-0.3965449999999945,1.9675244999999846,2.19820565327933,2.195644464683644,22.519485759114758,-0.006192439999999096,-0.008472360000000966,0.015557520000001449,22.732800125905687,1.0,1469.21,0.0,1.47,0.0,0.0,0.0
76.27610369998729,310614.4783797,0.013267500000026633,0.14345500000000555,-0.4074755000000156,1.6758804045953153,1.7050537489332689,17.03863005468097,-0.004992439999999095,0.013527639999999034,0.02395752000000145,17.205542640600893,1.0,382.7,0.0,0.0,0.0,0.0,0.0
76.38693139998941,310614.5892074,0.1982675000000267,-0.5065449999999945,0.4325244999999843,1.3226463660514407,1.1763550922724113,13.068820565792905,0.0014075600000009042,0.003527639999999033,0.012757520000001452,13.188149062458912,1.0,0.0,0.0,0.0,0.0,0.0,0.0
76.48937869997462,310614.6916547,0.14826750000002642,-0.5115449999999945,0.4025244999999845,1.0419026148661212,0.7728503824815455,10.040850994873466,0.0018075600000009052,0.003127639999999034,0.01195752000000145,10.12430478965436,1.0,0.0,0.0,0.0,0.0,0.0,0.0
76.6011144000222,310614.8033904,0.17326750000002678,-0.45154499999999453,0.3975244999999844,0.8342491159754813,0.4801498217437618,7.735544136637621,0.0018075600000009052,0.003127639999999034,0.01075752000000145,7.795200993476379,1.0,0.0,0.0,0.0,0.0,0.0,0.0
76.71268039999995,310614.9149564,0.06326750000002646,-0.5365449999999945,0.4025244999999845,0.6499403914055072,0.23710158039833584,5.98253282162037,0.0018075600000009052,0.0027276399999990337,0.012357520000001447,6.022403061367839,1.0,0.0,0.0,0.49,0.0,0.0,0.0
76.82525009999517,310615.0275261,0.06326750000002646,-0.5115449999999945,0.4025244999999845,0.5096919988184582,0.05813220742267508,4.648591524529264,0.0018075600000009052,0.003527639999999033,0.01195752000000145,4.676811782520726,1.0,0.0,0.0,0.0,0.0,0.0,0.0
76.93529930000659,310615.1375753,0.08826750000002681,-0.44654499999999453,0.3875244999999844,0.4089474281693982,-0.06251452460338375,3.629952672026238,0.0018075600000009052,0.003527639999999033,0.01075752000000145,3.653450761395749,1.0,0.0,0.0,0.0,0.0,0.0,0.0
77.04707530001178,310615.2493513,0.14826750000002642,-0.5365449999999945,0.3825244999999845,0.3466300082901945,-0.17583493395855215,2.8536315093465094,0.0018075600000009052,0.003127639999999034,0.011557520000001452,2.879979700932405,1.0,0.0,0.0,0.49,0.0,0.0,0.98
77.14944479998667,310615.3517208,0.14826750000002642,-0.5115449999999945,0.3875244999999844,0.2992100177898948,-0.25608885028458017,2.264090814565271,0.0018075600000009052,0.0027276399999990337,0.011157520000001447,2.298089500124993,1.0,0.0,0.0,0.49,0.0,0.0,1.47
77.26111530000344,310615.4633913,0.2132675000000268,-0.47654499999999456,0.4075244999999844,0.27866483809693676,-0.30879048536344933,1.820265225956166,0.0018075600000009052,0.0027276399999990337,0.011157520000001447,1.867182676833694,1.0,0.0,0.0,0.0,0.0,0.0,0.0
77.37113939999836,310615.5734154,0.12826750000002685,-0.5265449999999945,0.4175244999999844,0.24271126801305148,-0.36084627506115474,1.4849299225634398,0.0018075600000009052,0.0027276399999990337,0.01075752000000145,1.547299476109999,1.0,0.0,0.0,0.0,0.0,0.0,0.0
77.48276360001182,310615.6850396,0.1932675000000268,-0.5365449999999945,0.41252449999998453,0.23089137810700683,-0.40284832443697177,1.2285636596603733,0.0018075600000009052,0.0027276399999990337,0.012357520000001447,1.3133797115929262,1.0,0.0,0.0,0.0,0.0,0.0,0.0
77.59281679999549,310615.7950928,0.08326750000002647,-0.5715449999999945,0.3825244999999845,0.19560082366810944,-0.443176483329421,1.0263118870860408,0.0018075600000009052,0.0027276399999990337,0.011557520000001452,1.1348925795730562,1.0,0.0,0.0,0.0,0.0,0.0,0.0
77.70362240000395,310615.9058984,0.12826750000002685,-0.49654499999999446,0.3825244999999845,0.17950430625553776,-0.45593461275290903,0.8724098617336687,0.0018075600000009052,0.003127639999999034,0.012357520000001447,1.000598387926238,1.0,0.0,0.0,0.0,0.0,0.0,0.0
77.81465010001557,310616.0169261,0.12826750000002685,-0.45154499999999453,0.4075244999999844,0.16725577760541657,-0.4548852441154712,0.7612756578603637,0.0018075600000009052,0.003127639999999034,0.009957520000001448,0.902460917551067,1.0,0.0,0.0,0.0,0.0,0.0,0.0
77.92527399997925,310616.12755,0.08326750000002647,-0.6215449999999945,0.3825244999999845,0.14717777314522826,-0.49472646264486037,0.670732457622928,0.0018075600000009052,0.003127639999999034,0.011157520000001447,0.8463436651018177,1.0,466.28,0.0,5.38,0.0,0.0,0.0
78.03529119997984,310616.2375672,0.08826750000002681,-0.44654499999999453,0.4175244999999844,0.13309484680498912,-0.48320833595547663,0.6102012662774543,0.0018075600000009052,0.003127639999999034,0.012357520000001447,0.7896518977052566,1.0,812.81,0.0,1.47,0.0,0.49,0.49
78.14700410002843,310616.3492801,0.14826750000002642,-0.5615449999999945,0.3925244999999845,0.1367219791526026,-0.5019352813688823,0.5581640628866097,0.0018075600000009052,0.0027276399999990337,0.01075752000000145,0.7630065840897776,1.0,0.0,0.0,0.0,0.0,0.0,0.0
78.25789080001414,310616.4601668,0.15326750000002676,-0.5115449999999945,0.3825244999999845,0.14067730542958057,-0.5042325540245158,0.5161761566267382,0.0018075600000009052,0.003527639999999033,0.010357520000001445,0.7351723590226749,1.0,0.0,0.0,0.0,0.0,0.0,0.0
78.368595500011,310616.5708715,0.18826750000002646,-0.46154499999999454,0.3875244999999844,0.1520540852146838,-0.4940277858766825,0.4854210487806308,0.0018075600000009052,0.0023276399999990335,0.012357520000001447,0.7090962506232699,1.0,0.0,0.0,0.0,0.0,0.0,0.0
78.47093140002107,310616.6732074,0.10826750000002683,-0.4365449999999945,0.3875244999999844,0.1415865857218751,-0.48028611067959376,0.46201817162806114,0.0018075600000009052,0.003127639999999034,0.010357520000001445,0.6813092545112281,1.0,11.73,0.0,0.49,0.0,0.0,0.0
78.58194399997592,310616.78422,0.10826750000002683,-0.5115449999999945,0.43752449999998444,0.13362141759596352,-0.48775877397368256,0.4561627824926212,0.0018075600000009052,0.0027276399999990337,0.011157520000001447,0.6810637187224667,1.0,2538.12,0.0,2.44,0.0,0.49,0.0
78.69283940002788,310616.8951154,0.14826750000002642,-0.48654499999999445,0.4075244999999844,0.13712266939225215,-0.4874686125374418,0.4445354497187391,0.0018075600000009052,0.0027276399999990337,0.011557520000001452,0.6738249332928228,1.0,3367.55,0.0,1.96,0.0,0.0,0.0
78.8033472999814,310617.0056233,0.1932675000000268,-0.4115449999999945,0.4075244999999844,0.15054449671743914,-0.46931852451774597,0.43568771483577884,0.0018075600000009052,0.0027276399999990337,0.012357520000001447,0.657835319670694,1.0,2952.59,0.0,1.96,0.0,0.0,0.0
78.9153004999971,310617.1175765,0.10826750000002683,-0.48654499999999445,0.3925244999999845,0.14043787525957638,-0.4734366379191299,0.4253692365350222,0.0018075600000009052,0.003127639999999034,0.01315752000000145,0.6517699243766785,1.0,2703.32,0.0,0.0,0.49,0.49,0.0
79.02542469999753,310617.2277007,0.10826750000002683,-0.4115449999999945,0.3875244999999844,0.1327473146675145,-0.4586409947934634,0.4163221788906781,0.0018075600000009052,0.0027276399999990337,0.01075752000000145,0.6334805192686319,1.0,3185.73,0.0,3.42,0.0,0.0,0.0
79.13645829999587,310617.3387343,0.14826750000002642,-0.4115449999999945,0.3975244999999844,0.1364575270830281,-0.44738235703495327,0.4118284579647436,0.0018075600000009052,0.003127639999999034,0.011557520000001452,0.6231968460072502,1.0,1862.17,0.0,2.93,0.0,0.0,0.0
79.24782190000406,310617.4500979,0.1932675000000268,-0.46154499999999454,0.3975244999999844,0.1500383614819642,-0.4507680391411655,0.40840899348704424,0.0018075600000009052,0.003127639999999034,0.011557520000001452,0.6264991947229177,1.0,23.46,0.0,0.0,0.0,0.0,0.0
79.35940870002378,310617.5616847,0.16826750000002644,-0.5015449999999945,0.3975244999999844,0.1543961687249068,-0.4629066384274657,0.4058069766936191,0.0018075600000009052,0.0027276399999990337,0.011557520000001452,0.6346652937969445,1.0,0.0,0.0,0.0,0.0,0.0,0.0
79.4694200999802,310617.6716961,0.04326750000002644,-0.5215449999999945,0.3825244999999845,0.127830057715985,-0.4769245623420741,0.4002411324564582,0.0018075600000009052,0.003127639999999034,0.012357520000001447,0.6356024905008468,1.0,449.17,0.0,1.96,0.0,0.0,0.0
79.58111420000205,310617.7833902,0.06326750000002646,-0.4365449999999945,0.4075244999999844,0.11239591191920312,-0.46727153627796186,0.4019822740799498,0.0014075600000009042,0.0027276399999990337,0.011157520000001447,0.6265502999011363,1.0,3168.13,0.0,0.0,0.0,0.98,0.0
79.69210440001916,310617.8943804,0.10826750000002683,-0.4365449999999945,0.3975244999999844,0.11140898522788356,-0.4599261358241779,0.40091661098490955,0.0018075600000009052,0.0027276399999990337,0.01195752000000145,0.6202242669932322,1.0,4004.4,0.0,0.0,0.0,0.0,0.0
79.80277339997701,310618.0050494,0.06326750000002646,-0.5115449999999945,0.42752449999998443,0.09990041542881707,-0.4722659981799858,0.40727741905899467,0.0018075600000009052,0.003127639999999034,0.011157520000001447,0.6315775186904174,1.0,4267.84,0.0,1.47,0.0,0.49,0.98
79.91361430002144,310618.1158903,0.1932675000000268,-0.48654499999999445,0.3675244999999844,0.12222049144303479,-0.47567949671100906,0.39777419659832725,0.0018075600000009052,0.0027276399999990337,0.01075752000000145,0.6320072338187757,1.0,4406.65,0.0,0.49,0.0,0.0,0.0
80.02448590000859,310618.2267619,0.06326750000002646,-0.46154499999999454,0.4075244999999844,0.10812735298512455,-0.47230054317013953,0.40010507705888926,0.0018075600000009052,0.003127639999999034,0.009957520000001448,0.6283656580611947,1.0,4458.46,0.0,0.98,0.0,0.49,0.0
80.1345006999909,310618.3367767,0.12826750000002685,-0.5015449999999945,0.3975244999999844,0.11294200061361817,-0.47929164182588724,0.39948817147187404,0.0018075600000009052,0.003127639999999034,0.01075752000000145,0.6340876694690589,1.0,4335.29,0.0,0.0,0.0,0.0,0.0
80.24523559998488,310618.4475116,0.17326750000002678,-0.45154499999999453,0.4075244999999844,0.1273632470098613,-0.4726586066664691,0.40140931385782747,0.0018075600000009052,0.0027276399999990337,0.01075752000000145,0.6330537041962512,1.0,3736.56,0.0,0.0,0.0,0.0,0.98
80.3561430000118,310618.558419,0.10326750000002649,-0.5365449999999945,0.4075244999999844,0.12160298462886464,-0.487931110483282,0.4028711932788341,0.0018075600000009052,0.0027276399999990337,0.01075752000000145,0.644336288611784,1.0,2005.38,0.0,1.47,0.49,0.0,0.0
80.46692799997982,310618.669204,0.04326750000002644,-0.5465449999999945,0.3925244999999845,0.10287632116329683,-0.5019431841761709,0.4003977415100409,0.0014075600000009042,0.0027276399999990337,0.012757520000001452,0.6502682900183191,1.0,2592.86,0.0,1.47,0.0,0.0,0.0
80.57866190001369,310618.7809379,0.06326750000002646,-0.4115449999999945,0.3975244999999844,0.09340754634551314,-0.48033284524756653,0.3997108723718838,0.0018075600000009052,0.003127639999999034,0.011557520000001452,0.6318333589089802,1.0,3828.45,0.0,1.47,0.0,0.49,0.49
80.69035980000626,310618.8926358,0.12826750000002685,-0.5215449999999945,0.42752449999998443,0.10174107008135844,-0.490184908541696,0.40635992097119905,0.0018075600000009052,0.003127639999999034,0.011557520000001452,0.6447952196434539,1.0,3403.71,0.0,0.0,0.0,0.0,0.0
80.80028339999262,310619.0025594,0.12826750000002685,-0.5215449999999945,0.3725244999999845,0.10808240477001879,-0.49768176493789407,0.3982713191741216,0.0014075600000009042,0.003127639999999034,0.01075752000000145,0.6465206795217477,1.0,3055.23,0.0,0.0,0.0,0.49,0.0
80.91112800000701,310619.113404,0.1932675000000268,-0.4365449999999945,0.43752449999998444,0.12844651712871658,-0.4830665796513005,0.4076550756002407,0.0018075600000009052,0.0027276399999990337,0.012757520000001452,0.6450073556178579,1.0,3900.78,0.0,0.98,0.0,0.0,0.0
81.0135142999934,310619.2157903,0.10826750000002683,-0.3865449999999945,0.4175244999999844,0.12362257731873949,-0.45999239880134135,0.410014432795879,0.0018075600000009052,0.0027276399999990337,0.01315752000000145,0.6284802174125025,1.0,4118.28,0.0,0.98,0.0,0.0,0.98
81.12424229999306,310619.3265183,0.17326750000002678,-0.4015449999999945,0.4075244999999844,0.1354905547012953,-0.4460201259166247,0.40941919637471524,0.0018075600000009052,0.003127639999999034,0.01195752000000145,0.6204157650286332,1.0,4065.49,0.0,0.0,0.0,0.0,0.0
81.23534549999749,310619.4376215,0.17326750000002678,-0.4265449999999945,0.4075244999999844,0.14452140636090288,-0.4413644563855265,0.4089662555197868,0.0014075600000009042,0.0027276399999990337,0.012357520000001447,0.6188234145625876,1.0,3862.17,0.0,0.0,0.0,0.0,0.0
81.34531020000577,310619.5475862,0.08326750000002647,-0.47654499999999456,0.42752449999998443,0.12987821757096268,-0.44977461946711594,0.41340273792031124,0.0022075600000009046,0.0027276399999990337,0.011157520000001447,0.6245537474358863,1.0,3790.32,0.0,0.0,0.98,0.0,0.0
81.45701090001967,310619.6592869,0.1932675000000268,-0.4115449999999945,0.4075244999999844,0.14503188343512852,-0.4406355527776128,0.41199750268335483,0.0018075600000009052,0.0027276399999990337,0.011557520000001452,0.6204320106197729,1.0,3874.88,0.0,0.0,0.98,0.49,0.0
81.56778390001273,310619.7700599,0.12826750000002685,-0.5265449999999945,0.4175244999999844,0.1410242364755881,-0.4611728267125243,0.413318771316772,0.0018075600000009052,0.0027276399999990337,0.009957520000001448,0.6351382669107165,1.0,3977.52,0.0,0.49,0.0,0.0,0.0
81.67863360000774,310619.8809096,0.10826750000002683,-0.3865449999999945,0.3875244999999844,0.13319350199919344,-0.4433325056545273,0.40715246443071995,0.0014075600000009042,0.0027276399999990337,0.01075752000000145,0.6164879145909832,1.0,3839.69,0.0,1.47,0.0,0.0,0.0
81.78864600002998,310619.990922,0.17326750000002678,-0.4265449999999945,0.4175244999999844,0.14277348070025292,-0.439319331161406,0.40963197445709965,0.0014075600000009042,0.0027276399999990337,0.011557520000001452,0.6174010819726449,1.0,3710.65,0.0,0.0,2.93,0.0,0.0
81.89949769998202,310620.1017737,0.1932675000000268,-0.5115449999999945,0.3725244999999845,0.15484444076300136,-0.45658539902738393,0.4007611646381771,0.0014075600000009042,0.003127639999999034,0.01195752000000145,0.6269422130646094,1.0,3577.71,0.0,0.49,0.0,0.0,0.0
82.01191340002697,310620.2141894,0.1932675000000268,-0.4415449999999945,0.3875244999999844,0.16402975062683367,-0.4529898829938993,0.397596844339905,0.0018075600000009052,0.003127639999999034,0.00955752000000145,0.6246509775983533,1.0,3507.82,0.0,2.44,0.0,0.0,0.49
82.12286629999289,310620.3251423,0.08826750000002681,-0.49654499999999446,0.3925244999999845,0.1459182373374921,-0.4634020483394151,0.3963842637848062,0.0018075600000009052,0.003527639999999033,0.011557520000001452,0.6270199956692523,1.0,3601.66,0.0,0.49,0.0,0.0,0.98
82.23278209997807,310620.4350581,0.08826750000002681,-0.45154499999999453,0.4075244999999844,0.1321364121304886,-0.4605675352831755,0.3990474177247739,0.0018075600000009052,0.0027276399999990337,0.011557520000001452,0.6235553925356974,1.0,3888.07,0.0,1.47,0.49,0.0,0.49
82.34360239998205,310620.5458784,0.12826750000002685,-0.4265449999999945,0.3875244999999844,0.1312115207381867,-0.45243420245818156,0.39629278100559134,0.0018075600000009052,0.0027276399999990337,0.01315752000000145,0.6155981960707357,1.0,4123.66,0.0,0.0,0.49,0.49,0.0
82.45533590001287,310620.6576119,0.2132675000000268,-0.5015449999999945,0.4075244999999844,0.1508275953211784,-0.46417449336783395,0.3989778045647664,0.0018075600000009052,0.0027276399999990337,0.011557520000001452,0.6303889373545315,1.0,4227.76,0.0,0.0,0.0,0.0,0.0
82.56682090001414,310620.7690969,0.18826750000002646,-0.46154499999999454,0.3975244999999844,0.1597778749859526,-0.4635458939838155,0.39863038161044884,0.0018075600000009052,0.0027276399999990337,0.011157520000001447,0.6319097612058019,1.0,4278.59,0.0,0.98,0.0,0.0,0.0
82.67795839998871,310620.8802344,0.10826750000002683,-0.46154499999999454,0.3875244999999844,0.14746394775467175,-0.46306756582330394,0.3959754403869022,0.0018075600000009052,0.003127639999999034,0.012357520000001447,0.626876172616661,1.0,4307.43,0.0,0.49,0.49,0.0,0.0
82.7813697999809,310620.9836458,0.15326750000002676,-0.4115449999999945,0.4075244999999844,0.1488513288415259,-0.45075072428428464,0.39873632651331997,0.0014075600000009042,0.0027276399999990337,0.011557520000001452,0.6199383772779615,1.0,4267.35,0.0,2.93,0.49,0.0,0.0
82.89282629999798,310621.0951023,0.17326750000002678,-0.5465449999999945,0.41252449999998453,0.15468819092988048,-0.473651037874679,0.4020324889857045,0.0018075600000009052,0.003127639999999034,0.011157520000001447,0.6402373499671511,1.0,4197.46,0.0,0.49,0.0,0.0,0.0
83.00364720000653,310621.2059232,0.1932675000000268,-0.3865449999999945,0.4075244999999844,0.16391085344500828,-0.4528277103006294,0.4033453938908176,0.0018075600000009052,0.0027276399999990337,0.012357520000001447,0.6281776897233143,1.0,4152.0,0.0,3.91,0.49,0.0,0.0
83.11452950001694,310621.3168055,0.08326750000002647,-0.47654499999999456,0.3975244999999844,0.1446324772677955,-0.45849749972772996,0.4019538671583426,0.0018075600000009052,0.0027276399999990337,0.011157520000001447,0.6266621275142975,1.0,4185.73,0.0,0.49,0.49,0.0,0.0
83.22532099997625,310621.427597,0.15326750000002676,-0.3865449999999945,0.3775244999999844,0.14669674182797787,-0.44129673491096866,0.3961138504708993,0.0014075600000009042,0.003127639999999034,0.011557520000001452,0.610875539566701,1.0,4231.18,0.0,0.0,0.0,0.49,0.0
83.33783740003128,310621.5401134,0.1932675000000268,-0.4115449999999945,0.4175244999999844,0.15782981797803264,-0.43418436776555,0.4012322209030239,0.0018075600000009052,0.003127639999999034,0.012357520000001447,0.6118934643757215,1.0,4229.23,0.0,1.47,0.0,0.0,0.49
83.44955419999314,310621.6518302,0.12826750000002685,-0.49654499999999446,0.4175244999999844,0.15076273231871423,-0.4490921273701235,0.40512700791023376,0.0018075600000009052,0.003127639999999034,0.011557520000001452,0.6233305967625254,1.0,4163.25,0.0,2.93,0.0,0.0,0.0
83.5604382000165,310621.7627142,0.10826750000002683,-0.46154499999999454,0.3975244999999844,0.14060394006391763,-0.45206907652699796,0.40330957347673124,0.0018075600000009052,0.0027276399999990337,0.011557520000001452,0.6219280745966155,1.0,4331.87,0.0,1.47,0.0,0.0,0.0
83.6703523999895,310621.8726284,0.16826750000002644,-0.5015449999999945,0.3875244999999844,0.14721711389743167,-0.4638966534280274,0.3995360376368894,0.0018075600000009052,0.0023276399999990335,0.011157520000001447,0.6296840708296492,1.0,4437.93,0.0,2.44,1.96,0.0,0.0
83.7812808000017,310621.9835568,0.14826750000002642,-0.5365449999999945,0.3625244999999845,0.14746821628283724,-0.4812637654594289,0.3906881622078484,0.0018075600000009052,0.0027276399999990337,0.01075752000000145,0.6371804507729155,1.0,4297.17,0.0,0.49,0.0,0.0,0.0
83.89198860002216,310622.0942646,0.14826750000002642,-0.46154499999999454,0.3875244999999844,0.1476592908291457,-0.47654985213566614,0.38993186590399437,0.0018075600000009052,0.003127639999999034,0.012357520000001447,0.6332060389684089,1.0,1676.93,0.0,0.0,0.0,0.0,0.0
84.00281169998925,310622.2050877,0.1932675000000268,-0.46154499999999454,0.3975244999999844,0.15856226268739204,-0.4729628338434236,0.39174693993087356,0.0018075600000009052,0.003527639999999033,0.011557520000001452,0.6342724164670499,1.0,0.0,0.0,0.0,0.0,0.0,0.0
84.11374220001744,310622.3160182,0.10826750000002683,-0.46154499999999454,0.3875244999999844,0.14653893635719206,-0.4702333181851653,0.3907375351641323,0.0014075600000009042,0.0027276399999990337,0.011557520000001452,0.6287041074991236,1.0,0.0,0.0,0.0,0.0,0.0,0.0
84.22362110001268,310622.4258971,0.12826750000002685,-0.49654499999999446,0.4075244999999844,0.14217101751026875,-0.47652331578834617,0.39475058037064137,0.0014075600000009042,0.0027276399999990337,0.011557520000001452,0.6349134503322348,1.0,0.0,0.0,0.0,0.0,0.0,0.0
84.33437609998509,310622.5366521,0.15326750000002676,-0.5615449999999945,0.3925244999999845,0.14482371180611492,-0.49684836356268747,0.3942184197776979,0.0018075600000009052,0.003127639999999034,0.009957520000001448,0.6505692633134817,1.0,0.0,0.0,0.0,0.0,0.0,0.0
84.43867140001385,310622.6409474,0.12826750000002685,-0.4265449999999945,0.4075244999999844,0.140865829778241,-0.48004183665889727,0.3973993343727788,0.0018075600000009052,0.003127639999999034,0.011557520000001452,0.6389128093111669,1.0,0.0,0.0,1.47,0.0,0.0,0.0
84.54861539998092,310622.7508914,0.12826750000002685,-0.45154499999999453,0.3675244999999844,0.13785410803932927,-0.4732294620055327,0.3902575394117894,0.0018075600000009052,0.0027276399999990337,0.01075752000000145,0.6286897691875615,1.0,0.0,0.0,0.49,0.0,0.0,0.0
84.65953459998127,310622.8618106,0.06326750000002646,-0.48654499999999445,0.3975244999999844,0.1200236406029149,-0.47641263754937135,0.3919947588340916,0.0018075600000009052,0.003127639999999034,0.011557520000001452,0.6285177535071893,1.0,0.0,0.0,0.0,0.0,0.0,0.0
84.77028140000766,310622.9725574,0.12826750000002685,-0.47654499999999456,0.3675244999999844,0.12199439474222537,-0.4764442797493276,0.38614496669617493,0.0018075600000009052,0.0027276399999990337,0.01195752000000145,0.6252917074127623,1.0,0.0,0.0,0.0,0.0,0.0,0.0
84.88028699997813,310623.082563,0.12826750000002685,-0.49654499999999446,0.3825244999999845,0.123494025868573,-0.48124950212502715,0.38527946797960866,0.0014075600000009042,0.003127639999999034,0.012357520000001447,0.6287226146461288,1.0,0.0,0.0,0.0,0.0,0.0,0.0
84.99107619997812,310623.1933522,0.12826750000002685,-0.44654499999999453,0.4175244999999844,0.12463515934141581,-0.4729531402002256,0.39298787580963745,0.0014075600000009042,0.003127639999999034,0.012357520000001447,0.6274217611006853,1.0,72.83,0.0,0.0,0.0,0.0,0.0
85.10279420000734,310623.3050702,0.23826750000002672,-0.48654499999999445,0.3725244999999845,0.15179979121164727,-0.47620237246766406,0.38809595800287966,0.0018075600000009052,0.0027276399999990337,0.012357520000001447,0.6327956611528752,1.0,2602.15,0.0,0.98,0.0,0.0,0.49
85.2136324000312,310623.4159084,0.14826750000002642,-0.4365449999999945,0.4175244999999844,0.15095537148161275,-0.466721991109848,0.39513106354761807,0.0018075600000009052,0.0027276399999990337,0.01195752000000145,0.6298773678621613,1.0,3831.87,0.0,0.0,0.49,0.0,0.0
85.32520409999415,310623.5274801,0.10826750000002683,-0.4115449999999945,0.3775244999999844,0.14075052744337493,-0.4535315328079348,0.39092208734859557,0.0018075600000009052,0.0027276399999990337,0.011557520000001452,0.615078564578287,1.0,4204.79,0.0,0.0,0.0,0.0,0.0
85.43612830003258,310623.6384043,0.17326750000002678,-0.47154499999999455,0.3625244999999845,0.14852394462299306,-0.4578377822624708,0.38413343895979457,0.0018075600000009052,0.003127639999999034,0.01195752000000145,0.6158192071707976,1.0,4288.86,0.0,0.0,0.49,0.0,0.0
85.5477450999897,310623.7500211,0.08826750000002681,-0.47154499999999455,0.3875244999999844,0.13411920626677556,-0.4611145916782304,0.3849440965971567,0.0018075600000009052,0.003527639999999033,0.011157520000001447,0.6154645283468513,1.0,4314.27,0.0,1.47,0.0,0.49,1.47
85.65876939997543,310623.8610454,0.15326750000002676,-0.3865449999999945,0.3775244999999844,0.1386967442035285,-0.4432881921258486,0.3831703884343254,0.0014075600000009042,0.003127639999999034,0.011557520000001452,0.6021301808610611,1.0,4339.2,0.0,1.47,0.0,0.49,0.98
85.76949979999335,310623.9717758,0.08826750000002681,-0.49654499999999446,0.43752449999998444,0.126641269095454,-0.45601961675460967,0.39616413143703744,0.0018075600000009052,0.0027276399999990337,0.012357520000001447,0.6172016857886817,1.0,4152.49,0.0,0.49,0.0,0.49,0.0
85.88034919998609,310624.0826252,0.14826750000002642,-0.5615449999999945,0.3625244999999845,0.13181117581266474,-0.48124622189370525,0.38812233454240874,0.0018075600000009052,0.0027276399999990337,0.011557520000001452,0.6321479721763981,1.0,4071.36,0.0,0.0,0.0,0.0,0.0
85.99115770001663,310624.1934337,0.15326750000002676,-0.4115449999999945,0.3775244999999844,0.13694046510178637,-0.46458364130552227,0.3855888456404113,0.0018075600000009052,0.003527639999999033,0.012357520000001447,0.61908756136212,1.0,4090.91,0.0,0.49,0.0,0.0,0.0
86.09378649998689,310624.2960625,0.06826750000002679,-0.48654499999999445,0.4075244999999844,0.12052369672744603,-0.46983366274174126,0.3908327222696945,0.0014075600000009042,0.003127639999999034,0.011557520000001452,0.6229123926483642,1.0,4200.88,0.0,0.98,0.49,0.0,0.0
86.20445680001285,310624.4067328,0.12826750000002685,-0.44654499999999453,0.4075244999999844,0.12237490883797655,-0.4642663396850936,0.39482301231102435,0.0018075600000009052,0.003127639999999034,0.012357520000001447,0.6216140792550061,1.0,4291.79,0.0,0.0,0.0,0.0,0.0
86.31534359999932,310624.5176196,0.10826750000002683,-0.46154499999999454,0.4075244999999844,0.11900243084883541,-0.46361578377547225,0.3978593946936725,0.0014075600000009042,0.0027276399999990337,0.011557520000001452,0.6224092475692281,1.0,4319.16,0.0,0.98,0.0,0.49,0.0
86.42520009999862,310624.6274761,0.14826750000002642,-0.5365449999999945,0.3925244999999845,0.12599845702889395,-0.4810500397262101,0.39658404957994403,0.0018075600000009052,0.0027276399999990337,0.012357520000001447,0.6360531898162903,1.0,4416.42,0.0,0.0,0.0,0.98,0.0
86.53617520001717,310624.7384512,0.08326750000002647,-0.49654499999999446,0.3975244999999844,0.11578331307934527,-0.4847542219092189,0.39680887104630236,0.0018075600000009052,0.003127639999999034,0.011557520000001452,0.6370633495873727,1.0,4452.1,0.0,0.49,0.0,0.49,0.0
86.64705869997852,310624.8493347,0.16826750000002644,-0.4265449999999945,0.3975244999999844,0.1283300370880677,-0.47083888693106124,0.396979947317105,0.0018075600000009052,0.0027276399999990337,0.010357520000001445,0.6290873821953489,1.0,4464.32,0.0,1.47,0.0,0.0,0.0
86.75786160002463,310624.9601376,0.14826750000002642,-0.48654499999999445,0.3775244999999844,0.1330962316176416,-0.47459354671503595,0.3923289820973701,0.0018075600000009052,0.0027276399999990337,0.012357520000001447,0.6299806914881856,1.0,4453.57,0.0,0.0,1.47,0.0,0.0
86.86868680000771,310625.0709628,0.10826750000002683,-0.48654499999999445,0.3975244999999844,0.1271607439713597,-0.47745062795545096,0.3935710081823887,0.0014075600000009042,0.003127639999999034,0.01075752000000145,0.631685915169957,1.0,4456.99,0.0,0.0,0.0,0.0,0.0
86.97949030000018,310625.1817663,0.06326750000002646,-0.5115449999999945,0.3875244999999844,0.11188660246009244,-0.4856011338771694,0.3921255467237638,0.0018075600000009052,0.0027276399999990337,0.01195752000000145,0.634105288912075,1.0,4466.76,0.0,0.98,0.0,0.0,0.0
87.08944489998976,310625.2917209,0.15326750000002676,-0.5365449999999945,0.3925244999999845,0.12177900493650749,-0.49777963307248657,0.3922209193863275,0.0018075600000009052,0.003127639999999034,0.011557520000001452,0.645330875403743,1.0,4470.19,0.0,0.98,1.47,0.0,0.0
87.19949710002402,310625.4017731,0.14826750000002642,-0.48654499999999445,0.3975244999999844,0.12811127102401776,-0.4950939128818918,0.3934887786430238,0.0018075600000009052,0.0027276399999990337,0.011557520000001452,0.6452626591195791,1.0,4470.19,0.0,0.49,0.0,0.0,0.49
87.3094477999839,310625.5117238,0.14826750000002642,-0.46154499999999454,0.3675244999999844,0.1329297631614837,-0.4870738029131886,0.38728183027756446,0.0014075600000009042,0.0027276399999990337,0.012357520000001447,0.636316295156445,1.0,4448.68,0.0,1.47,0.0,0.49,0.49
87.41934480000054,310625.6216208,0.038267500000026544,-0.45154499999999453,0.3775244999999844,0.11030006534940141,-0.4785803859305491,0.38494926999155366,0.0018075600000009052,0.0027276399999990337,0.012357520000001447,0.62401220395161,1.0,4426.2,0.0,1.47,0.0,0.0,0.0
87.53048900002614,310625.732765,0.10826750000002683,-0.46154499999999454,0.3975244999999844,0.10981416592017262,-0.4745079538668541,0.3879554695636349,0.0018075600000009052,0.0027276399999990337,0.010357520000001445,0.622676798735903,1.0,4401.76,0.0,0.98,0.0,0.0,0.49
87.64198999997461,310625.844266,0.10826750000002683,-0.4365449999999945,0.3675244999999844,0.10944442425944931,-0.465432635515382,0.3830712987040742,0.0018075600000009052,0.003527639999999033,0.01195752000000145,0.6126575226789457,1.0,4393.94,0.0,1.47,0.0,0.49,0.0
87.75278680003248,310625.9550628,0.17326750000002678,-0.49654499999999446,0.3875244999999844,0.12470179154828642,-0.4728702709890372,0.384135868642054,0.0018075600000009052,0.0027276399999990337,0.012357520000001447,0.6218658983880554,1.0,4373.41,0.0,0.0,0.0,0.0,0.0
87.86384050000925,310626.0661165,0.12826750000002685,-0.47154499999999455,0.3775244999999844,0.12555419991096464,-0.4725534553858649,0.38255537321021404,0.0014075600000009042,0.003127639999999034,0.011157520000001447,0.620821422700932,1.0,4373.9,0.0,0.0,0.0,0.0,0.0
87.97445530002005,310626.1767313,0.15326750000002676,-0.48654499999999445,0.3825244999999845,0.13217926448734568,-0.4758982351953438,0.3825479927462926,0.0014075600000009042,0.003127639999999034,0.01315752000000145,0.6247347076773276,1.0,4349.95,0.0,0.49,0.0,0.0,0.0
88.08446679997724,310626.2867428,0.10826750000002683,-0.3865449999999945,0.3975244999999844,0.12646298445737458,-0.4545376988689107,0.38612823498974547,0.0018075600000009052,0.003127639999999034,0.011557520000001452,0.6096658264879268,1.0,4323.56,0.0,2.44,0.49,0.0,0.49
88.1945195000153,310626.3967955,0.14826750000002642,-0.5615449999999945,0.3725244999999845,0.13167551140517703,-0.4801185671833804,0.3828761638723576,0.0018075600000009052,0.0027276399999990337,0.009957520000001448,0.6280497080006084,1.0,4343.6,0.0,0.98,0.0,0.0,0.49
88.30617039999925,310626.5084464,0.2132675000000268,-0.47654499999999456,0.3775244999999844,0.15118066566753674,-0.4792642801341339,0.3815968099653304,0.0018075600000009052,0.0027276399999990337,0.011157520000001447,0.6310039375945966,1.0,4375.37,0.0,0.49,0.49,0.0,0.0
88.41704470000695,310626.6193207,0.12826750000002685,-0.37654499999999447,0.3675244999999844,0.14570310789893007,-0.45470849421397797,0.3782327226152258,0.0018075600000009052,0.003127639999999034,0.011557520000001452,0.6091380818982481,1.0,4350.44,0.0,1.96,0.0,0.0,0.49
88.52784400002565,310626.73012,0.17326750000002678,-0.47654499999999456,0.3975244999999844,0.15229257494513462,-0.4599286686605418,0.3828445613553416,0.0014075600000009042,0.0027276399999990337,0.010357520000001445,0.6174928070825132,1.0,4335.29,0.0,0.0,0.0,1.47,0.49
88.63861369999358,310626.8408897,0.14826750000002642,-0.3915449999999945,0.3875244999999844,0.1513303517039321,-0.4435810586902381,0.3839633344943983,0.0018075600000009052,0.0027276399999990337,0.011557520000001452,0.6058818970819688,1.0,4304.5,0.0,0.49,0.0,0.49,0.49
88.74934430001304,310626.9516203,0.23826750000002672,-0.5115449999999945,0.3625244999999845,0.17211330500422717,-0.45982832980538824,0.3788382262427147,0.0018075600000009052,0.003127639999999034,0.012757520000001452,0.6201479535673864,1.0,4007.82,0.0,1.47,0.0,0.0,0.0
88.85953479999444,310627.0618108,0.16826750000002644,-0.5015449999999945,0.3725244999999845,0.17119393753737486,-0.4698010011603935,0.37732888437648965,0.0018075600000009052,0.003127639999999034,0.012357520000001447,0.6264163407236956,1.0,2745.85,0.0,0.98,0.0,0.0,0.0
88.97033400001237,310627.17261,0.12826750000002685,-0.4265449999999945,0.3975244999999844,0.16093206256019882,-0.4594603416184878,0.3821567921765509,0.0018075600000009052,0.003127639999999034,0.011557520000001452,0.6189077056288189,1.0,464.81,0.0,0.0,0.0,0.0,0.0
89.08038400002988,310627.28266,0.17326750000002678,-0.49654499999999446,0.3725244999999845,0.16388093798658743,-0.4683256970897216,0.37985412315181394,0.0014075600000009042,0.003127639999999034,0.01315752000000145,0.6248800487016455,1.0,0.0,0.0,0.0,0.0,0.0,0.0
89.19281819998287,310627.3950942,0.08826750000002681,-0.5015449999999945,0.3775244999999844,0.1458049994338613,-0.4762670114137339,0.37929720990907834,0.0018075600000009052,0.003127639999999034,0.009957520000001448,0.6260636848322138,1.0,0.0,0.0,0.0,0.0,0.0,0.0
89.3028552000178,310627.5051312,0.2132675000000268,-0.47654499999999456,0.4075244999999844,0.1619323975170433,-0.4763334665933608,0.38604514750826385,0.0018075600000009052,0.0027276399999990337,0.01195752000000145,0.6341502414074628,1.0,0.0,0.0,0.0,0.0,0.0,0.0
89.41530190000776,310627.6175779,0.12826750000002685,-0.4265449999999945,0.3975244999999844,0.15388456058348698,-0.46443117400171713,0.38878936964378297,0.0018075600000009052,0.003127639999999034,0.012357520000001447,0.6249271536095997,1.0,0.0,0.0,0.0,0.0,0.0,0.0
89.52534629998263,310627.7276223,0.1932675000000268,-0.4365449999999945,0.3775244999999844,0.16329933673803293,-0.4577647826677408,0.3860964211824001,0.0018075600000009052,0.0027276399999990337,0.012757520000001452,0.6207138761778914,1.0,0.0,0.0,0.0,0.0,0.0,0.0
89.63614870002493,310627.8384247,0.12826750000002685,-0.45154499999999453,0.3675244999999844,0.1549247231094623,-0.45627789869172747,0.38165666926741526,0.0014075600000009042,0.0027276399999990337,0.011557520000001452,0.614697489714558,1.0,0.0,0.0,0.0,0.0,0.0,0.0
89.74707009998383,310627.9493461,0.14826750000002642,-0.5115449999999945,0.3925244999999845,0.15333326583596363,-0.4694898984874924,0.3842547027090142,0.0018075600000009052,0.0027276399999990337,0.012757520000001452,0.6257663555574965,1.0,0.0,0.0,0.0,0.0,0.0,0.0
89.85700850002468,310628.0592845,0.14826750000002642,-0.4415449999999945,0.35752449999998437,0.15212225791976258,-0.4628094686409886,0.3778646546628426,0.0018075600000009052,0.0023276399999990335,0.01195752000000145,0.6165350621512375,1.0,0.0,0.0,0.0,0.0,0.0,0.0
89.96697509998921,310628.1692511,0.12826750000002685,-0.5015449999999945,0.3975244999999844,0.14641960572156548,-0.47206947722275727,0.3825644827057552,0.0018075600000009052,0.0027276399999990337,0.011557520000001452,0.6250151003719415,1.0,0.0,0.0,0.0,0.0,0.0,0.0
90.0778681000229,310628.2801441,0.10826750000002683,-0.4115449999999945,0.4175244999999844,0.137299069252873,-0.4576006637373953,0.3909219273774953,0.0022075600000009046,0.003127639999999034,0.011557520000001452,0.6173081525260667,1.0,744.87,0.0,1.47,0.0,0.0,0.0
90.1887106000213,310628.3909866,0.1932675000000268,-0.48654499999999445,0.3725244999999845,0.15067872691713466,-0.4645200164035864,0.3865238894670483,0.0014075600000009042,0.003127639999999034,0.011557520000001452,0.6228030519463529,1.0,3062.07,0.0,0.0,0.0,0.49,0.0
90.29869610001333,310628.5009721,0.04326750000002644,-0.47154499999999455,0.3975244999999844,0.12500129722571313,-0.4661993894780544,0.3891536648790745,0.0014075600000009042,0.003527639999999033,0.01195752000000145,0.6200062660543333,1.0,4003.42,0.0,0.98,0.49,0.0,0.0
90.40868669998599,310628.6109627,0.14826750000002642,-0.48654499999999445,0.3875244999999844,0.13056325106490374,-0.4710631546420938,0.38876420124627514,0.0018075600000009052,0.0027276399999990337,0.011557520000001452,0.6245677404098395,1.0,2825.02,0.0,0.49,0.0,0.0,0.0
90.51949520001654,310628.7217712,0.06826750000002679,-0.48654499999999445,0.3625244999999845,0.11567100177259168,-0.47476420160972355,0.3824914111179629,0.0014075600000009042,0.003127639999999034,0.012357520000001447,0.6205485535880361,1.0,32.75,0.0,0.0,0.0,0.0,0.98
90.62954310001805,310628.8318191,0.17326750000002678,-0.4015449999999945,0.42752449999998443,0.12943986072854025,-0.4572606225579105,0.39325689631671235,0.0018075600000009052,0.0027276399999990337,0.01195752000000145,0.6168410986535554,1.0,0.0,0.0,0.0,0.0,0.0,0.0
90.73943379998673,310628.9417098,0.15326750000002676,-0.4365449999999945,0.3875244999999844,0.1351360300179788,-0.45230840334384814,0.3918865255685992,0.0014075600000009042,0.003127639999999034,0.012757520000001452,0.6135305104611422,1.0,0.0,0.0,0.0,0.0,0.0,0.49
90.84963170002447,310629.0519077,0.10826750000002683,-0.48654499999999445,0.42752449999998443,0.12871291382938677,-0.46049290908634544,0.40040604079127484,0.0018075600000009052,0.0027276399999990337,0.012357520000001447,0.6236551378826285,1.0,0.0,0.0,0.0,0.0,0.0,0.0
90.95952600002056,310629.161802,0.17326750000002678,-0.49654499999999446,0.3625244999999845,0.13936400949846312,-0.46911142184552246,0.39135018482361394,0.0018075600000009052,0.003527639999999033,0.011557520000001452,0.6266121770368752,1.0,0.0,0.0,0.0,0.0,0.0,0.0
91.0703173999791,310629.2725934,0.14826750000002642,-0.5365449999999945,0.3825244999999845,0.14149245321821097,-0.4852319058172649,0.3892403411132141,0.0018075600000009052,0.0027276399999990337,0.012357520000001447,0.6379483990815353,1.0,0.0,0.0,0.0,0.0,0.0,0.49
91.18122929998208,310629.3835053,0.2132675000000268,-0.5015449999999945,0.3975244999999844,0.15865079662639914,-0.4891316688210879,0.3912207291366352,0.0018075600000009052,0.003127639999999034,0.01075752000000145,0.6461219108032894,1.0,0.0,0.49,0.0,0.0,0.0,0.49
91.29121870000381,310629.4934947,0.14826750000002642,-0.46154499999999454,0.3775244999999844,0.15616859456297225,-0.48253687636404974,0.3879465466252916,0.0018075600000009052,0.0027276399999990337,0.012357520000001447,0.6385397325283978,1.0,0.0,0.0,0.0,0.0,0.0,0.0
91.40197649999755,310629.6042525,0.08326750000002647,-0.45154499999999453,0.3975244999999844,0.1387410612985742,-0.47512804444597295,0.3902362255669183,0.0018075600000009052,0.0027276399999990337,0.012357520000001447,0.6303015567599559,1.0,0.0,0.49,0.0,0.0,0.0,0.0
91.50403349997941,310629.7063095,0.038267500000026544,-0.4265449999999945,0.3875244999999844,0.11472213068826509,-0.46351391672616266,0.38958796798169293,0.0018075600000009052,0.0027276399999990337,0.012357520000001447,0.6162670712155469,1.0,8.8,0.0,0.0,0.0,0.49,0.0
91.61620450002374,310629.8184805,0.17326750000002678,-0.45154499999999453,0.3775244999999844,0.1287178241311972,-0.46065266072397737,0.38670410881886924,0.0018075600000009052,0.0027276399999990337,0.012357520000001447,0.6150684676184802,1.0,33.24,0.0,0.0,0.0,0.0,0.0
91.72707870003069,310629.9293547,0.17326750000002678,-0.49654499999999446,0.3525244999999845,0.13936774595715568,-0.46923298370019484,0.3785332264305272,0.0014075600000009042,0.003127639999999034,0.011557520000001452,0.6187813548558735,1.0,0.0,0.0,0.0,0.0,0.49,0.0
91.83699039998464,310630.0392664,0.14826750000002642,-0.4115449999999945,0.3975244999999844,0.14149529644946235,-0.4554422544811263,0.3830732275628727,0.0018075600000009052,0.0027276399999990337,0.011557520000001452,0.6117137106192804,1.0,7.33,0.0,0.0,0.0,0.0,0.0
91.94863830000395,310630.1509143,0.2132675000000268,-0.5465449999999945,0.3725244999999845,0.15865296016268146,-0.477221023888178,0.3805514780390631,0.0018075600000009052,0.0027276399999990337,0.011157520000001447,0.6306584613298848,1.0,1134.9,0.0,1.47,3.42,0.49,0.0
92.05954230000498,310630.2618183,0.10326750000002649,-0.4115449999999945,0.3675244999999844,0.14541266582779677,-0.4615206959596796,0.37743728483700356,0.0018075600000009052,0.0027276399999990337,0.012357520000001447,0.6136815951023649,1.0,0.0,0.0,0.0,0.0,0.0,0.0
92.17165049997857,310630.3739265,0.10326750000002649,-0.5365449999999945,0.3525244999999845,0.13533755949639795,-0.4794557977868814,0.3714817036614553,0.0018075600000009052,0.0023276399999990335,0.010357520000001445,0.6214441030351107,1.0,0.0,0.0,0.0,0.0,0.0,0.0
92.27579390001483,310630.4780699,0.08326750000002647,-0.45154499999999453,0.3775244999999844,0.12288983563995202,-0.4727835199591889,0.37292627777698883,0.0018075600000009052,0.0027276399999990337,0.011557520000001452,0.6145731666003772,1.0,661.78,0.0,0.98,0.0,0.0,0.98
92.38605780003127,310630.5883338,0.1932675000000268,-0.48654499999999445,0.3975244999999844,0.13971412468607636,-0.47607330117051777,0.3788066604873769,0.0018075600000009052,0.0027276399999990337,0.01075752000000145,0.6242277715335884,1.0,11.24,0.0,0.0,0.0,0.0,0.0
92.49790040001972,310630.7001764,0.12826750000002685,-0.5715449999999945,0.3725244999999845,0.13697772636891578,-0.49889650042608824,0.3773048646429841,0.0014075600000009042,0.0027276399999990337,0.011557520000001452,0.6403277102717451,1.0,0.0,0.0,0.0,0.0,1.96,0.0
92.60787910001818,310630.8101551,0.14826750000002642,-0.4115449999999945,0.3775244999999844,0.13967662830836225,-0.47801449325599843,0.3773573700616353,0.0018075600000009052,0.0027276399999990337,0.011557520000001452,0.6248247762358783,1.0,0.0,0.0,0.0,0.0,0.0,0.0
92.71876780001912,310630.9210438,0.14326750000002653,-0.5365449999999945,0.44752449999998445,0.14053505212531373,-0.4920066336947448,0.3941313293334274,0.0026075600000009056,0.0023276399999990335,0.01195752000000145,0.6458793488242476,1.0,0.0,0.0,0.0,0.0,0.0,0.0
92.83115550002549,310631.0334315,0.14826750000002642,-0.46154499999999454,0.42752449999998443,0.1423835496459569,-0.48472456011703197,0.40211420800053244,0.0018075600000009052,0.003127639999999034,0.01075752000000145,0.6456986996009271,1.0,0.0,0.0,0.0,0.0,0.0,0.0
92.94135019998066,310631.1436262,0.14826750000002642,-0.48654499999999445,0.3875244999999844,0.14379015048146387,-0.48515974942120316,0.3986264329126308,0.0018075600000009052,0.003127639999999034,0.011557520000001452,0.6441728206394421,1.0,0.0,0.0,0.0,0.0,0.0,0.0
93.04706120002083,310631.2493372,0.17826750000002667,-0.5165449999999945,0.6475244999999844,0.1520322099348268,-0.4926626202868947,0.45812731379260035,0.0034075600000009042,0.0011276399999990338,0.01075752000000145,0.6897179756454372,1.0,0.0,0.0,0.0,0.0,0.0,0.0
93.15700210002251,310631.3592781,-0.6067324999999735,-0.4265449999999945,2.3475244999999845,-0.029355974995955755,-0.47685672554936265,0.9098013594251841,0.013407560000000904,-0.04407236000000096,0.01075752000000145,1.0276150172032017,1.0,0.0,0.0,0.0,0.0,0.49,0.0
93.26790919998894,310631.4701852,0.2732675000000264,1.1284550000000055,7.077524499999985,0.04298835273600228,-0.09309536140984753,2.3842401294103905,0.003007560000000905,-0.08127236000000097,-0.01644247999999856,2.3864441622375874,1.0,755.13,0.0,2.44,0.49,0.49,0.0
93.38030489999801,310631.5825809,-0.10173249999997358,0.9884550000000055,13.467524499999984,0.008391787482368619,0.1654570651839284,5.033779319531273,0.010207560000000906,-0.09927236000000096,-0.054042479999998554,5.036504809911052,1.0,2648.58,0.0,0.49,0.0,0.49,0.49
93.4920121000032,310631.6942881,0.2232675000000266,1.2534550000000055,18.297524499999984,0.059759378738208344,0.4255508307752224,8.20457341705377,0.005407560000000904,-0.09967236000000097,-0.05204247999999855,8.215819475179943,1.0,3318.18,0.0,1.47,1.96,0.0,0.0
93.60283139999956,310631.8051074,-0.6067324999999735,0.9034550000000056,22.777524499999984,-0.09957031935201291,0.5397972746220716,11.688342642757263,0.04740756000000091,-0.16607236000000097,-0.060442479999998557,11.701224255635951,1.0,3579.18,0.0,2.44,0.49,0.0,0.0
93.7127967000124,310631.9150727,-1.2417324999999733,1.0034550000000055,26.142524499999983,-0.3726124391708437,0.6506380031565674,15.143719227113689,0.1338075600000009,-0.331272360000001,-0.06324247999999855,15.162269021179819,1.0,3738.03,0.0,0.0,0.49,0.0,0.0
93.82286269997712,310632.0251387,-0.3567324999999735,-0.07654499999999445,24.327524499999985,-0.36881622500154887,0.47679965336507735,17.339174217831086,0.1354075600000009,-0.28607236000000097,0.0031575200000014472,17.349649157074378,1.0,3806.94,0.0,0.98,0.0,0.0,0.0
93.93452680000337,310632.1368028,1.5782675000000266,-0.38154499999999447,25.057524499999985,0.09664820443488453,0.2716061636305447,19.184301607141155,0.1210075600000009,-0.27047236000000097,0.04235752000000145,19.186467599256027,1.0,3814.27,0.0,0.0,1.47,0.0,0.0
94.04789609997533,310632.2501721,2.6582675000000267,-0.6515449999999945,28.872524499999983,0.7090218011802544,0.050920209480051826,21.500341273629495,0.1330075600000009,-0.298872360000001,0.09955752000000145,21.512089151563554,1.0,3866.08,0.0,0.0,0.0,0.49,0.0
94.157845299982,310632.3601213,1.9982675000000267,0.26345500000000555,35.19252449999998,1.0172252984921306,0.1017281864224312,24.773556580894457,0.19820756000000092,-0.462872360000001,0.11755752000000144,24.79464058216179,1.0,3982.4,0.0,0.49,0.98,0.0,0.49
94.2611580999801,310632.4634341,0.4932675000000266,2.1984550000000054,42.35252449999999,0.8919694018954397,0.6029658771463712,28.975935845577183,0.1930075600000009,-0.612872360000001,0.08435752000000146,28.995931359242892,1.0,4064.03,0.0,1.96,0.49,0.0,0.49
94.38034189998871,310632.5826179,-0.24173249999997326,4.078455000000005,51.10252449999999,0.6209497728261654,1.433806657544907,34.265456697279255,0.07580756000000091,-0.661272360000001,0.05195752000000145,34.30106270692954,1.0,4161.78,0.0,2.44,0.49,0.49,0.49
94.48336760001257,310632.6856436,-0.9017324999999734,5.368455000000006,53.72752449999999,0.25694157624313607,2.3744127661766194,38.91800459192064,-0.0361924399999991,-0.629672360000001,0.02915752000000145,38.99121614382579,1.0,4236.56,0.0,0.49,0.49,0.0,0.0
94.5942879000213,310632.7965639,-1.9417324999999734,6.118455000000006,56.02252449999998,-0.26866734404833637,3.2694531076755977,43.00696363233983,-0.061792439999999095,-0.682072360000001,0.02635752000000145,43.13189569956842,1.0,4263.93,0.0,1.47,0.0,0.49,0.0
94.70519700000295,310632.907473,-2.161732499999973,6.848455000000006,59.41252449999998,-0.7212182443442692,4.125039363352069,46.92883146513882,-0.0393924399999991,-0.766072360000001,0.03555752000000145,47.115298239410336,1.0,4287.88,0.0,0.49,0.0,0.0,0.0
94.8153332999791,310633.0176093,-1.6217324999999732,6.8984550000000056,60.61752449999999,-0.9364926821231672,4.788044405367594,50.201212416911694,-0.0585924399999991,-0.709672360000001,0.09235752000000146,50.43772512613283,1.0,4323.56,0.0,0.98,0.0,0.98,0.0
94.93979640002362,310633.1420724,-1.7717324999999735,6.388455000000006,62.667524499999985,-1.1361627940338934,5.170634118757549,53.181374372159155,-0.006592439999999096,-0.755272360000001,0.10515752000000145,53.44422235561439,1.0,4359.24,0.0,0.0,0.0,0.49,0.0
95.04302149999421,310633.2452975,-2.0517324999999738,5.333455000000006,69.08252449999999,-1.3550363459641988,5.209557626573217,56.98265917393752,0.14180756000000092,-0.9792723600000011,0.13355752000000146,57.23634387953687,1.0,4376.34,0.0,0.0,0.0,0.0,0.0
95.15383760002442,310633.3561136,-1.7767324999999734,4.993455000000006,70.52752449999998,-1.4558458577552962,5.157896732649648,60.22065707296669,0.17780756000000092,-1.0628723600000012,0.12275752000000145,60.45867120741303,1.0,4381.72,0.0,0.0,0.0,0.49,0.0
95.26465979998466,310633.4669358,-1.4017324999999734,5.3984550000000056,70.14252449999998,-1.4429096686900567,5.2154039241590215,62.592551153106584,0.10740756000000092,-1.0040723600000012,0.15315752000000146,62.82602873219345,1.0,4385.63,0.0,0.0,0.0,0.0,0.0
95.37626089999685,310633.5785369,-0.7467324999999732,5.623455000000006,65.58252449999999,-1.2764834876018556,5.312951481440922,63.307325880084875,-0.008192439999999095,-0.840472360000001,0.16195752000000146,63.542697248586556,1.0,4391.01,0.0,0.98,0.98,0.49,0.0
95.4862174000009,310633.6884934,-0.46173249999997346,5.5234550000000056,61.10252449999999,-1.0817113785716834,5.363273868147937,62.78025218354877,0.013807560000000905,-0.799672360000001,0.09035752000000145,63.01821062455891,1.0,4380.25,0.0,1.96,0.49,0.49,0.0
95.59617710002931,310633.7984531,-0.07673249999997322,5.438455000000006,59.892524499999986,-0.8414639180729474,5.381246460796401,62.08992002097587,0.05820756000000091,-0.800472360000001,0.07355752000000146,62.3283566541621,1.0,4367.55,0.0,0.0,0.0,0.0,0.0
95.70622910000384,310633.9085051,0.7732675000000269,5.058455000000006,60.752524499999986,-0.4554507083914726,5.304080830373176,61.770205960862,0.0978075600000009,-0.792872360000001,0.09075752000000145,61.999185907963486,1.0,4380.25,0.0,0.0,0.0,0.0,0.0
95.81621630000882,310634.0184923,0.8532675000000265,5.193455000000006,60.572524499999986,-0.1425921670046467,5.27763492650454,61.48389155605833,0.14180756000000092,-0.838472360000001,0.06075752000000145,61.71015057363491,1.0,4387.1,0.0,0.0,0.0,0.0,0.98
95.9262493000133,310634.1285253,0.6982675000000267,5.288455000000006,59.667524499999985,0.05842141043569837,5.28022154323363,61.0496758905791,0.1850075600000009,-0.878872360000001,0.03635752000000145,61.277622987119706,1.0,4378.79,0.0,0.0,0.98,0.0,0.49
96.03790350002237,310634.2401795,0.6582675000000267,5.393455000000006,55.777524499999984,0.20181895120067495,5.30729081902804,59.78933001669203,0.17180756000000091,-0.824872360000001,0.01955752000000145,60.0247619784678,1.0,4367.55,0.0,0.49,0.0,0.0,0.0
96.14781619998394,310634.3500922,1.2182675000000267,4.658455000000006,43.17252449999999,0.44480831921976116,5.1521819295520315,55.816962624592854,0.1182075600000009,-0.602872360000001,-0.0008424799999985494,56.05600904195058,1.0,4326.98,0.0,0.49,0.0,0.0,0.0
96.25878049997846,310634.4610565,1.8932675000000267,1.7934550000000056,24.107524499999982,0.7910729494905033,4.3492539949068725,48.236592384272775,0.06700756000000091,-0.310072360000001,0.02435752000000145,48.43873090379342,1.0,4169.11,0.0,0.49,0.98,0.0,0.0
96.36964689998422,310634.5719229,0.6682675000000264,-0.1965449999999945,9.477524499999983,0.7617154196910473,3.2625479080921798,38.970957226120326,0.033407560000000905,-0.12167236000000098,0.02635752000000145,39.114702304290795,1.0,3614.37,0.0,1.96,0.0,0.0,0.0
96.48037830000976,310634.6826543,-0.2817324999999733,-0.8865449999999945,2.1825244999999844,0.5122716570273634,2.270677276980868,30.176416637625415,0.019007560000000905,-0.030472360000000965,0.029957520000001448,30.26606215936171,1.0,2274.19,0.0,0.98,0.0,0.0,0.0
96.59128420002526,310634.7935602,-0.4067324999999733,-0.9465449999999945,0.23252449999998437,0.29257707476172734,1.5015770517073663,23.018112919106763,0.006607560000000906,-0.004072360000000967,0.011157520000001447,23.068893717377087,1.0,191.1,0.0,0.49,0.0,0.0,0.0
96.69290369999362,310634.8951797,0.10826750000002683,-0.48654499999999445,0.3625244999999845,0.24851653953432862,1.0263021138270196,17.60213085236863,0.0018075600000009052,0.003127639999999034,0.012357520000001447,17.633776312610284,1.0,0.0,0.0,0.0,0.0,0.0,0.0
96.80349720001686,310635.0057732,0.04326750000002644,-0.44654499999999453,0.3675244999999844,0.19945027399449794,0.6742073719925183,13.48207370774825,0.0018075600000009052,0.003127639999999034,0.012357520000001447,13.500394344366471,1.0,0.0,0.0,0.0,0.0,0.0,0.0
96.91375780000817,310635.1160338,1.5532675000000267,0.6684550000000056,5.247524499999985,0.5230900613197033,0.6728322259148123,11.513545236458357,0.04300756000000091,-0.025672360000000966,0.02235752000000145,11.545044405651018,1.0,173.51,0.0,0.49,0.0,0.0,0.49
97.02440290001687,310635.2266789,0.15826750000002665,1.8984550000000056,10.047524499999984,0.4358765927000813,0.9658262034816483,11.163082389444924,0.044607560000000906,-0.06127236000000097,0.01995752000000145,11.213260769862217,1.0,1919.84,0.0,0.49,0.0,0.0,0.49
97.13514530000975,310635.3374213,0.6682675000000264,3.7834550000000053,17.202524499999985,0.491431317791575,1.6394007207428514,12.606854652551693,0.09660756000000091,-0.08167236000000097,0.01955752000000145,12.722496755505297,1.0,3023.46,0.0,0.0,0.0,0.0,0.0
97.2462357999757,310635.4485118,0.8382675000000268,4.163455000000006,19.442524499999983,0.5743450125580583,2.2427941289847437,14.240970907801977,0.1882075600000009,-0.17487236000000098,0.0035575200000014517,14.427932980691343,1.0,3466.28,0.0,0.0,0.0,0.0,0.0
97.35786859999644,310635.5601446,0.4532675000000266,1.4984550000000056,4.892524499999984,0.545400558564247,2.0648544833848543,12.006157264479521,0.039007560000000906,-0.022472360000000968,0.005957520000001451,12.194625786232683,1.0,3175.95,0.0,0.0,0.0,0.0,0.49
97.47041419998277,310635.6726902,-0.23673249999997337,-0.21154499999999446,0.9025244999999845,0.3584260010897486,1.5206647430580673,9.35175364381037,0.005407560000000904,-0.0032723600000009664,0.005957520000001451,9.481359959075364,1.0,700.39,0.0,0.98,0.0,0.0,0.0
97.58286710001994,310635.7851431,0.12826750000002685,-0.44654499999999453,0.3975244999999844,0.3034049488288421,1.0503890436227115,7.211180485117149,0.0018075600000009052,0.003127639999999034,0.012357520000001447,7.293592783729488,1.0,0.0,0.0,0.0,0.0,0.0,0.0
97.69454739999492,310635.8968234,0.16826750000002644,-0.4265449999999945,0.3975244999999844,0.27109936550599395,0.6973172916981603,5.58232680267669,0.0018075600000009052,0.0027276399999990337,0.013957520000001451,5.632239235256397,1.0,0.0,0.0,0.0,0.0,0.0,0.0
97.80456650000997,310636.0068425,0.8432675000000267,0.8534550000000055,5.872524499999985,0.40788029117664426,0.7346431387457348,5.6517006584970115,0.004207560000000905,-0.019672360000000968,0.02515752000000145,5.713824219075354,1.0,443.3,0.0,0.0,0.0,0.0,0.0
97.90698390000034,310636.1092599,1.1132675000000267,1.6534550000000057,13.892524499999984,0.5765081988884548,0.9542917513177496,7.621729126311479,0.019407560000000906,-0.09007236000000096,0.019157520000001448,7.702842937830385,1.0,2134.9,0.0,0.98,0.0,0.0,0.0
98.01794900000095,310636.220225,2.1732675000000268,3.0234550000000056,22.427524499999983,0.9582250441867302,1.4489401727450018,11.161161461693425,0.10940756000000092,-0.23367236000000097,0.00955752000000145,11.295536642120705,1.0,3209.68,0.0,1.47,0.0,0.98,0.98
98.12875139998505,310636.3310274,2.2032675000000266,4.113455000000005,26.542524499999985,1.2558614369508898,2.0859116896180954,14.838187404979049,0.11700756000000091,-0.270872360000001,-0.007242479999998552,15.036622659060932,1.0,3554.25,0.0,2.44,0.49,0.0,0.0
98.23946970002726,310636.4417457,2.4132675000000265,4.183455000000006,27.002524499999986,1.5325477169735935,2.587344569801167,17.746160057979257,0.0726075600000009,-0.21487236000000098,0.010357520000001445,17.9991458472645,1.0,3715.05,0.0,0.49,0.0,0.49,0.49
98.35027910000645,310636.5525551,1.9882675000000267,4.013455000000006,25.372524499999983,1.641490823048358,2.9282665698067456,19.569297567732008,0.05140756000000091,-0.18887236000000096,-0.0036424799999985533,19.85514151348314,1.0,3760.51,0.0,0.0,0.0,0.49,0.0
98.46030730003258,310636.6625833,1.6932675000000266,4.128455000000006,26.442524499999983,1.6538684116882114,3.215180283738417,21.212392115406196,0.0678075600000009,-0.21807236000000096,-0.005642479999998555,21.51832345323091,1.0,3761.49,0.0,0.0,0.49,0.0,0.0
98.57203540002229,310636.7743114,1.1482675000000269,4.503455000000006,29.942524499999983,1.5330008614850013,3.5231516606557594,23.299393325020944,0.09580756000000092,-0.259272360000001,0.00955752000000145,23.614072469172395,1.0,3800.1,0.0,0.98,0.0,0.49,1.47
98.68202499998733,310636.884301,1.6382675000000266,4.988455000000006,33.92752449999998,1.5581656118272331,3.8734430087068654,25.840124855881633,0.10180756000000091,-0.24007236000000098,-0.002842479999998551,26.17524581323226,1.0,3960.41,0.0,0.49,0.0,0.49,0.0
98.79352990002371,310636.9958059,1.8282675000000266,5.038455000000006,35.457524499999984,1.6227354193058257,4.151947540818563,28.139233713158987,0.0978075600000009,-0.24767236000000098,0.00155752000000145,28.490145885666543,1.0,4047.9,0.0,0.0,0.0,0.49,0.0
98.90454339998541,310637.1068194,1.4132675000000265,4.9834550000000055,37.057524499999985,1.5726606000810737,4.3507254054220565,30.271215548013977,0.11700756000000091,-0.29527236000000096,-0.020842479999998546,30.622680543524524,1.0,4097.26,0.0,1.47,0.0,0.49,0.0
99.01544530002866,310637.2177213,1.8782675000000266,4.893455000000006,40.67752449999998,1.645718137091968,4.480468835473215,32.758918874110805,0.1446075600000009,-0.352072360000001,-0.017642479999998552,33.10482978317474,1.0,4109.97,0.0,0.0,0.0,0.98,0.0
99.12635510001564,310637.3286311,2.6232675000000265,4.588455000000006,41.252524499999986,1.8794083737311655,4.506283708153356,34.78937665347999,0.1386075600000009,-0.33407236000000096,-0.002842479999998551,35.13032161297869,1.0,4121.7,0.0,0.0,1.47,0.49,0.49
99.23722250002902,310637.4394985,2.1582675000000267,4.688455000000006,38.627524499999986,1.9460716622355017,4.549833071403789,35.7069136214764,0.13700756000000092,-0.34767236000000096,-0.02684247999999855,36.04818797476196,1.0,4102.15,0.0,0.0,1.47,0.0,0.0
99.34714590001386,310637.5494219,1.8682675000000266,4.8984550000000056,34.807524499999985,1.9274720152261333,4.633173661743804,35.4919081551506,0.1134075600000009,-0.33647236000000097,-0.03684247999999855,35.84490188357337,1.0,4033.24,0.0,0.0,0.0,0.0,0.0
99.45877760002622,310637.6610536,1.7232675000000266,3.2184550000000054,22.482524499999982,1.8786554507674136,4.294974946277103,32.38192101766402,0.0314075600000009,-0.18287236000000098,-0.016042479999998548,32.719489068230835,1.0,3834.31,0.0,0.0,0.0,0.0,0.0
99.57065379997948,310637.7729298,0.18326750000002656,3.0084550000000054,18.867524499999984,1.4733607143139478,3.987423059800328,29.1512069073773,0.020207560000000905,-0.16207236000000097,-0.019242479999998556,29.459517962944222,1.0,3528.35,0.0,0.0,0.0,0.0,0.0
99.68139360001078,310637.8836696,-0.8067324999999737,3.7284550000000056,17.007524499999985,0.9282879609264916,3.925514874420616,26.24817190665972,0.006607560000000906,-0.16847236000000096,-0.02044247999999855,26.556315896774144,1.0,3460.41,0.0,0.0,1.47,0.0,0.0
99.79292079998413,310637.9951968,-2.631732499999974,3.6734550000000055,15.007524499999985,0.07723935354016809,3.865258140657966,23.56101394603696,0.03380756000000091,-0.225672360000001,-0.03204247999999855,23.876087715055125,1.0,3241.45,0.0,0.0,0.98,0.0,0.0
99.90284039999824,310638.1051164,-3.4417324999999734,3.7384550000000054,16.032524499999983,-0.7639962877312956,3.834944933907158,21.76127416108499,0.049407560000000905,-0.28567236000000096,-0.044842479999998554,22.109806559254938,1.0,2977.52,0.0,0.0,0.0,0.0,0.98
100.00542529998347,310638.2077013,-3.0617324999999735,3.7134550000000055,18.527524499999984,-1.3132867272259847,3.805901887610668,20.988222945254,0.05980756000000091,-0.317672360000001,-0.037642479999998556,21.370894075955572,1.0,2990.71,0.0,0.0,0.0,0.0,0.0
100.11535360000562,310638.3176296,-2.746732499999973,3.7834550000000053,19.217524499999985,-1.655962293861812,3.8005357969797617,20.564924691079813,0.05740756000000091,-0.31487236000000096,-0.024442479999998552,20.978617948106134,1.0,3109.97,0.0,0.0,0.0,0.0,0.0
100.22713860002114,310638.4294146,-3.0267324999999734,3.8834550000000054,19.107524499999982,-1.9836548135494516,3.8203582314377917,20.216522647710583,0.051807560000000905,-0.325272360000001,-0.03604247999999855,20.66973176897144,1.0,3109.48,0.0,0.0,0.0,0.49,0.0
100.33785950002493,310638.5401355,-2.9817324999999735,4.013455000000006,19.872524499999983,-2.2222524942200925,3.86651940881847,20.134287405591667,0.04740756000000091,-0.345272360000001,-0.04044247999999855,20.622267281213396,1.0,3073.31,0.0,0.0,0.0,0.0,0.0
100.44876709999517,310638.6510431,-3.0267324999999734,4.638455000000006,21.767524499999983,-2.414569250852141,4.051056188052604,20.524724530878906,0.04420756000000091,-0.36727236000000096,-0.03964247999999856,21.059570697770226,1.0,3135.87,0.0,0.49,0.0,0.49,0.49
100.55954330001259,310638.7618193,-4.131732499999973,5.443455000000006,25.602524499999983,-2.8250695296797304,4.38391918219557,21.738609293547427,0.08260756000000091,-0.39847236000000097,-0.044842479999998554,22.355466876382913,1.0,3273.71,0.0,0.49,0.0,0.49,0.49
100.67122910002945,310638.8735051,-5.351732499999974,6.758455000000006,30.967524499999985,-3.4290865643644226,4.951569122164034,23.944848139740436,0.08260756000000091,-0.450072360000001,-0.04604247999999856,24.690735587922525,1.0,3609.48,0.0,0.0,0.0,0.0,0.0
100.78122200001962,310638.983498,-5.551732499999973,7.383455000000006,36.71252449999999,-3.936520408445969,5.532929008257542,26.9970534023839,0.0886075600000009,-0.5388723600000009,-0.04644247999999856,27.837930755494337,1.0,3781.04,0.0,0.98,1.47,0.0,0.0
100.89212989999214,310639.0944059,-5.7117324999999735,7.6484550000000056,43.73252449999998,-4.3608976823729915,6.038660778319743,30.99778865879692,0.1070075600000009,-0.700472360000001,-0.06644247999999855,31.880178078661707,1.0,3820.63,0.0,0.98,0.0,0.98,0.0
101.00458270002855,310639.2068587,-4.861732499999974,8.103455000000006,50.18752449999999,-4.480625863362463,6.5322647522820185,35.58523363081744,0.11220756000000091,-0.839672360000001,-0.08044247999999857,36.4562113155111,1.0,3830.89,0.0,0.0,0.0,0.49,0.0
101.117104200006,310639.3193802,-2.8017324999999738,7.008455000000006,58.47752449999999,-4.079274277178616,6.646101470811966,41.05780112809253,0.08740756000000091,-0.919672360000001,-0.04644247999999856,41.79179556878091,1.0,3857.77,0.0,2.44,0.0,0.0,0.0
101.22712820000015,310639.4294042,-1.3417324999999738,6.198455000000006,62.267524499999986,-3.4248451404080202,6.5390883483405355,46.12813871093145,0.0726075600000009,-0.866472360000001,-0.05644247999999855,46.715034213817205,1.0,3944.28,0.0,0.98,1.47,0.0,0.0
101.33876439998858,310639.5410404,-0.9367324999999735,6.868455000000006,61.072524499999986,-2.8300438405614137,6.6178258256361975,49.70070208623319,0.08700756000000091,-0.815272360000001,-0.10404247999999858,50.21916521271995,1.0,4020.04,0.0,2.44,0.0,0.0,0.0
101.44963310001185,310639.6519091,0.2732675000000264,6.803455000000006,61.57752449999999,-2.088174847487233,6.662201820680754,52.53994227778547,0.08460756000000091,-0.778472360000001,-0.11684247999999856,53.00180130756114,1.0,4061.58,0.0,1.47,0.0,0.49,0.0
101.56038769998122,310639.7626637,1.1432675000000265,6.488455000000006,61.392524499999986,-1.3156752116389236,6.62066638811763,54.65621600561341,0.0770075600000009,-0.761272360000001,-0.10204247999999858,55.071464232736204,1.0,4084.56,0.0,1.47,1.96,0.0,0.49
101.67207209998742,310639.8743481,1.5682675000000266,5.808455000000006,63.47752449999999,-0.6262478739422365,6.426501388689248,56.76501352289485,0.08900756000000092,-0.779272360000001,-0.08724247999999857,57.13106743929153,1.0,4099.22,0.0,0.0,0.0,0.49,0.49
101.78373660001671,310639.9860126,2.773267500000027,4.393455000000006,66.34752449999999,0.18643083297425161,5.940486963537461,59.055781992300545,0.0862075600000009,-0.714872360000001,-0.08844247999999857,59.3541028787528,1.0,4125.61,0.0,0.98,0.0,0.0,0.49
101.89459889999125,310640.0968749,4.653267500000027,3.8784550000000055,65.89752449999999,1.2542604049158537,5.447543327337701,60.6913499608504,-0.0017924399999990955,-0.548872360000001,-0.14204247999999856,60.948247370510806,1.0,4185.24,0.0,0.49,0.0,0.0,0.0
101.99714639998274,310640.1994224,4.903267500000027,5.028455000000006,65.94252449999999,2.1265819100023786,5.3473572353567045,61.94668116687464,-0.0629924399999991,-0.501272360000001,-0.17124247999999856,62.21340601199144,1.0,4216.52,0.0,0.0,0.0,0.49,0.0
102.10795829998096,310640.3102343,6.158267500000027,3.6834550000000053,66.14752449999999,3.090385473618436,4.949589386612714,62.950923110915056,-0.025792439999999098,-0.516872360000001,-0.11524247999999856,63.22078485741822,1.0,4230.69,0.0,0.0,0.0,0.0,0.0
102.21796350000659,310640.4202395,7.738267500000028,2.0834550000000056,65.21752449999998,4.201495246515239,4.264419257653957,63.49277054602183,0.05740756000000091,-0.523672360000001,-0.05964247999999856,63.77436589666194,1.0,4240.96,0.0,0.98,0.49,0.0,0.0
102.32869509997545,310640.5309711,8.958267500000026,2.8684550000000053,66.65252449999998,5.3386360147816685,3.930703917959448,64.24813255355274,0.10780756000000091,-0.626072360000001,-0.06444247999999855,64.58927158907947,1.0,4257.58,0.0,1.47,0.0,0.0,0.0
102.43940520001343,310640.6416812,9.723267500000027,3.3134550000000056,67.06752449999999,6.386813844193977,3.783146105355362,64.92212856454076,0.09940756000000091,-0.624472360000001,-0.04804247999999855,65.3451326640754,1.0,4264.42,0.0,1.47,0.0,0.49,0.0
102.54963399999542,310640.75191,9.658267500000028,3.0634550000000056,67.91752449999998,7.168878472322007,3.6110987478518033,65.63819960048637,0.0770075600000009,-0.602872360000001,-0.0032424799999985487,66.12719636814303,1.0,4280.06,0.0,0.98,0.0,0.0,0.49
102.66039630002342,310640.8626723,8.888267500000026,3.3284550000000053,64.73252449999998,7.579910839585395,3.543530718219433,65.42169142547075,0.029407560000000908,-0.528072360000001,0.0035575200000014517,65.95460080431495,1.0,4285.92,0.0,0.0,0.0,0.0,0.0
102.77219310001237,310640.9744691,8.808267500000026,2.6534550000000054,64.47252449999999,7.873558372427814,3.3307516882186072,65.19478621552462,0.09140756000000091,-0.591672360000001,-0.014442479999998557,65.75292372161528,1.0,4275.17,0.0,0.0,0.0,0.49,0.49
102.88288500002818,310641.085161,9.468267500000026,2.0284550000000054,61.64752449999998,8.25478510893185,3.019428257615674,64.34678767839081,0.11700756000000091,-0.586872360000001,-0.01884247999999856,64.94434162208005,1.0,4260.51,0.0,0.98,0.0,0.0,0.0
102.99283970001852,310641.1951157,7.348267500000027,5.913455000000006,56.74252449999999,8.03807552618641,3.711266255705157,62.52893363535971,0.06660756000000091,-0.621672360000001,-0.10364247999999857,63.152606414625765,1.0,4217.99,0.0,0.49,0.0,0.0,0.0
103.10366080002859,310641.3059368,4.3732675000000265,7.883455000000006,52.682524499999985,7.161976694380126,4.708658113296047,60.1750784049257,0.008207560000000905,-0.704072360000001,-0.15964247999999856,60.78244345563699,1.0,4112.9,0.0,0.98,0.49,0.0,0.0
103.21458490000805,310641.4168609,1.9582675000000267,8.198455000000006,51.637524499999984,5.917992421894208,5.5429192679967185,58.13411447198756,-0.010192439999999095,-0.736472360000001,-0.13724247999999856,58.69686408795005,1.0,4020.53,0.0,0.49,0.0,0.49,0.0
103.32546520000324,310641.5277412,0.048267500000026775,10.388455000000006,50.807524499999985,4.514792278707722,6.701279586995808,56.3826402147503,-0.1173924399999991,-0.709272360000001,-0.11004247999999855,56.95869218134265,1.0,4017.11,0.0,0.49,0.0,0.0,0.0
103.43617310002446,310641.6384491,-2.4467324999999733,14.088455000000007,48.43752449999999,2.8505894930128495,8.467237231553732,54.483302910716446,-0.3989924399999991,-0.624072360000001,-0.10204247999999858,55.210961437507756,1.0,3919.84,0.0,0.49,0.0,0.49,0.0
103.54794229997788,310641.7502183,-2.461732499999973,14.618455000000006,49.56252449999999,1.580640546437206,9.93773027310323,53.30695528584715,-0.5461924399999991,-0.557272360000001,-0.08484247999999855,54.24839526995523,1.0,3849.46,0.0,0.49,0.0,0.0,0.98
103.6595542000141,310641.8618302,-1.9717324999999737,14.718455000000006,49.28752449999998,0.7314201087264912,11.080597053162139,52.3460813216872,-0.5829924399999992,-0.576872360000001,-0.12124247999999857,53.510997338553544,1.0,3828.45,0.0,0.98,0.49,0.0,0.0
103.77126700000372,310641.973543,-1.4767324999999736,14.243455000000006,49.49252449999999,0.20354527677564416,11.836701092608202,51.663917950479316,-0.5497924399999992,-0.6184723600000009,-0.13084247999999857,53.002918235030315,1.0,3812.81,0.0,0.98,0.0,0.49,0.0
103.88296439999249,310642.0852404,-0.9267324999999738,14.083455000000006,48.66252449999998,-0.06665579044919631,12.373803843845753,50.94641316524442,-0.5485924399999992,-0.594472360000001,-0.13084247999999857,52.427592725245,1.0,3820.63,0.0,0.49,0.0,0.49,0.0
103.99294999998529,310642.195226,-0.7067324999999731,14.148455000000006,48.63252449999999,-0.2196707515322699,12.798047022113487,50.393261365186845,-0.5333924399999992,-0.610872360000001,-0.14804247999999856,51.99345202849432,1.0,3824.05,0.0,1.47,0.0,0.0,0.0
104.10291800001869,310642.305194,-0.44673249999997333,13.943455000000005,47.49252449999999,-0.27395150270914753,13.071865073208569,49.699819263770095,-0.4977924399999991,-0.6144723600000009,-0.15884247999999856,51.39086242484572,1.0,3818.18,0.0,1.47,0.0,0.0,0.0
104.21378599997843,310642.416062,-0.11673249999997326,12.868455000000006,46.16252449999998,-0.23636716442265104,13.023238425852881,48.854203398450586,-0.39259243999999915,-0.632472360000001,-0.16684247999999857,50.560793093366414,1.0,3812.32,0.0,1.47,0.0,0.0,0.0
104.3237418999779,310642.5260179,0.8032675000000267,9.388455000000006,47.222524499999984,0.012165012023663851,12.154317191642347,48.46413877116284,-0.17219243999999911,-0.659272360000001,-0.09644247999999855,49.96499095579923,1.0,3834.8,0.0,0.0,0.0,0.0,0.98
104.43463690002682,310642.6369129,1.9782675000000267,2.7084550000000056,51.182524499999985,0.4821760141333597,9.896215601499158,49.11398851620156,0.1366075600000009,-0.755672360000001,0.013557520000001447,50.10340751794771,1.0,3944.28,0.0,0.0,0.0,0.0,0.0
104.54547439998714,310642.7477504,1.8232675000000267,-3.646544999999995,49.86752449999999,0.8027736213525776,6.658720852080556,49.294126736379155,0.3134075600000009,-0.821272360000001,0.10435752000000145,49.74830589653563,1.0,3923.26,0.0,0.49,0.0,0.0,0.0
104.65629259997513,310642.8585686,2.273267500000027,-5.781544999999994,48.43752449999999,1.154305805318549,3.6847854365033266,49.089349784011645,0.3822075600000009,-0.832072360000001,0.13515752000000145,49.24098219798528,1.0,3769.79,0.0,0.49,0.49,0.0,0.0
104.76708409999264,310642.9693601,2.393267500000027,-9.261544999999995,46.31252449999999,1.4504885482090963,0.5898716264062931,48.425529641163855,0.4558075600000009,-0.798472360000001,0.19835752000000145,48.450838863649864,1.0,3725.81,0.0,1.47,0.0,0.0,0.0
104.87711000000127,310643.079386,2.8032675000000267,-11.041544999999994,46.222524499999984,1.773880128583213,-2.1907025389615917,47.89888534851715,0.5306075600000009,-0.791272360000001,0.24035752000000146,47.981757428789386,1.0,3673.51,0.0,1.47,0.49,0.0,0.0
104.98727450001752,310643.1895505,3.3082675000000266,-12.161544999999995,48.21752449999998,2.1406865135374185,-4.574304454756994,47.9750583394043,0.5998075600000009,-0.824472360000001,0.2791575200000015,48.24015985321044,1.0,3666.18,0.0,1.47,0.0,0.49,0.0
105.0987504000077,310643.3010264,3.108267500000027,-12.131544999999994,50.72752449999999,2.3719937377796603,-6.380917397660909,48.63305525783868,0.645807560000001,-0.912472360000001,0.2851575200000015,49.10719422691371,1.0,3655.91,0.0,0.49,0.0,0.49,0.0
105.20963450003183,310643.4119105,1.9932675000000266,-11.956544999999995,49.71752449999998,2.2814564948675393,-7.713811452163209,48.892305463960945,0.6218075600000009,-0.927672360000001,0.2575575200000015,49.54962627950651,1.0,3621.21,0.0,0.98,0.0,0.0,0.0
105.32049559999723,310643.5227716,2.4982675000000265,-9.631544999999994,46.86752449999999,2.3332867318027546,-8.172259509734145,48.40826694829666,0.5242075600000009,-0.889272360000001,0.20675752000000144,49.14865574361925,1.0,3557.18,0.0,1.47,0.0,0.0,0.49
105.43130140000721,310643.6335774,2.3382675000000264,-4.946544999999994,43.072524499999986,2.334477420419443,-7.4011291548763865,47.13271917270515,0.3830075600000009,-0.812472360000001,0.11475752000000145,47.76734987631926,1.0,3575.76,0.0,0.49,0.0,0.0,0.0
105.54126149998046,310643.7435375,2.7782675000000268,2.5334550000000053,37.92252449999999,2.440568644709944,-5.0261950490849,44.9309556053343,0.1522075600000009,-0.635272360000001,-0.028442479999998556,45.277033732230166,1.0,3565.98,0.0,0.98,0.98,0.0,0.0
105.6520293999929,310643.8543054,1.5832675000000267,5.833455000000006,34.78752449999998,2.2356246132573263,-2.4301172589669884,42.50609512740678,0.008607560000000906,-0.563272360000001,-0.05524247999999856,42.63416013344095,1.0,3617.3,0.0,0.49,0.0,0.49,0.0
105.7638235000195,310643.9660995,0.37826750000002685,6.953455000000006,30.537524499999986,1.7916099785084736,-0.18690652718806455,39.644921862630476,-0.0369924399999991,-0.528872360000001,-0.07804247999999855,39.685824041577774,1.0,3524.44,0.0,0.49,0.0,0.49,0.0
105.8737959000282,310644.0760719,-0.5167324999999732,5.623455000000006,22.097524499999984,1.2397840344536295,1.2021023676758742,35.450089767526514,-0.0585924399999991,-0.366072360000001,-0.06004247999999856,35.492125592589495,1.0,3275.66,0.0,0.98,0.0,0.0,0.0
105.9837965000188,310644.1860725,-1.1517324999999734,3.6234550000000056,14.487524499999983,0.6680747315080964,1.7809442053417126,30.438837114913778,-0.0641924399999991,-0.21927236000000097,-0.03284247999999856,30.498211275707177,1.0,2867.55,0.0,0.49,0.0,0.0,0.0
106.09551700000884,310644.297793,-1.2667324999999736,2.3584550000000055,9.942524499999983,0.20554508652189502,1.9190023325179264,25.53904552693576,-0.0585924399999991,-0.11607236000000097,-0.00764247999999855,25.61186571028553,1.0,2294.23,0.0,0.49,0.0,0.0,0.0
106.20712390000699,310644.4093999,-1.336732499999973,1.9384550000000056,10.187524499999984,-0.16314751134901576,1.9236526331980142,21.86915353203539,-0.03579243999999909,-0.14807236000000096,-0.013642479999998548,21.954200800106683,1.0,2059.63,0.0,0.98,0.0,0.49,0.0
106.31800640001893,310644.5202824,-0.8167324999999734,2.0384550000000057,10.922524499999984,-0.31939172412953687,1.951096968269634,19.25228278774085,-0.0349924399999991,-0.15287236000000098,-0.014442479999998557,19.353531537995227,1.0,2137.34,0.0,0.49,2.44,0.0,0.0
106.42107919999398,310644.6233552,-0.5717324999999733,1.8034550000000056,10.387524499999984,-0.3797156094128904,1.9158020892466792,17.13309828349368,-0.0473924399999991,-0.13047236000000098,-0.008042479999998554,17.24405806012749,1.0,2201.37,0.0,0.98,0.49,0.0,0.0
106.53390779998153,310644.7361838,-0.34673249999997324,1.6534550000000057,10.562524499999984,-0.37183075885059086,1.8530861224690238,15.562355157282502,-0.0553924399999991,-0.13407236000000097,-0.01804247999999855,15.676705149102983,1.0,2130.5,0.0,0.49,0.0,0.0,0.0
106.64460100000724,310644.846877,0.06326750000002646,1.4584550000000056,10.107524499999984,-0.2678173770919177,1.7587467019812109,14.258338485086078,-0.0641924399999991,-0.12887236000000096,-0.028442479999998556,14.36889461526143,1.0,2021.02,0.0,1.96,0.98,0.0,0.0
106.75547340000048,310644.9577494,0.5282675000000268,1.0534550000000056,11.492524499999984,-0.07750753661586146,1.590141625869927,13.597150672787784,-0.0717924399999991,-0.14687236000000098,-0.051642479999998554,13.6900352164284,1.0,1940.86,0.0,0.0,0.0,0.49,0.0
106.86542470002314,310645.0677007,1.4532675000000266,1.8584550000000057,15.472524499999984,0.28843529361008236,1.6542838761470795,14.045472333153283,-0.0937924399999991,-0.19487236000000097,-0.06804247999999855,14.14549904113865,1.0,2180.35,0.0,1.47,0.0,0.0,0.0
106.97711059998255,310645.1793866,3.7982675000000268,2.1884550000000056,27.452524499999985,1.1274860362090386,1.781981341948361,17.250525000963314,-0.1473924399999991,-0.292872360000001,-0.10764247999999857,17.378932506738117,1.0,2652.98,0.0,0.98,0.49,0.0,0.0
107.08915439998964,310645.2914304,4.1232675000000265,2.0584550000000057,35.38252449999998,1.8436492354872758,1.848074367043678,21.585110459713412,-0.0833924399999991,-0.453272360000001,-0.08844247999999857,21.74238751673022,1.0,3124.63,0.0,2.44,0.49,0.0,0.0
107.2004388999776,310645.4027149,4.148267500000027,3.5584550000000053,40.707524499999984,2.394584879284177,2.2569532124757092,26.15646166891836,-0.1033924399999991,-0.575272360000001,-0.12524247999999857,26.362631916881824,1.0,3359.73,0.0,0.98,2.44,0.0,0.0
107.31050439999672,310645.5127804,3.5282675000000268,3.9234550000000055,43.18752449999999,2.665599899048197,2.6553425029435167,30.22786026445592,-0.0801924399999991,-0.675672360000001,-0.10564247999999857,30.46111952632761,1.0,3439.39,0.0,0.0,0.0,0.98,0.0
107.42125710000983,310645.6235331,4.763267500000026,4.298455000000006,45.84252449999998,3.1670624917898342,3.0481404145698656,33.96065854421819,-0.0941924399999991,-0.635272360000001,-0.08244247999999857,34.2439450643587,1.0,3482.89,0.0,1.47,0.49,0.98,0.0
107.53202270000475,310645.7342987,5.003267500000026,4.7334550000000055,47.05252449999998,3.6060205630326037,3.451027040273393,37.09036367149068,-0.0777924399999991,-0.656872360000001,-0.09484247999999856,37.42469838511925,1.0,3596.77,0.0,2.93,1.47,0.0,0.0
107.64379589998862,310645.8460719,3.728267500000027,4.168455000000006,48.28252449999999,3.6352445763789465,3.6225333764663175,39.76593056535841,0.018207560000000907,-0.738072360000001,-0.10684247999999857,40.09572277590979,1.0,3642.23,0.0,1.47,0.0,0.0,0.0
107.75378849997651,310645.9560645,4.323267500000027,2.5834550000000056,49.97752449999999,3.7997214262803105,3.3741341846743795,42.20708586001357,0.12540756000000092,-0.717672360000001,-0.03684247999999855,42.511889645228415,1.0,3694.53,0.0,2.93,0.0,0.0,0.49
107.86457350000273,310646.0668495,4.358267500000027,2.2234550000000053,49.892524499999986,3.9332458999223965,3.099056013519513,44.044345483519024,0.1514075600000009,-0.676072360000001,-0.01644247999999856,44.328082978578834,1.0,3820.14,0.0,0.49,0.49,0.0,0.49
107.97458979999647,310646.1768658,3.773267500000027,2.7734550000000056,47.09252449999998,3.8950019077992746,3.0212187392227134,44.77303469626732,0.1374075600000009,-0.642072360000001,-0.05244247999999855,45.04357266519994,1.0,3857.77,0.0,1.96,0.98,0.0,0.0
108.0846748999902,310646.2869509,3.568267500000027,3.1984550000000054,45.972524499999984,3.816893687412704,3.063588347647273,45.05978139849698,0.11020756000000091,-0.645272360000001,-0.060442479999998557,45.324807232520975,1.0,3845.06,0.0,0.49,0.0,0.49,0.0
108.19464439997682,310646.3969204,1.2232675000000266,5.408455000000006,43.72752449999999,3.1968686119658543,3.624145659296006,44.7412957632061,-0.013792439999999096,-0.766072360000001,-0.11284247999999855,45.00153272114907,1.0,3705.77,0.0,0.49,0.0,0.0,0.0
108.30461539997486,310646.5068914,-4.036732499999973,7.763455000000006,41.347524499999984,1.4676240134321166,4.613677457950493,43.9299902274543,-0.1069924399999991,-0.783272360000001,-0.12204247999999857,44.19597245581358,1.0,3427.18,0.0,0.49,0.0,0.0,0.0
108.4154660999775,310646.6177421,-7.466732499999974,5.6084550000000055,41.06252449999999,-0.6681984494170277,4.8514862152631135,43.244501831850265,-0.0689924399999991,-0.740472360000001,-0.03924247999999856,43.5209184915667,1.0,3442.82,0.0,3.42,0.49,0.0,0.49
108.52640019997489,310646.7286762,-6.466732499999974,3.9384550000000056,44.557524499999985,-2.054379900561425,4.633219507872422,43.55838938543603,0.0010075600000009049,-0.702072360000001,0.005957520000001451,43.85225747481225,1.0,3573.8,0.0,2.93,0.0,0.0,2.93
108.63625310000498,310646.8385291,-5.5867324999999735,4.218455000000006,49.36752449999999,-2.8988143057972016,4.534067056168189,44.94710509750304,0.005807560000000905,-0.716872360000001,-0.002842479999998551,45.268125045061325,1.0,3749.27,0.0,1.96,0.98,0.0,0.0
108.74712539999746,310646.9494014,-5.591732499999974,5.008455000000006,52.42252449999999,-3.5425758527140245,4.647472920935006,46.73415810518943,-0.0021924399999990957,-0.757672360000001,-0.022842479999998548,47.09809318883196,1.0,3818.18,0.0,0.49,0.0,0.49,0.0
108.85800160001963,310647.0602776,-5.156732499999974,5.6484550000000056,52.002524499999986,-3.9284516592869405,4.886764917640339,47.993599148496685,-0.030192439999999095,-0.741272360000001,-0.03884247999999855,48.401433481108974,1.0,3860.7,0.0,0.98,0.0,0.0,0.0
108.96879590000026,310647.1710719,-3.961732499999973,5.6084550000000055,49.572524499999986,-3.936407684667228,5.05929014503661,48.37105265931559,-0.026192439999999095,-0.746472360000001,-0.08284247999999855,48.793959232694505,1.0,3852.4,0.0,0.0,0.0,0.98,0.0
109.0795343000209,310647.2818103,-1.5117324999999737,4.098455000000006,44.887524499999984,-3.356771566862941,4.8295955629165865,47.538290089179945,0.033407560000000905,-0.703672360000001,-0.08524247999999857,47.900750863180285,1.0,3784.46,0.0,0.49,0.0,0.49,0.0
109.19026529998519,310647.3925413,0.9182675000000264,4.058455000000006,42.21252449999999,-2.3347925967114525,4.645248840932165,46.26512735382924,0.03260756000000091,-0.679272360000001,-0.10764247999999857,46.55632719974675,1.0,3721.9,0.0,0.98,0.0,0.49,0.98
109.3014242000063,310647.5037002,0.2682675000000265,4.833455000000006,43.947524499999986,-1.7125122770998367,4.690240882785355,45.711087650160614,0.004207560000000905,-0.766872360000001,-0.13964247999999857,45.98298154750772,1.0,3660.8,0.0,0.0,0.49,0.0,0.0
109.41210160002811,310647.6143776,0.6132675000000267,4.953455000000006,43.62252449999998,-1.156517820856458,4.753164118861828,45.21180154214762,0.005007560000000905,-0.760872360000001,-0.13724247999999856,45.47567593007646,1.0,3647.12,0.0,3.42,0.98,0.0,0.0
109.52310559997568,310647.7253816,1.1582675000000267,4.808455000000006,43.43752449999999,-0.6031516687977305,4.766381803397709,44.787647798535616,0.025407560000000905,-0.745272360000001,-0.11844247999999857,45.044595488881974,1.0,3664.71,0.0,0.0,0.0,0.0,0.0
109.6338641999755,310647.8361402,1.1732675000000268,5.1084550000000055,43.612524499999985,-0.17848583433613213,4.8481568720490875,44.50672608538745,0.032207560000000905,-0.749672360000001,-0.12564247999999856,44.77036016259824,1.0,3675.95,0.0,1.96,0.0,0.0,0.0
109.7446366000222,310647.9469126,0.8882675000000266,5.478455000000006,43.85252449999999,0.07652925604771424,4.998834192564049,44.35033447070301,0.023007560000000905,-0.752472360000001,-0.13244247999999856,44.63122637431114,1.0,3680.35,0.0,0.98,0.49,0.0,0.0
109.85549400001764,310648.05777,0.7282675000000265,5.563455000000006,44.252524499999986,0.23233199116785944,5.1338108751825136,44.326952290665304,0.006207560000000905,-0.750872360000001,-0.12684247999999856,44.623857874854124,1.0,3691.59,0.0,0.98,0.0,0.0,0.49
109.96543610002846,310648.1677121,1.1832675000000266,5.013455000000006,43.41252449999998,0.45965999374209443,5.105038933816148,44.10835172183639,0.009007560000000907,-0.707272360000001,-0.11244247999999857,44.4051731383051,1.0,3710.66,0.0,0.0,0.0,1.47,0.0
110.07600260002073,310648.2782786,1.6682675000000267,4.613455000000006,43.542524499999985,0.7485863486231532,4.987522243426441,43.973086637140824,0.022607560000000904,-0.698872360000001,-0.10084247999999857,44.261361344264046,1.0,3739.98,0.0,0.49,0.0,0.49,0.49
110.19044889998622,310648.3927249,2.018267500000027,4.438455000000006,44.082524499999984,1.0521127995421307,4.856263752637343,43.999248548793815,0.036607560000000906,-0.700872360000001,-0.08844247999999857,44.27893530604224,1.0,3756.11,0.0,0.98,0.0,0.0,0.0
110.30045889999019,310648.5027349,1.9932675000000266,4.713455000000006,44.58752449999999,1.2771026292217442,4.822124288724556,44.139880164406094,0.0394075600000009,-0.723272360000001,-0.10124247999999855,44.42086103070947,1.0,3770.28,0.0,0.98,0.49,0.0,0.0
110.41307309997501,310648.6153491,1.5582675000000266,5.283455000000006,44.60752449999998,1.3443171226068582,4.932408727728409,44.251673920910434,0.019807560000000907,-0.738472360000001,-0.12044247999999858,44.546004188771974,1.0,3771.26,0.0,0.49,0.0,0.98,0.0
110.52862489997642,310648.7309009,0.8282675000000266,4.633455000000006,45.86752449999999,1.2209517325811254,4.860941679589591,44.6379546741173,0.0014075600000009042,-0.758072360000001,-0.09404247999999857,44.91844247783103,1.0,3755.62,0.0,2.93,0.49,0.0,0.0
110.63054879999254,310648.8328248,0.9482675000000267,1.4684550000000056,49.762524499999984,1.1557645970178767,4.049943232830662,45.863020108891924,-0.015392439999999095,-0.725272360000001,0.0027575200000014496,46.05599250370678,1.0,3784.46,0.0,0.49,0.0,0.49,0.0
110.7414526999928,310648.9437287,2.068267500000027,3.5784550000000053,56.24752449999998,1.3739050075414827,3.9372305649250556,48.34551089720321,0.012207560000000905,-0.799272360000001,-0.05684247999999855,48.52502265226388,1.0,3846.04,0.0,0.49,0.0,0.0,0.0
110.85133939998923,310649.0536154,0.2482675000000265,5.643455000000006,59.56252449999999,1.104813230196567,4.345115841230788,51.02701902629113,-0.2465924399999991,-0.691272360000001,-0.08844247999999857,51.22360114885334,1.0,3935.48,0.0,0.0,0.0,0.98,0.0
110.96211979998043,310649.1643958,-0.6467324999999735,4.6484550000000056,66.95752449999999,0.6860935709086264,4.417631258338559,54.83532143555084,-0.3033924399999991,-0.877672360000001,-0.05324247999999856,55.01725790388752,1.0,3967.74,0.0,1.96,0.49,0.0,0.49
111.0721712000086,310649.2744472,0.05326750000002667,2.3134550000000056,66.47252449999999,0.534811927368756,3.914612724032618,57.61727889073184,-0.2237924399999991,-0.969272360000001,0.05915752000000145,57.75258473305924,1.0,3967.25,0.0,0.49,0.0,0.0,0.0
111.18298679997679,310649.3852628,0.27826750000002676,1.7434550000000058,59.07752449999998,0.47348312882919374,3.3955817865044806,57.96636115187317,-0.2021924399999991,-0.876072360000001,0.08515752000000146,58.067660424125215,1.0,3898.83,0.0,0.0,0.0,0.49,0.0
111.2938765999861,310649.4961526,0.02326750000002642,1.6884550000000056,57.112524499999985,0.36585583057515286,2.9874807965712846,57.76224533245932,-0.1677924399999991,-0.890472360000001,0.04955752000000145,57.84060751622398,1.0,3867.06,0.0,0.0,0.0,0.49,0.0
111.40396020002663,310649.6062362,-0.2967324999999734,1.8684550000000058,57.42752449999998,0.2074593038710223,2.719969596494216,57.68222789956693,-0.1485924399999991,-0.893272360000001,0.03155752000000145,57.74669418612803,1.0,3851.91,0.0,0.98,0.0,0.0,0.0
111.51544739998644,310649.7177234,-0.23173249999997347,1.1834550000000055,60.902524499999984,0.10246733060505211,2.352654683019013,58.45206306406939,-0.1057924399999991,-0.933672360000001,0.05915752000000145,58.49947999817877,1.0,3888.56,0.0,0.49,0.0,0.49,1.96
111.6271133000264,310649.8293893,-0.8167324999999734,0.7684550000000056,64.33252449999999,-0.11727402884280023,1.9739403051515567,59.857829848492685,-0.032992439999999096,-1.0404723600000012,0.03675752000000145,59.890483281546864,1.0,3936.46,0.0,0.49,0.0,0.0,0.49
111.73884419997921,310649.9411202,-0.8267324999999732,0.9434550000000055,65.49752449999998,-0.28687520122471755,1.727595349130414,61.20603959389406,-0.0373924399999991,-1.0728723600000012,0.03235752000000145,61.23108823008736,1.0,3948.68,0.0,0.98,0.0,0.0,0.0
111.8521647999878,310650.0544408,-0.6467324999999735,1.0434550000000056,66.23752449999998,-0.3729016879659721,1.5640466567072515,62.408852406186824,-0.0589924399999991,-1.055672360000001,0.03235752000000145,62.429561557570274,1.0,3963.34,0.0,0.0,0.0,0.0,0.0
111.96384260000195,310650.1661186,-0.6767324999999738,1.1834550000000055,66.61752449999999,-0.4455346383382014,1.473063471925425,63.41496587202158,-0.0557924399999991,-1.053672360000001,0.04035752000000145,63.43363708361631,1.0,3971.16,0.0,0.49,0.0,0.0,0.0
112.07385360001354,310650.2761296,-0.8317324999999731,1.1834550000000055,66.41252449999999,-0.5378580269114491,1.4038304746928,64.13155391523637,-0.060592439999999095,-1.060072360000001,0.03395752000000145,64.14917177050424,1.0,3982.89,0.0,0.0,0.0,0.98,0.0
112.18473269999959,310650.3870087,-0.6817324999999737,0.5384550000000056,65.91252449999999,-0.5722522589964425,1.1969562163319591,64.55730779856226,-0.0441924399999991,-1.0452723600000011,0.03955752000000145,64.57093902856029,1.0,3981.92,0.0,0.0,0.0,0.0,0.0
112.28888529998949,310650.4911613,-0.7067324999999731,0.5634550000000056,65.50752449999999,-0.6044007320412428,1.0455131744016484,64.78446396503648,-0.03819243999999909,-1.0388723600000012,0.029957520000001448,64.7957187573365,1.0,3982.89,0.0,0.49,0.0,0.49,0.0
112.40040240000235,310650.6026784,-0.6617324999999732,0.07345500000000554,68.29252449999998,-0.6181063053141491,0.8131356460411174,65.62309117678308,-0.009392439999999096,-1.094472360000001,0.04475752000000145,65.63103945984642,1.0,3988.76,0.0,0.98,0.0,0.49,0.49
112.51214569999138,310650.7144217,-0.37173249999997315,-1.0415449999999944,74.13752449999998,-0.5592088674453419,0.36976084011405164,67.65852796764963,0.06420756000000091,-1.279672360000001,0.06635752000000145,67.66184925336832,1.0,4001.95,0.0,2.44,0.98,0.0,0.0
112.62208020000253,310650.8243562,-0.2867324999999732,-0.6965449999999945,74.13752449999998,-0.4940714235443263,0.1148527264565253,69.20737889045658,0.0722075600000009,-1.2968723600000012,0.05835752000000145,69.20923775485143,1.0,4014.66,0.0,0.0,0.0,0.0,0.0
112.73302179999882,310650.9352978,-0.6517324999999734,-0.2815449999999945,74.13752449999998,-0.5317614427532857,0.020090986524240628,70.38596581187045,-0.048992439999999096,-1.2000723600000012,0.09155752000000145,70.3879773622565,1.0,4030.3,0.0,0.0,0.0,1.47,0.0
112.84470349998446,310651.0469795,-0.7817324999999733,-0.021544999999994457,74.13752449999998,-0.5915188296817073,0.01013760318346496,71.28280301606725,-0.1597924399999991,-1.114472360000001,0.10155752000000146,71.28525796491384,1.0,4056.21,0.0,0.0,0.0,0.0,0.0
112.95549590000883,310651.1577719,-0.7717324999999735,-0.031544999999994466,74.13752449999998,-0.634600209364684,0.00017307579356111435,71.965244808198,-0.1445924399999991,-1.118072360000001,0.08795752000000145,71.96804275343014,1.0,4083.58,0.0,0.0,0.0,0.0,0.0
113.06793389999075,310651.2702099,-0.8017324999999738,0.5184550000000056,73.44252449999999,-0.674554390739651,0.12407211364195887,72.31839918981663,-0.1233924399999991,-1.0852723600000012,0.04395752000000145,72.32165152216257,1.0,4074.29,0.0,0.0,0.49,0.0,0.98
113.1797557999962,310651.3820318,-0.9817324999999735,0.5534550000000056,72.16252449999999,-0.7479875366934042,0.22671919432065718,72.28113621923788,-0.1305924399999991,-1.059672360000001,0.04755752000000145,72.28536186595558,1.0,4064.03,0.0,0.49,0.0,0.49,0.0
113.28463010000996,310651.4869061,-0.7867324999999732,0.5384550000000056,72.01252449999998,-0.7572498000503705,0.3012418905264032,72.21692264740757,-0.1281924399999991,-1.0248723600000011,0.05435752000000145,72.2215209656923,1.0,4067.94,0.0,0.0,0.0,0.49,0.0
113.39464700000826,310651.596923,-0.7417324999999733,0.10845500000000553,73.04752449999998,-0.7535402773823885,0.2551547917286249,72.41548402021421,-0.0833924399999991,-1.063672360000001,0.06315752000000145,72.41985399598151,1.0,4083.09,0.0,0.49,0.0,0.0,0.0
113.5063388000126,310651.7086148,-0.6167324999999733,-0.9165449999999945,73.99252449999999,-0.7208353899529992,-0.024948507387240526,72.79248693883346,-0.0729924399999991,-1.0392723600000011,0.09115752000000146,72.79606020127511,1.0,4089.93,0.0,0.49,0.0,0.98,0.0
113.61892739997711,310651.8212034,-1.1317324999999738,-0.041544999999994475,72.51252449999998,-0.8190633122704845,-0.028916018832920783,72.72555989549065,-0.0737924399999991,-1.0428723600000012,0.06355752000000145,72.7301778009531,1.0,4098.24,0.0,0.0,0.0,0.0,0.0
113.72967209998751,310651.9319481,-1.1467324999999735,0.7784550000000056,70.57752449999998,-0.8973949985518654,0.16409185535301127,72.21205651762716,-0.0869924399999991,-1.0084723600000012,0.03355752000000145,72.21781878750838,1.0,4092.38,0.0,0.49,0.49,0.0,0.0
113.84047270001611,310652.0427487,-1.1017324999999736,0.5184550000000056,69.88252449999999,-0.9462433543275952,0.24880492486227446,71.65516506118101,-0.0789924399999991,-0.987272360000001,0.04515752000000145,71.66184452218168,1.0,4090.42,0.0,0.0,2.44,0.0,0.0
113.95126090000849,310652.1535369,-1.0267324999999734,-0.25654499999999447,69.16752449999998,-0.9654848660228301,0.12799737487283053,71.06047661528373,-0.061792439999999095,-0.986472360000001,0.06195752000000145,71.06715050672695,1.0,4088.47,0.0,0.0,0.0,0.49,0.0
114.06128820002778,310652.2635642,-0.9867324999999734,0.2934550000000055,67.82252449999999,-0.9705642664097021,0.16755121536095102,70.28642077241965,-0.0921924399999991,-0.936472360000001,0.05275752000000145,70.2933212574468,1.0,4085.04,0.0,0.0,0.0,0.49,0.0
114.17217740003252,310652.3744534,-1.4417324999999734,0.7884550000000056,68.73252449999998,-1.0832004361853445,0.3159827502461321,69.914950643756,-0.09539243999999909,-0.971672360000001,0.03235752000000145,69.92405517275327,1.0,4085.53,0.0,0.49,0.0,0.0,0.0
114.2829593999777,310652.4852354,-0.9117324999999732,-0.3865449999999945,70.49752449999998,-1.0422097874226148,0.14803841676283006,70.05421913237785,-0.0985924399999991,-0.987272360000001,0.05955752000000145,70.0621276786614,1.0,4090.42,0.0,0.98,0.0,0.98,0.0
114.39379770000232,310652.5960737,-0.5517324999999738,-0.7965449999999946,71.01752449999998,-0.9249576488472567,-0.07777107231718845,70.28450423905088,-0.0969924399999991,-0.988072360000001,0.055957520000001454,70.29063331000091,1.0,4105.57,0.0,3.42,0.0,0.49,0.49
114.50377409998327,310652.7060501,-1.2017324999999732,0.14845500000000553,69.90252449999998,-0.9911226763290866,-0.02369009556068928,70.19318922315783,-0.1057924399999991,-1.0024723600000012,0.019157520000001448,70.20019016141055,1.0,4097.26,0.0,0.0,0.49,0.98,0.49
114.61638219997985,310652.8186582,-1.5217324999999735,0.6684550000000056,70.04752449999998,-1.1179687875964057,0.14177218931980493,70.1583670188617,-0.12499243999999911,-1.0004723600000012,0.012757520000001452,70.16741705604535,1.0,4086.51,0.0,0.0,0.0,0.49,0.0
114.7271775000263,310652.9294535,-1.296732499999973,0.4784550000000055,71.70252449999998,-1.1607035443659421,0.22225864727845665,70.52750901912029,-0.1161924399999991,-1.024072360000001,0.03035752000000145,70.53740964953482,1.0,4110.95,0.0,0.0,0.0,0.0,0.0
114.83806149999145,310653.0403375,-1.3517324999999736,0.6984550000000055,71.49752449999998,-1.206370396129063,0.3360968252536061,70.75939822683878,-0.0861924399999991,-1.062072360000001,0.02355752000000145,70.77047921296673,1.0,4103.62,0.0,1.47,0.98,0.0,0.0
114.94798840000294,310653.1502644,-1.3417324999999738,0.8534550000000055,69.90252449999998,-1.2387296848625446,0.45977503412077364,70.55455637271575,-0.0877924399999991,-1.036072360000001,0.017957520000001448,70.56692758838864,1.0,4083.58,0.0,0.98,0.0,0.0,0.0
115.05886569997529,310653.2611417,-0.3967324999999735,1.2134550000000055,58.36752449999999,-1.037444175561283,0.6399476742548611,67.64115836916935,-0.0849924399999991,-0.837672360000001,-0.0016424799999985515,67.65214060889897,1.0,4049.36,0.0,0.0,0.0,0.0,0.0
115.1687602000311,310653.3710362,1.6832675000000266,1.8484550000000057,38.07752449999998,-0.3870383961564128,0.928850080260673,60.57375813656281,-0.0493924399999991,-0.535672360000001,-0.049242479999998555,60.58211564462328,1.0,3880.74,0.0,2.44,0.98,0.0,0.0
115.27967530000024,310653.4819513,3.3832675000000267,1.6634550000000057,21.882524499999985,0.5142804635417535,1.1044626928243102,51.324339245333626,-0.010992439999999095,-0.34207236000000096,-0.019642479999998554,51.338797426557576,1.0,3559.63,0.0,0.49,0.0,0.49,0.0
115.39051589998417,310653.5927919,1.8182675000000266,0.04845500000000552,6.562524499999984,0.8260079841017975,0.8520164256662034,40.6237040885382,-0.009792439999999096,-0.09967236000000097,-0.011242479999998549,40.64103289844538,1.0,2625.61,0.0,1.96,0.49,0.0,0.49
115.50133780000033,310653.7036138,0.04326750000002644,-0.5415449999999945,1.5075244999999846,0.6388882171647421,0.5188755003154897,31.272698797845177,0.008607560000000906,-0.03367236000000097,0.002357520000001445,31.283527615018208,1.0,474.1,0.0,0.0,0.0,0.0,0.0
115.61220919998595,310653.8144852,-0.4517324999999732,-0.7865449999999946,0.2525244999999844,0.37816745650704753,0.2068052998655944,23.857102054282674,0.011807560000000904,-0.02127236000000097,0.021957520000001448,23.860995316324757,1.0,0.0,0.0,0.0,0.0,0.0,0.49
115.72308929997962,310653.9253653,0.00826750000002674,-1.1215449999999945,-0.06747550000001556,0.2897401998907648,-0.11074643480269847,18.137758968097263,0.005407560000000904,0.015527639999999034,0.023157520000001448,18.140411090740113,1.0,0.0,0.0,0.49,0.0,0.49,0.0
115.8270372999832,310654.0293133,-0.026732499999973403,-0.4365449999999945,0.42752449999998443,0.21408511490630638,-0.18863093525510985,13.903999486659613,0.0018075600000009052,0.0019276399999990333,0.01195752000000145,13.906926899613389,1.0,0.0,0.0,0.0,0.0,0.0,0.0
115.93721140001435,310654.1394874,0.06326750000002646,-0.4365449999999945,0.4175244999999844,0.17803107461522516,-0.24789658326706238,10.679960220053768,0.0014075600000009042,0.003127639999999034,0.011157520000001447,10.684320197441439,1.0,0.0,0.0,1.96,0.0,0.0,0.0
116.0472675000201,310654.2495435,0.04326750000002644,-0.4215449999999945,0.43752449999998444,0.14581486862386392,-0.2894084916556289,8.231431973806771,0.0014075600000009042,0.0027276399999990337,0.012357520000001447,8.237808664345307,1.0,0.0,0.0,1.47,0.0,0.0,0.0
116.15885220002383,310654.3611282,0.06326750000002646,-0.46154499999999454,0.43752449999998444,0.12608132386428128,-0.330558967422471,6.368242092039928,0.0018075600000009052,0.0027276399999990337,0.011557520000001452,6.378061858746735,1.0,0.0,0.0,0.49,0.0,0.0,0.0
116.26881450001383,310654.4710905,0.15326750000002676,-0.4365449999999945,0.4175244999999844,0.13258037565188374,-0.3558956941119657,4.945680065995579,0.0022075600000009046,0.003527639999999033,0.012757520000001452,4.960240983690356,1.0,0.0,0.0,0.98,0.0,0.0,0.0
116.37893070001155,310654.5812067,0.06326750000002646,-0.4115449999999945,0.43752449999998444,0.11601063203807786,-0.3691990626734198,3.867972912783601,0.0018075600000009052,0.003127639999999034,0.011557520000001452,3.887284510896065,1.0,0.0,0.0,0.49,0.0,0.0,0.0
116.4904631000245,310654.6927391,0.17326750000002678,-0.3965449999999945,0.42752449999998443,0.12969829992570514,-0.3757363065277426,3.045508867247751,0.0014075600000009042,0.003127639999999034,0.012757520000001452,3.071339069775821,1.0,0.0,0.0,0.0,0.0,0.0,0.49
116.60128890001215,310654.8035649,0.08826750000002681,-0.4015449999999945,0.4075244999999844,0.11979396792350258,-0.3819060611342384,2.4148796484851016,0.0018075600000009052,0.003127639999999034,0.012757520000001452,2.447824861167452,1.0,0.0,0.0,0.49,0.49,0.0,0.0
116.71318389999215,310654.9154599,0.06826750000002679,-0.4115449999999945,0.42752449999998443,0.10747619355925128,-0.388991463570253,1.9397880443598425,0.0014075600000009042,0.003127639999999034,0.012357520000001447,1.9813235848679274,1.0,0.0,0.0,0.49,0.0,0.0,0.0
116.81615440000314,310655.0184304,0.06326750000002646,-0.4115449999999945,0.42752449999998443,0.09690778601752728,-0.3943830493717495,1.578270520077516,0.0018075600000009052,0.0027276399999990337,0.01315752000000145,1.6296830805921536,1.0,0.0,0.0,0.98,0.0,0.49,0.0
116.92726640001638,310655.1295424,0.06326750000002646,-0.3865449999999945,0.44752449999998445,0.08886583264071407,-0.3925093070504142,1.3079575159089456,0.0014075600000009042,0.003127639999999034,0.013957520000001451,1.3684712476902186,1.0,0.0,0.0,0.0,0.0,0.49,0.49
