time,world_time,Fx,Fy,Fz,LPF_Fx,LPF_Fy,LPF_Fz,Mx,My,Mz,force_magnitude,touch_count,Volt_FSR1,Volt_FSR2,Ohm_FSR1,Ohm_FSR2
2.0383043,2.6103942,0.3585260000000003,-0.5165690000000336,-0.086578999999945,0.0857082301522457,-0.1234895509433576,-0.0206973353629766,-4.879999999594584e-06,-0.00161736,0.0106490800000007,0.1517364478269804,,38.61,50.83,1285001.295001295,973671.0603974032
2.156009,2.7280989,0.3385260000000003,-0.4765690000000335,-0.086578999999945,0.1461461442914959,-0.207895743748838,-0.0364468231979407,0.0003951200000004,-0.00121736,0.0098490800000007,0.2567249631052173,1.0,39.1,51.81,1268772.378516624,955064.6593321753
2.1650793,2.7371692,0.2935260000000004,-0.4765690000000335,-0.106578999999945,0.1813783634133148,-0.2721240264466918,-0.0532124266700018,-4.879999999594584e-06,-0.00121736,0.0090490800000007,0.331332399315495,1.0,38.12,48.39,1301647.429171039,1023271.3370531101
2.1741123,2.7462022,0.3185260000000003,-0.3415690000000337,-0.086578999999945,0.2141644966404954,-0.2887253490180714,-0.0611889470516604,-4.879999999594584e-06,-0.00121736,0.0098490800000007,0.3646544200036177,1.0,40.08,55.23,1237504.99001996,895305.0878145936
2.2835795,2.8556694,0.3385260000000003,-0.4765690000000335,-0.096578999999945,0.2438940123576699,-0.3336307306947144,-0.0696491948529126,0.0003951200000004,-0.00121736,0.0090490800000007,0.4190999452057602,1.0,38.61,55.72,1285001.295001295,887343.8621679829
2.3935681,2.965658,0.3185260000000003,-0.4665690000000337,-0.076578999999945,0.2617353281159926,-0.365410584266454,-0.0713058148315252,-4.879999999594584e-06,-0.00121736,0.0094490800000007,0.4550986665622362,1.0,38.61,57.67,1285001.295001295,857001.9074041963
2.5035442,3.0756341,0.2735260000000004,-0.3915690000000336,-0.106578999999945,0.2645539734010881,-0.3716639425057776,-0.0797381245457933,-4.879999999594584e-06,-0.00161736,0.0086490800000007,0.4631209987760457,1.0,38.61,50.83,1285001.295001295,973671.0603974032
2.6144091,3.186499,0.3585260000000003,-0.4915690000000337,-0.086578999999945,0.2870186651768938,-0.4003281126472344,-0.0813734852389293,-4.879999999594584e-06,-0.00121736,0.0090490800000007,0.4992634134758454,1.0,39.1,52.3,1268772.378516624,946022.9445506693
2.7252473,3.2973372,0.4435260000000003,-0.4415690000000338,-0.086578999999945,0.324432874114414,-0.4101870446770358,-0.0826179011451622,-4.879999999594584e-06,-0.00161736,0.0090490800000007,0.5294674862696024,1.0,38.61,44.97,1285001.295001295,1101852.34600845
2.835271,3.4073609,0.3585260000000003,-0.4415690000000338,-0.106578999999945,0.3325830821328319,-0.4176891277880263,-0.0883459749120478,0.0003951200000004,-0.00161736,0.0090490800000007,0.5411845574999867,1.0,38.61,58.65,1285001.295001295,842514.9190110826
2.9452151,3.517305,0.3385260000000003,-0.4315690000000336,-0.096578999999945,0.3340037795783036,-0.4210072115030999,-0.0903141390314776,-4.879999999594584e-06,-0.00121736,0.0094490800000007,0.5449424195446754,1.0,38.61,59.63,1285001.295001295,828504.1086701324
3.0555635,3.6276534,0.3185260000000003,-0.4915690000000337,-0.0665789999999449,0.3303037045646562,-0.4378755167541815,-0.0846400825925857,-4.879999999594584e-06,-0.00121736,0.0098490800000007,0.5549769806065445,1.0,39.59,47.9,1252945.1881788329,1033841.3361169102
3.1664123,3.7385022,0.3785260000000003,-0.5015690000000339,-0.106578999999945,0.3418315926275639,-0.4531019040210289,-0.0898847392770132,-4.879999999594584e-06,-0.00161736,0.0086490800000007,0.5746559314065027,1.0,36.66,51.32,1353884.3426077468,964279.0335151987
3.2772481,3.849338,0.2535260000000003,-0.4765690000000335,-0.106578999999945,0.3207215028247221,-0.4587118828319753,-0.0938756228956703,-4.879999999594584e-06,-0.00121736,0.0090490800000007,0.5675310620569187,1.0,39.59,59.14,1252945.1881788329,835451.4710855597
3.38807,3.9601599,0.4685260000000006,-0.5265690000000338,-0.076578999999945,0.356055235556618,-0.4749336168643965,-0.0897407402483771,0.0003951200000004,-0.00121736,0.0090490800000007,0.600325471436539,1.0,38.12,46.92,1301647.429171039,1055643.6487638534
3.4991803,4.0712702,0.3585260000000003,-0.4915690000000337,-0.076578999999945,0.356645889644649,-0.478910425370502,-0.0865943311667019,-4.879999999594584e-06,-0.00121736,0.0090490800000007,0.603365614133907,1.0,41.06,58.65,1207730.1509985386,842514.9190110826
3.6094353,4.1815252,0.3185260000000003,-0.3915690000000336,-0.106578999999945,0.3475330546618534,-0.4580308267152376,-0.091371810612756,-4.879999999594584e-06,-0.00161736,0.0086490800000007,0.5821685924873449,1.0,38.12,34.7,1301647.429171039,1430922.190201729
3.7197688,4.2918587,0.3985260000000004,-0.4665690000000337,-0.106578999999945,0.3597232865981224,-0.4600719387154079,-0.0950071990865793,0.0003951200000004,-0.00161736,0.0094490800000007,0.5916869101075213,1.0,40.08,66.96,1237504.99001996,736714.4563918759
3.830258900000001,4.4023488,0.3335260000000004,-0.5065690000000338,-0.116578999999945,0.3534606359978419,-0.4711873970921666,-0.100164093921211,0.0003951200000004,-0.00161736,0.0086490800000007,0.5974820751198711,1.0,39.59,60.61,1252945.1881788329,814946.3784853985
3.940611,4.5127009,0.3785260000000003,-0.456569000000034,-0.106578999999945,0.3594526923249892,-0.4676927636696828,-0.1016976235581165,-4.879999999594584e-06,-0.00161736,0.0090490800000007,0.598569265704511,1.0,39.59,50.83,1252945.1881788329,973671.0603974032
4.0510850000000005,4.6231749,0.2335260000000003,-0.3415690000000337,-0.106578999999945,0.3293490068793,-0.4375419668954859,-0.1028645518576986,-4.879999999594584e-06,-0.00121736,0.0098490800000007,0.5572206539209014,1.0,39.1,56.21,1268772.378516624,879521.4374666429
4.1620312,4.7341211,0.3385260000000003,-0.4765690000000335,-0.086578999999945,0.331542833375829,-0.4468716610752215,-0.0989713730456161,-4.879999999594584e-06,-0.00161736,0.0106490800000007,0.5651639271198533,1.0,38.12,43.99,1301647.429171039,1126621.9595362584
4.2720038,4.8440937,0.3835260000000007,-0.4065690000000337,-0.096578999999945,0.3439697848634953,-0.4372370188144646,-0.0983994589874769,0.0003951200000004,-0.00081736,0.0094490800000007,0.5649547566397045,1.0,38.61,39.1,1285001.295001295,1268772.378516624
4.3819358,4.9540257,0.3385260000000003,-0.4315690000000336,-0.086578999999945,0.3426684087680943,-0.4358820379733136,-0.0955736928801135,0.0003951200000004,-0.00121736,0.0094490800000007,0.5626269813705784,1.0,39.1,54.74,1268772.378516624,903408.8417975886
4.4919308,5.0640207,0.3785260000000003,-0.4315690000000336,-0.096578999999945,0.3512404249733607,-0.4348509750900938,-0.0958140188090565,0.0003951200000004,-0.00161736,0.0086490800000007,0.5671380192445351,1.0,39.1,49.85,1268772.378516624,993009.0270812437
4.6027953,5.1748852,0.2735260000000004,-0.4415690000000338,-0.106578999999945,0.3326622303047281,-0.4364569674732115,-0.0983874653247716,0.0003951200000004,-0.00161736,0.0090490800000007,0.5575293151577423,1.0,38.61,55.23,1285001.295001295,895305.0878145936
4.7136094,5.2856993,0.3585260000000003,-0.5165690000000336,-0.086578999999945,0.3388451512801861,-0.4556083275468827,-0.0955645663891154,0.0003951200000004,-0.00121736,0.0098490800000007,0.5757843094643162,1.0,39.1,51.81,1268772.378516624,955064.6593321753
4.8239595,5.3960494,0.2985260000000007,-0.4515690000000336,-0.0665789999999449,0.3292065669168056,-0.4546426971182788,-0.0886353573633371,-4.879999999594584e-06,-0.00121736,0.0090490800000007,0.5682720935599941,1.0,39.59,55.23,1252945.1881788329,895305.0878145936
4.9356123,5.5077022,0.3385260000000003,-0.5015690000000339,-0.086578999999945,0.3314344447152997,-0.4658607687995054,-0.0881437702812931,-4.879999999594584e-06,-0.00161736,0.0086490800000007,0.5784845471485014,1.0,39.59,50.34,1252945.1881788329,983245.9276916964
5.0469053,5.6189952,0.2935260000000004,-0.456569000000034,-0.106578999999945,0.322372157170261,-0.4636395043478714,-0.0925508451144593,0.0003951200000004,-0.00161736,0.0106490800000007,0.5722333935047377,1.0,39.1,56.21,1268772.378516624,879521.4374666429
5.1569275,5.7290174,0.3785260000000003,-0.5265690000000338,-0.096578999999945,0.3357961389322095,-0.4786832548616981,-0.0935138046376573,-4.879999999594584e-06,-0.00121736,0.0098490800000007,0.5921499278599797,1.0,39.1,51.81,1268772.378516624,955064.6593321753
5.2669057,5.8389956,0.3135260000000004,-0.4165690000000339,-0.096578999999945,0.3304723013496513,-0.4638343935478219,-0.0942465617307902,0.0003951200000004,-0.00161736,0.0090490800000007,0.5772665770640859,1.0,37.15,43.5,1335895.0201884252,1139425.2873563217
5.3778102,5.9499001,0.3735260000000004,-0.5065690000000338,0.0334210000000549,0.340764599015175,-0.4740504099183831,-0.0637267088782682,0.0003951200000004,-0.00321736,0.0098490800000007,0.5872864688635484,1.0,39.1,42.03,1268772.378516624,1179626.45729241
5.4885904,6.0606803,0.3385260000000003,-0.1065690000000336,1.253421000000055,0.3402294457498297,-0.3862013243347613,0.2511469654913628,-0.0072048799999995,-0.02121736,0.0030490800000007,0.5726974218107496,1.0,45.45,192.57,1090110.0110011,249645.84307005248
5.5986352,6.1707251,0.2535260000000003,0.4434309999999661,3.263421000000055,0.3195023607313956,-0.1878717242616193,0.9712528329355772,-0.0136048799999995,-0.05161736,-0.0041509199999992,1.039571839160408,1.0,69.4,653.47,710461.0951008645,66514.60663840726
5.708941,6.2810309,-0.0164739999999996,0.2834309999999662,4.923421000000055,0.2391847847361252,-0.0752034035194908,1.916047182196554,-0.0084048799999995,-0.07921736,-0.0033509199999992,1.9323823942360727,1.0,161.29,2481.43,300000.62000124,10149.671761847001
5.8194323,6.3915222,-0.1714739999999994,-0.1315690000000338,8.028421000000055,0.1410138358057679,-0.0886780065212898,3.377254296751322,-0.0008048799999995,-0.12641736,0.0026490800000007,3.381359974278768,1.0,189.15,3133.92,254340.47052603753,5954.4595905447495
5.9311473,6.5032372,-0.2414739999999993,0.0434309999999662,10.728421000000056,0.0495773557131804,-0.057096394208352,5.1346037991293,-0.0088048799999995,-0.17041736,-0.0009509199999992,5.135160570660293,1.0,198.44,3310.36,241965.32957065108,5104.097439553401
6.0414897,6.6135796,0.0385260000000005,0.0484309999999663,12.588421000000055,0.0469354492992535,-0.0318693083340408,6.916492644471054,-0.0072048799999995,-0.19441736,0.0034490800000007,6.916725315511439,1.0,202.83,3418.38,236511.85722033228,4626.811530608066
6.1523504,6.7244403,0.1385260000000006,0.2584309999999663,13.673421000000056,0.0688308320587481,0.0375290773896136,8.53178517728015,-0.0076048799999995,-0.20881736,0.0026490800000007,8.532145358955677,1.0,203.32,3451.12,235917.7650993508,4488.050256148728
6.2631630000000005,6.8352529,-0.0764739999999992,0.3734309999999663,16.268421000000053,0.0340946623295666,0.1178288584143368,10.381283857146563,-0.0036048799999995,-0.25561736,-0.0109509199999992,10.38200850551214,1.0,205.28,3507.82,233569.75837879968,4253.867074137212
6.374035,6.9461249,-0.1014739999999996,0.6934309999999662,18.358421000000053,0.0016859943044456,0.2554307082861636,12.288276114878816,-0.0084048799999995,-0.28881736,-0.0169509199999992,12.290930703767456,1.0,207.72,3543.5,230708.64625457345,4110.342881332016
6.4848352,7.0569251,0.1035260000000004,0.2934309999999662,19.963421000000054,0.0260315833185216,0.2645149525196615,14.123074941925672,-0.0056048799999995,-0.31321736,-0.0057509199999992,14.12557579777495,1.0,209.68,3591.89,228458.6035864174,3920.248114502394
6.6044723,7.1765622,-0.2214739999999992,1.0034309999999662,22.02842100000005,-0.0331364142577478,0.4411581713116866,16.012905022250635,-0.0068048799999995,-0.34801736,-0.0153509199999992,16.019015132200995,1.0,209.68,3619.26,228458.6035864174,3814.978752562679
6.7144616,7.2865515,0.0885260000000003,0.9684309999999664,22.98842100000005,-0.0040521352875171,0.5672065498232608,17.680452505143407,-0.0124048799999995,-0.35881736,-0.0117509199999992,17.68954890540159,1.0,210.65,3649.07,227360.55067647758,3702.1213624293314
6.8244986,7.3965885,-0.4664739999999994,1.4484309999999665,24.45842100000005,-0.1145974224025604,0.7778696202603592,19.30077483524456,-0.0160048799999995,-0.38801736,-0.0161509199999992,19.31678345263917,1.0,211.14,3670.58,226809.69972530074,3621.8254335827037
6.93448,7.5065699,-0.2914739999999995,0.4884309999999663,24.80842100000005,-0.1568810459647646,0.7086772272952013,20.617417436021057,-0.0084048799999995,-0.39121736,0.0022490800000007,20.63018993626125,1.0,211.14,3681.33,226809.69972530074,3582.0477925097725
7.0453212,7.6174111,-0.9064739999999992,1.3284309999999664,25.213421000000054,-0.3360766563945621,0.856833843520252,21.716125287730705,-0.0196048799999995,-0.41361736,-0.0197509199999992,21.735620747215663,1.0,213.1,3684.75,224631.62834350072,3569.44161747744
7.1561295000000005,7.7282194,-0.3064739999999997,0.3934309999999663,25.588421000000054,-0.3289999275453767,0.7460540463349943,22.641825549705388,-0.0084048799999995,-0.40521736,0.0070490800000007,22.65650241797417,1.0,213.59,3695.5,224093.35643054452,3529.9688810715747
7.266963,7.8390529,-0.2014739999999992,1.4584309999999665,25.713421000000054,-0.2985139333680009,0.9163529030423824,23.37611263010805,-0.0348048799999995,-0.40481736,-0.0161509199999992,23.395970911822104,1.0,214.08,3699.41,223557.54857997008,3515.6687147410003
7.3778438,7.9499337,-0.3364739999999995,0.2734309999999662,23.588421000000054,-0.3075885615051232,0.7626577779025622,23.426866479563746,-0.0172048799999995,-0.37721736,-0.0085509199999992,23.44129541345084,1.0,214.08,3701.86,223557.54857997008,3506.723647031491
7.487840999999999,8.0599309,-0.8364739999999995,-0.5665690000000339,17.038421000000053,-0.4340224460398297,0.4448965148281867,21.899662440031,-0.0156048799999995,-0.27921736,0.0118490800000007,21.908480626914248,1.0,210.17,3642.72,227902.65023552364,3726.0069398691085
7.599499100000001,8.171589,-0.2914739999999995,-0.6415690000000336,12.153421000000057,-0.3999452102995299,0.1851690853045953,19.56975302073776,-0.0180048799999996,-0.20161736,0.0194490800000007,19.57471524835212,1.0,203.32,3403.23,235917.7650993508,4691.9250241682175
7.7095459,8.2816358,0.4485260000000006,-0.7565690000000338,7.388421000000055,-0.1971120384517237,-0.0399602067367748,16.657717607980228,-0.0160048799999995,-0.12001736,0.0242490800000007,16.658931714880147,1.0,187.68,3020.53,256410.9121909633,6553.386326240758
7.8194944,8.3915843,0.3635260000000007,-0.7165690000000338,4.083421000000056,-0.0630874655289122,-0.2017084263248676,13.651741172019191,-0.0036048799999995,-0.06681736,0.0146490800000007,13.653376994185772,1.0,143.21,2013.69,339137.6300537672,14830.038387239349
7.9303425,8.5024324,0.4785260000000004,-0.9665690000000338,1.4084210000000552,0.0663891458105928,-0.3845538715169311,10.724887043919564,0.0043951200000004,-0.02361736,0.0166490800000007,10.731984499784456,1.0,104.11,1214.08,470261.2621265969,31183.447548761204
8.0403299,8.6124198,0.5485260000000007,-0.1865690000000339,0.5634210000000549,0.1816474435735039,-0.3372241578151828,8.295715183645882,-0.0056048799999995,-0.00961736,0.0046490800000007,8.304553349491096,1.0,59.63,347.51,828504.1086701324,133880.75163304654
8.1503227,8.7224126,0.6035260000000005,-0.3515690000000335,0.1234210000000549,0.2825005599737072,-0.3406533959610267,6.342069225573734,-0.0028048799999995,-0.00321736,0.0074490800000007,6.357491121860467,1.0,52.79,252.2,937149.0812653912,188255.35289452816
8.2612005,8.8332904,0.3785260000000003,-0.456569000000034,-0.096578999999945,0.3054561350623875,-0.3683638584357476,4.802863856962206,-4.879999999594584e-06,-0.00121736,0.0098490800000007,4.826644446317006,1.0,51.32,220.92,964279.0335151987,216326.2719536484
8.3803545,8.9524444,0.4235260000000007,-0.5515690000000337,-0.106578999999945,0.3336815891664623,-0.4121603709293089,3.629226078101509,-4.879999999594584e-06,-0.00121736,0.0098490800000007,3.667765191541752,1.0,48.39,216.03,1023271.3370531101,221449.33574040642
8.4904878,9.0625777,0.4035260000000007,-0.3665690000000337,-0.076578999999945,0.3503784001050523,-0.4012614243743513,2.743326604888186,-4.879999999594584e-06,-0.00161736,0.0090490800000007,2.794569128692016,1.0,51.32,250.73,964279.0335151987,189417.70031507997
8.6003516,9.1724415,0.4235260000000007,-0.4315690000000336,-0.076578999999945,0.3678648622497241,-0.4085066692577979,2.069207800139411,-4.879999999594584e-06,-0.00161736,0.0094490800000007,2.1409864959555187,1.0,47.9,171.55,1033841.3361169102,281460.2156805596
8.7104701,9.28256,0.2935260000000004,-0.4315690000000336,0.073421000000055,0.3500936202339277,-0.4140198860150281,1.5921005487792372,-0.0012048799999995,-0.00361736,0.0090490800000007,1.6818924360278047,1.0,49.85,242.91,993009.0270812437,195837.55300316992
8.8203705,9.3924604,0.3835260000000007,-0.2015690000000336,0.623421000000055,0.3580858721195032,-0.3632319670506527,1.3605307052796316,-0.0032048799999995,-0.01041736,0.0078490800000007,1.4529992270155423,1.0,50.83,224.83,973671.0603974032,212390.25041142196
8.9305267,9.5026166,0.3935260000000005,-0.2915690000000339,1.288421000000055,0.3665580906950226,-0.3461004171118275,1.343292359340111,-4.879999999594584e-06,-0.02041736,0.0074490800000007,1.4347768799504972,1.0,83.58,951.61,588229.2414453218,42542.5331806097
9.0411873,9.6132772,0.4885260000000007,-0.2315690000000339,2.373421000000055,0.3957154004630709,-0.3187208545208845,1.5895520521381292,-0.0012048799999995,-0.03601736,0.0030490800000007,1.668786801160265,1.0,126.1,1763.44,386510.7057890563,18353.672367645057
9.1520101,9.7241,0.0935260000000006,-0.0615690000000337,4.618421000000056,0.3234748413837909,-0.2572468461327903,2.313625053494628,-0.0016048799999995,-0.07401736,0.0026490800000007,2.350249518883379,1.0,161.78,2454.06,299061.6887130671,10374.399973920768
9.262029,9.8341189,-0.0914739999999993,0.6534309999999663,7.173421000000055,0.2242783234221101,-0.0395427286325319,3.475394379780692,-0.0080048799999995,-0.11321736,-0.0057509199999992,3.482848042731115,1.0,182.31,2932.55,264258.1317536065,7050.007672503451
9.3720218,9.9441117,-0.0864739999999995,0.3584309999999662,8.883421000000055,0.1499907357542499,0.0555957660043465,4.768222208823026,-0.0036048799999995,-0.13761736,-0.0037509199999992,4.7709046461570415,1.0,193.55,3201.86,248331.1805734952,5615.923244614067
9.4824073,10.0544972,-0.4914739999999993,0.1084309999999662,11.193421000000056,-0.0033560430193246,0.0682264103521604,6.304212392988557,-0.0028048799999995,-0.18081736,0.0022490800000007,6.304582460560318,1.0,198.44,3314.76,241965.32957065108,5084.048317223568
9.5937436,10.1658335,-0.5714739999999994,0.8434309999999663,12.893421000000057,-0.1391687444985012,0.2535446672836277,7.879410308372376,-0.0196048799999995,-0.20241736,-0.0109509199999992,7.88471683990225,1.0,202.35,3395.41,237096.61477637757,4725.762131819133
9.7041432,10.2762331,-0.2714739999999995,0.6984309999999663,12.918421000000055,-0.1707972715477921,0.3598979588051365,9.084022214057462,-0.0252048799999995,-0.19561736,-0.0037509199999992,9.092753039328064,1.0,204.79,3411.05,234152.54651106012,4658.243062986469
9.8153417,10.3874316,-0.3864739999999993,1.3434309999999663,14.153421000000057,-0.222356351449013,0.5950186369625492,10.295898613200292,-0.0356048799999995,-0.21641736,-0.0161509199999992,10.315474675392412,1.0,200.39,3366.57,239513.448774889,4851.911589540689
9.926249,10.4983389,-0.3214739999999993,1.3184309999999662,15.518421000000057,-0.2460511413224318,0.7679555879959213,11.544380315233308,-0.0324048799999995,-0.23441736,-0.0165509199999992,11.57251112818763,1.0,204.79,3469.21,234152.54651106012,4412.503134719432
10.037329,10.6094189,0.0085260000000007,1.2184309999999663,15.853421000000056,-0.1851926367231453,0.8756449892944893,12.574487617759145,-0.0276048799999995,-0.22721736,-0.0085509199999992,12.60629958826741,1.0,208.21,3546.43,230142.1641611834,4098.685156622295
10.1489448,10.7210347,-0.3764739999999995,1.8584309999999664,17.818421000000054,-0.2309198283565775,1.1105870844171646,13.828087772917062,-0.0480048799999996,-0.25881736,-0.0217509199999992,13.874535635281664,1.0,211.63,3583.58,226261.3996125313,3952.527919008366
10.259544,10.8316339,-0.5414739999999996,1.4534309999999664,19.968421000000053,-0.3051600464103711,1.1925463990082064,15.29597878622798,-0.0372048799999996,-0.28521736,-0.0125509199999992,15.34543113100603,1.0,211.14,3620.23,226809.69972530074,3811.277184046318
10.369885,10.9419749,-0.6664739999999996,1.9434309999999664,21.268421000000053,-0.3915347570073087,1.372050786973316,16.723734240027603,-0.0468048799999996,-0.30321736,-0.0201509199999992,16.784490154873648,1.0,211.14,3644.18,226809.69972530074,3720.5077685515
10.4807422,11.0528321,0.1885260000000004,2.133430999999966,24.703421000000056,-0.2528670429116273,1.5540642268115814,18.631336002149585,-0.0592048799999996,-0.33361736,-0.0209509199999992,18.697746885318605,1.0,211.63,3679.86,226261.3996125313,3587.473436489432
10.5915633,11.1636532,-0.0464739999999994,1.7534309999999662,26.84842100000005,-0.2035272951006119,1.6017242940902183,20.59568952790876,-0.0656048799999996,-0.36721736,-0.0289509199999992,20.658881170192643,1.0,212.12,3709.19,225715.63266075807,3480.0320285560992
10.7111844,11.2832743,0.3835260000000007,1.4634309999999662,29.623421000000054,-0.0631879642623534,1.5686642831610265,22.75383394912973,-0.0776048799999996,-0.39561736,-0.0149509199999992,22.80792975560609,1.0,214.08,3723.36,223557.54857997008,3428.7310386317736
10.8211843,11.3932742,0.2635260000000006,3.133430999999966,32.66842100000005,0.0149153689490465,1.942733070086956,25.123987602757275,-0.1132048799999996,-0.43601736,-0.0297509199999992,25.19899179160432,1.0,216.03,3734.6,221449.33574040642,3388.3146789482144
10.9311991,11.503289,0.4135260000000005,2.608430999999966,34.51842100000005,0.110206119709792,2.101872968975342,27.36979476809765,-0.0976048799999996,-0.45841736,-0.0185509199999992,27.45060438340688,1.0,216.52,3747.8,220925.54960280805,3341.160147286408
11.0420486,11.6141385,0.5835260000000004,3.848430999999966,35.80842100000005,0.2233566561717125,2.5194002827470388,29.387109326184564,-0.1172048799999996,-0.47081736,-0.0365509199999992,29.495753262625552,1.0,217.99,3785.44,219368.31964769022,3208.5041633205115
11.1529077,11.7249976,0.8135260000000006,3.2934309999999662,37.16842100000005,0.3644409009674447,2.704437917002913,31.247288090976333,-0.0848048799999996,-0.48481736,-0.0209509199999992,31.36622091769572,1.0,219.45,3809.87,217842.333105491,3123.8073740048876
11.2637371,11.835827,0.2235260000000005,3.1884309999999663,36.243421000000055,0.3307541759767924,2.820139959670966,32.441649752997535,-0.1240048799999996,-0.48601736,-0.0281509199999992,32.565675586623776,1.0,218.48,3816.72,218853.8996704504,3100.2536209101004
11.3737541,11.945844,0.3185260000000003,3.1234309999999663,35.60842100000006,0.3278309421779575,2.892643873718014,33.19868929511611,-0.1032048799999996,-0.47361736,-0.0253509199999992,33.326083367543575,1.0,219.45,3798.14,217842.333105491,3164.338334026655
11.4845969,12.0566868,0.0185260000000004,1.6434309999999663,33.84842100000005,0.2538893614518306,2.594010512428248,33.354012352577506,-0.0856048799999996,-0.45721736,-0.0065509199999992,33.45569443850089,1.0,219.45,3818.18,217842.333105491,3095.2443310687295
11.5953926,12.1674825,0.3235260000000006,2.508430999999966,33.648421000000056,0.2705365029247372,2.573552111789186,33.42439286643732,-0.0952048799999996,-0.44481736,-0.0113509199999992,33.524414968220626,1.0,217.5,3800.59,219885.05747126436,3155.852117697515
11.7069446,12.2790345,0.6385260000000006,1.7284309999999663,34.05842100000005,0.3585070504134431,2.371519805190077,33.57596187173789,-0.0788048799999996,-0.43761736,0.0030490800000007,33.66151881754597,1.0,218.96,3807.92,218352.21044939716,3130.527952267905
11.8170716,12.3891615,0.7435260000000006,2.2084309999999663,33.18342100000005,0.4505486115391091,2.332532248219345,33.48212214078652,-0.0984048799999996,-0.42241736,0.0018490800000007,33.566295651901925,1.0,218.48,3802.05,218853.8996704504,3150.800226193764
11.9270891,12.499179,0.7485260000000005,2.3734309999999663,32.80842100000005,0.5217822587233333,2.342309390269163,33.32106901652676,-0.0928048799999996,-0.41921736,-0.0049509199999992,33.40736910337898,1.0,218.96,3797.17,218352.21044939716,3167.7012090583244
12.0387751,12.610865,0.6235260000000005,1.5284309999999663,31.303421000000053,0.5461048350326975,2.1477458819346724,32.83873568347227,-0.0528048799999995,-0.40681736,0.0026490800000007,32.91342589511412,1.0,218.96,3792.28,218352.21044939716,3184.6804560844653
12.1487344,12.7208243,1.1885260000000006,0.3484309999999662,27.893421000000053,0.6996802551185248,1.7176066618579682,31.65652248536023,-0.0180048799999996,-0.35441736,0.0226490800000007,31.71080479852852,1.0,218.48,3802.54,218853.8996704504,3149.105597837236
12.2587633,12.8308532,0.2735260000000004,2.4734309999999664,26.00842100000005,0.5978050020600094,1.89829192967158,30.306303025598623,-0.1336048799999996,-0.35401736,-0.0177509199999992,30.37158023794864,1.0,206.74,3486.8,231849.66624746055,4339.795801307789
12.3695528,12.9416427,0.0585260000000005,0.0984309999999661,24.20842100000005,0.468886461076001,1.468022172938932,28.84856027865351,0.0223951200000004,-0.32281736,0.0078490800000007,28.88969320994472,1.0,209.19,3630.99,229017.16143219083,3770.3491334319297
12.4804202,13.0525101,-0.2564739999999994,1.2034309999999664,24.218421000000053,0.2954838031342036,1.4047697417442473,27.741692037767816,0.0371951200000004,-0.33001736,-0.0109509199999992,27.77880785461437,1.0,215.05,3751.71,222504.06882120436,3327.2561045496586
12.5920835,13.1641734,-0.4264739999999993,1.4834309999999662,23.76342100000005,0.1228945751528692,1.4235742837485827,26.790657608708244,0.0111951200000004,-0.33001736,-0.0197509199999992,26.828734631454186,1.0,217.99,3749.76,219368.31964769022,3334.186721283494
12.7029411,13.275031,0.1235260000000004,0.2634309999999662,22.823421000000053,0.1230455218237432,1.1462336513450515,25.84226103962378,-0.0076048799999995,-0.29881736,0.0134490800000007,25.867961794930302,1.0,215.05,3751.22,222504.06882120436,3328.99696632029
12.8137341,13.385824,-0.1564739999999993,1.4934309999999662,23.89842100000005,0.0562243609915721,1.2292336855594876,25.37757203660804,-0.0228048799999995,-0.31881736,-0.0037509199999992,25.407387490761685,1.0,216.52,3744.38,220925.54960280805,3353.345547193394
12.9245802,13.4966701,-0.4614739999999995,1.4684309999999663,23.878421000000053,-0.0675351718548768,1.2864155314447614,25.019189152023447,-0.0188048799999995,-0.31961736,-0.0105509199999992,25.052330265739904,1.0,215.05,3761.49,222504.06882120436,3292.60479224988
13.0354528,13.6075427,-0.1914739999999994,0.9834309999999664,23.373421000000054,-0.097163644008812,1.2139848905605837,24.62575638689384,-0.0080048799999995,-0.31721736,-0.0073509199999992,24.655852808509163,1.0,216.52,3764.91,220925.54960280805,3280.529946266977
13.1454334,13.7175233,-0.0364739999999996,0.8534309999999663,23.843421000000053,-0.0826553462101443,1.1277918785211305,24.438733461370617,-0.0080048799999995,-0.32161736,-0.0093509199999992,24.46488176189354,1.0,215.54,3765.4,221975.50338684235,3278.8017209327027
13.2558248,13.8279147,-0.6314739999999994,1.7884309999999664,25.11342100000005,-0.2138544098509026,1.285722432710465,24.6000223911601,-0.0076048799999995,-0.34601736,-0.0253509199999992,24.63452693940287,1.0,215.54,3773.22,221975.50338684235,3251.281398911274
13.3666642,13.9387541,-0.5614739999999996,1.8934309999999663,25.13342100000005,-0.296955383944631,1.4309995555711224,24.72753518166718,-0.0124048799999995,-0.34241736,-0.0237509199999992,24.770687079463222,1.0,216.52,3780.55,220925.54960280805,3225.5888693444067
13.477449,14.0495389,-0.5314739999999993,1.3034309999999665,23.79342100000005,-0.3530187531838483,1.400503370856256,24.504228438862462,-0.0012048799999995,-0.32841736,-0.0185509199999992,24.54675626871777,1.0,217.99,3778.1,219368.31964769022,3234.165321193192
13.5970727,14.1691626,-0.3614739999999994,1.5984309999999664,22.15342100000005,-0.3550400410126605,1.4478194003551972,23.942250939284666,-0.0120048799999995,-0.30161736,-0.0189509199999992,23.98861426774053,1.0,214.56,3761.97,223035.0484712901,3290.90875259505
13.7079651,14.280055,-0.2364739999999994,1.3634309999999663,20.20342100000005,-0.3266959724336628,1.4276457436613286,23.048456634446765,-0.0116048799999995,-0.27081736,-0.0101509199999992,23.09494004880229,1.0,215.54,3754.15,221975.50338684235,3318.5940892079425
13.8181011,14.390191,0.0685260000000003,1.0434309999999662,16.678421000000053,-0.2322153049937313,1.335796433771351,21.525653601374785,-0.0204048799999995,-0.21721736,-0.0005509199999992,21.56831099151551,1.0,214.08,3700.88,223557.54857997008,3510.300252912821
13.9287423,14.5008322,-0.2714739999999995,1.1434309999999663,16.723421000000055,-0.2416003796245086,1.289810087255298,20.37764520855741,-0.0132048799999995,-0.22241736,-0.0057509199999992,20.419853208347583,1.0,210.65,3663.25,227360.55067647758,3649.0820992288263
14.0396163,14.6117062,-0.2414739999999993,0.3684309999999662,13.738421000000056,-0.2415701676623524,1.0695477607630883,18.79049070233082,-0.0016048799999995,-0.18201736,0.0074490800000007,18.82245545599295,1.0,211.63,3655.91,226261.3996125313,3676.485471469484
14.1504168,14.7225067,0.4435260000000003,-1.0115690000000337,4.103421000000055,-0.0777929799146678,0.5720417659253876,15.27944059631497,-0.0060048799999995,-0.05241736,0.0226490800000007,15.290342980653016,1.0,198.44,3239.98,241965.32957065108,5432.194025889048
14.2605592,14.8326491,0.4385260000000004,-0.1465690000000337,0.7734210000000551,0.0456368019212354,0.4002526713665061,11.81167182597769,-0.0084048799999995,-0.00961736,0.0086490800000007,11.818539513967906,1.0,62.56,343.6,789232.7365728901,135518.04423748545
14.3704258,14.9425157,0.3585260000000003,-0.5415690000000339,-0.116578999999945,0.1204352249117197,0.175103397473243,8.960137300987578,0.0003951200000004,-0.00081736,0.0094490800000007,8.962657323347534,1.0,50.34,230.69,983245.9276916964,206741.08110451253
14.4812734,15.0533633,0.3585260000000003,-0.4915690000000337,-0.076578999999945,0.1773525445716409,0.0157305450754002,6.799844991516052,-4.879999999594584e-06,-0.00121736,0.0098490800000007,6.802175628705887,1.0,49.85,228.25,993009.0270812437,209058.0503833516
14.5913036,15.1633935,0.3385260000000003,-0.3815690000000338,-0.096578999999945,0.2158822233460855,-0.0792467811121224,5.151205019262097,-4.879999999594584e-06,-0.00121736,0.0106490800000007,5.1563357471313385,1.0,50.34,232.16,983245.9276916964,205368.711233632
14.7013027,15.2733926,0.3835260000000007,-0.4315690000000336,-0.0565789999999449,0.2559586791485808,-0.1634719525758237,3.906246630453202,-4.879999999594584e-06,-0.00121736,0.0078490800000007,3.9180353064562135,1.0,50.83,228.74,973671.0603974032,208588.79076680946
14.8112695,15.3833594,0.3885260000000006,-0.4465690000000337,0.318421000000055,0.2876498548128285,-0.2311483467454387,3.0485509964378057,-0.0012048799999995,-0.00601736,0.0094490800000007,3.070803669246689,1.0,48.88,229.72,1012913.2569558101,207656.27720703467
14.9220905,15.4941804,0.2285260000000004,-0.4965690000000335,2.358421000000055,0.2735158702321124,-0.2945990712014173,2.883570435558943,0.0043951200000004,-0.03001736,0.0078490800000007,2.911456336758489,1.0,97.75,1242.42,501508.95140664966,30244.039857697073
15.0321135,15.6042034,0.0785260000000005,-0.3215690000000337,3.818421000000055,0.2269021332222153,-0.3010464275009925,3.10705321598512,0.0055951200000004,-0.04921736,0.0050490800000007,3.129839167838401,1.0,161.29,2467.25,300000.62000124,10265.477758638162
15.1429689,15.7150588,0.0685260000000003,-0.0415690000000337,6.063421000000055,0.1890411745279161,-0.2390164740929696,3.8137942904038127,0.0083951200000004,-0.07601736,0.0018490800000007,3.825949859848068,1.0,181.82,2890.03,264997.25002749974,7300.858468597211
15.2534306,15.8255205,-0.2814739999999993,0.1834309999999661,10.148421000000056,0.0765611232385742,-0.1380273538149642,5.32813256421,0.0187951200000004,-0.12521736,-0.0045509199999992,5.330469939675838,1.0,191.1,3148.09,251643.11878597594,5882.64630299642
15.3729917,15.9450816,-0.2264739999999996,0.0134309999999662,12.243421000000057,0.004118388020638,-0.1018201402593216,6.9812822181370695,0.0183951200000004,-0.14881736,-0.0037509199999992,6.982025903085662,1.0,197.95,3310.85,242589.0376357666,5101.862059591948
15.483800700000002,16.0558906,-0.1014739999999996,0.6734309999999664,13.468421000000056,-0.0211242350939981,0.0835092449320839,8.532079604506457,0.0023951200000004,-0.15761736,-0.0089509199999992,8.53251442453703,1.0,201.86,3391.98,237696.42326364806,4740.65295196316
15.5937799,16.1658698,-0.2964739999999994,1.0534309999999665,14.548421000000056,-0.0869485854142825,0.3153760468182178,9.97032947480721,-0.0024048799999995,-0.17441736,-0.0185509199999992,9.975695060677308,1.0,204.79,3436.95,234152.54651106012,4547.782190605043
15.7037889,16.2758788,-0.4964739999999996,-0.0315690000000337,15.858421000000057,-0.1848485940231601,0.2324363271803664,11.377920287185434,0.0199951200000004,-0.18881736,-0.0049509199999992,11.38179536410892,1.0,205.77,3481.92,232989.74583272586,4359.893392151457
15.813788400000002,16.3858783,-0.4764739999999996,-0.2815690000000337,16.708421000000055,-0.2545637539103231,0.1095596407435165,12.652214988045692,0.0307951200000004,-0.20241736,-0.0045509199999992,12.655249903633386,1.0,206.74,3524.44,231849.66624746055,4186.650928941902
15.9238047,16.4958946,-0.1614739999999996,0.5034309999999662,16.588421000000054,-0.232309975793919,0.2037174343471313,13.593193468823202,0.0175951200000004,-0.19561736,-0.0045509199999992,13.596704652185691,1.0,206.74,3546.92,231849.66624746055,4096.73745108432
16.0338158,16.6059057,-0.2814739999999993,0.1834309999999661,15.838421000000055,-0.2440629909221532,0.1988678156751375,14.12993132880062,0.0195951200000004,-0.18601736,-0.0021509199999992,14.133438170108167,1.0,208.7,3551.81,229578.34211787255,4077.3295868866867
16.144023599999997,16.7161135,0.1235260000000004,-0.3565690000000339,13.568421000000056,-0.1561881873224486,0.0660866326286694,13.995698228568832,0.0091951200000004,-0.15121736,0.0086490800000007,13.996725727756331,1.0,207.72,3526.39,230708.64625457345,4178.806087812181
16.255513699999998,16.8276036,-0.2664739999999996,0.5034309999999662,13.123421000000056,-0.1825528075047924,0.1706369628542245,13.787174056088354,-0.0160048799999995,-0.15281736,-0.0049509199999992,13.789438384266989,1.0,204.79,3482.89,234152.54651106012,4355.894099440407
16.3655093,16.9375992,-0.0814739999999996,0.4384309999999662,12.463421000000055,-0.1583891884168174,0.234655061873783,13.47072132575372,-0.0096048799999995,-0.14041736,0.0038490800000007,13.47369597286455,1.0,203.81,3458.94,235326.5296109121,4455.295552972875
16.475486099999998,17.047576,-0.1764739999999993,0.1884309999999662,12.273421000000056,-0.1627124932634153,0.2236048659782197,13.184498034050876,-0.0044048799999995,-0.14081736,0.0026490800000007,13.187397882123848,1.0,203.81,3468.72,235326.5296109121,4414.539080698357
16.586336699999997,17.1584266,0.1785260000000006,0.1234309999999663,12.518421000000057,-0.0811369664747685,0.1996575796991092,13.025267507579844,0.0023951200000004,-0.13641736,0.0074490800000007,13.027050318490186,1.0,205.28,3465.3,233569.75837879968,4428.765186275358
16.697154899999997,17.2692448,-0.1414739999999996,0.2334309999999662,12.168421000000055,-0.0955609701902153,0.207731359788069,12.820432160417305,-0.0080048799999995,-0.13681736,0.0038490800000007,12.822471095569895,1.0,204.79,3466.28,234152.54651106012,4424.685830342614
16.808836799999998,17.3809267,0.2835260000000006,-0.0565690000000338,12.463421000000055,-0.0049374915895545,0.1445484495778191,12.735086063609929,0.0003951200000004,-0.13361736,0.0106490800000007,12.73590733637185,1.0,203.81,3466.28,235326.5296109121,4424.685830342614
16.918832599999998,17.4909225,0.0635260000000004,0.3934309999999663,12.218421000000056,0.0114292006285381,0.2040456210868848,12.61157354796671,-0.0108048799999995,-0.13401736,0.0046490800000007,12.6132292692191,1.0,204.3,3460.9,234738.13020068526,4447.109133462394
17.0379865,17.6100764,0.4135260000000005,0.1084309999999662,12.133421000000055,0.1075533451090238,0.181188255233258,12.497267727387426,-0.0040048799999995,-0.12881736,0.0106490800000007,12.4990438656674,1.0,204.3,3465.3,234738.13020068526,4428.765186275358
17.140863399999997,17.7129533,0.3185260000000003,0.6834309999999664,12.118421000000057,0.1579878822450365,0.3012530113757988,12.406701680564206,-0.0148048799999995,-0.13001736,0.0022490800000007,12.411364152997605,1.0,205.28,3462.37,233569.75837879968,4440.975401242502
17.2521833,17.8242732,0.3535260000000004,0.4134309999999663,12.158421000000056,0.204732681785598,0.3280699698865237,12.34734839039237,-0.0088048799999995,-0.13001736,0.0062490800000007,12.353402674966016,1.0,203.81,3446.73,235326.5296109121,4506.503265413886
17.362303999999998,17.9343939,0.3485260000000005,0.5834309999999663,12.468421000000056,0.2391075132117013,0.3891158687638086,12.376291672300484,-0.0136048799999995,-0.13161736,0.0078490800000007,12.384715544575595,1.0,205.28,3457.97,233569.75837879968,4459.350428141366
17.4813214,18.0534113,0.4535260000000005,0.2734309999999662,12.103421000000056,0.2903658013541171,0.3614605652233577,12.31105996697556,-0.0136048799999995,-0.12761736,0.0114490800000007,12.31978747987464,1.0,203.81,3462.85,235326.5296109121,4438.973677750986
17.591317699999998,18.1634076,0.3785260000000003,0.3534309999999663,12.103421000000056,0.3114411336753687,0.3595410396542528,12.261422372017003,-0.0168048799999996,-0.12841736,0.0102490800000007,12.27064561968684,1.0,204.3,3412.51,234738.13020068526,4651.971715833798
17.7013304,18.2734203,0.3735260000000004,-0.0115690000000336,12.033421000000056,0.3262829694471759,0.2708245039204466,12.206916997043203,-0.0096048799999995,-0.12961736,0.0098490800000007,12.21427971927847,1.0,202.35,3431.08,237096.61477637757,4572.670995721464
17.8113459,18.3834358,0.3085260000000005,0.0684309999999661,11.698421000000057,0.3220380376313944,0.2224408747963776,12.08535735577292,-0.0152048799999995,-0.12641736,0.0094490800000007,12.091693465234568,1.0,203.81,3419.35,235326.5296109121,4622.662201880474
17.921371899999997,18.4934618,0.3035260000000006,0.0934309999999662,12.103421000000056,0.3176126013118568,0.191600132309185,12.089675600410152,-0.0172048799999995,-0.13081736,0.0110490800000007,12.095364587244385,1.0,200.88,3347.51,238904.81879729193,4936.475171097323
18.0313471,18.603437,0.4135260000000005,-0.1165690000000336,11.868421000000057,0.3405413921093094,0.1179300751368283,12.03678308992502,-0.0116048799999995,-0.12801736,0.0126490800000007,12.04217684209406,1.0,204.79,3409.58,234152.54651106012,4664.562790724957
18.1429406,18.7150305,-0.0364739999999996,0.4084309999999662,11.913421000000056,0.250413139213163,0.1873764196909472,12.007292491208744,-0.0248048799999996,-0.13761736,0.0058490800000007,12.011365019529824,1.0,199.41,3347.02,240739.68206208313,4938.661854425728
18.252995,18.8250849,0.0535260000000006,0.6084309999999662,12.163421000000056,0.2033458463482133,0.2880325586481849,12.044616139046871,-0.0228048799999995,-0.13521736,0.0038490800000007,12.049775525919848,1.0,198.92,3278.59,241357.32957973055,5250.458276271202
18.3630223,18.9351122,-0.1414739999999996,0.4034309999999663,12.708421000000056,0.1209141712343454,0.3156193896467426,12.20330348612562,-0.0148048799999995,-0.14681736,0.0022490800000007,12.207983118042554,1.0,203.81,3420.82,235326.5296109121,4616.378529124596
18.4738789,19.0459688,0.1335260000000007,0.0084309999999663,13.338421000000055,0.1239291200037163,0.2421837860923459,12.474661527464308,-0.0088048799999995,-0.15081736,0.0070490800000007,12.477627644621757,1.0,205.77,3489.25,232989.74583272586,4329.727018700293
18.5838739,19.1559638,0.9335260000000004,0.3584309999999662,13.588421000000055,0.3174691023795036,0.2699735223015794,12.740913774738807,-0.0104048799999995,-0.13961736,0.0102490800000007,12.747727489597455,1.0,206.26,3497.56,232412.48909143798,4295.680417205137
18.6944731,19.266563,0.5085260000000007,-0.4215690000000338,9.418421000000055,0.3631426338763311,0.1046552869114233,11.946647876543189,0.0063951200000004,-0.10121736,0.0130490800000007,11.95262401264806,1.0,205.28,3467.74,233569.75837879968,4418.612698760578
18.8138512,19.3859411,0.2885260000000005,-0.5765690000000336,3.003421000000055,0.3453049885466802,-0.0581962997738004,9.8087048893163,-4.879999999594584e-06,-0.03641736,0.0122490800000007,9.814953588790935,1.0,183.28,2813.78,262806.63465735485,7769.690594147373
18.9238681,19.495958,0.1835260000000005,-0.4165690000000339,0.4584210000000549,0.3066305527061657,-0.1438678825077493,7.57345198276461,-0.0016048799999995,-0.00961736,0.0090490800000007,7.581022041829938,1.0,94.82,988.27,517314.9124657246,40593.46130106145
19.0341467,19.6062366,0.3135260000000004,-0.4915690000000337,-0.261578999999945,0.3082789591917836,-0.2269883463017885,5.700431229121192,0.0015951200000004,-1.7360000000013996e-05,0.0098490800000007,5.713271901806997,1.0,51.32,224.34,964279.0335151987,212875.9917981635
19.1463291,19.718419,0.3785260000000003,-0.4765690000000335,-0.086578999999945,0.3250720217342626,-0.2866524044418316,4.31700463074084,0.0003951200000004,-0.00121736,0.0098490800000007,4.33870607464075,1.0,48.39,229.72,1023271.3370531101,207656.27720703467
19.2563951,19.828485,0.2935260000000004,-0.5015690000000339,-0.086578999999945,0.3175307173625075,-0.3380297690838366,3.2642961540384734,0.0003951200000004,-0.00121736,0.0102490800000007,3.297077381943892,1.0,46.92,160.31,1055643.6487638534,301895.7020772254
19.3663579,19.9384478,0.4135260000000005,-0.5315690000000337,0.1434210000000549,0.3404790831095499,-0.3842967202864105,2.51822840447847,0.0007951200000004,-0.00281736,0.0094490800000007,2.570035850407576,1.0,45.94,143.7,1078376.14279495,337947.1120389701
19.4763389,20.0484288,0.3735260000000004,-0.831569000000034,1.4484210000000552,0.3483791873102742,-0.4912203896727725,2.262483216565704,0.0119951200000004,-0.01041736,0.0110490800000007,2.3412594547855496,1.0,60.12,421.8,821669.9933466401,108539.59222380274
19.5871638,20.1592537,0.2685260000000005,-0.3715690000000335,2.483421000000055,0.3292897060554159,-0.4626168606564469,2.315299989664219,0.0103951200000004,-0.01921736,0.0090490800000007,2.383916968440139,1.0,93.84,1127.57,522821.8243819266,34343.1449932155
19.6971619,20.2692518,0.1285260000000003,-0.6565690000000337,4.003421000000055,0.2812956918840159,-0.5089825206012781,2.718857511513974,0.0191951200000004,-0.02841736,0.0106490800000007,2.7803554881464523,1.0,125.61,1766.37,388057.47950003983,18306.640171651467
19.8071942,20.3792841,0.0435260000000004,0.0634309999999662,5.563421000000055,0.2244551294834543,-0.3721429336091251,3.39887096145579,0.0171951200000004,-0.03841736,0.0082490800000007,3.4265426133077708,1.0,152.98,2206.26,316840.1098182769,12662.786797566921
19.9171923,20.4892822,0.0585260000000005,0.3234309999999663,6.523421000000055,0.1847885724730015,-0.2058609602245705,4.145817218702851,0.0203951200000004,-0.04321736,0.0066490800000007,4.155036216731959,1.0,156.89,2312.32,308694.62680859206,11623.304732908939
20.0272046,20.5992945,0.1385260000000006,0.2034309999999661,6.508421000000055,0.1737291703405176,-0.1080167605671165,4.710614719151874,0.0267951200000004,-0.04161736,0.0110490800000007,4.715054663254807,1.0,160.8,2397.85,300945.27363184077,10852.013261880433
20.1375736,20.7096635,0.1235260000000004,0.2234309999999661,4.373421000000056,0.1617277398224591,-0.0287817791539696,4.630006124832478,0.0179951200000004,-0.03161736,0.0094490800000007,4.632919270678652,1.0,152.0,2164.71,318947.3684210526,13097.782150957866
20.2483908,20.8204807,0.3235260000000006,0.3884309999999662,2.643421000000055,0.200406782685542,0.0709559494854695,4.155098600423747,0.0039951200000004,-0.01961736,0.0066490800000007,4.160533860522846,1.0,120.23,1546.92,405869.5832986776,22322.292038373023
20.3597618,20.9318517,0.3135260000000004,-0.0715690000000337,0.973421000000055,0.2274487487137505,0.0368843307662115,3.394495586842142,0.0003951200000004,-0.00881736,0.0074490800000007,3.4023071108055927,1.0,71.36,599.71,690672.6457399103,73373.6305881176
20.4700587,21.0421486,0.4185260000000004,-0.6515690000000338,-0.161578999999945,0.2731271459014032,-0.1276954110722979,2.544390269159148,0.0023951200000004,0.0003826399999999,0.0094490800000007,2.5621917175787075,1.0,53.27,282.01,928614.6048432514,167298.67735186697
20.5817057,21.1537956,0.2735260000000004,-0.3415690000000337,-0.0565789999999449,0.2732224948548396,-0.178823437445016,1.9226097769772537,0.0003951200000004,-0.00121736,0.0098490800000007,1.9501427404174496,1.0,46.43,193.06,1066889.941847943,248986.8434683518
20.6930626,21.2651525,0.3385260000000003,-0.4765690000000335,-0.096578999999945,0.288833769486888,-0.250001664971821,1.4399081140072234,-4.879999999594584e-06,-0.00121736,0.0090490800000007,1.4897184820188432,1.0,47.41,179.37,1044629.8249314493,268753.41472933046
20.803423,21.3755129,0.3385260000000003,-0.4765690000000335,-0.0665789999999449,0.3007130561483749,-0.3041642230445381,1.0797714871273911,-4.879999999594584e-06,-0.00121736,0.0090490800000007,1.1614003104578894,1.0,48.39,175.46,1023271.3370531101,274965.23424142256
20.9142647,21.4863546,0.4035260000000007,-0.8915690000000336,1.2234210000000552,0.3252912330567862,-0.4445875781591745,1.1141119408477582,0.0075951200000004,0.0007826399999999,0.0094490800000007,1.24286681414245,1.0,77.22,822.09,637500.6475006475,50820.59141943096
21.0255675,21.5976574,0.3985260000000004,-0.1965690000000337,4.063421000000055,0.3427985331140067,-0.3852969454605798,1.8191655760985568,-0.0016048799999995,0.0047826399999999,0.0094490800000007,1.890853765828644,1.0,156.4,2341.64,309693.094629156,11352.556328043594
21.1450138,21.7171037,0.1435260000000005,0.3334309999999663,6.553421000000055,0.2951609946059034,-0.2134798382873675,2.9509235336002915,-0.0056048799999995,0.0051826399999999,0.0066490800000007,2.9733219393883297,1.0,181.33,2902.25,265740.3628743175,7228.012748729433
21.2555301,21.82762,0.3285260000000005,0.2934309999999662,6.128421000000055,0.3031371401611719,-0.0922991406682309,3.7105272559478153,-0.0040048799999995,0.0067826399999999,0.0094490800000007,3.724033267070101,1.0,188.17,3074.29,255717.17064356702,6263.917847698168
21.3664406,21.9385305,0.2985260000000007,-0.3165690000000338,1.9934210000000552,0.3020348137965626,-0.1459124705796513,3.3000406017564,0.0015951200000004,0.0011826399999999,0.0110490800000007,3.317044384848735,1.0,181.33,2817.2,265740.3628743175,7748.118699417863
21.4764252,22.0485151,0.3385260000000003,-0.2015690000000336,0.8984210000000551,0.310758295456617,-0.1592175659786945,2.7259160875915214,-0.0016048799999995,-0.00081736,0.0114490800000007,2.7481883974905266,1.0,143.21,2031.77,339137.6300537672,14609.08468970405
21.5872279,22.1593178,0.3435260000000006,-0.1215690000000337,1.5134210000000552,0.3185916519288536,-0.150217404322912,2.436060378310307,-4.879999999594584e-06,0.0011826399999999,0.0106490800000007,2.46139311691847,1.0,136.36,1914.96,356676.44470519206,16110.205957304592
21.6972262,22.2693161,0.4735260000000005,-0.2065690000000335,3.1984210000000552,0.355629827020674,-0.1636886603315167,2.6183081919215763,0.0115951200000004,0.0055826399999999,0.0114490800000007,2.647414651933375,1.0,148.09,2123.66,327632.5207644,13544.258497122893
21.8080912,22.3801811,0.1985260000000006,0.2684309999999663,5.658421000000056,0.318073022314498,-0.0603873340650787,3.34506911928411,0.0271951200000004,0.0087826399999999,0.0078490800000007,3.360700000063668,1.0,166.67,2547.9,289994.0001199976,9624.004081792848
21.9180496,22.4901395,0.1035260000000004,0.0534309999999662,6.553421000000055,0.2667840068260538,-0.0331782391274952,4.112048812254194,0.0383951200000004,0.0087826399999999,0.0062490800000007,4.120827579044153,1.0,173.02,2673.02,278983.9324933534,8705.434302773643
22.028917,22.6010069,0.3985260000000004,-0.2515690000000339,6.908421000000056,0.2982778819471557,-0.08538612808391,4.780541783638865,0.0315951200000004,0.0127826399999999,0.0042490800000007,4.790599151551412,1.0,177.91,2810.36,271040.97577426786,7791.314991673664
22.1389082,22.7109981,0.1835260000000005,-0.956569000000034,6.913421000000056,0.2708456156447674,-0.2936486867013645,5.290421967399111,0.0423951200000004,0.0111826399999999,0.0030490800000007,5.305483153479475,1.0,184.75,2984.36,260635.9945872801,6754.010910211905
22.2489206,22.8210105,0.4435260000000003,-0.7765690000000338,7.778421000000055,0.3121261089007558,-0.4090942760237481,5.8851961084787705,0.0307951200000004,0.0155826399999999,0.0058490800000007,5.907648776779692,1.0,188.17,3039.59,255717.17064356702,6449.586950871662
22.359793,22.9318829,0.2985260000000007,-1.1515690000000338,7.998421000000055,0.3088749046261383,-0.586588222138631,6.390377783910846,0.0331951200000004,0.0147826399999999,0.0050490800000007,6.424672572992407,1.0,191.59,3149.56,250973.954799311,5875.233365930479
22.469751,23.0418409,0.5785260000000005,-1.081569000000034,2.898421000000055,0.3733369468297947,-0.7049169526348369,5.5556002901806245,0.0191951200000004,0.0047826399999999,0.0070490800000007,5.612573649426368,1.0,188.17,3020.53,255717.17064356702,6553.386326240758
22.5799579,23.1520478,0.4485260000000006,-0.4415690000000338,-0.0565789999999449,0.3913114331265805,-0.6419617222344018,4.213968290664655,-4.879999999594584e-06,-0.00161736,0.0090490800000007,4.280510278604284,1.0,110.95,1259.53,440653.4474988734,29697.34742324518
22.6905758,23.2626657,0.3585260000000003,-0.5165690000000336,-0.0465789999999449,0.3834738385084664,-0.6119856861960675,3.195453684296336,0.0003951200000004,-0.00161736,0.0106490800000007,3.2760498948294905,1.0,48.39,210.17,1023271.3370531101,227902.65023552364
22.8006023,23.3726922,0.4235260000000007,-0.5015690000000339,-0.106578999999945,0.3930485970342395,-0.5855897797537511,2.406078918516718,-4.879999999594584e-06,-0.00121736,0.0086490800000007,2.5073129744635416,1.0,48.39,214.56,1023271.3370531101,223035.0484712901
22.9114362,23.4835261,0.3385260000000003,-0.4315690000000336,-0.0565789999999449,0.3800145763631899,-0.5487699997674741,1.8173627538132484,-4.879999999594584e-06,-0.00121736,0.0086490800000007,1.9360699806156187,1.0,46.43,173.02,1066889.941847943,278983.9324933534
23.0225922,23.5946821,0.4235260000000007,-0.4965690000000335,0.548421000000055,0.3904162964931544,-0.5362909736933675,1.514013061222989,0.0007951200000004,-0.00681736,0.0098490800000007,1.6529574835990843,1.0,49.85,207.72,993009.0270812437,230708.64625457345
23.1334611,23.705551,0.1385260000000006,-0.4665690000000337,3.0534210000000552,0.3302001015590279,-0.5196234322375817,1.8820196490712864,0.0079951200000004,-0.03201736,0.0098490800000007,1.980161250476932,1.0,111.93,1528.84,436707.7637809345,22704.53415661548
23.2442906,23.8163805,-0.0314739999999993,-0.2215690000000336,5.923421000000055,0.2437392949884368,-0.4483713671820134,2.8481458355208025,0.0063951200000004,-0.06201736,0.0070490800000007,2.8935065970591145,1.0,166.18,2554.25,290878.5654110001,9575.21777429774
23.3551614,23.9272513,-0.2914739999999995,-0.1515690000000338,8.583421000000055,0.1157926906489729,-0.3774186173224093,4.219204792984545,0.0123951200000004,-0.08921736,0.0034490800000007,4.2376339913981536,1.0,183.28,2945.75,262806.63465735485,6973.60604260375
23.4659575,24.0380474,-0.3714739999999996,-0.3365690000000338,8.923421000000054,-0.0006919315755385,-0.3676532212197632,5.343781658698076,0.0079951200000004,-0.09241736,0.0058490800000007,5.356414078997303,1.0,191.1,3148.09,251643.11878597594,5882.64630299642
23.5856342,24.1577241,-0.2164739999999994,-0.2515690000000339,8.228421000000056,-0.0522761937580617,-0.3399024495899658,6.033375530747891,0.0099951200000004,-0.08321736,0.0086490800000007,6.043168603530642,1.0,191.1,3143.69,251643.11878597594,5904.876116919926
23.6956069,24.2676968,-0.2214739999999992,-0.4815690000000339,7.538421000000055,-0.0927241515592784,-0.3737688618095003,6.393167522035159,0.0103951200000004,-0.07761736,0.0086490800000007,6.404755412593516,1.0,191.1,3148.58,251643.11878597594,5880.174554878708
23.8056219,24.3777118,0.2485260000000004,-0.8915690000000336,5.503421000000055,-0.0111458377707906,-0.4975527252305598,6.180467188760181,0.0135951200000004,-0.05241736,0.0142490800000007,6.2004723703460805,1.0,190.13,3028.35,252977.96244674697,6510.641108194231
23.9164269,24.4885168,0.2935260000000004,-0.5565690000000336,1.9484210000000552,0.0616881658790606,-0.5116609920247958,5.16876597668299,0.0047951200000004,-0.01881736,0.0130490800000007,5.194395453013275,1.0,176.44,2741.94,273382.4529585128,8235.264083094451
24.0264175,24.5985074,0.3735260000000004,-0.3615690000000338,-0.196578999999945,0.1362352527207828,-0.4757804171251585,3.886141502843615,-0.0004048799999995,0.0003826399999999,0.0086490800000007,3.9175276424713728,1.0,100.2,1085.53,489001.99600798404,36060.4497342312
24.1364487,24.7085386,0.3135260000000004,-0.5165690000000336,-0.0565789999999449,0.1786178865372167,-0.4855312225022407,2.9436056859608963,-4.879999999594584e-06,-0.00161736,0.0106490800000007,2.9887220265251937,1.0,49.36,190.13,1002965.9643435981,252977.96244674697
24.2472931,24.819383,0.4035260000000007,-0.4165690000000339,-0.096578999999945,0.2323837957091475,-0.4690453050568406,2.2168275756713656,-4.879999999594584e-06,-0.00121736,0.0090490800000007,2.2777906459903288,1.0,45.94,182.8,1078376.14279495,263522.9759299781
24.3572597,24.9293496,0.3135260000000004,-0.4665690000000337,-0.076578999999945,0.2517814257845701,-0.4684533264451472,1.6685721670808862,0.0003951200000004,-0.00121736,0.0086490800000007,1.7512782423660267,1.0,47.41,182.8,1044629.8249314493,263522.9759299781
24.4672695,25.0393594,0.2635260000000006,-0.4665690000000337,0.293421000000055,0.2545890510890006,-0.4680028645968022,1.339832347033545,-0.0060048799999995,-0.00121736,0.0106490800000007,1.441871348062173,1.0,46.92,178.89,1055643.6487638534,269501.3695567108
24.5789728,25.1510627,0.2735260000000004,-0.5565690000000336,1.643421000000055,0.2591160655193216,-0.489175239032227,1.4124074075314277,-0.0168048799999996,0.0031826399999999,0.0074490800000007,1.5170129316331151,1.0,58.65,451.61,842514.9190110826,100714.99745355506
24.6889526,25.2610425,0.0835260000000004,-0.8715690000000336,3.9234210000000553,0.2171399919626538,-0.58058922985524,2.012683345395678,-0.0388048799999996,0.0079826399999999,0.0058490800000007,2.10597433003505,1.0,135.87,1929.13,357998.8224037683,15918.41918377714
24.7988161,25.370906,-0.1664739999999995,-0.4465690000000337,5.453421000000056,0.125434296105849,-0.5485507257983882,2.835216536278152,-0.0592048799999996,0.0111826399999999,0.0070490800000007,2.890518027793389,1.0,165.69,2529.33,291768.3626048645,9768.080875172478
24.9097881,25.481878,-0.7714739999999995,-0.5465690000000338,7.123421000000056,-0.0889781109946081,-0.5480769799310758,3.86034278965047,-0.0912048799999996,0.0147826399999999,0.0282490800000007,3.900070760098195,1.0,178.4,2801.56,270269.05829596415,7847.199417467412
25.0201546,25.5922445,-0.7814739999999993,-1.561569000000034,7.6284210000000545,-0.2545242555820523,-0.7903595684003488,4.7611291049645725,-0.1108048799999996,0.0367826399999999,0.0190490800000007,4.832990916418356,1.0,182.31,2892.47,264258.1317536065,7286.263988909134
25.1322886,25.7043785,-0.7264739999999996,-0.9665690000000338,6.078421000000056,-0.3673472511663807,-0.832483705892587,5.0760372480766165,-0.0920048799999996,0.0219826399999999,0.0318490800000007,5.156949414855393,1.0,177.42,2808.41,271817.1570285199,7803.6682678099005
25.2439423,25.8160322,-0.2414739999999993,-0.7265690000000335,4.608421000000055,-0.3372563412156947,-0.8071640303623706,4.964250206096187,-0.0424048799999995,0.0071826399999999,0.0130490800000007,5.040737616691337,1.0,176.44,2751.71,273382.4529585128,8170.51942246821
25.3539736,25.9260635,-0.0264739999999994,-0.7365690000000338,4.003421000000055,-0.2629615775774411,-0.790287778403238,4.734557043722784,-0.0336048799999995,0.0083826399999999,0.0114490800000007,4.807258466552487,1.0,174.49,2694.53,276549.3724568743,8556.111826552311
25.4643386,26.0364285,0.1085260000000003,-0.7115690000000339,3.378421000000055,-0.1741547886759177,-0.7714694857921431,4.410362926272046,-0.0284048799999995,0.0071826399999999,0.0110490800000007,4.480713804670197,1.0,167.16,2555.23,289114.6207226609,9567.710147423128
25.5751574,26.1472473,0.2285260000000004,-0.8715690000000336,2.503421000000055,-0.0778910373336905,-0.7953989977434601,3.954494683790646,-0.0176048799999995,0.0055826399999999,0.0066490800000007,4.034446031791316,1.0,159.34,2350.93,303794.40190786996,11268.17897597972
25.6864627,26.2585526,0.2035260000000005,-0.7165690000000338,1.528421000000055,-0.0106162617119529,-0.7765541173456798,3.3745242446687125,-0.0124048799999995,0.0027826399999999,0.0106490800000007,3.462739216290509,1.0,137.83,1891.98,352765.7258942175,16427.340669563102
25.797309,26.3693989,0.2985260000000007,-0.6415690000000336,0.7834210000000551,0.0632864290736354,-0.7442849499642666,2.7551022969095773,-0.0052048799999995,0.0011826399999999,0.0114490800000007,2.854567204548639,1.0,108.99,1347.51,448757.68419121025,27105.476026151937
25.9085083,26.4805982,0.3285260000000005,-0.5065690000000338,0.1534210000000549,0.1266938644909825,-0.6874572349578398,2.133151589350532,-0.0012048799999995,-0.00041736,0.0102490800000007,2.244768248248411,1.0,78.69,737.05,625404.7528275512,57838.00284919613
26.0189257,26.5910156,0.3185260000000003,-0.4415690000000338,-0.076578999999945,0.1725527222050776,-0.6286758761902941,1.604899529732797,0.0003951200000004,-0.00081736,0.0090490800000007,1.7322558413180686,1.0,47.9,198.92,1033841.3361169102,241357.32957973055
26.1301685,26.7022584,0.3785260000000003,-0.3565690000000339,-0.096578999999945,0.2217921221327249,-0.5636267618428732,1.198148796381692,0.0003951200000004,-0.00121736,0.0102490800000007,1.3425451241490982,1.0,48.88,203.81,1012913.2569558101,235326.5296109121
26.241006,26.8130959,0.3185260000000003,-0.3665690000000337,-0.096578999999945,0.2449170544047711,-0.5165186804057877,0.8886347640471133,0.0003951200000004,-0.00081736,0.0094490800000007,1.0566208660723648,1.0,47.41,198.44,1044629.8249314493,241965.32957065108
26.3518442,26.9239341,0.3835260000000007,-0.4065690000000337,-0.096578999999945,0.2780525241063716,-0.4902344150711057,0.6531122969509878,0.0003951200000004,-0.00081736,0.0102490800000007,0.8626694965690098,1.0,48.39,196.97,1023271.3370531101,243845.76331421032
26.4714889,27.0435788,0.2435260000000005,-0.6365690000000337,2.398421000000055,0.2697987091125751,-0.5252167546624377,1.0703409498454688,-0.0112048799999995,-0.00281736,0.0094490800000007,1.2224048968050871,1.0,100.2,1308.41,489001.99600798404,28214.32119901254
26.5823267,27.1544166,0.0735260000000006,-0.4015690000000338,5.133421000000055,0.2228783002015747,-0.4956578657271479,2.0416495859434,-0.0276048799999995,-0.00241736,0.0106490800000007,2.112743356004413,1.0,174.49,2769.31,276549.3724568743,8055.038980829159
26.692302,27.2643919,-0.3164739999999995,-0.456569000000034,6.988421000000055,0.0939422367673479,-0.486313390012333,3.224211026024502,-0.0316048799999996,-0.00561736,0.0106490800000007,3.262033506494394,1.0,188.17,3074.78,255717.17064356702,6261.326013568449
26.8023017,27.3743916,-0.4514739999999997,-0.5065690000000338,7.518421000000055,-0.0364434545064439,-0.4911556398985337,4.250772940004424,-0.0252048799999995,-0.00601736,0.0110490800000007,4.279209339989615,1.0,191.1,3151.52,251643.11878597594,5865.360207138144
26.9123641,27.484454,-0.7664739999999997,-0.5715690000000337,9.583421000000056,-0.2109625298631296,-0.5103790345056047,5.525580979719902,-0.0312048799999995,-0.01001736,0.0098490800000007,5.553110579784224,1.0,192.08,3169.6,250308.2049146189,5774.861181221607
27.0223335,27.5944234,-0.8164739999999995,-0.7515690000000339,12.533421000000056,-0.3557144207784758,-0.5680372380194607,7.200855758475944,-0.0320048799999996,-0.00921736,0.0098490800000007,7.231979169446128,1.0,197.95,3296.68,242589.0376357666,5166.773845201839
27.1323467,27.7044366,0.0335260000000006,-0.9765690000000335,8.983421000000055,-0.2626636864701172,-0.665699706795319,7.626990856019614,-0.0164048799999995,0.0023826399999999,0.0146490800000007,7.660492009631251,1.0,198.92,3334.31,241357.32957973055,4995.606287357803
27.2431507,27.8152406,0.3785260000000003,-0.0515690000000337,1.7434210000000552,-0.1093826602147632,-0.5188873250947685,6.220480981320041,-0.0108048799999995,0.0007826399999999,0.0130490800000007,6.243043509496309,1.0,181.82,2871.46,264997.25002749974,7412.744736127266
27.3531792,27.9252691,0.3485260000000005,-0.6415690000000336,-0.211578999999945,8.371276346821888e-05,-0.5482152656855303,4.68285058008827,0.0035951200000004,0.0003826399999999,0.0098490800000007,4.7148308071416025,1.0,99.71,1096.29,491454.21722996695,35608.37004807122
27.4640138,28.0361037,0.4485260000000006,-0.4165690000000339,-0.106578999999945,0.1072870808998604,-0.5167442749120404,3.537902841993477,0.0003951200000004,-0.00041736,0.0090490800000007,3.577050696141712,1.0,48.39,182.31,1023271.3370531101,264258.1317536065
27.5740172,28.1461071,0.3185260000000003,-0.4415690000000338,-0.076578999999945,0.1577852704184626,-0.4987730824074059,2.673834848055283,-4.879999999594584e-06,-0.00081736,0.0082490800000007,2.7245299730357218,1.0,47.41,173.51,1044629.8249314493,278167.8289435768
27.6843456,28.2564355,0.3535260000000004,-0.4815690000000339,1.1834210000000551,0.2045785057797556,-0.4946603222323301,2.317540651508278,0.0007951200000004,-0.01361736,0.0110490800000007,2.37855751892013,1.0,51.81,302.05,955064.6593321753,155535.50736633007
27.7952006,28.3672905,0.2135260000000003,-0.2165690000000337,4.983421000000055,0.2067174689063199,-0.428180582829252,2.954838606097016,0.0007951200000004,-0.04681736,0.0074490800000007,2.992848461172799,1.0,131.96,1914.96,368902.6977872082,16110.205957304592
27.906778,28.4788679,-0.1514739999999994,-0.1265690000000336,8.328421000000056,0.1210892108285411,-0.3560781552292739,4.239432294026752,-0.0048048799999995,-0.08201736,0.0050490800000007,4.2560827559209296,1.0,172.53,2732.16,279804.671651307,8300.538767861328
28.0173512,28.5894411,-0.3414739999999994,0.0784309999999661,10.533421000000056,0.0105101339034247,-0.2522056029467462,5.744055759513758,-0.0044048799999995,-0.10321736,0.0026490800000007,5.74959952496481,1.0,187.68,3027.37,256410.9121909633,6515.98582267777
28.1281778,28.7002677,-0.3964739999999995,0.2784309999999663,12.213421000000055,-0.0867823632011284,-0.1253530899000979,7.290604252427904,-0.0124048799999995,-0.11921736,0.0022490800000007,7.292198224214021,1.0,190.62,3156.4,252301.9620186759,5840.831326828031
28.2473844,28.8194743,-0.3264739999999992,0.1584309999999662,12.958421000000056,-0.1440823804169679,-0.0575124532637026,8.645536788036663,-0.0116048799999995,-0.12241736,0.0062490800000007,8.646928574235035,1.0,196.48,3233.14,244478.8273615635,5464.842227679594
28.3573364,28.9294263,-0.2514739999999995,0.1434309999999663,12.198421000000057,-0.1697551228335427,-0.0094754692237458,9.49487942355888,-0.0120048799999995,-0.11481736,0.0118490800000007,9.496401521322014,1.0,198.44,3260.51,241965.32957065108,5335.024275343428
28.4673674,29.0394573,-0.0714739999999993,-0.1565690000000337,10.103421000000056,-0.1462603104756148,-0.0446392403022185,9.640355683274578,-0.0076048799999995,-0.09361736,0.0138490800000007,9.64156846370131,1.0,196.48,3228.74,244478.8273615635,5485.917106982912
28.5773394,29.1494293,0.1785260000000006,-0.4015690000000338,7.928421000000055,-0.0686177968265552,-0.1299658776796084,9.231105330888129,-0.0004048799999995,-0.07001736,0.0154490800000007,9.2322751887795,1.0,190.62,3110.95,252301.9620186759,6072.260884938685
28.6873676,29.2594575,0.4685260000000006,-0.1965690000000337,6.733421000000055,0.0597903079225048,-0.1458878351853323,8.634015849290105,-4.879999999594584e-06,-0.05601736,0.0182490800000007,8.6354552761953,1.0,186.22,2995.6,258499.62410052627,6691.147015622913
28.7973822,29.3694721,0.5235260000000004,-1.0165690000000336,3.353421000000055,0.1706496749597319,-0.3540304570960548,7.371651505605924,0.0135951200000004,-0.02601736,0.0222490800000007,7.382120616477191,1.0,176.93,2734.12,272597.6374837506,8287.419718227438
28.9082121,29.480302,0.4785260000000004,0.1334309999999663,0.483421000000055,0.2442497344393203,-0.2374992745454594,5.724970245345338,-0.0072048799999995,-0.00481736,0.0042490800000007,5.735097919676067,1.0,137.34,1855.82,354059.99708751997,16942.2681078984
29.0181989,29.5902888,0.3785260000000003,-0.456569000000034,-0.116578999999945,0.276349445681068,-0.2898694748897857,4.328505701167983,0.0019951200000004,-1.7360000000013996e-05,0.0106490800000007,4.346993781183135,1.0,59.14,326.49,835451.4710855597,143144.0472908818
29.1298737,29.7019636,0.3885260000000006,-0.4465690000000337,-0.086578999999945,0.3031660613107655,-0.3273296283037549,3.2730478105007528,0.0035951200000004,-1.7360000000013996e-05,0.0118490800000007,3.3033159576582936,1.0,47.9,195.99,1033841.3361169102,245115.05689065767
29.2398763,29.8119662,0.3085260000000005,-0.2165690000000337,0.8984210000000551,0.3044473933725375,-0.3008515000160919,2.705376118070952,0.0003951200000004,-0.01441736,0.0086490800000007,2.7390253340598947,1.0,47.9,231.67,1033841.3361169102,205824.2327448526
29.3507038,29.9227937,0.0735260000000006,-0.5515690000000337,5.253421000000055,0.2492439662005872,-0.3607873294728658,3.314504653180347,0.0119951200000004,-0.06881736,0.0126490800000007,3.3433861798706017,1.0,142.72,2166.67,340336.32286995515,13076.887574019116
29.4607794,30.0328693,-0.5364739999999997,0.0784309999999661,8.498421000000056,0.0614124106596383,-0.255789015070166,4.553757302481127,0.0055951200000004,-0.11681736,-0.0017509199999992,4.561349041052853,1.0,183.77,2953.08,262079.22947162212,6931.474934644508
29.5710736,30.1431635,-0.5164739999999997,-0.0365690000000338,10.728421000000056,-0.0767355102350007,-0.203382886907607,6.029855262739709,0.0115951200000004,-0.14201736,0.0010490800000007,6.033772238559197,1.0,194.04,3193.06,247678.82910740055,5658.960370303094
29.6819048,30.2539947,-0.5014739999999995,0.6634309999999664,12.598421000000055,-0.178272314358818,0.0038352342837066,7.60011835099346,0.0023951200000004,-0.16281736,-0.0057509199999992,7.602209854785411,1.0,198.44,3292.28,241965.32957065108,5187.043629338937
29.7927702,30.3648601,-0.9064739999999992,0.5984309999999662,14.238421000000056,-0.352354187556822,0.1459776472065068,9.187052551752451,0.0067951200000004,-0.19201736,-0.0085509199999992,9.194965880069052,1.0,201.37,3377.32,238299.1508169042,4804.637996991696
29.9040548,30.4761447,-0.9364739999999996,0.3734309999999663,15.503421000000056,-0.491992248175484,0.2003520142262536,10.697026056292676,0.0083951200000004,-0.21241736,-0.0097509199999992,10.710208389703428,1.0,204.3,3428.15,234738.13020068526,4585.126088415034
30.0231971,30.595287,-0.8764739999999995,0.6584309999999662,16.383421000000055,-0.5839053882956263,0.3098591047597173,12.056399843889215,0.0075951200000004,-0.22081736,-0.0077509199999992,12.07450766545018,1.0,204.3,3466.28,234738.13020068526,4424.685830342614
30.1348558,30.7069457,-0.4064739999999993,0.3334309999999663,15.313421000000057,-0.5414891332282837,0.3154941365910932,12.835014278710348,0.0063951200000004,-0.19841736,0.0022490800000007,12.85030499896116,1.0,205.28,3484.85,233569.75837879968,4347.819848773979
30.2448921,30.816982,-0.5064739999999994,-0.3915690000000336,10.313421000000057,-0.5331185126943717,0.1464655862401536,12.232209190426492,0.0055951200000004,-0.13561736,0.0126490800000007,12.24469718673698,1.0,205.28,3443.3,233569.75837879968,4520.953736241396
30.35489,30.9269799,0.4635260000000003,-0.4765690000000335,2.408421000000055,-0.2948634425628278,-0.0024753321598594,9.883761660283682,0.0043951200000004,-0.02921736,0.0170490800000007,9.888159340055305,1.0,188.66,3009.29,255027.03275734125,6615.214884574103
30.4648769,31.0369668,0.2185260000000006,-0.4965690000000335,-0.231578999999945,-0.1721339877927191,-0.120591992597353,7.465616406159971,0.0031951200000004,-1.7360000000013996e-05,0.0130490800000007,7.468574218842372,1.0,102.64,1105.08,477139.51675759937,35245.59307923409
30.5748779,31.1469678,0.3735260000000004,-0.456569000000034,-0.146578999999945,-0.0416900260755495,-0.2009097231840655,5.645866106781346,0.0031951200000004,0.0003826399999999,0.0122490800000007,5.649593513771273,1.0,49.36,190.62,1002965.9643435981,252301.9620186759
30.6848965,31.2569864,0.3635260000000007,-0.581569000000034,-0.141578999999945,0.0551797920806277,-0.2919090730413434,4.262335547754947,0.0039951200000004,-1.7360000000013996e-05,0.0138490800000007,4.272675980932019,1.0,49.36,204.79,1002965.9643435981,234152.54651106012
30.7957654,31.3678553,0.2885260000000005,-0.2815690000000337,0.198421000000055,0.1109628886859153,-0.2894372038881561,3.290827418977577,-0.0016048799999995,-0.00481736,0.0098490800000007,3.305394342458209,1.0,47.9,200.39,1033841.3361169102,239513.448774889
30.9060042,31.4780941,0.2185260000000006,-0.6165690000000337,2.593421000000056,0.136676627439588,-0.3676404228214392,3.124107376728538,0.0015951200000004,-0.03441736,0.0150490800000007,3.148632541645699,1.0,84.07,940.37,584742.4765076722,43170.56052404905
31.016563,31.5886529,-0.1864739999999995,-0.3115690000000339,7.743421000000055,0.0594251356358283,-0.3542361441578531,4.228387666494855,0.0019951200000004,-0.09841736,0.0090490800000007,4.243616011226625,1.0,167.16,2601.66,289114.6207226609,9218.498958357357
31.1282175,31.7003074,-0.4964739999999996,0.2084309999999662,12.873421000000056,-0.0734665683368541,-0.2197264988585299,6.295045333224461,0.0027951200000004,-0.16121736,0.0002490800000007,6.2993073284540495,1.0,191.1,3143.69,251643.11878597594,5904.876116919926
31.2382069,31.8102968,-0.6414739999999997,0.4634309999999662,15.783421000000056,-0.2092528479404834,-0.0564127638925959,8.563310076699047,-0.0064048799999995,-0.19921736,-0.0061509199999992,8.566052102573076,1.0,199.41,3350.93,240739.68206208313,4921.230822488085
31.3482364,31.9203263,-0.9164739999999996,0.7634309999999662,17.323421000000053,-0.3783191730305837,0.1395768100980965,10.657477872545048,-0.0084048799999995,-0.22121736,-0.0093509199999992,10.665103922906097,1.0,203.81,3432.55,235326.5296109121,4566.430204949672
31.4582426,32.0303325,-0.8964739999999995,0.6784309999999663,17.423421000000054,-0.5021878273663688,0.2683937966670241,12.274925451702256,-0.0100048799999995,-0.22401736,-0.0057509199999992,12.28812527153317,1.0,204.79,3471.65,234152.54651106012,4402.373511154638
31.5682676,32.1403575,-0.3764739999999995,0.0334309999999662,11.983421000000057,-0.4721350288266911,0.2122242428439946,12.205239206808171,-0.0040048799999995,-0.14961736,0.0094490800000007,12.216211143808184,1.0,204.79,3456.01,234152.54651106012,4467.550730466636
31.6786296,32.2507195,0.1835260000000005,-0.8715690000000336,3.033421000000055,-0.3153945236456548,-0.0468643607583231,10.012649810826662,0.0079951200000004,-0.04041736,0.0186490800000007,10.017725600559348,1.0,189.15,3032.26,254340.47052603753,6489.351177009886
31.7982632,32.3703531,0.3335260000000004,-0.3565690000000339,-0.026578999999945,-0.1602653849189304,-0.1209014919547963,7.612699644118022,0.0003951200000004,-0.00161736,0.0126490800000007,7.615346219044461,1.0,110.95,1298.14,440653.4474988734,28516.646894787922
31.9083565,32.4804464,0.3685260000000006,-0.3865690000000337,-0.126578999999945,-0.03385398457096,-0.1844112288316609,5.762569178705689,0.0031951200000004,-1.7360000000013996e-05,0.0122490800000007,5.765618538626996,1.0,48.88,206.74,1012913.2569558101,231849.66624746055
32.018287699999995,32.5903776,0.4385260000000004,-0.4915690000000337,-0.141578999999945,0.0790718630298335,-0.2578395128176192,4.351139907318219,0.0027951200000004,-1.7360000000013996e-05,0.0122490800000007,4.359489886093352,1.0,48.39,190.13,1023271.3370531101,252977.96244674697
32.1290723,32.7011622,0.2285260000000004,-0.3865690000000337,0.828421000000055,0.1147999540710531,-0.2886132266202749,3.5090085057738607,-4.879999999594584e-06,-0.00321736,0.0122490800000007,3.5227286749944544,1.0,46.92,209.68,1055643.6487638534,228458.6035864174
32.240777099999995,32.812867,0.0335260000000006,-0.2265690000000335,3.908421000000055,0.0953708282589647,-0.2737811060633676,3.604490947718995,-0.0044048799999995,-0.01001736,0.0110490800000007,3.6161314524099177,1.0,146.63,2238.51,330994.3394939644,12336.286190367699
32.3508061,32.922896,-0.2864739999999997,0.1234309999999663,7.033421000000056,0.0040880637652766,-0.1788246828033128,4.424201445972558,-0.0096048799999995,-0.01281736,0.0070490800000007,4.427815873993716,1.0,182.31,2935.48,264258.1317536065,7032.98949405208
32.4607578,33.0328477,-0.2564739999999994,0.0884309999999661,9.528421000000057,-0.0582011797767213,-0.1149352812781821,5.644402001257756,-0.0024048799999995,-0.00841736,0.0114490800000007,5.645872071523801,1.0,194.53,3214.08,247029.7640466766,5556.551174830746
32.5715857,33.1436756,-0.0214739999999995,-0.1115690000000337,10.923421000000054,-0.0494212821482476,-0.1141305474219353,6.906389626485165,-0.0056048799999995,-0.00041736,0.0162490800000007,6.907509386009251,1.0,197.95,3315.25,242589.0376357666,5081.818867355403
32.6816147,33.2537046,-0.0114739999999993,-0.3465690000000336,11.148421000000056,-0.0403497102343159,-0.1696966385556201,7.920477869107069,-0.0044048799999995,0.0027826399999999,0.0190490800000007,7.922398293652493,1.0,199.9,3352.4,240125.06253126563,4914.687984727359
32.793259299999995,33.3653492,0.3435260000000006,0.0134309999999662,6.448421000000055,0.0514185512658808,-0.12591865371614,7.568572040981303,-0.0056048799999995,0.0027826399999999,0.0190490800000007,7.569794060229899,1.0,199.9,3326.49,240125.06253126563,5030.85835219706
32.9040845,33.4761744,0.2235260000000005,-0.6565690000000337,0.093421000000055,0.0925620801229783,-0.2527744522068179,5.78158318705378,0.0043951200000004,-0.00201736,0.0142490800000007,5.787846474396853,1.0,175.95,2659.82,274171.63967036095,8798.264544217276
33.0151465,33.5872364,0.4385260000000004,-0.5415690000000339,-0.131578999999945,0.1752672542782498,-0.3218128749961684,4.367999051857011,0.0027951200000004,0.0003826399999999,0.0122490800000007,4.38334322794363,1.0,53.76,206.74,920059.5238095238,231849.66624746055
33.125803399999995,33.6978933,0.3685260000000006,-0.4315690000000336,-0.136578999999945,0.2214671534689755,-0.34805086951386,3.2911471292424443,0.0031951200000004,-1.7360000000013996e-05,0.0130490800000007,3.3169016467413965,1.0,46.43,180.35,1066889.941847943,267238.7025228722
33.2357991,33.807889,0.4535260000000005,-0.1565690000000337,1.7234210000000552,0.2769424970349812,-0.3022757454161006,2.916370873403828,-0.0028048799999995,-0.02081736,0.0074490800000007,2.9450444553807733,1.0,60.61,494.62,814946.3784853985,91087.70369172294
33.3466212,33.9187111,0.2185260000000006,-0.1115690000000337,5.533421000000056,0.2629776114407367,-0.2566859203331053,3.5419956107179225,-0.0012048799999995,-0.06321736,0.0058490800000007,3.5610079741782883,1.0,152.98,2304.01,316840.1098182769,11701.294699241753
33.4574647,34.0295546,-0.4164739999999995,-0.0215690000000337,8.938421000000055,0.1005497956319061,-0.2004795221343858,4.8320500817019365,0.0059951200000004,-0.10961736,0.0006490800000007,4.837252349451344,1.0,185.73,2978.98,259207.99009314599,6784.268440875736
33.5674668,34.1395567,-0.4964739999999996,0.2634309999999662,10.598421000000055,-0.0421730553813722,-0.0895783607091629,6.2105427037397,0.0035951200000004,-0.12801736,0.0006490800000007,6.21133186396299,1.0,194.04,3189.15,247678.82910740055,5678.158757035574
33.6774418,34.2495317,-0.3564739999999995,-0.2365690000000337,10.993421000000057,-0.1173089665801179,-0.1247175348347986,7.353924310111519,0.0083951200000004,-0.13001736,0.0074490800000007,7.355917251844568,1.0,199.41,3256.11,240739.68206208313,5355.746581043024
33.7879546,34.3600445,-0.3464739999999993,-0.936569000000034,10.258421000000055,-0.1720925232181253,-0.3187964920814691,8.048265224782707,0.0163951200000004,-0.12121736,0.0158490800000007,8.056414845845369,1.0,198.92,3270.28,241357.32957973055,5289.210709786316
33.8986305,34.4707204,0.2735260000000004,-0.831569000000034,9.243421000000057,-0.0655641962681051,-0.4413784641683709,8.333975846188446,0.0135951200000004,-0.09961736,0.0302490800000007,8.345913192534196,1.0,197.46,3239.98,243215.8411830244,5432.194025889048
34.0095122,34.5816021,0.5235260000000004,-0.3115690000000339,9.143421000000057,0.0752620705080235,-0.4103465740658971,8.527479557323776,0.0047951200000004,-0.09401736,0.0230490800000007,8.537678624232683,1.0,195.5,3214.08,245754.47570332483,5556.551174830746
34.1203311,34.692421,0.6035260000000005,-0.3515690000000335,8.003421000000055,0.2015473788260479,-0.3962953703991402,8.402199573600544,0.0027951200000004,-0.08161736,0.0210490800000007,8.413954423523139,1.0,194.04,3196.97,247678.82910740055,5639.80894409394
34.2399667,34.8120566,0.4285260000000006,-0.8165690000000339,4.848421000000055,0.2558082578228752,-0.4967648174483166,7.552643134468459,0.0079951200000004,-0.05081736,0.0218490800000007,7.573284060779603,1.0,190.13,3066.47,252977.96244674697,6305.393498061289
34.3499613,34.9220512,0.4685260000000006,-0.6215690000000336,2.628421000000055,0.306659970680473,-0.5266001588241316,6.375472262560145,0.0043951200000004,-0.02881736,0.0146490800000007,6.404529228254418,1.0,173.51,2662.76,278167.8289435768,8777.50905075936
34.459959399999995,35.0320493,0.3435260000000006,-0.4865690000000338,1.003421000000055,0.3154730612951495,-0.5170304211377242,5.091244602638238,-0.0008048799999995,-0.01201736,0.0102490800000007,5.127144947500292,1.0,149.07,2082.6,325412.89327161736,14008.450974743111
34.5707848,35.1428747,0.4435260000000003,-0.4415690000000338,-0.271578999999945,0.3460850412971208,-0.498990823310831,3.8092228814776847,0.0027951200000004,0.0019826399999999,0.0110490800000007,3.8573236393037087,1.0,68.43,519.55,720673.6811340054,86237.12828409202
34.6808158,35.2529057,0.3835260000000007,-0.4515690000000336,-0.0565789999999449,0.3550355729339537,-0.4876542938915952,2.885075016662668,0.0003951200000004,-0.00041736,0.0106490800000007,2.947459044697745,1.0,50.83,199.9,973671.0603974032,240125.06253126563
34.7916312,35.3637211,0.3635260000000007,-0.4415690000000338,-0.106578999999945,0.3570652708556319,-0.4766372714845959,2.16989851343554,0.0003951200000004,-0.00041736,0.0094490800000007,2.250141829936338,1.0,49.36,184.75,1002965.9643435981,260635.9945872801
34.9016555,35.4737454,0.1985260000000006,-0.1265690000000336,1.923421000000056,0.3191653129316218,-0.3929509224293037,2.1109762833911865,-0.0052048799999995,-0.01361736,0.0082490800000007,2.170828826383335,1.0,58.16,416.42,849697.386519945,110071.0820805917
35.0116284,35.5837183,-0.1314739999999994,-0.7465690000000336,5.103421000000055,0.2114367299323603,-0.4774858782719113,2.826341809152176,0.0055951200000004,-0.03161736,0.0102490800000007,2.874179235342706,1.0,116.32,1568.91,419848.6932599725,21869.25954962362
35.1224719,35.6945618,-0.0364739999999996,-0.2965690000000338,6.808421000000055,0.1521718791314311,-0.4342363916479234,3.778286604714165,-0.0016048799999995,-0.03721736,0.0090490800000007,3.80620114970193,1.0,146.14,2101.66,332137.6762009033,13790.71781353787
35.2333765,35.8054664,0.3235260000000006,-0.0315690000000337,2.093421000000056,0.1931353195205216,-0.3379758429620212,3.3755073110940668,-0.0096048799999995,-0.01121736,0.0126490800000007,3.3978785336326665,1.0,145.65,2060.12,333288.7058015791,14270.43084868843
35.3433156,35.9154055,0.3385260000000003,-0.4765690000000335,-0.0565789999999449,0.2278920119348145,-0.3711075382949686,2.5550422863716835,0.0003951200000004,-0.00041736,0.0110490800000007,2.591890556954612,1.0,75.27,606.06,654275.2756742395,72500.0825000825
35.4532984,36.0253883,0.4985260000000004,-0.2915690000000339,0.0134210000000549,0.292589021736366,-0.3520932761601291,1.947449358181856,-0.0012048799999995,-0.00081736,0.0090490800000007,2.0005341820225766,1.0,45.94,167.16,1078376.14279495,289114.6207226609
35.5635249,36.1356148,0.3085260000000005,0.0284309999999663,1.898421000000055,0.2963988715128143,-0.2611261991848299,1.935728774996724,-0.0064048799999995,-0.02401736,0.0062490800000007,1.975622705195783,1.0,65.49,595.8,753475.3397465262,73920.77878482713
35.6741481,36.246238,0.0535260000000006,0.1034309999999663,7.433421000000056,0.2383383571586056,-0.1739761673004238,3.249991814572088,-0.0084048799999995,-0.09201736,0.0002490800000007,3.263360181479693,1.0,166.67,2605.08,289994.0001199976,9193.268536858754
35.7850164,36.3571063,-0.2464739999999996,0.5934309999999663,10.733421000000057,0.1224404610841161,0.0094780594933503,5.038959618727692,-0.0096048799999995,-0.13201736,-0.0017509199999992,5.040455886057388,1.0,192.08,3161.78,250308.2049146189,5813.876993339193
35.8953467,36.4674366,-0.4464739999999993,0.1584309999999662,12.123421000000056,-0.0135626504546234,0.0450863358995099,6.732551287311804,-0.0028048799999995,-0.15001736,0.0014490800000007,6.732715912576144,1.0,198.92,3280.06,241357.32957973055,5243.623592251361
36.0150549,36.5871448,-0.3414739999999994,0.3834309999999663,12.013421000000056,-0.0919522272673749,0.1259700719228559,7.99498133907683,-0.0084048799999995,-0.14801736,-0.0001509199999992,7.996502378121725,1.0,197.95,3314.76,242589.0376357666,5084.048317223568
36.1257874,36.6978773,-0.2564739999999994,0.3534309999999663,11.233421000000057,-0.1312823454803448,0.1803462498688804,8.769153733247874,-0.0104048799999995,-0.13561736,0.0034490800000007,8.771990482291447,1.0,197.46,3340.18,243215.8411830244,4969.25315402164
36.2358362,36.8079261,-0.0064739999999994,-0.2165690000000337,10.023421000000056,-0.1014460089263698,0.0854607922264752,9.068995383703417,-0.0016048799999995,-0.11961736,0.0106490800000007,9.069965386337971,1.0,198.44,3303.03,241965.32957065108,5137.616067671198
36.3458314,36.9179213,0.0735260000000006,0.0134309999999662,9.438421000000057,-0.0596176862628471,0.0682415500795512,9.157309245865958,-0.0092048799999995,-0.11041736,0.0066490800000007,9.15775757497952,1.0,199.41,3273.7,240739.68206208313,5273.238231969944
36.4566693,37.0287592,0.3485260000000005,-0.8815690000000338,10.353421000000056,0.037952010209381,-0.1588175229786149,9.443248400937366,0.0203951200000004,-0.11601736,0.0230490800000007,9.444660063892725,1.0,197.46,3258.55,243215.8411830244,5344.248208559022
36.5666979,37.1387878,0.3685260000000006,-0.1465690000000337,10.493421000000057,0.1169781104066345,-0.1558894250820235,9.694299746781311,0.0031951200000004,-0.11801736,0.0114490800000007,9.696258710018569,1.0,196.97,3280.06,243845.76331421032,5243.623592251361
36.6766461,37.248736,-0.0114739999999993,-0.4365690000000339,10.043421000000055,0.086270705525891,-0.2229879049861513,9.77775970427927,0.0079951200000004,-0.11841736,0.0130490800000007,9.78068254648056,1.0,199.9,3274.68,240125.06253126563,5268.667472852311
36.7883251,37.360415,0.0685260000000003,-0.6165690000000337,9.268421000000057,0.0820287054890823,-0.3170763088258245,9.655998607756814,0.0095951200000004,-0.10761736,0.0158490800000007,9.661551387181271,1.0,198.44,3274.19,241965.32957065108,5270.952510391882
36.8983244,37.4704143,0.2585260000000007,-0.706569000000034,8.783421000000056,0.1242216586896604,-0.4101873501945862,9.447402627461628,0.0119951200000004,-0.10001736,0.0186490800000007,9.45711906915188,1.0,196.97,3225.32,243845.76331421032,5502.337752533082
37.008346,37.5804359,0.3235260000000006,-1.086569000000034,8.223421000000055,0.1718668011768673,-0.5718812694982933,9.154800977850172,0.0175951200000004,-0.09241736,0.0226490800000007,9.17425568249524,1.0,196.97,3205.77,243845.76331421032,5596.876881373274
37.1192011,37.691291,0.4635260000000003,-0.5215690000000339,8.903421000000055,0.2415900394880432,-0.5598537580384867,9.094706778274006,0.0067951200000004,-0.10001736,0.0150490800000007,9.1151244292304,1.0,192.57,3174.49,249645.84307005248,5750.561507517744
37.2291735,37.8012634,0.5585260000000005,-1.021569000000034,9.413421000000056,0.3173558702704184,-0.6702301218805513,9.170897715245076,0.0163951200000004,-0.10561736,0.0194490800000007,9.200830835753829,1.0,196.97,3228.74,243845.76331421032,5485.917106982912
37.3391891,37.911279,0.4535260000000005,-0.4015690000000338,9.573421000000057,0.3499083234222795,-0.606004739991662,9.267123814137255,0.0059951200000004,-0.10801736,0.0138490800000007,9.293506408575958,1.0,197.95,3235.09,242589.0376357666,5455.520557387892
37.4521634,38.0242533,0.4335260000000005,-0.3415690000000337,9.363421000000056,0.369897733029726,-0.5427894661658256,9.290144352031138,0.0031951200000004,-0.10641736,0.0118490800000007,9.313335966186186,1.0,196.97,3236.56,243845.76331421032,5448.500877474851
37.5641708,38.1362607,0.3985260000000004,-0.6565690000000337,8.923421000000054,0.3767415270484253,-0.5699892856279497,9.202476485661382,0.0063951200000004,-0.10041736,0.0170490800000007,9.227805558911832,1.0,197.95,3231.67,242589.0376357666,5471.876769595905
37.6741669,38.2462568,0.4835260000000003,-0.6115690000000338,8.793421000000055,0.4022691266769594,-0.5799292167042656,9.104688816956465,0.0031951200000004,-0.09881736,0.0146490800000007,9.132003985997637,1.0,196.48,3230.69,244478.8273615635,5476.570020645743
37.7841937,38.3562836,0.6535260000000005,-0.5165690000000336,8.663421000000055,0.462333897226668,-0.5647824992115803,8.999200557766114,0.0019951200000004,-0.09601736,0.0138490800000007,9.028750887184694,1.0,195.99,3220.43,245115.05689065767,5525.8769791611685
37.8950347,38.4671246,0.3985260000000004,-0.8765690000000339,8.538421000000055,0.4470801584712247,-0.6393173144493597,8.889047875989998,0.0087951200000004,-0.09641736,0.0190490800000007,8.923215756569808,1.0,195.99,3214.56,245115.05689065767,5554.228261410583
38.0058616,38.5779515,0.3435260000000006,-0.9315690000000336,7.913421000000055,0.4223247888537527,-0.7091821909926477,8.655817223735873,0.0099951200000004,-0.09081736,0.0194490800000007,8.695083059869187,1.0,195.99,3209.68,245115.05689065767,5577.876922310013
38.1158706,38.6879605,0.3185260000000003,-0.9865690000000338,6.678421000000055,0.3975109385762225,-0.7754935114201816,8.183106372511329,0.0091951200000004,-0.07721736,0.0186490800000007,8.22937634553057,1.0,190.13,3138.32,252977.96244674697,5932.091055086797
38.2263355,38.7984254,0.0985260000000005,-1.066569000000034,5.323421000000055,0.3260364292587787,-0.8450772095812057,7.499477926958686,0.0099951200000004,-0.06481736,0.0198490800000007,7.553980700286302,1.0,189.15,3043.99,254340.47052603753,6425.809546023477
38.3458519,38.9179418,0.3235260000000006,-0.8415690000000338,3.5384210000000555,0.3254362930101042,-0.8442385467388863,6.552558655436071,0.0007951200000004,-0.04241736,0.0170490800000007,6.614731471309937,1.0,179.37,2800.1,268753.41472933046,7856.50512481697
38.4487293,39.0208192,0.2135260000000003,-0.8365690000000339,2.408421000000055,0.2986833290696501,-0.8424050861891439,5.56187261326703,0.0015951200000004,-0.03001736,0.0170490800000007,5.633230425476246,1.0,167.16,2499.51,289114.6207226609,10003.920768470618
38.5595371,39.131627,0.2585260000000007,-0.3215690000000337,0.4784210000000549,0.289083429474639,-0.7178954574685181,4.346636784240153,-0.0024048799999995,-0.00801736,0.0102490800000007,4.414996540333902,1.0,127.08,1657.87,383452.94302801386,20159.180152846726
38.6704491,39.242539,0.3385260000000003,-0.4765690000000335,-0.096578999999945,0.3009030331126075,-0.6602046245622993,3.2844539549565286,0.0003951200000004,-0.00121736,0.0090490800000007,3.363636508878359,1.0,50.34,244.87,983245.9276916964,194189.9783558623
38.7817115,39.3538014,0.2735260000000004,-0.4915690000000337,-0.086578999999945,0.2943583555860097,-0.6198910603525897,2.4785841760444995,0.0003951200000004,-0.00121736,0.0098490800000007,2.571826449421996,1.0,47.41,174.0,1044629.8249314493,277356.3218390804
38.9008757,39.4729656,0.2935260000000004,-0.456569000000034,-0.076578999999945,0.2941593749705615,-0.5808477420503304,1.8677539613070464,-4.879999999594584e-06,-0.00161736,0.0082490800000007,1.9779834926778843,1.0,49.36,232.16,1002965.9643435981,205368.711233632
39.0108805,39.5829704,0.0935260000000006,-0.6065690000000339,1.253421000000055,0.246196517386457,-0.5869965945635609,1.7208932292044643,0.0063951200000004,-0.01241736,0.0102490800000007,1.834843653700284,1.0,65.98,604.59,747805.3955744164,72700.67318347971
39.1224181,39.694508,0.3085260000000005,-0.4915690000000337,3.5334210000000548,0.2610968304491414,-0.5641839387513576,2.154191085808128,-0.0024048799999995,-0.02681736,0.0078490800000007,2.2421004227711983,1.0,159.82,2392.96,302851.95845325995,10894.624231077827
39.2325722,39.8046621,0.3185260000000003,-0.1015690000000337,5.733421000000055,0.2748256882762372,-0.4535924958926375,3.009831851759172,-0.0008048799999995,-0.04121736,0.0070490800000007,3.0562007602791192,1.0,178.4,2813.29,270269.05829596415,7772.785599778196
39.3425572,39.9146471,0.2435260000000005,-0.5665690000000339,7.608421000000055,0.2673432716970401,-0.4806003452977931,4.109157806063877,0.0047951200000004,-0.05441736,0.0078490800000007,4.145796303722329,1.0,185.73,2999.02,259207.99009314599,6672.112890210802
39.4541951,40.026285,0.1185260000000005,-0.3615690000000338,8.638421000000056,0.2317674278998283,-0.4521450423682656,5.191910890208337,0.0047951200000004,-0.06041736,0.0090490800000007,5.216712563658978,1.0,190.13,3118.28,252977.96244674697,6034.4805469682
39.5642127,40.1363026,0.2735260000000004,-0.3365690000000338,6.798421000000055,0.2417501162080422,-0.4245157545638048,5.575958736757647,0.0019951200000004,-0.04561736,0.0102490800000007,5.597318338149386,1.0,192.08,3157.87,250308.2049146189,5833.45736208267
39.6742328,40.2463227,0.3635260000000007,-0.1815690000000336,1.7584210000000553,0.2708615208900856,-0.3664375779325624,4.6633487643793465,-0.0020048799999995,-0.01161736,0.0098490800000007,4.6855591086078885,1.0,183.77,2895.41,262079.22947162212,7268.711512359218
39.7850432,40.3571331,0.4035260000000007,-0.4165690000000339,-0.106578999999945,0.30257592293786,-0.3784218565076678,3.523063076203296,0.0007951200000004,-0.00081736,0.0098490800000007,3.5562239425451594,1.0,128.05,1602.64,380472.47169074573,21198.522437977335
39.8959078,40.4679977,0.3585260000000003,-0.4665690000000337,-0.0565789999999449,0.3159511930211394,-0.3994940679001657,2.667323779946149,0.0003951200000004,-0.00121736,0.0078490800000007,2.715517780042163,1.0,45.94,153.96,1078376.14279495,314759.67783839954
40.0058742,40.5779641,0.3135260000000004,-0.4415690000000338,-0.0465789999999449,0.3153714331107858,-0.4095523843515684,2.0185457162229072,0.0003951200000004,-0.00161736,0.0098490800000007,2.08367922311287,1.0,44.97,160.31,1101852.34600845,301895.7020772254
40.1158762,40.6879661,0.3335260000000004,-0.7365690000000338,1.103421000000055,0.319711413467176,-0.487728068563054,1.799778542305153,0.0055951200000004,-0.01201736,0.0106490800000007,1.8919029726990464,1.0,66.47,637.83,742219.0461862495,68390.79378517787
40.2259042,40.7979941,0.4385260000000004,-0.2815690000000337,2.153421000000056,0.3481148986481648,-0.4384442540102128,1.8843193263925568,0.0023951200000004,-0.01921736,0.0090490800000007,1.965725481940928,1.0,133.92,1885.14,363357.22819593793,16523.229043996733
40.3367871,40.908877,0.3185260000000003,-0.4115690000000336,3.448421000000055,0.3410414586876366,-0.4320195304027074,2.258229129929996,0.0067951200000004,-0.03321736,0.0082490800000007,2.3243383906947703,1.0,155.91,2289.35,310697.8384965685,11840.260335903205
40.4484266,41.0205165,0.2735260000000004,0.0684309999999661,6.198421000000055,0.3249014005829682,-0.3123832160501479,3.2001604588823502,0.0031951200000004,-0.05681736,0.0018490800000007,3.2317442900645315,1.0,170.09,2646.14,283962.0201070022,8895.447708738011
40.5592614,41.1313513,0.1385260000000006,0.1934309999999661,9.763421000000056,0.280347014770274,-0.1914646738983908,4.769155301675532,0.0171951200000004,-0.09161736,-0.0009509199999992,4.7812232181254055,1.0,184.26,2951.12,261355.69304244005,6942.720052048037
40.6697715,41.2418614,0.3085260000000005,0.8034309999999663,12.543421000000055,0.287083404743459,0.046372323686035,6.627649675128801,0.0139951200000004,-0.11481736,-0.0025509199999992,6.634026491499566,1.0,191.59,3138.32,250973.954799311,5932.091055086797
40.7800512,41.3521411,0.2885260000000005,0.6034309999999663,13.948421000000057,0.2874282675602818,0.1795412242338885,8.377732942741263,0.0135951200000004,-0.13161736,-0.0077509199999992,8.3845846241829,1.0,195.5,3239.0,245754.47570332483,5436.863229391788
40.8904691,41.462559,0.3935260000000005,0.4834309999999662,15.323421000000057,0.3127916969087106,0.2521882703122016,10.038149845775465,0.0179951200000004,-0.13921736,0.0022490800000007,10.04618782900161,1.0,198.92,3303.03,241357.32957973055,5137.616067671198
41.0012685,41.5733584,0.5635260000000004,0.4984309999999663,16.848421000000055,0.3727315432696751,0.3110543736056759,11.666194359940352,0.0243951200000004,-0.14961736,0.0054490800000007,11.676291126491812,1.0,198.92,3358.26,241357.32957973055,4888.6625812176535
41.1121456,41.6842355,0.8535260000000005,0.6984309999999663,18.643421000000053,0.4876689312230359,0.4036595544031698,13.334150789015556,0.0299951200000004,-0.15881736,0.0058490800000007,13.3491699849296,1.0,202.35,3433.04,237096.61477637757,4564.351129028499
41.232126,41.8042159,0.9835260000000006,0.9884309999999664,18.338421000000054,0.6062071453925911,0.5434533926343486,14.530457731851184,0.0243951200000004,-0.15081736,0.0026490800000007,14.553248111339428,1.0,205.28,3463.34,233569.75837879968,4436.930824002263
41.335071,41.9071609,0.5785260000000005,0.7484309999999663,17.053421000000053,0.5995897676286746,0.5924547703535349,15.1335903260066,0.0239951200000004,-0.15161736,-0.0037509199999992,15.157046767090224,1.0,205.28,3466.28,233569.75837879968,4424.685830342614
41.4454564,42.0175463,0.5585260000000005,0.8334309999999663,16.948421000000053,0.5897731773483692,0.6500618787689825,15.567438708254988,0.0263951200000004,-0.14921736,0.0018490800000007,15.59216344136451,1.0,205.28,3447.7,233569.75837879968,4502.421904458045
41.556789,42.1288789,0.7185260000000004,1.3184309999999662,17.398421000000052,0.6205524696635074,0.8098403452375769,16.0051482513999,0.0211951200000004,-0.14921736,-0.0001509199999992,16.03763378125555,1.0,204.3,3460.9,234738.13020068526,4447.109133462394
41.667601,42.2396909,0.8085260000000005,0.9284309999999664,17.318421000000054,0.6654888999380489,0.8381902979112472,16.31909558852383,0.0283951200000004,-0.14481736,0.0042490800000007,16.354152967330077,1.0,204.3,3468.23,234738.13020068526,4416.575601964115
41.7785582,42.3506481,1.0585260000000003,0.7534309999999662,17.213421000000054,0.7594472578548552,0.8179279754773852,16.53289053839582,0.0263951200000004,-0.13881736,0.0062490800000007,16.570523101734288,1.0,204.79,3461.39,234152.54651106012,4445.063977188355
41.890068,42.4621579,1.1485260000000006,0.5334309999999662,16.698421000000053,0.8524593417180126,0.7499169183941153,16.57246179096992,0.0267951200000004,-0.13201736,0.0094490800000007,16.611307959547737,1.0,205.77,3473.61,232989.74583272586,4394.246907396051
42.0004737,42.5725636,1.0685260000000003,0.2134309999999661,15.823421000000057,0.904111637161744,0.6216660842365798,16.39339817910951,0.0287951200000004,-0.12241736,0.0130490800000007,16.430075788978346,1.0,205.28,3469.21,233569.75837879968,4412.503134719432
42.1126069,42.6846968,0.6185260000000006,-0.2565690000000338,12.453421000000056,0.8358403276387681,0.411717643321476,15.451518173582134,0.0251951200000004,-0.09921736,0.0150490800000007,15.479585082929985,1.0,205.77,3427.18,232989.74583272586,4589.254138971399
42.2226203,42.7947102,0.4935260000000006,-0.8865690000000337,6.463421000000055,0.7540076148712849,0.1013528429181959,13.302848617722528,0.0275951200000004,-0.05161736,0.0194490800000007,13.324585593109214,1.0,195.99,3217.99,245115.05689065767,5537.64927796544
42.3329674,42.9050573,0.3685260000000006,-0.2265690000000335,1.7384210000000553,0.6618554502671911,0.0229607575888638,10.538288658783028,0.0023951200000004,-0.01481736,0.0074490800000007,10.559077028285778,1.0,179.86,2802.05,267993.9953297009,7844.078442568832
42.4446633,43.0167532,0.2135260000000003,-0.2815690000000337,0.0984210000000549,0.5546790566234103,-0.0498392807671739,8.042562881411355,-0.0016048799999995,-0.00321736,0.0082490800000007,8.061821786123764,1.0,117.79,1424.73,414484.25163426436,25094.368757589156
42.5559681,43.128058,0.1985260000000006,-0.456569000000034,-0.136578999999945,0.4695380957265578,-0.1470709582069362,6.087279931723269,0.0015951200000004,-0.00161736,0.0098490800000007,6.1071329490397765,1.0,47.9,194.53,1033841.3361169102,247029.7640466766
42.6663022,43.2383921,0.3135260000000004,-0.4665690000000337,-0.096578999999945,0.432242277272482,-0.2234492730270457,4.6089837843053605,-4.879999999594584e-06,-0.00121736,0.0094490800000007,4.634597554035062,1.0,47.9,193.55,1033841.3361169102,248331.1805734952
42.7771461,43.349236,0.2935260000000004,-0.3815690000000338,-0.076578999999945,0.3990811491581122,-0.2612489359552883,3.488866154035768,-4.879999999594584e-06,-0.00121736,0.0106490800000007,3.521321316058428,1.0,46.92,194.04,1055643.6487638534,247678.82910740055
42.8882659,43.4603558,0.2935260000000004,-0.4065690000000337,-0.076578999999945,0.3738474282625619,-0.2959887470007525,2.636520734575808,0.0003951200000004,-0.00121736,0.0082490800000007,2.679293343741548,1.0,46.92,205.77,1055643.6487638534,232989.74583272586
42.9995954,43.5716853,0.3835260000000007,-0.5665690000000339,0.748421000000055,0.3761611607506309,-0.3606729110466383,2.185156854128051,0.0043951200000004,-0.01121736,0.0082490800000007,2.246439993581604,1.0,45.94,161.29,1078376.14279495,300000.62000124
43.1104973,43.6825872,0.3235260000000006,-0.5065690000000338,2.963421000000056,0.3635783453572829,-0.395550425007495,2.371206520075956,0.0071951200000004,-0.03921736,0.0098490800000007,2.431310287229311,1.0,100.68,1308.9,486622.9638458482,28200.015280006108
43.2217789,43.7938688,0.2735260000000004,-0.0865690000000336,4.783421000000055,0.3420506816965401,-0.3216861833979372,2.9478638164001114,0.0031951200000004,-0.06321736,0.0022490800000007,2.9850262560787018,1.0,154.94,2304.5,312705.5634439138,11696.680407897593
43.3321699,43.9042598,0.4535260000000005,-0.1215690000000337,5.833421000000056,0.3686996617912831,-0.2738467251380435,3.637677105281391,0.0047951200000004,-0.07521736,0.0034490800000007,3.666555085057667,1.0,170.58,2608.99,283117.59878063074,9164.504271768004
43.4430165,44.0151064,0.5735260000000006,0.0984309999999661,6.613421000000055,0.4176648775258029,-0.184851045754448,4.349050178929291,0.0011951200000004,-0.08321736,-0.0001509199999992,4.372968250271211,1.0,176.93,2761.0,272597.6374837506,8109.3806591814555
43.5626432,44.1347331,0.7985260000000005,-0.0615690000000337,7.263421000000055,0.5087124800457349,-0.1553795821753519,5.045751575986469,0.0003951200000004,-0.08761736,0.0030490800000007,5.073710690262227,1.0,181.82,2852.88,264997.25002749974,7526.1490143293795
43.6725957,44.2446856,0.7235260000000006,-0.1015690000000337,7.668421000000055,0.5600652037200409,-0.1425157737996455,5.6727196469398,0.0031951200000004,-0.09201736,0.0050490800000007,5.702081371830508,1.0,184.26,2918.38,261355.69304244005,7132.7928508281975
43.7834577,44.3555476,0.7535260000000006,-0.1965690000000337,8.213421000000055,0.6063134045562409,-0.1554375879823108,6.280092658426304,0.0083951200000004,-0.09921736,0.0074490800000007,6.311207537921907,1.0,185.24,2961.88,259920.1036493198,6881.17006765973
43.8943275,44.4664174,0.6185260000000006,0.0484309999999663,8.558421000000056,0.6092329137161067,-0.1067013293578363,6.8247435062364685,0.0075951200000004,-0.10241736,0.0074490800000007,6.852712881972992,1.0,187.68,3045.94,256410.9121909633,6415.293800928448
44.0043182,44.5764081,0.6635260000000005,-0.2165690000000337,8.648421000000056,0.6222120681843899,-0.1329659896661335,7.26070678465689,0.0107951200000004,-0.10321736,0.0098490800000007,7.288531458734659,1.0,189.64,3060.61,253657.4562328623,6336.612636043142
44.1159522,44.6880421,0.5885260000000003,-0.2565690000000338,8.638421000000056,0.6141591702498694,-0.1625141821464789,7.590059319905805,0.0139951200000004,-0.10201736,0.0122490800000007,7.616600476950968,1.0,188.66,3095.8,255027.03275734125,6150.914141740423
44.2259716,44.7980615,0.6885260000000006,-0.4515690000000336,7.683421000000056,0.6319370980986645,-0.2316148243738429,7.612378103940766,0.0175951200000004,-0.08801736,0.0170490800000007,7.642073692407048,1.0,190.62,3097.75,252301.9620186759,6140.7473166007585
44.3368006,44.9088905,0.6185260000000006,-0.7015690000000336,5.798421000000055,0.6287310782216273,-0.3439607648232898,7.178738554923815,0.0183951200000004,-0.06561736,0.0178490800000007,7.21442298568702,1.0,186.22,2971.16,258499.62410052627,6828.444109371426
44.4467696,45.0188595,0.7035260000000005,-0.3365690000000338,5.688421000000055,0.6466113445621439,-0.3421937100470591,6.822467377945471,0.0135951200000004,-0.06161736,0.0186490800000007,6.861578818992199,1.0,183.28,2888.56,262806.63465735485,7309.662946243112
44.5576488,45.1297387,0.7285260000000005,-0.2565690000000338,5.548421000000055,0.6661936346641439,-0.321724504590747,6.517897388082586,0.0119951200000004,-0.05881736,0.0150490800000007,6.55974900261397,1.0,182.8,2913.98,263522.9759299781,7158.6627224620615
44.6676162,45.2397061,0.6535260000000005,-0.3215690000000337,5.273421000000055,0.6631653450916193,-0.3216873300950323,6.220396317898518,0.0115951200000004,-0.05521736,0.0162490800000007,6.263912624310751,1.0,183.28,2894.43,262806.63465735485,7274.558375915121
44.7786304,45.3507203,0.5835260000000004,-0.1215690000000337,5.428421000000055,0.6441269843638433,-0.2738475977089147,6.031068897233519,0.0099951200000004,-0.05961736,0.0130490800000007,6.071547094599048,1.0,181.82,2891.01,264997.25002749974,7294.9937910972285
44.8885974,45.4606873,0.5035260000000004,-0.3765690000000339,5.628421000000055,0.6105153034048932,-0.2984038909460262,5.934813008828206,0.0147951200000004,-0.06201736,0.0162490800000007,5.973590148945591,1.0,183.28,2915.93,262806.63465735485,7147.188032634528
45.0001439,45.5722338,0.1435260000000005,-0.0515690000000337,5.718421000000055,0.4988781370770302,-0.2393962272262302,5.8830829359862085,0.0075951200000004,-0.06921736,0.0038490800000007,5.909048551243737,1.0,184.75,2943.79,260635.9945872801,6984.907211451905
45.1110041,45.683094,0.2235260000000005,-1.001569000000034,2.563421000000055,0.4330532196721258,-0.4215991341971957,5.089493770243276,0.0111951200000004,-0.03161736,0.0146490800000007,5.125253921355442,1.0,178.4,2808.41,270269.05829596415,7803.6682678099005
45.2209782,45.7930681,0.2935260000000004,-0.4815690000000339,-0.106578999999945,0.3996982299191889,-0.4359353638163278,3.8473350401098334,-4.879999999594584e-06,-0.00161736,0.0090490800000007,3.892529412513558,1.0,79.67,693.06,617588.8038157399,62143.8259313768
45.3318075,45.9038974,0.3385260000000003,-0.4815690000000339,-0.076578999999945,0.385074566472633,-0.4468444141856648,2.909295043994192,-4.879999999594584e-06,-0.00161736,0.0082490800000007,2.968492884485692,1.0,48.88,198.92,1012913.2569558101,241357.32957973055
45.4426314,46.0147213,0.2535260000000003,-0.4515690000000336,-0.0665789999999449,0.3536269314017193,-0.4479738605531582,2.197890857221842,-4.879999999594584e-06,-0.00121736,0.0098490800000007,2.270783302433515,1.0,48.88,197.46,1012913.2569558101,243215.8411830244
45.553498,46.1255879,0.2485260000000004,-0.4315690000000336,-0.0365789999999449,0.328501794541927,-0.4440521601356078,1.6637246969126305,0.0003951200000004,-0.00121736,0.0086490800000007,1.7530190007684998,1.0,45.94,187.68,1078376.14279495,256410.9121909633
45.6634966,46.2355865,0.2535260000000003,-0.4515690000000336,-0.0465789999999449,0.3105782892607286,-0.4458491150039235,1.254864243597614,-4.879999999594584e-06,-0.00121736,0.0082490800000007,1.367451855448562,1.0,51.32,209.68,964279.0335151987,228458.6035864174
45.7738586,46.3459485,0.3135260000000004,-0.4415690000000338,-0.0465789999999449,0.3112829608060663,-0.4448259225943592,0.9437448350962928,0.0003951200000004,-0.00161736,0.0090490800000007,1.0887706355661153,1.0,45.94,191.59,1078376.14279495,250973.954799311
45.8935172,46.4656071,0.2935260000000004,-0.5015690000000339,-0.0565789999999449,0.3070380310560043,-0.4583907651380862,0.7046101963665904,0.0003951200000004,-0.00121736,0.0094490800000007,0.8949133896095158,1.0,47.41,180.84,1044629.8249314493,266487.502764875
46.003468,46.5755579,0.3335260000000004,-0.2865690000000336,0.4284210000000549,0.3133701713708422,-0.4173155310082955,0.6385851738919393,-0.0076048799999995,0.0015826399999999,0.0090490800000007,0.8247085188357915,1.0,46.92,165.69,1055643.6487638534,291768.3626048645
46.113493,46.6855829,0.3885260000000006,-0.6665690000000339,0.7334210000000551,0.3313367151010895,-0.4769013732807933,0.6612563631801714,-0.0060048799999995,0.0015826399999999,0.0070490800000007,0.8800448377539374,1.0,54.74,359.73,903408.8417975886,128993.13373919328
46.2243343,46.7964242,0.3485260000000005,-0.3215690000000337,1.2784210000000549,0.3354459378248763,-0.4397680473874358,0.8087940277690315,-0.0120048799999995,0.0023826399999999,0.0074490800000007,0.9798304404645846,1.0,101.66,1255.13,481835.5301987016,29836.510959024163
46.3343529,46.9064428,0.3635260000000007,-0.2115690000000338,2.023421000000055,0.3421586795272771,-0.3852154166883996,1.0991593794732364,-0.0228048799999995,0.0055826399999999,0.0074490800000007,1.2139253769133658,1.0,111.44,1465.3,438671.9310839914,24122.70524807207
46.4451943,47.0172842,0.3535260000000004,-0.6765690000000337,3.348421000000055,0.3448761195993792,-0.4548655954039042,1.636861617650455,-0.0352048799999996,0.0111826399999999,0.0066490800000007,1.73353921302327,1.0,135.39,1895.41,359303.4936110496,16379.51683276969
46.5559827,47.1280726,0.4135260000000005,-0.0715690000000337,5.633421000000055,0.3612873694091575,-0.3632357754872257,2.5922680075901976,-0.0712048799999996,0.0199826399999999,0.0078490800000007,2.64240841185916,1.0,162.27,2464.81,298128.4279287607,10285.539250489895
46.6660248,47.2381147,0.2785260000000007,-0.5515690000000337,7.058421000000055,0.341502666215986,-0.4082581932529059,3.659934142176265,-0.0780048799999996,0.0231826399999999,0.0082490800000007,3.698434364492396,1.0,179.86,2831.38,267993.9953297009,7659.233306726754
46.7759915,47.3480814,0.1885260000000004,-0.941569000000034,7.688421000000055,0.3049324891131735,-0.5357499940354506,4.622973025759766,-0.0820048799999996,0.0263826399999999,0.0090490800000007,4.663892309640966,1.0,184.26,2925.22,261355.69304244005,7092.731486862527
46.8860405,47.4581304,0.0685260000000003,-0.831569000000034,8.673421000000054,0.2484178101822279,-0.6064676642926176,5.591261872861185,-0.0936048799999996,0.0271826399999999,0.0106490800000007,5.629540280267959,1.0,187.68,3001.47,256410.9121909633,6658.503999706811
46.9962333,47.5683232,0.2285260000000004,-0.7165690000000338,9.133421000000055,0.2436625292674738,-0.6327881839226608,6.438040599382263,-0.0996048799999996,0.0307826399999999,0.0086490800000007,6.473651139285734,1.0,189.64,3063.05,253657.4562328623,6323.599027113498
47.1077298,47.6798197,0.2585260000000007,-0.7015690000000336,9.003421000000055,0.2472157493140104,-0.6492307348517949,7.051313315459227,-0.0988048799999996,0.0335826399999999,0.0110490800000007,7.085452395334944,1.0,190.62,3090.91,252301.9620186759,6176.465830451228
47.2178732,47.7899631,0.2635260000000006,-0.5265690000000338,8.883421000000055,0.2511148325593975,-0.6199075610748626,7.489291891881364,-0.0992048799999996,0.0343826399999999,0.0122490800000007,7.519098156375474,1.0,190.13,3107.04,252977.96244674697,6092.4867397909275
47.3285731,47.900663,0.3685260000000006,-0.3515690000000335,8.863421000000056,0.2791828202686377,-0.5557592896766268,7.817787381350849,-0.1052048799999996,0.0363826399999999,0.0114490800000007,7.842487550210301,1.0,191.59,3109.48,250973.954799311,6079.859011796185
47.4388947,48.0109846,0.4185260000000004,-0.981569000000034,8.978421000000056,0.3124938139443024,-0.6575521768130119,8.095245231854355,-0.0956048799999996,0.0387826399999999,0.0070490800000007,8.127916252819395,1.0,191.1,3118.77,251643.11878597594,6031.961318083731
47.5498725,48.1219624,0.5135260000000006,-0.8265690000000336,9.348421000000055,0.3605520101991649,-0.6979568693075999,8.394825951683456,-0.1016048799999996,0.0423826399999999,0.0082490800000007,8.431503086788878,1.0,192.57,3123.66,249645.84307005248,6006.863743173074
47.6618555,48.2339454,0.5235260000000004,-0.4065690000000337,9.553421000000055,0.3995121197217093,-0.628298494277099,8.671796467223114,-0.1100048799999996,0.0435826399999999,0.0098490800000007,8.703701678059668,1.0,192.57,3156.4,249645.84307005248,5840.831326828031
47.7722584,48.3443483,0.5035260000000004,-0.4915690000000337,9.543421000000055,0.4243773891580121,-0.5956123209895303,8.880164608059733,-0.1104048799999996,0.0439826399999999,0.0094490800000007,8.910228598166254,1.0,191.1,3175.46,251643.11878597594,5745.750222015078
47.8830847,48.4551746,0.4735260000000005,-0.6315690000000338,9.593421000000056,0.43612671961022,-0.604208024844042,9.050673700839564,-0.1096048799999996,0.0431826399999999,0.0082490800000007,9.081297720695696,1.0,192.08,3183.77,250308.2049146189,5704.6520320249265
47.995202,48.5672919,0.4835260000000003,-0.916569000000034,9.823421000000057,0.4474578599813454,-0.6788801723291606,9.235404524729528,-0.1060048799999996,0.0447826399999999,0.0070490800000007,9.271126876504033,1.0,194.04,3192.57,247678.82910740055,5661.363728908058
48.1052288,48.6773187,0.5585260000000005,-0.7265690000000335,9.703421000000056,0.4740095011658082,-0.690280531069408,9.347287243911762,-0.1072048799999996,0.0455826399999999,0.0078490800000007,9.384719017581956,1.0,195.99,3196.97,245115.05689065767,5639.80894409394
48.2157969,48.7878868,0.5635260000000004,-0.5365690000000336,8.608421000000055,0.4954090668444596,-0.6535346792150154,9.170655931022573,-0.1000048799999996,0.0419826399999999,0.0086490800000007,9.207250834296188,1.0,194.04,3184.26,247678.82910740055,5702.235370227304
48.3352265,48.9073164,0.5485260000000007,-0.8665690000000337,8.113421000000056,0.5081070534113378,-0.7044620724756706,8.917916283708092,-0.0888048799999996,0.0391826399999999,0.0062490800000007,8.960115536783498,1.0,192.08,3124.14,250308.2049146189,6004.404412094209
48.4452023,49.0172922,0.7385260000000005,-0.4365690000000339,8.838421000000055,0.5631903670501229,-0.6404202983451079,8.898912361894704,-0.1012048799999996,0.0451826399999999,0.0082490800000007,8.939684713274449,1.0,190.13,3139.3,252977.96244674697,5927.11751027299
48.5551835,49.1272734,0.3535260000000004,-0.5565690000000336,8.188421000000055,0.5130685855730284,-0.620375039766583,8.729064269520793,-0.0928048799999996,0.0383826399999999,0.0110490800000007,8.766109033367762,1.0,193.06,3150.05,248986.8434683518,5872.763924382151
48.6652245,49.2373144,0.4135260000000005,-0.7415690000000337,2.8034210000000552,0.4892722114349109,-0.6493473314183759,7.312496441401803,-0.0256048799999995,0.0123826399999999,0.0110490800000007,7.357556894731879,1.0,182.31,2905.18,264258.1317536065,7210.637550857435
48.7752383,49.3473282,0.4385260000000004,-0.4465690000000337,-0.286578999999945,0.4771409630205203,-0.600871706501099,5.495882564372136,0.0043951200000004,-0.00201736,0.0078490800000007,5.549183315374915,1.0,92.86,894.43,528444.9709239715,45901.52387554084
48.8852471,49.457337,0.2935260000000004,-0.5015690000000339,-0.0565789999999449,0.4332464797474555,-0.5771326771879273,4.168526518588287,0.0003951200000004,-0.00121736,0.0086490800000007,4.230531642177547,1.0,48.88,253.67,1012913.2569558101,187106.47691883155
48.9960962,49.5681861,0.2535260000000003,-0.4765690000000335,-0.0465789999999449,0.390283000833048,-0.5530922037233079,3.160875096088494,-4.879999999594584e-06,-0.00121736,0.0090490800000007,3.232547475232374,1.0,45.94,131.48,1078376.14279495,370285.9750532401
49.1060894,49.6781793,0.2735260000000004,-0.4415690000000338,-0.0365789999999449,0.3623713963767888,-0.5264317762730528,2.3965005972549687,0.0003951200000004,-0.00121736,0.0098490800000007,2.480253728275696,1.0,46.92,189.64,1055643.6487638534,253657.4562328623
49.2169545,49.7890444,0.3385260000000003,-0.2115690000000338,0.4184210000000549,0.3566709821230574,-0.4511615551588716,1.9236263806542608,-0.0080048799999995,0.0019826399999999,0.0074490800000007,2.007759794071743,1.0,49.36,199.9,1002965.9643435981,240125.06253126563
49.3268718,49.8989617,0.3385260000000003,-0.2315690000000339,1.128421000000055,0.3523332930742538,-0.398666368597023,1.7335267901547855,-0.0132048799999995,0.0039826399999999,0.0078490800000007,1.813336360150328,1.0,65.98,609.97,747805.3955744164,71971.24448743381
49.4372885,50.0093784,0.1335260000000007,-0.8065690000000336,2.168421000000055,0.3000258290861526,-0.4961784391637206,1.83749139252476,-0.0180048799999996,0.0083826399999999,0.0054490800000007,1.9268064664652649,1.0,123.17,1707.72,395943.0056020135,19278.804487855152
49.5485883,50.1206782,0.0335260000000006,-0.8065690000000336,3.578421000000056,0.2363171198520942,-0.570379544872214,2.253673190989449,-0.0352048799999996,0.0151826399999999,0.0046490800000007,2.3367116762939304,1.0,149.56,2157.87,324313.98769724526,13170.99732606691
49.6589598,50.2310497,0.1035260000000004,-0.7615690000000337,4.558421000000055,0.2045724434200985,-0.6160847651987108,2.804639803334341,-0.0456048799999996,0.0215826399999999,0.0050490800000007,2.878787027371791,1.0,166.67,2502.44,289994.0001199976,9980.499032943846
49.769784,50.3418739,0.1485260000000003,-0.8615690000000338,5.128421000000055,0.1911741362628363,-0.6747695448105093,3.3601564844879697,-0.0504048799999996,0.0247826399999999,0.0034490800000007,3.4325665454913143,1.0,172.04,2650.54,280630.0860265055,8864.080526986954
49.880619,50.4527089,0.1685260000000004,-0.7215690000000337,6.013421000000055,0.1857599356878862,-0.6859572926346098,3.994438533071047,-0.0604048799999996,0.0303826399999999,0.0034490800000007,4.0571644476787165,1.0,175.46,2744.38,274965.23424142256,8219.051297560833
49.9922695,50.5643594,-0.0114739999999993,-0.8915690000000336,7.248421000000055,0.1386097386205312,-0.7351102565392412,4.772326547292954,-0.0720048799999996,0.0367826399999999,0.0038490800000007,4.830600420538499,1.0,180.35,2841.64,267238.7025228722,7595.47303669712
50.1031865,50.6752764,0.0385260000000005,-0.8565690000000339,8.073421000000055,0.1146839979373293,-0.764145846534221,5.561477022033758,-0.0848048799999996,0.0411826399999999,0.0034490800000007,5.614899639420803,1.0,185.24,2961.39,259920.1036493198,6883.963274003087
50.2142241,50.786314,-0.0514739999999993,-0.5865690000000339,8.868421000000055,0.0749627282697211,-0.7216948186242169,6.352025868042466,-0.0940048799999996,0.0459826399999999,0.0046490800000007,6.393332108543973,1.0,189.15,3045.45,254340.47052603753,6417.93495214172
50.3248108,50.8969007,-0.0964739999999992,-0.5865690000000339,9.418421000000055,0.0339795399846617,-0.6893920155857982,7.085069774781577,-0.1024048799999996,0.0491826399999999,0.0050490800000007,7.118611499008392,1.0,191.59,3108.5,250973.954799311,6084.92842206852
50.4360618,51.0081517,-0.1114739999999994,-0.5165690000000336,10.423421000000054,-0.0007921794484175,-0.6480774253038386,7.883126750119645,-0.1176048799999996,0.0547826399999999,0.0070490800000007,7.90972138164099,1.0,191.1,3145.16,251643.11878597594,5897.442419463557
50.5552494,51.1273393,0.0335260000000006,-0.7265690000000335,10.833421000000056,0.0074118292498946,-0.6668414032275419,8.588415902330635,-0.1160048799999996,0.0591826399999999,0.0082490800000007,8.614268402115007,1.0,193.06,3190.13,248986.8434683518,5673.342465667543
50.6581799,51.2302698,-0.0364739999999996,-0.7165690000000338,11.423421000000056,-0.0030793952464378,-0.6787291444488057,9.266144349901634,-0.1240048799999996,0.0623826399999999,0.0058490800000007,9.290969478338267,1.0,195.5,3216.52,245754.47570332483,5544.750226953354
50.7689616,51.3410515,-0.1314739999999994,-0.7215690000000337,11.508421000000055,-0.0337730529854159,-0.6889703213767653,9.802176780441236,-0.1256048799999996,0.0627826399999999,0.0038490800000007,9.826417982045506,1.0,197.46,3230.21,243215.8411830244,5478.86979484306
50.8797844,51.4518743,-0.3164739999999995,-0.916569000000034,13.183421000000056,-0.1013547564908345,-0.7433794295859052,10.610487635918656,-0.1432048799999996,0.0691826399999999,0.0014490800000007,10.636979535327566,1.0,197.46,3256.11,243215.8411830244,5355.746581043024
50.991105,51.5631949,-0.4214739999999994,-1.0165690000000336,14.948421000000057,-0.1778815740684893,-0.8086873698085033,11.647501942144128,-0.1620048799999996,0.0783826399999999,0.0026490800000007,11.676896788476473,1.0,198.44,3305.47,241965.32957065108,5126.441928076795
51.110226,51.6823159,-0.4164739999999995,-0.4915690000000337,17.063421000000055,-0.2349188169862149,-0.7328779327661431,12.942216515415378,-0.1900048799999996,0.0899826399999999,0.0050490800000007,12.96507868263052,1.0,203.81,3400.29,235326.5296109121,4704.628134659103
51.2210857,51.7931756,-0.2764739999999994,-0.9015690000000338,18.20842100000005,-0.2448528836641243,-0.7732047509470009,14.201140738466346,-0.1960048799999996,0.1015826399999999,-0.0009509199999992,14.224281943045636,1.0,205.28,3416.91,233569.75837879968,4633.104178921892
51.3319317,51.9040216,-0.2614739999999993,-0.8465690000000337,18.29842100000005,-0.2488262815886888,-0.790743004637902,15.18062518214347,-0.2016048799999996,0.1023826399999999,-0.0025509199999992,15.203242086427537,1.0,205.28,3474.58,233569.75837879968,4390.22845926702
51.4419364,52.0140263,-0.3364739999999995,-0.4465690000000337,18.35342100000005,-0.2697791018079081,-0.708465722650201,15.939104941443864,-0.2020048799999996,0.0999826399999999,-0.0001509199999992,15.957122885354451,1.0,206.26,3464.81,232412.48909143798,4430.805729607108
51.5519442,52.1240341,-0.5664739999999995,-0.7665690000000336,19.428421000000053,-0.3407061604291653,-0.7223557308161338,16.773251150702496,-0.2092048799999996,0.1055826399999999,-0.0021509199999992,16.792255139025844,1.0,205.77,3495.11,232989.74583272586,4305.701394233656
51.6628177,52.2349076,-0.5664739999999995,-0.5465690000000338,20.13342100000005,-0.3946775933375522,-0.6803326429996375,17.576524025735914,-0.2260048799999996,0.1083826399999999,-0.0009509199999992,17.594113212523254,1.0,205.28,3502.44,233569.75837879968,4275.762040177704
51.7728231,52.344913,-0.3414739999999994,-0.2915690000000339,21.28342100000005,-0.3819588900281647,-0.5873958858633754,18.46268452461436,-0.2492048799999996,0.1235826399999999,0.0042490800000007,18.475974842368544,1.0,207.72,3534.7,230708.64625457345,4145.47203440179
51.8835803,52.4556702,-0.6214739999999996,-1.351569000000034,21.66842100000005,-0.4392167072308402,-0.7700769888868186,19.229038986047577,-0.2412048799999996,0.1231826399999999,-0.0025509199999992,19.249464153883903,1.0,208.7,3551.32,229578.34211787255,4079.2719326898164
51.9944307,52.5665206,-0.5314739999999993,-0.6465690000000339,20.90342100000005,-0.4612714794980738,-0.7405515119698042,19.62931210156673,-0.2436048799999996,0.1179826399999999,-0.0021509199999992,19.64869159767116,1.0,209.19,3555.23,229017.16143219083,4063.7877155627057
52.1044948,52.6765847,-0.3714739999999996,0.0034309999999662,21.09842100000005,-0.4398047433620264,-0.5626971182434052,19.980513196007955,-0.2564048799999996,0.1195826399999999,-0.0001509199999992,19.99327296455013,1.0,209.68,3555.23,228458.6035864174,4063.7877155627057
52.2145211,52.786611,-0.3114739999999996,-0.8265690000000336,20.29842100000005,-0.4091263521500045,-0.6257775976850726,20.05651135299448,-0.2416048799999996,0.1175826399999999,-0.0073509199999992,20.07044168987281,1.0,212.12,3561.09,225715.63266075807,4040.6448587370724
52.3252675,52.8973574,-0.1914739999999994,0.1984309999999662,21.268421000000053,-0.3570949851326885,-0.4287445786464284,20.34622710847464,-0.2668048799999996,0.12678264,-0.0017509199999992,20.35387668950939,1.0,210.17,3559.14,227902.65023552364,4048.3375197379146
52.4353156,53.0074055,0.1135260000000006,-0.2165690000000337,22.128421000000053,-0.2445896390539409,-0.3780224738972301,20.77227343211863,-0.2732048799999996,0.13718264,-0.0061509199999992,20.777152562875536,1.0,209.68,3574.29,228458.6035864174,3988.79217970562
52.5453058,53.1173957,-0.3214739999999993,0.0334309999999662,22.42342100000005,-0.2629694009207877,-0.2796615487823935,21.166992185467905,-0.2828048799999996,0.13438264,0.0002490800000007,21.17047287302169,1.0,210.17,3586.02,227902.65023552364,3943.0343389049694
52.6556914,53.2277813,-0.3864739999999993,0.0784309999999661,23.18342100000005,-0.2924940674798151,-0.1940569382748077,21.649034059478552,-0.2924048799999996,0.14078264,0.0014490800000007,21.65187951618209,1.0,211.63,3594.82,226261.3996125313,3908.9022537985206
52.7664658,53.3385557,0.0485260000000007,-0.0615690000000337,24.77342100000005,-0.2109707569525608,-0.1623847395889359,22.395941326965115,-0.3016048799999996,0.16038264,0.0070490800000007,22.39752364402825,1.0,212.61,3606.55,225172.3813555336,3863.6647211323825
52.886128,53.4582179,-0.0064739999999994,0.0284309999999663,24.893421000000053,-0.1620843299980917,-0.1167688586615929,22.99298188362497,-0.3060048799999996,0.1619826399999999,0.0006490800000007,22.993849660226328,1.0,209.19,3624.63,229017.16143219083,3794.511439788337
52.9969358,53.5690257,0.5535260000000006,0.0634309999999662,24.39842100000005,0.0089874886783805,-0.0736907807549221,23.328962256739462,-0.3008048799999996,0.16358264,-0.0049509199999992,23.329080373698734,1.0,211.63,3635.39,226261.3996125313,3753.682548502362
53.1069563,53.6790462,0.3435260000000006,1.1634309999999664,24.40342100000005,0.0889613363857798,0.2220521174206521,23.58581938078757,-0.3184048799999996,0.1579826399999999,-0.0045509199999992,23.5870323933588,1.0,211.63,3633.92,226261.3996125313,3759.2462134554426
53.2170148,53.7891047,0.4085260000000006,0.9334309999999664,24.47342100000005,0.165355577633479,0.3921123780253367,23.798006959548857,-0.3124048799999996,0.1599826399999999,-0.0069509199999992,23.801811482128645,1.0,212.61,3635.39,225172.3813555336,3753.682548502362
53.3277999,53.8998898,0.2985260000000007,0.6034309999999663,24.428421000000053,0.1971909290714824,0.4426296210918282,23.948711989784314,-0.3072048799999996,0.15638264,-0.0093509199999992,23.95361374017739,1.0,212.61,3639.3,225172.3813555336,3738.9058335394166
53.4377859,54.0098758,0.3985260000000004,0.3884309999999662,25.203421000000056,0.2453215321431149,0.42967304921008,24.248659242205804,-0.3020048799999996,0.1587826399999999,-0.0161509199999992,24.25370645134396,1.0,210.65,3640.76,227360.55067647758,3733.396323844471
53.5479381,54.120028,0.4935260000000006,1.0784309999999664,25.41842100000005,0.3046566031167503,0.5847633237212697,24.52829924031005,-0.3240048799999996,0.16318264,-0.0125509199999992,24.537160133413707,1.0,212.12,3640.76,225715.63266075807,3733.396323844471
53.6578141,54.229904,0.0885260000000003,1.3184309999999662,25.413421000000053,0.2529890211983565,0.7601518814653601,24.73989399073895,-0.3212048799999996,0.15838264,-0.0125509199999992,24.7528622385522,1.0,213.1,3649.07,224631.62834350072,3702.1213624293314
53.7678188,54.3399087,0.3535260000000004,0.9034309999999662,25.578421000000056,0.2770231122208841,0.7944037897436297,24.940349929495483,-0.3188048799999996,0.1627826399999999,-0.0113509199999992,24.954536136573427,1.0,212.12,3654.45,225715.63266075807,3681.9494041511034
53.8777904,54.4498803,0.3585260000000003,0.2184309999999663,23.47342100000005,0.2965069662896131,0.6567133337522069,24.589669972376107,-0.2868048799999996,0.1483826399999999,-0.0109509199999992,24.600224757797672,1.0,212.61,3657.87,225172.3813555336,3669.157187106158
53.9881924,54.5602823,0.4935260000000006,-0.6765690000000337,19.248421000000054,0.3436057894868789,0.3379825607562172,23.312805822426448,-0.2356048799999996,0.12758264,-0.0073509199999992,23.317787469314165,1.0,211.14,3601.66,226809.69972530074,3882.48751964372
54.0990396,54.6711295,0.7335260000000006,-1.1715690000000338,12.408421000000056,0.4368190324418409,-0.0228866442553533,20.706033861594666,-0.1512048799999996,0.0887826399999999,-0.0077509199999992,20.710653609751034,1.0,207.23,3519.55,231277.80726728754,4206.361608728388
54.2098542,54.7819441,0.7535260000000006,-1.061569000000034,7.603421000000056,0.5125301208044548,-0.2711911644330859,17.57375960885616,-0.0996048799999996,0.0575826399999999,-0.0061509199999992,17.583323308244736,1.0,199.41,3289.34,240739.68206208313,5200.6177531054855
54.3211879,54.8932778,0.7485260000000005,-0.2365690000000337,5.613421000000055,0.5689466404685053,-0.2629144859283277,14.7145542675793,-0.0840048799999996,0.0455826399999999,-0.0005509199999992,14.727896373893577,1.0,186.71,3004.89,257794.9761662471,6639.544209605011
54.4315594,55.0036493,0.8935260000000005,-0.7765690000000338,2.908421000000055,0.6465396809994399,-0.3857073079574069,11.892212827054022,-0.0368048799999995,0.0279826399999999,-0.0005509199999992,11.91601903365662,1.0,179.86,2800.59,267993.9953297009,7853.380894740037
54.5424146,55.1145045,0.8185260000000005,-0.4265690000000337,1.733421000000055,0.6876542529187362,-0.3954755906091522,9.46368025763955,-0.0248048799999996,0.0183826399999999,0.0042490800000007,9.496868606712503,1.0,161.78,2368.52,299061.6887130671,11110.229172647896
54.6534862,55.2255761,0.4635260000000003,-0.4315690000000336,1.1184210000000552,0.634074775043269,-0.4041039808487803,7.468685749196859,-0.0156048799999995,0.0087826399999999,0.0078490800000007,7.506438414317422,1.0,146.63,2049.36,330994.3394939644,14397.860795565442
54.7728145,55.3449044,0.2235260000000005,-0.7865690000000336,0.193421000000055,0.5359301247246563,-0.4955350064552876,5.729481157221161,0.0019951200000004,-0.00081736,0.0082490800000007,5.775788290109183,1.0,113.88,1435.0,429058.6582367404,24843.20557491289
54.8836669,55.4557568,0.3835260000000007,-0.3815690000000338,-0.236578999999945,0.499496817801163,-0.4682906093660968,4.303251380141537,0.0031951200000004,-0.00201736,0.0090490800000007,4.357380590045355,1.0,54.25,236.07,911658.9861751151,201801.5842758504
54.9936787,55.5657686,0.2735260000000004,-0.4415690000000338,-0.076578999999945,0.4454768614805804,-0.4619026156206364,3.256221289579169,0.0003951200000004,-0.00161736,0.0090490800000007,3.318852323792127,1.0,47.9,200.88,1033841.3361169102,238904.81879729193
55.1036636,55.6757535,0.2935260000000004,-0.4765690000000335,-0.076578999999945,0.4091519104097807,-0.4654087207507822,2.459491305503488,-4.879999999594584e-06,-0.00121736,0.0090490800000007,2.536357239229148,1.0,47.9,173.51,1033841.3361169102,278167.8289435768
55.2144529,55.7865428,0.4035260000000007,-0.4415690000000338,-0.0565789999999449,0.4078069958869362,-0.4597096632964542,1.8580065238605408,0.0003951200000004,-0.00121736,0.0082490800000007,1.956994574118896,1.0,46.92,183.77,1055643.6487638534,262079.22947162212
55.3253478,55.8974377,0.2435260000000005,-0.3565690000000339,0.293421000000055,0.3685344371182065,-0.4350531426874471,1.483981052424979,-0.0012048799999995,-0.00081736,0.0090490800000007,1.5897448324371448,1.0,45.45,175.46,1090110.0110011,274965.23424142256
55.4353372,56.0074271,0.4135260000000005,-0.2215690000000336,2.213421000000055,0.3792899952266338,-0.384018216251686,1.6583589410830026,0.0043951200000004,0.0011826399999999,0.0082490800000007,1.7439854553183878,1.0,106.55,1428.64,459263.25668700144,24998.320080636124
55.5469766,56.1190665,-0.0464739999999994,0.1034309999999663,5.538421000000056,0.2775080366143606,-0.26748995996336,2.585915804324884,0.0123951200000004,-0.00321736,0.0034490800000007,2.614483148946263,1.0,167.16,2587.98,289114.6207226609,9320.087481356117
55.6578093,56.2298992,-0.0614739999999995,0.5634309999999663,9.923421000000054,0.1964719320874349,-0.0688523022345994,4.33999942463199,0.0175951200000004,-0.00081736,0.0022490800000007,4.344989857919944,1.0,188.17,3046.92,255717.17064356702,6410.014046972024
55.7695014,56.3415913,0.0485260000000007,-0.0665690000000338,12.413421000000056,0.1611043883181175,-0.06830646234174,6.270009171478108,0.0267951200000004,0.0051826399999999,-0.0001509199999992,6.272450510538333,1.0,198.92,3286.41,241357.32957973055,5214.169869249426
55.8803282,56.4524181,0.2235260000000005,0.3684309999999662,14.573421000000057,0.1760267255000929,0.0360987828524457,8.254999749700712,0.0335951200000004,0.0171826399999999,0.0094490800000007,8.256955213501678,1.0,202.83,3363.64,236511.85722033228,4864.848794758061
55.9903468,56.5624367,-0.0664739999999994,0.8284309999999662,16.628421000000053,0.1180551753384632,0.2255115228610329,10.25672658592001,0.0383951200000004,0.0155826399999999,0.0026490800000007,10.259884635301004,1.0,204.3,3432.06,234738.13020068526,4568.509874535993
56.1011614,56.6732513,-0.2764739999999994,0.2834309999999662,17.798421000000054,0.0237401260486359,0.239357592258849,12.05962311387022,0.0551951200000004,0.0147826399999999,0.0026490800000007,12.062021609131266,1.0,207.72,3516.62,230708.64625457345,4218.198156184063
56.211994,56.7840839,0.1835260000000005,0.9084309999999662,18.08342100000005,0.0619380934476565,0.3993044235051824,13.49965551212035,0.0343951200000004,0.0207826399999999,0.0090490800000007,13.505701732822777,1.0,207.72,3523.46,230708.64625457345,4190.596742974235
56.3220203,56.8941102,-0.0314739999999993,1.3034309999999665,19.24342100000005,0.0396072577363977,0.615442412674662,14.87274414272376,0.0259951200000004,0.0171826399999999,0.0062490800000007,14.885525064071745,1.0,209.19,3554.74,229017.16143219083,4065.7263259760225
56.4320301,57.00412,0.2635260000000006,0.4884309999999663,14.343421000000056,0.0931366505763319,0.5850794169937779,14.746205621831349,0.0223951200000004,0.0179826399999999,0.0090490800000007,14.758101930844656,1.0,208.7,3537.15,229578.34211787255,4135.674200981014
56.542017,57.1141069,0.5435260000000004,-0.8565690000000339,6.003421000000055,0.2008054779933782,0.2404429490044934,12.656179803510138,0.0127951200000004,0.0123826399999999,0.0090490800000007,12.6600561953925,1.0,201.86,3354.35,237696.42326364806,4906.017559288684
56.6520197,57.2241096,0.5835260000000004,-0.0015690000000336,3.208421000000055,0.2922975834031147,0.1825882443948597,10.39762481459958,-0.0032048799999995,0.0075826399999999,0.0110490800000007,10.403334952284842,1.0,163.25,2428.15,296278.71362940274,10591.808578547454
56.7628778,57.3349677,0.2085260000000004,-0.7665690000000336,0.7934210000000551,0.272271381257295,-0.0443146512201549,8.101670515690238,0.0007951200000004,-0.00201736,0.0098490800000007,8.106365439466016,1.0,101.66,1080.16,481835.5301987016,36289.438601688635
56.8737112,57.4458011,0.2335260000000003,-0.6365690000000337,-0.196578999999945,0.2630090179861885,-0.185897331510829,6.117914025640604,0.0027951200000004,-0.00201736,0.0098490800000007,6.126385850281953,1.0,49.85,234.12,993009.0270812437,203565.69280710747
56.9848841,57.556974,0.2485260000000004,-0.4765690000000335,-0.0665789999999449,0.2595467479169067,-0.2553844935621446,4.63946629349131,0.0003951200000004,-0.00161736,0.0098490800000007,4.65373325861595,1.0,44.97,167.64,1101852.34600845,288258.1722739203
57.0961986,57.6682885,0.2485260000000004,-0.4815690000000339,-0.0565789999999449,0.2569121585177778,-0.3094555336949402,3.516842743679251,0.0003951200000004,-0.00161736,0.0082490800000007,3.5397668663766666,1.0,47.41,190.62,1044629.8249314493,252301.9620186759
57.2061959,57.7782858,0.3335260000000004,-0.3465690000000336,1.7184210000000553,0.2752272507526673,-0.3183277759084046,3.0869170347542094,0.0007951200000004,-0.02761736,0.0050490800000007,3.1154677645463424,1.0,50.83,245.85,973671.0603974032,193376.04230221678
57.3165547,57.8886446,0.0285260000000007,-0.1115690000000337,5.953421000000056,0.2162515346864505,-0.268900596982605,3.772175514154912,0.0103951200000004,-0.09561736,0.0002490800000007,3.787925602081133,1.0,160.31,2520.04,301895.7020772254,9840.95490547769
57.4274362,57.9995261,-0.1464739999999995,0.3134309999999662,10.543421000000055,0.1295393754316054,-0.1296900221871733,5.3908906603874565,0.0091951200000004,-0.16681736,-0.0081509199999992,5.39400612382808,1.0,188.66,3078.2,255027.03275734125,6243.259047495291
57.5382472,58.1103371,0.3635260000000007,0.7684309999999663,14.928421000000055,0.1854755682629624,0.0850122958432776,7.670906183477948,0.0315951200000004,-0.22601736,-0.0053509199999992,7.673619090923606,1.0,199.41,3340.66,240739.68206208313,4967.102309124545
57.650155,58.2222449,-0.1664739999999995,1.6584309999999662,16.378421000000053,0.1013394816230383,0.4611494028361024,9.752500500064654,0.0183951200000004,-0.25761736,-0.0273509199999992,9.763923108363413,1.0,204.79,3428.64,234152.54651106012,4583.041672499883
57.7607463,58.3328362,0.1035260000000004,1.5884309999999662,17.323421000000053,0.1018621846356086,0.7306342116815179,11.562383734956455,0.0131951200000004,-0.26201736,-0.0101509199999992,11.585893141675518,1.0,205.28,3500.98,233569.75837879968,4281.715405400774
57.8715835,58.4436734,-0.5664739999999995,2.4734309999999664,19.13342100000005,-0.0579084081019401,1.1472623732145504,13.372294883390836,-4.879999999594584e-06,-0.29961736,-0.0337509199999992,13.42154368115246,1.0,207.23,3531.28,231277.80726728754,4159.1717450895985
57.9828552,58.5549451,-0.4764739999999996,2.2384309999999665,20.22842100000005,-0.1579695364000546,1.4081141156249593,15.011301357552163,-0.0016048799999995,-0.31681736,-0.0389509199999992,15.078027330665645,1.0,210.65,3570.87,227360.55067647758,4002.1899425070083
58.0932864,58.6653763,-0.3564739999999995,2.5234309999999662,20.65342100000005,-0.2054234623425863,1.6747386734497711,16.360090814555086,-0.0096048799999995,-0.32041736,-0.0449509199999992,16.44686960742739,1.0,210.65,3591.4,227360.55067647758,3922.1473520075724
58.21395,58.7860399,-0.3564739999999995,3.258430999999966,21.34842100000005,-0.2415331844998692,2.053331764088412,17.55258717914095,-0.0100048799999995,-0.33201736,-0.0537509199999992,17.673930697328547,1.0,210.65,3620.23,227360.55067647758,3811.277184046318
58.3157487,58.8878386,-0.4214739999999994,3.303430999999966,22.14842100000005,-0.2845493362675734,2.352177016663271,18.651254452531628,-0.0060048799999995,-0.34241736,-0.0521509199999992,18.801143520955584,1.0,214.08,3650.54,223557.54857997008,3696.6037901242
58.4265836,58.9986735,-0.5964739999999993,3.1934309999999666,23.47342100000005,-0.3591171803551447,2.553284858271174,19.80402819915777,-0.0052048799999995,-0.36361736,-0.0505509199999992,19.971173266228984,1.0,213.59,3664.22,224093.35643054452,3645.468885601848
58.5379036,59.1099935,-0.1364739999999993,2.5384309999999664,25.373421000000054,-0.3058927198035899,2.5497339361529523,21.13543177932448,0.0059951200000004,-0.38361736,-0.0241509199999992,21.290871048401897,1.0,215.05,3695.5,222504.06882120436,3529.9688810715747
58.6482768,59.2203667,-1.0264739999999994,2.5434309999999662,27.25842100000005,-0.4781528800331789,2.548227173735624,22.59917658261736,0.0175951200000004,-0.43521736,-0.0337509199999992,22.74741466887983,1.0,215.54,3717.99,221975.50338684235,3448.126541491505
58.7594012,59.3314911,0.0635260000000004,0.1784309999999662,23.31342100000005,-0.3486606308839,1.9817102799191453,22.769921870016294,0.0267951200000004,-0.35161736,0.0182490800000007,22.85865441874722,1.0,215.05,3717.01,222504.06882120436,3451.672177368368
58.878735,59.4508249,-0.1414739999999996,0.1084309999999662,23.073421000000053,-0.2991311701355423,1.533889336214237,22.84247552939847,0.0195951200000004,-0.35201736,0.0146490800000007,22.895872646917528,1.0,214.08,3713.1,223557.54857997008,3465.837171096928
58.9895407,59.5616306,-0.0464739999999994,0.3784309999999662,23.643421000000053,-0.2387316485176061,1.2576686743610284,23.03394732986404,0.0191951200000004,-0.35761736,0.0054490800000007,23.06949182122189,1.0,215.54,3715.54,221975.50338684235,3456.9941381333538
59.0995597,59.6716496,-0.0264739999999994,-0.6015690000000335,20.483421000000053,-0.1879899243728537,0.81320447789588,22.4242255867008,0.0199951200000004,-0.31161736,0.0214490800000007,22.439753450022177,1.0,214.56,3710.17,223035.0484712901,3476.4714285329233
59.2095581,59.781648,-0.0414739999999995,-0.4815690000000339,19.59842100000005,-0.1529642342775256,0.503679525065328,21.74869658773777,0.0135951200000004,-0.29841736,0.0146490800000007,21.75506594764573,1.0,214.08,3687.19,223557.54857997008,3560.462032062357
59.3195446,59.8916345,0.1485260000000003,-0.5665690000000339,19.093421000000053,-0.0808908159254043,0.2478288840897685,21.11393377781195,0.0107951200000004,-0.28241736,0.0250490800000007,21.11554313897037,1.0,214.08,3682.8,223557.54857997008,3576.6264798522852
59.43082,60.0029099,0.0985260000000005,-0.936569000000034,16.573421000000053,-0.0379999300412071,-0.0353099857311134,20.028491399379384,0.0103951200000004,-0.24721736,0.0266490800000007,20.02855857331699,1.0,212.12,3666.18,225715.63266075807,3638.1737939762916
59.541227,60.1133169,0.1685260000000004,-0.6365690000000337,16.048421000000054,0.0113715853980591,-0.1790452963531406,19.07702681992868,0.0091951200000004,-0.23761736,0.0202490800000007,19.07787039528728,1.0,211.63,3640.76,226261.3996125313,3733.396323844471
59.6512265,60.2233164,0.2635260000000006,-1.291569000000034,15.178421000000055,0.0716509196739776,-0.4450021241480471,18.14503693666407,0.0199951200000004,-0.22601736,0.0310490800000007,18.1506343188796,1.0,211.63,3621.7,226261.3996125313,3805.6713697987134
59.7620579,60.3341478,0.1335260000000007,-0.5465690000000338,15.463421000000055,0.086442604587405,-0.4692824195000344,17.503977276054997,0.0067951200000004,-0.22841736,0.0142490800000007,17.510480255943563,1.0,210.17,3620.72,227902.65023552364,3809.4080735323364
59.872063,60.4441529,0.5335260000000006,-1.191569000000034,14.668421000000055,0.1933211198171796,-0.6419502440856222,16.82611706530944,0.0279951200000004,-0.21321736,0.0314490800000007,16.839468182420326,1.0,211.14,3618.77,226809.69972530074,3816.8493714715223
59.9820614,60.5541513,0.7785260000000005,-0.8415690000000338,14.023421000000056,0.3332185737171103,-0.6896705496551411,16.156112325311977,0.0283951200000004,-0.20121736,0.0270490800000007,16.174258732721857,1.0,211.63,3614.86,226261.3996125313,3831.794315685808
60.0920688,60.6641587,0.7085260000000004,-1.0515690000000335,8.333421000000055,0.422938525044771,-0.7761849884236016,14.286041455919491,0.0199951200000004,-0.11721736,0.0298490800000007,14.313361611182453,1.0,209.68,3537.63,228458.6035864174,4133.756215319295
60.2024772,60.7745671,0.5985260000000006,-0.8265690000000336,1.5584210000000551,0.4649139793083794,-0.7882296503454322,11.24341184655679,0.0007951200000004,-0.02121736,0.0174490800000007,11.280592224751924,1.0,159.82,2304.99,302851.95845325995,11692.068078386457
60.3132382,60.8853281,0.4785260000000004,-0.5465690000000338,-0.291578999999945,0.4681680311826495,-0.730458926217908,8.485888960404234,0.0027951200000004,0.0035826399999999,0.0098490800000007,8.530126786667552,1.0,54.25,263.93,911658.9861751151,179444.1708028644
60.4246075,60.9966974,0.3135260000000004,-0.4415690000000338,-0.096578999999945,0.4311997365546079,-0.6613977025271663,6.434187998062325,0.0003951200000004,-0.00121736,0.0090490800000007,6.482449793721679,1.0,49.36,221.9,1002965.9643435981,215326.7237494367
60.5359164,61.1080063,0.3185260000000003,-0.4165690000000339,-0.0565789999999449,0.4042642659200213,-0.6028696326408229,4.882523260401677,0.0003951200000004,-0.00121736,0.0090490800000007,4.936184232686596,1.0,50.34,217.01,983245.9276916964,220404.12884198886
60.6465905,61.2186804,0.4035260000000007,-0.4915690000000337,-0.0665789999999449,0.4040877781188948,-0.5762624124156027,3.699404614664684,-4.879999999594584e-06,-0.00121736,0.0090490800000007,3.765761517062714,1.0,52.3,239.49,946022.9445506693,198776.98442523694
60.7579393,61.3300292,0.3785260000000003,-0.1915690000000338,2.703421000000055,0.3979770504112394,-0.4842986733022153,3.46130753698122,-0.0024048799999995,-0.03361736,0.0046490800000007,3.5176100982313714,1.0,52.79,304.99,937149.0812653912,153939.80130496083
60.8680972,61.4401871,0.3285260000000005,-1.4115690000000336,6.703421000000056,0.3813742751230827,-0.7059693431391716,4.236358180081337,0.0423951200000004,-0.08361736,0.0190490800000007,4.31167829054071,1.0,163.25,2563.05,296278.71362940274,9508.008037299309
60.9788084,61.5508983,-0.1114739999999994,-0.7765690000000338,10.903421000000057,0.263555334810842,-0.7228467010961965,5.830167707449151,0.0375951200000004,-0.14161736,0.0062490800000007,5.880716305415166,1.0,187.19,3036.17,257108.2856990224,6468.116080456627
61.0891734,61.6612633,-0.1414739999999996,-1.2865690000000336,14.403421000000057,0.1667301465500783,-0.8576085887595823,7.879665836877562,0.0443951200000004,-0.17801736,0.0194490800000007,7.92795214000048,1.0,198.44,3307.43,241965.32957065108,5117.477920923497
61.2088387,61.7809286,-0.2864739999999997,-0.8965690000000339,16.653421000000055,0.0583884215469652,-0.8669223565014553,9.977095386813566,0.0347951200000004,-0.21201736,0.0058490800000007,10.014858757743385,1.0,202.83,3430.6,236511.85722033228,4574.70996327173
61.3188058,61.8908957,0.0235260000000003,-0.3615690000000338,18.73842100000005,0.0500543078436023,-0.7461139861538831,12.071553563051138,0.0323951200000004,-0.23001736,0.0082490800000007,12.094692924571536,1.0,206.26,3509.29,232412.48909143798,4247.896298111584
61.4295922,62.0016821,-0.0714739999999993,-0.5215690000000339,20.76342100000005,0.0210020879804059,-0.6924348851882435,14.149407260520295,0.0447951200000004,-0.25961736,0.0050490800000007,14.166355670460543,1.0,209.68,3554.74,228458.6035864174,4065.7263259760225
61.5398385,62.1119284,0.2185260000000006,-0.4915690000000337,21.788421000000053,0.068221605984532,-0.6444164443570468,15.975568676204228,0.0379951200000004,-0.26241736,0.0106490800000007,15.988706053630438,1.0,210.17,3607.04,227902.65023552364,3861.7814052519516
61.6521196,62.2242095,0.2685260000000005,-0.6815690000000336,22.64842100000005,0.1161058182948913,-0.6532980311591008,17.57076222629499,0.0403951200000004,-0.27841736,0.0054490800000007,17.583286498591583,1.0,210.17,3623.66,227902.65023552364,3798.204025764007
61.7629357,62.3350256,0.3335260000000004,-0.6765690000000337,24.128421000000053,0.168081683290246,-0.658861124360945,19.1384179261232,0.0467951200000004,-0.30081736,0.0046490800000007,19.15049320901176,1.0,212.61,3639.3,225172.3813555336,3738.9058335394166
61.8738247,62.4459146,0.2735260000000004,-0.3765690000000339,23.538421000000053,0.193288908888406,-0.5913771528640626,20.19027044484269,0.0319951200000004,-0.28361736,0.0102490800000007,20.19985416222397,1.0,211.14,3659.34,226809.69972530074,3663.6661255854874
61.9854504,62.5575403,0.2585260000000007,-0.7215690000000337,23.28342100000005,0.2088843067659813,-0.6225004543771349,20.929710428768463,0.0375951200000004,-0.27921736,0.0162490800000007,20.940007595543328,1.0,211.63,3668.13,226261.3996125313,3630.923658648957
62.0954715,62.6675614,0.5385260000000005,-0.2265690000000335,23.213421000000054,0.2876875347368322,-0.5278501801536031,21.475647937457467,0.0283951200000004,-0.27201736,0.0174490800000007,21.48406023692804,1.0,211.63,3662.76,226261.3996125313,3650.908058404043
62.2054618,62.7775517,0.3785260000000003,-0.561569000000034,22.72342100000005,0.3094031260397011,-0.5359109076095199,21.773937101485103,0.0387951200000004,-0.27041736,0.0190490800000007,21.782728655857778,1.0,212.12,3668.62,225715.63266075807,3629.103041470636
62.315471,62.8875609,0.8185260000000005,-0.4965690000000335,22.01342100000005,0.4311126267653447,-0.5265059404048479,21.83118745736355,0.0343951200000004,-0.25321736,0.0174490800000007,21.84179050354585,1.0,210.65,3667.64,227360.55067647758,3632.7447622994623
62.426279,62.9983689,0.7735260000000006,-0.6115690000000338,22.25842100000005,0.5129690170979918,-0.5468408792635036,21.93332072189959,0.0403951200000004,-0.26561736,0.0150490800000007,21.946132462223183,1.0,213.1,3665.2,224631.62834350072,3641.8203645094404
62.5362886,63.1083785,1.0185260000000005,-1.066569000000034,20.79342100000005,0.6338260658075422,-0.671085640839179,21.66081945918769,0.0487951200000004,-0.23721736,0.0266490800000007,21.680479493372875,1.0,212.61,3664.71,225172.3813555336,3643.6443811379336
62.6462966,63.2183865,0.6735260000000005,-0.7815690000000337,13.158421000000056,0.6433166218531183,-0.6974974859353554,19.6282596895025,0.0191951200000004,-0.14601736,0.0130490800000007,19.65118157916687,1.0,209.68,3605.08,228458.6035864174,3869.3177405217093
62.7562826,63.3283725,0.4085260000000006,-1.1365690000000337,3.343421000000056,0.587188227663085,-0.8024607030541987,15.735251365442124,-0.0016048799999995,-0.04001736,0.0162490800000007,15.76663783843279,1.0,178.89,2780.06,269501.3695567108,7985.223340503442
62.8674195,63.4395094,0.5085260000000007,-0.4265690000000337,0.883421000000055,0.5683834539149162,-0.7126010761437767,12.18481403274263,-0.0052048799999995,-0.01001736,0.0082490800000007,12.218860546586464,1.0,60.61,369.01,814946.3784853985,125497.68298962088
62.9780127,63.5501026,0.2835260000000006,-0.2865690000000336,0.1384210000000549,0.5002862218572068,-0.6107550308517561,9.305036759812053,-0.0024048799999995,-0.00201736,0.0082490800000007,9.338469741501786,1.0,53.76,272.24,920059.5238095238,173661.47516896855
63.087961,63.6600509,0.2535260000000003,-0.4315690000000336,-0.0665789999999449,0.4412964083224656,-0.5679193158065242,7.064684315525224,0.0003951200000004,-0.00121736,0.0086490800000007,7.10119985265114,1.0,50.83,217.99,973671.0603974032,219368.31964769022
63.1988242,63.7709141,0.3785260000000003,-0.4315690000000336,-0.076578999999945,0.4262906887839878,-0.535323787871384,5.357513734242919,0.0003951200000004,-0.00121736,0.0102490800000007,5.401041447888213,1.0,48.88,222.39,1012913.2569558101,214830.2531588651
63.3091265,63.8812164,0.4035260000000007,-0.3165690000000338,0.4684210000000549,0.4208486254869265,-0.4830288756313139,4.188740799219631,-0.0044048799999995,-0.00321736,0.0082490800000007,4.237449698027695,1.0,50.34,230.69,983245.9276916964,206741.08110451253
63.4204904,63.9925803,0.2935260000000004,-0.3515690000000335,0.828421000000055,0.3904112321351984,-0.4516024427466937,3.385432077574173,-0.0016048799999995,-0.00561736,0.0086490800000007,3.437661421423042,1.0,51.32,244.87,964279.0335151987,194189.9783558623
63.5321531,64.104243,0.3885260000000006,-0.3915690000000336,1.353421000000055,0.3899605537750963,-0.4372510145998859,2.8996651510231417,0.0031951200000004,-0.00841736,0.0070490800000007,2.95826227223471,1.0,57.18,318.67,864431.6194473592,146902.12445476511
63.6421269,64.2142168,0.2785260000000007,-0.5865690000000339,2.713421000000056,0.363321318735326,-0.4729465576247865,2.8551421413658327,0.0159951200000004,-0.01601736,0.0070490800000007,2.9167648987225188,1.0,64.03,540.08,770883.9606434484,82578.87720337727
63.7524949,64.3245848,0.1535260000000007,-1.1115690000000338,6.133421000000055,0.3131682323119397,-0.6256138656344898,3.6388383835325455,0.0459951200000004,-0.03921736,0.0082490800000007,3.705484021295095,1.0,108.99,1427.17,448757.68419121025,25034.368715710112
63.8638071,64.435897,0.3985260000000004,-0.9065690000000336,8.793421000000055,0.3335736232690536,-0.6927782200150846,4.871078592697185,0.0491951200000004,-0.05241736,0.0046490800000007,4.931391252020155,1.0,148.58,2171.07,326519.0469780589,13030.118789352713
63.9741677,64.5462576,0.0385260000000005,-0.6565690000000337,10.838421000000055,0.2630403576174215,-0.684122144409178,6.29761490092133,0.0491951200000004,-0.07401736,-0.0017509199999992,6.34012356177014,1.0,164.71,2508.8,293563.83947544167,9929.846938775509
64.0853347,64.6574246,0.2185260000000006,-0.6215690000000336,14.308421000000056,0.2523988788745875,-0.6691683633786094,8.212655965850658,0.0623951200000004,-0.09761736,-0.0029509199999992,8.243737593229563,1.0,173.51,2703.81,278167.8289435768,8492.423654028944
64.195948,64.7680379,0.1135260000000006,-0.0315690000000337,17.003421000000053,0.2192003140160054,-0.5167456297933848,10.31415184832833,0.0575951200000004,-0.11241736,-0.0101509199999992,10.329414464235132,1.0,180.84,2868.52,266487.502764875,7430.591385104514
64.31548670000001,64.8875766,0.2785260000000007,0.3934309999999663,19.053421000000053,0.2333825477961388,-0.299161331679653,12.403337268113509,0.0619951200000004,-0.12361736,-0.0137509199999992,12.409139386055813,1.0,183.77,2974.58,262079.22947162212,6809.095737885684
64.4263025,64.9983924,0.5135260000000006,0.7834309999999662,20.463421000000054,0.3003528636927075,-0.0403598145661019,14.33015850712798,0.0715951200000004,-0.13041736,-0.0121509199999992,14.333362606059076,1.0,187.19,3041.06,257108.2856990224,6441.6354823647025
64.53632540000001,65.1084153,0.3035260000000006,0.3184309999999661,21.52842100000005,0.3011114248484672,0.0454117214210796,16.05095515349493,0.0995951200000004,-0.14561736,-0.0085509199999992,16.053843516557713,1.0,191.59,3075.27,250973.954799311,6258.735005381642
64.6463415,65.2184314,0.5735260000000006,0.4834309999999662,22.788421000000053,0.3662340968552779,0.1501233940461048,17.66159503293228,0.1059951200000004,-0.14841736,0.0018490800000007,17.666029648861045,1.0,190.13,3100.2,252977.96244674697,6127.991742468228
64.7572114,65.3293013,0.5835260000000004,0.6284309999999662,19.88342100000005,0.4181792959341379,0.26446628235731,18.192738579965635,0.0723951200000004,-0.12161736,-0.0025509199999992,18.199465744274523,1.0,191.1,3119.75,251643.11878597594,6026.925234393781
64.8671922,65.4392821,0.3885260000000006,0.3284309999999661,12.133421000000055,0.4110904613372169,0.279757510166005,16.744214942323627,0.0339951200000004,-0.07521736,-0.0037509199999992,16.751596749761813,1.0,183.28,2950.64,262806.63465735485,6945.476235664128
64.97719430000001,65.5492842,0.5385260000000005,-0.4215690000000338,4.628421000000055,0.4415548473992744,0.1121003418011386,13.847846880632558,0.0155951200000004,-0.02961736,0.0102490800000007,13.855338335794569,1.0,163.73,2398.83,295380.8098699078,10843.494536920085
65.08882440000001,65.6609143,0.5885260000000003,-0.1315690000000338,1.353421000000055,0.4766893630908667,0.0538494254711065,10.860964118999023,-0.0040048799999995,-0.00641736,0.0098490800000007,10.871553435626932,1.0,97.26,1074.78,504085.9551717047,36521.14851411452
65.19883080000001,65.7709207,0.4035260000000007,-0.561569000000034,-0.076578999999945,0.4591991326403435,-0.0932707946808855,8.246265427848943,0.0007951200000004,-0.00081736,0.0106490800000007,8.25956759104826,1.0,54.25,308.41,911658.9861751151,152121.85078304852
65.3088512,65.8809411,0.3585260000000003,-0.5415690000000339,-0.0465789999999449,0.4351324930591526,-0.2004397189941354,6.263801063092021,0.0003951200000004,-0.00161736,0.0094490800000007,6.282095201878038,1.0,62.07,396.87,795542.1298533913,115985.83919167485
65.4197019,65.9917918,0.2735260000000004,-0.4665690000000337,-0.0465789999999449,0.3964992935109717,-0.2640598460329141,4.755259125281016,0.0003951200000004,-0.00161736,0.0094490800000007,4.779061481149828,1.0,54.25,286.9,911658.9861751151,164276.7514813524
65.5297092,66.1017991,0.4785260000000004,-0.1965690000000337,1.0934210000000548,0.4161083702261677,-0.2479256717611573,3.879870269739581,-0.0020048799999995,-0.00841736,0.0062490800000007,3.909988059380692,1.0,51.81,286.9,955064.6593321753,164276.7514813524
65.64050710000001,66.212597,0.2535260000000003,-0.5365690000000336,3.918421000000056,0.3772418801918551,-0.3169279444236916,3.889086100283815,0.0283951200000004,-0.03681736,0.0086490800000007,3.920171610216584,1.0,118.77,1685.24,410981.72939294437,19669.364600887708
65.75055,66.3226399,0.3085260000000005,-0.5215690000000339,7.973421000000055,0.3608148526552256,-0.3658488670065326,4.865475861706218,0.0559951200000004,-0.07241736,0.0046490800000007,4.892533915286888,1.0,189.64,3088.95,253657.4562328623,6186.730118648733
65.86092330000001,66.4330132,0.2885260000000005,-0.5265690000000338,11.168421000000055,0.3435336802414653,-0.4042701757782995,6.372240427037228,0.0763951200000004,-0.10241736,0.0054490800000007,6.3942863420753735,1.0,204.3,3394.92,234738.13020068526,4727.887549632981
65.9805173,66.5526072,0.0635260000000004,-0.4315690000000336,13.733421000000057,0.2765958216132713,-0.4107961569045835,8.131983817306656,0.0939951200000004,-0.12641736,0.0030490800000007,8.14704974429387,1.0,204.3,3488.76,234738.13020068526,4331.739643884933
66.09053490000001,66.6626248,0.4385260000000004,0.2384309999999663,16.473421000000055,0.3153064004771863,-0.2555937152823211,10.1260646311243,0.0891951200000004,-0.14521736,-0.0017509199999992,10.134196129303016,1.0,210.65,3600.2,227360.55067647758,3888.117326815177
66.200523,66.7726129,0.5335260000000006,0.3934309999999663,17.768421000000053,0.3674733720765465,-0.10043966879222,11.9530251265112,0.0787951200000004,-0.15321736,-0.0081509199999992,11.959094216589335,1.0,211.14,3658.85,226809.69972530074,3665.4959891769277
66.3113708,66.8834607,0.6685260000000006,0.6484309999999662,18.968421000000053,0.439442177468629,0.0785832741327192,13.630106186557324,0.0851951200000004,-0.16201736,-0.0081509199999992,13.63741468956415,1.0,213.59,3683.77,224093.35643054452,3573.0515205889615
66.4221924,66.9942823,0.7835260000000006,0.4284309999999662,19.553421000000053,0.5216979007723315,0.1622169001650564,15.046117380431005,0.0927951200000004,-0.16681736,-0.0061509199999992,15.056033051507203,1.0,215.54,3709.68,221975.50338684235,3478.2514933902653
66.53304650000001,67.1051364,0.7585260000000005,0.8284309999999662,19.75842100000005,0.5783133686466946,0.3214801932018838,16.172627600535776,0.0911951200000004,-0.17041736,-0.0113509199999992,16.186157029158842,1.0,216.52,3740.96,220925.54960280805,3365.5532269791697
66.6447227,67.2168126,0.8385260000000005,0.6784309999999663,19.90842100000005,0.6405190778464475,0.4068118620406286,17.06569599859484,0.0927951200000004,-0.17441736,-0.0097509199999992,17.082556614764613,1.0,216.03,3738.03,221449.33574040642,3376.02961987999
66.75552920000001,67.3276191,0.8185260000000005,0.8834309999999663,19.99342100000005,0.6830729184399598,0.5207511098809074,17.765589808926368,0.0859951200000004,-0.17721736,-0.0157509199999992,17.786341714624083,1.0,215.54,3728.74,221975.50338684235,3409.3554391027546
66.86722060000001,67.4393105,0.8385260000000005,0.9884309999999664,19.593421000000053,0.720235100519429,0.6325533659513214,18.20254605869346,0.0871951200000004,-0.17561736,-0.0129509199999992,18.22776852441498,1.0,215.05,3699.9,222504.06882120436,3513.8787534798244
66.9772195,67.5493094,1.0435260000000006,0.9334309999999664,19.57842100000005,0.7975201253678565,0.7044803377935431,18.53145890219773,0.0867951200000004,-0.17321736,-0.0149509199999992,18.56198534479941,1.0,214.08,3700.39,223557.54857997008,3512.089266266529
67.0871858,67.6592757,1.1235260000000005,1.1234309999999663,19.448421000000053,0.8754541846381909,0.8046335199304699,18.750665315454587,0.0887951200000004,-0.17281736,-0.0137509199999992,18.788328954512902,1.0,213.59,3694.04,224093.35643054452,3535.3163474136727
67.19717410000001,67.769264,0.8035260000000006,0.5884309999999662,19.27342100000005,0.8582592325192282,0.7529487457782492,18.87563383802873,0.1019951200000004,-0.17841736,-0.0057509199999992,18.91013203315378,1.0,213.59,3703.32,224093.35643054452,3501.3987449099714
67.30800430000001,67.8800942,0.8735260000000005,0.7584309999999663,18.268421000000053,0.8619088635666916,0.7542593182516208,18.73047522282883,0.0883951200000004,-0.16401736,-0.0101509199999992,18.765460188369183,1.0,215.05,3718.96,222504.06882120436,3444.61892572117
67.41887890000001,67.9909688,1.0685260000000003,1.1184309999999664,17.208421000000055,0.9113021825528292,0.8413171894080154,18.36661716613446,0.0743951200000004,-0.15001736,-0.0145509199999992,18.40844676795041,1.0,212.12,3691.59,225715.63266075807,3544.2993398508493
67.53055950000001,68.1026494,0.9135260000000004,0.8584309999999663,14.363421000000056,0.9118338021775668,0.8454083694535264,17.40962420508942,0.0591951200000004,-0.12441736,-0.0157509199999992,17.453972933300058,1.0,211.63,3664.71,226261.3996125313,3643.6443811379336
67.64053530000001,68.2126252,0.5635260000000004,0.1834309999999661,8.733421000000055,0.828568306027057,0.6871578974188515,15.3355151553986,0.0347951200000004,-0.07161736,-0.0001509199999992,15.373247428412704,1.0,208.21,3533.72,230142.1641611834,4149.394971871004
67.7513789,68.3234688,0.3935260000000005,-0.0515690000000337,3.628421000000056,0.7245683001950375,0.510559896315355,12.536849730060108,0.0067951200000004,-0.02721736,0.0074490800000007,12.568145121038398,1.0,184.26,2925.71,261355.69304244005,7089.8687839874765
67.86312170000001,68.4352116,0.3635260000000007,-0.3065690000000336,1.193421000000055,0.6382585303043954,0.3152193310301323,9.825121151626236,-0.0012048799999995,-0.00881736,0.0070490800000007,9.85087523128248,1.0,117.79,1440.86,414484.25163426436,24701.49771664145
67.97306230000001,68.5451522,0.3185260000000003,-0.561569000000034,-0.156578999999945,0.5618241593118065,0.1056167469198116,7.438923626464096,0.0003951200000004,-0.00041736,0.0106490800000007,7.460856921532678,1.0,54.25,282.5,911658.9861751151,166991.15044247787
68.08307230000001,68.6551622,0.3335260000000004,-0.4815690000000339,-0.076578999999945,0.5072478351912956,-0.0347542474826148,5.642288434542766,-4.879999999594584e-06,-0.00161736,0.0098490800000007,5.665150218890881,1.0,52.3,239.0,946022.9445506693,199205.0209205021
68.1937527,68.7658426,0.2735260000000004,-0.4415690000000338,-0.0365789999999449,0.4513749421732697,-0.1320062527432982,4.284714152387834,0.0003951200000004,-0.00161736,0.0098490800000007,4.310445494013101,1.0,53.27,243.4,928614.6048432514,195423.17173377157
68.30556870000001,68.8776586,0.3585260000000003,-0.4165690000000339,-0.026578999999945,0.4291787318421385,-0.2000330330455235,3.25406838120624,0.0003951200000004,-0.00161736,0.0098490800000007,3.288338277571396,1.0,52.3,246.82,946022.9445506693,192576.7765983308
68.4155253,68.9876152,0.3585260000000003,-0.3915690000000336,-0.006578999999945,0.4122886859274465,-0.2458210895272572,2.474587071081628,-0.0004048799999995,-0.00201736,0.0086490800000007,2.520712427264264,1.0,51.81,243.89,955064.6593321753,195010.4555332322
68.52642180000001,69.0985117,0.3085260000000005,-0.2715690000000339,0.588421000000055,0.3874834663152434,-0.2519763135186558,2.023685446860187,-0.0020048799999995,-0.00681736,0.0082490800000007,2.075798228893127,1.0,52.79,253.18,937149.0812653912,187487.95323485267
68.6363975,69.2084874,0.3685260000000006,-0.4815690000000339,3.163421000000055,0.3829515470512283,-0.3068621037102132,2.296147463844196,0.0087951200000004,-0.02921736,0.0086490800000007,2.34800115285332,1.0,70.38,723.85,700429.0991759022,59075.08461697866
68.7472159,69.3193058,0.2235260000000005,-0.7665690000000336,5.018421000000055,0.3448397184005466,-0.4167583580119443,2.946926617306466,0.0171951200000004,-0.04881736,0.0090490800000007,2.996160617882277,1.0,151.52,2210.66,319989.44033790915,12617.679787936637
68.8576773,69.4297672,0.0885260000000003,-0.1415690000000338,8.228421000000056,0.2835660725063803,-0.3509723541184092,4.209506000948641,0.0211951200000004,-0.08561736,-0.0025509199999992,4.233619265221512,1.0,168.13,2619.26,287388.9252364242,9089.361117262128
68.9772659,69.5493558,0.3385260000000003,0.2284309999999663,12.058421000000056,0.2967046401828498,-0.2124617969321499,6.08584582897816,0.0319951200000004,-0.12001736,-0.0045509199999992,6.096777272686984,1.0,187.19,3051.32,257108.2856990224,6386.350825216627
69.0880654,69.6601553,0.5735260000000006,0.2234309999999661,14.933421000000056,0.3628807858968732,-0.1082584751056607,8.200922585049515,0.0531951200000004,-0.14841736,-0.0025509199999992,8.209660992281018,1.0,203.32,3434.02,235917.7650993508,4560.194757165073
69.19810670000001,69.7701966,0.5585260000000005,0.1984309999999662,16.008421000000055,0.4096511875930855,-0.0349421406762902,10.06736147947244,0.0599951200000004,-0.15521736,0.0010490800000007,10.075753183115244,1.0,206.26,3548.39,232412.48909143798,4090.8975619929033
69.30809,69.8801799,0.6035260000000005,-0.1465690000000337,15.418421000000054,0.4559983619751255,-0.0616273477466052,11.34657091182531,0.0599951200000004,-0.14881736,0.0030490800000007,11.355897317834224,1.0,209.19,3593.84,229017.16143219083,3912.695055984685
69.41808400000001,69.9901739,0.7385260000000005,0.2784309999999663,16.008421000000055,0.5235386347146376,0.0196660567313281,12.461019850793608,0.0559951200000004,-0.15361736,0.0002490800000007,12.472028510939932,1.0,210.65,3594.33,227360.55067647758,3910.7983963631623
69.5281156,70.1002055,0.7635260000000006,0.2934309999999662,16.798421000000054,0.5809093479614005,0.0851115439910663,13.497906927208708,0.0579951200000004,-0.16161736,-0.0017509199999992,13.510669526750268,1.0,210.17,3602.15,227902.65023552364,3880.59908665658
69.6381104,70.2102003,0.8785260000000006,0.1334309999999663,16.058421000000052,0.6520567584980566,0.0966626589909327,14.110016312466302,0.0551951200000004,-0.15281736,0.0002490800000007,14.125405552550031,1.0,210.17,3615.35,227902.65023552364,3829.919648166844
69.7505752,70.3226651,0.8785260000000006,0.4734309999999662,16.718421000000053,0.7061958666047297,0.1867318525369573,14.733574295121224,0.0519951200000004,-0.16281736,-0.0101509199999992,14.75167085101272,1.0,209.19,3612.9,229017.16143219083,3839.2980708018486
69.86060090000001,70.4326908,0.7985260000000005,0.1884309999999662,16.483421000000053,0.7282680519498075,0.1871380460119693,15.151887790133868,0.0563951200000004,-0.16041736,-0.0057509199999992,15.170533893326356,1.0,209.68,3619.26,228458.6035864174,3814.978752562679
69.9714113,70.5435012,0.8485260000000006,0.2384309999999663,16.313421000000055,0.7570165831278051,0.1993999971831306,15.42956069441609,0.0571951200000004,-0.16201736,-0.0093509199999992,15.449407033562068,1.0,211.63,3631.96,226261.3996125313,3766.6714391127653
70.08146950000001,70.6535594,0.7685260000000005,0.2684309999999663,16.708421000000055,0.7597679923706501,0.215902357059585,15.735281488454907,0.0627951200000004,-0.16961736,-0.0097509199999992,15.7550926608169,1.0,211.14,3628.54,226809.69972530074,3779.64691032757
70.1914259,70.7635158,0.8685260000000006,0.1384309999999662,16.993421000000055,0.7857673797199527,0.1973822695315602,16.036048826999796,0.0667951200000004,-0.17121736,-0.0045509199999992,16.05650186426916,1.0,211.63,3631.96,226261.3996125313,3766.6714391127653
70.3014686,70.8735585,0.7285260000000005,0.1784309999999662,17.183421000000052,0.7720834144084556,0.1928518316534395,16.3103364331254,0.0627951200000004,-0.17361736,-0.0113509199999992,16.329739103534827,1.0,210.65,3637.83,227360.55067647758,3744.4575474939734
70.4117937,70.9838836,0.9135260000000004,0.0984309999999661,18.06842100000005,0.8058962862202874,0.170279849787348,16.730619248555254,0.0727951200000004,-0.18001736,-0.0053509199999992,16.750883095870343,1.0,210.65,3649.07,227360.55067647758,3702.1213624293314
70.5226425,71.0947324,1.0585260000000003,0.2284309999999663,18.338421000000054,0.8662892441980286,0.1841813023069446,17.11497587137205,0.0699951200000004,-0.17561736,-0.0057509199999992,17.137875565086244,1.0,211.14,3668.62,226809.69972530074,3629.103041470636
70.63429930000001,71.2063892,0.8935260000000005,0.4334309999999663,16.243421000000055,0.8728003874202102,0.2437662430232418,16.90662438359749,0.0599951200000004,-0.15361736,-0.0073509199999992,16.930893377065832,1.0,211.14,3673.02,226809.69972530074,3612.7764074249535
70.7464327,71.3185226,0.5285260000000007,0.2334309999999662,10.788421000000056,0.7904991082032644,0.2412955285207558,15.444023669229168,0.0351951200000004,-0.10041736,-0.0017509199999992,15.466123608321029,1.0,211.14,3588.47,226809.69972530074,3933.514840586658
70.8564477,71.4285376,0.5135260000000006,0.0734309999999662,5.298421000000055,0.7242866859413695,0.2011663003898586,13.018644063266068,0.0067951200000004,-0.04641736,0.0002490800000007,13.040327922635123,1.0,194.53,3185.24,247029.7640466766,5697.404277228719
70.9689462,71.5410361,0.5135260000000006,-0.1965690000000337,1.648421000000055,0.6739028215139417,0.1060848037466878,10.30051010592748,-0.0020048799999995,-0.01161736,0.0098490800000007,10.323076452334574,1.0,142.23,1976.54,341543.27497714973,15296.730650530726
71.0789297,71.6510196,0.3435260000000006,-0.3515690000000335,0.348421000000055,0.5949238558174951,-0.0033206439518741,7.921391315138292,-0.0020048799999995,-0.00361736,0.0090490800000007,7.943701013283756,1.0,58.16,362.17,849697.386519945,128056.71369798713
71.19058910000001,71.762679,0.2485260000000004,-0.5515690000000337,-0.231578999999945,0.5121149461410692,-0.1343833737978712,5.972364867420987,0.0015951200000004,-1.7360000000013996e-05,0.0094490800000007,5.995787080844256,1.0,52.79,243.4,937149.0812653912,195423.17173377157
71.3014285,71.8735184,0.3585260000000003,-0.5165690000000336,-0.0665789999999449,0.4753983990992937,-0.2257476085016724,4.528711712934547,-4.879999999594584e-06,-0.00161736,0.0090490800000007,4.559188019755378,1.0,51.81,246.82,955064.6593321753,192576.7765983308
71.41145440000001,71.9835443,0.2735260000000004,-0.4665690000000337,-0.0365789999999449,0.4271393438469879,-0.2833177017393333,3.437345990124768,-4.879999999594584e-06,-0.00121736,0.0102490800000007,3.475350974363268,1.0,50.83,239.49,973671.0603974032,198776.98442523694
71.52241240000001,72.0945023,0.3135260000000004,-0.4665690000000337,-0.0565789999999449,0.3999792533018005,-0.3271252483245905,2.6020979824815527,0.0003951200000004,-0.00121736,0.0102490800000007,2.652905622444541,1.0,49.85,240.96,993009.0270812437,197503.32005312084
71.63264410000001,72.204734,0.3385260000000003,-0.4065690000000337,-0.086578999999945,0.3852884091856278,-0.3461168510333389,1.959350327863563,-4.879999999594584e-06,-0.00161736,0.0090490800000007,2.0266469204380613,1.0,50.34,230.21,983245.9276916964,207192.9976977542
71.7439652,72.3160551,0.4035260000000007,-0.4665690000000337,-0.086578999999945,0.3896482370110596,-0.374911807343258,1.470256143040831,0.0003951200000004,-0.00121736,0.0086490800000007,1.5665368613730466,1.0,51.32,229.23,964279.0335151987,208121.53732059503
71.8556413,72.4277312,0.3585260000000003,-0.5415690000000339,-0.0665789999999449,0.3822082414386419,-0.4147524131145384,1.1028646005981682,-4.879999999594584e-06,-0.00161736,0.0078490800000007,1.2387142653818553,1.0,50.34,231.67,983245.9276916964,205824.2327448526
71.9659345,72.5380244,0.4235260000000007,-0.4815690000000339,-0.016578999999945,0.3920855500861371,-0.4307254008665273,0.835253521450431,0.0003951200000004,-0.00161736,0.0090490800000007,1.0182847807137867,1.0,50.83,233.63,973671.0603974032,204013.6112656765
72.07730190000001,72.6493918,0.3535260000000004,-0.3165690000000338,0.4284210000000549,0.382867611098868,-0.4034354886179946,0.7379972683979683,-0.0012048799999995,-0.00041736,0.0106490800000007,0.9241145866546296,1.0,71.85,681.33,685894.2240779402,63385.877621710475
72.187702,72.7597919,0.2885260000000005,-0.3765690000000339,1.0284210000000549,0.3603145674786134,-0.3970128604408167,0.8074251593454188,0.0007951200000004,-1.7360000000013996e-05,0.0078490800000007,0.9692167904223876,1.0,112.9,1521.51,432869.79627989366,22862.090949122914
72.2989811,72.871071,0.2885260000000005,-0.3365690000000338,3.278421000000056,0.3431529918501876,-0.3825633189795312,1.3981345645658747,0.0107951200000004,0.0019826399999999,0.0050490800000007,1.4895935450579052,1.0,150.05,2219.45,323222.2592469176,12528.103809502356
72.4181202,72.9902101,0.1535260000000007,-0.4465690000000337,7.573421000000055,0.2978212896568353,-0.3978643393796038,2.8743813948215133,0.0531951200000004,0.0019826399999999,0.0090490800000007,2.917029646064451,1.0,175.95,2789.83,274171.63967036095,7922.2389894724765
72.528138,73.1002279,0.1485260000000003,-0.3415690000000337,9.253421000000056,0.2621311722133189,-0.3844065318453024,4.399336892138116,0.0407951200000004,0.0071826399999999,0.0058490800000007,4.4238723109622775,1.0,185.24,2952.1,259920.1036493198,6937.0956268419095
72.6389601,73.21105,0.2985260000000007,-0.8365690000000339,10.478421000000056,0.2708316186977921,-0.4924992361033287,5.852585861059449,0.0515951200000004,0.0203826399999999,0.0110490800000007,5.879512439337279,1.0,193.55,3202.35,248331.1805734952,5613.533811107467
72.74981100000001,73.3219009,-0.0164739999999996,-0.7515690000000339,12.708421000000056,0.202149135164147,-0.5544317345819515,7.491522774907187,0.0651951200000004,0.0239826399999999,0.0038490800000007,7.51473035498362,1.0,196.48,3320.14,244478.8273615635,5059.6059202322795
72.8598102,73.4319001,0.0135260000000005,-0.6115690000000338,15.578421000000054,0.1570574121630626,-0.5680908106175052,9.42475421222009,0.0895951200000004,0.0323826399999999,0.0082490800000007,9.44316610891621,1.0,199.9,3385.14,240125.06253126563,4770.437854859771
72.97065070000001,73.5427406,0.2585260000000007,-0.7815690000000337,16.788421000000053,0.1813142110550582,-0.6191243138727291,11.185091950101004,0.0967951200000004,0.0395826399999999,0.0094490800000007,11.203681166981378,1.0,203.81,3420.33,235326.5296109121,4618.472486572933
73.08066910000001,73.652759,0.4335260000000005,-0.2415690000000336,17.543421000000055,0.241607261082121,-0.5288669887788606,12.705096439573056,0.0831951200000004,0.0419826399999999,0.0074490800000007,12.718394155681745,1.0,205.28,3452.1,233569.75837879968,4483.937313519308
73.1914732,73.7635631,0.5735260000000006,-1.191569000000034,17.123421000000054,0.3209548332721902,-0.6872906916626135,13.76132884199965,0.0911951200000004,0.0451826399999999,0.0066490800000007,13.78221868922048,1.0,203.81,3483.38,235326.5296109121,4353.874684932451
73.3024082,73.8744981,0.2585260000000007,-1.351569000000034,13.703421000000056,0.306030769716886,-0.8460912197585619,13.74748555406594,0.0747951200000004,0.0311826399999999,0.0002490800000007,13.776896756650888,1.0,204.79,3482.89,234152.54651106012,4355.894099440407
73.41399890000001,73.9860888,0.2785260000000007,-0.7415690000000337,8.983421000000055,0.2994555558323161,-0.8211044280974619,12.608601508668858,0.0359951200000004,0.0203826399999999,0.0026490800000007,12.638857468781216,1.0,202.83,3394.92,236511.85722033228,4727.887549632981
73.5239694,74.0960593,0.5085260000000007,-0.0865690000000336,3.7984210000000553,0.3494353557540962,-0.6455084280128024,10.502464216757494,0.0047951200000004,0.0131826399999999,0.0114490800000007,10.528083435400678,1.0,195.5,3217.01,245754.47570332483,5542.382522901698
73.6340045,74.2060944,0.3285260000000005,-0.4315690000000336,0.073421000000055,0.3444368232200339,-0.5943646623312112,8.009326100443579,-0.0020048799999995,-0.00081736,0.0110490800000007,8.038731906231526,1.0,158.36,2285.44,305736.2970447082,11877.625315037803
73.7448452,74.3169351,0.2735260000000004,-0.5415690000000339,-0.076578999999945,0.3274850786971043,-0.5817434778756325,6.076332076752046,0.0003951200000004,-0.00161736,0.0094490800000007,6.1128948508694245,1.0,67.45,550.34,731289.8443291327,80852.927281317
73.8548433,74.4269332,0.3885260000000006,-0.4015690000000338,0.348421000000055,0.3420773518704132,-0.5386714674291865,4.707033557654808,-0.0016048799999995,-0.00721736,0.0078490800000007,4.750089344146431,1.0,50.83,236.56,973671.0603974032,201362.86777138992
73.964848,74.5369379,0.3585260000000003,-0.6365690000000337,2.663421000000055,0.3460095200244215,-0.5620745797639102,4.2184932134859245,0.0147951200000004,-0.03641736,0.0094490800000007,4.269816789206665,1.0,110.95,1523.46,440653.4474988734,22820.028093944045
74.07562750000001,74.6477174,0.4785260000000004,-1.1615690000000336,7.668421000000055,0.3776885418100447,-0.705388051435657,5.043223371787359,0.0507951200000004,-0.10361736,0.0246490800000007,5.106302274196569,1.0,169.11,2615.35,285665.5431376027,9117.900089854133
74.18650190000001,74.7585918,0.2885260000000005,-0.6815690000000336,11.628421000000056,0.3563735921148636,-0.6996939351304167,6.617462433715575,0.0479951200000004,-0.16961736,0.0098490800000007,6.663886463742611,1.0,192.57,3170.09,249645.84307005248,5772.422864965978
74.2968639,74.8689538,0.4885260000000007,-0.3115690000000339,13.908421000000056,0.3879655798373517,-0.6069098657240689,8.360418746032106,0.0475951200000004,-0.19681736,0.0014490800000007,8.391391927758875,1.0,199.41,3372.92,240739.68206208313,4823.950760765152
74.40982430000001,74.9819142,0.8535260000000005,-0.0465690000000338,15.493421000000057,0.4992611613044599,-0.4729563340884716,10.065614460874466,0.0571951200000004,-0.21321736,0.0006490800000007,10.089080427675588,1.0,203.81,3447.21,235326.5296109121,4504.483335799095
74.520891,75.0929809,0.4285260000000006,-0.3015690000000337,16.243421000000055,0.4823514100313617,-0.4319849538392522,11.542463740121784,0.0607951200000004,-0.23281736,-0.0041509199999992,11.560611708518234,1.0,204.3,3468.23,234738.13020068526,4416.575601964115
74.63151300000001,75.2036029,0.7085260000000004,-0.3265690000000336,17.828421000000052,0.5364200795605503,-0.4067845085901761,13.045167230403733,0.0643951200000004,-0.25081736,-0.0037509199999992,13.06252686915453,1.0,206.74,3506.84,231849.66624746055,4257.8503724150505
74.74155230000001,75.3136422,0.5785260000000005,-0.5315690000000337,18.823421000000053,0.5464858039983778,-0.4366151426562884,14.426500533881422,0.0671951200000004,-0.26681736,-0.0017509199999992,14.44344824378339,1.0,206.26,3536.66,232412.48909143798,4137.6326816827195
74.85237260000001,75.4244625,0.6185260000000006,0.0534309999999662,20.088421000000054,0.5637075332428955,-0.3194660723517569,15.780023520816275,0.0667951200000004,-0.28161736,-0.0097509199999992,15.793320330821304,1.0,208.7,3562.56,229578.34211787255,4034.8513428545775
74.96318910000001,75.535279,0.6135260000000007,-0.0765690000000336,19.32842100000005,0.5756169975903904,-0.2613997726121895,16.628293570457114,0.0607951200000004,-0.26841736,-0.0077509199999992,16.64030684315473,1.0,210.65,3579.67,227360.55067647758,3967.767978612553
75.0739952,75.6460851,0.2085260000000004,0.0384309999999663,16.488421000000052,0.4878612428939539,-0.1897230605584799,16.594856022104356,0.0647951200000004,-0.23441736,-0.0037509199999992,16.603109643268603,1.0,210.65,3576.74,227360.55067647758,3979.2101187114536
75.1857154,75.7578053,0.3535260000000004,0.6684309999999662,16.233421000000053,0.455747432694658,0.0154248665888606,16.508452369204434,0.0467951200000004,-0.23321736,-0.0181509199999992,16.514749264678787,1.0,209.19,3549.85,229017.16143219083,4085.1021874163694
75.2960532,75.8681431,0.1035260000000004,-0.2565690000000338,17.038421000000053,0.3715463548984943,-0.0495972319970164,16.63514519868319,0.0695951200000004,-0.25281736,-0.0081509199999992,16.639367847383284,1.0,208.7,3549.85,229578.34211787255,4085.1021874163694
75.4070138,75.9791037,0.2435260000000005,-0.561569000000034,19.663421000000053,0.3409421642908054,-0.1719877814228732,17.35907640407343,0.0875951200000004,-0.28561736,-0.0005509199999992,17.36327604338562,1.0,210.65,3571.85,227360.55067647758,3998.3481949129996
75.5177209,76.0898108,-0.4964739999999996,0.6484309999999662,22.95842100000005,0.1407517810487336,0.0241392546621349,18.69764017721516,0.0843951200000004,-0.34001736,-0.0221509199999992,18.698185525983387,1.0,209.68,3611.44,228458.6035864174,3844.892895908556
75.6300626,76.2021525,-0.1114739999999994,-0.3515690000000335,22.218421000000053,0.0804553861081861,-0.0656765175850205,19.53930826565187,0.0831951200000004,-0.32521736,-0.0037509199999992,19.53958428355853,1.0,210.65,3640.27,227360.55067647758,3735.244913152047
75.74070180000001,76.3127917,-0.0864739999999995,0.8884309999999662,22.15842100000005,0.0405497105261266,0.1624097765949323,20.165426084248544,0.0603951200000004,-0.32401736,-0.0209509199999992,20.16612085587729,1.0,210.65,3659.33,227360.55067647758,3663.7034648419253
75.8523634,76.4244533,0.1385260000000006,0.4384309999999662,19.51342100000005,0.063971650267428,0.2283946439197652,20.009559559028048,0.0559951200000004,-0.28401736,-0.0121509199999992,20.010965249874875,1.0,211.14,3656.89,226809.69972530074,3672.8203473443277
75.9631937,76.5352836,0.1035260000000004,-0.4065690000000337,14.073421000000057,0.073427403296223,0.0766019981105724,18.590482756138464,0.0387951200000004,-0.20681736,-0.0001509199999992,18.590785582001395,1.0,209.68,3608.99,228458.6035864174,3854.2916439225382
76.0731985,76.6452884,0.6385260000000006,-0.7115690000000339,9.208421000000056,0.2085183048905241,-0.1118159724282141,16.347633120972,0.0191951200000004,-0.12681736,0.0098490800000007,16.34934528820849,1.0,206.26,3500.98,232412.48909143798,4281.715405400774
76.18358660000001,76.7556765,0.6685260000000006,-0.4315690000000336,3.748421000000056,0.3184864673229475,-0.1882552434406451,13.335700451650316,-0.0004048799999995,-0.04961736,0.0102490800000007,13.340831316027392,1.0,195.01,3201.86,246397.10784062356,5615.923244614067
76.29487010000001,76.86696,0.4585260000000004,-0.4765690000000335,0.9834210000000552,0.351963929200462,-0.2571787296125004,10.382798820675449,-0.0032048799999995,-0.01361736,0.0094490800000007,10.391945479891762,1.0,130.5,1666.18,373141.76245210733,20008.76255866713
76.4051992,76.9772891,0.3835260000000007,-0.3565690000000339,0.178421000000055,0.3595090702172037,-0.2809386917052597,7.943368590190303,-0.0020048799999995,-0.00401736,0.0082490800000007,7.956461391830377,1.0,54.74,286.41,903408.8417975886,164574.9100939213
76.52483740000001,77.0969273,0.3435260000000006,-0.5015690000000339,-0.231578999999945,0.3556882018263044,-0.3336819606505786,5.989088316116535,0.0011951200000004,0.0007826399999999,0.0114490800000007,6.0089130968941165,1.0,53.76,262.46,920059.5238095238,180505.21984302372
76.63484890000001,77.2069388,0.3785260000000003,-0.5265690000000338,-0.0565789999999449,0.3611477424510895,-0.379793000747945,4.543827872651848,0.0003951200000004,-0.00161736,0.0098490800000007,4.573952574260304,1.0,51.32,241.94,964279.0335151987,196662.8089608994
76.7448725,77.3169624,0.3585260000000003,-0.4165690000000339,-0.076578999999945,0.3605209959797098,-0.3885845690246581,3.439286233723968,0.0003951200000004,-0.00161736,0.0098490800000007,3.4798941296122035,1.0,52.3,241.94,946022.9445506693,196662.8089608994
76.8548679,77.4269578,0.4235260000000007,-0.5515690000000337,-0.0665789999999449,0.3755827973143808,-0.4275471745853992,2.601183824596692,0.0003951200000004,-0.00161736,0.0090490800000007,2.6627084544647257,1.0,51.81,239.98,955064.6593321753,198350.69589132429
76.96653420000001,77.5386241,0.3135260000000004,-0.4665690000000337,-0.076578999999945,0.3607476716422338,-0.4368756238292428,1.9610452782607053,0.0003951200000004,-0.00161736,0.0094490800000007,2.041249072670969,1.0,52.3,230.69,946022.9445506693,206741.08110451253
77.0773695,77.6494594,0.3385260000000003,-0.5015690000000339,-0.086578999999945,0.3554354205154531,-0.452341042722634,1.471545903301875,-4.879999999594584e-06,-0.00161736,0.0094490800000007,1.5799981337371662,1.0,50.83,232.16,973671.0603974032,205368.711233632
77.1874105,77.7595004,0.3785260000000003,-0.5015690000000339,-0.076578999999945,0.3609553903385909,-0.4641093415133948,1.1014554621159764,0.0003951200000004,-0.00121736,0.0102490800000007,1.2485553290581883,1.0,48.88,229.72,1012913.2569558101,207656.27720703467
77.2990407,77.8711306,0.3785260000000003,-0.4815690000000339,-0.0665789999999449,0.3651557715013945,-0.4682831989964015,0.8222283865209405,-4.879999999594584e-06,-0.00121736,0.0082490800000007,1.0142422844290764,1.0,50.34,234.6,983245.9276916964,203128.72975277065
77.4099116,77.9820015,0.3585260000000003,-0.4915690000000337,-0.0465789999999449,0.363570876733098,-0.4738498379338808,0.6145337048467995,-4.879999999594584e-06,-0.00161736,0.0082490800000007,0.8569533976309167,1.0,51.81,244.87,955064.6593321753,194189.9783558623
77.52080500000001,78.0928949,0.2935260000000004,-0.5765690000000336,-0.0665789999999449,0.3468261429731307,-0.4984055956290316,0.4517087926601706,0.0003951200000004,-0.00121736,0.0086490800000007,0.7567941229756329,1.0,50.83,235.09,973671.0603974032,202684.50380705262
77.6307206,78.2028105,0.4435260000000003,-0.4665690000000337,-0.0365789999999449,0.3699429423175246,-0.4907948274687472,0.3349800686238519,-4.879999999594584e-06,-0.00121736,0.0094490800000007,0.6999635630630107,1.0,50.34,236.07,983245.9276916964,201801.5842758504
77.7407306,78.3128205,0.3585260000000003,-0.5165690000000336,-0.0665789999999449,0.3672136397849739,-0.4969563295949394,0.2389844725629532,0.0003951200000004,-0.00121736,0.0090490800000007,0.6625141725991948,1.0,50.34,219.94,983245.9276916964,217334.72765299628
77.8515766,78.4236665,0.3535260000000004,-0.4665690000000337,-0.0565789999999449,0.363941510620195,-0.4896920189490383,0.1683278894113329,0.0007951200000004,-0.00121736,0.0094490800000007,0.6329186163548745,1.0,49.85,230.69,993009.0270812437,206741.08110451253
77.96156230000001,78.5336522,0.3335260000000004,-0.456569000000034,-0.076578999999945,0.3566704630966298,-0.4817737220014851,0.1097811283855429,0.0003951200000004,-0.00161736,0.0098490800000007,0.6094026867403292,1.0,49.36,241.94,1002965.9643435981,196662.8089608994
78.0726662,78.6447561,0.3585260000000003,-0.5165690000000336,-0.0665789999999449,0.3571140425970568,-0.4900917845545802,0.0676209657380836,0.0003951200000004,-0.00121736,0.0098490800000007,0.610158169424336,1.0,50.83,238.51,973671.0603974032,199634.81615026624
78.18323140000001,78.7553213,0.3585260000000003,-0.4165690000000339,-0.0565789999999449,0.357451581213661,-0.4725156318068436,0.0379300667562079,0.0003951200000004,-0.00121736,0.0098490800000007,0.5937013939499364,1.0,48.39,214.08,1023271.3370531101,223557.54857997008
78.293244,78.8653339,0.2485260000000004,-0.4515690000000336,-0.076578999999945,0.3314121341885428,-0.4675081881631123,0.010555847179231,0.0003951200000004,-0.00161736,0.0106490800000007,0.5731573384304104,1.0,50.34,221.9,983245.9276916964,215326.7237494367
78.4035996,78.9756895,0.3935260000000005,-0.5165690000000336,0.053421000000055,0.3462609024971567,-0.479236529628933,0.020803071602225,0.0007951200000004,-0.00241736,0.0082490800000007,0.5916054696476496,1.0,46.92,220.92,1055643.6487638534,216326.2719536484
78.5144089,79.0864988,0.4035260000000007,-0.3865690000000337,0.4684210000000549,0.3599505377159819,-0.4570836872769871,0.1278093708033781,0.0035951200000004,-0.00801736,0.0090490800000007,0.59567199199048,1.0,52.3,238.03,946022.9445506693,200057.55577028103
78.62660220000001,79.1986921,0.3685260000000006,-0.3965690000000339,1.5984210000000552,0.3620005639207776,-0.4426172141488896,0.4793697038887266,0.0183951200000004,-0.01961736,0.0086490800000007,0.7461566320460139,1.0,78.2,833.33,629386.189258312,50000.24000096
78.7381984,79.3102883,0.2485260000000004,-0.3965690000000339,3.093421000000056,0.334873649719443,-0.4316090559222338,1.104277549113022,0.0319951200000004,-0.03721736,0.0066490800000007,1.2320128424272063,1.0,104.11,1342.13,470261.2621265969,27254.21531446283
78.84845890000001,79.4205488,0.5135260000000006,-0.7165690000000338,4.933421000000055,0.3775817845690373,-0.4997307889937296,2.019661951289126,0.0483951200000004,-0.05361736,0.0162490800000007,2.114552733556587,1.0,139.3,2003.42,348937.5448671931,14957.322977708118
78.9590976,79.5311875,0.8735260000000005,-0.8565690000000339,6.463421000000055,0.4961408317757443,-0.5850355409951016,3.0819746518688333,0.0675951200000004,-0.06401736,0.0246490800000007,3.176002214096296,1.0,158.36,2389.54,305736.2970447082,10924.52940733363
79.0694502,79.6415401,0.7285260000000005,-0.3915690000000336,7.938421000000055,0.5516941848997378,-0.5387859668432572,4.242943232467349,0.0795951200000004,-0.07641736,0.0190490800000007,4.312449891379595,1.0,166.67,2559.14,289994.0001199976,9537.813484217355
79.1807733,79.7528632,0.0935260000000006,0.2884309999999663,8.433421000000056,0.4421657706708581,-0.3410337754260614,5.244707213176033,0.0535951200000004,-0.09961736,-0.0029509199999992,5.274350041159102,1.0,173.51,2746.33,278167.8289435768,8206.115069929689
79.2941024,79.8661923,0.2735260000000004,-0.1465690000000337,8.158421000000056,0.4018512153039397,-0.2945455661226392,5.941251541450368,0.0487951200000004,-0.09761736,-0.0029509199999992,5.962106286250702,1.0,181.82,2912.02,264997.25002749974,7170.211743051216
79.40413480000001,79.9762247,0.5235260000000004,-0.1665690000000339,9.468421000000056,0.4309384515168082,-0.2639518435381395,6.784446879415672,0.0587951200000004,-0.10961736,0.0014490800000007,6.803241726141732,1.0,184.26,2974.1,261355.69304244005,6811.808614370733
79.51656870000001,80.0886586,0.4785260000000004,0.3584309999999662,11.228421000000056,0.4423145987356391,-0.1151667289389946,7.8468109944803235,0.0675951200000004,-0.12281736,-0.0017509199999992,7.8601112182211805,1.0,189.64,3079.67,253657.4562328623,6235.505752239687
79.6265972,80.1986871,0.2635260000000006,0.3934309999999663,12.158421000000056,0.399573892708652,0.0064172320758547,8.877532511691935,0.0759951200000004,-0.13401736,-0.0057509199999992,8.886522602950446,1.0,190.62,3141.25,252301.9620186759,5917.2304019100675
79.736603,80.3086929,-0.0514739999999993,0.6084309999999662,12.853421000000056,0.2917476357622702,0.150332972011202,9.82799737509257,0.0759951200000004,-0.14801736,-0.0153509199999992,9.833475941409176,1.0,191.59,3179.86,250973.954799311,5723.962690181328
79.8472777,80.4193676,0.2535260000000003,-0.4315690000000336,12.243421000000057,0.282610477635083,0.0112251021686116,10.405421840706618,0.0871951200000004,-0.13601736,0.0046490800000007,10.409265025353236,1.0,193.55,3205.77,248331.1805734952,5596.876881373274
79.95797370000001,80.5300636,0.4735260000000005,-0.8765690000000339,10.893421000000057,0.3282502123558244,-0.2010084910337684,10.522081564851655,0.0827951200000004,-0.11921736,0.0106490800000007,10.529119292361086,1.0,193.55,3195.5,248331.1805734952,5647.003598810827
80.0699544,80.6420443,0.6035260000000005,-1.396569000000034,9.403421000000057,0.3940568778772865,-0.4868158669658252,10.25465767605547,0.0839951200000004,-0.09921736,0.0174490800000007,10.273766328100686,1.0,190.62,3127.57,252301.9620186759,5986.852412575896
80.1807474,80.7528373,0.2185260000000006,-0.8665690000000337,9.248421000000056,0.3520949535539958,-0.5775985966064434,10.014109529982417,0.0707951200000004,-0.10441736,0.0046490800000007,10.036930839335524,1.0,189.15,3100.68,254340.47052603753,6125.495052698117
80.2907397,80.8628296,-0.4714739999999993,0.6684309999999662,11.048421000000054,0.1552148460654178,-0.2797262207049693,10.26136915835352,0.0647951200000004,-0.13601736,-0.0185509199999992,10.266354533669574,1.0,190.62,3135.39,252301.9620186759,5946.9794826162
80.401086,80.9731759,0.1885260000000004,0.4734309999999662,13.953421000000056,0.1631781180402874,-0.099678546580905,11.14398082104427,0.0943951200000004,-0.15121736,0.0022490800000007,11.145621178321925,1.0,194.04,3207.72,247678.82910740055,5587.39540857681
80.5208168,81.0929067,-0.5464739999999995,1.1434309999999663,17.043421000000055,-0.0064693470278679,0.1974957702686596,12.554284611082782,0.1055951200000004,-0.20241736,-0.0305509199999992,12.55583961859162,1.0,198.92,3316.23,241357.32957973055,5077.361944135359
80.6308266,81.2029165,0.0385260000000005,1.7734309999999662,17.693421000000054,0.0042871157080137,0.5742344708784979,13.782832287974005,0.1067951200000004,-0.19281736,-0.0221509199999992,13.794789939876754,1.0,200.88,3382.21,238904.81879729193,4783.233447952671
80.7408231,81.312913,0.3335260000000004,0.5634309999999663,16.108421000000053,0.0829940492915367,0.5716518231249172,14.338781068731306,0.1011951200000004,-0.17721736,-0.0125509199999992,14.350411713818776,1.0,201.86,3390.03,237696.42326364806,4749.132013580999
80.8509422,81.4230321,0.5335260000000006,1.4534309999999664,16.368421000000055,0.1906969665758095,0.7824475049863845,14.8239811556298,0.0815951200000004,-0.17601736,-0.0165509199999992,14.845841395272553,1.0,202.35,3408.6,237096.61477637757,4668.778970838467
80.9616012,81.5336911,0.3685260000000006,1.6834309999999664,17.363421000000052,0.2332082815835689,0.9978341178233856,15.43105259435131,0.0799951200000004,-0.18801736,-0.0209509199999992,15.46503938562485,1.0,201.86,3440.37,237696.42326364806,4533.320544011254
81.0724397,81.6445296,0.3935260000000005,1.0084309999999663,16.998421000000054,0.2715333902438012,1.0003673790554486,15.80574333378081,0.0767951200000004,-0.18881736,-0.0229509199999992,15.83969657564349,1.0,204.79,3468.23,234152.54651106012,4416.575601964115
81.18243650000001,81.7545264,0.0035260000000003,1.6884309999999665,17.188421000000055,0.2074642876249719,1.164853957945962,16.13628241781569,0.0699951200000004,-0.19841736,-0.0317509199999992,16.17960248094773,1.0,205.28,3485.83,233569.75837879968,4343.786128411311
81.2924689,81.8645588,-0.2514739999999995,1.6084309999999662,18.218421000000053,0.0977517747767027,1.2708942540768338,16.634032686445376,0.0851951200000004,-0.21481736,-0.0309509199999992,16.682798656947543,1.0,205.28,3510.75,233569.75837879968,4241.97108879869
81.40243530000001,81.9745252,-0.1364739999999993,1.0984309999999664,18.643421000000053,0.0417584113605219,1.2296656673823532,17.114391477839522,0.0939951200000004,-0.22241736,-0.0245509199999992,17.158561043257805,1.0,206.26,3527.37,232412.48909143798,4174.86682712616
81.512451,82.0845409,-0.3114739999999996,1.1334309999999663,19.803421000000053,-0.0426843481886328,1.2066600749828216,17.757223409614394,0.1027951200000004,-0.23841736,-0.0273509199999992,17.798225577542702,1.0,208.7,3554.25,229578.34211787255,4067.6654709151007
81.62250440000001,82.1945943,-0.3164739999999995,1.6484309999999662,21.14842100000005,-0.1081357422039951,1.3122686057893458,18.567913690287245,0.1051951200000004,-0.24961736,-0.0309509199999992,18.614541655448807,1.0,210.17,3568.43,227902.65023552364,4011.764277287211
81.7416438,82.3137337,-0.6614739999999997,2.2634309999999664,22.58342100000005,-0.2404152498302832,1.5396508469522316,19.527849719135613,0.1119951200000004,-0.26881736,-0.0413509199999992,19.58992697474946,1.0,210.17,3584.56,227902.65023552364,3948.713370678689
81.84451390000001,82.4166038,-0.9214739999999996,1.5234309999999662,23.39842100000005,-0.403227263761621,1.5357733753724327,20.45313774332633,0.1323951200000004,-0.28441736,-0.0393509199999992,20.51467854084542,1.0,209.68,3596.29,228458.6035864174,3903.216926332416
81.95532970000001,82.5274196,-0.9414739999999996,1.4434309999999662,23.518421000000053,-0.5318990341442822,1.5136982634942748,21.18591584824708,0.1319951200000004,-0.28441736,-0.0345509199999992,21.24658159197465,1.0,209.19,3609.48,229017.16143219083,3852.410873588439
82.0666113,82.6387012,-0.5664739999999995,1.2534309999999662,21.79342100000005,-0.5401644294881843,1.4514794940865738,21.33114434315433,0.1171951200000004,-0.25841736,-0.0253509199999992,21.38729270667803,1.0,209.68,3611.93,228458.6035864174,3843.0146763641606
82.1770151,82.749105,-0.7464739999999996,1.2934309999999662,21.60342100000005,-0.5894842226190524,1.413696859894379,21.39623404479387,0.1147951200000004,-0.26201736,-0.0293509199999992,21.450987430885046,1.0,209.68,3609.97,228458.6035864174,3850.530613827816
82.2886838,82.8607737,-1.1714739999999997,1.1634309999999664,22.68842100000005,-0.7286130829695441,1.3538689982634793,21.705140670691407,0.1215951200000004,-0.28281736,-0.0337509199999992,21.759525955857484,1.0,209.68,3611.93,228458.6035864174,3843.0146763641606
82.3994938,82.9715837,-1.261473999999999,1.2534309999999662,24.64842100000005,-0.85599733436549,1.329858569253589,22.40875309452388,0.1415951200000004,-0.30281736,-0.0345509199999992,22.464493550979324,1.0,209.19,3633.43,229017.16143219083,3761.101768852022
82.5103014,83.0823913,-1.0014739999999995,1.4734309999999664,24.68842100000005,-0.8907745821522163,1.3641805959348556,22.953724174761405,0.1311951200000004,-0.30001736,-0.0285509199999992,23.01147369347647,1.0,213.1,3648.58,224631.62834350072,3703.961541202332
82.6216605,83.1937504,-1.3114739999999996,2.218430999999966,25.02342100000005,-0.9913458169575402,1.5683953257989696,23.44850015151881,0.1255951200000004,-0.30921736,-0.0417509199999992,23.521793932065744,1.0,210.17,3658.85,227902.65023552364,3665.4959891769277
82.731969,83.3040589,-1.2914739999999996,2.233430999999966,25.343421000000053,-1.063093627122991,1.727376907675522,23.901494668518744,0.1323951200000004,-0.30721736,-0.0405509199999992,23.987401827426623,1.0,209.68,3668.62,228458.6035864174,3629.103041470636
82.8516632,83.4237531,-1.0264739999999994,2.0834309999999663,24.623421000000054,-1.05433944073331,1.812494210441828,24.074076372974115,0.1275951200000004,-0.29641736,-0.0341509199999992,24.165221292820007,1.0,212.12,3673.51,225715.63266075807,3610.9606343796518
82.9624912,83.5345811,-0.6164739999999993,1.0334309999999662,16.763421000000054,-0.9496645441565345,1.6262535223363668,22.326411396736376,0.0847951200000004,-0.20281736,-0.0193509199999992,22.40569590799758,1.0,210.17,3645.16,227902.65023552364,3716.819014803192
83.0724895,83.6445794,0.3235260000000006,-0.6665690000000339,6.043421000000055,-0.6452991475430917,1.0781377359145716,18.43384492041309,0.0423951200000004,-0.07521736,0.0110490800000007,18.476618481671974,1.0,202.83,3388.07,236511.85722033228,4757.664393002506
83.182479,83.7545689,0.5635260000000004,-0.8915690000000336,1.463421000000055,-0.3563207639406595,0.607265112299555,14.37694249450274,0.0163951200000004,-0.01561736,0.0194490800000007,14.394172810330923,1.0,179.86,2816.72,267993.9953297009,7751.143173620383
83.2933612,83.8654511,0.3835260000000007,-0.7865690000000336,0.048421000000055,-0.179455050655653,0.2740589992393471,10.951605927580855,0.0071951200000004,-0.00241736,0.0154490800000007,10.956504225495197,1.0,139.78,1942.33,347704.9649449134,15742.278603532874
83.40333600000001,83.9754259,0.2685260000000005,-0.4165690000000339,-0.0465789999999449,-0.0723619444557134,0.1089593871933761,8.322410374036473,0.0007951200000004,-0.00161736,0.0098490800000007,8.323438161777432,1.0,107.53,1322.09,454986.5153910537,27818.907941214293
83.51330940000001,84.0853993,0.3585260000000003,-0.5165690000000336,-0.0665789999999449,0.0306449312331859,-0.0405776923387519,6.316961865379761,0.0003951200000004,-0.00121736,0.0082490800000007,6.317166522230356,1.0,49.36,178.4,1002965.9643435981,270269.05829596415
83.62332450000001,84.1954144,0.3385260000000003,-0.4765690000000335,-0.0465789999999449,0.1042461247348719,-0.1448045638666513,4.795711453768932,-4.879999999594584e-06,-0.00161736,0.0090490800000007,4.799029481473246,1.0,44.97,118.77,1101852.34600845,410981.72939294437
83.7333004,84.3053903,0.3335260000000004,-0.456569000000034,-0.0665789999999449,0.1590571351455585,-0.2193341043892495,3.6333457975021903,0.0003951200000004,-0.00201736,0.0098490800000007,3.643433587402928,1.0,44.97,140.76,1101852.34600845,345214.5495879511
83.8434991,84.415589,0.3785260000000003,-0.5965690000000337,0.183421000000055,0.2115227526466507,-0.3095148311830313,2.808616353745664,0.0035951200000004,-0.00321736,0.0114490800000007,2.833525565110904,1.0,43.99,136.36,1126621.9595362584,356676.44470519206
83.9541488,84.5262387,0.2985260000000007,-0.706569000000034,1.293421000000055,0.2323215074040565,-0.4044334984034735,2.446397959251424,0.0127951200000004,-0.01121736,0.0102490800000007,2.490462349135777,1.0,90.42,1114.37,542975.00552975,34868.400979925886
84.06451580000001,84.6366057,0.6435260000000005,-0.981569000000034,2.6784210000000552,0.3306229117402847,-0.5424019090623091,2.5018647431865007,0.0227951200000004,-0.01681736,0.0170490800000007,2.581247476303215,1.0,143.21,2064.03,339137.6300537672,14224.454101926809
84.17536270000001,84.7474526,0.3735260000000004,-0.8965690000000339,4.838421000000055,0.3408792049039766,-0.6270681105161557,3.060435394750531,0.0315951200000004,-0.03721736,0.0122490800000007,3.142559124822333,1.0,160.31,2520.53,301895.7020772254,9837.097753250308
84.2868007,84.8588906,0.1785260000000006,-0.7415690000000337,7.543421000000055,0.3020674984953349,-0.6544403752571258,4.132125487028163,0.0443951200000004,-0.06081736,0.0078490800000007,4.194519998636513,1.0,173.02,2706.74,278983.9324933534,8472.40592003665
84.39707530000001,84.9691652,0.2635260000000006,-0.2765690000000338,8.043421000000055,0.2928538748712447,-0.5641074934062129,5.067148933080166,0.0227951200000004,-0.05881736,0.0106490800000007,5.106856074549155,1.0,180.35,2930.11,267238.7025228722,7064.20578067035
84.50787290000001,85.0799628,0.0085260000000007,-0.2415690000000336,6.643421000000055,0.2248832425093979,-0.4870023366649574,5.443968157053115,0.0171951200000004,-0.05281736,0.0062490800000007,5.470332078008332,1.0,185.73,3006.35,259207.99009314599,6631.463402464783
84.6274114,85.1995013,0.0885260000000003,-0.0815690000000337,3.0534210000000552,0.192286058695892,-0.3900805688426233,4.872490590777587,0.0063951200000004,-0.02641736,0.0022490800000007,4.891860723259964,1.0,182.31,2917.89,264258.1317536065,7135.669953288164
84.73754740000001,85.3096373,0.3385260000000003,-0.7715690000000339,-0.171578999999945,0.2272457730450421,-0.481278134034711,3.6666693187072097,0.0039951200000004,-0.00121736,0.0102490800000007,3.705095569133888,1.0,150.54,2117.79,322137.63783711975,13609.517468681976
84.8475313,85.4196212,0.3585260000000003,-0.4165690000000339,-0.076578999999945,0.2586292596158755,-0.4658089481101292,2.7718187683517006,-4.879999999594584e-06,-0.00121736,0.0090490800000007,2.822560248188807,1.0,50.83,225.81,973671.0603974032,211425.09189141315
84.9574887,85.5295786,0.3335260000000004,-0.4315690000000336,-0.0565789999999449,0.2765338664295949,-0.4576236411783557,2.095669850582889,0.0003951200000004,-0.00121736,0.0110490800000007,2.1628043135914883,1.0,49.85,219.94,993009.0270812437,217334.72765299628
85.0675231,85.639613,0.3585260000000003,-0.4165690000000339,-0.0665789999999449,0.2961346782388527,-0.447809232641933,1.5787686436071553,0.0003951200000004,-0.00121736,0.0106490800000007,1.667554882614711,1.0,48.88,222.39,1012913.2569558101,214830.2531588651
85.1775368,85.7496267,0.2735260000000004,-0.4415690000000338,-0.0665789999999449,0.2907299103895653,-0.4463174599518758,1.1854364040520535,0.0003951200000004,-0.00121736,0.0082490800000007,1.2996086425939477,1.0,48.39,199.41,1023271.3370531101,240739.68206208313
85.2875868,85.8596767,0.3335260000000004,-0.4815690000000339,-0.0665789999999449,0.3009606247532301,-0.4547445952437894,0.8861330776415688,0.0003951200000004,-0.00161736,0.0098490800000007,1.0404815115348331,1.0,47.9,199.9,1033841.3361169102,240125.06253126563
85.39835860000001,85.9704485,0.3135260000000004,-0.4665690000000337,-0.0565789999999449,0.3039644684733495,-0.4575713046156662,0.6607709456963249,-4.879999999594584e-06,-0.00161736,0.0102490800000007,0.8592928136429305,1.0,47.9,192.08,1033841.3361169102,250308.2049146189
85.50842920000001,86.0805191,0.2935260000000004,-0.5015690000000339,-0.0465789999999449,0.3014690771813629,-0.4680892715195219,0.4916738315570035,-4.879999999594584e-06,-0.00121736,0.0094490800000007,0.7427882115692225,1.0,49.36,213.1,1002965.9643435981,224631.62834350072
85.61838820000001,86.1904781,0.3835260000000007,-0.5015690000000339,-0.0665789999999449,0.321085377328423,-0.4760928424573127,0.3582194595721942,0.0003951200000004,-0.00121736,0.0094490800000007,0.6768171063067292,1.0,48.88,229.23,1012913.2569558101,208121.53732059503
85.7292137,86.3013036,0.3785260000000003,-0.5515690000000337,-0.076578999999945,0.3348169731067594,-0.4941359631282785,0.2542777469966745,-4.879999999594584e-06,-0.00161736,0.0098490800000007,0.6487911282953773,1.0,51.81,237.54,955064.6593321753,200490.86469647218
85.84839260000001,86.4204825,0.2685260000000005,-0.4215690000000338,0.0234210000000549,0.3189696371254069,-0.4767883063969811,0.1990897740078675,-0.0008048799999995,-0.00401736,0.0078490800000007,0.6072112125441353,1.0,49.36,224.83,1002965.9643435981,212390.25041142196
85.9591989,86.5312888,0.3935260000000005,-0.4715690000000336,0.063421000000055,0.3367928742367182,-0.4755405935005533,0.1666571735628939,-0.0004048799999995,-0.00401736,0.0082490800000007,0.6060882029073499,1.0,47.9,199.9,1033841.3361169102,240125.06253126563
86.0700544,86.6421443,0.3285260000000005,-0.7115690000000339,1.298421000000055,0.3348166182337497,-0.531964889051574,0.4372134916939705,0.0043951200000004,-0.02401736,0.0094490800000007,0.7656660161900695,1.0,52.79,323.56,937149.0812653912,144530.84435653355
86.1800568,86.7521467,-0.0114739999999993,-1.146569000000034,3.443421000000055,0.2520333444763609,-0.6788904414346282,1.155869112227228,-0.0012048799999995,-0.06041736,0.0238490800000007,1.3639818337500704,1.0,123.66,1710.66,394334.46546983666,19228.484912256088
86.290879,86.8629689,0.5535260000000006,-0.831569000000034,5.883421000000055,0.3241073416448558,-0.715389353750156,2.286024540993668,-0.0120048799999995,-0.08921736,0.0230490800000007,2.41717514847238,1.0,158.85,2426.2,304762.35442241107,10608.358750309126
86.4008519,86.9729418,1.1385260000000006,-0.8265690000000336,8.283421000000056,0.5188000049679784,-0.7419676513046702,3.719745487376308,-0.0192048799999995,-0.12001736,0.0230490800000007,3.828338534089396,1.0,174.49,2755.13,276549.3724568743,8147.963979921091
86.5108807,87.0829706,0.7135260000000005,-0.8415690000000338,7.378421000000055,0.5653506607051623,-0.7657780731916639,4.594378297516553,-0.0332048799999996,-0.11481736,0.0122490800000007,4.691945158208053,1.0,184.26,2979.47,261355.69304244005,6781.50812057178
86.6208991,87.192989,0.6085260000000003,-0.5515690000000337,8.153421000000055,0.5756720374454357,-0.7145698468822541,5.44519316468414,-0.0376048799999996,-0.13001736,0.0058490800000007,5.521968576648439,1.0,186.22,3027.37,258499.62410052627,6515.98582267777
86.7309147,87.3030046,0.4485260000000006,-0.6365690000000337,8.818421000000056,0.5452768587406294,-0.6959231809873081,6.251587645601054,-0.0352048799999996,-0.14001736,0.0070490800000007,6.313793156031109,1.0,189.64,3119.26,253657.4562328623,6029.4428806832375
86.8409171,87.413007,0.2435260000000005,-0.5465690000000338,9.498421000000056,0.4731411362279537,-0.660218985145842,7.027766612830257,-0.0256048799999995,-0.15161736,0.0086490800000007,7.07454982366721,1.0,190.62,3132.94,252301.9620186759,5959.450228858516
86.9508862,87.5229761,0.1285260000000003,-0.5565690000000336,10.078421000000056,0.39075839854708,-0.635440707469596,7.757047580822835,-0.0252048799999995,-0.16201736,0.0074490800000007,7.7928341564474435,1.0,190.62,3144.67,252301.9620186759,5899.919546407095
87.0612634,87.6333533,0.0035260000000003,-0.8765690000000339,9.143421000000057,0.2981876964583076,-0.6930841676159083,8.088470161298998,-0.0224048799999995,-0.15121736,0.0098490800000007,8.123584868513605,1.0,190.62,3149.56,252301.9620186759,5875.233365930479
87.1725818,87.7446717,0.0835260000000004,-0.7965690000000338,7.663421000000055,0.2468712672874244,-0.7178229643314747,7.986859088900821,-0.0176048799999995,-0.12681736,0.0102490800000007,8.022850698890723,1.0,191.1,3111.93,251643.11878597594,6067.199455000596
87.2850875,87.8571774,-0.1514739999999994,-0.6765690000000337,11.078421000000056,0.1516439536512353,-0.7079609061554661,8.725919295988756,-0.0128048799999995,-0.18321736,0.0102490800000007,8.75590498426247,1.0,190.62,3087.0,252301.9620186759,6196.954972465176
87.39503180000001,87.9671217,0.1885260000000004,-1.081569000000034,12.638421000000056,0.1604608732524518,-0.79727461978843,9.661231090721785,-0.0304048799999996,-0.20561736,0.0134490800000007,9.695399976253324,1.0,192.57,3178.89,249645.84307005248,5728.760668031925
87.5054482,88.0775381,0.4835260000000003,-0.4115690000000336,13.248421000000056,0.2376919254981558,-0.7050689051907761,10.518774750998125,-0.0500048799999996,-0.20761736,0.0050490800000007,10.545057698976786,1.0,196.97,3296.19,243845.76331421032,5169.028484401688
87.61671790000001,88.1888078,0.3485260000000005,-0.7715690000000339,13.203421000000056,0.264187611630027,-0.7209662332257248,11.160558829661376,-0.0424048799999995,-0.20481736,0.0162490800000007,11.186941529923317,1.0,195.5,3325.02,245754.47570332483,5037.50353381333
87.727107,88.2991969,0.2085260000000004,-0.5365690000000336,12.768421000000057,0.2508813012920564,-0.6768847426092985,11.544929896051196,-0.0532048799999995,-0.19521736,0.0186490800000007,11.567476850499936,1.0,199.9,3336.27,240125.06253126563,4986.796632167061
87.8384144,88.4105043,0.1385260000000006,-0.0465690000000338,12.998421000000056,0.2240219549072352,-0.5262032111830186,11.892397443904043,-0.0588048799999995,-0.19921736,0.0086490800000007,11.906140962524978,1.0,197.95,3346.04,242589.0376357666,4943.03714241312
87.9487704,88.5208603,0.1435260000000005,-0.1215690000000337,12.478421000000056,0.2047788154152205,-0.4294724800797133,12.032490608194818,-0.0592048799999996,-0.19281736,0.0082490800000007,12.041894004295388,1.0,200.39,3348.97,239513.448774889,4929.963541029035
88.05966400000001,88.6317539,-0.0114739999999993,-0.2565690000000338,12.443421000000056,0.1530820177640634,-0.3881386541792392,12.13072648675703,-0.0568048799999996,-0.19521736,0.0046490800000007,12.137899769545774,1.0,199.9,3356.79,240125.06253126563,4895.182600043495
88.17155220000001,88.7436421,-0.0114739999999993,-0.0715690000000337,11.843421000000056,0.1137437130289554,-0.3124603915717626,12.06204403476479,-0.0580048799999996,-0.18721736,0.0014490800000007,12.066626513867066,1.0,198.44,3355.33,241965.32957065108,4901.663919793285
88.28211830000001,88.8542082,0.2885260000000005,-0.6915690000000339,6.893421000000055,0.15552668128858,-0.4030890429495367,10.826447362183682,-0.0368048799999995,-0.10761736,0.0126490800000007,10.8350649195689,1.0,196.97,3271.26,243845.76331421032,5284.6303870679785
88.39343260000001,88.9655225,0.2785260000000007,-0.0365690000000338,2.078421000000055,0.1849305569257384,-0.3154697790843583,8.735168467966956,-0.0188048799999995,-0.03561736,0.0042490800000007,8.742819262467032,1.0,174.98,2695.99,275746.9425077152,8546.062856316234
88.5038153,89.0759052,0.4785260000000004,-0.686569000000034,0.1534210000000549,0.2551166684118213,-0.4041837285205492,6.683639744546734,0.0011951200000004,-0.00241736,0.0134490800000007,6.700708114504545,1.0,128.54,1696.48,378983.973860277,19472.79071960766
88.6154609,89.1875508,0.3335260000000004,-0.4815690000000339,-0.086578999999945,0.2738609855264612,-0.4226832366687941,5.0651700482383655,0.0003951200000004,-0.00121736,0.0082490800000007,5.090148187973055,1.0,81.13,781.52,606294.8354492789,53977.889241478144
88.72673520000001,89.2988251,0.3785260000000003,-0.4065690000000337,-0.076578999999945,0.298881913295678,-0.4188310119901547,3.835997796263616,0.0007951200000004,-0.00121736,0.0090490800000007,3.8703525559875422,1.0,48.88,217.01,1012913.2569558101,220404.12884198886
88.8370732,89.4091631,0.4435260000000003,-0.4915690000000337,-0.0465789999999449,0.3334601270749169,-0.4362195534548239,2.9078397668935687,0.0003951200000004,-0.00121736,0.0098490800000007,2.9592254501968567,1.0,48.88,190.62,1012913.2569558101,252301.9620186759
88.94794420000001,89.5200341,0.3135260000000004,-0.4165690000000339,-0.0665789999999449,0.3286947300012847,-0.4315219467035084,2.1967834746244783,0.0003951200000004,-0.00121736,0.0098490800000007,2.262765796630442,1.0,45.94,192.57,1078376.14279495,249645.84307005248
89.05877120000001,89.6308611,0.3985260000000004,-0.4415690000000338,-0.096578999999945,0.345388399528386,-0.4339237673700443,1.6485386087078262,0.0003951200000004,-0.00121736,0.0090490800000007,1.7393281826089428,1.0,47.9,188.66,1033841.3361169102,255027.03275734125
89.1709306,89.7430205,0.3235260000000006,-0.8165690000000339,0.6984210000000549,0.3401620349956625,-0.5253978743104355,1.42140613106652,0.0063951200000004,-0.01201736,0.0154490800000007,1.5531093090364914,1.0,50.34,229.23,983245.9276916964,208121.53732059503
89.28179510000001,89.853885,0.2035260000000005,-1.126569000000034,2.433421000000055,0.3074982038244267,-0.669112174532703,1.6633355958865057,0.0207951200000004,-0.03801736,0.0206490800000007,1.819052377477418,1.0,119.26,1649.56,409252.0543350662,20311.113266568056
89.39214720000001,89.9642371,0.2435260000000005,-1.0915690000000338,3.728421000000055,0.2922051863899023,-0.7701035303243081,2.1570091791128467,0.0247951200000004,-0.05601736,0.0238490800000007,2.3089244069800547,1.0,154.45,2275.66,313729.36225315643,11971.64778569734
89.50304050000001,90.0751304,0.0435260000000004,-0.6515690000000338,5.873421000000056,0.2327566305217675,-0.7417669946029901,3.045444270808085,0.0267951200000004,-0.09201736,0.0154490800000007,3.143107495764659,1.0,168.62,2596.77,286524.7301624956,9254.689479622763
89.61378570000001,90.1858756,-0.0414739999999995,-0.3565690000000339,6.888421000000055,0.1671998173602254,-0.6496826314728026,3.964135618089201,0.0195951200000004,-0.10641736,0.0110490800000007,4.02049928481105,1.0,177.91,2834.8,271040.97577426786,7637.9286016650185
89.7246353,90.2967252,-0.0514739999999993,-0.5015690000000339,7.193421000000055,0.1149242617057393,-0.6142749979540258,4.736119615735391,0.0255951200000004,-0.11161736,0.0110490800000007,4.77717179653334,1.0,183.28,2918.38,262806.63465735485,7132.7928508281975
89.8363025,90.4083924,0.0035260000000003,-0.3865690000000337,8.273421000000056,0.0882937025473085,-0.5598402342836435,5.581737063731946,0.0323951200000004,-0.12641736,0.0118490800000007,5.610437194592878,1.0,183.77,2976.05,262079.22947162212,6800.792997429477
89.9471518,90.5192417,-0.1114739999999994,-0.2165690000000337,9.903421000000057,0.0405377902092632,-0.4777787660703896,6.614866826859111,0.0443951200000004,-0.15081736,0.0098490800000007,6.632222779643634,1.0,189.15,3087.49,254340.47052603753,6194.384435253233
90.05797550000001,90.6300654,-0.1464739999999995,0.2034309999999661,10.668421000000055,-0.0041687291406275,-0.3149306506971239,7.583898233245703,0.0407951200000004,-0.16441736,0.0014490800000007,7.590435501687533,1.0,190.62,3170.09,252301.9620186759,5772.422864965978
90.1692845,90.7413744,-0.2064739999999996,0.0234309999999662,9.968421000000056,-0.0525312655140773,-0.234042853905148,8.153935625502475,0.0367951200000004,-0.15241736,0.0074490800000007,8.157462949726405,1.0,195.01,3199.9,246397.10784062356,5625.488296509265
90.2801235,90.8522134,-0.1264739999999995,-0.2565690000000338,8.913421000000055,-0.0702078103264641,-0.2394278918492401,8.33549609050279,0.0327951200000004,-0.13681736,0.0094490800000007,8.339229576334585,1.0,192.08,3179.86,250308.2049146189,5723.962690181328
90.391797,90.9638869,-0.0064739999999994,-0.4665690000000337,8.413421000000055,-0.0549717825796893,-0.2937276145316239,8.35412460301732,0.0335951200000004,-0.12801736,0.0122490800000007,8.359467428679755,1.0,190.62,3137.34,252301.9620186759,5937.067707038446
90.5023438,91.0744337,-0.0364739999999996,-0.7665690000000336,8.473421000000055,-0.0505497540332345,-0.4067637633499331,8.382643268466772,0.0371951200000004,-0.12921736,0.0194490800000007,8.392658708846602,1.0,189.15,3135.87,254340.47052603753,5944.538517221696
90.6143001,91.18639,0.1085260000000003,-0.4615690000000338,9.123421000000056,-0.0125215459302726,-0.4198653510628329,8.559731536279742,0.0383951200000004,-0.13681736,0.0158490800000007,8.570031952992798,1.0,191.1,3153.47,251643.11878597594,5855.549600915817
90.7243465,91.2964364,0.1385260000000006,-0.5015690000000339,8.238421000000056,0.0235874610330263,-0.4393971985366225,8.48291993155986,0.0375951200000004,-0.12401736,0.0170490800000007,8.49432497798709,1.0,190.62,3157.38,252301.9620186759,5835.914587411082
90.8351392,91.4072291,0.2485260000000004,0.1084309999999662,3.033421000000055,0.0773606436415158,-0.3084349103788207,7.18017784691176,0.0079951200000004,-0.04601736,0.0070490800000007,7.187215780565338,1.0,182.8,2927.66,263522.9759299781,7078.485889754959
90.9463197,91.5184096,0.3485260000000005,-0.7615690000000337,-0.301578999999945,0.142184680871978,-0.4167598877670246,5.39160982735879,0.0047951200000004,0.0019826399999999,0.0130490800000007,5.40956207266338,1.0,134.9,1788.37,360644.92216456635,17958.420237422906
91.0584403,91.6305302,0.3985260000000004,-0.4915690000000337,-0.076578999999945,0.2034649249194244,-0.4346435464382281,4.084399788111425,-4.879999999594584e-06,-0.00161736,0.0098490800000007,4.112497369878493,1.0,65.98,472.14,747805.3955744164,95900.7921379252
91.1701292,91.7422191,0.3585260000000003,-0.4915690000000337,-0.0665789999999449,0.2405333950182754,-0.4482519873194925,3.092078323758661,-4.879999999594584e-06,-0.00121736,0.0098490800000007,3.133645563638789,1.0,49.36,224.34,1002965.9643435981,212875.9917981635
91.2809573,91.8530472,0.3785260000000003,-0.4815690000000339,-0.076578999999945,0.273521524044013,-0.4562166598699048,2.3345879013672555,0.0003951200000004,-0.00161736,0.0098490800000007,2.3944202500957465,1.0,50.34,212.61,983245.9276916964,225172.3813555336
91.3909606,91.9630505,0.3335260000000004,-0.4815690000000339,-0.0665789999999449,0.2878660274702656,-0.4622773199134473,1.7605716085005332,0.0003951200000004,-0.00161736,0.0098490800000007,1.842872637741422,1.0,50.83,216.03,973671.0603974032,221449.33574040642
91.502097,92.0741869,0.2285260000000004,-0.4415690000000338,-0.0565789999999449,0.273680365254242,-0.4573268464493047,1.3261686291499362,0.0003951200000004,-0.00161736,0.0106490800000007,1.4292557572913192,1.0,48.88,208.7,1012913.2569558101,229578.34211787255
91.612793,92.1848829,0.3585260000000003,-0.4165690000000339,-0.0665789999999449,0.2939633271320496,-0.4475833888367913,0.9932222477349972,-4.879999999594584e-06,-0.00121736,0.0090490800000007,1.1283774904955035,1.0,49.85,217.99,993009.0270812437,219368.31964769022
91.7229666,92.2950565,0.2935260000000004,-0.4765690000000335,-0.0665789999999449,0.2938587809220523,-0.4545126085661349,0.7398691038723386,0.0003951200000004,-0.00121736,0.0090490800000007,0.9167011428679712,1.0,49.36,221.41,1002965.9643435981,215825.39180705478
91.8343279,92.4064178,0.3185260000000003,-0.3665690000000337,-0.0365789999999449,0.2997556578290231,-0.4334890536680176,0.5542535758828473,-4.879999999594584e-06,-0.00121736,0.0090490800000007,0.764828896178372,1.0,50.34,227.27,983245.9276916964,210002.64003168038
91.9446261,92.516716,0.3585260000000003,-0.5165690000000336,-0.0565789999999449,0.3138051326590671,-0.4533499149758743,0.4082296362013419,0.0003951200000004,-0.00121736,0.0090490800000007,0.6860402630785508,1.0,48.88,217.01,1012913.2569558101,220404.12884198886
92.0554513,92.6275412,0.4235260000000007,-0.5015690000000339,-0.076578999999945,0.3400346985777473,-0.4648770355667976,0.2923326296485781,0.0003951200000004,-0.00121736,0.0110490800000007,0.6459044981972845,1.0,49.36,211.14,1002965.9643435981,226809.69972530074
92.1751426,92.7472325,0.3135260000000004,-0.4415690000000338,-0.076578999999945,0.3336976026942185,-0.4593050812963878,0.2041416397071077,-4.879999999594584e-06,-0.00161736,0.0090490800000007,0.6033150560120778,1.0,49.85,212.12,993009.0270812437,225715.63266075807
92.2851389,92.8572288,0.3385260000000003,-0.5265690000000338,-0.0465789999999449,0.334851865948628,-0.4753850069508565,0.144205059676844,0.0003951200000004,-0.00121736,0.0106490800000007,0.5990924604761322,1.0,53.76,320.14,920059.5238095238,146181.67051914788
92.3951495,92.9672394,0.3385260000000003,-0.4315690000000336,-0.0565789999999449,0.3357301942341226,-0.4649104739794861,0.096206179825228,0.0003951200000004,-0.00121736,0.0086490800000007,0.5814741104923558,1.0,61.58,482.4,801951.9324455993,93648.42454394694
92.5059916,93.0780815,0.3135260000000004,-0.4665690000000337,-0.0665789999999449,0.3304221212080008,-0.4653069566052443,0.0572912066912555,0.0003951200000004,-0.00161736,0.0086490800000007,0.5735604801701123,1.0,57.67,374.88,857001.9074041963,123376.0136577038
92.6159648,93.1880547,0.4885260000000007,-0.4915690000000337,-0.0565789999999449,0.3682179955140971,-0.4715850877855461,0.0300697112276819,0.0003951200000004,-0.00161736,0.0090490800000007,0.5990669201144703,1.0,47.41,187.68,1044629.8249314493,256410.9121909633
92.7268399,93.2989298,0.4035260000000007,-0.3965690000000339,-0.0365789999999449,0.3766586290377309,-0.4536519501134058,0.0141368553643749,0.0003951200000004,-0.00121736,0.0078490800000007,0.5898064643167895,1.0,45.45,185.24,1090110.0110011,259920.1036493198
