time,world_time,Fx,Fy,Fz,LPF_Fx,LPF_Fy,LPF_Fz,Mx,My,Mz,force_magnitude,touch_count,Volt_FSR1,Volt_FSR2,Ohm_FSR1,Ohm_FSR2
2.0324944,2.5913019,0.2735260000000004,-0.3915690000000336,-0.076578999999945,0.0653883661453372,-0.0936073979920216,-0.0183067631268697,-4.879999999594584e-06,-0.00121736,0.0078490800000007,0.1156422109879291,,37.63,54.74,1318727.0794578793,903408.8417975886
2.1562712,2.7150787,0.3185260000000003,-0.4165690000000339,-0.076578999999945,0.1259027460860119,-0.1708137019009171,-0.0322371622873314,-4.879999999594584e-06,-0.00121736,0.0074490800000007,0.2146347056312979,1.0,39.1,31.28,1268772.378516624,1588465.4731457802
2.165288,2.7240955,0.2485260000000004,-0.4765690000000335,-0.086578999999945,0.1552167207167984,-0.2439067145687502,-0.0452279711368114,0.0003951200000004,-0.00121736,0.0090490800000007,0.2926231111429011,1.0,36.17,50.83,1372361.0727121923,973671.0603974032
2.2013347000000003,2.7601422,0.2935260000000004,-0.4315690000000336,-0.0665789999999449,0.188280553021836,-0.2887687395003893,-0.0503320888180638,-4.879999999594584e-06,-0.00121736,0.0078490800000007,0.3483823628194194,1.0,38.12,23.46,1301647.429171039,2121287.2975277067
2.3113309,2.8701384,0.2735260000000004,-0.4415690000000338,-0.076578999999945,0.2086590929018881,-0.3252967455424242,-0.0566066025335606,-4.879999999594584e-06,-0.00161736,0.0074490800000007,0.3905904468385319,1.0,37.15,56.21,1335895.0201884252,879521.4374666429
2.4218438,2.9806513,0.2935260000000004,-0.4315690000000336,-0.076578999999945,0.228947140089189,-0.3507018956399089,-0.0613811484207236,0.0003951200000004,-0.00161736,0.0078490800000007,0.4232921661711816,1.0,38.61,27.37,1285001.295001295,1816817.6835951773
2.5322088000000003,3.0910163,0.2535260000000003,-0.4315690000000336,-0.096578999999945,0.2348228940989836,-0.3700337610896761,-0.0697954490963133,-4.879999999594584e-06,-0.00121736,0.0086490800000007,0.4437771745524437,1.0,37.63,37.15,1318727.0794578793,1335895.0201884252
2.6438538,3.2026613,0.2285260000000004,-0.4165690000000339,-0.086578999999945,0.2333175760783101,-0.3811583461036463,-0.0738076781776642,-4.879999999594584e-06,-0.00121736,0.0090490800000007,0.4529529219129762,1.0,37.15,38.12,1335895.0201884252,1301647.429171039
2.7552057000000003,3.3140132,0.3185260000000003,-0.3915690000000336,-0.0665789999999449,0.2536872653292719,-0.3836470881200884,-0.0720796104421234,-4.879999999594584e-06,-0.00121736,0.0078490800000007,0.4655510574091263,1.0,38.12,44.48,1301647.429171039,1114100.7194244605
2.8660138,3.4248213,0.2935260000000004,-0.456569000000034,-0.076578999999945,0.2632110026318192,-0.4010795979144914,-0.0731552220177592,0.0003951200000004,-0.00121736,0.0082490800000007,0.4852798803558265,1.0,37.15,32.26,1335895.0201884252,1539907.0055796653
2.9763434,3.5351509,0.2735260000000004,-0.4665690000000337,-0.076578999999945,0.2656768772642081,-0.4167353125529852,-0.0739737008764399,-4.879999999594584e-06,-0.00161736,0.0086490800000007,0.4997245563936721,1.0,38.12,32.75,1301647.429171039,1516717.5572519086
3.0872081,3.6460156,0.2735260000000004,-0.4665690000000337,-0.0465789999999449,0.2675532667532062,-0.4286484155163594,-0.0674247997432597,-4.879999999594584e-06,-0.00161736,0.0070490800000007,0.5097747721253146,1.0,37.15,43.01,1335895.0201884252,1152520.344106022
3.1976678,3.7564753,0.2535260000000003,-0.4065690000000337,-0.106578999999945,0.2641999473083383,-0.4233701717440798,-0.0767848941493198,-4.879999999594584e-06,-0.00121736,0.0066490800000007,0.5049156706320993,1.0,36.17,35.68,1372361.0727121923,1391345.2914798206
3.3168773000000003,3.8756848,0.2735260000000004,-0.4165690000000339,-0.0665789999999449,0.266429407572054,-0.4217443025096488,-0.0743451014295057,0.0003951200000004,-0.00161736,0.0090490800000007,0.5043610611705758,1.0,37.15,36.17,1335895.0201884252,1372361.0727121923
3.4268323,3.9856398,0.3185260000000003,-0.4415690000000338,-0.0565789999999449,0.2788834743174564,-0.4264835396506219,-0.070097986547369,-4.879999999594584e-06,-0.00121736,0.0074490800000007,0.514371392632108,1.0,38.12,28.84,1301647.429171039,1723703.1900138697
3.5376385000000004,4.096446,0.2285260000000004,-0.4415690000000338,-0.096578999999945,0.2668451563190789,-0.4300898279186415,-0.0764284641017391,0.0003951200000004,-0.00121736,0.0090490800000007,0.5118836856698903,1.0,37.63,37.63,1318727.0794578793,1318727.0794578793
3.6476649,4.2064724,0.2735260000000004,-0.4665690000000337,-0.076578999999945,0.268442260260817,-0.4388104375160356,-0.0764644507956179,-4.879999999594584e-06,-0.00121736,0.0078490800000007,0.5200602459354362,1.0,36.17,23.95,1372361.0727121923,2077682.6722338204
3.758516900000001,4.3173244,0.2535260000000003,-0.4015690000000338,-0.0465789999999449,0.2648764204962117,-0.4299076028601893,-0.0693201179020505,-4.879999999594584e-06,-0.00121736,0.0082490800000007,0.5096914202513462,1.0,38.12,37.63,1301647.429171039,1318727.0794578793
3.8685227,4.4273302,0.3335260000000004,-0.4815690000000339,-0.096578999999945,0.2812875983744287,-0.4422576330282897,-0.0758365505751042,0.0003951200000004,-0.00161736,0.0090490800000007,0.529590133380683,1.0,37.63,37.15,1318727.0794578793,1335895.0201884252
3.9793245,4.538132,0.3385260000000003,-0.4065690000000337,-0.0465789999999449,0.2949708517509513,-0.4337260075020941,-0.0688423217649574,-4.879999999594584e-06,-0.00121736,0.0074490800000007,0.5290229845974352,1.0,36.66,34.21,1353884.3426077468,1451560.9470914935
4.089344199999999,4.6481517,0.1885260000000004,-0.3915690000000336,-0.076578999999945,0.2695244410237177,-0.4236480703329165,-0.0706918305837827,-4.879999999594584e-06,-0.00161736,0.0094490800000007,0.5070684832616178,1.0,36.66,33.72,1353884.3426077468,1472799.525504152
4.200170699999999,4.7589782,0.2735260000000004,-0.4915690000000337,-0.076578999999945,0.2704810426027023,-0.4398850592041944,-0.0720992009593362,0.0003951200000004,-0.00081736,0.0082490800000007,0.5213992275574421,1.0,36.66,27.37,1353884.3426077468,1816817.6835951773
4.3101739,4.8689814,0.2335260000000003,-0.5165690000000336,-0.086578999999945,0.2616466727196856,-0.4582169091863741,-0.0755607015164249,-4.879999999594584e-06,-0.00121736,0.0066490800000007,0.5330395265111683,1.0,40.08,51.32,1237504.99001996,964279.0335151987
4.4201766,4.9789841,0.3385260000000003,-0.456569000000034,-0.076578999999945,0.2800252312523751,-0.4578229645915251,-0.0758041331247021,-4.879999999594584e-06,-0.00121736,0.0090490800000007,0.5419983981933033,1.0,37.15,18.08,1335895.0201884252,2755486.725663717
4.5301889,5.0889964,0.3135260000000004,-0.5165690000000336,-0.086578999999945,0.2880338320180061,-0.4718666287144183,-0.0783799428846725,-4.879999999594584e-06,-0.00161736,0.0074490800000007,0.5583592205094245,1.0,38.12,26.88,1301647.429171039,1850119.0476190476
4.641016,5.1998235,0.2735260000000004,-0.4165690000000339,-0.096578999999945,0.2845656299751714,-0.4586473311217028,-0.0827305589509818,-4.879999999594584e-06,-0.00121736,0.0074490800000007,0.546057979973344,1.0,37.63,21.99,1318727.0794578793,2263760.800363802
4.753520699999999,5.3123282,0.2985260000000007,-0.4315690000000336,-0.0565789999999449,0.287902957273885,-0.4521740604637457,-0.0764788398750557,-4.879999999594584e-06,-0.00121736,0.0070490800000007,0.5414780759291682,1.0,37.63,84.56,1318727.0794578793,581296.1210974456
4.864363999999999,5.4231715,0.2085260000000004,-0.456569000000034,-0.0565789999999449,0.2689273222493259,-0.4532247025072276,-0.0717216394042145,0.0003951200000004,-0.00121736,0.0082490800000007,0.5318632617259683,1.0,38.12,29.33,1301647.429171039,1694739.1749062394
4.9743903,5.5331978,0.2935260000000004,-0.4315690000000336,-0.076578999999945,0.2748078138568962,-0.4480477503905188,-0.0728828265423057,-4.879999999594584e-06,-0.00121736,0.0062490800000007,0.5306392631455074,1.0,38.12,45.94,1301647.429171039,1078376.14279495
5.0843653,5.6431728,0.2735260000000004,-0.4165690000000339,-0.0565789999999449,0.274501386995081,-0.4405225277194355,-0.0689852790348587,-4.879999999594584e-06,-0.00121736,0.0082490800000007,0.5236125262195905,1.0,37.63,27.37,1318727.0794578793,1816817.6835951773
5.1952251,5.7540326,0.2085260000000004,-0.3815690000000338,-0.076578999999945,0.2587294941533963,-0.4264292610607796,-0.0708006128856465,-4.879999999594584e-06,-0.00121736,0.0082490800000007,0.5037812944311232,1.0,38.61,21.51,1285001.295001295,2314500.2324500233
5.3051778,5.8639853,0.2285260000000004,-0.4165690000000339,-0.086578999999945,0.2515091306977438,-0.4240720944275211,-0.0745725503022453,-4.879999999594584e-06,-0.00161736,0.0074490800000007,0.4986532355806589,1.0,35.68,30.3,1391345.2914798206,1640165.0165016502
5.4160495,5.974857,0.3585260000000003,-0.5165690000000336,-0.076578999999945,0.2770922863526491,-0.4461841478662659,-0.0750522065962919,-4.879999999594584e-06,-0.00161736,0.0090490800000007,0.5305593865706805,1.0,38.61,48.39,1285001.295001295,1023271.3370531101
5.5260525,6.08486,0.2185260000000006,-0.3515690000000335,0.208421000000055,0.2630915925399965,-0.4235657133058497,-0.0072858888593502,-0.0008048799999995,-0.00561736,0.0066490800000007,0.4986764318974735,1.0,37.63,27.37,1318727.0794578793,1816817.6835951773
5.636047199999999,6.1948547,0.1885260000000004,-0.0665690000000338,1.1384210000000552,0.2452661490104991,-0.3382230701848205,0.2666036190630186,-0.0032048799999995,-0.01681736,0.0050490800000007,0.4956085337776031,1.0,43.99,156.89,1126621.9595362584,308694.62680859206
5.7468863,6.3056938,0.0485260000000007,-0.0365690000000338,2.513421000000055,0.1982339952152963,-0.2661104856755817,0.8037215441100647,-0.0008048799999995,-0.03281736,0.0062490800000007,0.8695285089703377,1.0,77.71,850.93,633417.8355424012,48759.23989047278
5.8577387,6.4165462,0.1585260000000006,0.4784309999999663,4.613421000000055,0.1887415121239812,-0.0881224652470081,1.7144577188262753,-0.0088048799999995,-0.06081736,-0.0021509199999992,1.7270651976468787,1.0,143.21,2046.43,339137.6300537672,14432.792717073144
5.9685928,6.5274003,0.3585260000000003,-1.2765690000000338,6.438421000000055,0.2293297204077849,-0.3722291942548098,2.843755265262516,0.0303951200000004,-0.07241736,0.0186490800000007,2.877167131472584,1.0,176.44,2860.7,273382.4529585128,7478.239591708324
6.0785866,6.6373941,-0.1264739999999995,0.2334309999999662,8.823421000000055,0.1442722708567463,-0.2274417497647529,4.273237553928839,0.0171951200000004,-0.10481736,-0.0017509199999992,4.2817173458767614,1.0,198.92,3301.07,241357.32957973055,5146.60397992166
6.188575999999999,6.7473835,-0.1614739999999996,-1.1365690000000337,11.268421000000057,0.0711814162164111,-0.4447751861148186,5.9454866871940695,0.0575951200000004,-0.12561736,0.0102490800000007,5.962524943998134,1.0,202.83,3435.0,236511.85722033228,4556.040756914119
6.298533399999999,6.8573409,0.1685260000000004,0.3884309999999662,12.528421000000057,0.094452342149254,-0.2455912285669677,7.519184687225001,0.0247951200000004,-0.13721736,-0.0001509199999992,7.523787254905966,1.0,205.28,3488.76,233569.75837879968,4331.739643884933
6.4085578,6.9673653,-0.1564739999999993,-0.7565690000000338,13.333421000000056,0.0344665874642679,-0.3677441559325334,8.90911987757345,0.0611951200000004,-0.14441736,0.0014490800000007,8.91677299827961,1.0,206.26,3546.92,232412.48909143798,4096.73745108432
6.5189428,7.0777503,-0.0414739999999995,-0.2065690000000335,13.673421000000056,0.0163124414656954,-0.3292140706402902,10.04806047634604,0.0491951200000004,-0.14801736,-0.0017509199999992,10.053465439158854,1.0,209.68,3578.69,228458.6035864174,3971.592957199421
6.6385856,7.1973931,-0.0214739999999995,-0.0215690000000337,14.818421000000056,0.0072793196787786,-0.2556692941955165,11.1884496187528,0.0403951200000004,-0.16081736,-0.0053509199999992,11.191372777629162,1.0,210.65,3605.57,227360.55067647758,3867.432888558535
6.7496258,7.3084333,-0.3214739999999993,-0.6565690000000337,16.048421000000054,-0.071311536176427,-0.3515072648114861,12.350260883981168,0.0419951200000004,-0.18241736,0.0054490800000007,12.355467882472214,1.0,211.63,3645.16,226261.3996125313,3716.819014803192
6.8602462,7.4190537,-0.0914739999999993,-0.0815690000000337,16.908421000000054,-0.0761315187992412,-0.2869765726793735,13.439921986089615,0.0563951200000004,-0.18401736,0.0006490800000007,13.44320105308243,1.0,211.14,3653.47,226809.69972530074,3685.6194248207876
6.9704061,7.5292136,-0.0314739999999993,0.3584309999999662,18.54342100000005,-0.0654558163417523,-0.132687230257337,14.65995029105493,0.0527951200000004,-0.19801736,0.0026490800000007,14.660696876382373,1.0,214.08,3703.81,223557.54857997008,3499.612561119496
7.0802453,7.6390528,0.1235260000000004,0.4084309999999662,19.58342100000005,-0.0202783480141879,-0.003329008486897,15.836941529263896,0.0763951200000004,-0.20441736,0.0018490800000007,15.836954861810373,1.0,215.05,3722.87,222504.06882120436,3430.498513243816
7.190230199999999,7.7490377,0.4235260000000007,0.2434309999999662,20.61842100000005,0.0858162872484356,0.0556607540401223,16.979988736289584,0.0775951200000004,-0.21121736,0.0070490800000007,16.98029681834857,1.0,216.03,3726.78,221449.33574040642,3416.407729997477
7.300220899999999,7.8590284,0.2735260000000004,0.7934309999999662,20.69342100000005,0.1306896500235845,0.2320300607018572,17.867711543318563,0.0783951200000004,-0.21481736,-0.0029509199999992,17.869695955133988,1.0,215.54,3738.51,221975.50338684235,3374.3122259937786
7.411098699999999,7.9699062,0.5635260000000004,-0.3565690000000339,20.31842100000005,0.2341623061267307,0.0913212034306041,18.4535713419093,0.0999951200000004,-0.20481736,0.0074490800000007,18.455282897282903,1.0,217.5,3739.49,219885.05747126436,3370.807249116858
7.521080399999999,8.0798879,0.3785260000000003,-0.6915690000000339,19.15342100000005,0.2686734899742579,-0.095834354993531,18.620875458117364,0.1067951200000004,-0.19361736,0.0058490800000007,18.623060234411785,1.0,215.05,3726.78,222504.06882120436,3416.407729997477
7.631996299999999,8.1908038,0.2935260000000004,-0.5915690000000338,14.653421000000057,0.2746146620207687,-0.2143433028764157,17.67242681055799,0.0691951200000004,-0.15201736,0.0022490800000007,17.675859968856216,1.0,213.59,3679.86,224093.35643054452,3587.473436489432
7.7419893,8.3007968,-0.5964739999999993,-0.8515690000000335,7.953421000000056,0.0663746249593347,-0.3666767088441731,15.349028265229864,0.0507951200000004,-0.09561736,0.0026490800000007,15.35355092760214,1.0,207.23,3523.95,231277.80726728754,4188.623561628287
7.8519886,8.4107961,0.6235260000000005,-0.7715690000000339,3.1784210000000552,0.1995656858074335,-0.4634691358292636,12.439556682747954,0.0147951200000004,-0.03121736,0.0162490800000007,12.449787169510866,1.0,192.08,3105.08,250308.2049146189,6102.64469836526
7.962357499999999,8.521165,0.3685260000000006,-0.5865690000000339,1.6584210000000552,0.2399568694186982,-0.4928970475847808,9.86224831906012,0.0059951200000004,-0.01841736,0.0134490800000007,9.87747278940839,1.0,174.49,2667.64,276549.3724568743,8743.158747057325
8.0731509,8.6319584,0.3085260000000005,-0.4915690000000337,0.2384210000000549,0.2563488154008631,-0.4925795682163483,7.561602879656927,0.0019951200000004,-0.00641736,0.0110490800000007,7.581964617156792,1.0,126.59,1608.5,384975.90646970534,21084.861672365558
8.184426499999999,8.743234,0.2735260000000004,-0.4415690000000338,-0.096578999999945,0.2604551454605811,-0.4803851234037525,5.730859181600473,0.0003951200000004,-0.00121736,0.0074490800000007,5.75685276074688,1.0,43.5,92.86,1139425.2873563217,528444.9709239715
8.303616,8.8624235,0.2535260000000003,-0.456569000000034,-0.116578999999945,0.25879868318478,-0.4746917070656899,4.332986844671946,-4.879999999594584e-06,-0.00121736,0.0082490800000007,4.366587222451335,1.0,42.03,66.96,1179626.45729241,736714.4563918759
8.405819,8.9646265,0.3385260000000003,-0.5015690000000339,-0.0665789999999449,0.2778580741885563,-0.4811169180927453,3.281238848752271,-4.879999999594584e-06,-0.00121736,0.0078490800000007,3.327943356012533,1.0,41.54,56.21,1193659.123736158,879521.4374666429
8.5164333,9.0752408,0.3735260000000004,-0.7215690000000337,0.923421000000055,0.3007281829216335,-0.5385987252049116,2.71758546004984,0.0075951200000004,0.0031826399999999,0.0074490800000007,2.786717918891326,1.0,84.07,970.19,584742.4765076722,41536.29701398695
8.6273612,9.1861687,0.1585260000000006,-0.4715690000000336,1.5784210000000551,0.2667337238810087,-0.522574785198046,2.445259966994369,0.0055951200000004,0.0039826399999999,0.0058490800000007,2.514662520451904,1.0,133.43,1873.41,364728.32196657424,16689.299192381804
8.7386192,9.2974267,-0.0914739999999993,-0.1865690000000339,2.828421000000055,0.1811015799341108,-0.4422501750714799,2.5368573797405123,0.0079951200000004,0.0055826399999999,0.0054490800000007,2.581477941945134,1.0,155.91,2321.6,310697.8384965685,11536.871123363198
8.8490226,9.4078301,-0.2014739999999992,-0.0915690000000337,4.833421000000056,0.0896441239738135,-0.3584173069863663,3.085867502645069,0.0135951200000004,0.0119826399999999,0.0054490800000007,3.107905609697841,1.0,176.44,2798.63,273382.4529585128,7865.884379142652
8.9598622,9.5186697,-0.4364739999999996,0.0634309999999662,7.603421000000056,-0.03612821403463,-0.2575714219333443,4.165821299235507,0.0243951200000004,0.0179826399999999,0.0026490800000007,4.173932843543401,1.0,190.13,3106.06,252977.96244674697,6097.564116597878
9.0715028,9.6303103,-0.1564739999999993,-0.8165690000000339,11.543421000000055,-0.0648977435007573,-0.3912038309510661,5.929489800611323,0.0619951200000004,0.0427826399999999,0.0066490800000007,5.94273518255828,1.0,200.88,3337.24,238904.81879729193,4982.440579640661
9.1823352,9.7411427,-0.2814739999999993,-0.2715690000000339,13.163421000000056,-0.1166718620794624,-0.3626042604167783,7.658813308927929,0.0531951200000004,0.0443826399999999,0.0026490800000007,7.668279824972812,1.0,206.74,3542.03,231849.66624746055,4116.198902889021
9.2931406,9.8519481,-0.3864739999999993,-1.561569000000034,11.028421000000057,-0.1811700120949739,-0.6492254422686632,8.464342368212852,0.0819951200000004,0.0355826399999999,-0.0057509199999992,8.491137024833282,1.0,209.68,3556.7,228458.6035864174,4057.9750892681423
9.4040087,9.9628162,0.2285260000000004,-1.7815690000000337,13.053421000000055,-0.0832292209191784,-0.9199203493533736,9.561394764859036,0.0959951200000004,0.0543826399999999,0.0062490800000007,9.605907057734996,1.0,205.77,3503.91,232989.74583272586,4269.772910833898
9.5149355,10.073743,0.7335260000000006,-0.4165690000000339,14.608421000000057,0.1120220145632948,-0.7995905732762706,10.767922844122152,0.0495951200000004,0.0659826399999999,0.0142490800000007,10.798150600616143,1.0,213.1,3613.39,224631.62834350072,3837.4213688530713
9.6277901,10.1865976,0.5135260000000006,-1.706569000000034,15.048421000000056,0.2080044425904199,-1.0164103178436434,11.791206848936996,0.0927951200000004,0.0667826399999999,0.0050490800000007,11.836761159066068,1.0,212.12,3655.43,225715.63266075807,3678.281351304773
9.7378145,10.296622,0.9885260000000003,-1.4715690000000337,15.873421000000056,0.3945937590730446,-1.1252192887022496,12.767089630074391,0.1103951200000004,0.0795826399999999,0.0186490800000007,12.822651843699106,1.0,212.61,3686.71,225172.3813555336,3562.227568753713
9.8494375,10.408245,0.5935260000000007,-0.936569000000034,16.043421000000052,0.4421499482756952,-1.080121074451743,13.550320310997424,0.1095951200000004,0.0723826399999999,0.0146490800000007,13.600490382440784,1.0,210.65,3668.13,227360.55067647758,3630.923658648957
9.9594399,10.5182474,0.5835260000000004,-1.6515690000000338,15.958421000000056,0.4759469146859487,-1.2167298289714048,14.12599417588538,0.1167951200000004,0.0695826399999999,0.0170490800000007,14.18628451707689,1.0,212.61,3670.09,225172.3813555336,3623.6441068202676
10.069841,10.6286485,0.7985260000000005,-0.9965690000000336,9.368421000000057,0.5530617752160012,-1.164098792449681,12.98866194133355,0.0619951200000004,0.0407826399999999,0.0154490800000007,13.052445837927635,1.0,211.63,3590.91,226261.3996125313,3924.0471078361747
10.181492,10.7402995,0.4035260000000007,-1.1015690000000335,2.9484210000000552,0.5173141679623922,-1.1491505938737157,10.588469817516,0.0175951200000004,0.0075826399999999,0.0082490800000007,10.663200931813218,1.0,194.04,3132.45,247678.82910740055,5961.946719021853
10.292325,10.8511325,0.2385260000000006,-0.5715690000000337,1.108421000000055,0.4506678425537926,-1.0110755416336372,8.32219566750685,0.0107951200000004,0.0007826399999999,0.0094490800000007,8.395493790330121,1.0,140.76,1913.98,345214.5495879511,16123.57495898599
10.403661,10.9624685,0.1385260000000006,-0.4165690000000339,0.183421000000055,0.3760480803001584,-0.8689544583723159,6.376562791899674,0.0011951200000004,-0.00201736,0.0078490800000007,6.446475552459804,1.0,66.47,447.21,742219.0461862495,101804.2977572058
10.5139529,11.0727604,0.3185260000000003,-0.4415690000000338,-0.0665789999999449,0.3622970114872915,-0.7667848772822567,4.836283203798156,0.0003951200000004,-0.00081736,0.0082490800000007,4.91007672036818,1.0,42.52,100.2,1165917.2154280338,489001.99600798404
10.6253274,11.1841349,0.2935260000000004,-0.3565690000000339,-0.0665789999999449,0.345856804416241,-0.6687198085781457,3.6642185776124014,-4.879999999594584e-06,-0.00121736,0.0070490800000007,3.7407620742391057,1.0,39.1,43.99,1268772.378516624,1126621.9595362584
10.7352945,11.294102,0.2535260000000003,-0.5265690000000338,-0.0665789999999449,0.323784458658753,-0.6347376309454478,2.7723444668549124,0.0003951200000004,-0.00121736,0.0082490800000007,2.862450362662772,1.0,39.59,42.03,1252945.1881788329,1179626.45729241
10.8456651,11.4044726,0.1485260000000003,-0.3115690000000339,0.338421000000055,0.281887658117503,-0.55748183527357,2.1904974803876893,-0.0012048799999995,-0.00201736,0.0070490800000007,2.277833589190346,1.0,41.54,86.51,1193659.123736158,567967.8649867068
10.9652892,11.5240967,0.2335260000000003,-0.3915690000000336,2.958421000000055,0.2703264543987235,-0.5178191735117008,2.3740751449315693,0.0083951200000004,0.0019826399999999,0.0094490800000007,2.444881568130853,1.0,100.68,1302.05,486622.9638458482,28400.98306516647
11.0753117,11.6341192,0.2435260000000005,0.3684309999999662,6.103421000000055,0.26391961217866,-0.305954667607511,3.26560221092827,0.0067951200000004,0.0091826399999999,0.0134490800000007,3.290504462896678,1.0,168.13,2607.04,287388.9252364242,9178.83883638149
11.1853333,11.7441408,0.3785260000000003,0.3034309999999662,9.543421000000055,0.2913170970592794,-0.1602766218011217,4.766360140974784,0.0251951200000004,0.0187826399999999,0.0158490800000007,4.777943411134982,1.0,190.13,3113.88,252977.96244674697,6057.137718858788
11.2955945,11.854402,0.2285260000000004,-0.6515690000000338,10.753421000000056,0.2763064317288189,-0.2777236137144458,6.197610287521586,0.0423951200000004,0.0183826399999999,0.0102490800000007,6.209979784654917,1.0,198.44,3316.72,241965.32957065108,5075.134470199476
11.4063189,11.9651264,0.0735260000000006,-0.4015690000000338,10.568421000000056,0.2278303047171509,-0.3073297479168717,7.242484161374543,0.0447951200000004,0.0247826399999999,0.0102490800000007,7.252581268035766,1.0,199.9,3361.19,240125.06253126563,4875.683909567743
11.5161367,12.0749442,-0.0364739999999996,-0.2915690000000339,9.873421000000056,0.1646464514431155,-0.3035620272778445,7.871428617511439,0.0407951200000004,0.0167826399999999,0.0146490800000007,7.879000370539139,1.0,200.88,3371.46,238904.81879729193,4830.370225362306
11.6270657,12.1858732,-0.2514739999999995,-0.1965690000000337,9.323421000000057,0.0651698516334982,-0.2779845712311084,8.218537885173037,0.0359951200000004,0.0127826399999999,0.0150490800000007,8.223496063197754,1.0,200.39,3358.75,239513.448774889,4886.4905098623
11.7369628,12.2957703,0.1735260000000007,-0.7815690000000337,4.408421000000055,0.0910731716231421,-0.3983700666261821,7.30770192097138,0.0251951200000004,0.0047826399999999,0.0074490800000007,7.319118826630842,1.0,195.5,3185.24,245754.47570332483,5697.404277228719
11.8469957,12.4058032,0.2835260000000006,-0.5265690000000338,0.5134210000000551,0.1370804104509382,-0.4290169477083866,5.6834799875729045,0.0007951200000004,-1.7360000000013996e-05,0.0110490800000007,5.701297339158178,1.0,152.0,2144.67,318947.3684210526,13313.610019257043
11.9570097,12.5158172,0.2735260000000004,-0.4915690000000337,-0.086578999999945,0.1696987142624605,-0.4439704676603784,4.30410570593384,-4.879999999594584e-06,-0.00121736,0.0090490800000007,4.330269432452114,1.0,50.34,166.67,983245.9276916964,289994.0001199976
12.0678455,12.626653,0.2285260000000004,-0.3715690000000335,-0.076578999999945,0.1837618018634295,-0.4266623738161573,3.2568713826195053,0.0003951200000004,-0.00161736,0.0074490800000007,3.2898359205255847,1.0,39.1,40.57,1268772.378516624,1222437.7618930244
12.177822,12.7366295,0.2985260000000007,-0.4365690000000339,1.943421000000056,0.2111970124398651,-0.4290306243670237,2.9428815808001034,0.0031951200000004,-0.00601736,0.0074490800000007,2.981480077632718,1.0,88.95,1091.4,552113.5469364811,35812.71761040864
12.2886771,12.8474846,-0.0314739999999993,0.0184309999999663,6.178421000000055,0.1531847539551963,-0.3220616907735224,3.7163606512369824,0.0063951200000004,-0.01721736,0.0082490800000007,3.7334335124079527,1.0,184.75,2995.11,260635.9945872801,6693.877687296961
12.3990439,12.9578514,0.1735260000000007,-0.4015690000000338,5.528421000000055,0.1580474757594491,-0.3410684873739686,4.149546767227298,0.0083951200000004,-0.01481736,0.0114490800000007,4.166538742299179,1.0,197.46,3242.91,243215.8411830244,5418.250891945815
12.5103521,13.0691596,0.2135260000000003,-0.5965690000000337,0.213421000000055,0.1713100177344136,-0.4021477305534633,3.2085874695314627,0.0019951200000004,-0.00321736,0.0090490800000007,3.238225357969976,1.0,175.46,2651.03,274965.23424142256,8860.593806935414
12.6206441,13.1794516,0.3385260000000003,-0.5265690000000338,-0.0665789999999449,0.2112842061981588,-0.4318915337854778,2.4256352664624643,0.0003951200000004,-0.00121736,0.0082490800000007,2.472827886985018,1.0,43.01,37.63,1152520.344106022,1318727.0794578793
12.7311749,13.2899824,0.1785260000000006,-0.3665690000000337,0.7184210000000549,0.2034531203739607,-0.4162757102195141,2.017513363813403,-0.0024048799999995,-0.00281736,0.0078490800000007,2.070033529263315,1.0,42.03,154.94,1179626.45729241,312705.5634439138
12.8503316,13.4091391,0.1785260000000006,-0.2715690000000339,3.863421000000055,0.1974941121847524,-0.3816825258366088,2.4587909183619523,-0.0028048799999995,-0.00041736,0.0074490800000007,2.4960645534712977,1.0,158.36,2456.99,305736.2970447082,10350.1031750231
12.961203,13.5200105,0.0285260000000007,-0.1815690000000336,4.713421000000055,0.1571010644071263,-0.3338439419431714,2.997776525947496,-0.0036048799999995,-0.00361736,0.0114490800000007,3.0203967655809474,1.0,188.17,3057.18,255717.17064356702,6354.941482019379
13.0711914,13.6299989,0.2935260000000004,-0.0565690000000338,1.083421000000055,0.1897144307412258,-0.2675593641454301,2.540136008910722,-0.0016048799999995,-0.00201736,0.0090490800000007,2.561224418581524,1.0,182.8,2864.61,263522.9759299781,7454.382970107623
13.1811903,13.7399978,0.2485260000000004,-0.5015690000000339,-0.0665789999999449,0.2037737612044161,-0.3235010579909798,1.916981956136228,0.0003951200000004,-0.00161736,0.0086490800000007,1.9547369389328464,1.0,71.36,519.55,690672.6457399103,86237.12828409202
13.2920021,13.8508096,0.2935260000000004,-0.456569000000034,-0.086578999999945,0.225229682223732,-0.3553119107592524,1.438016236627538,0.0003951200000004,-0.00121736,0.0090490800000007,1.4982875760301897,1.0,38.61,41.54,1285001.295001295,1193659.123736158
13.402902,13.9617095,0.1235260000000004,-0.3215690000000337,1.8034210000000552,0.200916682320343,-0.3472454241966103,1.5253688848534923,-0.0016048799999995,0.0019826399999999,0.0070490800000007,1.5772435236003617,1.0,70.87,723.36,695517.1440666008,59121.87569121875
13.5136753,14.0724828,-0.0064739999999994,-0.7865690000000336,4.698421000000055,0.1513384416021157,-0.4522688984948964,2.283909913872451,0.0119951200000004,0.0063826399999999,0.0034490800000007,2.333172727240144,1.0,159.34,2439.88,303794.40190786996,10492.811121858453
13.6236834,14.1824909,-0.1664739999999995,-0.5265690000000338,5.958421000000056,0.07536308168378,-0.4700308744747069,3.1623283322488103,0.0083951200000004,0.0075826399999999,0.0034490800000007,3.197957019408465,1.0,186.22,2993.65,258499.62410052627,6702.019274130242
13.7336638,14.2924713,0.1185260000000005,-1.0915690000000338,3.783421000000055,0.0856814890993906,-0.6186140531309829,3.310805021006378,0.0151951200000004,0.0063826399999999,0.0046490800000007,3.36919197307403,1.0,190.13,3087.49,252977.96244674697,6194.384435253233
13.8438305,14.402638,0.2685260000000005,-0.4665690000000337,0.0134210000000549,0.1293917902277446,-0.5822665848657587,2.522541551766359,0.0007951200000004,-0.00161736,0.0078490800000007,2.5921019446806883,1.0,139.78,1866.08,347704.9649449134,16794.13529966561
13.9545363,14.5133438,0.2735260000000004,-0.4915690000000337,-0.0565789999999449,0.1638481142432206,-0.5605846720395636,1.90598415330384,-4.879999999594584e-06,-0.00121736,0.0082490800000007,1.993458545270536,1.0,40.08,54.74,1237504.99001996,903408.8417975886
14.0655195,14.624327,0.2285260000000004,-0.3865690000000337,0.8684210000000551,0.1793098300412457,-0.5189849686170456,1.6579471865542863,-0.0004048799999995,0.0007826399999999,0.0082490800000007,1.7465068812355509,1.0,47.41,240.47,1044629.8249314493,197926.1446334262
14.1761848,14.7349923,-0.1214739999999996,-0.6415690000000336,3.518421000000055,0.1074052827245964,-0.5482895668184682,2.102706890997021,0.0011951200000004,0.0047826399999999,0.0050490800000007,2.175668543984928,1.0,142.23,2120.72,341543.27497714973,13576.898411860126
14.2862645,14.845072,-0.2214739999999992,-0.3415690000000337,5.348421000000055,0.02878431449338,-0.4988715220516254,2.8786182945293253,0.0003951200000004,0.0059826399999999,0.0066490800000007,2.9216681224728247,1.0,177.42,2774.68,271817.1570285199,8020.096011071549
14.3962123,14.9550198,-0.2914739999999995,-0.5515690000000337,5.608421000000055,-0.0477757490076459,-0.5114692348212574,3.531197350304104,0.0031951200000004,0.0079826399999999,0.0062490800000007,3.5683662966624667,1.0,184.75,2967.25,260635.9945872801,6850.619260257816
14.5070174,15.0658249,0.3635260000000007,-0.4765690000000335,1.878421000000055,0.0505489051763422,-0.5031260815815346,3.136089224751012,0.0003951200000004,0.0047826399999999,0.0086490800000007,3.176593564084256,1.0,178.4,2820.14,270269.05829596415,7729.616260185666
14.6170148,15.1758223,0.3135260000000004,-0.3965690000000339,-0.0565789999999449,0.1134154793380906,-0.4776528415026034,2.372858823031983,-4.879999999594584e-06,-0.00161736,0.0078490800000007,2.4231125235922755,1.0,85.53,783.97,574590.20226821,53777.95068688853
14.7362016,15.2950091,0.2735260000000004,-0.4415690000000338,-0.0465789999999449,0.1516910558783885,-0.469026738535791,1.7944747343592824,-4.879999999594584e-06,-0.00121736,0.0066490800000007,1.8609502492406504,1.0,38.61,43.99,1285001.295001295,1126621.9595362584
14.8461961,15.4050036,-0.0064739999999994,-0.6965690000000337,2.598421000000055,0.1138805567478717,-0.5234223598155301,1.9866638965555463,0.0055951200000004,-0.00441736,0.0094490800000007,2.0576134685205894,1.0,113.39,1603.13,430955.99259193934,21188.986545071202
14.9570515,15.515859,0.1585260000000006,-0.9515690000000336,2.443421000000056,0.1245533724585941,-0.6257739069162818,2.0958549815694507,0.0055951200000004,-0.00121736,0.0090490800000007,2.1908251023159195,1.0,175.95,2787.88,274171.63967036095,7934.774810967473
15.0678645,15.626672,0.2085260000000004,-0.4065690000000337,-0.0465789999999449,0.1446276356579371,-0.5733713904670441,1.5836906621662783,-4.879999999594584e-06,-0.00161736,0.0074490800000007,1.690487508925985,1.0,127.08,1617.79,383452.94302801386,20906.359910742434
15.178725,15.7375325,0.2735260000000004,-0.3915690000000336,-0.0565789999999449,0.1754417207655097,-0.5299102157562143,1.1915723507559794,0.0003951200000004,-0.00121736,0.0078490800000007,1.3158378704210072,1.0,39.1,34.7,1268772.378516624,1430922.190201729
15.2895297,15.8483372,0.1985260000000006,-0.4465690000000337,1.5934210000000553,0.1809601844683609,-0.5099868961052024,1.2876371731559737,-0.0016048799999995,0.0003826399999999,0.0082490800000007,1.396725711174155,1.0,53.76,415.93,920059.5238095238,110212.53576322939
15.3995647,15.9583722,-0.1864739999999995,-0.9015690000000338,4.178421000000055,0.0931223884696972,-0.6035974266779329,1.97869992886,0.0079951200000004,0.0099826399999999,-0.0061509199999992,2.070810237853072,1.0,171.55,2706.26,281460.2156805596,8475.682306947594
15.5103945,16.069202,0.0185260000000004,-0.6115690000000338,2.973421000000055,0.0752895829507471,-0.6055030888641233,2.216495186393792,0.0003951200000004,0.0031826399999999,0.0098490800000007,2.2989461549222376,1.0,184.26,2952.59,261355.69304244005,6934.284814349434
15.6203623,16.1791698,0.3285260000000005,-0.4815690000000339,0.5434210000000551,0.13582757772766,-0.5758757496695537,1.8165347164997936,0.0007951200000004,0.0007826399999999,0.0082490800000007,1.9104660128298068,1.0,154.45,2219.94,313729.36225315643,12523.131255799704
15.730355799999998,16.2891633,0.2335260000000003,-0.4665690000000337,-0.0665789999999449,0.1591830913072303,-0.5497451815716496,1.3663627796901614,-4.879999999594584e-06,-0.00121736,0.0078490800000007,1.4813866027955014,1.0,51.32,198.44,964279.0335151987,241965.32957065108
15.8404181,16.3992256,0.1885260000000004,-0.5165690000000336,-0.086578999999945,0.1661977255919858,-0.541814175715135,1.0190265517694723,0.0003951200000004,-0.00121736,0.0074490800000007,1.1660186097181302,1.0,38.61,32.75,1285001.295001295,1516717.5572519086
15.9506704,16.5094779,0.0585260000000005,-0.3715690000000335,2.523421000000055,0.1404580218105939,-0.5011158366755691,1.3786629117788087,-0.0036048799999995,0.0027826399999999,0.0094490800000007,1.473620358834807,1.0,114.37,1612.9,427177.5815336189,21000.062000124
16.0612518,16.6200593,-0.1714739999999994,-0.6165690000000337,4.153421000000055,0.0658884187212848,-0.528715749356987,2.0419888765402807,-0.0020048799999995,0.0031826399999999,0.0066490800000007,2.1103554675110896,1.0,179.86,2878.79,267993.9953297009,7368.408254857075
16.1712687,16.7300762,-0.0514739999999993,-0.5265690000000338,3.598421000000055,0.0378320847455395,-0.5282025534159257,2.4140652187130622,-0.0048048799999995,0.0039826399999999,0.0062490800000007,2.471465169544463,1.0,184.75,2996.09,260635.9945872801,6688.417237132396
16.2821097,16.8409172,0.2485260000000004,-0.5015690000000339,0.0334210000000549,0.0881999871579366,-0.5218356100814356,1.8449550213826944,0.0003951200000004,-0.00121736,0.0078490800000007,1.9193620483402665,1.0,153.96,2172.53,314759.67783839954,13014.641915186437
16.392932899999998,16.9517404,0.2535260000000003,-0.4515690000000336,-0.076578999999945,0.1277223647785854,-0.5050378693628409,1.3855984331574798,-4.879999999594584e-06,-0.00121736,0.0090490800000007,1.480290265428931,1.0,40.08,32.75,1237504.99001996,1516717.5572519086
16.503762,17.0625695,0.2335260000000003,-0.5765690000000336,1.2384210000000548,0.1530154880625348,-0.5221379028547016,1.350414604608718,-0.0008048799999995,0.0003826399999999,0.0070490800000007,1.4559056746661307,1.0,54.74,376.34,903408.8417975886,122858.58532178351
16.6141248,17.1729323,-0.0514739999999993,-0.5265690000000338,4.153421000000055,0.1041307987887344,-0.523197188635814,2.020493531253974,-0.0052048799999995,0.0019826399999999,0.0050490800000007,2.089730277163049,1.0,166.67,2609.48,289994.0001199976,9160.905621043274
16.7254107,17.2842182,0.0485260000000007,-0.6115690000000338,4.843421000000055,0.0908380699708688,-0.5443231085059919,2.69533473438676,-0.0036048799999995,0.0047826399999999,0.0038490800000007,2.751248540535988,1.0,190.13,3089.93,252977.96244674697,6181.59634684281
16.835775299999998,17.3945828,0.3385260000000003,-0.7165690000000338,0.5434210000000551,0.1500496588455114,-0.5854997331049054,2.180904211594566,0.0023951200000004,0.0003826399999999,0.0086490800000007,2.2631102531110776,1.0,177.91,2749.76,271040.97577426786,8183.405097172116
16.9471158,17.5059233,0.2485260000000004,-0.5015690000000339,-0.076578999999945,0.1735911395532425,-0.5654354850732451,1.641236542683042,0.0003951200000004,-0.00161736,0.0094490800000007,1.7445654360182636,1.0,47.41,100.68,1044629.8249314493,486622.9638458482
17.057431,17.6162385,0.1885260000000004,-0.4165690000000339,-0.026578999999945,0.1771614258266575,-0.5298478764629613,1.2425331895544935,0.0011951200000004,-1.7360000000013996e-05,0.0082490800000007,1.3623559263781646,1.0,38.61,31.77,1285001.295001295,1563811.7721120554
17.1689056,17.7277131,0.2735260000000004,-0.3415690000000337,0.4984210000000549,0.2001980733829631,-0.484838450991194,1.0646477954647393,0.0039951200000004,-0.00721736,0.0062490800000007,1.186854043483747,1.0,39.1,43.5,1268772.378516624,1139425.2873563217
17.2787739,17.8375814,0.3185260000000003,-0.5265690000000338,3.9234210000000553,0.2284852189956412,-0.494814440176997,1.7480581806735822,0.0103951200000004,-0.06201736,0.0102490800000007,1.8310527650854287,1.0,119.75,1710.17,407536.5344467641,19236.859493500648
17.3979911,17.9567986,-0.0514739999999993,-0.3665690000000337,6.368421000000056,0.1615589453783267,-0.4641564413075615,2.852589288335821,0.0135951200000004,-0.10521736,0.0062490800000007,2.894617097781212,1.0,183.28,2938.91,262806.63465735485,7013.1103027993395
17.500856,18.0596635,-0.0714739999999993,-0.0765690000000336,8.068421000000056,0.1058507364463629,-0.3715008636822133,4.099471536146857,0.0155951200000004,-0.12961736,0.0014490800000007,4.117630889941586,1.0,192.57,3194.53,249645.84307005248,5651.754718221458
17.6116505,18.170458,-0.2114739999999995,-0.3065690000000336,9.548421000000054,0.0299919659685021,-0.3559784326264837,5.402082266570551,0.0191951200000004,-0.15321736,0.0018490800000007,5.413881507505856,1.0,197.95,3304.5,242589.0376357666,5130.882130428205
17.722457,18.2812645,0.0085260000000007,-0.7765690000000338,10.853421000000056,0.0248603717419506,-0.4565236459396486,6.705264169145614,0.0267951200000004,-0.16881736,0.0102490800000007,6.7208332411549385,1.0,200.88,3368.04,238904.81879729193,4845.429389199654
17.8336479,18.3924554,0.1585260000000006,-0.9665690000000338,12.468421000000056,0.0568141057254984,-0.5784536721968547,8.08298844036265,0.0379951200000004,-0.18721736,0.0178490800000007,8.103859489189311,1.0,204.3,3444.28,234738.13020068526,4516.822093441879
17.953003,18.5118105,0.1835260000000005,-0.5765690000000336,14.548421000000056,0.0871054993692119,-0.5780031276940664,9.628596797511712,0.0375951200000004,-0.21921736,0.0050490800000007,9.646323199680658,1.0,205.28,3484.85,233569.75837879968,4347.819848773979
18.06298,18.6217875,0.4285260000000006,-0.0415690000000337,15.568421000000056,0.1687245363337795,-0.4497646744775095,11.048554680094146,0.0263951200000004,-0.23281736,0.0018490800000007,11.058992573946288,1.0,207.23,3542.03,231277.80726728754,4116.198902889021
18.1738134,18.7326209,0.5535260000000006,0.1784309999999662,15.618421000000057,0.2607141058791554,-0.2995899606526804,12.141014234802846,0.0203951200000004,-0.23041736,0.0054490800000007,12.14750808352123,1.0,210.65,3574.78,227360.55067647758,3986.874716765787
18.2837793,18.8425868,0.2185260000000006,-0.0715690000000337,16.683421000000052,0.2506287344182909,-0.2450799028740167,13.226909384601296,0.0215951200000004,-0.25201736,0.0086490800000007,13.231553604538004,1.0,210.17,3597.75,227902.65023552364,3897.5748731846284
18.3945814,18.9533889,0.5985260000000006,0.1634309999999663,16.663421000000053,0.3337960888300046,-0.1474224206182668,14.048432310284404,0.0151951200000004,-0.24681736,0.0082490800000007,14.053170588008314,1.0,210.17,3619.75,227902.65023552364,3813.108640099454
18.504615,19.0634225,0.4885260000000007,0.1534309999999663,16.863421000000052,0.3707853918038323,-0.0755012371714934,14.721375690943317,0.0091951200000004,-0.25041736,0.0130490800000007,14.726237960778928,1.0,212.12,3633.43,225715.63266075807,3761.101768852022
18.6154221,19.1742296,0.4585260000000004,0.2834309999999662,16.793421000000055,0.3917604179971214,0.0103041069110888,15.216713089721967,0.0131951200000004,-0.24721736,0.0098490800000007,15.221758756945416,1.0,212.12,3639.79,225715.63266075807,3737.056258740201
18.7254512,19.2842587,0.7135260000000005,-0.0565690000000338,14.418421000000055,0.468680804684207,-0.0056823923613049,15.025875599122674,0.0223951200000004,-0.20521736,0.0138490800000007,15.033184343530566,1.0,211.63,3630.99,226261.3996125313,3770.3491334319297
18.8362622,19.3950697,0.3435260000000006,0.2334309999999662,8.138421000000056,0.4387616445548626,0.0514793913447137,13.379379824911757,0.0107951200000004,-0.12041736,0.0046490800000007,13.386671222067172,1.0,207.72,3502.93,230708.64625457345,4273.7651052119245
18.9471155,19.505923,0.0785260000000005,-0.1665690000000339,2.288421000000055,0.3526447115219706,-0.0006466517029384,10.728006001047904,-0.0056048799999995,-0.04001736,0.0074490800000007,10.7338004205986,1.0,191.1,3043.99,251643.11878597594,6425.809546023477
19.057118,19.6159255,0.2035260000000005,-0.6415690000000336,0.633421000000055,0.3169968063571252,-0.1538637688368845,8.314822537195308,0.0019951200000004,-0.01521736,0.0134490800000007,8.322285434882195,1.0,136.36,1876.34,356676.44470519206,16647.622499120633
19.1679643,19.7267718,0.3135260000000004,-0.4215690000000338,-0.086578999999945,0.3161670850257006,-0.2178606381448045,6.306406811274842,0.0003951200000004,-0.00121736,0.0082490800000007,6.318084500273816,1.0,73.8,616.81,667506.7750677507,71062.23958755533
19.2780232,19.8368307,0.2735260000000004,-0.3665690000000337,-0.076578999999945,0.3059734256277094,-0.2534104462576091,4.780507944885074,0.0003951200000004,-0.00081736,0.0082490800000007,4.796987888516308,1.0,39.1,39.59,1268772.378516624,1252945.1881788329
19.3887798,19.9475873,0.3585260000000003,-0.4165690000000339,-0.076578999999945,0.3185364981507435,-0.2924146771236084,3.6193862250051416,0.0003951200000004,-0.00161736,0.0082490800000007,3.6451239333949146,1.0,39.59,32.75,1252945.1881788329,1516717.5572519086
19.4987963,20.0576038,0.1735260000000007,-0.5665690000000339,0.6584210000000551,0.283870691068424,-0.3579532483913149,2.9115460991076287,-0.0008048799999995,-0.00241736,0.0066490800000007,2.9471704708941435,1.0,43.01,130.99,1152520.344106022,371708.52736850135
19.6100272,20.1688347,-0.0464739999999994,-0.7915690000000339,3.728421000000055,0.2048994063870761,-0.4616122260847571,3.106825944952228,0.0063951200000004,-0.00161736,0.0054490800000007,3.1476081500461595,1.0,154.45,2420.33,313729.36225315643,10658.339978432694
19.7208409,20.2796484,-0.3114739999999996,-1.3065690000000336,6.963421000000055,0.0814566135097882,-0.6636052465279871,4.028772851402671,0.0175951200000004,-0.00081736,0.0034490800000007,4.083872891178564,1.0,187.68,3068.91,256410.9121909633,6292.429559680799
19.8321577,20.3909652,-0.5314739999999993,-1.2865690000000336,10.068421000000056,-0.0650688772218574,-0.8125292318431078,5.472594369391794,0.0227951200000004,-0.00241736,0.0026490800000007,5.532967272926999,1.0,198.44,3311.83,241965.32957065108,5097.393284075571
19.9424916,20.5012991,-0.7464739999999996,-1.0915690000000338,12.833421000000056,-0.2279636940273002,-0.8792357040956726,7.232253147184622,0.0203951200000004,-0.00041736,0.0038490800000007,7.289067735596443,1.0,202.83,3460.9,236511.85722033228,4447.109133462394
20.0533735,20.612181,-0.4364739999999996,-1.3665690000000337,14.778421000000057,-0.2778095888673488,-0.9957362487876152,9.036219082978908,0.0295951200000004,0.0019826399999999,0.0038490800000007,9.095159380704027,1.0,208.21,3558.16,230142.1641611834,4052.2067585493637
20.1729564,20.7317639,0.0485260000000007,-0.7565690000000338,14.623421000000056,-0.1997967090273612,-0.9385615903138492,10.371880061014298,0.0159951200000004,0.0075826399999999,0.0042490800000007,10.416175525778,1.0,209.19,3603.13,229017.16143219083,3876.823761562862
20.2829633,20.8417708,1.0385260000000005,-1.4715690000000337,7.563421000000055,0.096233279726786,-1.065980861837353,9.700497635263952,0.0107951200000004,0.0167826399999999,0.0110490800000007,9.759366291603774,1.0,209.68,3591.89,228458.6035864174,3920.248114502394
20.3938043,20.9526118,0.3335260000000004,-0.7165690000000338,1.043421000000055,0.1529598186183283,-0.982451432249882,7.630960930252805,0.0039951200000004,-1.7360000000013996e-05,0.0086490800000007,7.695464394166628,1.0,186.22,2926.69,258499.62410052627,7084.146253959251
20.5037894,21.0625969,0.2535260000000003,-0.331569000000034,-0.086578999999945,0.1770008907285597,-0.8268532850992615,5.786027261421958,-4.879999999594584e-06,-0.00081736,0.0094490800000007,5.847488960256037,1.0,89.93,876.34,545987.9906594018,47055.48074948079
20.6146479,21.1734554,0.2485260000000004,-0.4315690000000336,-0.0665789999999449,0.1940994847694414,-0.7323577213665042,4.386919457679908,0.0003951200000004,-0.00121736,0.0086490800000007,4.451863067324003,1.0,43.01,91.4,1152520.344106022,537045.9518599563
20.7254793,21.2842868,0.2735260000000004,-0.4165690000000339,-0.0665789999999449,0.2130869669815309,-0.6568661463890666,3.32227848103248,-4.879999999594584e-06,-0.00121736,0.0082490800000007,3.3932894800327444,1.0,38.12,34.21,1301647.429171039,1451560.9470914935
20.8363045,21.395112,0.2285260000000004,-0.3915690000000336,-0.0665789999999449,0.2167777793501599,-0.593444947141466,2.5121476204045576,0.0003951200000004,-0.00121736,0.0086490800000007,2.590377419916257,1.0,38.61,38.12,1285001.295001295,1301647.429171039
20.946333,21.5051405,0.4235260000000007,-0.4865690000000338,1.753421000000055,0.2662024349651608,-0.5678954799470726,2.3307685410511367,0.0011951200000004,-0.02241736,0.0110490800000007,2.413679971429382,1.0,76.25,859.24,645737.7049180327,48190.95945253945
21.0563087,21.6151162,-0.0814739999999996,-0.5565690000000336,3.7584210000000553,0.1830878717075275,-0.5651878030976513,2.6720591741684374,0.0067951200000004,-0.05441736,0.0098490800000007,2.737308651174444,1.0,158.36,2408.11,305736.2970447082,10763.17111759845
21.1663019,21.7251094,-0.1764739999999993,-0.5215690000000339,5.598421000000055,0.0971320089408637,-0.5547604131319136,3.3716271075320483,0.0087951200000004,-0.08081736,0.0074490800000007,3.41834215598499,1.0,182.31,2930.11,264258.1317536065,7064.20578067035
21.2769727,21.8357802,-0.2664739999999996,-0.4315690000000336,7.148421000000055,0.0102093659552978,-0.5253106159359291,4.274496969615254,0.0083951200000004,-0.10241736,0.0090490800000007,4.306666903490237,1.0,191.1,3153.47,251643.11878597594,5855.549600915817
21.3871953,21.9460028,-0.3564739999999995,-0.4465690000000337,8.098421000000055,-0.0774489414541975,-0.5064868638476748,5.188633631617238,0.0103951200000004,-0.11241736,0.0134490800000007,5.213870562732845,1.0,197.95,3274.68,242589.0376357666,5268.667472852311
21.4971735,22.055981,-0.4814739999999995,-0.561569000000034,8.878421000000055,-0.1740340502193027,-0.5196546463868037,6.070703955616622,0.0127951200000004,-0.12401736,0.0146490800000007,6.095389677361607,1.0,198.92,3331.87,241357.32957973055,5006.587892084626
21.6088053,22.1676128,-0.5214739999999995,-0.7615690000000337,9.888421000000056,-0.257092079985313,-0.5774860201131568,6.983356792778128,0.0159951200000004,-0.13921736,0.0202490800000007,7.011908337696503,1.0,201.37,3381.72,238299.1508169042,4785.3754893959285
21.7188122,22.2776197,-0.6514739999999994,-0.9265690000000336,10.583421000000056,-0.3513719268262765,-0.6609368280946593,7.843978146976815,0.0159951200000004,-0.14921736,0.0206490800000007,7.879612483615121,1.0,205.28,3438.91,233569.75837879968,4539.490710719385
21.8288487,22.3876562,-0.0514739999999993,-0.3515690000000335,5.448421000000055,-0.2796791610725853,-0.5869802140358894,7.271302906419809,0.0079951200000004,-0.07641736,0.0082490800000007,7.300315894652576,1.0,202.35,3389.05,237096.61477637757,4753.396969652262
21.9396825,22.49849,0.3135260000000004,-0.6315690000000338,0.578421000000055,-0.1378691822350418,-0.597639485412649,5.671321139916892,0.0023951200000004,-0.01001736,0.0114490800000007,5.704389918124698,1.0,164.71,2406.16,293563.83947544167,10779.998005120195
22.0588553,22.6176628,0.2085260000000004,-0.3815690000000338,-0.0565789999999449,-0.0550609116978142,-0.5459862750656954,4.302025235349101,-4.879999999594584e-06,-0.00121736,0.0074490800000007,4.336882963850603,1.0,49.36,142.23,1002965.9643435981,341543.27497714973
22.1690953,22.7279028,0.2935260000000004,-0.4065690000000337,-0.0565789999999449,0.0282713075996894,-0.5126575683651307,3.260069408028771,0.0003951200000004,-0.00121736,0.0074490800000007,3.30025295915336,1.0,39.1,38.61,1268772.378516624,1285001.295001295
22.2805106,22.8393181,0.1335260000000007,-0.5865690000000339,0.8884210000000551,0.0534332021369048,-0.5303266300048618,2.6931097242247173,0.0007951200000004,0.0003826399999999,0.0074490800000007,2.7453490539996275,1.0,42.03,102.15,1179626.45729241,479476.2604013705
22.3905548,22.9493623,-0.1614739999999996,-0.7565690000000338,3.868421000000056,0.0020580830601155,-0.5844115028390097,2.974076374689906,0.0103951200000004,0.0051826399999999,0.0050490800000007,3.0309522138834666,1.0,152.0,2365.59,318947.3684210526,11136.376126040437
22.5005198,23.0593273,-0.5664739999999995,-0.8465690000000337,5.988421000000055,-0.1338536182498367,-0.6470821462590509,3.69467723182235,0.0175951200000004,0.0059826399999999,0.0042490800000007,3.753301472366996,1.0,182.8,2984.85,263522.9759299781,6751.2605323550615
22.6121723,23.1709798,-0.9264739999999994,-0.4965690000000335,8.398421000000056,-0.3233352460882744,-0.6111008913974607,4.819141157618989,0.0231951200000004,0.0079826399999999,0.0030490800000007,4.868481434481088,1.0,193.06,3199.41,248986.8434683518,5627.881390631397
22.7221765,23.280984,-1.1064739999999995,-0.5265690000000338,10.268421000000057,-0.5105502223003454,-0.5908929321334315,6.121830867416295,0.0295951200000004,0.0147826399999999,0.0086490800000007,6.171436555291412,1.0,198.92,3346.04,241357.32957973055,4943.03714241312
22.8338223,23.3926298,-0.5414739999999996,-0.4965690000000335,8.348421000000055,-0.5179427747407788,-0.5683441147975784,6.654113322630723,0.0255951200000004,0.0147826399999999,0.0074490800000007,6.698395618440501,1.0,204.79,3413.0,234152.54651106012,4649.86815118664
22.9446881,23.5034956,0.5035260000000004,-0.3515690000000335,1.298421000000055,-0.2737532854462365,-0.5165224577061891,5.373796385469556,0.0011951200000004,0.0039826399999999,0.0082490800000007,5.405499412921356,1.0,189.15,3039.1,254340.47052603753,6452.239149748282
23.0546854,23.6134929,0.2335260000000003,-0.3665690000000337,-0.086578999999945,-0.1524845078722453,-0.4806750004361328,4.068454205947075,-4.879999999594584e-06,-0.00121736,0.0082490800000007,4.099587736233214,1.0,82.11,764.42,598939.227865059,55409.06831323096
23.1646744,23.7234819,0.3385260000000003,-0.5265690000000338,-0.0665789999999449,-0.0351048990966322,-0.4916462925522691,3.079944648195377,-4.879999999594584e-06,-0.00121736,0.0074490800000007,3.11913569228213,1.0,39.59,39.1,1252945.1881788329,1268772.378516624
23.2754985,23.834306,0.2535260000000003,-0.4315690000000336,-0.0565789999999449,0.0338944022896654,-0.4772843817926846,2.3301360130685365,-4.879999999594584e-06,-0.00121736,0.0078490800000007,2.378756618699932,1.0,38.61,37.63,1285001.295001295,1318727.0794578793
23.3854954,23.9443029,0.1335260000000007,-0.6965690000000337,2.293421000000055,0.0577120554221951,-0.5297059538018632,2.3213590239795554,0.0039951200000004,-0.00401736,0.0086490800000007,2.381727691623354,1.0,83.09,982.89,591757.1308220002,40870.39241420708
23.4963631,24.0551706,-0.0964739999999992,-0.5865690000000339,5.203421000000056,0.0208527650934816,-0.5432994757520442,3.0103367582409497,0.0119951200000004,-0.00841736,0.0066490800000007,3.05904177091146,1.0,165.2,2545.94,292663.4382566586,9639.111683700323
23.606683,24.1654905,-0.1714739999999994,-0.6365690000000337,7.403421000000055,-0.0251243373957909,-0.5655962292662583,4.060535280163747,0.0163951200000004,-0.01081736,0.0086490800000007,4.09981427485981,1.0,181.82,2920.33,264997.25002749974,7121.352723836006
23.7180457,24.2768532,-0.4064739999999993,-0.2915690000000339,8.973421000000055,-0.1162887289628257,-0.5000880406441451,5.2349961002644125,0.0171951200000004,-0.01281736,0.0098490800000007,5.260113619178078,1.0,191.1,3145.16,251643.11878597594,5897.442419463557
23.8297193,24.3885268,-0.3364739999999995,-0.6315690000000338,10.338421000000055,-0.1689256085369393,-0.5315195137454336,6.45500668770087,0.0227951200000004,-0.01281736,0.0090490800000007,6.479055501612462,1.0,197.46,3257.58,243215.8411830244,5348.817220145017
23.94053,24.4993375,-0.2264739999999996,-0.6815690000000336,11.493421000000057,-0.1826829672233595,-0.5673899273336684,7.659476024599468,0.0263951200000004,-0.00961736,0.0126490800000007,7.68263479332236,1.0,198.44,3355.33,241965.32957065108,4901.663919793285
24.0505521,24.6093596,0.2235260000000005,-0.5965690000000337,8.213421000000055,-0.085575779313178,-0.5743653954328243,7.791900572451823,0.0219951200000004,-0.00441736,0.0146490800000007,7.813509669313196,1.0,203.81,3369.5,235326.5296109121,4838.996883810653
24.1605572,24.7193647,0.3335260000000004,0.0884309999999661,1.5984210000000552,0.0146135284597297,-0.4159191293214895,6.311304541371991,-0.0032048799999995,-0.00081736,0.0078490800000007,6.3250112483135,1.0,180.35,2817.69,267238.7025228722,7745.032278213713
24.2713638,24.8301713,0.2285260000000004,-0.4915690000000337,-0.086578999999945,0.0657508500018472,-0.4340037773724099,4.781844264987098,0.0003951200000004,-0.00121736,0.0082490800000007,4.801949294571891,1.0,86.51,810.36,567967.8649867068,51700.97240732514
24.3813431,24.9401506,0.2735260000000004,-0.3665690000000337,-0.076578999999945,0.1154210004957,-0.4178830067189648,3.62040308813372,-4.879999999594584e-06,-0.00121736,0.0090490800000007,3.646267507359832,1.0,43.01,86.02,1152520.344106022,571260.172053011
24.4922015,25.051009,0.1885260000000004,-0.4165690000000339,-0.076578999999945,0.1328972787092588,-0.4175688839209314,2.7366128144060413,-4.879999999594584e-06,-0.00121736,0.0082490800000007,2.771475266979421,1.0,43.01,82.11,1152520.344106022,598939.227865059
24.602204,25.1610115,0.2035260000000005,-0.581569000000034,3.298421000000056,0.1497815847281966,-0.4567742963426322,2.8709171194559047,0.0067951200000004,-0.08321736,0.0174490800000007,2.910883437671111,1.0,109.97,1521.02,444669.45530599257,22872.677545331422
24.7130516,25.2718591,0.1885260000000004,-1.066569000000034,5.793421000000055,0.1590437170734935,-0.602550125171473,3.569562783130252,0.0163951200000004,-0.14001736,0.0358490800000007,3.623553507262353,1.0,178.89,2857.28,269501.3695567108,7499.160040318063
24.8234662,25.3822737,0.1185260000000005,-1.1315690000000338,7.448421000000055,0.1493576641228609,-0.7290159086256389,4.496831859234652,0.0175951200000004,-0.17881736,0.0426490800000007,4.557989543328207,1.0,190.13,3089.44,252977.96244674697,6184.162825625357
24.934276,25.4930835,-0.0564739999999996,-0.4315690000000336,9.843421000000056,0.1001521179664821,-0.6579090764780195,5.774972615013084,0.0115951200000004,-0.23721736,0.0314490800000007,5.813190475444306,1.0,197.95,3268.82,242589.0376357666,5296.039549439859
25.0455896,25.6043971,0.1785260000000006,-0.4365690000000339,10.838421000000055,0.1188879606090067,-0.6049961323214149,6.985426527824092,0.0111951200000004,-0.25881736,0.0334490800000007,7.0125842913244325,1.0,201.37,3391.5,238299.1508169042,4742.739200943535
25.1647311,25.7235386,0.1735260000000007,-0.2565690000000338,10.018421000000057,0.1319495786093491,-0.5217021094380316,7.710485765569043,0.0095951200000004,-0.23761736,0.0294490800000007,7.729241523159314,1.0,205.77,3424.24,232989.74583272586,4601.780249047964
25.2747005,25.833508,0.7285260000000005,-0.8565690000000339,4.303421000000055,0.2745654815785982,-0.601754458574928,6.896002322050321,0.0155951200000004,-0.09641736,0.0294490800000007,6.927650587162484,1.0,197.46,3255.13,243215.8411830244,5360.369631934823
25.3853897,25.9441972,0.5985260000000006,-0.2965690000000338,0.9584210000000548,0.3520105836718978,-0.5287976701616591,5.476580616238304,0.0007951200000004,-0.02041736,0.0090490800000007,5.513299708263877,1.0,163.25,2394.43,296278.71362940274,10881.796502716723
25.4956296,26.0544371,0.2985260000000007,-0.4315690000000336,-0.0665789999999449,0.3392247075933206,-0.5055544542174616,4.1514482683495,-4.879999999594584e-06,-0.00121736,0.0086490800000007,4.195852885076281,1.0,76.74,644.67,641550.6906437321,67559.06122512293
25.6057898,26.1645973,0.1885260000000004,-0.4165690000000339,-0.0365789999999449,0.3031990929543425,-0.4842818385905073,3.1502700971720268,-4.879999999594584e-06,-0.00121736,0.0082490800000007,3.2016652345760934,1.0,43.01,86.02,1152520.344106022,571260.172053011
25.7164132,26.2752207,0.2335260000000003,-0.3915690000000336,-0.096578999999945,0.286543236792308,-0.4621181648040028,2.374087366519225,-4.879999999594584e-06,-0.00081736,0.0078490800000007,2.435559699259992,1.0,43.01,87.49,1152520.344106022,561493.8850154304
25.8265055,26.385313,0.2085260000000004,-0.4815690000000339,-0.0665789999999449,0.2678926527709613,-0.466768027462875,1.7906284411791662,0.0003951200000004,-0.00121736,0.0074490800000007,1.8697564224331404,1.0,42.52,89.44,1165917.2154280338,549033.9892665475
25.9372419,26.4960494,0.1985260000000006,-0.7465690000000336,0.7934210000000551,0.2513100533483688,-0.5336564711211785,1.5522387989269693,0.0003951200000004,-1.7360000000013996e-05,0.0062490800000007,1.6605394487869625,1.0,46.92,222.39,1055643.6487638534,214830.2531588651
26.048075,26.6068825,-0.2514739999999995,-0.956569000000034,3.308421000000055,0.1311158934791797,-0.6347567661051328,1.9720668400700083,0.0083951200000004,-0.00041736,0.0054490800000007,2.075850464591031,1.0,140.27,2060.61,346455.4074285306,14264.659494033318
26.1580613,26.7168688,-0.2714739999999995,-0.9465690000000336,6.078421000000056,0.0348738712903244,-0.7092977330278943,2.9537204647050856,0.0103951200000004,0.0055826399999999,0.0070490800000007,3.037891381302977,1.0,173.51,2713.1,278167.8289435768,8429.103239836351
26.2689041,26.8277116,-0.8114739999999996,-0.0115690000000336,8.768421000000055,-0.1674517010291565,-0.5425006392768509,4.343766630800284,-0.0008048799999995,0.0059826399999999,0.0062490800000007,4.380714046664927,1.0,187.19,3049.36,257108.2856990224,6396.8832804260555
26.3797799,26.9385874,-0.4014739999999994,0.2534309999999662,10.448421000000057,-0.2233964220841166,-0.3522274314074312,5.803128355404038,-0.0060048799999995,0.0143826399999999,0.0106490800000007,5.818098386425778,1.0,195.01,3242.42,246397.10784062356,5420.580924124574
26.4897435,27.048551,-0.4164739999999995,0.2584309999999663,12.193421000000056,-0.2695530118021639,-0.2062451222207208,7.330773973080964,-0.0096048799999995,0.0175826399999999,0.0122490800000007,7.338626773519193,1.0,201.37,3368.52,238299.1508169042,4843.3139776519065
26.5997668,27.1585743,-0.9764739999999996,0.1034309999999663,14.708421000000056,-0.4385475805528626,-0.1322148082241191,9.09445378811589,-0.0052048799999995,0.0171826399999999,0.0070490800000007,9.105981245318814,1.0,204.79,3449.66,234152.54651106012,4494.182035331018
26.7105745,27.269382,-0.5914739999999994,0.3334309999999663,15.818421000000056,-0.4751057458026186,-0.0208988141241143,10.701866721438218,-0.0036048799999995,0.0303826399999999,0.0154490800000007,10.71242799525641,1.0,207.23,3529.33,231277.80726728754,4166.99486871446
26.8209344,27.3797419,-0.3264739999999992,0.2684309999999663,14.138421000000056,-0.4395742533106349,0.0482675679481848,11.52339984605864,-0.0044048799999995,0.0291826399999999,0.0126490800000007,11.531881862663766,1.0,209.19,3547.9,229017.16143219083,4092.843653992502
26.9405706,27.4993781,-0.2064739999999996,0.3434309999999663,6.998421000000056,-0.3838499539312462,0.1188285185258857,10.441670966222778,-0.0080048799999995,0.0107826399999999,0.0150490800000007,10.449399675139611,1.0,204.3,3415.93,234738.13020068526,4637.302286639364
27.0505894,27.6093969,0.3485260000000005,-0.9315690000000336,1.523421000000055,-0.208770191745213,-0.1322765959404769,8.30969888983146,0.0011951200000004,0.0031826399999999,0.0054490800000007,8.313373426621778,1.0,177.91,2756.11,271040.97577426786,8141.51104273777
27.1605781,27.7193856,0.2085260000000004,-0.4265690000000337,-0.0465789999999449,-0.1090125227232888,-0.2026293209846694,6.312070297768983,0.0003951200000004,-0.00081736,0.0094490800000007,6.316262646202311,1.0,84.56,777.13,581296.1210974456,54339.29973106173
27.2714132,27.8302207,0.2335260000000003,-0.4415690000000338,-0.0565789999999449,-0.0271262145013527,-0.2597495772605115,4.789598678494183,-4.879999999594584e-06,-0.00121736,0.0082490800000007,4.796713580716845,1.0,39.1,35.19,1268772.378516624,1410858.1983518044
27.3822385,27.941046,0.3185260000000003,-0.5165690000000336,-0.0565789999999449,0.0555044442322268,-0.3211441154299213,3.6310848975492864,0.0003951200000004,-0.00121736,0.0082490800000007,3.645681255871844,1.0,39.59,41.06,1252945.1881788329,1207730.1509985386
27.4922726,28.0510801,0.1685260000000004,-0.3815690000000338,-0.0665789999999449,0.0825230635622313,-0.3355891205722486,2.7471316323556905,0.0003951200000004,-0.00121736,0.0074490800000007,2.768783545052844,1.0,38.12,37.15,1301647.429171039,1335895.0201884252
27.6022795,28.161087,0.2435260000000005,-0.3465690000000336,1.103421000000055,0.1210119785402125,-0.3382139400638351,2.3541907321653834,0.0011951200000004,-0.02681736,0.0074490800000007,2.381437921008461,1.0,43.01,132.45,1152520.344106022,367500.94375235937
27.7133187,28.2721262,0.0885260000000003,-0.2415690000000336,3.3584210000000554,0.113245970704113,-0.3151102690161613,2.594259231859758,0.0127951200000004,-0.07521736,0.0082490800000007,2.6157790605495976,1.0,149.56,2290.81,324313.98769724526,11826.34090125327
27.8240071,28.3828146,-0.0914739999999993,-0.4815690000000339,5.463421000000055,0.0643061828899264,-0.3549034310909243,3.28015307824131,0.0243951200000004,-0.11801736,0.0182490800000007,3.299923627488056,1.0,181.33,2873.41,265740.3628743175,7400.927817471228
27.9340031,28.4928106,-0.2164739999999994,-0.1865690000000339,7.813421000000055,-0.0028163480766404,-0.3146618693562514,4.363863521500351,0.0359951200000004,-0.16881736,0.0174490800000007,4.375194265186941,1.0,191.59,3150.54,250973.954799311,5870.29525097285
28.0439831,28.6027906,-0.2014739999999992,-0.2415690000000336,8.573421000000055,-0.0503068947944571,-0.2971884909422152,5.370188644940099,0.0387951200000004,-0.18241736,0.0182490800000007,5.378640893855617,1.0,197.95,3286.9,242589.0376357666,5211.90179196203
28.1540043,28.7128118,-0.0814739999999996,-0.1465690000000337,8.998421000000056,-0.0577576164328763,-0.2611818136159221,6.237543798355201,0.0391951200000004,-0.18961736,0.0198490800000007,6.243276745301232,1.0,198.92,3347.02,241357.32957973055,4938.661854425728
28.2639856,28.8227931,0.0335260000000006,-0.3765690000000339,8.548421000000054,-0.0359356085272897,-0.2887659540331568,6.789975686285656,0.0387951200000004,-0.17721736,0.0238490800000007,6.796208278482883,1.0,201.37,3364.61,238299.1508169042,4860.563334234873
28.3739789,28.9327864,0.1935260000000003,-0.5315690000000337,5.958421000000056,0.0189188465324868,-0.3468097760862167,6.591186531701763,0.0311951200000004,-0.12361736,0.0218490800000007,6.6003314188932825,1.0,198.92,3303.52,241357.32957973055,5135.370756042039
28.4847782,29.0435857,0.2935260000000004,-0.456569000000034,1.9734210000000552,0.0845656702240647,-0.3730485114207177,5.487276324408018,0.0063951200000004,-0.04441736,0.0106490800000007,5.500592513980874,1.0,187.68,2998.53,256410.9121909633,6674.837336961777
28.5951059,29.1539134,0.2085260000000004,-0.5265690000000338,-0.0665789999999449,0.1141992824981652,-0.4097486931878454,4.159587090219612,-4.879999999594584e-06,-0.00161736,0.0074490800000007,4.181279735776346,1.0,80.16,679.37,613752.49500998,63597.59777440864
28.706442,29.2652495,0.2085260000000004,-0.4065690000000337,-0.096578999999945,0.1367487656964637,-0.4089885645624333,3.142119841465767,0.0003951200000004,-0.00121736,0.0082490800000007,3.171575155816933,1.0,41.54,76.25,1193659.123736158,645737.7049180327
28.8167299,29.3755374,0.2535260000000003,-0.4765690000000335,-0.106578999999945,0.164665207110002,-0.4251441558285473,2.3654949160777146,0.0003951200000004,-0.00081736,0.0094490800000007,2.4090305896059645,1.0,42.52,71.85,1165917.2154280338,685894.2240779402
28.9276375,29.486445,0.3185260000000003,-0.4915690000000337,-0.0665789999999449,0.2014467410808241,-0.4410234946549555,1.7840900780842153,-4.879999999594584e-06,-0.00121736,0.0082490800000007,1.848799588665114,1.0,41.06,69.4,1207730.1509985386,710461.0951008645
29.0381552,29.5969627,0.2685260000000005,-0.3965690000000339,0.158421000000055,0.2174825224799049,-0.4303963265857337,1.3954621417676687,-0.0012048799999995,-0.00401736,0.0074490800000007,1.4764329428150555,1.0,41.06,62.07,1207730.1509985386,795542.1298533913
29.1484481,29.7072556,0.3785260000000003,-0.4865690000000338,1.5334210000000552,0.2559811290964692,-0.4438248099349462,1.4284422033892037,0.0027951200000004,-0.02481736,0.0102490800000007,1.517548657800038,1.0,69.89,732.16,705409.9298898268,58291.08391608392
29.2593482,29.8181557,0.1435260000000005,-0.5565690000000336,3.393421000000055,0.2290979181538858,-0.4707771229901417,1.898184578960865,0.0075951200000004,-0.05481736,0.0086490800000007,1.9690661876732725,1.0,156.89,2329.42,308694.62680859206,11464.570579800979
29.370648,29.9294555,-0.1414739999999996,-0.8565690000000339,5.883421000000055,0.1405100242519308,-0.5630034579996827,2.850884133206689,0.0199951200000004,-0.09241736,0.0146490800000007,2.9093394957626613,1.0,179.37,2853.37,268753.41472933046,7523.139305452851
29.4839927,30.0428002,-0.2764739999999994,-0.7365690000000338,8.068421000000056,0.0408269811242524,-0.6044955545847709,4.098174010668721,0.0267951200000004,-0.12321736,0.0194490800000007,4.14271794111318,1.0,191.1,3124.63,251643.11878597594,6001.894624323519
29.5940166,30.1528241,-0.1464739999999995,-0.7765690000000338,9.098421000000055,-0.0039486714028691,-0.6456309547028689,5.293519173305972,0.0243951200000004,-0.13601736,0.0194490800000007,5.33274789951994,1.0,197.46,3278.59,243215.8411830244,5250.458276271202
29.704014,30.2628215,-0.1214739999999996,-0.6365690000000337,10.123421000000056,-0.0320439501612329,-0.6434646289711232,6.44814209430765,0.0255951200000004,-0.15081736,0.0138490800000007,6.480247681366904,1.0,201.37,3363.15,238299.1508169042,4867.01455480725
29.8148061,30.3736136,-0.2214739999999992,-0.4865690000000338,11.158421000000056,-0.0773285719441227,-0.6059575955126418,7.574168291934468,0.0243951200000004,-0.16561736,0.0134490800000007,7.598762374896578,1.0,203.81,3423.26,235326.5296109121,4605.960400320161
29.9256693,30.4844768,-0.1064739999999995,-0.3965690000000339,11.198421000000057,-0.0842959970561057,-0.5559017392136564,8.440572081988146,0.0223951200000004,-0.16601736,0.0158490800000007,8.459278316146014,1.0,205.28,3461.39,233569.75837879968,4445.063977188355
30.036015,30.5948225,-0.0764739999999992,-0.2415690000000336,12.828421000000056,-0.0824260921567819,-0.4807582272873052,9.489519061951237,0.0287951200000004,-0.18881736,0.0158490800000007,9.502046861645574,1.0,205.28,3492.67,233569.75837879968,4315.695442168885
30.147329,30.7061365,-0.1014739999999996,-0.4965690000000335,14.948421000000057,-0.0869796321213738,-0.4845379067151497,10.794509003224192,0.0435951200000004,-0.21801736,0.0210490800000007,10.80572843727511,1.0,208.21,3537.15,230142.1641611834,4135.674200981014
30.2664952,30.8253027,0.1485260000000003,-0.0115690000000336,16.258421000000055,-0.0306803095617579,-0.3714712730216514,12.10069663522656,0.0403951200000004,-0.23121736,0.0150490800000007,12.106435943160916,1.0,209.68,3586.02,228458.6035864174,3943.0343389049694
30.3764471,30.9352546,0.2985260000000007,0.1484309999999662,16.703421000000052,0.0480188367971968,-0.2471848790842174,13.20101114291458,0.0383951200000004,-0.23481736,0.0146490800000007,13.20341248952293,1.0,210.65,3616.81,227360.55067647758,3824.3369156798403
30.4864693,31.0452768,0.5185260000000005,0.0384309999999663,17.458421000000055,0.1604969729214,-0.1789063400112264,14.21877572312221,0.0399951200000004,-0.24281736,0.0170490800000007,14.22080693284536,1.0,212.12,3635.88,225715.63266075807,3751.8289932561033
30.5956341,31.1544416,0.6585260000000006,0.3134309999999662,17.793421000000055,0.2795544094123425,-0.0612095424282792,15.073320498405687,0.0391951200000004,-0.24641736,0.0162490800000007,15.07603688386186,1.0,211.63,3647.12,226261.3996125313,3709.4474544297973
30.7056636,31.2644711,0.9385260000000006,0.4884309999999663,17.743421000000055,0.4370863282965472,0.0701859996284897,15.711627311078342,0.0351951200000004,-0.24281736,0.0146490800000007,15.717862554913452,1.0,213.1,3660.31,224631.62834350072,3660.0451874294795
30.8156707,31.3744782,0.7435260000000006,0.2184309999999663,18.378421000000053,0.5103429454181456,0.1056250378314604,16.34914360629447,0.0423951200000004,-0.25401736,0.0162490800000007,16.357447943667566,1.0,212.12,3664.71,225715.63266075807,3643.6443811379336
30.9256784,31.4844859,0.7435260000000006,0.6884309999999663,18.79842100000005,0.5660870390395434,0.2449490130512192,16.93466105988615,0.0403951200000004,-0.25721736,0.0146490800000007,16.94589035040613,1.0,212.61,3676.93,225172.3813555336,3598.300756337489
31.0356578,31.5944653,1.1385260000000006,0.6434309999999663,18.93342100000005,0.7029327077333374,0.3402090105100572,17.412479061834045,0.0431951200000004,-0.25321736,0.0178490800000007,17.429982319016926,1.0,212.12,3681.33,225715.63266075807,3582.0477925097725
31.1460651,31.7048726,1.1985260000000006,-0.6115690000000338,13.388421000000056,0.8214078642226863,0.1126796018238104,16.450498913923802,0.0375951200000004,-0.17881736,0.0278490800000007,16.471378876374686,1.0,212.12,3657.87,225715.63266075807,3669.157187106158
31.2568985,31.815706,0.7735260000000006,-0.6315690000000338,6.383421000000055,0.8099613587003072,-0.0652384026043343,14.043891217948712,0.0151951200000004,-0.08361736,0.0178490800000007,14.067379784214934,1.0,205.28,3438.91,233569.75837879968,4539.490710719385
31.3677915,31.926599,0.4835260000000003,-1.4015690000000338,3.058421000000055,0.7319246281610526,-0.3846978850437627,11.417735207588004,0.0211951200000004,-0.04361736,0.0270490800000007,11.44763658554291,1.0,187.19,3000.0,257108.2856990224,6666.666666666667
31.4873413,32.0461488,0.4135260000000005,-0.2315690000000339,1.2584210000000549,0.6558091361114196,-0.3480913189306086,8.98907775933341,0.0003951200000004,-0.02001736,0.0070490800000007,9.019688029675118,1.0,169.11,2533.24,285665.5431376027,9737.56927886817
31.5981326,32.1569401,0.1985260000000006,-0.3615690000000338,0.2284210000000549,0.5464922991886353,-0.3513132559477757,6.894779477440968,-0.0016048799999995,-0.00601736,0.0062490800000007,6.925320128298638,1.0,112.9,1337.24,432869.79627989366,27390.44599323981
31.7081862,32.2669937,0.2535260000000003,-0.4315690000000336,-0.076578999999945,0.476456589093102,-0.3704989712997185,5.228225875029108,-4.879999999594584e-06,-0.00121736,0.0070490800000007,5.262948429288308,1.0,44.48,105.08,1114100.7194244605,465827.940616673
31.818179200000003,32.3769867,0.2735260000000004,-0.3665690000000337,-0.0365789999999449,0.4279445658788237,-0.3695594832719461,3.969636238752646,0.0003951200000004,-0.00121736,0.0082490800000007,4.009703559012773,1.0,38.12,40.57,1301647.429171039,1222437.7618930244
31.9307371,32.4895446,0.2735260000000004,-0.3465690000000336,-0.0665789999999449,0.391029692245888,-0.3640634421714948,3.0047498298813,0.0003951200000004,-0.00121736,0.0082490800000007,3.051879412807028,1.0,39.59,37.63,1252945.1881788329,1318727.0794578793
32.0414944,32.6003019,0.2735260000000004,-0.5165690000000336,-0.076578999999945,0.3629395858135814,-0.4005209974111845,2.268135914778319,0.0003951200000004,-0.00081736,0.0074490800000007,2.331648073836415,1.0,38.61,31.28,1285001.295001295,1588465.4731457802
32.1525107,32.7113182,0.2735260000000004,-0.4665690000000337,-0.076578999999945,0.3415646222359107,-0.4163102495351063,1.7076148770928554,0.0003951200000004,-0.00161736,0.0078490800000007,1.7905108722093788,1.0,37.63,35.19,1318727.0794578793,1410858.1983518044
32.2623445,32.821152,0.2785260000000007,-0.3665690000000337,-0.0565789999999449,0.326494784223951,-0.4044192445223254,1.2858715869240749,-4.879999999594584e-06,-0.00081736,0.0094490800000007,1.386946108370506,1.0,38.12,33.72,1301647.429171039,1472799.525504152
32.3732109,32.9320184,0.2085260000000004,-0.4765690000000335,-0.076578999999945,0.298293494194645,-0.4216671647510163,0.9601679323072658,0.0003951200000004,-0.00081736,0.0082490800000007,1.0902773338647471,1.0,38.61,32.75,1285001.295001295,1516717.5572519086
32.4840183,33.0428258,0.1685260000000004,-0.7565690000000338,0.943421000000055,0.2672716373175572,-0.5017278676677706,0.9561644571659078,0.0051951200000004,-0.01481736,0.0126490800000007,1.112391770221369,1.0,43.01,116.81,1152520.344106022,418045.5440458865
32.594007,33.1528145,0.3335260000000004,-0.7715690000000339,2.313421000000055,0.2831102213125177,-0.5662353395790858,1.28062643802328,0.0147951200000004,-0.03201736,0.0134490800000007,1.4285579900599272,1.0,143.21,2160.31,339137.6300537672,13144.826436946549
32.7040432,33.2628507,0.4585260000000004,-0.7565690000000338,3.973421000000055,0.3250446303430542,-0.6117359759989771,1.9243584297634075,0.0247951200000004,-0.05321736,0.0146490800000007,2.04524577551153,1.0,173.51,2717.99,278167.8289435768,8395.947004955871
32.8148682,33.3736757,0.1035260000000004,-0.6665690000000339,6.383421000000055,0.2720890015952014,-0.624844206478848,2.99032954771052,0.0355951200000004,-0.08921736,0.0090490800000007,3.0670072564423214,1.0,187.19,3034.21,257108.2856990224,6478.753942541882
32.9248776,33.4836851,-0.0714739999999993,-0.6515690000000338,7.993421000000055,0.1899577842984982,-0.6312329614195915,4.186354699765222,0.0439951200000004,-0.11081736,0.0106490800000007,4.237936370882002,1.0,194.53,3216.52,247029.7640466766,5544.750226953354
33.0348551,33.5936626,0.0285260000000007,-0.7315690000000339,8.788421000000055,0.1513663501415799,-0.655219016230727,5.2865118923716725,0.0447951200000004,-0.11801736,0.0146490800000007,5.329111719543199,1.0,196.48,3307.43,244478.8273615635,5117.477920923497
33.1448835,33.703691,0.1485260000000003,-0.4115690000000336,9.528421000000057,0.1506873439226517,-0.5969727198179182,6.300570906450205,0.0455951200000004,-0.12521736,0.0146490800000007,6.33058266283855,1.0,201.37,3358.26,238299.1508169042,4888.6625812176535
33.2552411,33.8140486,0.1735260000000007,-0.1515690000000338,10.338421000000055,0.1561470896355021,-0.4904957431723818,7.265848139170389,0.0459951200000004,-0.13481736,0.0122490800000007,7.284059113513403,1.0,203.81,3409.58,235326.5296109121,4664.562790724957
33.3660754,33.9248829,0.2685260000000005,0.3934309999999663,11.213421000000055,0.1830120799396335,-0.2791866700743624,8.209543947281231,0.0463951200000004,-0.14441736,0.0062490800000007,8.21632828217647,1.0,204.79,3440.86,234152.54651106012,4531.250908203181
33.477244,34.0360515,0.3585260000000003,-0.1465690000000337,12.148421000000056,0.224969950374293,-0.2474834580646751,9.151160959648044,0.0531951200000004,-0.15521736,0.0158490800000007,9.157270687818151,1.0,205.28,3483.87,233569.75837879968,4351.855838478474
33.5878291,34.1466366,0.4335260000000005,0.2334309999999662,12.213421000000055,0.2748267805650276,-0.1325173829255032,9.88321634286855,0.0495951200000004,-0.15761736,0.0126490800000007,9.887924751738211,1.0,206.26,3511.73,232412.48909143798,4237.996656918386
33.6986034,34.2574109,0.6935260000000005,0.0184309999999663,12.033421000000056,0.3749198534911145,-0.0964320815948174,10.39723829839718,0.0547951200000004,-0.15081736,0.0190490800000007,10.404442718212234,1.0,205.77,3513.2,232989.74583272586,4232.039166571788
33.8096535,34.368461,0.6585260000000006,-0.456569000000034,10.298421000000054,0.4427179514744549,-0.1825254134284775,10.373615309397652,0.0491951200000004,-0.12841736,0.0242490800000007,10.384662213980498,1.0,205.77,3502.93,232989.74583272586,4273.7651052119245
33.9290647,34.4878722,0.4985260000000004,-0.4015690000000338,3.5034210000000554,0.4560592686101024,-0.2348893650840011,8.731245732127114,0.0171951200000004,-0.04681736,0.0130490800000007,8.746302939248256,1.0,198.44,3297.17,241965.32957065108,5164.519876136202
34.0390375,34.597845,0.1935260000000003,-0.4065690000000337,0.4284210000000549,0.3932987943107323,-0.2759306219575244,6.746395503538663,-4.879999999594584e-06,-0.00961736,0.0074490800000007,6.7634809040838455,1.0,158.36,2271.26,305736.2970447082,12014.212375509627
34.1491163,34.7079238,0.2735260000000004,-0.4415690000000338,-0.0665789999999449,0.3646662426387147,-0.3155276727357443,5.1177047341923165,0.0003951200000004,-0.00121736,0.0074490800000007,5.140373617467579,1.0,45.45,111.93,1090110.0110011,436707.7637809345
34.2598787,34.8186862,0.2335260000000003,-0.4665690000000337,-0.0665789999999449,0.3333162203298716,-0.3516351930820187,3.878364258286263,-4.879999999594584e-06,-0.00081736,0.0094490800000007,3.908510756247343,1.0,40.57,38.12,1222437.7618930244,1301647.429171039
34.3699298,34.9287373,0.2535260000000003,-0.4065690000000337,-0.0665789999999449,0.3142417917865275,-0.364767516446205,2.93529707565866,-4.879999999594584e-06,-0.00121736,0.0082490800000007,2.974520493647644,1.0,39.59,34.21,1252945.1881788329,1451560.9470914935
34.4798728,35.0386803,0.2485260000000004,-0.2815690000000337,0.4084210000000551,0.2985319570546623,-0.3448783100960551,2.331229096603442,-0.0024048799999995,-0.00641736,0.0062490800000007,2.375435008373856,1.0,42.52,95.8,1165917.2154280338,511920.6680584551
34.5899195,35.148727,0.4835260000000003,-0.5215690000000339,2.413421000000055,0.3427561193456912,-0.3871174958623573,2.3508776648327143,0.0055951200000004,-0.02401736,0.0082490800000007,2.407066161940917,1.0,109.48,1468.23,446704.4208987943,24054.609972551985
34.6999167,35.2587242,0.3335260000000004,-0.4365690000000339,4.993421000000056,0.340549592641315,-0.3989392351448827,2.9825967378087475,0.0103951200000004,-0.05121736,0.0098490800000007,3.0283675204263982,1.0,169.11,2614.86,285665.5431376027,9121.482603275126
34.8099127,35.3687202,0.5135260000000006,-0.4165690000000339,7.253421000000055,0.3819008523346339,-0.4031537577840645,4.003568128457367,0.0179951200000004,-0.07401736,0.0058490800000007,4.041897941886826,1.0,187.68,3048.39,256410.9121909633,6402.100781068041
34.9207318,35.4795393,0.5335260000000006,-0.2915690000000339,8.883421000000055,0.4181479391650771,-0.3764786153909429,5.170132207557007,0.0187951200000004,-0.09001736,0.0034490800000007,5.200658697750985,1.0,196.48,3235.58,244478.8273615635,5453.179955371217
35.0315705,35.590378,0.5785260000000005,-0.0865690000000336,10.043421000000055,0.4564874731163399,-0.3071736276375497,6.335127096131526,0.0187951200000004,-0.10201736,0.0034490800000007,6.358975685970816,1.0,200.88,3327.96,238904.81879729193,5024.219041094245
35.1424235,35.701231,0.5135260000000006,0.0184309999999663,9.953421000000056,0.4701229449919914,-0.2293354893597331,7.200106390997815,0.0159951200000004,-0.10041736,0.0042490800000007,7.21908182470426,1.0,200.39,3385.14,239513.448774889,4770.437854859771
35.2532547,35.8120622,0.5085260000000007,-0.0015690000000336,10.188421000000057,0.4793034727003746,-0.17488626478185,7.91448458470115,0.0167951200000004,-0.10521736,0.0042490800000007,7.930913142004779,1.0,202.83,3396.87,236511.85722033228,4719.432889689628
35.3636203,35.9224278,0.5935260000000007,-0.2665690000000336,10.418421000000055,0.5066091929504193,-0.1968036849161428,8.513068672240205,0.0207951200000004,-0.10601736,0.0074490800000007,8.530399919291947,1.0,203.81,3415.93,235326.5296109121,4637.302286639364
35.4752938,36.0341013,0.6585260000000006,-0.4665690000000337,8.738421000000056,0.5429260030634928,-0.2612930321665603,8.56694077404868,0.0183951200000004,-0.08641736,0.0082490800000007,8.588103220124866,1.0,204.79,3412.02,234152.54651106012,4654.075884666562
35.5861362,36.1449437,0.3485260000000005,-0.8465690000000337,4.188421000000055,0.4964532780612251,-0.4012074800828889,7.520223993340117,0.0163951200000004,-0.04441736,0.0110490800000007,7.547264551437201,1.0,195.99,3217.01,245115.05689065767,5542.382522901698
35.6974357,36.2562432,0.3035260000000006,-0.4365690000000339,1.0334210000000552,0.4503326186091415,-0.4096609068569356,5.96950687964274,0.0027951200000004,-0.01241736,0.0098490800000007,6.000469474307175,1.0,159.82,2346.53,302851.95845325995,11308.059134125706
35.8081933,36.3670008,0.2535260000000003,-0.4315690000000336,-0.086578999999945,0.4032845747762326,-0.414898194778329,4.5217558033074665,0.0003951200000004,-0.00121736,0.0078490800000007,4.558624189931378,1.0,71.85,548.39,685894.2240779402,81175.98789182882
35.9185625,36.47737,0.2285260000000004,-0.4665690000000337,-0.076578999999945,0.3615072750880656,-0.4272504740163584,3.4224906519963967,0.0003951200000004,-0.00121736,0.0070490800000007,3.4679493566791777,1.0,39.59,38.12,1252945.1881788329,1301647.429171039
36.0290651,36.5878726,0.2985260000000007,-0.4065690000000337,-0.0565789999999449,0.3464511463260518,-0.4223064182578392,2.590793920241948,-4.879999999594584e-06,-0.00121736,0.0082490800000007,2.6477507897940544,1.0,38.61,34.7,1285001.295001295,1430922.190201729
36.1394018,36.6982093,0.2535260000000003,-0.4315690000000336,-0.0465789999999449,0.324236718841729,-0.4245207053325952,1.960310872302908,-4.879999999594584e-06,-0.00121736,0.0078490800000007,2.0317888657954404,1.0,39.1,37.63,1268772.378516624,1318727.0794578793
36.2511067,36.8099142,0.2335260000000003,-0.4365690000000339,0.798421000000055,0.3025516662436956,-0.4274009372050366,1.6825527052888103,-0.0016048799999995,-0.00481736,0.0078490800000007,1.7621556906088844,1.0,48.39,239.98,1023271.3370531101,198350.69589132429
36.3619746,36.9207821,-0.0264739999999994,-0.561569000000034,2.753421000000055,0.2238957039748209,-0.4594747817940331,1.9385515066751928,0.0015951200000004,-0.01361736,0.0086490800000007,2.0048013131968254,1.0,155.91,2423.75,310697.8384965685,10629.190304280555
36.4732728,37.0320803,-0.4664739999999994,-0.4065690000000337,4.973421000000055,0.0588578392776676,-0.4468272724854067,2.6640589817702107,0.0019951200000004,-0.02481736,0.0078490800000007,2.701912122003918,1.0,186.71,3042.03,257794.9761662471,6436.392803489774
36.583644,37.1424515,-0.3764739999999995,-0.4865690000000338,6.618421000000056,-0.0452113815693858,-0.4563278195265459,3.6093777869997954,0.0059951200000004,-0.02761736,0.0074490800000007,3.638390737288232,1.0,197.95,3283.97,242589.0376357666,5225.474045134397
36.6949343,37.2537418,-0.3014739999999993,-0.3715690000000335,6.618421000000056,-0.1064728116466134,-0.4360656114540184,4.328711303224222,0.0027951200000004,-0.02401736,0.0118490800000007,4.351922704250828,1.0,200.88,3389.05,238904.81879729193,4753.396969652262
36.8056457,37.3644532,0.2685260000000005,-0.2515690000000339,2.453421000000055,-0.0168266368770665,-0.391960363754249,3.880409609871407,-0.0020048799999995,-0.00961736,0.0098490800000007,3.900191636682141,1.0,197.46,3256.6,243215.8411830244,5353.436098998956
36.9249311,37.4837386,0.2735260000000004,-0.4415690000000338,-0.0565789999999449,0.0525842583628074,-0.4038196666022788,2.9392440434086584,0.0003951200000004,-0.00121736,0.0066490800000007,2.9673205041039337,1.0,130.99,1654.45,371708.52736850135,20221.523769228443
37.0357795,37.594587,0.2085260000000004,-0.456569000000034,-0.096578999999945,0.08986325816361,-0.4164297757916607,2.213508615278048,0.0003951200000004,-0.00121736,0.0082490800000007,2.2541316628014023,1.0,39.1,30.79,1268772.378516624,1613903.8648911987
37.1457808,37.7045883,0.2285260000000004,-0.4415690000000338,-0.0565789999999449,0.1230115882452631,-0.422439488934641,1.670827772616683,0.0003951200000004,-0.00121736,0.0082490800000007,1.7277883025420704,1.0,38.12,36.17,1301647.429171039,1372361.0727121923
37.2574465,37.816254,0.3085260000000005,-0.3865690000000337,1.193421000000055,0.1673601484591207,-0.4138643894403758,1.5567002350220127,0.0027951200000004,-0.03041736,0.0074490800000007,1.6194470580592326,1.0,56.21,412.51,879521.4374666429,111209.1828076895
37.3675055,37.926313,0.3185260000000003,-0.8615690000000338,2.978421000000055,0.2034974372332288,-0.5208914106384721,1.8965728538473272,0.0131951200000004,-0.07001736,0.0206490800000007,1.977303127643312,1.0,137.83,1978.98,352765.7258942175,15265.540834167095
37.4774595,38.036267,0.4785260000000004,-0.6615690000000336,4.693421000000055,0.2692450018618911,-0.5545214045754915,2.5651796065272987,0.0143951200000004,-0.10681736,0.0198490800000007,2.638206450015528,1.0,171.07,2679.37,282278.0148477232,8661.103169774986
37.5874427,38.1462502,0.4035260000000007,-0.4715690000000336,5.843421000000055,0.3013458444604596,-0.534691033045852,3.348866892376529,0.0167951200000004,-0.13161736,0.0190490800000007,3.404645837917486,1.0,183.77,2949.17,262079.22947162212,6953.92262907869
37.6991233,38.2579308,0.1685260000000004,-0.0965690000000336,7.568421000000056,0.2695943012033388,-0.4299547962232484,4.357581782220084,0.0171951200000004,-0.17601736,0.0146490800000007,4.387033303130153,1.0,189.64,3103.13,253657.4562328623,6112.763564530006
37.8091068,38.3679143,-0.0614739999999995,0.2784309999999663,9.683421000000056,0.1904500322921616,-0.2606100545328799,5.630762119019483,0.0207951200000004,-0.22481736,0.0070490800000007,5.640006281584134,1.0,198.92,3295.21,241357.32957973055,5173.539774399811
37.9200245,38.478832,0.1335260000000007,0.2984309999999663,10.203421000000056,0.1768419311756725,-0.1269672521518663,6.723889255625455,0.0215951200000004,-0.23401736,0.0126490800000007,6.727412613602377,1.0,202.35,3380.74,237096.61477637757,4789.661435070429
38.0300039,38.5888114,0.1785260000000006,-0.1365690000000337,9.668421000000055,0.1772445199931857,-0.1292626193342591,7.427800839269183,0.0259951200000004,-0.22241736,0.0210490800000007,7.4310396145137565,1.0,204.79,3412.51,234152.54651106012,4651.971715833798
38.1407629,38.6995704,0.4885260000000007,-0.0415690000000337,5.623421000000056,0.2516586063650409,-0.1082988261678466,6.996450804554406,0.0139951200000004,-0.12641736,0.0118490800000007,7.001812947405615,1.0,201.86,3343.11,237696.42326364806,4956.133659975292
38.250779,38.8095865,0.3135260000000004,-0.1915690000000338,0.9934210000000552,0.2664484537194438,-0.1282051627337486,5.56138316622543,-0.0012048799999995,-0.02361736,0.0062490800000007,5.569238194207235,1.0,168.13,2513.2,287388.9252364242,9894.954639503423
38.3615908,38.9203983,0.2285260000000004,-0.3665690000000337,-0.086578999999945,0.2573828172207689,-0.1851877598798166,4.211197011709383,0.0003951200000004,-0.00121736,0.0082490800000007,4.22311741400116,1.0,60.61,357.28,814946.3784853985,129946.26063591582
38.4716413,39.0304488,0.1885260000000004,-0.4915690000000337,-0.086578999999945,0.2409220976693033,-0.2584304085093553,3.1837826106495344,0.0003951200000004,-0.00121736,0.0082490800000007,3.2033266216641185,1.0,39.59,34.7,1252945.1881788329,1430922.190201729
38.5816122,39.1404197,0.2735260000000004,-0.4415690000000338,-0.096578999999945,0.2487162960393538,-0.302211011727089,2.3995884715685847,0.0003951200000004,-0.00121736,0.0082490800000007,2.4312992667315765,1.0,38.12,37.15,1301647.429171039,1335895.0201884252
38.6919779,39.2507854,0.3835260000000007,-0.5765690000000336,0.393421000000055,0.2809435295839648,-0.3677982706790328,1.9199996457173376,-0.0004048799999995,0.0019826399999999,0.0078490800000007,1.9749945504442,1.0,47.9,194.53,1033841.3361169102,247029.7640466766
38.8028039,39.3616114,0.0135260000000005,-0.7765690000000338,1.518421000000055,0.2170154374167932,-0.4655178663238274,1.823999369610824,0.0011951200000004,0.0047826399999999,0.0054490800000007,1.8949343746643503,1.0,117.79,1568.91,414484.25163426436,21869.25954962362
38.9137178,39.4725253,-0.1314739999999994,-0.8715690000000336,2.993421000000055,0.1337065200502841,-0.5625873229844337,2.103558057801957,0.0011951200000004,0.0087826399999999,0.0054490800000007,2.181590803067865,1.0,135.87,1915.93,357998.8224037683,16096.986841899232
39.0245123,39.5833198,-0.5964739999999993,-1.0165690000000336,5.593421000000055,-0.0408484078075451,-0.6711149222619072,2.937835003545662,-0.0024048799999995,0.0155826399999999,0.0074490800000007,3.0137913563087206,1.0,159.82,2379.28,302851.95845325995,11014.760767963417
39.1357993,39.6946068,-0.6114739999999994,-0.7165690000000338,7.708421000000055,-0.177260577598278,-0.6819810478877681,4.078278046854077,-0.0076048799999995,0.0251826399999999,0.0098490800000007,4.138704059183319,1.0,177.42,2796.19,271817.1570285199,7881.474434856
39.2550144,39.8138219,-0.4364739999999996,-0.1515690000000338,8.348421000000055,-0.2392274186802581,-0.5551822163500669,5.0990865656539,-0.0180048799999996,0.0299826399999999,0.0102490800000007,5.1347970607641225,1.0,187.68,3027.37,256410.9121909633,6515.98582267777
39.3650036,39.9238111,-0.3464739999999993,0.1934309999999661,8.268421000000055,-0.2648654886522933,-0.3762208192911605,5.856738856222442,-0.0224048799999995,0.0303826399999999,0.0138490800000007,5.8747838991687935,1.0,193.06,3094.33,248986.8434683518,6158.586834629791
39.4750294,40.0338369,-0.4114739999999997,0.4034309999999663,8.983421000000055,-0.2999133123327721,-0.1898394199884017,6.604194808627033,-0.0264048799999995,0.0331826399999999,0.0138490800000007,6.61372633774578,1.0,191.1,3127.08,251643.11878597594,5989.357483658877
39.5850091,40.1438166,-0.1464739999999995,0.1584309999999662,8.258421000000055,-0.2632325363337663,-0.1065828603202541,6.999649529160751,-0.0224048799999995,0.0315826399999999,0.0138490800000007,7.005408254011972,1.0,191.1,3152.49,251643.11878597594,5860.47854235858
39.6950222,40.2538297,0.3885260000000006,-0.4815690000000339,2.458421000000055,-0.1074249501732501,-0.1962260057645919,5.914036045197944,-0.0064048799999995,0.0107826399999999,0.0114490800000007,5.918265549057307,1.0,181.33,2849.46,265740.3628743175,7547.184378794578
39.8050589,40.3638664,0.1885260000000004,-0.4165690000000339,-0.016578999999945,-0.0366757376998877,-0.2489005902085826,4.49627967818916,-4.879999999594584e-06,-0.00121736,0.0082490800000007,4.503312953597477,1.0,122.68,1521.51,397564.3951744375,22862.090949122914
39.9150442,40.4738517,0.3135260000000004,-0.4215690000000338,-0.0665789999999449,0.047042517418286,-0.2901782208585995,3.4054953508533377,0.0003951200000004,-0.00121736,0.0074490800000007,3.418159590041022,1.0,39.59,38.12,1252945.1881788329,1301647.429171039
40.0250428,40.5838503,0.2335260000000003,-0.4415690000000338,-0.086578999999945,0.0916227410135228,-0.3263692802004097,2.570689751896256,-4.879999999594584e-06,-0.00121736,0.0082490800000007,2.5929437776846984,1.0,37.15,39.59,1335895.0201884252,1252945.1881788329
40.1358219,40.6946294,0.2385260000000006,-0.4365690000000339,0.293421000000055,0.1267410262461921,-0.3527133192583836,2.0262922066525726,-0.0048048799999995,-0.00081736,0.0074490800000007,2.0606625342489138,1.0,38.12,43.5,1301647.429171039,1139425.2873563217
40.2458547,40.8046622,0.1735260000000007,-0.4165690000000339,1.893421000000055,0.1379253121784765,-0.367978481008253,1.99452838489242,-0.0228048799999995,0.0023826399999999,0.0078490800000007,2.032873589863924,1.0,93.35,1176.93,525618.6395286557,32483.410228305846
40.3558318,40.9146393,-0.3464739999999993,-0.1265690000000336,4.808421000000055,0.022126157490163,-0.3102678007251309,2.66720974099867,-0.0612048799999995,0.0003826399999999,0.0150490800000007,2.685286479593989,1.0,163.25,2535.19,296278.71362940274,9722.38767114102
40.4662077,41.0250152,-0.4214739999999994,-0.1365690000000337,6.668421000000055,-0.0839196645526992,-0.268743847679283,3.6237281956553673,-0.0740048799999996,0.0027826399999999,0.0126490800000007,3.634648786575095,1.0,189.15,3083.09,254340.47052603753,6217.496083474696
40.5859375,41.144745,-0.3514739999999996,-0.1665690000000339,7.863421000000056,-0.1478804611497336,-0.2443182122702367,4.6372573864242215,-0.0932048799999996,0.0079826399999999,0.0130490800000007,4.646043057009135,1.0,194.53,3197.95,247029.7640466766,5635.01618224175
40.6961199,41.2549274,-0.3264739999999992,-0.3915690000000336,9.178421000000055,-0.1905745367020857,-0.2795195767594087,5.7228553518475405,-0.0996048799999996,0.0083826399999999,0.0130490800000007,5.732845997059489,1.0,198.44,3291.79,241965.32957065108,5189.304299484476
40.8074799,41.3662874,-0.3814739999999994,-0.4165690000000339,9.993421000000057,-0.2362104323868554,-0.3122822313767587,6.743764918942059,-0.1100048799999996,0.0115826399999999,0.0106490800000007,6.755122563089113,1.0,200.88,3356.79,238904.81879729193,4895.182600043495
40.9183509,41.4771584,-0.1214739999999996,-0.5365690000000336,10.593421000000056,-0.2087818594134582,-0.3658996035764515,7.664053013535786,-0.1148048799999996,0.0151826399999999,0.0118490800000007,7.675622514102977,1.0,204.79,3405.67,234152.54651106012,4681.398961144209
41.0283543,41.5871618,0.0085260000000007,-0.4915690000000337,11.318421000000056,-0.156832845873295,-0.3959417805783041,8.537656078431715,-0.1240048799999996,0.0207826399999999,0.0082490800000007,8.548271038562959,1.0,204.3,3447.7,234738.13020068526,4502.421904458045
41.1383482,41.6971557,0.0335260000000006,-0.831569000000034,12.478421000000056,-0.11132618868909,-0.500081614182507,9.479724399484232,-0.1312048799999996,0.0263826399999999,0.0154490800000007,9.49355833348635,1.0,205.77,3491.69,232989.74583272586,4319.713376617054
41.2483348,41.8071423,0.4235260000000007,-0.3415690000000337,13.263421000000056,0.0165340905810239,-0.4621880287287727,10.384244403788744,-0.1460048799999996,0.0355826399999999,0.0134490800000007,10.394538132484264,1.0,206.26,3521.99,232412.48909143798,4196.519581259459
41.3583187,41.9171262,0.5185260000000005,-0.2965690000000338,12.838421000000055,0.1365388827217525,-0.4225956035437815,10.97093304712935,-0.1432048799999996,0.0367826399999999,0.0086490800000007,10.979918116052792,1.0,208.21,3542.03,230142.1641611834,4116.198902889021
41.4700334,42.0288409,0.5035260000000004,-0.331569000000034,12.128421000000056,0.2242698040791805,-0.4008350364259024,11.24763890350544,-0.1372048799999995,0.0323826399999999,0.0098490800000007,11.257013217328002,1.0,209.68,3546.43,228458.6035864174,4098.685156622295
41.5800033,42.1388108,0.4735260000000005,-0.2015690000000336,11.898421000000056,0.2838562982437735,-0.3531990509980279,11.403213064668986,-0.1352048799999995,0.0283826399999999,0.0126490800000007,11.412212413284111,1.0,209.68,3542.52,228458.6035864174,4114.246355701592
41.6900171,42.2488246,0.2985260000000007,-0.2265690000000335,12.198421000000057,0.287363196416814,-0.3229272225807675,11.59331326588242,-0.1380048799999995,0.0291826399999999,0.0118490800000007,11.601369405316936,1.0,209.68,3543.5,228458.6035864174,4110.342881332016
41.8008784,42.3596859,0.4235260000000007,-0.3015690000000337,12.038421000000056,0.319913898200458,-0.3178213851893582,11.699719485008224,-0.1360048799999996,0.0307826399999999,0.0094490800000007,11.70840686699205,1.0,209.68,3545.94,228458.6035864174,4100.633400452347
41.9108426,42.4696501,0.5085260000000007,-0.5265690000000338,11.313421000000057,0.3650029835960332,-0.3677240104213517,11.607372041697156,-0.1236048799999996,0.0271826399999999,0.0062490800000007,11.618929978283164,1.0,208.7,3543.99,229578.34211787255,4108.391953701902
42.0208746,42.5796821,0.4985260000000004,-0.6065690000000339,11.078421000000056,0.39692262518569,-0.4248216305033552,11.480922474243066,-0.1232048799999996,0.0299826399999999,0.0086490800000007,11.495634034176076,1.0,207.23,3534.21,231277.80726728754,4147.433231188867
42.1318726,42.6906801,0.4835260000000003,-0.7665690000000336,10.878421000000056,0.4176257875241148,-0.5065188078314872,11.336890144589184,-0.1188048799999996,0.0279826399999999,0.0054490800000007,11.35588176900304,1.0,210.17,3541.06,227902.65023552364,4120.0657430261
42.2425295,42.801337,0.5185260000000005,-0.8665690000000337,10.788421000000056,0.4417467121803285,-0.5925914071317946,11.20577463364758,-0.1160048799999996,0.0251826399999999,0.0042490800000007,11.230124214523546,1.0,209.19,3538.12,229017.16143219083,4131.798808406726
42.3617012,42.9205087,0.3885260000000006,-1.186569000000034,10.203421000000056,0.4290239164879158,-0.7345860413698356,10.966154756911717,-0.1056048799999996,0.0239826399999999,0.0026490800000007,10.99910125081279,1.0,208.7,3538.12,229578.34211787255,4131.798808406726
42.4725211,43.0313286,0.2885260000000005,-1.1415690000000336,10.433421000000056,0.3954368746492284,-0.8318782575168343,10.838800904060724,-0.1068048799999996,0.0187826399999999,0.0066490800000007,10.877867290743584,1.0,209.19,3540.57,229017.16143219083,4122.019900750444
42.5825294,43.1413369,0.4435260000000003,-0.7365690000000338,10.628421000000056,0.4069329274414502,-0.8090938910304718,10.788508068292495,-0.1124048799999996,0.0223826399999999,0.0078490800000007,10.826455268071411,1.0,209.19,3542.03,229017.16143219083,4116.198902889021
42.6925497,43.2513572,0.5285260000000007,-0.7915690000000339,10.578421000000056,0.4360006297775902,-0.8049044392366554,10.738285237029997,-0.1128048799999996,0.0215826399999999,0.0042490800000007,10.777232369086493,1.0,209.19,3546.43,229017.16143219083,4098.685156622295
42.8034375,43.362245,0.5135260000000006,-1.166569000000034,11.553421000000055,0.4545336295423504,-0.8913629650111277,10.933149329391398,-0.1232048799999996,0.0231826399999999,-0.0025509199999992,10.97883796285153,1.0,210.17,3553.27,227902.65023552364,4071.5453652551028
42.9134298,43.4722373,0.5585260000000005,-0.7665690000000336,12.388421000000056,0.4793937569006503,-0.8615300662122061,11.281042534566392,-0.1360048799999996,0.0263826399999999,-0.0009509199999992,11.324044025693253,1.0,210.17,3589.93,227902.65023552364,3927.8481753126116
43.0233863,43.5821938,0.5585260000000005,-0.5415690000000339,13.508421000000055,0.498310891234067,-0.7850410620600086,11.8135134464432,-0.1492048799999996,0.0279826399999999,-0.0021509199999992,11.85005076625147,1.0,210.17,3609.48,227902.65023552364,3852.410873588439
43.1334626,43.6922701,0.5135260000000006,-0.4215690000000338,13.858421000000057,0.5019481728925858,-0.6981504400438991,12.302363368737026,-0.1500048799999996,0.0295826399999999,-0.0005509199999992,12.33237651313186,1.0,210.65,3620.72,227360.55067647758,3809.4080735323364
43.2433705,43.802178,0.5285260000000007,-0.5065690000000338,13.628421000000056,0.5083017944504893,-0.6523515128916751,12.619367024414531,-0.1436048799999996,0.0275826399999999,0.0002490800000007,12.646436545821691,1.0,210.65,3620.72,227360.55067647758,3809.4080735323364
43.3542131,43.9130206,0.8185260000000005,-0.6015690000000335,11.328421000000056,0.582463131725987,-0.6402115863518253,12.31075705198675,-0.1172048799999996,0.0311826399999999,0.0002490800000007,12.341145545214214,1.0,209.68,3587.0,228458.6035864174,3939.224979091163
43.4642486,44.0230561,0.8835260000000005,-1.021569000000034,7.5034210000000545,0.6544343851478429,-0.7313778308619188,11.161528642435243,-0.0688048799999996,0.0227826399999999,0.0014490800000007,11.204593679908363,1.0,205.77,3448.68,232989.74583272586,4498.30079914634
43.5745914,44.1333989,0.9435260000000004,-1.1515690000000338,3.593421000000056,0.7235438239635301,-0.8318275651418057,9.352317841447856,-0.0280048799999995,0.0155826399999999,0.0010490800000007,9.417075011424163,1.0,194.53,3158.85,247029.7640466766,5828.545198410815
43.685429,44.2442365,0.4835260000000003,-0.7565690000000338,1.233421000000055,0.6661658293497298,-0.8138364615060896,7.411436903749759,-0.0080048799999995,0.0039826399999999,0.0070490800000007,7.485686586849184,1.0,165.2,2453.08,292663.4382566586,10382.539501361556
43.7975501,44.3563576,0.3085260000000005,-0.3515690000000335,0.313421000000055,0.5806694446927831,-0.7033280855928912,5.714604928654844,-0.0044048799999995,0.0003826399999999,0.0062490800000007,5.786929832872508,1.0,113.39,1403.71,430955.99259193934,25619.892997841434
43.9075464,44.4663539,0.2085260000000004,-0.4815690000000339,-0.0565789999999449,0.4917058660196087,-0.6503149742806177,4.334961721724006,0.0003951200000004,-0.00121736,0.0082490800000007,4.410961046446007,1.0,48.88,166.18,1012913.2569558101,290878.5654110001
44.0187294,44.5775369,0.2935260000000004,-0.3565690000000339,-0.086578999999945,0.4443295374734229,-0.5800928772222846,3.277960472707079,0.0003951200000004,-0.00121736,0.0078490800000007,3.3584164936328835,1.0,38.61,55.72,1285001.295001295,887343.8621679829
44.1295281,44.6883356,0.1885260000000004,-0.5165690000000336,-0.026578999999945,0.3831778540152339,-0.5649070355005471,2.4879864410498103,0.0003951200000004,-0.00121736,0.0082490800000007,2.57992669613178,1.0,39.59,43.5,1252945.1881788329,1139425.2873563217
44.2404068,44.7992143,0.1685260000000004,-0.4015690000000338,-0.0665789999999449,0.3318637777514654,-0.5258598982237703,1.8772991191806423,-4.879999999594584e-06,-0.00081736,0.0074490800000007,1.9776031407792125,1.0,38.61,40.08,1285001.295001295,1237504.99001996
44.3518727,44.9106802,0.3035260000000006,-0.4465690000000337,0.173421000000055,0.3250894272789035,-0.5069048362368062,1.46997474663833,-0.0016048799999995,-0.00161736,0.0090490800000007,1.5885406524490366,1.0,39.59,53.27,1252945.1881788329,928614.6048432514
44.463378,45.0221855,0.0985260000000005,-0.581569000000034,0.9284210000000552,0.2709278033818869,-0.5247538439292572,1.340512411531018,-0.0016048799999995,-0.00121736,0.0078490800000007,1.4648351432268991,1.0,81.62,913.49,602594.9522175937,44735.13667363627
44.5742276,45.1330351,-0.0514739999999993,-0.7565690000000338,2.578421000000055,0.1938553233783341,-0.5801709315304154,1.636443401774252,-0.0004048799999995,-0.00321736,0.0066490800000007,1.7470332576701206,1.0,151.03,2247.8,321060.0542938489,12243.971883619537
44.6846104,45.2434179,-0.4464739999999993,-0.6915690000000339,4.738421000000055,0.0407799731349991,-0.6068014444943557,2.377993554108663,-0.0024048799999995,-0.00561736,0.0042490800000007,2.4545313896203647,1.0,178.89,2861.68,269501.3695567108,7472.254060551844
44.7955357,45.3543432,-0.2814739999999993,-0.4915690000000337,6.688421000000055,-0.0362571669801669,-0.5792542962436703,3.408432371898769,-0.0096048799999995,-0.00121736,0.0042490800000007,3.4574935076846702,1.0,193.06,3155.43,248986.8434683518,5845.700902888038
44.9062711,45.4650786,0.2235260000000005,-0.2515690000000339,8.378421000000055,0.0258458756589037,-0.5009187591056207,4.596544054709355,-0.0164048799999995,0.0063826399999999,0.0022490800000007,4.6238301071077865,1.0,199.41,3313.78,240739.68206208313,5088.509194937503
45.0171508,45.5759583,0.4235260000000007,0.1134309999999663,9.533421000000056,0.1209141820690396,-0.3540540113679439,5.776740150558165,-0.0272048799999996,0.0123826399999999,0.0046490800000007,5.788842824732931,1.0,203.81,3404.69,235326.5296109121,4685.624829279611
45.1367427,45.6955502,0.6135260000000007,0.3034309999999662,10.928421000000055,0.238676595581429,-0.1968774699846895,7.008286671354096,-0.0272048799999996,0.0179826399999999,0.0050490800000007,7.015112923064417,1.0,205.77,3455.03,232989.74583272586,4471.654370584335
45.2467438,45.8055513,0.5685260000000008,0.3384309999999662,12.538421000000056,0.3175294784113719,-0.0689081133748722,8.330305230154355,-0.0312048799999995,0.0183826399999999,0.0046490800000007,8.33663952233069,1.0,205.77,3504.89,232989.74583272586,4265.782948965589
45.3567148,45.9155223,0.5735260000000006,0.5684309999999662,13.968421000000056,0.3787272961163431,0.0834524055670142,9.678137532489306,-0.0352048799999996,0.0211826399999999,0.0042490800000007,9.685904437201344,1.0,209.19,3569.4,229017.16143219083,4007.9565193029644
45.4675597,46.0263672,0.6185260000000006,0.5734309999999663,14.758421000000055,0.4360529084922119,0.2005853279808231,10.892615993387704,-0.0308048799999995,0.0243826399999999,0.0050490800000007,10.903185763445988,1.0,210.17,3605.08,227902.65023552364,3869.3177405217093
45.5784312,46.1372387,0.3035260000000006,0.1884309999999662,15.973421000000055,0.4043713936943561,0.1976797480788658,12.107219131975738,-0.0292048799999996,0.0219826399999999,0.0042490800000007,12.115582883894533,1.0,212.12,3632.45,225715.63266075807,3764.8143814780656
45.6884218,46.2472293,0.6485260000000006,0.2884309999999663,16.393421000000053,0.462738316009544,0.2193744904023182,13.131866650380577,-0.0324048799999995,0.0267826399999999,0.0062490800000007,13.14184818202981,1.0,210.65,3659.34,227360.55067647758,3663.6661255854874
45.7984153,46.3572228,0.4385260000000004,0.3634309999999663,16.213421000000054,0.456950186967118,0.2538122396297784,13.868534477606048,-0.0316048799999996,0.0247826399999999,0.0054490800000007,13.878381486430714,1.0,212.61,3671.55,225172.3813555336,3618.2266345276503
45.9092407,46.4680482,0.5935260000000007,0.2934309999999662,14.988421000000056,0.4895996216431313,0.2632833904867727,14.136251440408587,-0.0296048799999995,0.0251826399999999,0.0046490800000007,14.147177482440558,1.0,212.61,3673.02,225172.3813555336,3612.7764074249535
46.0192405,46.578048,0.8385260000000005,-0.1065690000000336,10.783421000000056,0.573012992897657,0.1748675048712206,13.334733104087125,-0.0192048799999995,0.0195826399999999,0.0038490800000007,13.348184501703832,1.0,211.63,3613.39,226261.3996125313,3837.4213688530713
46.129267,46.6880745,0.5785260000000005,-0.3265690000000336,6.663421000000056,0.5743309170692892,0.0549954861996512,11.73990775464369,-0.0104048799999995,0.0103826399999999,0.0042490800000007,11.754076509592196,1.0,206.74,3474.1,231849.66624746055,4392.216689214474
46.2401698,46.7989773,0.4085260000000006,-0.8565690000000339,2.973421000000055,0.5346940539337046,-0.162920589013349,9.64421577025871,0.0015951200000004,0.0039826399999999,0.0094490800000007,9.660400544125658,1.0,193.55,3150.54,248331.1805734952,5870.29525097285
46.3500867,46.9088942,0.4685260000000006,-0.2515690000000339,1.128421000000055,0.5188761026685911,-0.1841126320213251,7.608453515642256,-0.0048048799999995,0.0035826399999999,0.0086490800000007,7.628348102366552,1.0,175.46,2703.81,274965.23424142256,8492.423654028944
46.4604359,47.0192434,0.2535260000000003,-0.4015690000000338,0.0034210000000549,0.4554422438398267,-0.2360971476067794,5.790415556983824,-4.879999999594584e-06,-0.00121736,0.0082490800000007,5.813095717700011,1.0,115.84,1403.71,421629.8342541436,25619.892997841434
46.5719225,47.13073,0.2085260000000004,-0.4265690000000337,-0.0465789999999449,0.3964151321230981,-0.2816308198158956,4.395039843960585,-4.879999999594584e-06,-0.00121736,0.0086490800000007,4.421858897075689,1.0,39.1,41.06,1268772.378516624,1207730.1509985386
46.6817666,47.2405741,0.1835260000000005,-0.5165690000000336,-0.0565789999999449,0.3455224472608614,-0.3377944888908633,3.3308482025503587,0.0003951200000004,-0.00161736,0.0074490800000007,3.3657154702557865,1.0,40.08,37.63,1237504.99001996,1318727.0794578793
46.792142,47.3509495,0.1635260000000005,-0.4315690000000336,-0.0665789999999449,0.3020148818716709,-0.3602119631620711,2.518668688089256,0.0003951200000004,-0.00121736,0.0078490800000007,2.5621587787719724,1.0,37.63,33.72,1318727.0794578793,1472799.525504152
46.902904,47.4617115,0.1435260000000005,-0.4665690000000337,-0.0565789999999449,0.264126969798267,-0.3856373811000141,1.903037125664808,-4.879999999594584e-06,-0.00121736,0.0078490800000007,1.9595993334187127,1.0,38.61,37.15,1285001.295001295,1335895.0201884252
47.0129746,47.5717821,0.2535260000000003,-0.456569000000034,-0.0465789999999449,0.2615927313907126,-0.4025940969804643,1.4369673075567653,0.0003951200000004,-0.00121736,0.0074490800000007,1.5150537307392462,1.0,38.12,23.95,1301647.429171039,2077682.6722338204
47.1325992,47.6914067,0.2985260000000007,-0.3715690000000335,0.8534210000000549,0.2704218960433168,-0.3951773234340702,1.2974663474239894,-0.0028048799999995,-0.01441736,0.0070490800000007,1.3830083302402507,1.0,49.85,288.86,993009.0270812437,163094.23250017306
47.242632,47.8014395,0.4085260000000006,-0.3065690000000336,1.5534210000000552,0.3034366797044435,-0.3739948636451315,1.358654156039062,-0.0012048799999995,-0.02361736,0.0066490800000007,1.441487805132327,1.0,119.26,1596.29,409252.0543350662,21322.62934679789
47.3526106,47.9114181,-0.0114739999999993,-0.3515690000000335,3.4284210000000552,0.2281550069289447,-0.3686337989450625,1.8534468712778327,0.0019951200000004,-0.05761736,0.0078490800000007,1.903473375059658,1.0,150.54,2198.92,322137.63783711975,12738.435231841084
47.4634812,48.0222887,-0.1514739999999994,-0.9115690000000336,5.803421000000055,0.1374019505304285,-0.4984263807097747,2.7977167198242148,0.0115951200000004,-0.09401736,0.0166490800000007,2.845088223127884,1.0,178.4,2828.45,270269.05829596415,7677.526560483659
47.5742838,48.1330913,0.0035260000000003,-0.4015690000000338,7.388421000000055,0.1053979374883825,-0.4752719241911006,3.895157739460754,0.0035951200000004,-0.11561736,0.0094490800000007,3.9254612394509936,1.0,189.64,3085.04,253657.4562328623,6207.24528693307
47.6842876,48.2430951,-0.0314739999999993,-0.3665690000000337,8.573421000000055,0.0726777121221943,-0.449285704935621,5.013530365845165,0.0023951200000004,-0.13601736,0.0042490800000007,5.0341460471216335,1.0,197.46,3231.18,243215.8411830244,5474.223039261199
47.794283,48.3530905,-0.2214739999999992,-0.2165690000000337,9.813421000000057,0.0023586205019322,-0.3936530955658918,6.160978894481179,0.0003951200000004,-0.15761736,0.0046490800000007,6.1735426831748565,1.0,198.92,3341.15,241357.32957973055,4964.9072923993235
47.9043065,48.463114,-0.2514739999999995,-0.4165690000000339,10.958421000000056,-0.0583219010170849,-0.3991313080564457,7.307842084659535,-0.0036048799999995,-0.17561736,0.0082490800000007,7.318965991144522,1.0,204.79,3433.04,234152.54651106012,4564.351129028499
48.0142984,48.5731059,-0.3864739999999993,0.0034309999999662,11.973421000000055,-0.1367690307219602,-0.3028958803621692,8.423182426697405,-0.0036048799999995,-0.19201736,0.0054490800000007,8.42973628742495,1.0,204.79,3481.43,234152.54651106012,4361.914500650594
48.1251054,48.6839129,-0.2114739999999995,0.0334309999999662,12.263421000000056,-0.15462779326749,-0.222494510117153,9.341219198033809,-0.0052048799999995,-0.19441736,0.0066490800000007,9.345147921097793,1.0,207.72,3516.13,230708.64625457345,4220.17957242764
48.2351282,48.7939357,0.0635260000000004,-0.0565690000000338,12.313421000000057,-0.1024765531288237,-0.1828288183423673,10.051745508822542,-0.0040048799999995,-0.18921736,0.0090490800000007,10.05393035558193,1.0,207.72,3533.72,230708.64625457345,4149.394971871004
48.3454985,48.904306,0.1285260000000003,-0.1465690000000337,11.568421000000056,-0.0472537241308665,-0.1741606468408211,10.414317740861817,-0.0016048799999995,-0.17601736,0.0122490800000007,10.415881088654066,1.0,209.19,3538.61,229017.16143219083,4129.84194358802
48.4568047,49.0156122,0.3285260000000005,-0.3715690000000335,8.883421000000055,0.0425791334090489,-0.2213525396646207,10.04834581635675,0.0015951200000004,-0.13361736,0.0162490800000007,10.050873771693288,1.0,205.77,3500.98,232989.74583272586,4281.715405400774
48.5671888,49.1259963,0.4835260000000003,-0.686569000000034,4.463421000000055,0.1479906670961142,-0.3325658950503964,8.713229195684086,0.0039951200000004,-0.06601736,0.0210490800000007,8.720829337202957,1.0,198.92,3276.64,241357.32957973055,5259.534156941257
48.6780471,49.2368546,0.4285260000000006,-0.8015690000000337,1.418421000000055,0.2150546649048175,-0.444684475184449,6.969352601651367,0.0039951200000004,-0.02121736,0.0150490800000007,6.986835369286445,1.0,176.93,2703.32,272597.6374837506,8495.775564860985
48.7888385,49.347646,0.1835260000000005,-0.3465690000000336,0.078421000000055,0.2075175098085201,-0.4212292620936192,5.322025624869451,-0.0012048799999995,-0.00441736,0.0070490800000007,5.3427010359824685,1.0,94.82,1019.55,517314.9124657246,39041.24368593988
48.9084846,49.4672921,0.1885260000000004,-0.4415690000000338,-0.0665789999999449,0.2029774522015203,-0.4260916233664957,4.033840764112459,0.0003951200000004,-0.00121736,0.0082490800000007,4.061357559710879,1.0,42.52,71.85,1165917.2154280338,685894.2240779402
49.0184654,49.5772729,0.2285260000000004,-0.4665690000000337,-0.0565789999999449,0.2090850171055099,-0.4357680326435534,3.0559963719014616,0.0003951200000004,-0.00121736,0.0078490800000007,3.09398192427282,1.0,37.63,36.17,1318727.0794578793,1372361.0727121923
49.1284742,49.6872817,0.2935260000000004,-0.3815690000000338,-0.096578999999945,0.2292712440352244,-0.4228113623774086,2.3023504562712787,0.0003951200000004,-0.00121736,0.0074490800000007,2.3520528002129257,1.0,39.59,34.7,1252945.1881788329,1430922.190201729
49.2391962,49.7980037,0.2235260000000005,-0.4415690000000338,0.4684210000000549,0.2278978019471979,-0.4272955111489687,1.8639363721572209,-0.0004048799999995,-0.00521736,0.0086490800000007,1.9258186990033728,1.0,41.06,83.09,1207730.1509985386,591757.1308220002
49.3493307,49.9081382,0.1685260000000004,-0.456569000000034,1.9484210000000552,0.2137045438129372,-0.4342935501191028,1.884133032727111,0.0011951200000004,-0.01241736,0.0086490800000007,1.945311750012016,1.0,125.61,1841.64,388057.47950003983,17149.714385004667
49.4601745,50.018982,-0.4214739999999994,-0.4265690000000337,5.238421000000055,0.0618605246319366,-0.4324469406139966,2.68599980137412,0.0055951200000004,-0.03441736,0.0042490800000007,2.72129234260782,1.0,180.35,2864.13,267238.7025228722,7457.308152912052
49.5701695,50.128977,-0.3364739999999995,-0.6415690000000336,8.318421000000056,-0.0333642208948572,-0.482439079526572,4.032470775323621,0.0107951200000004,-0.04881736,0.0078490800000007,4.061364449360517,1.0,195.01,3236.56,246397.10784062356,5448.500877474851
49.6810276,50.2398351,-0.3214739999999993,0.1584309999999662,10.693421000000056,-0.1022389447828212,-0.3292344576197968,5.624819042643759,-0.0016048799999995,-0.06001736,0.0034490800000007,5.635373758004199,1.0,203.81,3424.73,235326.5296109121,4599.691070536946
49.7910295,50.349837,-0.3864739999999993,0.5634309999999663,11.563421000000057,-0.1701873879358705,-0.1158363317080518,7.044484738698354,-0.0056048799999995,-0.06681736,-0.0013509199999992,7.047492251610499,1.0,205.77,3503.91,232989.74583272586,4269.772910833898
49.901824,50.4606315,-0.3714739999999996,0.4084309999999662,12.563421000000057,-0.2183064065659228,0.0094935610398507,8.36382631860949,-0.0004048799999995,-0.07361736,-0.0021509199999992,8.36668025579523,1.0,207.23,3528.84,231277.80726728754,4168.9620385169055
50.0118036,50.5706111,-0.4864739999999994,0.2634309999999662,13.998421000000056,-0.282413806914633,0.0701991401684645,9.710816879314269,0.0051951200000004,-0.08121736,0.0010490800000007,9.715176269177586,1.0,208.21,3567.45,230142.1641611834,4015.6133933201586
50.1218395,50.680647,-0.3464739999999993,-0.0115690000000336,15.173421000000056,-0.2977278588175853,0.0506518755999737,11.016691854089718,0.0103951200000004,-0.08401736,0.0054490800000007,11.020830590222529,1.0,210.17,3614.86,227902.65023552364,3831.794315685808
50.2318417,50.7906492,-0.2364739999999994,-0.0165690000000338,15.603421000000056,-0.2830846813932121,0.0345822397103565,12.113182589165266,0.0159951200000004,-0.08281736,0.0114490800000007,12.116539328809996,1.0,211.63,3633.43,226261.3996125313,3761.101768852022
50.3427035,50.901511,-0.0614739999999995,0.1784309999999662,15.563421000000057,-0.2301070471768779,0.06897032496503,12.937987004454383,0.0127951200000004,-0.08041736,0.0098490800000007,12.940216918054997,1.0,212.12,3640.76,225715.63266075807,3733.396323844471
50.4530766,51.0118841,0.1985260000000006,0.4834309999999662,14.138421000000056,-0.1276392209709841,0.1680501432346935,13.224959422557417,0.0079951200000004,-0.07041736,0.0086490800000007,13.22664297354629,1.0,212.12,3640.76,225715.63266075807,3733.396323844471
50.5643441,51.1231516,0.1635260000000005,0.1434309999999663,10.658421000000056,-0.058034071633668,0.1621647592053258,12.611409872970698,0.0019951200000004,-0.05361736,0.0118490800000007,12.61258595002077,1.0,210.65,3598.24,227360.55067647758,3895.6823335853087
50.675575,51.2343825,0.2635260000000006,-0.7015690000000336,6.648421000000055,0.0188371863151308,-0.0443170352091301,11.185914308576908,0.0103951200000004,-0.03241736,0.0186490800000007,11.186017958059232,1.0,207.72,3475.07,230708.64625457345,4388.19937440109
50.7868257,51.3456332,0.3235260000000006,-0.8865690000000337,4.148421000000055,0.09167524817987,-0.2456634514926907,9.503550697049729,0.0075951200000004,-0.01761736,0.0166490800000007,9.507167334906994,1.0,199.9,3305.47,240125.06253126563,5126.441928076795
50.8972335,51.456041,0.2685260000000005,-0.8165690000000339,2.143421000000055,0.1339526979034533,-0.3821425468627932,7.744058526258458,0.0043951200000004,-0.01041736,0.0098490800000007,7.754638528617225,1.0,190.13,3065.49,252977.96244674697,6310.6061347451805
51.0080638,51.5668713,0.2685260000000005,-0.4165690000000339,0.558421000000055,0.1661234178747763,-0.3903724391685454,6.02627996935835,-0.0004048799999995,-0.00401736,0.0086490800000007,6.04119507219544,1.0,164.71,2465.3,293563.83947544167,10281.507321624144
51.1201646,51.6789721,0.2535260000000003,-0.5015690000000339,-0.0565789999999449,0.1870176364940375,-0.4169547802759781,4.572128592528183,0.0003951200000004,-0.00121736,0.0078490800000007,4.594908786011813,1.0,67.94,468.72,725943.4795407713,96673.49377026796
51.2301738,51.7889813,0.1635260000000005,-0.4765690000000335,-0.076578999999945,0.1814017910957015,-0.4312059901309283,3.460821462080482,-4.879999999594584e-06,-0.00121736,0.0082490800000007,3.4922958649195817,1.0,39.59,35.19,1252945.1881788329,1410858.1983518044
51.3493609,51.9081684,0.2285260000000004,-0.3915690000000336,-0.0565789999999449,0.1926671736412132,-0.4217304813179524,2.619961473288583,-4.879999999594584e-06,-0.00161736,0.0094490800000007,2.660671975307751,1.0,39.1,33.72,1268772.378516624,1472799.525504152
51.4596565,52.018464,0.2535260000000003,-0.4065690000000337,-0.076578999999945,0.2072159157027499,-0.4181060196882654,1.975333994390376,-4.879999999594584e-06,-0.00121736,0.0074490800000007,2.029703295758849,1.0,39.59,36.17,1252945.1881788329,1372361.0727121923
51.5701907,52.1289982,0.2485260000000004,-0.4065690000000337,0.288421000000055,0.2170913897619741,-0.4153480117928549,1.5720652574786331,-0.0012048799999995,-0.00481736,0.0070490800000007,1.6404364712418535,1.0,38.61,29.81,1285001.295001295,1667289.500167729
51.6810468,52.2398543,0.2985260000000007,-0.5065690000000338,2.113421000000056,0.2365589215912952,-0.4371550479686864,1.701480258271507,0.0043951200000004,-0.02241736,0.0082490800000007,1.772596888363684,1.0,74.78,807.92,658627.9753944905,51887.31557579959
51.7910381,52.3498456,0.1535260000000007,-0.4915690000000337,4.753421000000055,0.2167093018873964,-0.4501630962669855,2.4310687386134786,0.0075951200000004,-0.05081736,0.0070490800000007,2.481875288290879,1.0,157.87,2389.05,306716.28555140307,10928.821079508589
51.9010169,52.4598244,0.0935260000000006,-0.5065690000000338,6.618421000000056,0.1872614437429983,-0.4636473350086597,3.4320855445004907,0.0103951200000004,-0.06841736,0.0082490800000007,3.4683204702481825,1.0,182.31,2899.8,264258.1317536065,7242.568452996758
52.0110132,52.5698207,0.1485260000000003,-0.2215690000000336,8.368421000000055,0.1780014561064692,-0.4057767603451995,4.612152193303219,0.0135951200000004,-0.08521736,0.0054490800000007,4.633388301427365,1.0,190.13,3115.84,252977.96244674697,6047.037075074457
52.1210194,52.6798269,-0.1214739999999996,0.2734309999999662,9.768421000000057,0.1064096850301122,-0.2434072389022504,5.844795498422561,0.0103951200000004,-0.09921736,0.0042490800000007,5.850829387650854,1.0,197.46,3255.62,243215.8411830244,5358.057758583619
52.2310201,52.7898276,-0.1764739999999993,-0.0115690000000336,11.338421000000055,0.0387842966820533,-0.187984633183495,7.158086358386552,0.0195951200000004,-0.11721736,0.0038490800000007,7.160659380120094,1.0,199.9,3349.46,240125.06253126563,4927.77940324709
52.3410444,52.8998519,-0.1814739999999997,0.0884309999999661,12.028421000000057,-0.0138700401999775,-0.1219054793520663,8.322375035865631,0.0191951200000004,-0.12481736,0.0034490800000007,8.32327937543314,1.0,204.3,3401.27,234738.13020068526,4700.391324417057
52.4514278,53.0102353,-0.1814739999999997,0.1934309999999661,12.878421000000056,-0.0539369774959282,-0.0465220160950003,9.411530734694288,0.0183951200000004,-0.13201736,0.0066490800000007,9.41180026698496,1.0,205.28,3434.99,233569.75837879968,4556.083132701989
52.5622584,53.1210659,-0.1464739999999995,0.4134309999999663,13.628421000000056,-0.0760586211769513,0.0634330749240245,10.419608813789225,0.0155951200000004,-0.13841736,0.0022490800000007,10.420079486320809,1.0,206.26,3478.01,232412.48909143798,4376.0368716593675
52.673209,53.2320165,0.0835260000000004,0.5934309999999663,13.988421000000056,-0.0379087647074257,0.1901329074121047,11.272759146612774,0.0147951200000004,-0.13681736,0.0054490800000007,11.274426210431493,1.0,206.26,3509.29,232412.48909143798,4247.896298111584
52.7843637,53.3431712,0.0485260000000007,0.3884309999999662,14.368421000000057,-0.0172459098330252,0.2375374988734541,12.012799474521056,0.0183951200000004,-0.14041736,0.0078490800000007,12.015160119608492,1.0,206.26,3527.86,232412.48909143798,4172.898017495026
52.894797,53.4536045,0.3635260000000007,0.3234309999999663,14.658421000000056,0.0737803657605972,0.2580709607789596,12.645254411126738,0.0187951200000004,-0.13881736,0.0106490800000007,12.648102754377406,1.0,208.7,3542.03,229578.34211787255,4116.198902889021
53.0143477,53.5731552,0.3435260000000006,0.6534309999999663,14.873421000000056,0.1382650081629732,0.3525846340817463,13.17791372960489,0.0167951200000004,-0.14121736,0.0078490800000007,13.183354785546124,1.0,209.68,3552.79,228458.6035864174,4073.446502607809
53.125215,53.6840225,0.6735260000000005,0.5934309999999663,14.778421000000057,0.2662230147786362,0.4101606976348799,13.56052655403428,0.0171951200000004,-0.13441736,0.0110490800000007,13.569339958677096,1.0,210.17,3564.03,227902.65023552364,4029.0626060947843
53.2351935,53.794001,0.5585260000000005,0.4884309999999663,15.558421000000054,0.3361001548787715,0.4288717788094465,14.03813765335407,0.0219951200000004,-0.14561736,0.0142490800000007,14.048708235680817,1.0,210.17,3573.8,227902.65023552364,3990.7101684481504
53.3452246,53.9040321,0.7435260000000006,0.5734309999999663,15.893421000000057,0.4334982462406908,0.4634297048745756,14.481656539214406,0.0215951200000004,-0.14841736,0.0142490800000007,14.495553247138425,1.0,211.14,3583.09,226809.69972530074,3954.4359756522995
53.4560489,54.0148564,1.0635260000000006,0.3334309999999663,15.048421000000056,0.5841109318520699,0.4323525754142662,14.617145677651031,0.0191951200000004,-0.13641736,0.0178490800000007,14.635199420979845,1.0,211.63,3592.38,226261.3996125313,3918.3493951085356
53.5660719,54.1248794,0.7185260000000004,-0.0465690000000338,10.798421000000054,0.6162438248549555,0.3178629132684668,13.704251958478167,0.0147951200000004,-0.10041736,0.0170490800000007,13.721782501728995,1.0,206.74,3540.57,231849.66624746055,4122.019900750444
53.6761819,54.2349894,0.5235260000000004,-0.1315690000000338,7.818421000000056,0.5940789590659079,0.2104229678804594,12.297201550902557,0.0115951200000004,-0.07521736,0.0154490800000007,12.313341285716753,1.0,201.37,3368.52,238299.1508169042,4843.3139776519065
53.7860613,54.3448688,0.6685260000000006,-0.4665690000000337,7.248421000000055,0.6118760619776433,0.0485831476322125,11.090254089784162,0.0151951200000004,-0.06641736,0.0202490800000007,11.10722685522491,1.0,198.44,3306.94,241965.32957065108,5119.717926542362
53.8963058,54.4551133,0.9185260000000006,0.3484309999999662,10.163421000000056,0.6851829447816576,0.1202639427248752,10.868687944589857,0.0051951200000004,-0.09001736,0.0130490800000007,10.890928184531028,1.0,199.9,3291.79,240125.06253126563,5189.304299484476
54.0069358,54.5657433,0.6785260000000006,1.278430999999966,15.283421000000056,0.6835915540444251,0.3971321439144193,11.924061771798549,0.0007951200000004,-0.13881736,0.0042490800000007,11.950241022262206,1.0,206.74,3514.17,231849.66624746055,4228.110762996668
54.1168909,54.6756984,0.8885260000000006,0.7934309999999662,16.623421000000054,0.7325826137167595,0.4918702481703219,13.047477541641667,-0.0004048799999995,-0.15361736,0.0042490800000007,13.077281209280423,1.0,211.14,3592.86,226809.69972530074,3916.489927244591
54.227754,54.7865615,1.2135260000000003,0.2784309999999663,19.373421000000054,0.8475556043555539,0.440846054093164,14.55974002151502,0.0035951200000004,-0.17561736,0.0210490800000007,14.59104949069772,1.0,212.61,3651.52,225172.3813555336,3692.927876610288
54.3386054,54.8974129,1.3135260000000006,2.548430999999966,21.45342100000005,0.9589491934230892,0.9446794597853267,16.207724256689463,-0.0336048799999995,-0.19321736,0.0018490800000007,16.263527551493468,1.0,216.03,3707.23,221449.33574040642,3487.1588760341288
54.4494146,55.0082221,1.8285260000000003,1.2184309999999663,21.47842100000005,1.166827810519614,1.010121742948188,17.46772238663919,0.0051951200000004,-0.17761736,0.0122490800000007,17.53576797439093,1.0,217.99,3736.56,219368.31964769022,3381.2918834435955
54.5597696,55.1185771,1.7685260000000005,2.048430999999966,21.90342100000005,1.310668109148373,1.2583370711882624,18.528108181923017,-0.0020048799999995,-0.17801736,-0.0053509199999992,18.6169829961277,1.0,217.5,3746.33,219885.05747126436,3346.395005245133
54.6706032,55.2294107,1.9135260000000005,1.6784309999999665,22.093421000000053,1.4547856427671584,1.3587635594656944,19.38042196551612,-0.0004048799999995,-0.17121736,-0.0001509199999992,19.482386795215643,1.0,217.01,3749.27,220404.12884198886,3335.9293942554145
54.7902184,55.3490259,1.6935260000000003,2.108430999999966,22.428421000000053,1.5118582497310655,1.537976976431148,20.109068152267906,-0.0072048799999995,-0.18561736,-0.0089509199999992,20.22438405736668,1.0,215.05,3752.69,222504.06882120436,3323.7757448656826
54.900212,55.4590195,1.8485260000000008,0.6784309999999663,22.128421000000053,1.5923411073896137,1.3324963017397715,20.59180903753709,0.0139951200000004,-0.17841736,0.0158490800000007,20.69622419753968,1.0,216.03,3760.51,221449.33574040642,3296.0688842736754
55.0102567,55.5690642,1.8135260000000004,1.9434309999999664,22.69342100000005,1.6452169537216808,1.4785446545132872,21.09421455839049,0.0023951200000004,-0.18241736,0.0030490800000007,21.20987319518003,1.0,216.52,3762.95,220925.54960280805,3287.4473484898826
55.1210945,55.679902,1.7585260000000007,0.6284309999999662,22.628421000000053,1.6723042997349509,1.275318844511797,21.460977690767304,0.0295951200000004,-0.18081736,0.0086490800000007,21.563779892905856,1.0,215.05,3764.91,222504.06882120436,3280.529946266977
55.2310894,55.7898969,1.6985260000000006,1.5084309999999663,22.06842100000005,1.6785727865986653,1.3310459891927018,21.606191401773373,-4.879999999594584e-06,-0.18521736,0.0018490800000007,21.71213478484604,1.0,216.03,3765.4,221449.33574040642,3278.8017209327027
55.3419196,55.9007271,1.5735260000000006,1.8084309999999664,22.65842100000005,1.653460593445164,1.445168324469645,21.857734488126432,0.0007951200000004,-0.19361736,-0.0021509199999992,21.96777185728125,1.0,215.54,3769.79,221975.50338684235,3263.3382761373973
55.4519385,56.010746,2.1385260000000006,0.7034309999999662,22.233421000000053,1.769418982805753,1.2678506590335032,21.947545062602924,0.0067951200000004,-0.18761736,0.0266490800000007,22.05522666184392,1.0,214.56,3770.77,223035.0484712901,3259.8912158524663
55.5619345,56.120742,1.9585260000000004,1.7884309999999664,22.77342100000005,1.8146263813015084,1.3922991500112514,22.14497667124396,-0.0132048799999995,-0.19641736,0.0082490800000007,22.262779646683303,1.0,217.99,3773.22,219368.31964769022,3251.281398911274
55.6719578,56.2307653,1.8585260000000008,2.108430999999966,22.78342100000005,1.8251209022651376,1.5634956418087391,22.297601399906377,-0.0168048799999996,-0.19441736,0.0002490800000007,22.426738798116567,1.0,217.5,3774.68,219885.05747126436,3246.155965538802
55.7819148,56.3407223,1.9235260000000003,1.2884309999999664,21.65342100000005,1.8486453517187724,1.4977394522244656,22.14360542200035,0.0039951200000004,-0.17761736,-0.0013509199999992,22.2710568718331,1.0,217.5,3768.82,219885.05747126436,3266.751927659055
55.8919392,56.4507467,1.4485260000000006,1.1034309999999663,19.22342100000005,1.7529939303839743,1.403477168389449,21.44551424164577,-0.0032048799999995,-0.16641736,-0.0001509199999992,21.562764594800576,1.0,217.01,3758.55,220404.12884198886,3303.002487661464
56.0110887,56.5698962,1.5335260000000006,-0.1565690000000337,12.548421000000056,1.7005285362747975,1.0305368626697669,19.318599833092527,0.0079951200000004,-0.10681736,0.0218490800000007,19.42066175595386,1.0,215.05,3688.66,222504.06882120436,3555.0579343176114
56.1211341,56.6799416,1.3685260000000006,-0.7315690000000339,7.493421000000055,1.621160931721238,0.6092927274318076,16.49170541255356,0.0059951200000004,-0.05641736,0.0226490800000007,16.582392704573397,1.0,207.72,3507.82,230708.64625457345,4253.867074137212
56.2327839,56.7915914,0.8885260000000006,-0.4265690000000337,4.493421000000056,1.4460192590237528,0.3616624988273801,13.62342885279712,0.0003951200000004,-0.03521736,0.0098490800000007,13.704728569648898,1.0,195.99,3202.35,245115.05689065767,5613.533811107467
56.3428061,56.9016136,0.4535260000000005,-0.2515690000000339,2.063421000000055,1.208756576069211,0.2150650792870775,10.8599254705897,0.0007951200000004,-0.01761736,0.0082490800000007,10.92910456877791,1.0,183.77,2912.02,262079.22947162212,7170.211743051216
56.4535989,57.0124064,0.3085260000000005,-0.6615690000000336,0.333421000000055,0.993549953944655,0.0054993701701887,8.34348853752504,0.0047951200000004,-0.00281736,0.0106490800000007,8.402438499023212,1.0,137.83,1833.82,352765.7258942175,17265.489524598925
56.5636233,57.1224308,0.1435260000000005,-0.4415690000000338,-0.0565789999999449,0.7903455875120663,-0.10137555316686,6.335391713862046,0.0003951200000004,-0.00121736,0.0082490800000007,6.385304324662338,1.0,52.79,249.76,937149.0812653912,190192.1844971172
56.6736255,57.232433,0.1435260000000005,-0.3915690000000336,-0.0565789999999449,0.6357186927444212,-0.1707483928768144,4.807344941605369,0.0003951200000004,-0.00121736,0.0086490800000007,4.852201423843967,1.0,45.45,164.71,1090110.0110011,293563.83947544167
56.784574,57.3433815,0.2335260000000003,-0.4165690000000339,-0.0465789999999449,0.5395716242604334,-0.229513584721985,3.6469793605077534,-4.879999999594584e-06,-0.00121736,0.0082490800000007,3.6938154365437006,1.0,44.48,163.73,1114100.7194244605,295380.8098699078
56.8944554,57.4532629,0.2535260000000003,-0.4015690000000338,0.2484210000000549,0.4711903514987481,-0.2706446746055393,2.834529434565891,0.0011951200000004,-0.00481736,0.0066490800000007,2.886143794522075,1.0,44.48,169.11,1114100.7194244605,285665.5431376027
57.0044679,57.5632754,0.1835260000000005,-0.6465690000000339,1.3034210000000552,0.4024221102976884,-0.3605121001220681,2.468506903151675,0.0187951200000004,-0.01561736,0.0106490800000007,2.5269425913736825,1.0,83.58,939.39,588229.2414453218,43226.029657543724
57.1144609,57.6732684,0.2285260000000004,0.0884309999999661,2.248421000000055,0.360850988973225,-0.2531890090477194,2.415893778188398,0.0151951200000004,-0.02681736,0.0030490800000007,2.455781109552505,1.0,131.96,1861.68,368902.6977872082,16857.462077263546
57.2244535,57.783261,0.2085260000000004,0.0684309999999661,3.9284210000000552,0.3244366000227572,-0.1763034226271352,2.7774743364702803,0.0247951200000004,-0.04761736,0.0006490800000007,2.801911078891582,1.0,166.18,2523.46,290878.5654110001,9814.064815768827
57.3355313,57.8943388,0.1785260000000006,0.5834309999999663,6.718421000000055,0.2895556170859474,0.0053165791275688,3.7195861042515137,0.0335951200000004,-0.07841736,-0.0033509199999992,3.730843270406919,1.0,184.75,2951.61,260635.9945872801,6939.907372586486
57.4469472,58.0057547,0.0785260000000005,1.1834309999999664,9.493421000000057,0.2391074627257542,0.286953341677038,5.099863044015668,0.0443951200000004,-0.10721736,-0.0105509199999992,5.113523019088456,1.0,195.01,3218.47,246397.10784062356,5535.3320055802915
57.5577946,58.1166021,0.3185260000000003,1.2684309999999663,11.338421000000055,0.2580930377497575,0.5215826657116369,6.591235388307665,0.0703951200000004,-0.12321736,-0.0093509199999992,6.6168757308404285,1.0,202.35,3397.85,237096.61477637757,4715.187545065262
57.669455,58.2282625,0.4935260000000006,1.9184309999999665,13.513421000000056,0.3143749880517406,0.8555093503118194,8.246033861956702,0.0647951200000004,-0.14281736,-0.0069509199999992,8.296252306561081,1.0,205.28,3493.16,233569.75837879968,4313.687320363224
57.7794679,58.3382754,0.8835260000000005,1.9784309999999663,14.748421000000056,0.4504346487833052,1.1239518822186017,9.800476478019196,0.0771951200000004,-0.14961736,-0.0021509199999992,9.874993590001708,1.0,208.21,3538.61,230142.1641611834,4129.84194358802
57.8898151,58.4486226,0.7435260000000006,1.8534309999999663,14.668421000000055,0.5205002534694735,1.298339134797389,10.9641937801348,0.0847951200000004,-0.15201736,-0.0037509199999992,11.053060674363223,1.0,210.17,3585.53,227902.65023552364,3944.939799694884
58.0006917,58.5594992,0.7035260000000005,2.128430999999966,15.473421000000055,0.5642538802843349,1.4967785914345346,12.042157119945529,0.0759951200000004,-0.16281736,-0.0065509199999992,12.14793302149166,1.0,210.65,3585.04,227360.55067647758,3946.845781358088
58.1115412,58.6703487,0.9235260000000004,2.1884309999999663,16.723421000000055,0.6501404757442887,1.662123095929832,13.161247066100362,0.0915951200000004,-0.17521736,-0.0073509199999992,13.281707727516055,1.0,210.65,3604.59,227360.55067647758,3871.203104930103
58.22243,58.7812375,1.0485260000000003,1.7634309999999662,14.993421000000057,0.7453774130995476,1.686341482206656,13.599241479910296,0.0767951200000004,-0.15161736,0.0018490800000007,13.723654903540917,1.0,211.14,3620.72,226809.69972530074,3809.4080735323364
58.3340092,58.8928167,0.4785260000000004,0.6534309999999663,8.398421000000056,0.681584655167381,1.4394167700919476,12.355947775485348,0.0507951200000004,-0.08481736,0.0042490800000007,12.458166948259398,1.0,208.21,3511.24,230142.1641611834,4239.983595538899
58.4453259,59.0041334,0.3535260000000004,-0.3015690000000337,2.203421000000055,0.6031598638816108,1.023221545548043,9.92891291190466,0.0159951200000004,-0.02201736,0.0106490800000007,9.999704783885296,1.0,192.08,3115.35,250308.2049146189,6049.5610445054335
58.5556748,59.1144823,0.1435260000000005,-0.4165690000000339,-0.0665789999999449,0.49328106850462,0.6790292151484013,7.539418366821655,0.0003951200000004,-0.00081736,0.0082490800000007,7.585989467270425,1.0,87.49,819.16,561493.8850154304,51038.13662776503
58.6664953,59.2253028,0.2085260000000004,-0.5265690000000338,-0.0665789999999449,0.4252083124188343,0.3908222530450152,5.721149753519078,0.0003951200000004,-0.00121736,0.0090490800000007,5.750225964657099,1.0,48.88,195.01,1012913.2569558101,246397.10784062356
58.7773737,59.3361812,0.2285260000000004,-0.3915690000000336,-0.0665789999999449,0.3781899848786578,0.2037859723147784,4.337551386691071,-4.879999999594584e-06,-0.00121736,0.0078490800000007,4.358773728855448,1.0,46.43,184.75,1066889.941847943,260635.9945872801
58.8970296,59.4558371,0.2335260000000003,-0.4415690000000338,-0.086578999999945,0.3436070142971074,0.0495092043898468,3.279931059557036,-4.879999999594584e-06,-0.00121736,0.0090490800000007,3.2982517637440028,1.0,44.97,162.76,1101852.34600845,297200.7864340133
59.0070681,59.5658756,0.1835260000000005,-0.5415690000000339,-0.096578999999945,0.3053384914664581,-0.091792310088389,2.4727519392257844,0.0003951200000004,-0.00121736,0.0086490800000007,2.4932227288205224,1.0,38.61,37.63,1285001.295001295,1318727.0794578793
59.1170458,59.6758533,0.1435260000000005,-0.4665690000000337,-0.0665789999999449,0.2666560465109586,-0.1813853850526706,1.86570653506576,0.0003951200000004,-0.00121736,0.0086490800000007,1.8933744954547809,1.0,40.57,60.61,1222437.7618930244,814946.3784853985
59.2278386,59.7866461,0.1385260000000006,-0.4165690000000339,0.1234210000000549,0.2360256333309406,-0.2376077270807124,1.4492005923158904,-0.0004048799999995,-0.00321736,0.0070490800000007,1.487396345405777,1.0,40.08,69.89,1237504.99001996,705409.9298898268
59.3378533,59.8966608,0.0585260000000005,-0.2415690000000336,0.683421000000055,0.1935930637949309,-0.2385546979867696,1.266135449079142,-0.0012048799999995,-0.00881736,0.0054490800000007,1.302875893435713,1.0,48.88,225.81,1012913.2569558101,211425.09189141315
59.4478355,60.006643,0.2985260000000007,-0.3715690000000335,0.8134210000000549,0.2186780401894323,-0.270352727726574,1.157910789793853,0.0023951200000004,-0.00921736,0.0082490800000007,1.2089946566347245,1.0,99.71,1271.75,491454.21722996695,29315.903282877924
59.5578373,60.1166448,0.1985260000000006,-0.2065690000000335,0.943421000000055,0.2138605494116558,-0.2551047668647271,1.1066354561529077,0.0003951200000004,-0.01041736,0.0066490800000007,1.1556196647195458,1.0,133.92,1860.22,363357.22819593793,16878.5412478094
59.6686964,60.2275039,0.2835260000000006,-0.3015690000000337,1.1834210000000551,0.230514578610893,-0.2662123774352533,1.1249915950784437,0.0027951200000004,-0.01241736,0.0070490800000007,1.1788180902281011,1.0,143.7,2050.34,337947.1120389701,14386.199362057025
59.7795135,60.338321,0.2135260000000003,0.1234309999999663,1.6734210000000551,0.2264533361750811,-0.1730653134272982,1.2560976059654658,0.0011951200000004,-0.01721736,0.0046490800000007,1.2880271394224143,1.0,152.0,2213.59,318947.3684210526,12587.742084125786
59.8903472,60.4491547,0.2435260000000005,-0.0065690000000337,1.5734210000000552,0.2305346797887049,-0.1332631669979614,1.331956055530095,0.0031951200000004,-0.01761736,0.0042490800000007,1.3583122778385304,1.0,161.29,2365.1,300000.62000124,11140.75514777388
60.0011423,60.5599498,0.2685260000000005,-0.1615690000000336,1.398421000000055,0.2396167793197219,-0.1400298808474245,1.3478449806225223,0.0035951200000004,-0.01521736,0.0066490800000007,1.3761216008227717,1.0,159.34,2331.87,303794.40190786996,11442.0186374026
60.1111803,60.6699878,0.1685260000000004,-0.1265690000000336,1.3684210000000552,0.2226220149912291,-0.136811960044693,1.352763826687875,0.0023951200000004,-0.01561736,0.0058490800000007,1.3777692276884574,1.0,157.38,2299.12,307702.3764137756,11747.451198719511
60.2215467,60.7803542,0.3035260000000006,-0.3165690000000338,1.2784210000000549,0.2419626970264667,-0.1797841789408923,1.334991636944514,0.0059951200000004,-0.01401736,0.0066490800000007,1.3686018297743014,1.0,153.47,2228.25,315796.57262005605,12439.133849433412
60.3328423,60.8916498,0.1835260000000005,-0.2615690000000337,1.438421000000055,0.2279929824783407,-0.1993354311967876,1.3597171733163935,0.0063951200000004,-0.01681736,0.0062490800000007,1.393034890302932,1.0,152.0,2211.63,318947.3684210526,12607.759887503787
60.4428491,61.0016566,0.1935260000000003,-0.4965690000000335,1.8084210000000551,0.2197534013408304,-0.270391262918788,1.466983064346881,0.0147951200000004,-0.02041736,0.0074490800000007,1.5077938531325317,1.0,156.89,2300.1,308694.62680859206,11738.185296291465
60.5528627,61.1116702,0.2635260000000006,-0.2365690000000337,2.013421000000055,0.2302175572465166,-0.2623058066491999,1.5976130001196849,0.0087951200000004,-0.02161736,0.0062490800000007,1.6352895028152843,1.0,159.82,2368.03,302851.95845325995,11114.59736574283
60.6628689,61.2216764,0.3035260000000006,0.0384309999999663,2.488421000000056,0.2477424700383875,-0.1904125006141059,1.810567087341276,0.0103951200000004,-0.02561736,0.0054490800000007,1.837331333650605,1.0,166.67,2517.6,289994.0001199976,9860.184302510328
60.7732218,61.3320293,0.3085260000000005,-0.1965690000000337,3.4284210000000552,0.2622732119522678,-0.1918842562644667,2.197326751909173,0.0183951200000004,-0.03641736,0.0054490800000007,2.221227512022495,1.0,171.55,2619.75,281460.2156805596,9085.790628876803
60.8848845,61.443692,0.1135260000000006,-0.0565690000000338,4.238421000000055,0.2267141164431282,-0.1595361667897225,2.6852650759855248,0.0151951200000004,-0.04641736,0.0038490800000007,2.699536924625424,1.0,175.95,2775.17,274171.63967036095,8016.9142791252425
60.9957309,61.5545384,0.1035260000000004,0.2634309999999662,5.423421000000055,0.1972651073444039,-0.0584228102185006,3.3398410289935967,0.0131951200000004,-0.05721736,-0.0009509199999992,3.3461716701745043,1.0,183.28,2926.2,262806.63465735485,7087.007039846902
61.1065788,61.6653863,0.0835260000000004,0.5284309999999663,6.488421000000055,0.1700749521266928,0.0818688323176798,4.092531815178622,0.0127951200000004,-0.06961736,-0.0045509199999992,4.096882308938735,1.0,189.64,3065.49,253657.4562328623,6310.6061347451805
61.2174372,61.7762447,0.3085260000000005,0.4634309999999662,6.778421000000055,0.2031726752372762,0.173084024758683,4.734613026628008,0.0171951200000004,-0.06801736,0.0006490800000007,4.74213008335973,1.0,193.06,3167.64,248986.8434683518,5784.621989872587
61.3282539,61.8870614,0.2835260000000006,0.6434309999999663,6.968421000000055,0.222381717962941,0.2855238667935493,5.268620958821748,0.0135951200000004,-0.06841736,0.0014490800000007,5.281036291745085,1.0,194.04,3203.81,247678.82910740055,5606.418607845034
61.4403855,61.999193,0.2285260000000004,0.4934309999999662,6.948421000000055,0.2238505529678014,0.3352255688267329,5.6701892928869535,0.0163951200000004,-0.06761736,0.0006490800000007,5.684499262840047,1.0,196.48,3227.76,244478.8273615635,5490.61888120554
61.5507316,62.1095391,0.2735260000000004,0.6884309999999663,7.163421000000056,0.2357258274169387,0.419661878567222,6.027157118996859,0.0143951200000004,-0.07041736,-0.0021509199999992,6.046346474947371,1.0,198.44,3243.4,241965.32957065108,5415.921563791084
61.661586,62.2203935,0.4385260000000004,0.7334309999999662,7.323421000000056,0.2842066736224139,0.4946706535916987,6.337038363456299,0.0127951200000004,-0.06921736,-0.0025509199999992,6.36266671363299,1.0,199.41,3272.73,240739.68206208313,5277.765046306906
61.772398,62.3312055,0.3635260000000007,0.6284309999999662,8.068421000000056,0.3031685315649098,0.526647030633263,6.750937889556202,0.0183951200000004,-0.07641736,0.0034490800000007,6.778232117746604,1.0,198.92,3283.97,241357.32957973055,5225.474045134397
61.8832602,62.4420677,0.4935260000000006,0.9234309999999664,8.698421000000055,0.3486748594625618,0.6215011047232954,7.216497794967617,0.0151951200000004,-0.08121736,0.0010490800000007,7.251598320754259,1.0,200.39,3337.73,239513.448774889,4980.24106203917
62.0029181,62.5617256,0.3635260000000007,0.6284309999999662,8.788421000000055,0.3522251318868941,0.6231577462480492,7.592277392091885,0.0203951200000004,-0.08441736,-0.0029509199999992,7.625946768678053,1.0,200.39,3360.22,239513.448774889,4879.978096672242
62.1128676,62.6716751,0.2885260000000005,0.6934309999999662,9.343421000000056,0.3369973942716022,0.6399570751840719,8.010900921142015,0.0291951200000004,-0.09161736,-0.0049509199999992,8.043484684524364,1.0,201.86,3375.37,237696.42326364806,4813.190850188276
62.223051,62.7818585,0.2885260000000005,0.4634309999999662,10.518421000000057,0.3254099573324941,0.5977572417556679,8.610341709341872,0.0471951200000004,-0.10161736,-0.0013509199999992,8.637198024361535,1.0,204.79,3394.43,234152.54651106012,4730.013581072523
62.3337097,62.8925172,0.0935260000000006,0.9134309999999662,11.223421000000055,0.2699764222927289,0.6732213339683015,9.235017189641203,0.0391951200000004,-0.11281736,-0.0109509199999992,9.263458140784822,1.0,205.77,3424.73,232989.74583272586,4599.691070536946
62.4437207,63.0025282,0.1785260000000006,-0.1265690000000336,10.748421000000056,0.2481145382414043,0.4820256772591662,9.596807302747427,0.0587951200000004,-0.10721736,0.0010490800000007,9.612107988557469,1.0,204.79,3442.33,234152.54651106012,4525.045536017756
62.5536843,63.1124918,0.3485260000000005,0.1534309999999663,7.9234210000000544,0.2721186235081051,0.4034727460203317,9.196772219184489,0.0319951200000004,-0.07761736,0.0018490800000007,9.209639409531986,1.0,203.32,3395.89,235917.7650993508,4723.680684592257
62.6645371,63.2233446,0.4135260000000005,-0.8465690000000337,2.473421000000055,0.3059230783303289,0.104641236819246,7.589506543366721,0.0143951200000004,-0.02441736,0.0130490800000007,7.596390477727197,1.0,190.62,3048.39,252301.9620186759,6402.100781068041
62.7745657,63.3333732,0.2885260000000005,-0.4065690000000337,0.6584210000000551,0.301764181085743,-0.0175672630761334,5.932580476761307,0.0011951200000004,-0.00761736,0.0070490800000007,5.940276200899058,1.0,156.89,2245.36,308694.62680859206,12268.144083799478
62.8853641,63.4441716,0.1835260000000005,-0.5665690000000339,-0.026578999999945,0.2734984897906076,-0.1488100940626065,4.50800035719344,0.0007951200000004,-0.00161736,0.0090490800000007,4.51874021033173,1.0,64.52,420.33,764953.5027898327,108954.15506863655
62.9954033,63.5542108,0.2085260000000004,-0.3815690000000338,-0.0565789999999449,0.2579663467701912,-0.2044527918866692,3.416804689112129,0.0003951200000004,-0.00121736,0.0082490800000007,3.43262317531576,1.0,44.48,103.13,1114100.7194244605,474824.97818287596
63.1053913,63.6641988,0.2085260000000004,-0.4015690000000338,-0.0565789999999449,0.2461472747369597,-0.2515748453269167,2.586467227858347,-4.879999999594584e-06,-0.00121736,0.0090490800000007,2.6103047914845,1.0,38.12,35.68,1301647.429171039,1391345.2914798206
63.2154183,63.7742258,0.1335260000000007,-0.4465690000000337,-0.016578999999945,0.2192243454788457,-0.2981896065633852,1.964190223696269,0.0007951200000004,-0.00281736,0.0066490800000007,1.9987545096827308,1.0,39.1,37.15,1268772.378516624,1335895.0201884252
63.3257394,63.8845469,0.1885260000000004,-0.3165690000000338,0.3784210000000549,0.2118856842392312,-0.3025833333299989,1.5851006357921755,-0.0012048799999995,-0.00801736,0.0062490800000007,1.627573728708896,1.0,45.45,166.18,1090110.0110011,290878.5654110001
63.4365926,63.9954001,0.3385260000000003,-0.4915690000000337,0.7634210000000551,0.2421599665221816,-0.3477617221063524,1.3886721833622695,0.0043951200000004,-0.01161736,0.0090490800000007,1.4518919028607238,1.0,87.49,1000.0,561493.8850154304,40000.0
63.5479338,64.1067413,0.3085260000000005,-0.6465690000000339,1.8834210000000555,0.258025246227443,-0.4191937603542832,1.5069454618523723,0.0107951200000004,-0.02641736,0.0118490800000007,1.5853028295591214,1.0,113.88,1550.83,429058.6582367404,22240.800087694977
63.6589073,64.2177148,0.5185260000000005,-0.2765690000000338,2.813421000000055,0.3202998331728021,-0.3850982811258566,1.8192678767172368,0.0131951200000004,-0.03761736,0.0082490800000007,1.886962712008867,1.0,152.0,2250.24,318947.3684210526,12219.852104664395
63.769598900000005,64.3284064,0.4535260000000005,-0.2815690000000337,3.838421000000056,0.3521485107268065,-0.3603488586175069,2.3019610164140776,0.0179951200000004,-0.05281736,0.0046490800000007,2.3564558970208167,1.0,168.13,2562.07,287388.9252364242,9515.469913000034
63.880773000000005,64.4395805,0.5635260000000004,-0.0215690000000337,4.293421000000055,0.4026798264462543,-0.2793610862011923,2.778033911021928,0.0139951200000004,-0.05761736,0.0046490800000007,2.8209335458138827,1.0,177.91,2799.12,271040.97577426786,7862.756866443741
63.9916046,64.5504121,0.5585260000000005,-0.9915690000000336,4.303421000000055,0.4399359800063623,-0.4496195327075037,3.1426887134446284,0.0247951200000004,-0.05881736,0.0154490800000007,3.205026324433004,1.0,181.33,2869.5,265740.3628743175,7424.638438752396
64.1024751,64.6612826,0.5185260000000005,-0.5065690000000338,4.373421000000056,0.4587234919895498,-0.4632337142445636,3.4369041568766026,0.0155951200000004,-0.06041736,0.0066490800000007,3.4981885168857856,1.0,183.77,2921.8,262079.22947162212,7112.73872270518
64.2133025,64.77211,0.7735260000000006,-1.061569000000034,4.583421000000056,0.5339793055402097,-0.6062700864455741,3.710987290216586,0.0263951200000004,-0.05841736,0.0194490800000007,3.797910476118805,1.0,184.75,2946.73,260635.9945872801,6967.961095858799
64.3241301,64.8829376,1.0485260000000003,-0.3815690000000338,4.278421000000055,0.6569854097358243,-0.552553668577598,3.846636417460535,0.0107951200000004,-0.04881736,0.0102490800000007,3.941263390512988,1.0,184.26,2969.7,261355.69304244005,6836.717513553558
64.4357887,64.9945962,1.1285260000000006,-0.7015690000000336,4.263421000000055,0.7697105940641233,-0.5881768599828721,3.9462717826061726,0.0179951200000004,-0.04681736,0.0134490800000007,4.06343049644356,1.0,185.24,2968.72,259920.1036493198,6842.275458783584
64.5470844,65.1058919,1.1735260000000003,-0.7915690000000339,4.373421000000056,0.8662455838583771,-0.6367992202796111,4.048384888583833,0.0215951200000004,-0.04681736,0.0146490800000007,4.188712793283492,1.0,184.75,2995.11,260635.9945872801,6693.877687296961
64.6574929,65.2163004,1.0735260000000006,-0.1465690000000337,4.418421000000055,0.9157974646500616,-0.5196061448895193,4.13684469401469,0.0163951200000004,-0.04681736,0.0082490800000007,4.268742152492222,1.0,184.75,2972.63,260635.9945872801,6820.122248648504
64.768323,65.3271305,0.6985260000000006,-0.5965690000000337,4.438421000000055,0.8638571515409903,-0.5380046713533905,4.208938688430319,0.0235951200000004,-0.05481736,0.0110490800000007,4.330226678550687,1.0,185.24,2908.6,259920.1036493198,7190.400880148526
64.8792544,65.4380619,0.7585260000000005,-0.0815690000000337,4.543421000000055,0.8386769788938846,-0.4288904270027764,4.288899101181065,0.0159951200000004,-0.05521736,0.0034490800000007,4.391125319711674,1.0,186.22,2904.69,258499.62410052627,7213.54085978194
64.9987384,65.5575459,0.8785260000000006,-0.2315690000000339,4.743421000000056,0.8482031752431164,-0.3817193145046017,4.397555844382991,0.0195951200000004,-0.05401736,0.0054490800000007,4.4948476799581725,1.0,185.24,2936.46,259920.1036493198,7027.304986275993
65.1096061,65.6684136,0.9735260000000006,-0.4215690000000338,4.253421000000055,0.8781625017845459,-0.3912456696808988,4.363099368659247,0.0199951200000004,-0.04601736,0.0122490800000007,4.46775991458575,1.0,184.75,2917.89,260635.9945872801,7135.669953288164
65.2195806,65.7783881,0.6035260000000005,-0.1565690000000337,3.318421000000056,0.8125086621657805,-0.3351445165807886,4.113361458281437,0.0075951200000004,-0.04041736,0.0054490800000007,4.2062138152457,1.0,177.91,2806.45,271040.97577426786,7816.102193162182
65.3297819,65.8885894,0.1685260000000004,-0.9315690000000336,2.163421000000055,0.6585599548950093,-0.4777240976804322,3.6472141061185366,0.0211951200000004,-0.03161736,0.0190490800000007,3.7368559329422815,1.0,167.16,2498.53,289114.6207226609,10011.766918948339
65.4404354,65.9992429,-0.0014739999999995,-0.5165690000000336,0.7434210000000551,0.5007740701490262,-0.4870102521803845,2.9530413882299955,0.0047951200000004,-0.01481736,0.0090490800000007,3.034535729837723,1.0,129.03,1711.14,377506.78136867395,19220.28589127716
65.5504504,66.1092579,0.2335260000000003,-0.3915690000000336,-0.076578999999945,0.4368864884838856,-0.4641943314162223,2.2287887496254104,-4.879999999594584e-06,-0.00081736,0.0078490800000007,2.3181556185026784,1.0,62.56,406.16,789232.7365728901,113104.19539097892
65.6605012,66.2193087,0.2735260000000004,-0.3965690000000339,-0.086578999999945,0.3978339836592422,-0.4480280074421156,1.6752833637622455,0.0003951200000004,-0.00121736,0.0070490800000007,1.7792063744561168,1.0,43.5,72.34,1139425.2873563217,681180.5363560962
65.7704452,66.3292527,0.1135260000000006,-0.3115690000000339,0.1484210000000549,0.329868106435311,-0.4154064959863413,1.3102758862456036,0.0003951200000004,-0.00361736,0.0086490800000007,1.4135764650798237,1.0,40.08,55.72,1237504.99001996,887343.8621679829
65.8804723,66.4392798,0.2235260000000005,-0.5415690000000339,0.333421000000055,0.3044462577179733,-0.4455665539196269,1.076751669269208,0.0035951200000004,-0.00441736,0.0094490800000007,1.2044132326923,1.0,62.07,496.58,795542.1298533913,90688.71078174716
65.99214309999999,66.5509506,0.2735260000000004,-0.2115690000000338,1.403421000000055,0.2970545467545877,-0.3896277483479167,1.154844332512486,0.0051951200000004,-0.00881736,0.0070490800000007,1.2544786241169876,1.0,111.93,1464.81,436707.7637809345,24134.119783453145
66.1037934,66.6626009,0.2385260000000006,-0.0265690000000338,2.468421000000056,0.2830628748654678,-0.3028359319603002,1.4688643236418444,0.0019951200000004,-0.01641736,0.0050490800000007,1.5262360872686704,1.0,163.25,2458.46,296278.71362940274,10337.935130122107
66.2138097,66.7726172,0.0585260000000005,0.0184309999999663,3.263421000000055,0.2293857129619086,-0.226034751167955,1.897866060304063,0.0027951200000004,-0.02441736,0.0026490800000007,1.924994830356868,1.0,173.02,2696.97,278983.9324933534,8539.323759626544
66.3237893,66.8825968,-0.1964739999999993,0.1284309999999662,4.163421000000056,0.1275808723335903,-0.1412971528286747,2.439463334125267,0.0067951200000004,-0.03481736,0.0010490800000007,2.4468802837336474,1.0,177.91,2812.81,271040.97577426786,7775.81848756226
66.4346073,66.9934148,-0.2614739999999993,0.1284309999999662,5.223421000000055,0.0345744947213116,-0.0768166894838204,3.1049885243789856,0.0127951200000004,-0.04441736,0.0002490800000007,3.106131023635944,1.0,183.77,2935.48,262079.22947162212,7032.98949405208
66.5446136,67.1034211,-0.2364739999999994,0.2434309999999662,5.923421000000055,-0.0302216058906212,-0.0002591659680885,3.7787551669351576,0.0147951200000004,-0.04721736,0.0022490800000007,3.77887602658102,1.0,187.68,3042.52,256410.9121909633,6433.745710792369
66.6546431,67.2134506,-0.0814739999999996,0.4384309999999662,6.758421000000055,-0.04247386092981,0.1046128871335466,4.49106580827528,0.0163951200000004,-0.05001736,0.0030490800000007,4.492484833505396,1.0,190.62,3110.46,252301.9620186759,6074.79279592086
66.7654887,67.3242962,-0.1064739999999995,0.3784309999999662,7.183421000000055,-0.0577735564866274,0.1700710849697109,5.134692765382827,0.0159951200000004,-0.05281736,0.0010490800000007,5.137833371436507,1.0,193.55,3184.26,248331.1805734952,5702.235370227304
66.8846449,67.4434524,-0.0514739999999993,0.6034309999999663,7.313421000000055,-0.0562676020029554,0.2736689030810075,5.655533488152638,0.0127951200000004,-0.05441736,-0.0013509199999992,5.662430551200135,1.0,196.97,3231.18,243845.76331421032,5474.223039261199
66.9954503,67.5542578,-0.0764739999999992,0.1234309999999663,6.623421000000056,-0.0610980874073013,0.2377534470893621,5.886913989502339,0.0159951200000004,-0.04921736,0.0026490800000007,5.892029870739459,1.0,195.99,3228.74,245115.05689065767,5485.917106982912
67.1063281,67.6651356,0.0485260000000007,-0.0865690000000336,5.188421000000055,-0.0348916574308562,0.1602218233335468,5.719934194720393,0.0123951200000004,-0.03761736,0.0046490800000007,5.722284128943811,1.0,192.57,3172.04,249645.84307005248,5762.726825639022
67.2163279,67.7751354,0.1385260000000006,-0.1765690000000337,2.548421000000056,0.0065650862796338,0.0797095441698632,4.961761055745884,0.0063951200000004,-0.01921736,0.0074490800000007,4.96240561483099,1.0,187.19,2977.52,257108.2856990224,6792.498455090141
67.3263116,67.8851191,0.0935260000000006,-0.3365690000000338,1.338421000000055,0.0273537208762733,-0.0198048488480915,4.09557544182189,0.0003951200000004,-0.01041736,0.0078490800000007,4.095714669961549,1.0,172.04,2653.96,280630.0860265055,8839.77151125111
67.4371655,67.995973,0.1885260000000004,-0.4165690000000339,0.1034210000000549,0.0658831184465984,-0.1146541852507263,3.1412220847348857,-0.0012048799999995,-0.00281736,0.0078490800000007,3.1440041910146905,1.0,108.99,1264.91,448757.68419121025,29528.504004237453
67.5471436,68.1059511,0.1885260000000004,-0.4665690000000337,-0.076578999999945,0.0952017852063691,-0.1987819638121654,2.3719834912867164,0.0003951200000004,-0.00081736,0.0086490800000007,2.382201362601453,1.0,43.5,80.16,1139425.2873563217,613752.49500998
67.6572316,68.2160391,0.1435260000000005,-0.4165690000000339,-0.0665789999999449,0.1067540378281012,-0.2508455280216377,1.789027512518564,0.0003951200000004,-0.00121736,0.0082490800000007,1.8096793484121485,1.0,37.63,35.19,1318727.0794578793,1410858.1983518044
67.767168,68.3259755,0.2985260000000007,-0.5015690000000339,-0.0665789999999449,0.1525985106712894,-0.3107827851268253,1.3454313715219774,-0.0004048799999995,-0.00121736,0.0062490800000007,1.389265208830118,1.0,38.61,28.84,1285001.295001295,1723703.1900138697
67.8771294,68.4359369,0.2435260000000005,-0.2615690000000337,0.558421000000055,0.1743353838201016,-0.2990178742910415,1.1572908571531304,-0.0016048799999995,-0.00201736,0.0078490800000007,1.207943145701594,1.0,45.94,194.04,1078376.14279495,247678.82910740055
67.987128,68.5459355,0.1035260000000004,-0.2515690000000339,1.938421000000055,0.1574078891184846,-0.2876748781395807,1.3440256603807366,0.0027951200000004,-0.00641736,0.0074490800000007,1.3834518621300975,1.0,114.86,1536.17,425312.55441406934,22548.480962393485
68.097976,68.6567835,-0.0364739999999996,-0.3915690000000336,3.828421000000056,0.1110590229974244,-0.3125115184610111,1.937938312621464,0.0079951200000004,-0.01161736,0.0050490800000007,1.966113541809342,1.0,153.96,2280.06,314759.67783839954,11929.247475943615
68.2084168,68.7672243,-0.1964739999999993,0.1634309999999663,5.708421000000056,0.0375410323510583,-0.1987340213994511,2.839299435538356,0.0039951200000004,-0.01801736,0.0034490800000007,2.846493601787998,1.0,174.49,2715.54,276549.3724568743,8412.544098043116
68.3191971,68.8780046,-0.2264739999999996,-0.2315690000000339,7.028421000000055,-0.0255736682742715,-0.2065834602210227,3.840739206106232,0.0075951200000004,-0.01321736,0.0074490800000007,3.846376007083476,1.0,185.24,2989.74,259920.1036493198,6723.862275649388
68.4300268,68.9888343,-0.1664739999999995,0.3734309999999663,8.378421000000055,-0.059256910382449,-0.0679268137065411,4.925504817383256,0.0083951200000004,-0.01601736,0.0046490800000007,4.926329580886165,1.0,191.59,3145.65,250973.954799311,5894.966064247454
68.5408736,69.0996811,-0.2414739999999993,0.0434309999999662,8.978421000000056,-0.1028172219208406,-0.0413059239345072,5.894383707526458,0.0155951200000004,-0.01641736,0.0054490800000007,5.895425078145676,1.0,195.5,3197.95,245754.47570332483,5635.01618224175
68.660485,69.2192925,-0.2514739999999995,0.0884309999999661,9.293421000000055,-0.1383546985593545,-0.0102913750989409,6.706948125614387,0.0139951200000004,-0.01641736,0.0062490800000007,6.70838289714423,1.0,197.95,3250.73,242589.0376357666,5381.160539325014
68.7705115,69.329319,-0.1064739999999995,0.2684309999999663,9.643421000000057,-0.1307333872749858,0.0563392220503806,7.408933178173122,0.0147951200000004,-0.01761736,0.0066490800000007,7.410300679805382,1.0,198.44,3283.48,241965.32957065108,5227.746171744611
68.8805138,69.4393213,-0.1464739999999995,-0.0215690000000337,9.283421000000056,-0.1344962944509587,0.0377146987905635,7.857043032551115,0.0191951200000004,-0.02041736,0.0054490800000007,7.858284600794624,1.0,198.44,3285.92,241965.32957065108,5216.43862297317
68.9913307,69.5501382,0.0985260000000005,0.1734309999999663,7.573421000000055,-0.0787906317001201,0.0701586609563953,7.789241136894638,0.0183951200000004,-0.01601736,0.0050490800000007,7.789955564060849,1.0,198.44,3240.96,241965.32957065108,5427.527646129542
69.103051,69.6618585,0.5385260000000005,0.2984309999999663,3.213421000000056,0.0687833683628125,0.1247288125552691,6.69535827922674,0.0007951200000004,-0.00161736,0.0130490800000007,6.696873219320703,1.0,185.73,2950.64,259207.99009314599,6945.476235664128
69.2130696,69.7718771,0.3335260000000004,-0.4015690000000338,0.848421000000055,0.1320720068533858,-0.00108648130658,5.297605686628978,0.0027951200000004,-0.00121736,0.0098490800000007,5.299251853463807,1.0,157.87,2262.46,306716.28555140307,12099.838229184163
69.3230578,69.8818653,0.1885260000000004,-0.4415690000000338,-0.016578999999945,0.1455677417167523,-0.1063870092744801,4.027211449689032,0.0003951200000004,-0.00121736,0.0090490800000007,4.031245492856683,1.0,82.6,769.31,595326.8765133172,54993.30568951398
69.4330652,69.9918727,0.1835260000000005,-0.4665690000000337,-0.0465789999999449,0.154641937555043,-0.1924911159719016,3.053342415214648,0.0007951200000004,-0.00121736,0.0086490800000007,3.063309788958294,1.0,40.57,51.32,1222437.7618930244,964279.0335151987
69.54304259999999,70.1018501,0.1635260000000005,-0.456569000000034,-0.026578999999945,0.1567657368575185,-0.2556208417446522,2.317064952754346,0.0003951200000004,-0.00121736,0.0082490800000007,2.336387704613518,1.0,40.08,47.41,1237504.99001996,1044629.8249314493
69.6530605,70.211868,0.1635260000000005,-0.3565690000000339,0.083421000000055,0.1583818265952379,-0.2797532281857962,1.783096230874102,-4.879999999594584e-06,-0.00281736,0.0086490800000007,1.8118440441256105,1.0,39.59,61.58,1252945.1881788329,801951.9324455993
69.763042,70.3218495,0.3185260000000003,-0.5515690000000337,0.7084210000000549,0.196665448066809,-0.3447327519293042,1.5261873538981767,0.0035951200000004,-0.00721736,0.0102490800000007,1.576948257843227,1.0,55.23,349.95,895305.0878145936,132877.5539362766
69.8730193,70.4318268,0.3835260000000007,-0.4615690000000338,1.528421000000055,0.2413358128143186,-0.3726633010101824,1.5267213231338206,0.0047951200000004,-0.01241736,0.0090490800000007,1.589968210052653,1.0,105.57,1369.01,463619.3994506015,26522.74271188669
69.9830658,70.5418733,0.0335260000000006,-0.1615690000000336,3.083421000000055,0.1916573759238709,-0.3221996834906573,1.8988616258811184,0.0027951200000004,-0.02841736,0.0034490800000007,1.935515605731813,1.0,132.45,1841.15,367500.94375235937,17156.939956005757
70.0930555,70.651863,-0.0714739999999993,-0.2315690000000339,4.648421000000055,0.1287539197506502,-0.3005337639214498,2.5561636560107326,0.0059951200000004,-0.04121736,0.0070490800000007,2.5769886983489285,1.0,158.36,2375.86,305736.2970447082,11045.011069675824
70.2034647,70.7622722,-0.0864739999999995,0.0334309999999662,5.668421000000055,0.0773021308115558,-0.2206970746745972,3.3001712558267946,0.0063951200000004,-0.05121736,0.0038490800000007,3.308445728130255,1.0,174.0,2683.77,277356.3218390804,8630.508575623096
70.3142398,70.8730473,0.0335260000000006,0.1334309999999663,6.308421000000055,0.0668371305193271,-0.1360402003402975,4.019315087596417,0.0063951200000004,-0.05441736,0.0038490800000007,4.0221720390238005,1.0,177.91,2829.42,271040.97577426786,7671.4662368966065
70.4250795,70.983887,-0.2214739999999992,0.4084309999999662,6.978421000000055,-0.0020857278786817,-0.0058804268509752,4.726710731385603,0.0043951200000004,-0.06201736,-0.0009509199999992,4.726714849435764,1.0,184.26,2917.89,261355.69304244005,7135.669953288164
70.535872,71.0946795,-0.3264739999999992,0.3984309999999662,7.473421000000055,-0.0796330875838723,0.0907731403260866,5.383331662263542,0.0059951200000004,-0.06961736,-0.0033509199999992,5.384685782622042,1.0,185.73,2994.62,259207.99009314599,6696.609252592984
70.6472235,71.206031,-0.2614739999999993,0.0984309999999661,7.743421000000055,-0.1231034712449059,0.0926038069985245,5.94752806681602,0.0095951200000004,-0.07041736,-0.0009509199999992,5.949522672892966,1.0,190.62,3052.3,252301.9620186759,6381.089670084854
70.7584126,71.3172201,0.1785260000000006,0.0384309999999663,6.253421000000055,-0.0509967672899386,0.0796534061622515,6.020653982145125,0.0039951200000004,-0.05321736,-0.0001509199999992,6.021396823670337,1.0,189.64,3048.88,253657.4562328623,6399.4647214714905
70.8692088,71.4280163,0.0785260000000005,-0.6465690000000339,2.628421000000055,-0.0200334141472325,-0.0939553059787779,5.209716183592919,0.0111951200000004,-0.02641736,0.0070490800000007,5.210601851110285,1.0,175.46,2678.89,274965.23424142256,8664.446841788951
70.9805281,71.5393356,0.2135260000000003,-0.3765690000000339,0.3984210000000551,0.0358006509469438,-0.1615161510258599,4.0595413150317325,-0.0016048799999995,-0.00321736,0.0094490800000007,4.0629108828646485,1.0,126.59,1679.37,384975.90646970534,19773.0696630284
71.0913544,71.6501619,0.1885260000000004,-0.3915690000000336,-0.0365789999999449,0.0723107488665408,-0.2165119463853548,3.080334164944922,-4.879999999594584e-06,-0.00121736,0.0078490800000007,3.088780476993492,1.0,50.83,183.28,973671.0603974032,262806.63465735485
71.2016749,71.7604824,0.1835260000000005,-0.4915690000000337,-0.0365789999999449,0.0988975580256711,-0.2822663219570162,2.3352135574975987,0.0003951200000004,-0.00121736,0.0098490800000007,2.354289141676352,1.0,39.1,31.77,1268772.378516624,1563811.7721120554
71.3213582,71.8801657,0.2235260000000005,-0.4465690000000337,0.043421000000055,0.1286908873469801,-0.3215440640017807,1.787343991610597,-4.879999999594584e-06,-0.00281736,0.0082490800000007,1.820590693683629,1.0,38.61,26.88,1285001.295001295,1850119.0476190476
71.4313549,71.9901624,0.2285260000000004,-0.4365690000000339,0.703421000000055,0.1525571921966714,-0.3490416058475202,1.5282243706283898,-0.0004048799999995,-0.01241736,0.0090490800000007,1.5749836400693455,1.0,54.74,360.7,903408.8417975886,128619.3512614361
71.5413653,72.1001728,0.2835260000000006,-0.686569000000034,1.5584210000000551,0.1838662317697371,-0.4297299675861706,1.5354430930083809,0.0047951200000004,-0.02441736,0.0122490800000007,1.6050109432941435,1.0,121.7,1668.62,400846.34346754313,19964.88115928132
71.6522015,72.211009,0.1935260000000003,-0.2165690000000337,2.873421000000055,0.1861754691435865,-0.3787722984928608,1.85529637670625,0.0023951200000004,-0.04521736,0.0062490800000007,1.9026966139760009,1.0,155.43,2306.94,311688.2197773917,11673.732303397575
71.7622207,72.3210282,0.1485260000000003,-0.0815690000000337,4.218421000000055,0.1771750915797045,-0.3077237031072269,2.4202183881969206,0.0023951200000004,-0.06601736,0.0038490800000007,2.4461279478181024,1.0,173.02,2723.36,278983.9324933534,8359.673344691852
71.8722178,72.4310253,0.2335260000000003,-0.0315690000000337,4.998421000000056,0.1906461832946006,-0.2417069264953874,3.036556346480402,-0.0008048799999995,-0.07561736,0.0030490800000007,3.052121008556354,1.0,185.24,2955.52,259920.1036493198,6917.496751840624
71.9830622,72.5418697,0.2635260000000006,0.0884309999999661,5.463421000000055,0.2080686299334494,-0.1627850703788187,3.6167158726297255,0.0015951200000004,-0.08161736,0.0014490800000007,3.626351504919568,1.0,187.19,3039.59,257108.2856990224,6449.586950871662
72.0930481,72.6518556,0.4085260000000006,0.0484309999999663,5.958421000000056,0.2559894122738594,-0.1122923430121066,4.17651739889379,0.0039951200000004,-0.08641736,0.0014490800000007,4.185861647589181,1.0,190.62,3104.59,252301.9620186759,6105.186192057566
72.2039268,72.7627343,0.4285260000000006,-0.1515690000000338,6.393421000000055,0.2972355299069327,-0.1216817115843498,4.70648421878679,0.0087951200000004,-0.09121736,0.0090490800000007,4.717430349338743,1.0,191.1,3163.25,251643.11878597594,5806.5280961036915
72.3147289,72.8735364,0.5085260000000007,0.0634309999999662,6.148421000000055,0.3477460430627787,-0.0774291806979571,5.051189622325765,0.0051951200000004,-0.08761736,0.0058490800000007,5.063737669862142,1.0,196.48,3207.72,244478.8273615635,5587.39540857681
72.425528,72.9843355,0.4385260000000004,0.1184309999999662,3.478421000000055,0.3694476475276887,-0.0306073896844238,4.675207922090573,0.0023951200000004,-0.05001736,0.0050490800000007,4.6898824602910345,1.0,191.1,3100.2,251643.11878597594,6127.991742468228
72.5355509,73.0943584,0.2585260000000007,-0.6165690000000337,0.193421000000055,0.3429310264313963,-0.1706857453889215,3.603804383680922,0.0019951200000004,-0.00321736,0.0106490800000007,3.624105592888553,1.0,144.18,1970.67,336788.7363018449,15372.081576316683
72.6463936,73.2052011,0.1885260000000004,-0.4665690000000337,-0.0565789999999449,0.3060193895011718,-0.2414187747491484,2.7287632946274774,0.0003951200000004,-0.00121736,0.0094490800000007,2.756461501573758,1.0,47.41,118.28,1044629.8249314493,412725.73554277985
72.7572123,73.3160198,0.1935260000000003,-0.3865690000000337,0.558421000000055,0.279127032132466,-0.2761179846040911,2.209927291388995,-0.0004048799999995,-0.00241736,0.0082490800000007,2.2445337321401087,1.0,51.32,292.28,964279.0335151987,161068.83810045166
72.8689179,73.4277254,0.2885260000000005,-0.2615690000000337,3.423421000000056,0.2813739232956849,-0.2726399447382904,2.5000217282385924,0.0075951200000004,-0.00641736,0.0098490800000007,2.5305360036645954,1.0,139.78,2062.07,347704.9649449134,14247.479474508622
72.9797236,73.5385311,-0.0014739999999995,-0.0715690000000337,4.653421000000055,0.2137570840485696,-0.2245724829403846,3.0148073794711654,0.0059951200000004,-0.01241736,0.0074490800000007,3.030707578501884,1.0,170.09,2615.84,283962.0201070022,9114.318918588291
73.0897316,73.6485391,0.1285260000000003,-0.9215690000000338,1.5684210000000554,0.1933819777305894,-0.3911945351749841,2.6690382673264863,0.0099951200000004,-0.00561736,0.0126490800000007,2.7044768488776048,1.0,171.07,2582.6,282278.0148477232,9360.334546580967
73.1997575,73.758565,0.2285260000000004,-0.4415690000000338,-0.0465789999999449,0.201783410120827,-0.4032369148769348,2.019850343010185,-4.879999999594584e-06,-0.00121736,0.0082490800000007,2.06956806176502,1.0,81.13,724.83,606294.8354492789,58981.69225887449
73.3100606,73.8688681,0.2935260000000004,-0.3015690000000337,0.6984210000000549,0.2237151389441962,-0.378932465416175,1.703953113072488,-0.0028048799999995,-0.00241736,0.0082490800000007,1.7598563828587332,1.0,44.97,192.08,1101852.34600845,250308.2049146189
73.4215449,73.9803524,0.0735260000000006,-0.5265690000000338,3.363421000000056,0.1878113403717169,-0.4142260454772956,2.1006608987924875,0.0063951200000004,-0.01121736,0.0062490800000007,2.14933304260639,1.0,155.43,2387.59,311688.2197773917,10941.618954678148
73.5317782,74.0905857,-0.3564739999999995,-0.4765690000000335,6.188421000000055,0.0576959980504559,-0.4291295790971887,3.0778694793737147,0.0139951200000004,-0.02681736,0.0058490800000007,3.1081765644678856,1.0,183.77,2954.55,262079.22947162212,6923.0508876140175
73.6426651,74.2014726,-0.1664739999999995,-0.6265690000000339,5.118421000000056,0.0041065406997006,-0.4763288988895249,3.5656780605292155,0.0075951200000004,-0.01881736,0.0066490800000007,3.5973554335001725,1.0,192.08,3149.07,250308.2049146189,5877.7035759763985
73.762282,74.3210895,0.2535260000000003,-0.5015690000000339,-0.0665789999999449,0.0637320641545093,-0.4823627273846562,2.6973607721987944,0.0003951200000004,-0.00081736,0.0094490800000007,2.7408923204256377,1.0,138.32,1866.57,351480.62463851937,16787.10147489781
73.8642527,74.4230602,0.2085260000000004,-0.4515690000000336,-0.0465789999999449,0.0983461004533965,-0.4750012644114639,2.04140214850202,0.0003951200000004,-0.00081736,0.0090490800000007,2.098242333138749,1.0,39.1,37.63,1268772.378516624,1318727.0794578793
73.9750619,74.5338694,0.2285260000000004,-0.4915690000000337,-0.076578999999945,0.129466545808926,-0.4789619012827834,1.535083455481363,0.0003951200000004,-0.00161736,0.0082490800000007,1.6132722351347637,1.0,37.63,36.17,1318727.0794578793,1372361.0727121923
74.086419,74.6452265,0.3035260000000006,-0.3815690000000338,2.098421000000055,0.171076715671036,-0.4556794247027394,1.669753364829664,0.0019951200000004,-0.02521736,0.0090490800000007,1.7392490563752483,1.0,70.38,697.95,700429.0991759022,61638.369510709934
74.1968201,74.7556276,0.1985260000000006,-0.1765690000000337,4.383421000000055,0.1776386653728187,-0.3889560614925105,2.31847521549568,0.0119951200000004,-0.05481736,0.0046490800000007,2.357577069381813,1.0,165.69,2539.59,291768.3626048645,9688.217389421125
74.3076211,74.8664286,0.3285260000000005,-0.6265690000000339,3.103421000000055,0.2137093726668096,-0.4457591508660962,2.506122175424209,0.0123951200000004,-0.03761736,0.0094490800000007,2.554412119196797,1.0,178.89,2819.16,269501.3695567108,7735.779452035358
74.4193034,74.9781109,0.2735260000000004,-0.5165690000000336,-0.0365789999999449,0.2280089695228374,-0.462686756804347,1.898271091955677,0.0003951200000004,-0.00121736,0.0090490800000007,1.9671045380608496,1.0,91.89,935.48,534128.8497116118,43448.49702826356
74.5300868,75.0888943,0.2085260000000004,-0.4765690000000335,-0.0665789999999449,0.2233514249210163,-0.4660054073201962,1.4285594841615603,0.0003951200000004,-0.00121736,0.0090490800000007,1.519154073309832,1.0,38.12,31.28,1301647.429171039,1588465.4731457802
74.6414368,75.2002443,-0.0064739999999994,-0.3515690000000335,3.468421000000056,0.1684099969242516,-0.4386485575062563,1.916203114688201,0.0011951200000004,-0.03441736,0.0066490800000007,1.9729695539483392,1.0,115.35,1636.36,423463.3723450369,20555.62345694102
74.7517681,75.3105756,-0.0114739999999993,-1.0115690000000337,3.128421000000055,0.1254074280475466,-0.5756093278386256,2.205992556762072,0.0111951200000004,-0.03281736,0.0114490800000007,2.2832994288515907,1.0,170.58,2608.02,283117.59878063074,9171.63211938559
74.862632,75.4214395,-0.2664739999999996,-0.7665690000000336,5.498421000000056,0.0317253418739084,-0.621259616887139,2.993071359339405,0.0079951200000004,-0.05841736,0.0098490800000007,3.0570322489286244,1.0,176.93,2731.18,272597.6374837506,8307.10535372989
74.9822356,75.5410431,-0.0864739999999995,-0.4015690000000338,5.823421000000055,0.0034689353729214,-0.5687409879607882,3.669686886283249,0.0003951200000004,-0.05721736,0.0086490800000007,3.713499722399139,1.0,192.08,3140.27,250308.2049146189,5922.197772802975
75.0922578,75.6510653,0.1785260000000006,-0.4915690000000337,0.308421000000055,0.0453175912161078,-0.5502924667783727,2.866151995691069,-0.0008048799999995,-0.00521736,0.0098490800000007,2.918852984559269,1.0,167.16,2440.86,289114.6207226609,10484.583302606456
75.2025591,75.7613666,0.2085260000000004,-0.4065690000000337,-0.0465789999999449,0.0843337402899034,-0.51593433384264,2.16984261073638,0.0003951200000004,-0.00081736,0.0074490800000007,2.231931309865113,1.0,43.5,80.65,1139425.2873563217,609962.802231866
75.3139236,75.8727311,0.2935260000000004,-0.4465690000000337,1.188421000000055,0.1343426610970453,-0.499352049719398,1.9352266852822244,-0.0028048799999995,-0.01681736,0.0074490800000007,2.0031232472261973,1.0,49.36,323.07,1002965.9643435981,144765.22115950103
75.4247786,75.9835861,0.1685260000000004,-0.4265690000000337,-0.0565789999999449,0.1425144351889289,-0.481952735927568,1.4590711481866847,-4.879999999594584e-06,-0.00121736,0.0086490800000007,1.5432036221367866,1.0,94.82,1041.54,517314.9124657246,38005.8375098412
75.5347885,76.093596,0.0585260000000005,-0.2115690000000338,1.088421000000055,0.1224363930572575,-0.4173155507072462,1.3704645528302988,-0.0052048799999995,-0.01401736,0.0070490800000007,1.43781641031507,1.0,58.16,449.66,849697.386519945,101195.12520571098
75.6447913,76.2035988,0.2485260000000004,-0.3815690000000338,-0.0665789999999449,0.1525790244191526,-0.4087700795415213,1.0269289108830613,0.0003951200000004,-0.00121736,0.0074490800000007,1.1157761086474975,1.0,68.91,553.76,715584.0951966333,80291.8231724935
75.7547887,76.3135962,0.2335260000000003,-0.581569000000034,0.263421000000055,0.1719299836611922,-0.4500789097092574,0.844406829502573,0.0003951200000004,-0.00521736,0.0098490800000007,0.9721902272484532,1.0,92.86,1142.23,528444.9709239715,33774.020994020466
75.8655867,76.4243942,0.2685260000000005,-0.4415690000000338,-0.086578999999945,0.1950219591390004,-0.4480445543209927,0.6218479418808075,0.0007951200000004,-0.00161736,0.0098490800000007,0.7908680990054582,1.0,43.5,75.76,1139425.2873563217,649978.8806758183
75.9756124,76.5344199,0.2935260000000004,-0.4765690000000335,-0.086578999999945,0.2185700616616648,-0.4548635291100581,0.4524933640237844,0.0003951200000004,-0.00081736,0.0094490800000007,0.677808192968189,1.0,64.03,508.31,770883.9606434484,88365.17086030179
76.0856649,76.6444724,0.2485260000000004,-0.331569000000034,0.7334210000000551,0.2257312451114803,-0.4253890812946286,0.5196511447157857,-0.0056048799999995,-0.00961736,0.0054490800000007,0.7084827292945777,1.0,46.43,214.56,1066889.941847943,223035.0484712901
76.1956309,76.7544384,0.2785260000000007,-0.4915690000000337,-0.0565789999999449,0.2383522126363368,-0.4412098689191238,0.381899166159258,-4.879999999594584e-06,-0.00081736,0.0082490800000007,0.6303371310762237,1.0,51.32,212.61,964279.0335151987,225172.3813555336
76.3072995,76.866107,0.2085260000000004,-0.4765690000000335,-0.0565789999999449,0.2312220410526722,-0.4496627246246124,0.2770777931433329,0.0003951200000004,-0.00121736,0.0082490800000007,0.5765694248211339,1.0,52.79,285.43,937149.0812653912,165174.2984269348
76.4172844,76.9760919,0.2085260000000004,-0.5265690000000338,-0.0665789999999449,0.2257963884916663,-0.4680477252940996,0.1949241542995483,0.0003951200000004,-0.00121736,0.0098490800000007,0.5550208177521403,1.0,43.5,107.53,1139425.2873563217,454986.5153910537
76.5272726,77.0860801,0.2285260000000004,-0.4665690000000337,-0.076578999999945,0.2264489218403844,-0.4676942253308173,0.1300193640311671,0.0003951200000004,-0.00081736,0.0094490800000007,0.535651040915198,1.0,62.56,460.9,789232.7365728901,98483.40203948796
76.6381653,77.1969728,0.2235260000000005,-0.2215690000000336,0.623421000000055,0.2257501762603912,-0.4088562123026851,0.2479705892508609,-0.0052048799999995,-0.00601736,0.0066490800000007,0.5287872516934531,1.0,42.52,143.7,1165917.2154280338,337947.1120389701
76.7481375,77.306945,0.2535260000000003,-0.4015690000000338,0.073421000000055,0.232390187567082,-0.4071141515617517,0.2062432490621772,-0.0008048799999995,-0.00241736,0.0090490800000007,0.5121361239583005,1.0,105.57,1303.03,463619.3994506015,28372.10194700045
76.8581334,77.4169409,0.1335260000000007,-0.1715690000000338,1.2584210000000549,0.2087559893727692,-0.3508053815944486,0.4577739409463245,-0.0080048799999995,-0.01081736,0.0054490800000007,0.6133518238858995,1.0,39.1,32.26,1268772.378516624,1539907.0055796653
76.9688977,77.5277052,-0.1864739999999995,-1.1565690000000337,2.923421000000056,0.1142734054256333,-0.5434289950969898,1.047204681287568,0.0035951200000004,-0.02641736,0.0146490800000007,1.1853316533402338,1.0,130.01,1905.18,374585.8010922237,16244.239389454016
77.0881368,77.6469443,0.1585260000000006,-0.2415690000000336,2.718421000000056,0.1248523078221509,-0.4712671827499755,1.44672101449185,-0.0076048799999995,-0.02121736,0.0090490800000007,1.5266573125878458,1.0,164.22,2447.21,294469.6139325295,10431.430077516843
77.1981122,77.7569197,0.1985260000000006,-0.0015690000000336,2.963421000000056,0.1424645361273361,-0.3589824392467888,1.8092991020778129,-0.0116048799999995,-0.02361736,0.0058490800000007,1.8500615601976955,1.0,169.11,2594.33,285665.5431376027,9272.798757289936
77.3081424,77.8669499,-0.1364739999999993,0.1184309999999662,4.593421000000055,0.0757822641227057,-0.2448533079460295,2.474863553188824,-0.0168048799999996,-0.03961736,0.0046490800000007,2.488100822087016,1.0,174.98,2747.31,275746.9425077152,8199.620719904196
77.418133,77.9769405,-0.4364739999999996,0.5984309999999662,6.858421000000055,-0.0466762961556516,-0.0432601025739992,3.522784625961473,-0.0200048799999995,-0.06121736,0.0014490800000007,3.5233594244709185,1.0,188.17,3040.08,255717.17064356702,6446.935606957711
77.5281481,78.0869556,-0.5614739999999996,0.0634309999999662,8.713421000000055,-0.1697424059578388,-0.0177548238087038,4.763643746311787,-0.0100048799999995,-0.07961736,0.0066490800000007,4.766700059781844,1.0,192.08,3161.78,250308.2049146189,5813.876993339193
77.639012,78.1978195,-0.4564739999999996,0.4334309999999663,8.563421000000055,-0.2382876647510247,0.090104406563498,5.6720079469175495,-0.0164048799999995,-0.07401736,0.0026490800000007,5.67772612628951,1.0,197.95,3249.27,242589.0376357666,5388.07178227725
77.7489987,78.3078062,-0.1814739999999997,0.4434309999999661,9.003421000000055,-0.2247059477924962,0.1745696810182425,6.468406302087859,-0.0184048799999995,-0.07401736,0.0050490800000007,6.474661954526589,1.0,198.44,3262.46,241965.32957065108,5325.858401329057
77.859065,78.4178725,-0.3164739999999995,-0.6815690000000336,10.778421000000057,-0.2466437635693826,-0.0300964550917032,7.498746449492008,-0.0076048799999995,-0.08761736,0.0146490800000007,7.502861937719882,1.0,201.37,3369.01,238299.1508169042,4841.155116785049
77.9691561,78.5279636,-0.0064739999999994,-0.5865690000000339,10.073421000000057,-0.1892294466952504,-0.1631252366930627,8.114240999237559,-0.0072048799999995,-0.07921736,0.0134490800000007,8.118086265866513,1.0,204.79,3443.79,234152.54651106012,4518.887620906035
78.0798253,78.6386328,0.1585260000000006,-0.4615690000000338,8.518421000000055,-0.106095995112789,-0.2344703741531527,8.210863148058808,-0.0076048799999995,-0.06441736,0.0122490800000007,8.214895395115185,1.0,202.83,3395.89,236511.85722033228,4723.680684592257
78.1898184,78.7486259,0.1585260000000006,-0.8865690000000337,6.688421000000055,-0.0428361956548044,-0.390359261168453,7.84691235503599,0.0019951200000004,-0.05001736,0.0182490800000007,7.856732705142426,1.0,200.39,3330.4,239513.448774889,5013.211626231082
78.3090306,78.8678381,0.4985260000000004,-0.7115690000000339,4.283421000000055,0.0865803478062194,-0.467146769530245,6.995034005340409,0.0023951200000004,-0.02801736,0.0178490800000007,7.011149905456128,1.0,190.13,3089.93,252977.96244674697,6181.59634684281
78.4190609,78.9778684,0.1785260000000006,-0.4365690000000339,1.1134210000000548,0.1085606201427387,-0.4598369328421452,5.588991929931228,-4.879999999594584e-06,-0.01041736,0.0122490800000007,5.608927366786616,1.0,169.11,2552.3,285665.5431376027,9590.173568937818
78.5290662,79.0878737,0.2735260000000004,-0.4165690000000339,-0.076578999999945,0.1479967858432982,-0.4494934209455363,4.234596273252456,-4.879999999594584e-06,-0.00081736,0.0090490800000007,4.260956815263076,1.0,80.65,695.99,609962.802231866,61840.11264529663
78.6398228,79.1986303,0.2085260000000004,-0.4765690000000335,-0.0665789999999449,0.1624667317269362,-0.4559660337019561,3.2063692541657933,0.0003951200000004,-0.00121736,0.0082490800000007,3.242700149083728,1.0,37.63,39.1,1318727.0794578793,1268772.378516624
78.7498061,79.3086136,0.1435260000000005,-0.4365690000000339,0.4284210000000549,0.15793881298714,-0.4513290326788916,2.542280657190773,0.0003951200000004,-0.00241736,0.0098490800000007,2.58685784385478,1.0,40.08,59.14,1237504.99001996,835451.4710855597
78.8598813,79.4186888,0.3135260000000004,-0.7465690000000336,1.8234210000000552,0.1951330539438314,-0.5219082795655942,2.370432063377029,0.0083951200000004,-0.00561736,0.0098490800000007,2.435038670762016,1.0,107.04,1450.15,457115.09715994017,24479.191807744024
78.9706968,79.5295043,0.2185260000000006,-0.4165690000000339,3.948421000000055,0.2007253066800938,-0.4967261638555011,2.747661717454512,0.0127951200000004,-0.01641736,0.0074490800000007,2.799405730537376,1.0,157.87,2369.5,306716.28555140307,11101.498206372651
79.0815302,79.6403377,0.1085260000000003,-0.5315690000000337,6.203421000000056,0.1786843964063202,-0.5050555955269352,3.573785937006713,0.0231951200000004,-0.02761736,0.0078490800000007,3.613717641382501,1.0,181.33,2865.1,265740.3628743175,7451.397856968345
79.191529,79.7503365,-0.1114739999999994,-0.3415690000000337,8.573421000000055,0.1093199357540959,-0.4659729439027106,4.7689848142325495,0.0331951200000004,-0.04201736,0.0062490800000007,4.792942498213733,1.0,193.06,3143.7,248986.8434683518,5904.825524064001
79.3015007,79.8603082,-0.1014739999999996,-0.1515690000000338,10.773421000000056,0.0589281227187521,-0.3908124099810861,6.20438865814968,0.0395951200000004,-0.05121736,0.0018490800000007,6.2169643303479525,1.0,199.9,3309.87,240125.06253126563,5106.333481375403
79.4114807,79.9702882,0.1135260000000006,-0.0515690000000337,11.313421000000057,0.0719801396766444,-0.3097138222627932,7.425739745129643,0.0371951200000004,-0.05001736,0.0030490800000007,7.43254428541173,1.0,204.3,3400.29,234738.13020068526,4704.628134659103
79.5215139,80.0803214,0.8085260000000005,-0.2315690000000339,6.633421000000055,0.2480567481074917,-0.2910327380131073,7.236330225704259,0.0171951200000004,-0.02001736,0.0110490800000007,7.246427212103778,1.0,201.37,3382.21,238299.1508169042,4783.233447952671
79.6315081,80.1903156,0.1235260000000004,-0.4515690000000336,0.0234210000000549,0.2182867732107529,-0.32941009109254,5.512032172051493,-0.0004048799999995,-0.00201736,0.0078490800000007,5.526179402553183,1.0,152.98,2122.68,316840.1098182769,13555.128422560161
79.7423757,80.3011832,0.1635260000000005,-0.456569000000034,-0.0665789999999449,0.2051958148042158,-0.3598083468133299,4.178424873657309,0.0003951200000004,-0.00121736,0.0082490800000007,4.198904832649557,1.0,42.03,41.06,1179626.45729241,1207730.1509985386
79.8523621,80.4111696,0.2085260000000004,-0.4265690000000337,-0.0665789999999449,0.2059919196312295,-0.3757679632105793,3.163626033404189,0.0003951200000004,-0.00121736,0.0102490800000007,3.1925168617192154,1.0,42.52,100.2,1165917.2154280338,489001.99600798404
79.96269,80.5214975,0.2135260000000003,-0.4915690000000337,0.5734210000000549,0.2077929959666476,-0.4034510375567054,2.5444188095361664,-0.0008048799999995,-0.01121736,0.0094490800000007,2.58457302996062,1.0,44.97,130.99,1101852.34600845,371708.52736850135
80.0735559,80.6323634,0.2035260000000005,-0.6515690000000338,2.403421000000056,0.2067729397577029,-0.4627654287863485,2.510712264653275,0.0051951200000004,-0.03801736,0.0126490800000007,2.5613634975489585,1.0,128.54,1836.75,378983.973860277,17221.995372260786
80.1844534,80.7432609,0.1585260000000006,-0.8665690000000337,5.363421000000055,0.1952391602915145,-0.5592975894047729,3.192672894695234,0.0151951200000004,-0.08401736,0.0154490800000007,3.247166816741476,1.0,174.49,2726.78,276549.3724568743,8336.646154071834
80.2955129,80.8543204,0.1735260000000007,-0.8565690000000339,7.958421000000055,0.1900484724764113,-0.6303624674805088,4.331959405177302,0.0227951200000004,-0.12281736,0.0142490800000007,4.381706009125077,1.0,190.62,3106.55,252301.9620186759,6095.025027763916
80.4069351,80.9657426,0.2385260000000006,-0.6365690000000337,9.428421000000055,0.2016373756137113,-0.631846183912876,5.550305364274129,0.0203951200000004,-0.14281736,0.0130490800000007,5.589792202583189,1.0,198.92,3260.51,241357.32957973055,5335.024275343428
80.5182377,81.0770452,0.3835260000000007,-0.3815690000000338,10.288421000000056,0.245119165165865,-0.5720156151935702,6.68298613329716,0.0175951200000004,-0.15361736,0.0094490800000007,6.711899055185426,1.0,198.92,3346.04,241357.32957973055,4943.03714241312
80.628604,81.1874115,0.4035260000000007,-0.4365690000000339,10.448421000000057,0.2829874633022703,-0.5396361234179382,7.583140538218036,0.0171951200000004,-0.15401736,0.0142490800000007,7.607582367115687,1.0,202.83,3387.1,236511.85722033228,4761.890702961236
80.7394483,81.2982558,0.4535260000000005,-0.5315690000000337,10.303421000000055,0.3237559324038591,-0.5377076192911292,8.233443232854047,0.0191951200000004,-0.15081736,0.0158490800000007,8.257332187591857,1.0,203.81,3407.62,235326.5296109121,4672.997576020801
80.8502326,81.4090401,0.3385260000000003,-0.7815690000000337,7.933421000000056,0.3272868237559349,-0.5960044439092689,8.161720750846492,0.0199951200000004,-0.11761736,0.0214490800000007,8.18999533436754,1.0,204.3,3385.63,234738.13020068526,4768.3001391173875
80.970093,81.5289005,0.0885260000000003,-0.5515690000000337,1.733421000000055,0.2702093241218403,-0.5853818300584186,6.624989259871863,0.0055951200000004,-0.02921736,0.0142490800000007,6.656287828754287,1.0,185.73,2939.39,259207.99009314599,7010.332075702783
81.0807205,81.639528,0.2085260000000004,-0.4065690000000337,-0.076578999999945,0.255463479914195,-0.5426353313586912,5.022930957829397,0.0003951200000004,-0.00121736,0.0090490800000007,5.058611479401197,1.0,98.24,1042.52,498957.654723127,37960.710585888046
81.1915185,81.750326,0.2085260000000004,-0.456569000000034,-0.086578999999945,0.2442427362826252,-0.5220605531377331,3.8014656932995496,0.0007951200000004,-0.00121736,0.0090490800000007,3.8449113322289663,1.0,39.1,47.9,1268772.378516624,1033841.3361169102
81.301534,81.8603415,0.1835260000000005,-0.5665690000000339,-0.076578999999945,0.2297279618801986,-0.5327006188718586,2.8743910958812093,0.0003951200000004,-0.00121736,0.0090490800000007,2.932348727197581,1.0,37.15,37.63,1335895.0201884252,1318727.0794578793
81.4115353,81.9703428,0.2435260000000005,-0.1065690000000336,1.3634210000000548,0.2330264825643929,-0.4308307771716322,2.513182779801085,-0.0084048799999995,-0.01561736,0.0038490800000007,2.560469524291073,1.0,52.79,364.61,937149.0812653912,127132.82685609281
81.5215557,82.0803632,0.2585260000000007,-0.981569000000034,3.313421000000055,0.2391223264059616,-0.5624887276572744,2.704485506949009,-0.0008048799999995,-0.03481736,0.0138490800000007,2.7726909155231385,1.0,139.78,2045.45,347704.9649449134,14444.498765552813
81.6315749,82.1903824,0.2185260000000006,-0.936569000000034,5.043421000000055,0.2341986257987731,-0.6519153189710647,3.2636249321222888,-0.0004048799999995,-0.05481736,0.0126490800000007,3.3363288622384624,1.0,174.0,2689.15,277356.3218390804,8593.235780822937
81.7424101,82.3012176,0.0685260000000003,-1.081569000000034,6.838421000000055,0.194593387847026,-0.7546271350719622,4.118205755083553,0.0015951200000004,-0.07481736,0.0130490800000007,4.191294232189384,1.0,184.26,2961.39,261355.69304244005,6883.963274003087
81.8523928,82.4112003,0.1185260000000005,-0.9915690000000336,8.143421000000055,0.1764089293009987,-0.8112697994588057,5.080462535968708,0.0015951200000004,-0.08961736,0.0134490800000007,5.147851821607985,1.0,192.57,3151.03,249645.84307005248,5867.827345344219
81.963206,82.5220135,0.0835260000000004,-1.1965690000000335,9.163421000000056,0.1542045941014742,-0.9033783565996094,6.056523250497802,0.0035951200000004,-0.10081736,0.0150490800000007,6.125466953288956,1.0,198.44,3247.8,241965.32957065108,5395.036640187203
82.0731889,82.6319964,0.0385260000000005,-0.9715690000000335,10.113421000000056,0.1265507905643881,-0.9196798224871412,7.02635396296626,-4.879999999594584e-06,-0.11161736,0.0138490800000007,7.087416743170541,1.0,198.92,3333.33,241357.32957973055,5000.0150000150015
82.1840353,82.7428428,0.0985260000000005,-1.2015690000000336,10.528421000000057,0.1198512619397946,-0.9870674666292738,7.863548385738069,0.0003951200000004,-0.11321736,0.0166490800000007,7.9261629887045775,1.0,201.37,3371.94,238299.1508169042,4828.259103068264
82.2940178,82.8528253,0.1435260000000005,-1.226569000000034,10.393421000000057,0.1255108790901777,-1.0443220382473903,8.468332708992254,0.0003951200000004,-0.11281736,0.0154490800000007,8.533406141191643,1.0,203.81,3400.78,235326.5296109121,4702.5094243085405
82.4044242,82.9632317,0.1485260000000003,-1.041569000000034,5.998421000000056,0.1310128099959442,-1.0436639045674834,7.877882473277047,0.0047951200000004,-0.06601736,0.0150490800000007,7.947794094265764,1.0,200.88,3335.29,238904.81879729193,4991.200165502849
82.5156946,83.0745021,0.3335260000000004,-0.3965690000000339,1.103421000000055,0.1794250509428576,-0.8889711932689656,6.258398522017877,-0.0016048799999995,-0.01081736,0.0098490800000007,6.323765902669345,1.0,168.13,2474.58,287388.9252364242,10205.4490054878
82.6348987,83.1937062,0.2085260000000004,-0.4315690000000336,-0.076578999999945,0.1863818430288943,-0.7796258948726552,4.743976383968178,0.0003951200000004,-0.00121736,0.0078490800000007,4.811222989949086,1.0,74.29,609.48,663038.0939561178,72037.14641989893
82.7457152,83.3045227,0.2735260000000004,-0.3665690000000337,-0.0565789999999449,0.2072142832483009,-0.6808816603911544,3.596368942087417,-4.879999999594584e-06,-0.00121736,0.0074490800000007,3.6661160868486,1.0,43.99,116.81,1126621.9595362584,418045.5440458865
82.8567358,83.4155433,0.2435260000000005,-0.4065690000000337,0.273421000000055,0.2158948614394999,-0.6153052373967914,2.8019942328491623,-0.0020048799999995,-0.00121736,0.0082490800000007,2.8768703146446954,1.0,45.45,127.57,1090110.0110011,381941.6790781532
82.9674668,83.5262743,0.3285260000000005,-0.5765690000000336,1.2034210000000551,0.2428201487158839,-0.606045060031598,2.419843754065892,-0.0036048799999995,-0.00521736,0.0074490800000007,2.506371088546709,1.0,58.65,436.46,842514.9190110826,104558.03510058195
83.0774182,83.6362257,0.0285260000000007,-0.5115690000000337,2.703421000000055,0.1915915844878489,-0.5834598754227754,2.487634943158078,-0.0032048799999995,-0.01681736,0.0090490800000007,2.562315431771822,1.0,133.43,1908.6,364728.32196657424,16197.212616577597
83.1882251,83.7470326,-0.1214739999999996,-0.811569000000034,5.463421000000055,0.1167509950521265,-0.6379910094244794,3.199018095966119,0.0011951200000004,-0.03041736,0.0110490800000007,3.26410479324283,1.0,164.22,2539.59,294469.6139325295,9688.217389421125
83.2982629,83.8570704,-0.1064739999999995,-0.7615690000000337,7.913421000000055,0.0633874474944556,-0.6675332207508592,4.326030165186638,0.0043951200000004,-0.04281736,0.0086490800000007,4.377688380802202,1.0,182.8,2918.38,263522.9759299781,7132.7928508281975
83.4082359,83.9670434,-0.3264739999999992,-0.5315690000000337,9.958421000000056,-0.0298117477364128,-0.6350299916277762,5.672493880447419,-0.0012048799999995,-0.05401736,0.0070490800000007,5.708006539439429,1.0,192.08,3135.39,250308.2049146189,5946.9794826162
83.5190736,84.0778811,0.1835260000000005,-0.5015690000000339,8.053421000000055,0.0211881819288115,-0.6031251775089188,6.2416717072670655,-0.0044048799999995,-0.03641736,0.0102490800000007,6.2707794268413535,1.0,195.01,3207.23,246397.10784062356,5589.7768479341985
83.6299399,84.1887474,0.2685260000000005,-0.4815690000000339,1.918421000000055,0.0803160740108354,-0.5740662952009168,5.208167396214869,-0.0020048799999995,-0.00921736,0.0090490800000007,5.240325410699778,1.0,181.82,2813.78,264997.25002749974,7769.690594147373
83.7402268,84.2990343,0.2285260000000004,-0.4915690000000337,-0.076578999999945,0.1157467274293508,-0.5543447208548022,3.944810595249165,0.0003951200000004,-0.00121736,0.0082490800000007,3.985251059449112,1.0,93.84,974.58,522821.8243819266,41304.15153194196
83.8507676,84.4095751,0.1885260000000004,-0.3915690000000336,-0.0465789999999449,0.1331451382664958,-0.5154320089560328,2.990640080260325,0.0003951200000004,-0.00081736,0.0086490800000007,3.03765137455896,1.0,41.54,69.89,1193659.123736158,705409.9298898268
83.9616081,84.5204156,0.2035260000000005,-0.5515690000000337,-0.096578999999945,0.1499701916678351,-0.524070817704656,2.2526180582553623,0.0003951200000004,-0.00161736,0.0082490800000007,2.317634439840907,1.0,40.57,49.36,1222437.7618930244,1002965.9643435981
84.072442,84.6312495,0.1435260000000005,-0.4915690000000337,-0.0565789999999449,0.1484296610993075,-0.5163010234018882,1.7005878207388798,-4.879999999594584e-06,-0.00121736,0.0090490800000007,1.7834228458515675,1.0,39.59,38.12,1252945.1881788329,1301647.429171039
84.1832874,84.7420949,0.1685260000000004,-0.4265690000000337,-0.026578999999945,0.1532338360816466,-0.4948499350184715,1.2876961158605569,0.0003951200000004,-0.00081736,0.0070490800000007,1.3879907613202789,1.0,42.03,69.4,1179626.45729241,710461.0951008645
84.2932544,84.8520619,0.2585260000000007,-0.3965690000000339,0.223421000000055,0.1784046884559298,-0.4713551675591013,1.0332734615050017,-0.0020048799999995,0.0019826399999999,0.0094490800000007,1.149633843055368,1.0,37.63,40.57,1318727.0794578793,1222437.7618930244
84.4034115,84.962219,0.1535260000000007,-0.3065690000000336,1.6834210000000551,0.1724572582665801,-0.4319618438529849,1.1886959269949522,-0.0084048799999995,0.0187826399999999,0.0094490800000007,1.276452328654731,1.0,72.34,653.47,681180.5363560962,66514.60663840726
84.5132925,85.0721,-0.0364739999999996,-0.5515690000000337,2.908421000000055,0.1225107317398838,-0.4605547985254684,1.5998086283212405,-0.0060048799999995,0.0251826399999999,0.0058490800000007,1.6692834537870926,1.0,128.05,1785.92,380472.47169074573,17996.77477154632
84.6236271,85.1824346,-0.1864739999999995,-0.456569000000034,4.308421000000055,0.048645699632054,-0.4596019645961064,2.24732198173234,-0.0052048799999995,0.0371826399999999,0.0054490800000007,2.2943531680041462,1.0,172.04,2690.62,280630.0860265055,8583.077506299664
84.7345886,85.2933961,-0.4264739999999993,-0.6315690000000338,5.768421000000055,-0.0649350966447288,-0.5007119266323303,3.08906613709774,-0.0004048799999995,0.0483826399999999,0.0042490800000007,3.1300572837588883,1.0,184.75,2962.85,260635.9945872801,6875.643383904011
84.8457787,85.4045862,-0.1914739999999994,-0.7715690000000339,5.393421000000055,-0.095185135559581,-0.56546226658693,3.639938812836955,-0.0008048799999995,0.0479826399999999,0.0050490800000007,3.684828672565663,1.0,190.62,3105.08,252301.9620186759,6102.64469836526
84.9561881,85.5149956,0.1185260000000005,-0.686569000000034,2.263421000000055,-0.0440959448380199,-0.5944137060372263,3.3108722862495084,-4.879999999594584e-06,0.0207826399999999,0.0070490800000007,3.364096818186289,1.0,182.8,2881.72,263522.9759299781,7350.748858320726
85.0669522,85.6257597,0.2535260000000003,-0.4315690000000336,-0.076578999999945,0.0270527309805705,-0.5554845027322763,2.501077586642259,0.0003951200000004,-0.00081736,0.0078490800000007,2.5621639247779404,1.0,104.11,1146.14,470261.2621265969,33624.6880834802
85.1777669,85.7365744,0.2085260000000004,-0.4515690000000336,-0.0365789999999449,0.0704352268319109,-0.5306427511589975,1.8944324485621973,0.0003951200000004,-0.00081736,0.0090490800000007,1.9686079225436983,1.0,39.1,38.61,1268772.378516624,1285001.295001295
85.2886029,85.8474104,0.2735260000000004,-0.4165690000000339,-0.0665789999999449,0.1189855432064224,-0.5033725969200791,1.425638496200158,-4.879999999594584e-06,-0.00121736,0.0082490800000007,1.516570688319552,1.0,37.15,37.63,1335895.0201884252,1318727.0794578793
85.3999492,85.9587567,0.2785260000000007,-0.4615690000000338,0.173421000000055,0.1571248418610762,-0.4933791451034327,1.126286858201834,-4.879999999594584e-06,-0.00081736,0.0094490800000007,1.2396101337561822,1.0,39.59,38.12,1252945.1881788329,1301647.429171039
85.5103067,86.0691142,0.2335260000000003,-0.5315690000000337,0.9384210000000548,0.1753890906064086,-0.5025087057851092,1.0813761677288771,0.0003951200000004,-0.00241736,0.0090490800000007,1.2052596187650035,1.0,100.2,1312.81,489001.99600798404,28086.242487488675
85.6224796,86.1812871,0.0785260000000005,-0.831569000000034,1.5484210000000551,0.1522332690956901,-0.5811729461206453,1.1930266086333448,0.0039951200000004,-0.00441736,0.0086490800000007,1.3357580059386849,1.0,146.14,2083.09,332137.6762009033,14002.803527452006
85.7324482,86.2912557,0.3585260000000003,-0.4815690000000339,1.2384210000000548,0.2015490365967413,-0.5573619033003833,1.2038784658009674,0.0003951200000004,0.0003826399999999,0.0086490800000007,1.341863504915083,1.0,153.47,2175.46,315796.57262005605,12983.644838333044
85.8441333,86.4029408,0.3935260000000005,-0.4665690000000337,0.493421000000055,0.2474425164651351,-0.5356572039138481,1.0340384765331156,0.0007951200000004,0.0011826399999999,0.0078490800000007,1.190542737582455,1.0,124.14,1643.21,392771.06492669566,20428.247150394654
85.9549713,86.5137788,0.0935260000000006,-0.6065690000000339,1.3484210000000552,0.2106476613711513,-0.5526091810074589,1.1091938897448443,0.0031951200000004,-0.00241736,0.0082490800000007,1.2570045462217578,1.0,121.7,1654.94,400846.34346754313,20212.575682502084
86.0653774,86.6241849,0.0685260000000003,-0.3115690000000339,3.513421000000055,0.1766724515888255,-0.4949867845572062,1.6839417476520029,0.0015951200000004,-0.00041736,0.0078490800000007,1.7640535370339443,1.0,159.82,2426.69,302851.95845325995,10604.197487112073
86.1765097,86.7353172,-0.1364739999999993,-0.3615690000000338,5.838421000000055,0.1018125302884622,-0.4630922994006796,2.677100023266536,0.0047951200000004,-0.00361736,0.0030490800000007,2.7187653086762813,1.0,179.37,2813.78,268753.41472933046,7769.690594147373
86.2870405,86.845848,-0.2214739999999992,-0.7815690000000337,8.598421000000055,0.0245285499269699,-0.5392264552306536,4.09263457607218,0.0163951200000004,-0.00521736,0.0026490800000007,4.128077590482481,1.0,188.17,3064.03,255717.17064356702,6318.378083765497
86.4066244,86.9654319,-0.4264739999999993,-1.066569000000034,11.878421000000056,-0.0832868674999121,-0.6652914998750167,5.953883062202166,0.0227951200000004,-0.00201736,0.0042490800000007,5.991516752916723,1.0,197.95,3299.12,242589.0376357666,5155.556633284029
86.5166225,87.07543,-0.0714739999999993,-0.1415690000000338,14.438421000000057,-0.080462916192502,-0.5400918531124543,7.982173145231684,0.0147951200000004,0.0039826399999999,0.0078490800000007,8.000828807763513,1.0,204.79,3465.3,234152.54651106012,4428.765186275358
86.6266246,87.1854321,0.0535260000000006,-0.3365690000000338,15.218421000000056,-0.0484318978929171,-0.4914382449060731,9.71205046675141,0.0043951200000004,0.0083826399999999,0.0074490800000007,9.724596725109796,1.0,210.17,3557.67,227902.65023552364,4054.1421773239226
86.7366619,87.2954694,0.1735260000000007,0.0484309999999663,15.613421000000054,0.0046287409358284,-0.3623786021060366,11.122815721927758,0.0051951200000004,0.0103826399999999,0.0054490800000007,11.128718221811097,1.0,210.65,3615.35,227360.55067647758,3829.919648166844
86.84666,87.4054675,0.1935260000000003,0.2584309999999663,16.288421000000053,0.0497859952353782,-0.2139695822357195,12.357690977972435,0.0039951200000004,0.0115826399999999,0.0066490800000007,12.359643519717917,1.0,212.12,3636.36,225715.63266075807,3750.01375001375
86.9574996,87.5163071,0.6085260000000003,0.1534309999999663,16.088421000000054,0.1833568294946315,-0.126139819093506,13.2495489390794,0.0043951200000004,0.0183826399999999,0.0094490800000007,13.25141796450264,1.0,212.12,3651.03,225715.63266075807,3694.765586697453
87.0675081,87.6263156,0.5135260000000006,0.4634309999999662,15.973421000000055,0.262286154717489,0.0148013440408587,13.900710231433814,0.0043951200000004,0.0167826399999999,0.0074490800000007,13.90319236884215,1.0,214.08,3661.78,223557.54857997008,3654.5614427955784
87.1774748,87.7362823,0.2135260000000003,0.3234309999999663,16.368421000000055,0.2506296875078985,0.0885814927183649,14.490634316441456,0.0123951200000004,0.0111826399999999,0.0034490800000007,14.49307230417151,1.0,213.59,3652.0,224093.35643054452,3691.128148959475
87.288309,87.8471165,0.3685260000000006,0.3834309999999663,16.303421000000053,0.2788136526461985,0.1590673973120839,14.9239940680114,0.0067951200000004,0.0155826399999999,0.0058490800000007,14.927445810714875,1.0,212.12,3668.13,225715.63266075807,3630.923658648957
87.3991371,87.9579446,0.4835260000000003,0.4884309999999663,15.773421000000054,0.3277516180434252,0.2378041457290629,15.127055712032751,0.0079951200000004,0.0183826399999999,0.0046490800000007,15.132474564650646,1.0,212.12,3670.58,225715.63266075807,3621.8254335827037
87.5091703,88.0679778,0.5435260000000004,0.1134309999999663,15.798421000000056,0.3793340427202762,0.2080718468193375,15.287550433802808,0.0163951200000004,0.0175826399999999,0.0070490800000007,15.293671451795664,1.0,211.14,3663.73,226809.69972530074,3647.293878096911
87.6200053,88.1788128,0.5785260000000005,0.2734309999999662,15.258421000000055,0.4269523189931459,0.2236964245162443,15.280586832232569,0.0111951200000004,0.0159826399999999,0.0042490800000007,15.288187018428127,1.0,212.61,3656.4,225172.3813555336,3674.6526638223377
87.7303864,88.2891939,0.4435260000000003,0.4884309999999663,15.048421000000056,0.4309143771596537,0.286983137125137,15.2250859129618,-0.0012048799999995,0.0151826399999999,0.0066490800000007,15.233886161400344,1.0,212.12,3656.89,225715.63266075807,3672.8203473443277
87.8417591,88.4005666,0.2485260000000004,-0.0815690000000337,15.428421000000055,0.3873131180970079,0.198878086468208,15.273694634331802,0.0155951200000004,0.0147826399999999,0.0002490800000007,15.27989894362994,1.0,212.61,3660.31,225172.3813555336,3660.0451874294795
87.9520725,88.51088,0.4785260000000004,-0.0965690000000336,12.038421000000056,0.4091182164022669,0.1282493262532432,14.500279101687592,0.0015951200000004,0.0139826399999999,0.0090490800000007,14.506616408781012,1.0,211.63,3638.32,226261.3996125313,3742.606477714989
88.0628371,88.6216446,-0.0164739999999996,-0.1265690000000336,6.138421000000055,0.3073773227588218,0.0673331646540123,12.50131651967163,-0.0004048799999995,0.0015826399999999,0.0042490800000007,12.50527605847322,1.0,203.81,3438.91,235326.5296109121,4539.490710719385
88.1825056,88.7413131,0.1235260000000004,-0.2365690000000337,3.058421000000055,0.2634263359829454,-0.0053168430774621,10.243924133893136,-0.0008048799999995,0.0007826399999999,0.0074490800000007,10.247312006778555,1.0,194.53,3168.13,247029.7640466766,5782.180655465528
88.292478,88.8512855,0.1685260000000004,-0.8765690000000339,1.6984210000000552,0.2407397251431411,-0.2135959647761958,8.20105988034822,0.0067951200000004,-0.00081736,0.0086490800000007,8.207372418288806,1.0,180.35,2812.32,267238.7025228722,7778.915628377994
88.4025275,88.961335,0.1735260000000007,-0.2015690000000336,0.778421000000055,0.22467179862189,-0.210720831968343,6.42662443774744,-0.0060048799999995,0.0003826399999999,0.0090490800000007,6.434002047712919,1.0,162.27,2380.25,298128.4279287607,11006.196828064278
88.51250519999999,89.0713127,0.1635260000000005,-0.4265690000000337,-0.0465789999999449,0.2100544537678828,-0.2623208957394523,4.879158396052388,0.0003951200000004,-0.00121736,0.0094490800000007,4.890717920679722,1.0,66.47,456.5,742219.0461862495,99529.0251916758
88.6227342,89.1815417,0.2085260000000004,-0.3815690000000338,-0.076578999999945,0.2096890658537156,-0.2908280164648247,3.694453573208455,0.0003951200000004,-0.00081736,0.0098490800000007,3.7118105614500574,1.0,44.48,97.75,1114100.7194244605,501508.95140664966
88.7333564,89.2921639,0.2085260000000004,-0.4265690000000337,-0.0665789999999449,0.20941102655985,-0.3232778791189359,2.795351568347892,-4.879999999594584e-06,-0.00121736,0.0094490800000007,2.821763979470556,1.0,42.03,80.16,1179626.45729241,613752.49500998
88.843344,89.4021515,0.2285260000000004,-0.4165690000000339,-0.0665789999999449,0.2139805990398444,-0.3455797954643003,2.111186392512099,-4.879999999594584e-06,-0.00121736,0.0098490800000007,2.1499583893012555,1.0,39.59,36.17,1252945.1881788329,1372361.0727121923
88.9541775,89.512985,0.2385260000000006,-0.3615690000000338,0.223421000000055,0.2198483544457905,-0.3494021303083561,1.6599024389498285,-0.0008048799999995,-0.00121736,0.0082490800000007,1.710465215796021,1.0,41.06,92.86,1207730.1509985386,528444.9709239715
89.0641952,89.6230027,0.2985260000000007,-0.4015690000000338,0.163421000000055,0.2386568139522057,-0.3618729973413092,1.302157740969568,-0.0004048799999995,-0.00161736,0.0082490800000007,1.3724153611125056,1.0,50.83,231.18,973671.0603974032,206281.68526689158
89.174198,89.7330055,0.1185260000000005,-0.4765690000000335,-0.0565789999999449,0.2099386750986994,-0.3892919052961479,0.9773419080555612,0.0003951200000004,-0.00121736,0.0082490800000007,1.072762620561039,1.0,46.43,130.5,1066889.941847943,373141.76245210733
89.2842065,89.843014,0.2685260000000005,-0.4215690000000338,0.158421000000055,0.2239443983283818,-0.3970079779422781,0.7815729494190683,-0.0016048799999995,-0.00521736,0.0082490800000007,0.9047777093607572,1.0,38.12,33.72,1301647.429171039,1472799.525504152
89.3941888,89.9529963,0.3885260000000006,-0.5365690000000336,1.2384210000000548,0.2632888190813992,-0.4303710483996751,0.8907857760029141,-0.0004048799999995,-0.02121736,0.0094490800000007,1.0237380232671969,1.0,83.58,959.92,588229.2414453218,42087.67397283107
89.5050863,90.0638938,0.4735260000000005,-0.5715690000000337,2.373421000000055,0.313547535851538,-0.4641254386887732,1.2452204362790815,-0.0036048799999995,-0.04041736,0.0106490800000007,1.3653931356952411,1.0,154.45,2303.03,313729.36225315643,11710.52917243805
89.6154352,90.1742427,0.6435260000000005,-0.2765690000000338,3.713421000000056,0.3924312713421884,-0.4192887171855348,1.835261610356553,-0.0088048799999995,-0.06001736,0.0102490800000007,1.923015993052285,1.0,173.02,2704.79,278983.9324933534,8485.72347575967
89.7262238,90.2850313,0.6135260000000007,-0.1015690000000337,5.933421000000055,0.4452855633300835,-0.3433355237087959,2.814956215958801,-0.0132048799999995,-0.09841736,0.0046490800000007,2.8705638840680203,1.0,187.68,3007.82,256410.9121909633,6623.335172982425
89.8371094,90.3959169,0.3135260000000004,-0.2315690000000339,7.418421000000055,0.4137874879362371,-0.316616928858361,3.91544772622128,-0.0120048799999995,-0.12721736,0.0050490800000007,3.9499616784955873,1.0,195.5,3219.94,245754.47570332483,5528.239656639565
89.9479397,90.5067472,0.4335260000000005,0.1134309999999663,9.113421000000056,0.4185061218284065,-0.2138108649659625,5.158060785453394,-0.0176048799999995,-0.15321736,0.0002490800000007,5.179425984259011,1.0,199.41,3339.69,240739.68206208313,4971.449445906655
90.0588013,90.6176088,0.6635260000000005,0.1534309999999663,10.083421000000056,0.4770798936335368,-0.1260190443335963,6.335503723625463,-0.0188048799999995,-0.16641736,0.0006490800000007,6.354690665682811,1.0,203.81,3422.78,235326.5296109121,4608.008694686774
90.1704707,90.7292782,0.7785260000000005,-0.4315690000000336,10.083421000000056,0.5491427628897558,-0.1990629684095836,7.231470422038106,-0.0044048799999995,-0.16241736,0.0098490800000007,7.255022281443263,1.0,205.28,3472.63,233569.75837879968,4398.309062583689
90.2812754,90.8400829,0.9585260000000004,-0.4665690000000337,8.213421000000055,0.6470087829460869,-0.2630122176207097,7.466212800928599,-0.0080048799999995,-0.12361736,0.0170490800000007,7.49880853073188,1.0,205.77,3463.83,232989.74583272586,4434.88854822552
90.3925937,90.9514012,0.3785260000000003,-1.126569000000034,5.668421000000055,0.5828260342677244,-0.4694517044464902,7.036437684368563,-0.0012048799999995,-0.09161736,0.0230490800000007,7.07612368285278,1.0,199.9,3336.75,240125.06253126563,4984.64074323818
90.5033795,91.062187,0.8535260000000005,-0.2265690000000335,4.228421000000055,0.6475388165071907,-0.4113888394584649,6.365161011950937,-0.0156048799999995,-0.06041736,0.0098490800000007,6.411226248088176,1.0,191.1,3102.64,251643.11878597594,6115.3082536162765
90.6137823,91.1725898,0.6685260000000006,-0.4765690000000335,3.863421000000055,0.6525559543243898,-0.4269706276720312,5.767101990498189,-0.0052048799999995,-0.05961736,0.0098490800000007,5.819587490469323,1.0,185.24,2969.21,259920.1036493198,6839.496027562888
90.7334338,91.2922413,0.2485260000000004,-0.0115690000000336,1.273421000000055,0.5559696751880481,-0.3276658678774027,4.692855089117577,-0.0088048799999995,-0.02041736,0.0042490800000007,4.737019747494968,1.0,173.02,2618.28,278983.9324933534,9096.50610324335
90.8433859,91.4021934,0.1835260000000005,-0.5165690000000336,-0.0565789999999449,0.4669343242462324,-0.3728245261740018,3.557468562051184,0.0007951200000004,-0.00121736,0.0074490800000007,3.607299316726944,1.0,73.8,587.49,667506.7750677507,75107.83162266591
90.9533828,91.5121903,0.2735260000000004,-0.4915690000000337,-0.0465789999999449,0.4206986672287324,-0.401211250405965,2.695894958106372,0.0003951200000004,-0.00081736,0.0074490800000007,2.757862843073184,1.0,45.45,146.14,1090110.0110011,332137.6762009033
91.0633778,91.6221853,0.3135260000000004,-0.4915690000000337,-0.0465789999999449,0.3950782669540795,-0.4228119231556329,2.040286747856861,0.0003951200000004,-0.00121736,0.0090490800000007,2.120760894788078,1.0,43.99,152.98,1126621.9595362584,316840.1098182769
91.1733678,91.7321753,0.1335260000000007,-0.4415690000000338,0.8884210000000551,0.3325523081869558,-0.4272959378691077,1.7649249202019637,-0.0028048799999995,0.0007826399999999,0.0086490800000007,1.8461128974550336,1.0,59.63,451.61,828504.1086701324,100714.99745355506
91.2834062,91.8422137,0.1835260000000005,-0.1565690000000337,2.918421000000055,0.2969264927068315,-0.3625767077455035,2.040676490484308,-0.0056048799999995,0.0035826399999999,0.0074490800000007,2.0937974471963856,1.0,135.39,1957.48,359303.4936110496,15543.045139669372
91.3933921,91.9521996,-0.3864739999999993,-0.4615690000000338,5.673421000000055,0.1335546683061601,-0.3862415302907294,2.909110307016114,-0.0028048799999995,0.0031826399999999,0.0042490800000007,2.9376763176931324,1.0,170.09,2617.3,283962.0201070022,9103.656439842585
91.5042508,92.0630583,-0.2614739999999993,-0.3465690000000336,8.143421000000055,0.0391202116142621,-0.3767575253458247,4.160410088796592,-0.0036048799999995,0.0103826399999999,0.0090490800000007,4.177617590304541,1.0,187.19,3038.61,257108.2856990224,6454.89220400117
91.6150815,92.173889,-0.2814739999999993,-0.1215690000000337,10.313421000000057,-0.0375201505199006,-0.3157528649793542,5.631331794075162,-0.0096048799999995,0.0131826399999999,0.0086490800000007,5.640301889828193,1.0,198.44,3272.24,241965.32957065108,5280.052807862506
91.7251016,92.2839091,-0.5414739999999996,-1.086569000000034,11.973421000000055,-0.1579939586045317,-0.5000220301317192,7.147454031534881,0.0155951200000004,0.0107826399999999,0.0042490800000007,7.166664723180289,1.0,202.35,3373.9,237096.61477637757,4819.644921307684
91.835065,92.3938725,-0.2964739999999994,0.0834309999999662,13.008421000000055,-0.1910986128260254,-0.3605433686411952,8.548560522690117,-0.0080048799999995,0.0159826399999999,0.0058490800000007,8.558294059600376,1.0,205.77,3445.75,232989.74583272586,4510.6290357687
91.9542181,92.5130256,-0.6714739999999995,-1.4715690000000337,12.888421000000056,-0.305935819174745,-0.6261420714341511,9.586035519253588,0.0191951200000004,0.0083826399999999,0.0018490800000007,9.611333289167812,1.0,206.26,3465.3,232412.48909143798,4428.765186275358
92.0642127,92.6230202,-0.3664739999999993,-0.5765690000000336,8.933421000000056,-0.3204079086052721,-0.6142912706112567,9.430023304192815,-0.0008048799999995,0.0079826399999999,0.0006490800000007,9.455440471530958,1.0,204.3,3440.37,234738.13020068526,4533.320544011254
92.1759149,92.7347224,0.1035260000000004,-0.5015690000000339,2.263421000000055,-0.2190634454196684,-0.587344197559845,7.716795254630533,-0.0036048799999995,0.0035826399999999,0.0058490800000007,7.742214864069239,1.0,187.19,3010.75,257108.2856990224,6607.15768496222
92.2867417,92.8455492,0.2535260000000003,-0.4315690000000336,-0.0665789999999449,-0.1060875246899274,-0.5501050113237901,5.856123414995661,-4.879999999594584e-06,-0.00121736,0.0094490800000007,5.882860829395748,1.0,107.53,1209.19,454986.5153910537,31349.994624500698
92.3967202,92.9555277,0.2085260000000004,-0.3815690000000338,-0.076578999999945,-0.0308768889671806,-0.5098152603783134,4.437868047158386,-4.879999999594584e-06,-0.00121736,0.0074490800000007,4.4671621624893225,1.0,38.61,45.45,1285001.295001295,1090110.0110011
92.5067544,93.0655619,0.3435260000000006,-0.561569000000034,0.973421000000055,0.0586268261811345,-0.5221873656837523,3.609666954718468,0.0011951200000004,-0.01001736,0.0086490800000007,3.647713293779311,1.0,45.94,159.82,1078376.14279495,302851.95845325995
92.6167463,93.1755538,-0.0614739999999995,-0.1615690000000336,3.643421000000055,0.0299158561209227,-0.4359789404003786,3.617736103069113,0.0003951200000004,-0.04281736,0.0062490800000007,3.644034454607939,1.0,136.85,2037.15,355363.5367190355,14544.093463907908
92.7267557,93.2855632,-0.1714739999999994,-0.0165690000000338,7.473421000000055,-0.0182278437467008,-0.335715964493548,4.539465429647087,0.0083951200000004,-0.08401736,0.0054490800000007,4.551898927927168,1.0,181.82,2913.49,264997.25002749974,7161.548520846135
92.8367508,93.3955583,-0.1314739999999994,-0.8365690000000339,10.498421000000056,-0.0453001554451966,-0.455448500598714,5.963996803915112,0.0299951200000004,-0.11601736,0.0158490800000007,5.98153352560116,1.0,196.48,3218.96,244478.8273615635,5532.967169520591
92.9467271,93.5055346,-0.4614739999999995,-0.2065690000000335,12.488421000000056,-0.1447895192638539,-0.3959520581719788,7.523707537889575,0.0159951200000004,-0.14201736,0.0046490800000007,7.535510410911507,1.0,200.88,3380.25,238904.81879729193,4791.805339841728
93.056783,93.6155905,-0.7414739999999993,-0.6415690000000336,14.068421000000056,-0.287431254600222,-0.4546685623571415,9.088268567469202,0.0219951200000004,-0.16121736,0.0078490800000007,9.104172987271587,1.0,203.81,3472.14,235326.5296109121,4400.341000074884
93.1676137,93.7264212,-0.3314739999999996,-0.4415690000000338,15.818421000000056,-0.2979599910356852,-0.4515370173495362,10.697160122466748,0.0191951200000004,-0.17281736,0.0134490800000007,10.71083099110371,1.0,207.72,3526.88,230708.64625457345,4176.836183822527
93.2780517,93.8368592,-0.4864739999999994,-0.5665690000000339,16.968421000000053,-0.3430256266304146,-0.479036243748397,12.196350336388187,0.0243951200000004,-0.18801736,0.0146490800000007,12.21057344399787,1.0,208.7,3580.65,229578.34211787255,3963.945093767891
93.3888301,93.9476376,0.0685260000000003,-0.1115690000000337,17.613421000000052,-0.244641237395685,-0.3911905446900413,13.491340209334147,0.0219951200000004,-0.18481736,0.0074490800000007,13.499227386087169,1.0,211.14,3604.11,226809.69972530074,3873.050489579952
93.5001276,94.0589351,-0.1614739999999996,-0.5515690000000337,17.928421000000053,-0.2247595085285014,-0.4295301729434189,14.552056424087056,0.0355951200000004,-0.19561736,0.0058490800000007,14.560129092008632,1.0,211.63,3615.84,226261.3996125313,3828.0454887384385
93.6192415,94.178049,0.2185260000000006,0.1334309999999663,16.443421000000054,-0.1187889055928256,-0.2949502379389567,15.004200788440423,0.0151951200000004,-0.17161736,0.0066490800000007,15.007569681556983,1.0,211.14,3617.79,226809.69972530074,3820.592129449194
93.7293453,94.2881528,0.2385260000000006,0.5884309999999662,12.268421000000057,-0.0333701963070894,-0.083771571807505,14.350192867805632,-0.0020048799999995,-0.12841736,-0.0013509199999992,14.35047617988561,1.0,210.17,3589.44,227902.65023552364,3929.749487385219
93.8392788,94.3980863,0.5635260000000004,0.0484309999999663,4.208421000000056,0.1093221511658638,-0.0521675920370182,11.925729042595046,-0.0084048799999995,-0.03641736,0.0110490800000007,11.926344200457631,1.0,201.86,3345.55,237696.42326364806,4945.225747634918
93.9501252,94.5089327,0.4835260000000003,-0.5415690000000339,0.393421000000055,0.1987782843325861,-0.1691625338558185,9.168847500109075,-4.879999999594584e-06,-0.00361736,0.0090490800000007,9.172561978500836,1.0,155.43,2225.32,311688.2197773917,12468.678661945245
94.0600734,94.6188809,0.2735260000000004,-0.4165690000000339,-0.0365789999999449,0.2166472657112793,-0.2283068367555863,6.968223798840758,0.0003951200000004,-0.00081736,0.0090490800000007,6.975328161468838,1.0,47.9,136.85,1033841.3361169102,355363.5367190355
94.1709387,94.7297462,0.2935260000000004,-0.4315690000000336,-0.026578999999945,0.2350256824850448,-0.2768981251659064,5.296065662045628,0.0003951200000004,-0.00121736,0.0078490800000007,5.308504604862536,1.0,40.08,61.09,1237504.99001996,808464.5604845309
94.2809364,94.8397439,0.3435260000000006,-0.331569000000034,0.043421000000055,0.2609634671510483,-0.2899675927161204,4.040383012523511,-4.879999999594584e-06,-0.00121736,0.0082490800000007,4.059172086017251,1.0,40.08,54.25,1237504.99001996,911658.9861751151
94.39178,94.9505875,0.2185260000000006,-0.5365690000000336,0.988421000000055,0.250818484076849,-0.3489194404799012,3.3107894472443653,-4.879999999594584e-06,-0.00081736,0.0082490800000007,3.338559787076467,1.0,61.58,533.24,801951.9324455993,83766.40912159628
94.5026231,95.0614306,-0.0014739999999995,-0.456569000000034,2.4284210000000552,0.1905061432955938,-0.3746538453016976,3.0998528960444665,0.0011951200000004,-0.00401736,0.0058490800000007,3.128217714857452,1.0,145.16,2122.68,334447.5062000551,13555.128422560161
94.6134235,95.172231,-0.2564739999999994,-0.6065690000000339,4.798421000000055,0.0836523112302417,-0.4300948382971251,3.50590787108976,0.0063951200000004,-0.00641736,0.0070490800000007,3.533181184099271,1.0,171.07,2667.64,282278.0148477232,8743.158747057325
94.723441,95.2822485,0.1685260000000004,-0.3615690000000338,5.553421000000055,0.1039419796251378,-0.4137132416482275,3.995380674993488,-0.0048048799999995,0.0011826399999999,0.0086490800000007,4.018087769020843,1.0,184.75,2962.85,260635.9945872801,6875.643383904011
94.8342763,95.3930838,-0.0264739999999994,0.1434309999999663,7.118421000000056,0.0727650976214844,-0.2805238860891279,4.741966024313779,-0.0108048799999995,-0.00041736,0.0058490800000007,4.750813634088864,1.0,188.17,3107.04,255717.17064356702,6092.4867397909275
94.9451083,95.5039158,-0.1214739999999996,-0.5065690000000338,8.013421000000056,0.026330838227447,-0.3345616034314308,5.524030967968712,0.0099951200000004,-0.00281736,0.0054490800000007,5.534215654870138,1.0,196.97,3233.63,243845.76331421032,5462.498801656341
95.0551434,95.6139509,0.1035260000000004,0.5334309999999662,10.073421000000057,0.0447848992769715,-0.1270617015405079,6.611595518148265,-0.0008048799999995,-0.00041736,0.0050490800000007,6.612967991666061,1.0,198.44,3279.57,241965.32957065108,5245.90113947865
95.1659507,95.7247582,-0.1514739999999994,-0.3515690000000335,12.198421000000057,-0.0021322082930708,-0.1807317929905782,7.947166506637199,0.0147951200000004,-0.00401736,0.0022490800000007,7.949221597837482,1.0,202.83,3394.43,236511.85722033228,4730.013581072523
95.275941,95.8347485,0.2235260000000005,0.0334309999999662,13.113421000000056,0.0518130164664332,-0.1295346302975481,9.182196962286769,0.0079951200000004,0.0015826399999999,0.0054490800000007,9.1832567678003,1.0,205.28,3477.52,233569.75837879968,4378.062527318319
95.3859903,95.9447978,0.1135260000000006,-0.1415690000000338,13.753421000000056,0.0665659509706999,-0.1324115333065289,10.274981089244946,0.0119951200000004,-1.7360000000013996e-05,0.0030490800000007,10.276049835628594,1.0,205.77,3513.2,232989.74583272586,4232.039166571788
95.4971457,96.0559532,0.3135260000000004,-0.1465690000000337,14.073421000000057,0.125603534634404,-0.1357959779876389,11.183025588362092,0.0147951200000004,0.0039826399999999,0.0038490800000007,11.184555337853697,1.0,208.7,3543.5,229578.34211787255,4110.342881332016
95.6080035,96.166811,0.3385260000000003,0.0334309999999662,13.108421000000057,0.1765041880490463,-0.095341046469895,11.64330526982102,0.0123951200000004,0.0035826399999999,0.0074490800000007,11.645033329698236,1.0,209.68,3545.94,228458.6035864174,4100.633400452347
95.7193121,96.2781196,0.4585260000000004,-0.6265690000000339,6.488421000000055,0.2439235394116971,-0.2223349261451977,10.41099294824321,0.0107951200000004,0.0047826399999999,0.0146490800000007,10.41622319657336,1.0,204.3,3407.14,234738.13020068526,4675.064717035402
95.8296787,96.3884862,0.7185260000000004,-0.5465690000000338,1.588421000000055,0.3573806859587379,-0.2998454236409177,8.30189339319066,0.0023951200000004,0.0051826399999999,0.0098490800000007,8.314990207130583,1.0,183.77,2877.81,262079.22947162212,7374.322835767477
95.940481,96.4992885,0.3235260000000006,-0.4165690000000339,0.1134210000000549,0.3492874787272304,-0.3277490377352382,6.344379917261746,0.0003951200000004,-0.00041736,0.0082490800000007,6.362434888396592,1.0,123.66,1534.7,394334.46546983666,22579.657262005603
96.0601708,96.6189783,0.2335260000000003,-0.4165690000000339,-0.0365789999999449,0.321613861021631,-0.3489820913154663,4.818965594527302,0.0003951200000004,-0.00081736,0.0082490800000007,4.842277705470643,1.0,47.41,165.69,1044629.8249314493,291768.3626048645
96.1709954,96.7298029,0.2085260000000004,-0.4765690000000335,-0.0465789999999449,0.2945793909417286,-0.3794826634746694,3.655822012405627,0.0003951200000004,-0.00081736,0.0090490800000007,3.6872508316949295,1.0,43.99,133.43,1126621.9595362584,364728.32196657424
96.2809899,96.8397974,0.3185260000000003,-0.4415690000000338,-0.0665789999999449,0.3003040008180896,-0.3943248507085818,2.765955161214336,0.0003951200000004,-0.00121736,0.0090490800000007,2.8100146858409687,1.0,40.57,75.27,1222437.7618930244,654275.2756742395
96.391788,96.9505955,0.2485260000000004,-0.5015690000000339,-0.016578999999945,0.2879260956984052,-0.4199623392866866,2.1007702700325543,0.0003951200000004,-0.00121736,0.0102490800000007,2.161597911373881,1.0,42.52,95.8,1165917.2154280338,511920.6680584551
96.5028872,97.0616947,0.2935260000000004,-0.4065690000000337,-0.0665789999999449,0.2892647932732302,-0.4167605647819434,1.582649770943933,0.0003951200000004,-0.00121736,0.0098490800000007,1.6619698512469032,1.0,36.66,43.99,1353884.3426077468,1126621.9595362584
96.6046384,97.1634459,0.1885260000000004,-0.4165690000000339,-0.0665789999999449,0.2651824570434408,-0.4167147698370385,1.188389719863222,-4.879999999594584e-06,-0.00081736,0.0082490800000007,1.2869510717974166,1.0,39.59,30.79,1252945.1881788329,1613903.8648911987
96.7154806,97.2742881,0.2285260000000004,-0.4415690000000338,-0.026578999999945,0.2564194661952315,-0.4226563530947851,0.8979426709189012,0.0003951200000004,-0.00121736,0.0098490800000007,1.0250318900952309,1.0,39.59,72.34,1252945.1881788329,681180.5363560962
96.8259752,97.3847827,0.2735260000000004,-0.2965690000000338,-0.0365789999999449,0.2605089066722019,-0.3925142605315334,0.6745385148650206,0.0003951200000004,-0.00121736,0.0090490800000007,0.8227603194202247,1.0,45.94,157.87,1078376.14279495,306716.28555140307
96.9451283,97.5039358,0.2535260000000003,-0.4515690000000336,-0.076578999999945,0.2588395923904129,-0.4066317225899256,0.494978447156042,0.0003951200000004,-0.00081736,0.0082490800000007,0.6909058948614435,1.0,42.03,72.34,1179626.45729241,681180.5363560962
97.0551633,97.6139708,0.3185260000000003,-0.3915690000000336,-0.0665789999999449,0.2731080592808567,-0.403030869947568,0.360734082941026,0.0003951200000004,-0.00121736,0.0094490800000007,0.6059298414586893,1.0,44.97,137.83,1101852.34600845,352765.7258942175
97.1651759,97.7239834,0.2335260000000003,-0.4665690000000337,-0.076578999999945,0.2636456820843815,-0.4182201189113252,0.2561912314845268,0.0003951200000004,-0.00081736,0.0086490800000007,0.5568222881975003,1.0,44.97,111.93,1101852.34600845,436707.7637809345
97.2753869,97.8341944,0.4035260000000007,-0.4665690000000337,-0.0465789999999449,0.2970850825230698,-0.4297782681890752,0.1838118205538836,-4.879999999594584e-06,-0.00081736,0.0086490800000007,0.5538552982870824,1.0,44.48,142.72,1114100.7194244605,340336.32286995515
97.3860055,97.944813,0.2735260000000004,-0.5365690000000336,0.1334210000000549,0.2914531136642898,-0.4553073640431565,0.1717655308968209,0.0039951200000004,-0.00121736,0.0098490800000007,0.5672328541444013,1.0,46.43,186.71,1066889.941847943,257794.9761662471
97.4968256,98.0556331,0.3235260000000006,-0.4515690000000336,0.6784210000000549,0.299120368824886,-0.4544136811141615,0.2928851806678109,0.0147951200000004,-0.00321736,0.0098490800000007,0.6178563892074557,1.0,65.98,580.16,747805.3955744164,76183.12189740762
97.6076866,98.1664941,0.2785260000000007,-0.4515690000000336,1.038421000000055,0.2941971361915944,-0.4537336395449603,0.4711109037396969,0.0199951200000004,-0.00361736,0.0110490800000007,0.7171970818544129,1.0,102.15,1292.77,479476.2604013705,28676.640082922717
97.7176712,98.2764787,0.3585260000000003,-0.5515690000000337,1.0134210000000552,0.309575415771662,-0.4771218891863011,0.6007540496877433,0.0223951200000004,-0.00241736,0.0122490800000007,0.8272772590897962,1.0,124.14,1665.2,392771.06492669566,20026.423252462166
97.8276528,98.3864603,0.2585260000000007,-0.4665690000000337,0.7084210000000549,0.2973716841703409,-0.4745991447963608,0.6264926119040344,0.0155951200000004,-0.00321736,0.0098490800000007,0.8403375866626942,1.0,121.21,1609.97,402507.21887633036,21056.479313279127
97.9376881,98.4964956,0.2285260000000004,-0.4665690000000337,-0.0565789999999449,0.280913626055001,-0.472679480676159,0.4631994088349915,0.0003951200000004,-0.00121736,0.0094490800000007,0.7189520492360656,1.0,83.09,793.26,591757.1308220002,53031.03648236392
98.0476819,98.6064894,0.2735260000000004,-0.4915690000000337,-0.0465789999999449,0.2791475606812186,-0.4771951567210649,0.3413331977622373,-4.879999999594584e-06,-0.00121736,0.0074490800000007,0.6497283510259584,1.0,39.1,42.03,1268772.378516624,1179626.45729241
98.1576927,98.7165002,0.1935260000000003,-0.4815690000000339,0.173421000000055,0.2586791081035525,-0.4782407555518435,0.3011925739548411,0.0035951200000004,-0.00121736,0.0098490800000007,0.6215674282373473,1.0,38.61,60.61,1285001.295001295,814946.3784853985
98.2676902,98.8264977,0.1985260000000006,-0.5715690000000337,0.7834210000000551,0.2442990730887637,-0.5005515465540875,0.4164727626313621,0.0159951200000004,-0.00081736,0.0074490800000007,0.6954735436258642,1.0,78.2,832.36,629386.189258312,50070.161949156616
98.3776615,98.936469,0.1485260000000003,-0.7165690000000338,1.4234210000000551,0.2214038281395005,-0.5521920792263265,0.6571910125763982,0.0315951200000004,-0.00081736,0.0066490800000007,0.8864737866887609,1.0,118.77,1619.75,410981.72939294437,20868.96125945362
98.4880751,99.0468826,0.2885260000000005,-0.4865690000000338,1.728421000000055,0.237449868187191,-0.5365044081017047,0.91327627921841,0.0351951200000004,-0.00041736,0.0082490800000007,1.0854920460315214,1.0,137.83,1941.35,352765.7258942175,15755.27339222706
98.5989097,99.1577172,0.2535260000000003,-0.4065690000000337,1.878421000000055,0.2412929836247607,-0.5054424101921975,1.144001096550983,0.0343951200000004,0.0007826399999999,0.0110490800000007,1.2737475585363405,1.0,144.18,2051.81,336788.7363018449,14368.728098605623
98.7097291,99.2685366,0.2085260000000004,-0.5115690000000337,1.213421000000055,0.2334597994933286,-0.5069070157418604,1.16059642593284,0.0247951200000004,-1.7360000000013996e-05,0.0098490800000007,1.287805212163651,1.0,143.7,2021.02,337947.1120389701,14739.982780971985
98.8205515,99.379359,0.2485260000000004,-0.5065690000000338,-0.016578999999945,0.2370614835568155,-0.5068262106370826,0.879184136906619,0.0011951200000004,-0.00161736,0.0086490800000007,1.0421303667790989,1.0,99.22,1084.56,493930.65914130217,36101.64490669027
98.9310607,99.4898682,0.2335260000000003,-0.4915690000000337,-0.0565789999999449,0.236216300673602,-0.5031788642221462,0.6554831994405075,-4.879999999594584e-06,-0.00121736,0.0090490800000007,0.8594447828991545,1.0,43.99,108.99,1126621.9595362584,448757.68419121025
99.0414468,99.6002543,0.2935260000000004,-0.4065690000000337,-0.0565789999999449,0.2499165982805341,-0.4800835783078024,0.4852595870041528,0.0003951200000004,-0.00121736,0.0066490800000007,0.7269218768453586,1.0,44.97,114.86,1101852.34600845,425312.55441406934
99.1610589,99.7198664,0.2735260000000004,-0.4665690000000337,-0.0365789999999449,0.2555605963066991,-0.476852820739278,0.3605103032220285,-4.879999999594584e-06,-0.00121736,0.0086490800000007,0.6501288408930038,1.0,42.52,97.26,1165917.2154280338,504085.9551717047
99.2718774,99.8306849,0.1785260000000006,-0.4215690000000338,0.203421000000055,0.2371449195916496,-0.4636368240427633,0.3229569705348459,0.0003951200000004,-0.00281736,0.0070490800000007,0.6127789342933025,1.0,42.52,108.99,1165917.2154280338,448757.68419121025
99.3826886,99.9414961,0.3135260000000004,-0.581569000000034,0.778421000000055,0.2554043686104547,-0.4918293626014756,0.4318389368733355,0.0067951200000004,-0.00481736,0.0114490800000007,0.7025755338909628,1.0,53.76,314.76,920059.5238095238,148851.1882068878
99.4927055,100.051513,0.3035260000000006,-0.3665690000000337,1.103421000000055,0.2669081922060565,-0.4618849680895067,0.592385480311147,0.0067951200000004,-0.00841736,0.0086490800000007,0.797181449920417,1.0,95.8,1180.35,511920.6680584551,32360.31685517008
99.6029827,100.1617902,0.1335260000000007,-0.3365690000000338,1.418421000000055,0.2350222156581696,-0.4319272806839517,0.7898552382517894,0.0079951200000004,-0.01241736,0.0074490800000007,0.930412765951596,1.0,120.23,1621.7,405869.5832986776,20831.843127582168
99.7135446,100.2723521,0.2885260000000005,-0.3715690000000335,0.9934210000000552,0.2478126817955927,-0.4174981976817395,0.8385191040775246,0.0059951200000004,-0.00681736,0.0110490800000007,0.9689324838342448,1.0,130.99,1803.52,371708.52736850135,17723.562810503903
99.8245633,100.3833708,0.2735260000000004,-0.6115690000000338,-0.0565789999999449,0.2539596362553565,-0.4638922248678497,0.6245394364575738,-4.879999999594584e-06,-0.00081736,0.0102490800000007,0.8183770529716363,1.0,71.36,572.34,690672.6457399103,77360.65974770242
99.9360806,100.4948881,0.2085260000000004,-0.4765690000000335,-0.076578999999945,0.2430983973136132,-0.4669226995352866,0.4569320096157726,-4.879999999594584e-06,-0.00121736,0.0082490800000007,0.6970656350224671,1.0,39.1,37.15,1268772.378516624,1335895.0201884252
100.0460799,100.6048874,0.2735260000000004,-0.4415690000000338,-0.0465789999999449,0.25037233553295,-0.4608617145161294,0.3365640655996246,0.0003951200000004,-0.00121736,0.0098490800000007,0.6231815117282595,1.0,38.12,33.72,1301647.429171039,1472799.525504152
100.1560564,100.7148639,0.2735260000000004,-0.4415690000000338,-0.0465789999999449,0.2559073862768565,-0.456249651747998,0.2449709480917037,0.0007951200000004,-0.00121736,0.0090490800000007,0.5776357853181967,1.0,39.1,39.59,1268772.378516624,1252945.1881788329
100.2677105,100.826518,0.5435260000000004,-0.5465690000000338,0.7634210000000551,0.3246646935322662,-0.4778411443794565,0.3689101780817314,0.0035951200000004,-0.01401736,0.0122490800000007,0.6854444120281117,1.0,47.41,199.9,1044629.8249314493,240125.06253126563
100.3777003,100.9365078,0.3535260000000004,-0.3765690000000339,1.943421000000056,0.3315641973262199,-0.4536313067150109,0.7453083637145087,0.0075951200000004,-0.04001736,0.0086490800000007,0.9333813456478264,1.0,102.15,1334.8,479476.2604013705,27458.795325142346
100.4877487,101.0465562,0.3485260000000005,-0.3215690000000337,2.853421000000055,0.3356190387808463,-0.4220608583281053,1.24926791760354,0.0107951200000004,-0.05721736,0.0058490800000007,1.3606784474218443,1.0,162.27,2472.14,298128.4279287607,10225.391765838507
100.5977209,101.1565284,0.8285260000000005,-0.4265690000000337,3.833421000000056,0.4534520084282785,-0.4231385621598401,1.867028378866253,0.0215951200000004,-0.06921736,0.0150490800000007,1.967348452670824,1.0,178.4,2794.72,270269.05829596415,7890.879945039217
100.7077453,101.2665528,0.6385260000000006,-0.3115690000000339,4.163421000000056,0.4976952830159623,-0.3964670523904567,2.415997623194571,0.0235951200000004,-0.08081736,0.0106490800000007,2.4983857255534687,1.0,184.75,2950.64,260635.9945872801,6945.476235664128
100.817733,101.3765405,0.2885260000000005,-0.6165690000000337,2.638421000000055,0.4476918549535281,-0.4490840128973073,2.469169538119804,0.0211951200000004,-0.05361736,0.0158490800000007,2.5492945407721024,1.0,183.28,2943.79,262806.63465735485,6984.907211451905
100.9277017,101.4865092,0.3185260000000003,-0.5365690000000336,0.1234210000000549,0.4168138242830368,-0.4699979310217019,1.908401405308066,0.0019951200000004,-0.00401736,0.0110490800000007,2.009136068826582,1.0,141.25,1913.49,343982.30088495574,16130.264595059289
101.0377166,101.5965241,0.1885260000000004,-0.4665690000000337,-0.076578999999945,0.3622399708258095,-0.4691782202917093,1.433877500693514,-4.879999999594584e-06,-0.00121736,0.0086490800000007,1.5515639483614774,1.0,43.99,84.07,1126621.9595362584,584742.4765076722
101.1480532,101.7068607,0.3185260000000003,-0.4665690000000337,-0.0565789999999449,0.3517898303271929,-0.4685544673329927,1.077573107725234,-4.879999999594584e-06,-0.00121736,0.0094490800000007,1.2265656020254108,1.0,37.15,36.66,1335895.0201884252,1353884.3426077468
101.2594207,101.8182282,0.3185260000000003,-0.3665690000000337,0.163421000000055,0.3438378714025172,-0.4441741046637369,0.8590384428945939,-0.0012048799999995,-0.00281736,0.0082490800000007,1.0263830490782742,1.0,37.15,63.05,1335895.0201884252,783021.4115781126
101.3693873,101.9281948,0.3835260000000007,-0.6565690000000337,1.2634210000000552,0.3533256052353355,-0.4949486386519147,0.955709014272816,0.0031951200000004,-0.01321736,0.0130490800000007,1.1327810283459985,1.0,90.42,1073.31,542975.00552975,36584.86364610411
101.4802319,102.0390394,0.3635260000000007,-0.5415690000000339,2.408421000000055,0.3557640832875094,-0.5060935727995232,1.3029903082867396,-4.879999999594584e-06,-0.02361736,0.0082490800000007,1.4423877879667315,1.0,137.34,1946.24,354059.99708751997,15690.56231502795
101.590616,102.1494235,0.3935260000000005,-0.7315690000000339,3.5434210000000554,0.3647913422550156,-0.5599951024185111,1.8385814491398984,0.0027951200000004,-0.03481736,0.0110490800000007,1.9562844842298128,1.0,157.87,2349.95,306716.28555140307,11277.048447839317
101.7014797,102.2602872,0.7935260000000006,-0.9115690000000336,4.538421000000056,0.4672834592012103,-0.6440413822683383,2.483997596362856,0.0035951200000004,-0.03721736,0.0186490800000007,2.608330345652868,1.0,170.58,2631.48,283117.59878063074,9000.71442686245
101.8123159,102.3711234,0.4185260000000004,-0.9465690000000336,5.128421000000055,0.4556276363742577,-0.716362794628833,3.116166113287491,0.0007951200000004,-0.04761736,0.0146490800000007,3.2297466529369907,1.0,181.82,2878.3,264997.25002749974,7371.365041864988
101.9319449,102.4907524,0.4485260000000006,-0.9665690000000338,6.358421000000055,0.4539299388995351,-0.7761763954150379,3.891250564743183,0.0015951200000004,-0.05681736,0.0178490800000007,3.993786817525813,1.0,186.22,3004.89,258499.62410052627,6639.544209605011
102.041895,102.6007025,0.6935260000000005,-0.4065690000000337,8.128421000000055,0.5112071080542692,-0.6878190776411491,4.904176764960982,-0.0068048799999995,-0.06841736,0.0150490800000007,4.978491491694597,1.0,191.59,3147.6,250973.954799311,5885.118820688779
102.1519337,102.7107412,0.7535260000000006,-1.066569000000034,8.708421000000055,0.5691351895912341,-0.7783619825230278,5.813608829726389,0.0031951200000004,-0.07721736,0.0202490800000007,5.89303061802167,1.0,197.46,3265.4,243215.8411830244,5312.059778281375
102.2619965,102.820804,0.7485260000000005,-0.9865690000000338,7.963421000000055,0.6120198586688251,-0.8281353740573429,6.327536958436481,-0.0024048799999995,-0.07001736,0.0154490800000007,6.410780020056038,1.0,199.41,3319.65,240739.68206208313,5061.828807253776
102.371929,102.9307365,0.3435260000000006,-0.3815690000000338,2.793421000000055,0.5478344622589354,-0.7213804565173105,5.482681009494442,-0.0064048799999995,-0.02721736,0.0070490800000007,5.55700489589083,1.0,193.06,3134.9,248986.8434683518,5949.4720724744
102.481913,103.0407205,0.2085260000000004,-0.4065690000000337,-0.096578999999945,0.4667203233237024,-0.6461225037614534,4.148918601822571,0.0003951200000004,-0.00121736,0.0082490800000007,4.2247872981512,1.0,110.95,1294.23,440653.4474988734,28633.00958871298
102.5919257,103.1507332,0.2735260000000004,-0.5165690000000336,-0.096578999999945,0.4205358247725925,-0.6151518028432115,3.134001732285045,-4.879999999594584e-06,-0.00121736,0.0098490800000007,3.221370667654389,1.0,41.54,81.62,1193659.123736158,602594.9522175937
102.7018981,103.2607056,0.3185260000000003,-0.4415690000000338,-0.0665789999999449,0.3961496392814438,-0.57365557992896,2.368879788483132,0.0003951200000004,-0.00121736,0.0098490800000007,2.469333252797268,1.0,43.5,90.42,1139425.2873563217,542975.00552975
102.8127745,103.371582,0.2085260000000004,-0.5515690000000337,0.193421000000055,0.3512968529910887,-0.5683756234520954,1.848820650428896,-0.0020048799999995,0.0007826399999999,0.0082490800000007,1.9658581143379408,1.0,43.5,95.31,1139425.2873563217,514603.9240373518
102.9227487,103.4815562,0.1535260000000007,-0.6715690000000338,1.9484210000000552,0.3040183019639216,-0.5930447455446578,1.872630833468031,-0.0088048799999995,0.0091826399999999,0.0066490800000007,1.9876809192127207,1.0,85.53,1003.91,574590.20226821,39805.26142781723
103.0327673,103.5915748,0.3285260000000005,-0.7865690000000336,3.298421000000056,0.3098770442135157,-0.6393081165160883,2.2134762721305976,-0.0144048799999995,0.0187826399999999,0.0074490800000007,2.324696938884512,1.0,149.07,2168.62,325412.89327161736,13056.137082568639
103.1427884,103.7015959,0.0735260000000006,-0.5565690000000336,4.668421000000055,0.2533756197863458,-0.619528733037759,2.800348542892767,-0.0316048799999996,0.0255826399999999,0.0074490800000007,2.87923028211415,1.0,166.67,2542.03,289994.0001199976,9669.319402210043
103.2531612,103.8119687,-0.2264739999999996,-0.8365690000000339,6.213421000000055,0.1386641019295777,-0.671413776669483,3.616268168470945,-0.0372048799999996,0.0311826399999999,0.0050490800000007,3.680681955692684,1.0,178.4,2806.94,270269.05829596415,7812.992083906318
103.3648109,103.9236184,-0.0864739999999995,-0.6765690000000337,7.668421000000055,0.0848432123533128,-0.6726461700459775,4.584964574022483,-0.0440048799999995,0.0407826399999999,0.0066490800000007,4.634819455577651,1.0,187.19,3015.64,257108.2856990224,6580.228409226567
103.4756336,104.0344411,-0.1714739999999994,-0.916569000000034,8.408421000000056,0.0235687312044988,-0.7309576845500562,5.498989451813126,-0.0448048799999995,0.0431826399999999,0.0058490800000007,5.547408369035527,1.0,190.62,3112.41,252301.9620186759,6064.721550181371
103.5863354,104.1451429,-0.0914739999999993,-0.9215690000000338,8.818421000000056,-0.0039330647138392,-0.7765246964103089,6.292523541688422,-0.0480048799999996,0.0467826399999999,0.0038490800000007,6.34025698184515,1.0,191.59,3159.34,250973.954799311,5826.090259357966
103.6977833,104.2565908,0.0735260000000006,-0.8265690000000336,9.008421000000055,0.0145840842401319,-0.7884881486839989,6.941778447683726,-0.0500048799999996,0.0515826399999999,0.0062490800000007,6.986430724830421,1.0,194.04,3200.88,247678.82910740055,5620.704306315763
103.8081898,104.3669973,0.2135260000000003,-0.5315690000000337,8.888421000000056,0.0621425862814775,-0.7270697703071884,7.407137411602892,-0.0572048799999996,0.0551826399999999,0.0062490800000007,7.442995148882706,1.0,196.48,3218.47,244478.8273615635,5535.3320055802915
103.9198202,104.4786277,0.2685260000000005,-0.4965690000000335,9.068421000000056,0.1114800321643236,-0.671966896117435,7.804279253875119,-0.0580048799999996,0.0571826399999999,0.0066490800000007,7.833948045494982,1.0,195.01,3237.05,246397.10784062356,5446.162400951482
104.0306597,104.5894672,0.0585260000000005,-0.6915690000000339,9.358421000000057,0.0988209882561294,-0.6766529206485374,8.175808064801213,-0.0588048799999995,0.0563826399999999,0.0014490800000007,8.204356298650776,1.0,198.92,3262.95,241357.32957973055,5323.556904028564
104.1419662,104.7007737,0.1035260000000004,-0.7865690000000336,9.873421000000056,0.0999457553006749,-0.7029291534084782,8.581634699855439,-0.0604048799999996,0.0587826399999999,-0.0025509199999992,8.610955386626802,1.0,198.92,3288.37,241357.32957973055,5205.101615694099
104.2523348,104.8111423,-0.1164739999999993,-1.206569000000034,9.808421000000056,0.0482090494639912,-0.8233278968343685,8.874906826731639,-0.0544048799999995,0.0555826399999999,-0.0041509199999992,8.913145579497947,1.0,198.92,3306.45,241357.32957973055,5121.958596077365
104.3631202,104.9219277,-0.0214739999999995,-1.1965690000000335,9.678421000000055,0.0315508131264033,-0.9125538786945429,9.066992694125023,-0.0480048799999996,0.0559826399999999,-0.0021509199999992,9.112853919088462,1.0,197.95,3307.92,242589.0376357666,5115.23857892573
104.4827957,105.0416032,-0.1964739999999993,-1.0715690000000335,9.958421000000056,-0.0229601656139405,-0.9505675921059502,9.280095069975488,-0.0516048799999995,0.0551826399999999,0.0046490800000007,9.328679993662044,1.0,197.46,3309.87,243215.8411830244,5106.333481375403
104.5927881,105.1515956,0.3135260000000004,-0.6615690000000336,10.598421000000055,0.0574792829211344,-0.881480391049712,9.59525040662114,-0.0704048799999996,0.0727826399999999,0.0074490800000007,9.635825959072394,1.0,200.39,3346.53,239513.448774889,4940.849178103886
104.7044672,105.2632747,-0.2664739999999996,-1.1315690000000338,10.488421000000056,-0.0199640894735596,-0.941265879562035,9.808769288885014,-0.0580048799999996,0.0603826399999999,0.0042490800000007,9.853848739628086,1.0,203.81,3391.01,235326.5296109121,4744.869522649593
104.8144542,105.3732617,-0.2264739999999996,-1.0065690000000338,6.123421000000056,-0.069331775332102,-0.9568770622270572,8.927760158905775,-0.0216048799999995,0.0255826399999999,0.0054490800000007,8.979160431924148,1.0,199.41,3292.28,240739.68206208313,5187.043629338937
104.9244737,105.4832812,0.4435260000000003,-0.7565690000000338,1.123421000000055,0.0532705805459444,-0.908991973004228,7.0620765074616,0.0019951200000004,0.0063826399999999,0.0078490800000007,7.120535707303128,1.0,162.27,2344.09,298128.4279287607,11330.239026658533
105.0344437,105.5932512,0.2935260000000004,-0.5015690000000339,-0.0565789999999449,0.1107053740780524,-0.811594568242633,5.360310486006908,0.0003951200000004,-0.00121736,0.0086490800000007,5.42253353419288,1.0,74.29,576.25,663038.0939561178,76767.89587852496
105.1453279,105.7041354,0.2085260000000004,-0.4265690000000337,-0.0565789999999449,0.134090101322813,-0.7195514248794296,4.0653639248761815,0.0003951200000004,-0.00121736,0.0094490800000007,4.130728537437852,1.0,39.59,32.26,1252945.1881788329,1539907.0055796653
105.2552892,105.8140967,0.2935260000000004,-0.4065690000000337,-0.0465789999999449,0.1722044046044564,-0.6447307153488203,3.082374265609682,0.0003951200000004,-0.00161736,0.0082490800000007,3.1537855294189243,1.0,38.61,25.42,1285001.295001295,1956955.1534225019
105.36533,105.9241375,0.2535260000000003,-0.3565690000000339,-0.0365789999999449,0.1916449194193069,-0.575843575726646,2.336765957361555,-4.879999999594584e-06,-0.00121736,0.0094490800000007,2.4142905248392843,1.0,40.08,46.43,1237504.99001996,1066889.941847943
105.4760644,106.0348719,0.2785260000000007,-0.4615690000000338,0.1434210000000549,0.212414469327224,-0.5485254129241528,1.8124310014342115,-0.0004048799999995,-0.00121736,0.0086490800000007,1.9054936815332129,1.0,41.54,69.89,1193659.123736158,705409.9298898268
105.5861743,106.1449818,0.1885260000000004,-0.7265690000000335,1.0284210000000549,0.2067037581735488,-0.5910880185322007,1.6250077472083504,0.0043951200000004,-0.00321736,0.0082490800000007,1.741482606224521,1.0,56.21,384.16,879521.4374666429,120154.10245730945
105.6961905,106.254998,0.1035260000000004,-0.4715690000000336,2.658421000000055,0.1820383697662053,-0.5625161337932265,1.872052650263225,0.0051951200000004,-0.00521736,0.0054490800000007,1.963197263191446,1.0,152.0,2252.2,318947.3684210526,12200.515051949207
105.8061347,106.3649422,-0.0464739999999994,-0.5315690000000337,5.483421000000055,0.1274108370891974,-0.5551179979099172,2.735376341386825,0.0107951200000004,-0.00481736,0.0078490800000007,2.794042455302005,1.0,180.84,2871.46,266487.502764875,7412.744736127266
105.9162682,106.4750757,0.3885260000000006,-0.1165690000000336,8.708421000000055,0.1898323029773066,-0.4502796920523309,4.163275813977554,0.0183951200000004,0.0019826399999999,0.0114490800000007,4.191855628188891,1.0,197.95,3274.68,242589.0376357666,5268.667472852311
106.0265188,106.5853263,0.2285260000000004,-0.8765690000000339,9.763421000000056,0.1990823107587849,-0.5521872304652304,5.502030973964855,0.0363951200000004,0.0003826399999999,0.0142490800000007,5.533253052447048,1.0,204.79,3413.98,234152.54651106012,4645.662833408514
106.1386671,106.6974746,0.5085260000000007,-0.1515690000000338,10.823421000000057,0.2730570599726385,-0.4564165485623936,6.774147699338437,0.0263951200000004,0.0043826399999999,0.0138490800000007,6.794994722312501,1.0,206.74,3475.56,231849.66624746055,4386.17086167409
106.2486599,106.8074674,0.4885260000000007,-0.0865690000000336,11.448421000000057,0.3245664665499176,-0.3680018204438567,7.891566496992171,0.0299951200000004,0.0031826399999999,0.0106490800000007,7.9068065935311695,1.0,205.28,3509.29,233569.75837879968,4247.896298111584
106.3590768,106.9178843,0.3835260000000007,-0.6265690000000339,11.818421000000056,0.338661168921876,-0.4298141725054027,8.830309432004364,0.0395951200000004,0.0003826399999999,0.0114490800000007,8.847247949230725,1.0,207.72,3528.84,230708.64625457345,4168.9620385169055
106.4786771,107.0374846,0.2335260000000003,-0.8465690000000337,10.018421000000057,0.3135278473355716,-0.5294424244926205,9.114336084789157,0.0383951200000004,-0.00081736,0.0142490800000007,9.135082443984684,1.0,208.21,3538.61,230142.1641611834,4129.84194358802
106.5886523,107.1474598,0.4235260000000007,-0.5365690000000336,5.053421000000055,0.3398237003138347,-0.5311460838472746,8.14354499930071,0.0127951200000004,0.0019826399999999,0.0126490800000007,8.167920265607204,1.0,204.3,3432.06,234738.13020068526,4568.509874535993
106.6986882,107.2574957,0.4285260000000006,-0.3915690000000336,1.438421000000055,0.3610286258046927,-0.4977791737030769,6.540636672062501,-4.879999999594584e-06,0.0011826399999999,0.0086490800000007,6.569478963384522,1.0,186.22,2921.8,258499.62410052627,7112.73872270518
106.8094857,107.3682932,0.1885260000000004,-0.561569000000034,-0.0565789999999449,0.3197906270142695,-0.5130285924722355,4.9635246099383314,-4.879999999594584e-06,-0.00121736,0.0098490800000007,5.000204089363122,1.0,80.65,701.37,609962.802231866,61289.0485763577
106.9194735,107.478281,0.3385260000000003,-0.3565690000000339,-0.0665789999999449,0.324269453263549,-0.4756257966885712,3.7610420064723855,0.0003951200000004,-0.00081736,0.0078490800000007,3.804840016511248,1.0,39.1,38.12,1268772.378516624,1301647.429171039
107.0295215,107.588329,0.2485260000000004,-0.4315690000000336,-0.0465789999999449,0.3061624336196792,-0.4650937011910289,2.8508027001033764,-4.879999999594584e-06,-0.00161736,0.0086490800000007,2.9046727219368784,1.0,38.12,55.23,1301647.429171039,895305.0878145936
107.1403591,107.6991666,0.3035260000000006,-0.4215690000000338,0.4084210000000551,0.305532175118325,-0.4546888069658248,2.2669337118791235,-0.0036048799999995,-0.00521736,0.0074490800000007,2.3321835852407933,1.0,39.1,42.52,1268772.378516624,1165917.2154280338
107.2503563,107.8091638,0.5635260000000004,-0.6015690000000335,2.288421000000055,0.3672074626032404,-0.4898015781159847,2.272070403320236,0.0015951200000004,-0.01641736,0.0126490800000007,2.353093883413962,1.0,136.85,2014.66,355363.5367190355,14818.083448323787
107.3611451,107.9199526,0.2285260000000004,-0.6215690000000336,4.493421000000056,0.3340546571870403,-0.5213015321539236,2.8031003096284595,0.0027951200000004,-0.03921736,0.0114490800000007,2.8706652795569085,1.0,170.09,2605.57,283962.0201070022,9189.659076516846
107.4711663,108.0299738,0.2935260000000004,0.0134309999999662,6.938421000000055,0.3243659889232372,-0.3934698576429016,3.791678592608528,-0.0044048799999995,-0.05801736,0.0098490800000007,3.825814733267865,1.0,183.77,2953.08,262079.22947162212,6931.474934644508
107.5821113,108.1409188,0.2385260000000006,-0.3415690000000337,8.288421000000055,0.303845319496476,-0.381062582711784,4.866657347811988,0.0003951200000004,-0.07121736,0.0134490800000007,4.891000348715517,1.0,192.57,3177.91,249645.84307005248,5733.6110840143365
107.6920289,108.2508364,0.4285260000000006,-0.4715690000000336,9.063421000000057,0.3336511368155399,-0.4026987955476634,5.86992401465432,-0.0040048799999995,-0.07281736,0.0170490800000007,5.893173791671965,1.0,198.44,3295.7,241965.32957065108,5171.283794034651
107.8037529,108.3625604,0.6835260000000005,-0.0615690000000337,9.378421000000056,0.4172912502195864,-0.3211492537331653,6.70865556301754,-0.0100048799999995,-0.07281736,0.0126490800000007,6.729288840129348,1.0,202.35,3384.16,237096.61477637757,4774.715143492034
107.9137437,108.4725512,0.4035260000000007,-0.2365690000000337,9.843421000000056,0.4140005677197859,-0.3009297331034353,7.458043885053327,-0.0064048799999995,-0.07841736,0.0134490800000007,7.475585178815056,1.0,203.81,3416.42,235326.5296109121,4635.202931723852
108.0237336,108.5825411,0.4085260000000006,-0.8615690000000338,10.453421000000056,0.4126918327602253,-0.4349545996948678,8.174110421819485,0.0039951200000004,-0.08481736,0.0190490800000007,8.196071085631251,1.0,204.79,3452.1,234152.54651106012,4483.937313519308
108.1343885,108.693196,0.3885260000000006,-0.4765690000000335,8.168421000000055,0.4069148158743257,-0.4449028226940445,8.172750324435382,-0.0032048799999995,-0.06481736,0.0146490800000007,8.194959795787762,1.0,205.28,3436.95,233569.75837879968,4547.782190605043
108.2449209,108.8037284,0.3985260000000004,-0.6715690000000338,1.818421000000056,0.4049094088420282,-0.4990890097272623,6.653701998227892,0.0043951200000004,-0.01521736,0.0114490800000007,6.684668409892984,1.0,185.73,2910.56,259207.99009314599,7178.824693529768
108.3559121,108.9147196,0.2535260000000003,-0.4265690000000337,-0.0465789999999449,0.3687201114235313,-0.4817525775456509,5.051951425380095,-4.879999999594584e-06,-0.00121736,0.0086490800000007,5.0882465811849205,1.0,99.22,1054.74,493930.65914130217,37405.04768947797
108.4753776,109.0341851,0.3185260000000003,-0.4415690000000338,-0.0565789999999449,0.3567208465050164,-0.4721464030628509,3.830720325158014,0.0003951200000004,-0.00121736,0.0090490800000007,3.876156627103085,1.0,39.59,43.99,1252945.1881788329,1126621.9595362584
108.5853485,109.144156,0.2085260000000004,-0.456569000000034,-0.0465789999999449,0.3212937979461152,-0.4684225123355892,2.9038239133781576,0.0003951200000004,-0.00121736,0.0082490800000007,2.958858339726365,1.0,39.1,27.86,1268772.378516624,1784687.7243359657
108.6953673,109.2541748,0.3385260000000003,-0.4065690000000337,-0.0665789999999449,0.3254132803258154,-0.4536359834060818,2.1937276399008887,0.0003951200000004,-0.00121736,0.0090490800000007,2.263651997661817,1.0,36.66,47.9,1353884.3426077468,1033841.3361169102
108.8061898,109.3649973,0.2485260000000004,-0.4065690000000337,-0.0465789999999449,0.3070328205601493,-0.4423842810293016,1.6581661545296054,0.0007951200000004,-0.00161736,0.0098490800000007,1.7434127454594428,1.0,39.1,48.88,1268772.378516624,1012913.2569558101
108.9161864,109.4749939,0.3385260000000003,-0.4315690000000336,-0.0665789999999449,0.3145614925997133,-0.4397988099738754,1.2458533664517837,0.0003951200000004,-0.00121736,0.0094490800000007,1.3581320026345889,1.0,36.66,39.1,1353884.3426077468,1268772.378516624
109.0261925,109.585,0.2485260000000004,-0.4065690000000337,-0.0565789999999449,0.2987752310790618,-0.4318549838604181,0.9344975009871348,0.0003951200000004,-0.00161736,0.0090490800000007,1.071937939035012,1.0,40.08,49.85,1237504.99001996,993009.0270812437
109.1363774,109.6951849,0.1835260000000005,-0.4915690000000337,-0.0465789999999449,0.2712240698740347,-0.4461300507693984,0.6999640765114749,-4.879999999594584e-06,-0.00161736,0.0082490800000007,0.8732377835876681,1.0,39.1,43.5,1268772.378516624,1139425.2873563217
109.2470942,109.8059017,0.1835260000000005,-0.4465690000000337,0.0234210000000549,0.250259212773932,-0.4462349847537801,0.5382315669876213,0.0003951200000004,-0.00281736,0.0074490800000007,0.7425958220313287,1.0,38.12,35.68,1301647.429171039,1391345.2914798206
109.3570786,109.9158861,0.3085260000000005,-0.4965690000000335,0.1234210000000549,0.2641883091569106,-0.4582676946917275,0.4390681045191982,-4.879999999594584e-06,-0.00401736,0.0094490800000007,0.6874485748762154,1.0,41.06,83.09,1207730.1509985386,591757.1308220002
109.4678537,110.0266612,0.2835260000000006,-0.4315690000000336,0.2384210000000549,0.2688111238409015,-0.4518851788647018,0.3911019647873283,-0.0004048799999995,-0.00521736,0.0090490800000007,0.6553017488445309,1.0,42.03,114.86,1179626.45729241,425312.55441406934
109.5778615,110.136669,0.4035260000000007,-0.4115690000000336,0.288421000000055,0.3010156881145535,-0.4422473050787223,0.3665553384276158,-0.0004048799999995,-0.00641736,0.0086490800000007,0.6485028446123074,1.0,50.34,232.65,983245.9276916964,204915.1085321298
109.6878823,110.2466898,0.3285260000000005,-0.456569000000034,0.4284210000000549,0.3075922268945525,-0.4456710097040103,0.3813447717199615,0.0003951200000004,-0.00801736,0.0074490800000007,0.6623137186067427,1.0,61.09,428.64,808464.5604845309,106648.00298618888
109.797896,110.3567035,0.3285260000000005,-0.4315690000000336,0.4784210000000549,0.312596596572837,-0.4422998224168467,0.404551545331198,0.0003951200000004,-0.00841736,0.0078490800000007,0.6760234595994103,1.0,75.27,702.35,654275.2756742395,61189.577845803375
109.9079121,110.4667196,0.2935260000000004,-0.3065690000000336,0.4284210000000549,0.3080376327035352,-0.409852388851488,0.4102577108934361,-0.0004048799999995,-0.00801736,0.0074490800000007,0.6566411144273496,1.0,78.2,739.49,629386.189258312,57614.16652016931
110.0182437,110.5770512,0.3185260000000003,-0.3665690000000337,0.4684210000000549,0.3105449526696373,-0.3995051820841975,0.4241620653033301,-0.0008048799999995,-0.00761736,0.0070490800000007,0.6602696538408392,1.0,78.69,766.37,625404.7528275512,55242.63736837298
110.1290895,110.687897,0.3535260000000004,-0.3915690000000336,0.568421000000055,0.3208198825123135,-0.3976079804290884,0.4586482057129648,0.0031951200000004,-0.01001736,0.0094490800000007,0.6865680444936504,1.0,84.56,935.48,581296.1210974456,43448.49702826356
110.2399256,110.7987331,0.3635260000000007,-0.3615690000000338,0.6034210000000549,0.3310290883901118,-0.3889926018259586,0.4932571879695978,0.0007951200000004,-0.01041736,0.0086490800000007,0.7100691199590308,1.0,99.22,1187.68,493930.65914130217,32098.881853697963
110.3507556,110.9095631,0.3835260000000007,-0.3965690000000339,0.633421000000055,0.3435788543277076,-0.3908037945384222,0.5267643597242893,0.0011951200000004,-0.01041736,0.0086490800000007,0.7404422500387926,1.0,101.17,1248.78,484217.6534545814,30039.078140264897
110.4625044,111.0213119,0.3585260000000003,-0.4815690000000339,0.873421000000055,0.3471520774730304,-0.4125018725565287,0.6096351336948229,0.0031951200000004,-0.01321736,0.0098490800000007,0.8138349685234644,1.0,108.99,1368.52,448757.68419121025,26535.819717651186
110.5735894,111.1323969,0.4385260000000004,-0.4615690000000338,0.9934210000000552,0.368995673702746,-0.4242317238137248,0.7013819173547745,0.0035951200000004,-0.01521736,0.0082490800000007,0.8989254455701917,1.0,116.32,1565.49,419848.6932599725,21938.88175587196
110.6845727,111.2433802,0.3585260000000003,-0.4765690000000335,1.0734210000000548,0.3664928225752578,-0.4367433277501696,0.7903205475266226,0.0047951200000004,-0.01641736,0.0094490800000007,0.974509256588285,1.0,124.14,1659.34,392771.06492669566,20132.462304289656
110.7949862,111.3537937,0.2485260000000004,-0.4715690000000336,0.863421000000055,0.3382920014922421,-0.4450686562685979,0.8077957387396064,0.0043951200000004,-0.01321736,0.0106490800000007,0.9823754590747008,1.0,126.1,1719.94,386510.7057890563,19070.78153889089
110.9057853,111.4645928,0.2985260000000007,-0.4015690000000338,0.278421000000055,0.3287856515814084,-0.4346697492130156,0.6812448834468958,-4.879999999594584e-06,-0.00601736,0.0078490800000007,0.8724290153297813,1.0,103.13,1220.43,474824.97818287596,30969.16660521291
111.0170846,111.5758921,0.2485260000000004,-0.4315690000000336,0.083421000000055,0.3095990021063958,-0.4339284927150472,0.5383307656619344,-0.0004048799999995,-0.00361736,0.0090490800000007,0.7575919034370637,1.0,49.36,195.5,1002965.9643435981,245754.47570332483
111.1362446,111.6950521,0.3285260000000005,-0.4065690000000337,0.053421000000055,0.3141236376741263,-0.4273880083471992,0.4224095833810961,0.0003951200000004,-0.00321736,0.0090490800000007,0.6780590133290779,1.0,46.43,160.8,1066889.941847943,300945.27363184077
111.2470743,111.8058818,0.2435260000000005,-0.4065690000000337,0.208421000000055,0.2972467624182765,-0.422411074013398,0.3712540667536401,-0.0004048799999995,-0.00481736,0.0086490800000007,0.6360945961870892,1.0,47.9,206.26,1033841.3361169102,232412.48909143798
111.3579091,111.9167166,0.2285260000000004,-0.4865690000000338,0.268421000000055,0.2808185677501537,-0.4377484896723832,0.3466710793201555,0.0011951200000004,-0.00601736,0.0094490800000007,0.6250309155879427,1.0,47.9,216.03,1033841.3361169102,221449.33574040642
111.4687284,112.0275359,0.1685260000000004,-0.4665690000000337,0.4284210000000549,0.253974218271687,-0.4446382408543545,0.3662139883882862,0.0011951200000004,-0.00881736,0.0102490800000007,0.6295385246893357,1.0,70.87,633.92,695517.1440666008,68874.30590610803
111.5787641,112.1375716,0.3935260000000005,-0.4615690000000338,0.693421000000055,0.2873350797615824,-0.4486856611293419,0.4444351881301459,0.0023951200000004,-0.01121736,0.0102490800000007,0.693832045247946,1.0,97.26,1190.62,504085.9551717047,31994.927012816854
111.6895869,112.2483944,0.3735260000000004,-0.6215690000000336,0.8434210000000549,0.3079396418542289,-0.4900146721283152,0.5398156285758228,0.0043951200000004,-0.01361736,0.0114490800000007,0.7914177877588054,1.0,108.5,1381.23,450829.49308755755,26199.619180006226
111.8006494,112.3594569,0.2735260000000004,-0.5965690000000337,1.1334210000000549,0.2997128121782244,-0.5154872539130312,0.681721280588891,0.0063951200000004,-0.01921736,0.0126490800000007,0.9057034741781302,1.0,118.28,1529.33,412725.73554277985,22694.05556681684
111.9112361,112.4700436,0.3435260000000006,-0.7765690000000338,0.9834210000000552,0.3101866712164318,-0.5779007312680207,0.7538447778754475,0.0075951200000004,-0.01641736,0.0138490800000007,0.9992331936692888,1.0,123.17,1632.94,395943.0056020135,20619.618602030692
112.0212739,112.5800814,0.2885260000000005,-0.5015690000000339,0.4984210000000549,0.3050085312938878,-0.5596530795176986,0.692783878692403,0.0027951200000004,-0.01001736,0.0098490800000007,0.9413773293168836,1.0,108.02,1334.31,452877.24495463807,27472.551356131633
112.1313223,112.6901298,0.3135260000000004,-0.3965690000000339,0.083421000000055,0.307044693714962,-0.5206666522531009,0.5471112807407937,-0.0008048799999995,-0.00361736,0.0082490800000007,0.8152919478449411,1.0,74.78,648.58,658627.9753944905,67091.49218292268
112.2412657,112.8000732,0.2935260000000004,-0.456569000000034,-0.026578999999945,0.30381295232862,-0.5053436454655194,0.4099664750144764,-4.879999999594584e-06,-0.00161736,0.0082490800000007,0.7181552900667154,1.0,43.01,113.39,1152520.344106022,430955.99259193934
112.3512517,112.9100592,0.2685260000000005,-0.4665690000000337,0.0134210000000549,0.2953773514752575,-0.4960742863740516,0.3151694147221472,-4.879999999594584e-06,-0.00281736,0.0094490800000007,0.65777597808248,1.0,37.15,43.01,1335895.0201884252,1152520.344106022
112.4612708,113.0200783,0.2985260000000007,-0.3515690000000335,0.308421000000055,0.2961300586497085,-0.4615292538164114,0.3135561574349104,-0.0012048799999995,-0.00761736,0.0074490800000007,0.6316800832934022,1.0,41.06,98.24,1207730.1509985386,498957.654723127
112.5712864,113.1300939,0.2135260000000003,-0.6365690000000337,0.6084210000000551,0.2763829617299348,-0.5033737695605878,0.3840457280389365,0.0019951200000004,-0.01281736,0.0118490800000007,0.6908428291885232,1.0,60.61,488.27,814946.3784853985,92402.35935035945
112.6812884,113.2400959,0.1985260000000006,-0.6415690000000336,1.0534210000000552,0.2577706926200132,-0.536410337665681,0.5440647221076109,0.0035951200000004,-0.01961736,0.0130490800000007,0.8063424844136908,1.0,102.64,1282.01,477139.51675759937,29001.25584043806
112.7912962,113.3501037,0.2335260000000003,-0.5715690000000337,1.3084210000000551,0.2519748237149783,-0.544815269869197,0.7267896117499784,0.0027951200000004,-0.02281736,0.0118490800000007,0.9426230051385998,1.0,119.75,1603.62,407536.5344467641,21179.456479714645
112.9016592,113.4604667,0.2285260000000004,-0.5265690000000338,1.4934210000000552,0.2463692130207392,-0.5404533672530235,0.9100583829578494,0.0027951200000004,-0.02521736,0.0110490800000007,1.0867354285618214,1.0,129.03,1797.17,377506.78136867395,17821.51938881686
113.0134221,113.5722296,0.2185260000000006,-0.6215690000000336,1.6934210000000554,0.2397130918196005,-0.5598446452089479,1.0973268752683618,0.0047951200000004,-0.02961736,0.0126490800000007,1.2549958822024363,1.0,140.27,1983.38,346455.4074285306,15209.490869122405
113.1241674,113.6829749,0.2885260000000005,-0.6815690000000336,1.5534210000000552,0.2513821701255704,-0.5889437315111072,1.2063594704318674,0.0055951200000004,-0.02721736,0.0138490800000007,1.36577849091422,1.0,146.14,2045.94,332137.6762009033,14438.644339521195
113.2349735,113.793781,0.2185260000000006,-0.7265690000000335,1.0734210000000548,0.2435276653168712,-0.6218440460947454,1.1745795687793867,0.0051951200000004,-0.01801736,0.0146490800000007,1.351159836892786,1.0,134.9,1868.52,360644.92216456635,16759.146276197203
113.3458097,113.9046172,0.3385260000000003,-0.4765690000000335,0.278421000000055,0.266237703453859,-0.5871149969154288,0.9603463894120716,0.0003951200000004,-0.00601736,0.0106490800000007,1.1566554033073946,1.0,104.59,1245.85,468057.1756382063,30133.242364650643
113.4566412,114.0154487,0.2835260000000006,-0.4815690000000339,0.043421000000055,0.2703705956271379,-0.5618834639296122,0.7411487515610858,0.0003951200000004,-0.00281736,0.0090490800000007,0.9685632441703892,1.0,54.74,289.35,903408.8417975886,162801.10592707794
113.5762538,114.1350613,0.3535260000000004,-0.3965690000000339,0.073421000000055,0.2902494957247385,-0.5223638471599179,0.5815236091450984,-0.0004048799999995,-0.00321736,0.0082490800000007,0.8338335964575404,1.0,46.92,192.57,1055643.6487638534,249645.84307005248
113.6862952,114.2451027,0.2635260000000006,-0.4465690000000337,0.083421000000055,0.2838610510316106,-0.5042445414338795,0.4624485823296445,-0.0004048799999995,-0.00361736,0.0090490800000007,0.7407417533508773,1.0,47.9,227.76,1033841.3361169102,209529.3291183702
113.7962737,114.3550812,0.1785260000000006,-0.4165690000000339,0.4384210000000549,0.2586799461831037,-0.4832850699201405,0.4567046152078555,-0.0012048799999995,-0.01041736,0.0078490800000007,0.7134836220384908,1.0,52.3,236.56,946022.9445506693,201362.86777138992
113.9079815,114.466789,0.2085260000000004,-0.5915690000000338,0.7634210000000551,0.2466902830554511,-0.5091711256066936,0.5300273825921863,0.0023951200000004,-0.01441736,0.0114490800000007,0.7752679260765853,1.0,96.29,1187.19,509264.72115484474,32116.257717804223
114.0179557,114.5767632,0.1285260000000003,-0.7715690000000339,1.318421000000055,0.2184422576182676,-0.5718992329405117,0.7184985718820985,0.0059951200000004,-0.02361736,0.0146490800000007,0.9439417091896756,1.0,114.37,1494.13,427177.5815336189,23464.29025586796
114.1279882,114.6867957,0.1635260000000005,-0.581569000000034,1.5534210000000552,0.2053141295409553,-0.5742108606067232,0.9180928094782717,0.0047951200000004,-0.02681736,0.0130490800000007,1.1021644210568495,1.0,130.99,1816.23,371708.52736850135,17529.552975118793
114.2396201,114.7984276,0.2935260000000004,-0.6315690000000338,1.5084210000000553,0.2264018143824003,-0.5879227381615628,1.0592150277235306,0.0059951200000004,-0.02601736,0.0126490800000007,1.23241527195925,1.0,135.39,1923.75,359303.4936110496,15990.903183885639
114.3496244,114.9084319,0.2285260000000004,-0.6915690000000339,1.4484210000000552,0.2269096162985776,-0.6127001257542941,1.152257526868655,0.0055951200000004,-0.02561736,0.0130490800000007,1.3246081784035475,1.0,134.9,1887.1,360644.92216456635,16495.681203963755
114.4596889,115.0184964,0.3085260000000005,-0.7665690000000336,1.518421000000055,0.2464206023873844,-0.6494835916315828,1.2397915501430945,0.0059951200000004,-0.02641736,0.0130490800000007,1.4211386761628293,1.0,140.27,1978.01,346455.4074285306,15277.93084969237
114.5704871,115.1292946,0.2435260000000005,-0.7815690000000337,1.2234210000000552,0.2457286267771995,-0.6810595626356286,1.2358780518769197,0.0059951200000004,-0.02121736,0.0146490800000007,1.4323474595873489,1.0,137.34,1908.11,354059.99708751997,16203.940024422074
114.681323,115.2401305,0.2635260000000006,-0.5865690000000339,0.348421000000055,0.2499832174074055,-0.6584709110745515,1.0237250329815095,0.0015951200000004,-0.00681736,0.0110490800000007,1.2426135734288843,1.0,113.88,1451.12,429058.6582367404,24456.144219637248
114.7930083,115.3518158,0.3285260000000005,-0.5315690000000337,0.0334210000000549,0.2687594369486492,-0.6281340925421868,0.7869857003264957,-4.879999999594584e-06,-0.00321736,0.0086490800000007,1.0421758803969396,1.0,59.63,343.11,828504.1086701324,135725.8605112063
114.9030082,115.4618157,0.3335260000000004,-0.4065690000000337,0.043421000000055,0.2842423516945118,-0.5751673566700144,0.6092311874915434,-4.879999999594584e-06,-0.00281736,0.0090490800000007,0.884745072033721,1.0,49.85,221.41,993009.0270812437,215825.39180705478
115.0129761,115.5717836,0.3735260000000004,-0.4815690000000339,0.1034210000000549,0.305586252772255,-0.5527919933899659,0.4883136083958265,-4.879999999594584e-06,-0.00321736,0.0098490800000007,0.7983809403937404,1.0,49.85,225.81,993009.0270812437,211425.09189141315
115.1229564,115.6817639,0.3385260000000003,-0.4515690000000336,0.268421000000055,0.3134607372909577,-0.5285939056246056,0.435746691940221,-0.0004048799999995,-0.00721736,0.0082490800000007,0.7533553812267562,1.0,49.85,229.72,993009.0270812437,207656.27720703467
115.2329962,115.7918037,0.2035260000000005,-0.4715690000000336,1.0084210000000549,0.287180044215811,-0.5149616900093339,0.5726486220581768,0.0007951200000004,-0.01801736,0.0078490800000007,0.8219393921197554,1.0,79.67,870.97,617588.8038157399,47407.25857377407
115.3441986,115.9030061,0.1935260000000003,-0.686569000000034,1.3284210000000551,0.2647913684256667,-0.5559856570870094,0.75332146841061,0.0047951200000004,-0.02481736,0.0146490800000007,0.9729993599419932,1.0,121.7,1666.18,400846.34346754313,20008.76255866713
115.4563084,116.0151159,0.2285260000000004,-0.6665690000000339,1.7234210000000552,0.2561218701366082,-0.5824214040213858,0.985230769058412,0.0063951200000004,-0.03041736,0.0150490800000007,1.1728140400438365,1.0,135.87,1890.03,357998.8224037683,16454.60654063692
115.5663144,116.1251219,0.2135260000000003,-0.5715690000000337,2.028421000000056,0.2459390196844693,-0.5798270584465398,1.2346129293651138,0.0055951200000004,-0.03481736,0.0154490800000007,1.385985030390167,1.0,147.61,2129.52,328730.4383171872,13479.469551823886
115.6767216,116.2355291,0.2485260000000004,-0.6265690000000339,2.138421000000055,0.2465574560162356,-0.5910010572204911,1.4506747774080355,0.0055951200000004,-0.03641736,0.0134490800000007,1.5857270063162794,1.0,156.89,2297.65,308694.62680859206,11761.364872804823
115.7875357,116.3463432,0.2585260000000007,-0.6965690000000337,1.7634210000000552,0.2494186229116569,-0.6162378365236605,1.525439021075614,0.0047951200000004,-0.03001736,0.0158490800000007,1.6640080912178992,1.0,156.4,2280.55,309693.094629156,11924.535747955533
115.9071924,116.4659999,0.3435260000000006,-0.4465690000000337,0.538421000000055,0.2719156711996804,-0.5756772755310665,1.2894852333035751,0.0007951200000004,-0.01001736,0.0106490800000007,1.4380940945274825,1.0,134.41,1815.74,361996.1312402351,17536.982167050348
116.0171443,116.5759518,0.3785260000000003,-0.4765690000000335,-0.0465789999999449,0.2974016404109075,-0.5519847263457747,0.9700894271244928,0.0003951200000004,-0.00121736,0.0090490800000007,1.1550793784224724,1.0,60.12,377.32,821669.9933466401,122513.51637867063
116.1279781,116.6867856,0.3385260000000003,-0.4315690000000336,0.0034210000000549,0.3072327156370437,-0.5231984771264974,0.7390003567840137,0.0003951200000004,-0.00161736,0.0094490800000007,0.9561642721583452,1.0,39.59,34.7,1252945.1881788329,1430922.190201729
116.2388122,116.7976197,0.1785260000000006,-0.4665690000000337,0.318421000000055,0.2764644455368018,-0.50966079155012,0.6384578234432714,-0.0008048799999995,-0.00521736,0.0090490800000007,0.8624471603555697,1.0,42.03,125.12,1179626.45729241,389616.36828644504
116.3490779,116.9078854,0.2335260000000003,-0.4065690000000337,0.943421000000055,0.2661996999606153,-0.4850159540851045,0.7113614737344323,0.0007951200000004,-0.01161736,0.0090490800000007,0.9011869408118548,1.0,55.72,332.84,887343.8621679829,140222.32904698956
116.4599411,117.0187486,0.1835260000000005,-0.3565690000000339,1.773421000000055,0.2464359547824076,-0.454309781860278,0.9652544753927748,0.0023951200000004,-0.02201736,0.0074490800000007,1.0949174671952362,1.0,101.17,1243.89,484217.6534545814,30196.480396176506
116.5705225,117.12933,0.0885260000000003,-0.7165690000000338,2.353421000000055,0.208686439411636,-0.5170047424150779,1.2971057106746895,0.0071951200000004,-0.02761736,0.0102490800000007,1.4118523854634657,1.0,137.34,1940.37,354059.99708751997,15768.281307173378
116.6813232,117.2401307,0.1785260000000006,-0.6415690000000336,2.638421000000055,0.2014763685030121,-0.5467827279944639,1.6177568197273784,0.0087951200000004,-0.03041736,0.0102490800000007,1.719506093758516,1.0,153.47,2234.6,315796.57262005605,12375.369193591696
116.7913442,117.3501517,0.0985260000000005,-0.7565690000000338,2.6784210000000552,0.1768653392389849,-0.5969336517317521,1.871316253846671,0.0111951200000004,-0.03121736,0.0118490800000007,1.9721652199307904,1.0,159.34,2342.62,303794.40190786996,11343.62380582425
116.9021606,117.4609681,0.1935260000000003,-0.4815690000000339,3.003421000000055,0.1808481905440327,-0.5693548983859535,2.141954071298582,0.0087951200000004,-0.03321736,0.0094490800000007,2.2236992404306166,1.0,160.31,2373.41,301895.7020772254,11066.735203778531
117.0121811,117.5709886,0.1935260000000003,-0.6265690000000339,2.963421000000056,0.1838789124740417,-0.5830323426691955,2.338331674561956,0.0095951200000004,-0.03241736,0.0118490800000007,2.4169263926132887,1.0,164.22,2457.97,294469.6139325295,10341.989527943793
117.1221819,117.6809894,0.2285260000000004,-0.7115690000000339,2.113421000000056,0.1945521212603008,-0.6137599591029042,2.28456515314078,0.0087951200000004,-0.02361736,0.0118490800000007,2.3735605646854765,1.0,158.85,2351.42,304762.35442241107,11263.747012443544
117.2321592,117.7909667,0.3035260000000006,-0.3415690000000337,0.693421000000055,0.2206031141579012,-0.5486907441278416,1.9041906495265788,0.0011951200000004,-0.00841736,0.0090490800000007,1.9939080461275496,1.0,123.66,1638.32,394334.46546983666,20519.068313882515
117.3421681,117.9009756,0.2685260000000005,-0.5165690000000336,0.0034210000000549,0.2320594261947254,-0.5410118091591148,1.449797934387307,-4.879999999594584e-06,-0.00201736,0.0082490800000007,1.5647553819971818,1.0,58.16,330.4,849697.386519945,141331.7191283293
117.452189,118.0109965,0.2885260000000005,-0.4065690000000337,0.0134210000000549,0.2455581685554224,-0.5088722844671233,1.1064216523942587,0.0003951200000004,-0.00201736,0.0090490800000007,1.2423440300214446,1.0,39.1,31.28,1268772.378516624,1588465.4731457802
117.5625223,118.1213298,0.2935260000000004,-0.456569000000034,0.083421000000055,0.2570252251631887,-0.4963688064967008,0.8618659566809777,-0.0004048799999995,-0.00281736,0.0078490800000007,1.027256971608742,1.0,40.08,58.16,1237504.99001996,849697.386519945
117.673062,118.2318695,0.2635260000000006,-0.4215690000000338,0.288421000000055,0.2585792823469952,-0.4784873724289908,0.7247797974432848,-0.0008048799999995,-0.00521736,0.0090490800000007,0.9061562589393818,1.0,45.45,191.1,1090110.0110011,251643.11878597594
117.7833958,118.3422033,0.2535260000000003,-0.561569000000034,0.973421000000055,0.2573712586990017,-0.4983486356491816,0.784219273001729,0.0031951200000004,-0.01321736,0.0110490800000007,0.9641530975965744,1.0,61.09,497.07,808464.5604845309,90589.4542016215
117.8946852,118.4534927,0.0985260000000005,-0.7115690000000339,2.183421000000055,0.2193981521706969,-0.5493205039681557,1.118708553129229,0.0091951200000004,-0.02801736,0.0122490800000007,1.2654633112422649,1.0,120.72,1635.39,404181.577203446,20573.746934981868
118.0055248,118.5643323,0.0685260000000003,-0.6265690000000339,2.983421000000055,0.1833310743526009,-0.5677873149576378,1.5644815335104616,0.0111951200000004,-0.03921736,0.0106490800000007,1.6743939759045146,1.0,151.52,2192.08,319989.44033790915,12809.386518740192
118.1163601,118.6751676,0.0935260000000006,-0.8265690000000336,3.4584210000000555,0.1618625226117168,-0.6296509461051685,2.017241444056172,0.0139951200000004,-0.04481736,0.0126490800000007,2.1194156821575123,1.0,158.85,2375.86,304762.35442241107,11045.011069675824
118.2267857,118.7855932,0.0885260000000003,-0.8465690000000337,4.153421000000055,0.1443308971268974,-0.6815067738203086,2.5279105978340297,0.0171951200000004,-0.05321736,0.0114490800000007,2.622139371061352,1.0,169.11,2582.11,285665.5431376027,9364.008504672534
118.3380889,118.8968964,0.0385260000000005,-0.6965690000000337,4.823421000000055,0.1190374721753269,-0.68510750779223,3.076668941345294,0.0207951200000004,-0.06081736,0.0122490800000007,3.1542723394871826,1.0,174.98,2739.98,275746.9425077152,8248.308381813005
118.4484856,119.0072931,0.2485260000000004,-0.7765690000000338,4.428421000000055,0.1499926401265287,-0.7069720381867182,3.3998150354973333,0.0195951200000004,-0.05281736,0.0138490800000007,3.475780420346449,1.0,178.89,2807.43,269501.3695567108,7809.883060307828
118.5681092,119.1269167,0.3785260000000003,-1.0165690000000336,1.8084210000000551,0.2046251906403031,-0.7809834283161137,3.019380795700745,0.0127951200000004,-0.02321736,0.0166490800000007,3.125454682665457,1.0,166.67,2489.74,289994.0001199976,10082.418244475328
118.6789704,119.2377779,0.3185260000000003,-0.4865690000000338,0.3584210000000549,0.2318540018928426,-0.7106015324919436,2.383259134800874,0.0011951200000004,-0.00521736,0.0086490800000007,2.49772594969613,1.0,113.88,1389.05,429058.6582367404,25995.824484359815
118.7888969,119.3477044,0.2035260000000005,-0.456569000000034,0.0134210000000549,0.2250819884099014,-0.6498732205676357,1.816732209888658,-4.879999999594584e-06,-0.00241736,0.0094490800000007,1.9425532236632368,1.0,51.81,206.26,955064.6593321753,232412.48909143798
118.8988723,119.4576798,0.2435260000000005,-0.4315690000000336,0.063421000000055,0.2294911626128739,-0.5976860196962495,1.3975904999271918,-4.879999999594584e-06,-0.00321736,0.0082490800000007,1.5372553390196737,1.0,42.52,115.84,1165917.2154280338,421629.8342541436
119.0097235,119.568531,0.3785260000000003,-0.2815690000000337,0.178421000000055,0.2651190170599107,-0.5221159626315869,1.106139224163779,-0.0008048799999995,-0.00361736,0.0082490800000007,1.2515738711219442,1.0,42.52,170.09,1165917.2154280338,283962.0201070022
119.1205776,119.6793851,0.3235260000000006,-0.3365690000000338,0.4484210000000549,0.2790816282410454,-0.4777596208954917,0.9489069315770468,-0.0012048799999995,-0.00721736,0.0082490800000007,1.0984376065006347,1.0,47.9,208.21,1033841.3361169102,230142.1641611834
119.230578,119.7893855,0.3735260000000004,-0.3715690000000335,1.148421000000055,0.3016592375393969,-0.4523739858907283,0.996602210845524,0.0027951200000004,-0.01601736,0.0086490800000007,1.1352781533023977,1.0,77.22,782.5,637500.6475006475,53897.76357827477
119.3422167,119.9010242,0.2935260000000004,-0.6965690000000337,2.618421000000055,0.2997149283542626,-0.5107505679832718,1.3843097077804545,0.0127951200000004,-0.03401736,0.0114490800000007,1.505658841845935,1.0,125.61,1730.69,388057.47950003983,18890.211418567163
119.4522361,120.0110436,0.2935260000000004,-0.9315690000000336,3.3234210000000552,0.2982354203247672,-0.611350253985402,1.847868269570606,0.0151951200000004,-0.04121736,0.0146490800000007,1.9690887843543703,1.0,158.36,2395.41,305736.2970447082,10873.2534305192
119.563872,120.1226795,0.2135260000000003,-0.7515690000000339,3.638421000000055,0.2779850214882576,-0.6448705581058322,2.275912834035607,0.0147951200000004,-0.04561736,0.0130490800000007,2.381787760698157,1.0,169.11,2552.3,285665.5431376027,9590.173568937818
119.6738964,120.2327039,0.3935260000000005,-0.5115690000000337,3.133421000000056,0.3056059270245371,-0.6130038577220811,2.4809063554145614,0.0111951200000004,-0.03841736,0.0106490800000007,2.573725909367787,1.0,171.07,2622.68,282278.0148477232,9064.468406362957
119.7847696,120.3435771,0.4535260000000005,-0.4315690000000336,0.8234210000000549,0.3409672889863417,-0.5696305443688482,2.0846725081737945,0.0007951200000004,-0.00921736,0.0086490800000007,2.187829315913896,1.0,144.67,2013.69,335614.1563558444,14830.038387239349
119.8945703,120.4533778,0.3135260000000004,-0.4665690000000337,-0.006578999999945,0.3344072506289684,-0.5449929377110097,1.584743728758116,0.0003951200000004,-0.00161736,0.0078490800000007,1.7088762966541138,1.0,65.0,457.48,759230.7692307692,99294.39538340473
120.0055773,120.5643848,0.3185260000000003,-0.4915690000000337,-0.0665789999999449,0.3306107229461418,-0.5322215594874734,1.1899831019359883,-4.879999999594584e-06,-0.00121736,0.0090490800000007,1.344850557275211,1.0,40.57,43.5,1222437.7618930244,1139425.2873563217
120.1156357,120.6744432,0.2485260000000004,-0.4765690000000335,0.0034210000000549,0.3109877769777847,-0.5189174131295773,0.9063268602055216,0.0003951200000004,-0.00161736,0.0090490800000007,1.089686678182621,1.0,37.63,40.57,1318727.0794578793,1222437.7618930244
120.2256013,120.7844088,0.2885260000000005,-0.4315690000000336,0.1334210000000549,0.3056181269361131,-0.4980361440000291,0.721558131152372,-4.879999999594584e-06,-0.00361736,0.0082490800000007,0.9284872518642674,1.0,42.03,81.62,1179626.45729241,602594.9522175937
120.3357407,120.8945482,0.3935260000000005,-0.2715690000000339,0.903421000000055,0.3266331390042868,-0.4438975373163484,0.7650337636569738,0.0011951200000004,-0.01361736,0.0078490800000007,0.9428737405753048,1.0,68.91,607.04,715584.0951966333,72366.8950975224
120.4472316,121.0060391,0.3585260000000003,-0.1065690000000336,1.938421000000055,0.3342573578069236,-0.3632567137408558,1.045540458597369,0.0047951200000004,-0.02801736,0.0054490800000007,1.1562172252175926,1.0,112.9,1485.83,432869.79627989366,23651.225241111028
120.5581205,121.116928,0.4735260000000005,-0.2315690000000339,2.433421000000055,0.367550532745631,-0.3317758145103358,1.3773233275283945,0.0119951200000004,-0.03321736,0.0062490800000007,1.463621581478451,1.0,134.9,1879.28,360644.92216456635,16605.934187561197
120.6680982,121.2269057,0.4835260000000003,-0.5115690000000337,2.993421000000055,0.3952753059544128,-0.3747566742576245,1.763663150193165,0.0139951200000004,-0.03881736,0.0110490800000007,1.8458582935174808,1.0,149.07,2130.01,325412.89327161736,13474.068196862925
120.7789074,121.3377149,0.4135260000000005,-0.7215690000000337,3.258421000000056,0.3996382662019191,-0.4576646659635704,2.1209958117382826,0.0163951200000004,-0.04281736,0.0134490800000007,2.2063070782861933,1.0,161.29,2431.57,300000.62000124,10562.846226923344
120.8889257,121.4477332,0.2735260000000004,-0.936569000000034,3.438421000000055,0.3694902179804364,-0.572150206433453,2.4359358195589302,0.0187951200000004,-0.04681736,0.0182490800000007,2.529360037028203,1.0,166.67,2547.41,289994.0001199976,9627.778802784007
120.9993264,121.5581339,0.5235260000000004,-0.5715690000000337,1.788421000000055,0.4063135843667345,-0.5720112648371352,2.2811427245484097,0.0075951200000004,-0.02161736,0.0150490800000007,2.386608419012567,1.0,165.2,2408.11,292663.4382566586,10763.17111759845
121.1189028,121.6777103,0.1885260000000004,-0.4165690000000339,-0.0465789999999449,0.3542498891111445,-0.5348516685734204,1.7246840317395968,-4.879999999594584e-06,-0.00121736,0.0090490800000007,1.840134315926036,1.0,89.44,914.47,549033.9892665475,44676.47927214671
121.2289124,121.7877199,0.2935260000000004,-0.4765690000000335,-0.0565789999999449,0.3397334047733911,-0.5209187756396446,1.2988602368515847,0.0003951200000004,-0.00121736,0.0090490800000007,1.4400739814353227,1.0,37.63,37.63,1318727.0794578793,1318727.0794578793
121.3389536,121.8977611,0.3785260000000003,-0.5315690000000337,-0.0565789999999449,0.3490070548849175,-0.5234647887060702,0.974832696116868,0.0003951200000004,-0.00161736,0.0082490800000007,1.1602241571321537,1.0,38.12,46.92,1301647.429171039,1055643.6487638534
121.4489029,122.0077104,0.2735260000000004,-0.4165690000000339,-0.0665789999999449,0.3309627634689233,-0.4979105782423303,0.7258757074074849,0.0003951200000004,-0.00121736,0.0090490800000007,0.9403971699941014,1.0,38.12,28.84,1301647.429171039,1723703.1900138697
121.5606171,122.1194246,0.3785260000000003,-0.4815690000000339,0.063421000000055,0.3423330987399811,-0.4940040059183101,0.5675111242868338,-4.879999999594584e-06,-0.00241736,0.0082490800000007,0.8266200968676974,1.0,38.61,34.21,1285001.295001295,1451560.9470914935
121.6705973,122.2294048,0.2785260000000007,-0.5015690000000339,0.633421000000055,0.3270795508685483,-0.4958124724001183,0.5832673561833619,0.0023951200000004,-0.01321736,0.0118490800000007,0.8324733324095241,1.0,48.88,286.9,1012913.2569558101,164276.7514813524
121.7805638,122.3393713,0.4685260000000006,-0.2865690000000336,1.9284210000000552,0.3608933462875037,-0.4457913088294943,0.9048360516039812,0.0023951200000004,-0.03441736,0.0090490800000007,1.0713086290629736,1.0,124.14,1707.23,392771.06492669566,19287.207933318885
121.8914211,122.4502286,0.3285260000000005,-0.4765690000000335,2.873421000000055,0.3531556983483675,-0.4531489382298706,1.3754405038093365,0.0091951200000004,-0.05361736,0.0138490800000007,1.4906037323896864,1.0,152.98,2265.89,316840.1098182769,12066.384511163384
122.0014475,122.560255,0.3735260000000004,-0.6065690000000339,3.9684210000000553,0.3580253661053191,-0.4898251122428261,1.9953112221053544,0.0127951200000004,-0.07441736,0.0150490800000007,2.085516165465544,1.0,171.07,2632.45,282278.0148477232,8993.713080970201
122.1114301,122.6702376,0.5235260000000004,-0.1015690000000337,5.523421000000055,0.3975894881499905,-0.3970096840001844,2.838731350202583,0.0099951200000004,-0.10041736,0.0062490800000007,2.893801957442886,1.0,180.84,2843.11,266487.502764875,7586.375483185666
122.2221492,122.7809567,0.3035260000000006,-0.2565690000000338,7.003421000000055,0.375102931829717,-0.3634363240011224,3.834330495083336,0.0159951200000004,-0.12921736,0.0094490800000007,3.8697388176202177,1.0,188.66,3056.21,255027.03275734125,6360.132320750209
122.3323253,122.8911328,0.4885260000000007,-0.2665690000000336,5.418421000000055,0.4022175355999108,-0.3402794904668251,4.21301877313678,0.0127951200000004,-0.09921736,0.0098490800000007,4.245832811166658,1.0,191.1,3121.21,251643.11878597594,6019.428362718304
122.4426585,123.001466,0.4385260000000004,-0.686569000000034,1.858421000000055,0.4108973362929637,-0.423062499181341,3.6501351667708057,0.0099951200000004,-0.03601736,0.0158490800000007,3.6974728173284994,1.0,174.0,2664.71,277356.3218390804,8763.767914707416
122.5540503,123.1128578,0.3385260000000003,-0.456569000000034,-0.0465789999999449,0.3935964455697724,-0.431072470239967,2.766408941580292,0.0003951200000004,-0.00121736,0.0090490800000007,2.827323835116758,1.0,81.62,738.03,602594.9522175937,57747.923526143924
122.6664296,123.2252371,0.2935260000000004,-0.4515690000000336,-0.0665789999999449,0.3696738826863782,-0.4359723137380623,2.089162709743561,0.0003951200000004,-0.00121736,0.0106490800000007,2.165948167816949,1.0,38.61,30.79,1285001.295001295,1613903.8648911987
122.7780846,123.3368921,0.2735260000000004,-0.4665690000000337,-0.0465789999999449,0.3466890367953266,-0.4432866726075365,1.5785982262627345,0.0003951200000004,-0.00081736,0.0094490800000007,1.6759083275362598,1.0,38.61,40.08,1285001.295001295,1237504.99001996
122.8881159,123.4469234,0.2735260000000004,-0.2415690000000336,0.4784210000000549,0.3291988843481093,-0.3950646058407771,1.31559291307267,-0.0036048799999995,-0.00681736,0.0078490800000007,1.4125270479432253,1.0,41.54,87.98,1193659.123736158,558310.9797681292
122.9989815,123.557789,0.0785260000000005,-0.5165690000000336,1.3884210000000552,0.2692737205813672,-0.4241111089649877,1.3330029933344083,-0.0012048799999995,-0.02001736,0.0098490800000007,1.4245264299344316,1.0,80.16,854.84,613752.49500998,48490.477750222264
123.1089574,123.6677649,0.1085260000000003,-0.6315690000000338,2.723421000000055,0.2308458167974389,-0.4737054164119545,1.6653924616662057,-0.0020048799999995,-0.03441736,0.0102490800000007,1.7467737873134928,1.0,129.03,1798.14,377506.78136867395,17806.511172656188
123.2197809,123.7785884,0.0885260000000003,-0.5115690000000337,3.948421000000055,0.1968232365290615,-0.4827569795804719,2.211166925464263,-4.879999999594584e-06,-0.04841736,0.0102490800000007,2.2717950743934887,1.0,166.67,2563.54,289994.0001199976,9504.279238865007
123.3331247,123.8919322,0.1135260000000006,-0.5115690000000337,4.833421000000056,0.1769104304299814,-0.4896447011885868,2.838035704124604,0.0015951200000004,-0.05681736,0.0106490800000007,2.885393541907762,1.0,178.4,2790.32,270269.05829596415,7919.0917170790435
123.4431539,124.0019614,0.1935260000000003,-0.4865690000000338,5.458421000000056,0.1808825023601004,-0.4889094326017952,3.4644577377468613,-4.879999999594584e-06,-0.06121736,0.0098490800000007,3.503458053064309,1.0,183.28,2908.11,262806.63465735485,7193.297364955244
123.553444,124.1122515,0.2035260000000005,-0.2815690000000337,6.218421000000055,0.18629559403873,-0.4393432044417791,4.122812549146944,-0.0020048799999995,-0.06801736,0.0094490800000007,4.150338759071473,1.0,184.75,2986.8,260635.9945872801,6740.324092674432
123.6647945,124.223602,0.4335260000000005,0.0534309999999662,7.688421000000055,0.2453978084799747,-0.3215419712609697,4.975197005890696,-0.0060048799999995,-0.08161736,0.0086490800000007,4.991612421964761,1.0,189.64,3081.13,253657.4562328623,6227.81252332748
123.7748321,124.3336396,0.3685260000000006,0.2634309999999662,7.838421000000055,0.2748324920929572,-0.1816999568640354,5.659671384497985,-0.0100048799999995,-0.08201736,0.0054490800000007,5.669252856729867,1.0,191.59,3163.73,250973.954799311,5804.129935234677
123.8848155,124.443623,0.3785260000000003,0.1184309999999662,7.828421000000056,0.2996211741996679,-0.1099514835965079,6.178126646286658,-0.0128048799999995,-0.08281736,0.0038490800000007,6.186364928965239,1.0,193.06,3199.9,248986.8434683518,5625.488296509265
123.9956395,124.554447,0.4285260000000006,-0.0115690000000336,8.768421000000055,0.3304368039655148,-0.0864324402160107,6.797355222819824,-0.0108048799999995,-0.09081736,0.0098490800000007,6.805931021787731,1.0,196.97,3238.03,243845.76331421032,5441.487571146653
124.1068674,124.6656749,0.4335260000000005,0.8184309999999664,9.813421000000057,0.3550810209537769,0.1298817015488367,7.518367533739743,-0.0292048799999996,-0.09881736,-0.0005509199999992,7.527868367621117,1.0,198.92,3305.96,241357.32957973055,5124.1999298237115
124.2176859,124.7764934,0.1685260000000004,0.3434309999999663,10.773421000000056,0.3104836955939333,0.180932203940574,8.29651157808828,-0.0112048799999995,-0.11361736,0.0054490800000007,8.304290514728235,1.0,202.35,3378.3,237096.61477637757,4800.343367966136
124.3285176,124.8873251,0.2185260000000006,0.7384309999999663,11.483421000000057,0.288500544195611,0.3142063182928336,9.058365296389251,-0.0248048799999996,-0.12001736,0.0014490800000007,9.068403388540094,1.0,203.32,3382.21,235917.7650993508,4783.233447952671
124.4393333,124.9981408,0.3135260000000004,0.4834309999999662,11.933421000000056,0.2944830601798003,0.3546607008681431,9.745668130620524,-0.0212048799999995,-0.12401736,0.0094490800000007,9.756564548941686,1.0,204.3,3441.84,234738.13020068526,4527.11340445808
124.5501118,125.1089193,0.6535260000000005,0.6734309999999664,11.813421000000057,0.3803148685302367,0.4308650435481453,10.239979390687427,-0.0196048799999995,-0.11841736,0.0066490800000007,10.256093896151702,1.0,205.28,3441.35,233569.75837879968,4529.181861769364
124.6610018,125.2198093,0.6235260000000005,0.9984309999999664,12.298421000000056,0.4384562463706125,0.5665457853134624,10.73206472677442,-0.0244048799999995,-0.12241736,0.0034490800000007,10.755948647446845,1.0,204.79,3451.61,234152.54651106012,4485.993492891722
124.7722314,125.3310389,0.3135260000000004,0.5634309999999663,12.763421000000056,0.4085907685282547,0.5658011733842747,11.217675117615896,-0.0216048799999995,-0.13001736,0.0094490800000007,11.239364413894068,1.0,206.26,3466.76,232412.48909143798,4422.688619921771
124.8914965,125.450304,0.1935260000000003,0.3384309999999662,13.273421000000056,0.3571779820674149,0.5114466910031411,11.709116020707755,-0.0092048799999995,-0.13841736,0.0150490800000007,11.725721803582363,1.0,205.77,3478.98,232989.74583272586,4372.028583090446
125.0014667,125.5602742,0.2385260000000006,0.5984309999999662,10.603421000000056,0.3288133686584736,0.5322409184096163,11.444791638897213,-0.0180048799999996,-0.11161736,0.0054490800000007,11.461878305252135,1.0,205.28,3464.81,233569.75837879968,4430.805729607108
125.111511,125.6703185,0.0285260000000007,-0.6615690000000336,6.568421000000055,0.2570275040216199,0.2468520337957031,10.279060012665775,0.0011951200000004,-0.07401736,0.0186490800000007,10.285235719632157,1.0,199.9,3307.43,240125.06253126563,5117.477920923497
125.2223317,125.7811392,0.7135260000000005,-0.561569000000034,4.848421000000055,0.3661567670526665,0.0535931459480118,8.98082652786602,-0.0048048799999995,-0.04561736,0.0162490800000007,8.98844748146047,1.0,191.59,3111.44,250973.954799311,6069.729771424164
125.3323501,125.8911576,0.3985260000000004,-0.5415690000000339,3.113421000000056,0.3738948660114637,-0.0886846642605072,7.578180852576377,-0.0084048799999995,-0.03201736,0.0134490800000007,7.587917196099332,1.0,184.75,2925.71,260635.9945872801,7089.8687839874765
125.443989,126.0027965,0.2935260000000004,-0.4165690000000339,1.643421000000055,0.3546821080380239,-0.1670677832278332,6.159433639423304,-0.0060048799999995,-0.02041736,0.0090490800000007,6.171898719228497,1.0,165.2,2430.6,292663.4382566586,10571.052415041553
125.5540116,126.1128191,0.3135260000000004,-0.5165690000000336,0.388421000000055,0.3448434431158325,-0.2506185737579527,4.779831380420592,-0.0012048799999995,-0.00481736,0.0086490800000007,4.7988034649301765,1.0,128.54,1715.54,378983.973860277,19145.34199144293
125.6648513,126.2236588,0.3385260000000003,-0.3815690000000338,-0.0665789999999449,0.3433332127042431,-0.2819232190860208,3.6212619703992384,0.0003951200000004,-0.00081736,0.0090490800000007,3.6484101543912817,1.0,48.39,151.03,1023271.3370531101,321060.0542938489
125.7748429,126.3336504,0.2535260000000003,-0.4265690000000337,-0.0465789999999449,0.3218641497749523,-0.3165018378783246,2.744438091370077,-4.879999999594584e-06,-0.00081736,0.0094490800000007,2.7813145060661046,1.0,37.63,53.76,1318727.0794578793,920059.5238095238
125.8856878,126.4444953,0.1885260000000004,-0.3915690000000336,-0.0465789999999449,0.2899887018883662,-0.3344471852394738,2.077225294457181,0.0003951200000004,-0.00121736,0.0094490800000007,2.1238675313847213,1.0,38.12,55.72,1301647.429171039,887343.8621679829
125.9959614,126.5547689,0.1835260000000005,-0.4415690000000338,-0.076578999999945,0.2645380239568411,-0.3600554288642717,1.5623428196234832,0.0003951200000004,-0.00121736,0.0090490800000007,1.6249724194590751,1.0,40.08,74.78,1237504.99001996,658627.9753944905
126.1065289,126.6653364,0.3985260000000004,-0.6265690000000339,1.398421000000055,0.2965688175069342,-0.4237674232345567,1.5231561245350944,0.0047951200000004,-0.01841736,0.0126490800000007,1.6085821310151016,1.0,64.03,564.52,770883.9606434484,78570.82122865444
126.2173273,126.7761348,0.2335260000000003,0.1234309999999663,3.338421000000056,0.2814979765851313,-0.2929556874119652,1.957108305781749,-0.0048048799999995,-0.04521736,0.0018490800000007,1.998833926610325,1.0,141.25,2103.62,343982.30088495574,13768.55135433206
126.3273459,126.8861534,0.0335260000000006,-0.7215690000000337,5.008421000000055,0.2222184843294353,-0.3954187959218489,2.686546646829626,0.0107951200000004,-0.06881736,0.0130490800000007,2.7245678491345124,1.0,172.04,2699.41,280630.0860265055,8522.566042209226
126.4373515,126.996159,0.0285260000000007,-0.0365690000000338,6.583421000000056,0.1759148967913839,-0.3096331600155177,3.618122610458245,0.0015951200000004,-0.08841736,0.0046490800000007,3.635605859963853,1.0,183.77,2931.08,262079.22947162212,7058.558620030842
126.5473526,127.1061601,0.4135260000000005,0.1834309999999661,7.088421000000055,0.2327175474235085,-0.19176261086028,4.447722508562753,-0.0076048799999995,-0.08681736,0.0066490800000007,4.4579329143649655,1.0,190.62,3086.51,252301.9620186759,6199.526325850231
126.6573349,127.2161424,0.4885260000000007,0.4034309999999663,7.908421000000056,0.2938704058725911,-0.0494772787372091,5.275027481679452,-0.0112048799999995,-0.09441736,0.0062490800000007,5.283438534612891,1.0,192.57,3174.49,249645.84307005248,5750.561507517744
126.7765365,127.335344,0.2185260000000006,0.3634309999999663,9.608421000000057,0.2758587813900928,0.0492314279835682,6.310956504981727,-0.0092048799999995,-0.12161736,0.0006490800000007,6.317174511483952,1.0,197.95,3264.42,242589.0376357666,5316.656557673338
126.8865052,127.4453127,0.2535260000000003,0.2234309999999661,10.538421000000056,0.2705199686754729,0.0908750940239784,7.321562430073568,-0.0044048799999995,-0.13241736,0.0070490800000007,7.327121928399364,1.0,199.41,3343.6,240739.68206208313,4953.9418590740515
126.9965043,127.5553118,0.4935260000000006,0.4084309999999662,11.023421000000056,0.3238311713723526,0.1667891272477748,8.206518461999627,-0.0120048799999995,-0.13281736,0.0034490800000007,8.214598621214623,1.0,203.81,3397.85,235326.5296109121,4715.187545065262
127.1065188,127.6653263,0.3435260000000006,0.7684309999999663,11.928421000000055,0.3285393624235664,0.3106159629558487,9.096266149283585,-0.0088048799999995,-0.14561736,-0.0017509199999992,9.107495717688098,1.0,205.77,3416.42,232989.74583272586,4635.202931723852
127.2173991,127.7762066,0.1885260000000004,0.2684309999999663,11.973421000000055,0.2950681567341917,0.3005313428334957,9.784070799793886,-0.0032048799999995,-0.14801736,-0.0005509199999992,9.793131558420075,1.0,205.77,3454.55,232989.74583272586,4473.665166230043
127.3273923,127.8861998,0.3035260000000006,0.4784309999999663,12.258421000000055,0.2970900652630503,0.3430595409570054,10.375582088895722,-0.0088048799999995,-0.15001736,-0.0005509199999992,10.385502204464323,1.0,204.3,3467.25,234738.13020068526,4420.650371331747
127.4373858,127.9961933,0.2735260000000004,0.4884309999999663,12.548421000000056,0.2914569052442845,0.3778116383480505,10.895014926337597,-0.0024048799999995,-0.15441736,-0.0021509199999992,10.90545913782656,1.0,205.77,3488.27,232989.74583272586,4333.752834499623
127.5481906,128.1069981,0.2635260000000006,0.0284309999999663,12.608421000000057,0.2847798205836528,0.2942896729612276,11.304617025225031,0.0083951200000004,-0.15801736,0.0090490800000007,11.312032180153611,1.0,205.28,3488.27,233569.75837879968,4333.752834499623
127.6582085,128.217016,0.0985260000000005,0.1084309999999662,12.608421000000057,0.2402544993480416,0.2498588146191415,11.616300783567327,0.0083951200000004,-0.16041736,0.0018490800000007,11.621471315887968,1.0,205.28,3491.2,233569.75837879968,4321.72318973419
127.7682348,128.3270423,0.1035260000000004,0.2334309999999662,13.018421000000057,0.2075685639054431,0.2459316268662904,11.951487749676152,0.0059951200000004,-0.16801736,-0.0001509199999992,11.955819775509918,1.0,205.28,3496.58,233569.75837879968,4299.687122845752
127.8791555,128.437963,0.2035260000000005,-0.2015690000000336,12.038421000000056,0.2066021598019392,0.1389533694435843,11.972269771138038,0.0159951200000004,-0.15561736,0.0082490800000007,11.974858494538472,1.0,205.77,3496.58,232989.74583272586,4299.687122845752
127.9894332,128.5482407,0.8835260000000005,0.0384309999999663,7.608421000000055,0.3684256936355729,0.1149227708936251,10.929060199652875,-0.0008048799999995,-0.09041736,0.0038490800000007,10.935872236938271,1.0,203.81,3413.0,235326.5296109121,4649.86815118664
128.1002641,128.6590716,0.3035260000000006,-0.7515690000000339,1.3034210000000552,0.3529109530618687,-0.0922183461377215,8.627981617105666,0.0015951200000004,-0.01841736,0.0134490800000007,8.635688574124748,1.0,181.33,2792.28,265740.3628743175,7906.51367341384
128.2110586,128.7698661,0.3585260000000003,-0.4665690000000337,-0.0565789999999449,0.3542532705933422,-0.1817095741068916,6.551874667701673,0.0003951200000004,-0.00121736,0.0094490800000007,6.563960344968509,1.0,84.56,759.04,581296.1210974456,55872.68128161889
128.3218673,128.8806748,0.3385260000000003,-0.456569000000034,-0.0665789999999449,0.3504935529503238,-0.2474167053441339,4.969685509304948,0.0003951200000004,-0.00121736,0.0098490800000007,4.988169485707023,1.0,48.39,191.1,1023271.3370531101,251643.11878597594
128.4415754,129.0003829,0.3185260000000003,-0.4665690000000337,-0.0565789999999449,0.3428514784963918,-0.2998066444524848,3.7681206705775816,0.0003951200000004,-0.00121736,0.0078490800000007,3.7955453558611394,1.0,46.92,173.02,1055643.6487638534,278983.9324933534
128.5515369,129.1103444,0.2135260000000003,-0.4515690000000336,0.0134210000000549,0.3119352886649207,-0.3360865318183,2.8705325918373523,-4.879999999594584e-06,-0.00081736,0.0090490800000007,2.9069253760605185,1.0,45.45,172.04,1090110.0110011,280630.0860265055
128.6624227,129.2212302,0.2535260000000003,-0.5265690000000338,0.0034210000000549,0.2979721262836096,-0.3816227418083365,2.185128854910708,0.0003951200000004,-0.00121736,0.0098490800000007,2.2381267653264563,1.0,48.39,195.5,1023271.3370531101,245754.47570332483
128.7723893,129.3311968,0.2935260000000004,-0.4515690000000336,0.1134210000000549,0.2969092476784274,-0.3983439000936,1.689872126983312,-4.879999999594584e-06,-0.00161736,0.0086490800000007,1.7613917138597686,1.0,46.43,161.29,1066889.941847943,300000.62000124
128.8824808,129.4412883,0.4735260000000005,-0.4965690000000335,0.788421000000055,0.3391307581315593,-0.4218253197661145,1.4743737233459686,0.0011951200000004,-0.00041736,0.0094490800000007,1.5705808312849503,1.0,83.58,995.11,588229.2414453218,40245.701480238364
128.9923705,129.551178,0.3935260000000005,-0.4615690000000338,1.248421000000055,0.3521343336302607,-0.4313263336189062,1.4203580926356203,0.0027951200000004,-0.00241736,0.0074490800000007,1.5256009000750668,1.0,144.67,2029.33,335614.1563558444,14638.673848018807
129.102409,129.6612165,0.3335260000000004,-0.5165690000000336,2.138421000000055,0.3476858770565892,-0.4517042087771507,1.592016217647981,0.0011951200000004,-0.00601736,0.0078490800000007,1.6909872260267922,1.0,156.4,2300.59,309693.094629156,11733.555305378184
129.213209,129.7720165,0.4885260000000007,-0.5915690000000338,3.088421000000056,0.3813547258204292,-0.4851398974477816,1.949742590314824,0.0035951200000004,-0.00441736,0.0106490800000007,2.045064379301732,1.0,169.11,2588.47,285665.5431376027,9316.430169173298
129.3232174,129.8820249,0.3385260000000003,-0.4965690000000335,4.428421000000055,0.371116209535014,-0.4878721069722848,2.542288569157932,0.0023951200000004,-0.00801736,0.0094490800000007,2.615143897113942,1.0,179.37,2827.96,268753.41472933046,7680.589541577674
129.433291,129.9920985,0.6935260000000005,-0.1865690000000339,5.808421000000055,0.4481905989084774,-0.4158434227542243,3.3230811200198778,-0.0020048799999995,-0.00441736,0.0098490800000007,3.378856122333482,1.0,186.71,3013.2,257794.9761662471,6593.654586486128
129.5441313,130.1029388,1.0835260000000004,-0.4015690000000338,6.333421000000056,0.600072115955,-0.4124310188819623,4.042724613852472,0.0051951200000004,-0.00121736,0.0134490800000007,4.107774116614902,1.0,191.1,3109.48,251643.11878597594,6079.859011796185
129.6545003,130.2133078,0.5885260000000003,-0.4765690000000335,7.293421000000055,0.5973119335313106,-0.4277636665760431,4.81982706672621,0.0107951200000004,-0.01001736,0.0102490800000007,4.875499590147463,1.0,191.59,3155.43,250973.954799311,5845.700902888038
129.7657914,130.3245989,0.2985260000000007,-0.7765690000000338,8.328421000000056,0.5258849978073881,-0.5111481011649828,5.65858179119196,0.0223951200000004,-0.02001736,0.0074490800000007,5.705907053208337,1.0,193.06,3198.44,248986.8434683518,5632.620902690062
129.8765646,130.4353721,0.4835260000000003,-0.5965690000000337,8.488421000000056,0.5157587733966227,-0.5315685840788195,6.33507529571429,0.0167951200000004,-0.01441736,0.0102490800000007,6.378224774518741,1.0,197.46,3235.09,243215.8411830244,5455.520557387892
129.9869721,130.5457796,0.6185260000000006,-0.5465690000000338,9.003421000000055,0.5403260212665967,-0.5351545418619506,6.972962611414351,0.0147951200000004,-0.01281736,0.0102490800000007,7.014310384714645,1.0,199.9,3275.17,240125.06253126563,5266.383119044202
130.0977531,130.6565606,0.6585260000000006,-0.4165690000000339,7.293421000000055,0.5685825800134466,-0.5068058114640717,7.049570504072404,0.0079951200000004,-0.00761736,0.0082490800000007,7.090598181586386,1.0,199.41,3279.08,240739.68206208313,5248.179367383535
130.2174427,130.7762502,0.2235260000000005,-0.6465690000000339,2.668421000000055,0.4860943120068329,-0.5402172112784559,6.002225067405525,0.0135951200000004,-0.01201736,0.0058490800000007,6.046058887847366,1.0,187.19,2978.49,257108.2856990224,6787.029669396238
130.3282432,130.8870507,0.4685260000000006,-0.4215690000000338,0.6684210000000551,0.4818944801149532,-0.5118534993038619,4.727140675768177,0.0007951200000004,-0.00121736,0.0110490800000007,4.779129132301918,1.0,159.82,2300.59,302851.95845325995,11733.555305378184
130.4389839,130.9977914,0.2785260000000007,-0.4415690000000338,-0.0565789999999449,0.4332777758887471,-0.4950514820374214,3.583557931547228,-4.879999999594584e-06,-0.00081736,0.0094490800000007,3.643445217057832,1.0,79.67,723.85,617588.8038157399,59075.08461697866
130.549142,131.1079495,0.3785260000000003,-0.4815690000000339,-0.0665789999999449,0.4201889683570287,-0.4918283973141825,2.7109663308927234,0.0003951200000004,-0.00121736,0.0090490800000007,2.7870759567632053,1.0,39.59,33.72,1252945.1881788329,1472799.525504152
130.6594062,131.2182137,0.3385260000000003,-0.4015690000000338,-0.0465789999999449,0.40066684586979,-0.4702512363874881,2.051755200108905,-4.879999999594584e-06,-0.00081736,0.0090490800000007,2.1427481298270084,1.0,38.12,31.77,1301647.429171039,1563811.7721120554
130.7699155,131.328723,0.2535260000000003,-0.4515690000000336,-0.0665789999999449,0.3654917637764299,-0.4657851128258646,1.5453521075513157,-4.879999999594584e-06,-0.00121736,0.0098490800000007,1.6548876508790265,1.0,37.63,38.12,1318727.0794578793,1301647.429171039
130.8801383,131.4389458,0.3385260000000003,-0.4765690000000335,-0.0665789999999449,0.359045403155495,-0.4683630789534523,1.1600083323284096,0.0003951200000004,-0.00121736,0.0090490800000007,1.301497947107558,1.0,37.15,29.33,1335895.0201884252,1694739.1749062394
130.9907398,131.5495473,0.3335260000000004,-0.456569000000034,-0.0465789999999449,0.3529448054889406,-0.4655436191838029,0.8715649146181663,0.0003951200000004,-0.00161736,0.0090490800000007,1.049250350239518,1.0,39.59,32.26,1252945.1881788329,1539907.0055796653
131.1024335,131.661241,0.2735260000000004,-0.5165690000000336,-0.0565789999999449,0.3339591663462773,-0.4777416050554091,0.649685407278405,0.0003951200000004,-0.00121736,0.0090490800000007,0.8728441409656857,1.0,38.61,38.61,1285001.295001295,1285001.295001295
131.213265,131.7720725,0.2385260000000006,-0.5715690000000337,1.0934210000000548,0.3111451785591594,-0.5001717215894945,0.7557636060916857,0.0019951200000004,-0.01361736,0.0098490800000007,0.9582075461564256,1.0,45.94,201.86,1078376.14279495,237696.42326364806
131.3241079,131.8829154,0.3885260000000006,-0.3365690000000338,1.733421000000055,0.3296436228935213,-0.4610613091911656,0.9894796683218814,0.0015951200000004,-0.02001736,0.0070490800000007,1.1403124409431908,1.0,126.1,1770.28,386510.7057890563,18244.11957430463
131.4341516,131.9929591,0.0935260000000006,-0.3015690000000337,2.118421000000055,0.2731979995190408,-0.4229335205686761,1.2593612486922183,0.0039951200000004,-0.02561736,0.0082490800000007,1.3562819266175614,1.0,140.76,1987.29,345214.5495879511,15159.891107991283
131.5441086,132.1029161,0.2185260000000006,-0.5165690000000336,3.0734210000000552,0.2601282631047741,-0.4453177583129921,1.6930253363037655,0.0063951200000004,-0.03561736,0.0106490800000007,1.769833158379991,1.0,153.47,2239.0,315796.57262005605,12331.397945511391
131.6541292,132.2129367,0.0435260000000004,-0.3415690000000337,3.603421000000055,0.2083479274591551,-0.42051586819764,2.1497192196648984,0.0051951200000004,-0.04721736,0.0062490800000007,2.2003488763555654,1.0,169.11,2563.05,285665.5431376027,9508.008037299309
131.7641264,132.3229339,0.1085260000000003,-0.3215690000000337,4.138421000000055,0.184484774625302,-0.3968619046013475,2.6251327458614537,0.0071951200000004,-0.05041736,0.0110490800000007,2.661363548406428,1.0,173.51,2702.83,278167.8289435768,8499.128691038653
131.8741346,132.4329421,0.3135260000000004,-0.2965690000000338,4.953421000000056,0.2153330116946985,-0.3728861612795058,3.1817268716612044,0.0103951200000004,-0.05601736,0.0158490800000007,3.2107317360767262,1.0,181.33,2868.52,265740.3628743175,7430.591385104514
131.9841322,132.5429397,0.0135260000000005,-0.6065690000000339,5.218421000000055,0.1670895877737943,-0.4287497319094995,3.668613315326081,0.0191951200000004,-0.06441736,0.0146490800000007,3.697359722875596,1.0,185.24,2979.96,259920.1036493198,6778.748708036348
132.0953116,132.6541191,-0.0064739999999994,-0.5515690000000337,4.913421000000056,0.1255979583606812,-0.4581105651451194,3.9661935843534906,0.0139951200000004,-0.06041736,0.0126490800000007,3.9945377311534735,1.0,185.24,2964.81,259920.1036493198,6864.487100353817
132.2061661,132.7649736,0.0435260000000004,-0.4215690000000338,4.863421000000055,0.1059780638586848,-0.4493750400351461,4.180682279285351,0.0135951200000004,-0.05881736,0.0150490800000007,4.206099570499536,1.0,185.73,2998.53,259207.99009314599,6674.837336961777
132.3174594,132.8762669,-0.0014739999999995,-0.5665690000000339,4.963421000000055,0.0802908718013893,-0.4773911027282943,4.367801624671991,0.0183951200000004,-0.06241736,0.0150490800000007,4.39454661160239,1.0,186.22,2998.05,258499.62410052627,6677.5070462467265
132.4278191,132.9866266,-0.0864739999999995,-0.4915690000000337,5.493421000000056,0.0404245245527569,-0.4807804314867139,4.636889067380315,0.0199951200000004,-0.07121736,0.0126490800000007,4.661922799519202,1.0,186.71,3011.24,257794.9761662471,6604.455307448096
132.5386528,133.0974603,-0.0464739999999994,-0.5065690000000338,6.248421000000056,0.0196508045373097,-0.4869453750764021,5.022137416952357,0.0231951200000004,-0.07881736,0.0158490800000007,5.045727518126614,1.0,191.1,3061.09,251643.11878597594,6334.050942638079
132.6583134,133.2171209,-0.0014739999999995,-0.5765690000000336,6.468421000000055,0.0146007674153021,-0.5083705500205711,5.367881954869458,0.0263951200000004,-0.08081736,0.0174490800000007,5.391920852530245,1.0,191.1,3113.88,251643.11878597594,6057.137718858788
132.7683018,133.3271093,0.2185260000000006,-0.3015690000000337,4.713421000000055,0.063350567341164,-0.4589331456342745,5.211428336036779,0.0143951200000004,-0.05761736,0.0130490800000007,5.231980335225973,1.0,190.62,3091.89,252301.9620186759,6171.338566378495
132.8782912,133.4370987,0.2635260000000006,-0.1665690000000339,1.413421000000055,0.1112039505076537,-0.389041384695642,4.303487247030813,0.0007951200000004,-0.01921736,0.0062490800000007,4.322467119941025,1.0,171.55,2596.29,281460.2156805596,9258.249271075265
132.989127,133.5479345,0.2935260000000004,-0.4315690000000336,-0.086578999999945,0.1547893534623046,-0.3992079183370932,3.254010198548646,0.0003951200000004,-0.00121736,0.0086490800000007,3.282058664659563,1.0,73.8,591.4,667506.7750677507,74545.14710855598
133.0991186,133.6579261,0.2935260000000004,-0.456569000000034,-0.076578999999945,0.1879553509966636,-0.4129204992627417,2.4578087917558724,-4.879999999594584e-06,-0.00121736,0.0082490800000007,2.499330832345356,1.0,40.57,56.21,1222437.7618930244,879521.4374666429
133.2091362,133.7679437,0.2485260000000004,-0.4265690000000337,-0.0365789999999449,0.2024352021796988,-0.4161832719554472,1.861507371650331,0.0003951200000004,-0.00121736,0.0102490800000007,1.9181757535861,1.0,41.54,55.72,1193659.123736158,887343.8621679829
133.3199804,133.8787879,0.2735260000000004,-0.4165690000000339,-0.0565789999999449,0.2194299709308889,-0.4162754830308549,1.4029749689981172,-4.879999999594584e-06,-0.00121736,0.0082490800000007,1.479788347551963,1.0,38.61,35.19,1285001.295001295,1410858.1983518044
133.4308119,133.9896194,0.2335260000000003,-0.5115690000000337,-0.0565789999999449,0.2227997285040862,-0.4390560866256048,1.05405804945948,0.0003951200000004,-0.00081736,0.0102490800000007,1.1633779858046176,1.0,36.66,32.75,1353884.3426077468,1516717.5572519086
133.541667,134.1004745,0.2685260000000005,-0.4915690000000337,0.1334210000000549,0.233730924013968,-0.4516096779006043,0.833973112462574,0.0003951200000004,-0.00281736,0.0078490800000007,0.9767766368645516,1.0,38.61,25.42,1285001.295001295,1956955.1534225019
133.6516568,134.2104643,0.3135260000000004,-0.3415690000000337,0.4284210000000549,0.2528065133369928,-0.4253036589574559,0.7370229504278346,-0.0012048799999995,-0.00481736,0.0074490800000007,0.8876920439913594,1.0,43.99,191.59,1126621.9595362584,250973.954799311
133.7616528,134.3204603,0.1485260000000003,-0.5265690000000338,1.083421000000055,0.227877503341954,-0.449511870235084,0.8198319064227271,0.0043951200000004,-0.01121736,0.0106490800000007,0.9623478751471988,1.0,95.31,1199.9,514603.9240373518,31670.13917826485
133.8716765,134.430484,0.3785260000000003,-0.7515690000000339,2.278421000000056,0.2638911146941506,-0.5217208090485064,1.1685181655221537,0.0127951200000004,-0.02001736,0.0138490800000007,1.3066238273367008,1.0,139.3,1984.36,348937.5448671931,15197.040859521458
133.9824535,134.541261,0.1835260000000005,-0.8265690000000336,3.048421000000056,0.2446792535002125,-0.5945969712001195,1.6179225177903038,0.0163951200000004,-0.02601736,0.0146490800000007,1.7410016567558724,1.0,165.69,2519.06,291768.3626048645,9848.67371162259
134.0925123,134.6513198,0.4285260000000006,-0.2715690000000339,4.068421000000055,0.2886291462883099,-0.5173748012564336,2.2037318814095723,0.0127951200000004,-0.03161736,0.0106490800000007,2.2819767032560225,1.0,175.95,2760.02,274171.63967036095,8115.81075499453
134.2024864,134.7612939,0.5535260000000006,-0.4115690000000336,4.653421000000055,0.3519546526798333,-0.4920811601661743,2.789347760809127,0.0163951200000004,-0.03401736,0.0118490800000007,2.854203369850222,1.0,184.75,2938.42,260635.9945872801,7015.9473458525335
134.3128678,134.8716753,0.5635260000000004,-0.4265690000000337,5.163421000000056,0.4025323115657651,-0.4764200050441181,3.356887118018544,0.0203951200000004,-0.03801736,0.0098490800000007,3.414337330461002,1.0,184.26,2982.89,261355.69304244005,6762.267465444587
134.4241386,134.9829461,0.4585260000000004,-0.2815690000000337,5.893421000000055,0.4159180072625753,-0.429839464760527,3.963263865439485,0.0239951200000004,-0.04361736,0.0114490800000007,4.008142989132152,1.0,190.13,3090.91,252977.96244674697,6176.465830451228
134.5348488,135.0936563,0.7535260000000006,-0.5715690000000337,6.218421000000055,0.4966256366751616,-0.4637209339585166,4.50237546883337,0.0295951200000004,-0.04361736,0.0174490800000007,4.55335689244176,1.0,192.08,3124.14,250308.2049146189,6004.404412094209
134.6541687,135.2129762,0.7185260000000004,-0.3765690000000339,6.353421000000055,0.5496725214498005,-0.4428866345940997,4.944881274291049,0.0287951200000004,-0.04401736,0.0158490800000007,4.995011438302553,1.0,193.06,3167.64,248986.8434683518,5784.621989872587
134.7650146,135.3238221,0.3185260000000003,-0.6765690000000337,5.558421000000055,0.4944152757847428,-0.4987500920748207,5.091552377693907,0.0291951200000004,-0.04401736,0.0146490800000007,5.139757166839152,1.0,192.57,3153.47,249645.84307005248,5855.549600915817
134.875015,135.4338225,0.2585260000000007,-0.7315690000000339,3.723421000000055,0.4380242404361064,-0.5544071338074946,4.764490689007749,0.0175951200000004,-0.02961736,0.0154490800000007,4.81659672703329,1.0,188.66,3015.15,255027.03275734125,6582.922905991409
134.9850722,135.5438797,0.4485260000000006,-0.3965690000000339,1.838421000000055,0.440534761920478,-0.5166747877595907,4.06499259306218,0.0063951200000004,-0.01161736,0.0130490800000007,4.121309075332392,1.0,178.4,2777.13,270269.05829596415,8004.198579108648
135.0951051,135.6539126,0.3635260000000007,-0.3365690000000338,0.548421000000055,0.4221252611020721,-0.4736191981815751,3.2243307513965336,-0.0016048799999995,-0.00361736,0.0070490800000007,3.286154846526254,1.0,159.34,2324.54,303794.40190786996,11509.632013215518
135.2049833,135.7637908,0.2735260000000004,-0.3665690000000337,-0.0465789999999449,0.3866015343124111,-0.4480280750173219,2.442396147546565,0.0003951200000004,-0.00081736,0.0090490800000007,2.5130636370547283,1.0,64.03,420.33,770883.9606434484,108954.15506863655
135.3149939,135.8738014,0.3135260000000004,-0.3665690000000337,-0.086578999999945,0.3691322999658186,-0.4285546947057941,1.8378263701936657,0.0003951200000004,-0.00121736,0.0090490800000007,1.922894575428319,1.0,38.12,42.03,1301647.429171039,1179626.45729241
135.4258206,135.9846281,0.2485260000000004,-0.4765690000000335,-0.0465789999999449,0.3403004927460322,-0.440032861223031,1.38734565423811,0.0003951200000004,-0.00121736,0.0090490800000007,1.494711112105844,1.0,38.12,27.37,1301647.429171039,1816817.6835951773
135.5360091,136.0948166,0.2685260000000005,-0.4415690000000338,-0.076578999999945,0.3231422817841004,-0.4404000862941419,1.0373838908207236,0.0007951200000004,-0.00121736,0.0090490800000007,1.1724071422585525,1.0,39.1,39.59,1268772.378516624,1252945.1881788329
135.6475156,136.2063231,0.2435260000000005,-0.4815690000000339,0.1434210000000549,0.3041094345065873,-0.4502418125037405,0.8236756041301497,-0.0012048799999995,-0.00441736,0.0102490800000007,0.986732860870528,1.0,39.1,61.58,1268772.378516624,801951.9324455993
135.7575116,136.3163191,0.2935260000000004,-0.6165690000000337,0.7184210000000549,0.3015793880371771,-0.4900035281575787,0.7985137306945672,0.0015951200000004,-0.01081736,0.0118490800000007,0.9842142871364492,1.0,67.94,599.22,725943.4795407713,73441.80768332166
135.8675306,136.4263381,0.2385260000000006,-0.5465690000000338,1.4484210000000552,0.2865060201537623,-0.5035259128084646,0.953878758099141,0.0007951200000004,-0.02041736,0.0098490800000007,1.1160236241257195,1.0,114.86,1522.97,425312.55441406934,22830.587601856896
135.9775345,136.536342,0.1035260000000004,-0.5115690000000337,2.288421000000055,0.2427633245595762,-0.5054486709017397,1.272910721239157,0.0003951200000004,-0.03201736,0.0102490800000007,1.390940004066726,1.0,144.18,2065.98,336788.7363018449,14201.589560402326
136.087886,136.6466935,0.1085260000000003,-0.456569000000034,3.128421000000055,0.2106729224454371,-0.4937636324849738,1.7164838568608314,0.0007951200000004,-0.04201736,0.0106490800000007,1.7984722505171695,1.0,159.34,2391.01,303794.40190786996,10911.664944939585
136.1992081,136.7580156,0.0485260000000007,-0.5515690000000337,4.138421000000055,0.1719105293486135,-0.5075824231529195,2.2954654260592964,0.0023951200000004,-0.05441736,0.0114490800000007,2.3571921153415345,1.0,172.04,2659.82,280630.0860265055,8798.264544217276
136.3095754,136.8683829,-0.0964739999999992,-0.6465690000000339,5.263421000000055,0.1077512689024729,-0.5408081683331442,3.0049766453654407,0.0043951200000004,-0.07121736,0.0118490800000007,3.055154406912633,1.0,180.35,2860.22,267238.7025228722,7481.1727769192585
136.4212185,136.980026,-0.0514739999999993,-0.6815690000000336,6.473421000000055,0.0696873181899826,-0.5744580619445622,3.8341333230325567,0.0067951200000004,-0.08481736,0.0154490800000007,3.877555509085368,1.0,188.66,3035.68,255027.03275734125,6470.774258156329
136.531769,137.0905765,0.1635260000000005,-0.4615690000000338,7.333421000000055,0.0921201329307722,-0.5474711162200883,4.670663319703502,0.0011951200000004,-0.09321736,0.0102490800000007,4.703541919448597,1.0,192.08,3148.58,250308.2049146189,5880.174554878708
136.6508887,137.2096962,0.1435260000000005,-0.4415690000000338,8.308421000000056,0.104409076789642,-0.5221544503420256,5.540295570923654,0.0079951200000004,-0.10561736,0.0106490800000007,5.5658262224511015,1.0,195.01,3216.52,246397.10784062356,5544.750226953354
136.7608279,137.3196354,0.1985260000000006,-0.2065690000000335,8.703421000000056,0.1269084071470907,-0.4467114687713402,6.296463553931026,0.0111951200000004,-0.10961736,0.0114490800000007,6.313565566786979,1.0,196.97,3267.84,243845.76331421032,5300.626713670191
136.8708825,137.42969,0.1535260000000007,-0.4765690000000335,8.618421000000055,0.133271534993707,-0.453849127290741,6.851544254330452,0.0147951200000004,-0.11001736,0.0138490800000007,6.867852575691384,1.0,197.46,3280.55,243215.8411830244,5241.346725396656
136.9825296,137.5413371,0.2535260000000003,-0.1615690000000336,8.003421000000055,0.1620192335249002,-0.383977451544046,7.126908711091943,0.0039951200000004,-0.10041736,0.0102490800000007,7.1390837431399055,1.0,199.41,3277.13,240739.68206208313,5257.252534992509
137.0925276,137.6513351,0.1185260000000005,-0.3165690000000338,7.418421000000055,0.1516218618725864,-0.3678629742700388,7.1965968295267135,0.0015951200000004,-0.09321736,0.0090490800000007,7.207587549491887,1.0,198.44,3242.91,241965.32957065108,5418.250891945815
137.2035425,137.76235,0.0735260000000006,-0.2665690000000336,7.733421000000055,0.1329524819578422,-0.3436479180125589,7.324928525287181,-0.0008048799999995,-0.09681736,0.0098490800000007,7.334190354400338,1.0,197.95,3274.19,242589.0376357666,5270.952510391882
137.3133835,137.872191,0.2135260000000003,-0.5115690000000337,6.788421000000056,0.1522141634775462,-0.3837906656581873,7.1966725258458,-4.879999999594584e-06,-0.08281736,0.0098490800000007,7.208506077605352,1.0,199.41,3273.22,240739.68206208313,5275.477969705673
137.4241844,137.9829919,0.2685260000000005,-0.4765690000000335,1.518421000000055,0.1800193481896644,-0.4059699966771732,5.839245481113962,0.0007951200000004,-0.01881736,0.0130490800000007,5.8561084683119145,1.0,186.22,2947.21,258499.62410052627,6965.197593656374
137.5342176,138.0930251,0.3185260000000003,-0.4415690000000338,-0.0565789999999449,0.2131303638230556,-0.4144801955748439,4.429806049762945,0.0003951200000004,-0.00121736,0.0090490800000007,4.454256393947647,1.0,66.47,455.03,742219.0461862495,99882.8648660528
137.6450654,138.2038729,0.3135260000000004,-0.4165690000000339,-0.086578999999945,0.2371306658701448,-0.4149795393613955,3.3501315790098083,0.0003951200000004,-0.00121736,0.0090490800000007,3.384053865922256,1.0,40.57,49.85,1222437.7618930244,993009.0270812437
137.7550419,138.3138494,0.2535260000000003,-0.3565690000000339,-0.0565789999999449,0.2410500889273976,-0.4010160779920655,2.5357328063465765,0.0003951200000004,-0.00121736,0.0094490800000007,2.578538327301405,1.0,37.63,32.26,1318727.0794578793,1539907.0055796653
137.8658818,138.4246893,0.3185260000000003,-0.4415690000000338,-0.0365789999999449,0.2595712651251226,-0.4107105469365912,1.9208030876603823,0.0003951200000004,-0.00081736,0.0102490800000007,1.981298790341646,1.0,41.06,37.63,1207730.1509985386,1318727.0794578793
137.9767461,138.5355536,0.2935260000000004,-0.5015690000000339,-0.0365789999999449,0.2676883897727479,-0.4324309164674998,1.4528767602390118,0.0003951200000004,-0.00121736,0.0094490800000007,1.5393194769048613,1.0,38.12,44.97,1301647.429171039,1101852.34600845
138.0866883,138.6454958,0.2535260000000003,-0.4315690000000336,-0.096578999999945,0.2643027681939824,-0.432224869109803,1.0824681680886985,-4.879999999594584e-06,-0.00121736,0.0094490800000007,1.195161757117961,1.0,37.63,38.61,1318727.0794578793,1285001.295001295
138.1975423,138.7563498,0.3385260000000003,-0.4515690000000336,-0.016578999999945,0.2820463679169416,-0.4368492233335833,0.819733003468238,-4.879999999594584e-06,-0.00081736,0.0098490800000007,0.9707469261127496,1.0,36.17,51.81,1372361.0727121923,955064.6593321753
138.3075706,138.8663781,0.3385260000000003,-0.4315690000000336,-0.0465789999999449,0.2955482319532707,-0.4355869478034205,0.6126348611385212,-4.879999999594584e-06,-0.00121736,0.0086490800000007,0.8077166703675362,1.0,38.12,31.28,1301647.429171039,1588465.4731457802
138.4175607,138.9763682,0.2935260000000004,-0.4315690000000336,-0.076578999999945,0.295064802797025,-0.4346264283569302,0.447873309020757,0.0003951200000004,-0.00121736,0.0086490800000007,0.69032881368892,1.0,39.1,42.52,1268772.378516624,1165917.2154280338
138.527532,139.0863395,0.3385260000000003,-0.456569000000034,-0.076578999999945,0.3054545159351649,-0.4398719586128092,0.3224991961100533,-4.879999999594584e-06,-0.00121736,0.0082490800000007,0.6251364113301076,1.0,38.12,42.03,1301647.429171039,1179626.45729241
138.6375367,139.1963442,0.3185260000000003,-0.4665690000000337,-0.0465789999999449,0.3085793486241758,-0.4462540792054587,0.2342683872527559,-4.879999999594584e-06,-0.00121736,0.0094490800000007,0.5909700456629251,1.0,38.12,34.7,1301647.429171039,1430922.190201729
138.7475744,139.3063819,0.3185260000000003,-0.4165690000000339,-0.0565789999999449,0.3109571674863038,-0.4391576465879465,0.1647392183617026,0.0003951200000004,-0.00121736,0.0090490800000007,0.5627546611394647,1.0,39.1,43.99,1268772.378516624,1126621.9595362584
138.8595647,139.4183722,0.3635260000000007,-0.4415690000000338,-0.0465789999999449,0.3235241266354834,-0.4397340980397842,0.1142220717818099,-4.879999999594584e-06,-0.00081736,0.0098490800000007,0.5577460167282631,1.0,38.12,20.04,1301647.429171039,2485009.98003992
