time,world_time,Fx,Fy,Fz,LPF_Fx,LPF_Fy,LPF_Fz,Mx,My,Mz,force_magnitude,touch_count,Volt_FSR1,Volt_FSR2,Ohm_FSR1,Ohm_FSR2
2.0324217,2.61678,0.4285260000000006,-0.4065690000000337,-0.0565789999999449,0.1024422358049939,-0.0971932563461819,-0.0135256186546559,-0.0004048799999995,-0.00121736,0.0066490800000007,0.1418586730372584,,134.41,69.4,361996.1312402351,710461.0951008645
2.1512747,2.735633,0.3585260000000003,-0.4165690000000339,-0.0665789999999449,0.1636609094852263,-0.1735423349126706,-0.0262084127022198,-4.879999999594584e-06,-0.00121736,0.0082490800000007,0.2399764909253464,1.0,142.23,69.89,341543.27497714973,705409.9298898268
2.1602816,2.7446399,0.4035260000000007,-0.4165690000000339,-0.076578999999945,0.2210023920648147,-0.2316396147318203,-0.0382498654532538,-4.879999999594584e-06,-0.00121736,0.0074490800000007,0.3224314200239614,1.0,205.77,68.91,232989.74583272586,715584.0951966333
2.2697251,2.8540834,0.3585260000000003,-0.3965690000000339,-0.076578999999945,0.253878403958725,-0.271067175665857,-0.0474127219413863,0.0003951200000004,-0.00161736,0.0086490800000007,0.3744056942969556,1.0,207.23,69.89,231277.80726728754,705409.9298898268
2.3805317,2.96489,0.4685260000000006,-0.5065690000000338,-0.0465789999999449,0.3051914623230609,-0.3273655879464373,-0.047213414688802,-4.879999999594584e-06,-0.00161736,0.0078490800000007,0.4500435127551354,1.0,184.26,71.36,261355.69304244005,690672.6457399103
2.4996957,3.084054,0.4035260000000007,-0.3915690000000336,-0.0565789999999449,0.3286990438851507,-0.342713877378303,-0.0494523255107729,-4.879999999594584e-06,-0.00121736,0.0078490800000007,0.4774320849053887,1.0,201.86,70.87,237696.42326364806,695517.1440666008
2.6096978,3.1940561,0.4285260000000006,-0.4065690000000337,-0.0565789999999449,0.3525633988554728,-0.357978905705574,-0.0511560085277315,-0.0004048799999995,-0.00121736,0.0082490800000007,0.50504136895028,1.0,208.7,70.38,229578.34211787255,700429.0991759022
2.7197461,3.3041044,0.4435260000000003,-0.3465690000000336,-0.0665789999999449,0.3743086657374899,-0.3552512853259478,-0.0548429860488501,-4.879999999594584e-06,-0.00121736,0.0090490800000007,0.5189587710894501,1.0,202.35,70.38,237096.61477637757,700429.0991759022
2.8305447,3.414903,0.4685260000000006,-0.456569000000034,-0.0565789999999449,0.3968320000822858,-0.3794720168985147,-0.0552579927241483,-4.879999999594584e-06,-0.00161736,0.0090490800000007,0.5518406415426794,1.0,203.81,70.38,235326.5296109121,700429.0991759022
2.9405496,3.5249079,0.4035260000000007,-0.4165690000000339,-0.0565789999999449,0.3984322491174649,-0.3883403186830965,-0.0555737890558697,-4.879999999594584e-06,-0.00121736,0.0082490800000007,0.5591465874721198,1.0,196.48,70.38,244478.8273615635,700429.0991759022
3.0505506,3.6349089,0.4435260000000003,-0.4165690000000339,-0.0365789999999449,0.4092122360056358,-0.3950885888649145,-0.0510329475210897,-4.879999999594584e-06,-0.00161736,0.0082490800000007,0.5710989484149764,1.0,191.59,69.89,250973.954799311,705409.9298898268
3.1605408,3.7448991,0.4235260000000007,-0.456569000000034,-0.0365789999999449,0.4126340446855473,-0.4097859252573197,-0.0475776269564702,-4.879999999594584e-06,-0.00161736,0.0070490800000007,0.5834852097177451,1.0,195.99,70.38,245115.05689065767,700429.0991759022
3.2722037,3.856562,0.3385260000000003,-0.3565690000000339,-0.026578999999945,0.3949179812758036,-0.3970640348562154,-0.0425577534966067,-4.879999999594584e-06,-0.00121736,0.0070490800000007,0.561632639804643,1.0,200.39,69.89,239513.448774889,705409.9298898268
3.3822105,3.9665688,0.3835260000000007,-0.3815690000000338,-0.0465789999999449,0.3921946458605852,-0.3933598348437458,-0.043519061521149,-4.879999999594584e-06,-0.00121736,0.0074490800000007,0.5571736790496213,1.0,208.7,70.38,229578.34211787255,700429.0991759022
3.493069,4.0774273,0.4035260000000007,-0.4665690000000337,-0.0365789999999449,0.3949034879209033,-0.4108610146088643,-0.0418599896822026,-4.879999999594584e-06,-0.00121736,0.0078490800000007,0.5714086075950506,1.0,203.32,68.91,235917.7650993508,715584.0951966333
3.603103500000001,4.1874618,0.4035260000000007,-0.3915690000000336,-0.0465789999999449,0.3969647617190819,-0.4062491191586204,-0.0429881031869522,-4.879999999594584e-06,-0.00161736,0.0078490800000007,0.569620352409791,1.0,207.72,70.38,230708.64625457345,700429.0991759022
3.7130861,4.2974444,0.4885260000000007,-0.3965690000000339,-0.0665789999999449,0.418853137132875,-0.4039350167483481,-0.0486276774815525,-4.879999999594584e-06,-0.00161736,0.0078490800000007,0.5839230251144316,1.0,198.44,70.38,241965.32957065108,700429.0991759022
3.823071600000001,4.4074299,0.4485260000000006,-0.3465690000000336,-0.0565789999999449,0.4259466493464707,-0.3902212560548918,-0.0505284985668325,-0.0004048799999995,-0.00121736,0.0074490800000007,0.579876112574023,1.0,202.83,72.83,236511.85722033228,676530.275985171
3.9330668,4.5174251,0.4235260000000007,-0.4815690000000339,-0.0465789999999449,0.4253679756343686,-0.4120585941055175,-0.049584342404778,-4.879999999594584e-06,-0.00161736,0.0066490800000007,0.5942969011219987,1.0,188.17,68.43,255717.17064356702,720673.6811340054
4.0434097,4.627768,0.4935260000000006,-0.3715690000000335,-0.0465789999999449,0.4416616437060062,-0.4023792641535368,-0.0488658935934791,-0.0004048799999995,-0.00161736,0.0066490800000007,0.5994680602822157,1.0,170.09,71.36,283962.0201070022,690672.6457399103
4.1545014,4.7388597,0.4035260000000007,-0.3465690000000336,-0.0565789999999449,0.4325450426010421,-0.3890374173560212,-0.0507097673964227,-4.879999999594584e-06,-0.00161736,0.0062490800000007,0.5839664429495754,1.0,153.96,68.91,314759.67783839954,715584.0951966333
4.2655712,4.8499295,0.3835260000000007,-0.456569000000034,-0.086578999999945,0.4208266863727831,-0.4051813300089347,-0.0592845665556667,-4.879999999594584e-06,-0.00121736,0.0074490800000007,0.5871811219572708,1.0,197.95,69.89,242589.0376357666,705409.9298898268
4.3847403,4.9690986,0.4485260000000006,-0.4415690000000338,-0.0665789999999449,0.4274484073844274,-0.4138800653706688,-0.0610283535626688,-0.0004048799999995,-0.00161736,0.0082490800000007,0.5981081084764548,1.0,103.13,68.43,474824.97818287596,720673.6811340054
4.4947411,5.0790994,0.4885260000000007,-0.4465690000000337,-0.0565789999999449,0.442049447099931,-0.421694591325956,-0.0599647034531017,-4.879999999594584e-06,-0.00161736,0.0066490800000007,0.6138646493284479,1.0,104.59,68.91,468057.1756382063,715584.0951966333
4.6055774000000005,5.1899357,0.4235260000000007,-0.456569000000034,-0.0465789999999449,0.4376212832645222,-0.4300315706386456,-0.056764754349514,0.0003951200000004,-0.00161736,0.0074490800000007,0.6161670038620929,1.0,102.64,68.43,477139.51675759937,720673.6811340054
4.7164277000000006,5.300786,0.4035260000000007,-0.4165690000000339,-0.0365789999999449,0.4294705595090857,-0.4268132458791163,-0.0519392039582187,-4.879999999594584e-06,-0.00121736,0.0082490800000007,0.6077106130805414,1.0,96.77,68.43,506689.0565257828,720673.6811340054
4.8264291,5.4107874,0.4235260000000007,-0.3815690000000338,-0.0665789999999449,0.4280494696172554,-0.4159972820749035,-0.0554389529541805,-4.879999999594584e-06,-0.00121736,0.0082490800000007,0.5994610618196785,1.0,105.08,69.4,465827.940616673,710461.0951008645
4.9363980000000005,5.5207563,0.4485260000000006,-0.4915690000000337,-0.0565789999999449,0.4329445321197344,-0.4340632471455752,-0.0557114894357265,-4.879999999594584e-06,-0.00161736,0.0082490800000007,0.6155937300444859,1.0,109.97,67.94,444669.45530599257,725943.4795407713
5.0472831000000005,5.6316414,0.4285260000000006,-0.3815690000000338,-0.0365789999999449,0.4318882500987562,-0.4215141181674288,-0.0511377296304477,-4.879999999594584e-06,-0.00161736,0.0066490800000007,0.6056539274037507,1.0,121.21,68.91,402507.21887633036,715584.0951966333
5.1572669,5.7416252,0.4035260000000007,-0.4665690000000337,-0.0565789999999449,0.4251080493347957,-0.4322848131284389,-0.0524385046178948,-0.0004048799999995,-0.00121736,0.0078490800000007,0.6085530461983454,1.0,88.95,68.91,552113.5469364811,715584.0951966333
5.2672464,5.8516047,0.4285260000000006,-0.4315690000000336,-0.0665789999999449,0.4259251351312579,-0.4321136928293383,-0.0558188921844075,-4.879999999594584e-06,-0.00121736,0.0070490800000007,0.6093030551309279,1.0,93.84,68.43,522821.8243819266,720673.6811340054
5.3772470000000006,5.9616053,0.4485260000000006,-0.3665690000000337,-0.0565789999999449,0.4313280351379799,-0.4164447605391493,-0.0560006014484347,-0.0004048799999995,-0.00161736,0.0074490800000007,0.6021679000404175,1.0,101.66,68.91,481835.5301987016,715584.0951966333
5.4872902,6.0716485,0.4685260000000006,-0.4765690000000335,-0.0365789999999449,0.4402204773418625,-0.4308178942963725,-0.0513577273280854,-0.0004048799999995,-0.00121736,0.0074490800000007,0.6180904002436566,1.0,101.17,68.91,484217.6534545814,715584.0951966333
5.5972761,6.1816344,0.4285260000000006,-0.4315690000000336,-0.076578999999945,0.4374248280569389,-0.4309974515405279,-0.0573870547489483,-0.0004048799999995,-0.00081736,0.0070490800000007,0.6167597242750462,1.0,102.15,68.43,479476.2604013705,720673.6811340054
5.7076303,6.2919886,0.3585260000000003,-0.4415690000000338,-0.0665789999999449,0.41856349327551,-0.4335246565645232,-0.059584455660233,-4.879999999594584e-06,-0.00161736,0.0074490800000007,0.605548786728792,1.0,109.97,69.4,444669.45530599257,710461.0951008645
5.8184015,6.4027598,0.4035260000000007,-0.4415690000000338,-0.0465789999999449,0.4149686718830024,-0.4354477149719872,-0.0564754075382926,-4.879999999594584e-06,-0.00161736,0.0074490800000007,0.6041549327575536,1.0,108.02,69.4,452877.24495463807,710461.0951008645
5.9292683,6.5136266,0.4885260000000007,-0.4415690000000338,-0.0665789999999449,0.4325530825188724,-0.4369110523757217,-0.0588907443006691,-4.879999999594584e-06,-0.00121736,0.0074490800000007,0.6176257415692176,1.0,106.06,68.43,461431.26532151614,720673.6811340054
6.0401056,6.6244639,0.4235260000000007,-0.3815690000000338,-0.0465789999999449,0.4303950932346064,-0.4236811349858724,-0.0559475328903332,-4.879999999594584e-06,-0.00161736,0.0070490800000007,0.6065276307472377,1.0,107.04,69.4,457115.09715994017,710461.0951008645
6.1509455,6.7353038,0.4485260000000006,-0.3915690000000336,-0.0465789999999449,0.4347294174674858,-0.4160044971519461,-0.0537079174282516,-4.879999999594584e-06,-0.00161736,0.0086490800000007,0.6040976315602827,1.0,101.17,68.91,484217.6534545814,715584.0951966333
6.2617853000000006,6.8461436,0.3385260000000003,-0.3815690000000338,-0.076578999999945,0.4117312955858487,-0.4077724428091562,-0.0591754149288114,-4.879999999594584e-06,-0.00161736,0.0074490800000007,0.5824969996586636,1.0,47.41,69.4,1044629.8249314493,710461.0951008645
6.3722889,6.9566472,0.4035260000000007,-0.4915690000000337,-0.0665789999999449,0.4097697604041909,-0.4278046151193416,-0.0609452954206821,-4.879999999594584e-06,-0.00121736,0.0074490800000007,0.5955185759428754,1.0,38.12,69.4,1301647.429171039,710461.0951008645
6.4831299,7.0674882,0.4035260000000007,-0.4665690000000337,-0.0665789999999449,0.4082771443770748,-0.437071521343896,-0.0622920731960435,-0.0004048799999995,-0.00121736,0.0070490800000007,0.6013335545050084,1.0,39.59,70.38,1252945.1881788329,700429.0991759022
6.5931599,7.1775182,0.4285260000000006,-0.456569000000034,-0.0465789999999449,0.4131177795835851,-0.441732534458841,-0.0585357495433927,-0.0004048799999995,-0.00161736,0.0082490800000007,0.607635059704515,1.0,41.06,68.91,1207730.1509985386,715584.0951966333
6.7040315,7.2883898,0.3585260000000003,-0.3715690000000335,-0.086578999999945,0.4000672203243667,-0.4249594347124056,-0.0652396911385552,-4.879999999594584e-06,-0.00121736,0.0074490800000007,0.587282316462029,1.0,41.06,67.45,1207730.1509985386,731289.8443291327
6.8140114,7.3983697,0.4035260000000007,-0.3415690000000337,-0.0365789999999449,0.4008940665907048,-0.4050243489143776,-0.0583881458881956,-4.879999999594584e-06,-0.00121736,0.0082490800000007,0.5728611973431341,1.0,41.54,71.36,1193659.123736158,690672.6457399103
6.9240415,7.5083998,0.4685260000000006,-0.4065690000000337,-0.0465789999999449,0.417061968818954,-0.4053936089143618,-0.0555650842589368,-0.0004048799999995,-0.00161736,0.0082490800000007,0.5842706073151853,1.0,38.61,69.89,1285001.295001295,705409.9298898268
7.0340368,7.6183951,0.4485260000000006,-0.4165690000000339,-0.0565789999999449,0.4245836727566952,-0.4080651668800662,-0.0558074681409574,-0.0004048799999995,-0.00161736,0.0082490800000007,0.5915259496359603,1.0,39.1,68.43,1268772.378516624,720673.6811340054
7.1440466,7.7284049,0.3835260000000007,-0.3815690000000338,-0.0665789999999449,0.4147685394995635,-0.4017310667894002,-0.058382480641201,-4.879999999594584e-06,-0.00121736,0.0090490800000007,0.5803699728864087,1.0,39.59,67.94,1252945.1881788329,725943.4795407713
7.2556164,7.8399747,0.4485260000000006,-0.4165690000000339,-0.0365789999999449,0.4228385042829455,-0.405278181906855,-0.0531702010940529,-4.879999999594584e-06,-0.00121736,0.0074490800000007,0.5881070274349275,1.0,39.59,68.43,1252945.1881788329,720673.6811340054
7.3655974,7.9499557,0.3635260000000007,-0.4415690000000338,-0.0665789999999449,0.4086594216836676,-0.4139537641227709,-0.0563756713324495,-0.0004048799999995,-0.00121736,0.0074490800000007,0.5844129174482925,1.0,40.57,68.43,1222437.7618930244,720673.6811340054
7.475605400000001,8.0599637,0.4035260000000007,-0.3965690000000339,-0.0665789999999449,0.4074322401483473,-0.4097978106784627,-0.0588148507552883,-4.879999999594584e-06,-0.00121736,0.0062490800000007,0.5808566627133828,1.0,39.1,67.94,1268772.378516624,725943.4795407713
7.5856432,8.1700015,0.3835260000000007,-0.4515690000000336,-0.0365789999999449,0.4017172807515132,-0.4197835152245938,-0.0534992100090943,-4.879999999594584e-06,-0.00121736,0.0082490800000007,0.5834870510819449,1.0,41.06,67.94,1207730.1509985386,725943.4795407713
7.6956278,8.2799861,0.4435260000000003,-0.4665690000000337,-0.0665789999999449,0.4117119570977752,-0.4309679233202906,-0.0566260282897179,-4.879999999594584e-06,-0.00201736,0.0078490800000007,0.5987040952157853,1.0,38.61,68.43,1285001.295001295,720673.6811340054
7.8056251,8.3899834,0.4035260000000007,-0.4665690000000337,-0.0365789999999449,0.409755044921385,-0.4394786178689012,-0.0518336413651199,-4.879999999594584e-06,-0.00121736,0.0086490800000007,0.6030981502041386,1.0,40.08,68.43,1237504.99001996,720673.6811340054
7.9164853,8.5008436,0.3385260000000003,-0.4515690000000336,-0.0465789999999449,0.3927272272020378,-0.4423689110535619,-0.0505774813892913,-4.879999999594584e-06,-0.00121736,0.0074490800000007,0.5937027960825174,1.0,41.54,68.91,1193659.123736158,715584.0951966333
8.0265048,8.6108631,0.3585260000000003,-0.2965690000000338,-0.0565789999999449,0.3845511767830404,-0.4075143891144202,-0.052012187765802,-4.879999999594584e-06,-0.00161736,0.0082490800000007,0.562719159596246,1.0,40.08,68.91,1237504.99001996,715584.0951966333
8.1373257,8.721684,0.4285260000000006,-0.3815690000000338,-0.0665789999999449,0.3950636759300577,-0.401311956427236,-0.0554944894553544,-4.879999999594584e-06,-0.00121736,0.0082490800000007,0.565867681327301,1.0,40.57,69.4,1222437.7618930244,710461.0951008645
8.2481199,8.8324782,0.4885260000000007,-0.4665690000000337,-0.0565789999999449,0.4174065196344207,-0.4169121240847907,-0.0557537495351207,-4.879999999594584e-06,-0.00121736,0.0070490800000007,0.5925811357353835,1.0,41.54,69.89,1193659.123736158,705409.9298898268
8.3590465,8.9434048,0.4485260000000006,-0.4415690000000338,-0.076578999999945,0.4248458562108236,-0.4228065283840019,-0.0607321760922388,-4.879999999594584e-06,-0.00121736,0.0074490800000007,0.6024514579586794,1.0,41.06,69.4,1207730.1509985386,710461.0951008645
8.4691382,9.0534965,0.4685260000000006,-0.4315690000000336,-0.0465789999999449,0.4352879101119798,-0.4249012605204979,-0.0573487571103419,-4.879999999594584e-06,-0.00161736,0.0062490800000007,0.6109873368766853,1.0,38.12,68.91,1301647.429171039,715584.0951966333
8.5798171,9.1641754,0.5335260000000006,-0.3715690000000335,-0.0365789999999449,0.4587724351334273,-0.4121517983915937,-0.052383596640462,-4.879999999594584e-06,-0.00121736,0.0074490800000007,0.6189388445982934,1.0,41.06,68.43,1207730.1509985386,720673.6811340054
8.6898471,9.2742054,0.4885260000000007,-0.3715690000000335,-0.0465789999999449,0.4658852397429509,-0.4024501872817551,-0.0509959658834001,-4.879999999594584e-06,-0.00161736,0.0066490800000007,0.6177505956207954,1.0,38.12,68.91,1301647.429171039,715584.0951966333
8.7998117,9.38417,0.5085260000000007,-0.4315690000000336,-0.076578999999945,0.4760788215026502,-0.4094112498050263,-0.0571117749908388,-4.879999999594584e-06,-0.00161736,0.0086490800000007,0.6305000956327208,1.0,43.5,69.89,1139425.2873563217,705409.9298898268
8.9106716,9.4950299,0.4735260000000005,-0.4515690000000336,-0.0565789999999449,0.4754685510818531,-0.4194893645203177,-0.0569844112807065,-0.0004048799999995,-0.00121736,0.0074490800000007,0.6366230384949523,1.0,37.63,67.94,1318727.0794578793,725943.4795407713
9.0209846,9.6053429,0.4485260000000006,-0.4415690000000338,-0.0565789999999449,0.4690277396232363,-0.4247676608764347,-0.0568874947855072,-4.879999999594584e-06,-0.00161736,0.0082490800000007,0.6353351661331925,1.0,41.06,68.91,1207730.1509985386,715584.0951966333
9.1317938,9.7161521,0.4435260000000003,-0.4465690000000337,-0.076578999999945,0.4629313645516628,-0.4299794284783173,-0.0615948913507861,0.0003951200000004,-0.00161736,0.0074490800000007,0.6348083867126522,1.0,40.57,66.96,1222437.7618930244,736714.4563918759
9.2431315,9.8274898,0.3835260000000007,-0.4315690000000336,-0.0465789999999449,0.4439489385621479,-0.4303594270330294,-0.0580052340544142,-4.879999999594584e-06,-0.00161736,0.0078490800000007,0.6210189237570483,1.0,40.08,71.36,1237504.99001996,690672.6457399103
9.3539928,9.9383511,0.3785260000000003,-0.456569000000034,-0.0365789999999449,0.4283091125090282,-0.4366250147785432,-0.05288313802892,0.0003951200000004,-0.00161736,0.0070490800000007,0.6139110079453051,1.0,40.08,67.94,1237504.99001996,725943.4795407713
9.4640347,10.048393,0.3585260000000003,-0.4415690000000338,-0.0665789999999449,0.4116269553777077,-0.437806910159165,-0.0561572327666684,-4.879999999594584e-06,-0.00121736,0.0074490800000007,0.6035439302723924,1.0,40.57,68.91,1222437.7618930244,715584.0951966333
9.5740371,10.1583954,0.3835260000000007,-0.3815690000000338,-0.0465789999999449,0.4049092190043052,-0.4243628314948558,-0.0538674870343586,-4.879999999594584e-06,-0.00161736,0.0082490800000007,0.5890135775586202,1.0,40.08,70.87,1237504.99001996,695517.1440666008
9.6840283,10.2683866,0.4235260000000007,-0.4815690000000339,-0.0665789999999449,0.4093596949817044,-0.4380383793111089,-0.0569062660318029,-4.879999999594584e-06,-0.00121736,0.0074490800000007,0.6022385779229851,1.0,39.1,68.43,1268772.378516624,720673.6811340054
9.7955471,10.3799054,0.3835260000000007,-0.3815690000000338,-0.0565789999999449,0.4031839635837729,-0.4245389662739844,-0.0568280307228449,-4.879999999594584e-06,-0.00121736,0.0074490800000007,0.5882347043926779,1.0,38.61,69.4,1285001.295001295,710461.0951008645
9.9056911,10.4900494,0.4035260000000007,-0.3915690000000336,-0.0365789999999449,0.4032657298598101,-0.4166572576739957,-0.0519873536574209,-4.879999999594584e-06,-0.00161736,0.0086490800000007,0.5821762655691843,1.0,39.1,68.43,1268772.378516624,720673.6811340054
10.016482,10.6008403,0.4235260000000007,-0.4315690000000336,-0.0565789999999449,0.4081090937891266,-0.4202220173936563,-0.0530850198838668,-4.879999999594584e-06,-0.00121736,0.0086490800000007,0.5881816009293789,1.0,40.08,69.4,1237504.99001996,710461.0951008645
10.1273692,10.7117275,0.4685260000000006,-0.3815690000000338,-0.0365789999999449,0.4225521916470454,-0.4109817343713612,-0.0491391365975537,-4.879999999594584e-06,-0.00121736,0.0082490800000007,0.5914989394734081,1.0,40.57,68.91,1222437.7618930244,715584.0951966333
10.237332,10.8216903,0.4685260000000006,-0.456569000000034,-0.0665789999999449,0.4335425626307128,-0.4218796995245547,-0.053308261922679,-4.879999999594584e-06,-0.00161736,0.0070490800000007,0.6072753949177844,1.0,37.15,69.4,1335895.0201884252,710461.0951008645
10.3473303,10.9316886,0.3585260000000003,-0.3665690000000337,-0.0465789999999449,0.4156093114433973,-0.4086572772602576,-0.051699583250481,-4.879999999594584e-06,-0.00121736,0.0082490800000007,0.5851535840482355,1.0,40.08,68.43,1237504.99001996,720673.6811340054
10.4581611,11.0425194,0.4035260000000007,-0.4665690000000337,-0.076578999999945,0.4127207085577157,-0.4225014929129405,-0.0576471875436611,-4.879999999594584e-06,-0.00161736,0.0078490800000007,0.5934383649695564,1.0,39.59,70.38,1252945.1881788329,700429.0991759022
10.5681936,11.1525519,0.4685260000000006,-0.4065690000000337,-0.0565789999999449,0.4260613665926936,-0.418692715391984,-0.0573918295951648,-4.879999999594584e-06,-0.00121736,0.0066490800000007,0.6001047409656309,1.0,42.03,68.91,1179626.45729241,715584.0951966333
10.6781616,11.2625199,0.4035260000000007,-0.3715690000000335,-0.076578999999945,0.4206741244219953,-0.4074274508241641,-0.0619786612810767,-0.0004048799999995,-0.00161736,0.0074490800000007,0.5889016905201441,1.0,39.59,68.43,1252945.1881788329,720673.6811340054
10.7890461,11.3734044,0.3635260000000007,-0.3915690000000336,-0.076578999999945,0.4070124524631151,-0.4036363735993808,-0.065468977718985,-4.879999999594584e-06,-0.00121736,0.0070490800000007,0.5769468308224489,1.0,43.5,69.4,1139425.2873563217,710461.0951008645
10.8990076,11.4833659,0.4435260000000003,-0.4465690000000337,-0.0465789999999449,0.4157412797614598,-0.4138997280690358,-0.0609531920914035,0.0003951200000004,-0.00161736,0.0066490800000007,0.5898042795872624,1.0,39.1,68.43,1268772.378516624,720673.6811340054
11.0090185,11.5933768,0.4685260000000006,-0.4065690000000337,-0.0565789999999449,0.4283598484307522,-0.4121472645698152,-0.0599075098744796,-0.0004048799999995,-0.00121736,0.0074490800000007,0.5974499453337988,1.0,42.03,69.89,1179626.45729241,705409.9298898268
11.1190339,11.7033922,0.3585260000000003,-0.4415690000000338,-0.0565789999999449,0.411665562510847,-0.4191807429555714,-0.0591118055451126,-4.879999999594584e-06,-0.00121736,0.0066490800000007,0.5904872870578673,1.0,36.66,69.4,1353884.3426077468,710461.0951008645
11.2293443,11.8137026,0.3785260000000003,-0.3815690000000338,-0.0665789999999449,0.4037433107053312,-0.4101893841094617,-0.0608968923196459,-4.879999999594584e-06,-0.00161736,0.0082490800000007,0.5787680219825485,1.0,42.52,68.43,1165917.2154280338,720673.6811340054
11.3401776,11.9245359,0.4685260000000006,-0.456569000000034,-0.026578999999945,0.4192300805461487,-0.4212767663163921,-0.0526929522615277,-4.879999999594584e-06,-0.00161736,0.0082490800000007,0.5966611446128884,1.0,41.06,68.43,1207730.1509985386,720673.6811340054
11.4514147,12.035773,0.4235260000000007,-0.3815690000000338,-0.0465789999999449,0.4202570511236417,-0.4117843379450214,-0.0512313678085854,-4.879999999594584e-06,-0.00161736,0.0082490800000007,0.5905988342720441,1.0,45.94,70.87,1078376.14279495,695517.1440666008
11.5622174,12.1465757,0.3585260000000003,-0.4165690000000339,-0.0465789999999449,0.4054997974314546,-0.4129281459718081,-0.0501191856770361,-4.879999999594584e-06,-0.00161736,0.0082490800000007,0.5809059065163608,1.0,43.01,66.47,1152520.344106022,742219.0461862495
11.6726931,12.2570514,0.4685260000000006,-0.4315690000000336,-0.0365789999999449,0.420566666432216,-0.4173843767815278,-0.0468823064818975,-4.879999999594584e-06,-0.00121736,0.0070490800000007,0.5943769759641383,1.0,40.57,70.38,1222437.7618930244,700429.0991759022
11.7898766,12.3742349,0.3585260000000003,-0.4915690000000337,-0.0565789999999449,0.4057353969639737,-0.4351187468427488,-0.0492003711125256,-4.879999999594584e-06,-0.00161736,0.0074490800000007,0.5969675139579438,1.0,40.08,66.96,1237504.99001996,736714.4563918759
11.899889,12.4842473,0.3385260000000003,-0.4315690000000336,-0.0565789999999449,0.3896685051252176,-0.4342701542180085,-0.0509642856484057,-4.879999999594584e-06,-0.00161736,0.0086490800000007,0.585687176863816,1.0,40.57,70.38,1222437.7618930244,700429.0991759022
12.0106966,12.5950549,0.4485260000000006,-0.4165690000000339,-0.076578999999945,0.4037388144386635,-0.4300385654359548,-0.0570876681448655,-4.879999999594584e-06,-0.00121736,0.0082490800000007,0.5926189331271571,1.0,40.08,69.4,1237504.99001996,710461.0951008645
12.1207008,12.7050591,0.4235260000000007,-0.4315690000000336,0.053421000000055,0.4084690840820263,-0.4304044268737613,-0.0306697727532259,-4.879999999594584e-06,-0.00241736,0.0070490800000007,0.594167988269374,1.0,40.08,68.91,1237504.99001996,715584.0951966333
12.2315313,12.8158896,0.4235260000000007,-0.4515690000000336,0.3584210000000549,0.4120685485975168,-0.4354639709642333,0.0623451871137105,0.0007951200000004,-0.00641736,0.0078490800000007,0.6027572323145085,1.0,89.44,68.91,549033.9892665475,715584.0951966333
12.3415563,12.9259146,0.4235260000000007,-0.3265690000000336,0.4584210000000549,0.414807535119449,-0.4094318415403652,0.1570299712816665,0.0003951200000004,-0.00641736,0.0078490800000007,0.6036208544605867,1.0,842.62,71.85,49338.729201775415,685894.2240779402
12.4517307,13.036089,0.4735260000000005,-0.3515690000000335,0.4184210000000549,0.4288446083084754,-0.3955993112915084,0.2195173848838261,0.0003951200000004,-0.00561736,0.0066490800000007,0.6233733996857737,1.0,715.54,73.8,59877.29546915617,667506.7750677507
12.5632143,13.1475726,0.4335260000000005,-0.3465690000000336,0.6484210000000551,0.4299637288088855,-0.3838782612014007,0.322049892310099,0.0011951200000004,-0.00841736,0.0082490800000007,0.6602631752954257,1.0,851.42,71.36,48725.423410302785,690672.6457399103
12.6740267,13.258385,0.3935260000000005,-0.3165690000000338,1.063421000000055,0.4212530265251542,-0.3677874960953153,0.4992800109796405,0.0023951200000004,-0.01321736,0.0066490800000007,0.7496681159049609,1.0,1479.47,76.74,23795.88636471169,641550.6906437321
12.7848996,13.3692579,0.3785260000000003,-0.2265690000000335,1.523421000000055,0.4110388221909107,-0.3340281944963004,0.744108312400765,0.0039951200000004,-0.02001736,0.0066490800000007,0.913359145490132,1.0,1893.45,81.13,16406.823523198396,606294.8354492789
12.8949415,13.4792998,0.3485260000000005,-0.4065690000000337,1.843421000000056,0.3960946804778831,-0.3513695980585058,1.0069069513782551,0.0063951200000004,-0.02361736,0.0070490800000007,1.1376349146701346,1.0,2169.6,83.09,13045.72271386431,591757.1308220002
13.0048819,13.5892402,0.2335260000000003,-0.3465690000000336,2.148421000000055,0.3572314630767873,-0.3502219804149765,1.2797941305543787,0.0059951200000004,-0.02641736,0.0074490800000007,1.3740970745836003,1.0,2274.19,84.07,11985.849906999854,584742.4765076722
13.1157118,13.7000701,0.4135260000000005,-0.2215690000000336,2.593421000000056,0.3706890787781,-0.31946655610774,1.593826122824462,0.0063951200000004,-0.03041736,0.0066490800000007,1.66725852326337,1.0,2459.92,82.11,10325.864255748153,598939.227865059
13.2257099,13.8100682,0.4985260000000004,-0.1215690000000337,2.913421000000055,0.4012494182403458,-0.2721577157852914,1.9092848104529463,0.0047951200000004,-0.03241736,0.0042490800000007,1.9698830943297183,1.0,2583.09,83.09,9356.661982354466,591757.1308220002
13.3357015,13.9200598,0.4635260000000003,-0.2365690000000337,2.903421000000056,0.4161370849717728,-0.2636499761977978,2.1469402478169872,0.0067951200000004,-0.03361736,0.0066490800000007,2.2027332591883133,1.0,2643.21,84.56,8916.393324783123,581296.1210974456
13.4465627,14.030921,0.4335260000000005,-0.2515690000000339,3.008421000000056,0.4202940307200231,-0.2607619315694536,2.3528834446279188,0.0063951200000004,-0.03521736,0.0054490800000007,2.4043095393935565,1.0,2670.58,84.56,8722.524695010074,581296.1210974456
13.5566048,14.1409631,0.4535260000000005,-0.0715690000000337,3.298421000000056,0.4282383730312102,-0.2155339946217011,2.578921027434819,0.0067951200000004,-0.03681736,0.0058490800000007,2.623104396077188,1.0,2715.05,84.56,8415.867111102925,581296.1210974456
13.6669467,14.251305,0.3985260000000004,-0.1215690000000337,3.783421000000055,0.4211354156274841,-0.1930709838908521,2.8668654467154147,0.0083951200000004,-0.04281736,0.0066490800000007,2.904057322555305,1.0,2823.07,85.04,7711.21509562285,577958.6077140169
13.7777683,14.3621266,0.3185260000000003,-0.331569000000034,4.188421000000055,0.3966058936112626,-0.2261799350975015,3.182792848130928,0.0119951200000004,-0.04721736,0.0074490800000007,3.21537305953777,1.0,2917.4,87.49,7138.5480222115575,561493.8850154304
13.8885603,14.4729186,0.3335260000000004,-0.1515690000000338,4.543421000000055,0.3815261893788967,-0.2083436521021036,3.5080608364833026,0.0111951200000004,-0.05041736,0.0070490800000007,3.534891814896342,1.0,2957.97,86.02,6903.484484291594,571260.172053011
13.9994672,14.5838255,0.3335260000000004,-0.3615690000000338,4.963421000000055,0.3700513973731905,-0.2449732783573646,3.855975196527215,0.0143951200000004,-0.05601736,0.0082490800000007,3.881429460912577,1.0,3021.02,86.02,6550.701418726126,571260.172053011
14.1190995,14.7034578,0.2735260000000004,-0.1965690000000337,5.803421000000055,0.3469763038692373,-0.2334018859623821,4.321526183437718,0.0175951200000004,-0.06761736,0.0070490800000007,4.341711361888918,1.0,3078.69,87.49,6240.6737930743275,561493.8850154304
14.2290953,14.8134536,0.1335260000000007,-0.2665690000000336,6.443421000000055,0.2959494668473998,-0.2413307241594021,4.828780467079021,0.0211951200000004,-0.07601736,0.0074490800000007,4.843856666396565,1.0,3162.76,90.42,5808.976969482349,542975.00552975
14.3390713,14.9234296,0.1535260000000007,-0.2465690000000335,7.653421000000055,0.2619021082858517,-0.2425829718383704,5.504031190577338,0.0219951200000004,-0.08761736,0.0082490800000007,5.515595938735786,1.0,3243.89,88.95,5413.592939341347,552113.5469364811
14.4490958,15.0334541,0.4885260000000007,0.0734309999999662,8.978421000000056,0.3160781866428854,-0.1670375491085114,6.334609172159201,0.0235951200000004,-0.09961736,0.0050490800000007,6.344689143440135,1.0,3338.71,90.91,4975.843963686572,539994.5000549995
14.5590548,15.1434131,0.2635260000000006,-0.2615690000000337,9.383421000000055,0.3035152068093666,-0.1896359753025289,7.063449663034263,0.0315951200000004,-0.10681736,0.0070490800000007,7.072510475503893,1.0,3427.66,92.38,4587.211100284158,531242.6932236415
14.669101,15.2534593,0.2385260000000006,-0.1765690000000337,9.603421000000056,0.2879790674648588,-0.1865122204657249,7.670648158900033,0.0331951200000004,-0.11081736,0.0070490800000007,7.678317649675445,1.0,3439.88,90.91,4535.390769445445,539994.5000549995
14.7793817,15.36374,0.4085260000000006,-0.1765690000000337,9.978421000000056,0.3167966824714947,-0.1841352217874478,8.222337927017554,0.0359951200000004,-0.11361736,0.0074490800000007,8.230498581738471,1.0,3453.08,88.95,4479.826705433989,552113.5469364811
14.8899595,15.4743178,0.4835260000000003,-0.2315690000000339,9.793421000000055,0.3566545302143641,-0.1954746091123138,8.5979166845065,0.0359951200000004,-0.11081736,0.0090490800000007,8.607530661603551,1.0,3464.81,88.95,4430.805729607108,552113.5469364811
14.9999099,15.5842682,0.5035260000000004,-0.1915690000000338,7.428421000000055,0.3917652160089394,-0.1945409450414235,8.318340293143708,0.0267951200000004,-0.08481736,0.0098490800000007,8.329832615143614,1.0,3422.78,89.93,4608.008694686774,545987.9906594018
15.1107992,15.6951575,0.4285260000000006,-0.5115690000000337,4.123421000000056,0.4005531469675947,-0.2703287916665255,7.315514533653875,0.0139951200000004,-0.04441736,0.0102490800000007,7.331457793048433,1.0,3175.95,88.47,5743.320896109827,555163.3322030066
15.2211532,15.8055115,0.4835260000000003,-0.4765690000000335,1.6784210000000552,0.4203884068485792,-0.3196320032676239,5.967926604264829,0.0063951200000004,-0.01721736,0.0102490800000007,5.991246863885471,1.0,2751.71,84.56,8170.51942246821,581296.1210974456
15.3319759,15.9163342,0.6085260000000003,-0.3515690000000335,0.083421000000055,0.4653640575241552,-0.3272667730369374,4.561193032187756,-0.0028048799999995,0.0019826399999999,0.0078490800000007,4.596536644436492,1.0,1195.01,76.25,31840.654053104157,645737.7049180327
15.4427489,16.0271072,0.3835260000000007,-0.4065690000000337,-0.196578999999945,0.445800078706739,-0.3462245432408798,3.4238132596003816,0.0003951200000004,-1.7360000000013996e-05,0.0078490800000007,3.470029737787946,1.0,42.52,68.91,1165917.2154280338,715584.0951966333
15.5535705,16.1379288,0.4485260000000006,-0.4415690000000338,-0.0365789999999449,0.4464517298828874,-0.3690173243603925,2.596581493416412,-4.879999999594584e-06,-0.00121736,0.0074490800000007,2.6604000422391603,1.0,40.08,69.89,1237504.99001996,705409.9298898268
15.664124,16.2484823,0.4485260000000006,-0.3915690000000336,-0.076578999999945,0.4469475991381031,-0.3744084653265739,1.95754316759452,-0.0004048799999995,-0.00121736,0.0086490800000007,2.042527627298955,1.0,40.57,68.43,1222437.7618930244,720673.6811340054
15.7741157,16.358474,0.4235260000000007,-0.4315690000000336,-0.026578999999945,0.4413484966756258,-0.3880731040457136,1.483224430904966,-4.879999999594584e-06,-0.00121736,0.0086490800000007,1.595413407877366,1.0,111.93,67.94,436707.7637809345,725943.4795407713
15.884471,16.4688293,0.4485260000000006,-0.4665690000000337,-0.0565789999999449,0.4430643306928074,-0.4068381149973868,1.1151232978066257,-4.879999999594584e-06,-0.00121736,0.0094490800000007,1.267013505160074,1.0,118.77,69.4,410981.72939294437,710461.0951008645
16.0040938,16.5884521,0.3785260000000003,-0.4315690000000336,-0.086578999999945,0.4276359765409164,-0.4127502117035547,0.8278476828864024,0.0003951200000004,-0.00161736,0.0078490800000007,1.01910109986881,1.0,145.65,68.91,333288.7058015791,715584.0951966333
16.1141071,16.6984654,0.3385260000000003,-0.3565690000000339,-0.0565789999999449,0.4063335929530314,-0.3993196872146267,0.6164190955883816,-4.879999999594584e-06,-0.00121736,0.0078490800000007,0.8393662506708889,1.0,159.34,68.43,303794.40190786996,720673.6811340054
16.224127199999998,16.8084855,0.4085260000000006,-0.4165690000000339,-0.0365789999999449,0.4068577036947044,-0.4034432600382985,0.4603151838339694,-0.0004048799999995,-0.00121736,0.0082490800000007,0.7349760020532364,1.0,156.4,69.4,309693.094629156,710461.0951008645
16.3340927,16.918451,0.3835260000000007,-0.3815690000000338,0.043421000000055,0.4012800913873413,-0.3982140601650127,0.3606536177071899,-0.0004048799999995,-0.00161736,0.0082490800000007,0.6705752615644431,1.0,102.64,67.45,477139.51675759937,731289.8443291327
16.444090199999998,17.0284485,0.4535260000000005,-0.3665690000000337,0.223421000000055,0.4137698532453013,-0.3906490799409796,0.3278471691292953,-0.0008048799999995,-0.00161736,0.0066490800000007,0.6567312703225459,1.0,98.24,69.89,498957.654723127,705409.9298898268
16.5541573,17.1385156,0.4235260000000007,-0.4065690000000337,-0.0465789999999449,0.4161021306016182,-0.3944548518304012,0.2383378886900731,-4.879999999594584e-06,-0.00161736,0.0082490800000007,0.620919127108347,1.0,143.7,67.45,337947.1120389701,731289.8443291327
16.664983399999997,17.2493417,0.4685260000000006,-0.4065690000000337,0.0134210000000549,0.4286344352709248,-0.397350826458242,0.1845698817366831,-4.879999999594584e-06,-0.00121736,0.0082490800000007,0.6129283805073524,1.0,139.3,68.91,348937.5448671931,715584.0951966333
16.775808899999998,17.3601672,0.4785260000000004,-0.3965690000000339,0.278421000000055,0.4405613742166505,-0.3971639251957974,0.2070056695014832,0.0003951200000004,-0.00361736,0.0074490800000007,0.6282394886779673,1.0,175.46,69.4,274965.23424142256,710461.0951008645
16.886616999999998,17.4709753,0.4385260000000004,-0.4165690000000339,0.828421000000055,0.4400748033074094,-0.4018028485024558,0.35555949311959,0.0019951200000004,-0.00721736,0.0082490800000007,0.6939264476284228,1.0,1399.8,77.71,25719.388484069153,633417.8355424012
16.9966223,17.5809806,0.3935260000000005,-0.4615690000000338,1.338421000000055,0.4289469756263401,-0.4160903787453626,0.5905196361482513,0.0043951200000004,-0.01521736,0.0066490800000007,0.840142935374753,1.0,1820.14,79.67,17470.41436373026,617588.8038157399
17.106970999999998,17.6913293,0.1235260000000004,-0.4815690000000339,2.163421000000055,0.3559338851606397,-0.4317435161483601,0.9665330692041284,0.0071951200000004,-0.02561736,0.0086490800000007,1.1168158165995186,1.0,2057.18,83.09,14305.11671317046,591757.1308220002
17.2177369,17.8020952,0.3285260000000005,-0.1915690000000338,3.308421000000055,0.3493818322290967,-0.3743280631359008,1.5263782959475822,0.0059951200000004,-0.03161736,0.0050490800000007,1.6099751134358196,1.0,2360.7,84.07,11180.15842758504,584742.4765076722
17.329148999999997,17.9135073,0.1935260000000003,-0.4965690000000335,4.443421000000055,0.3121233696928757,-0.4035506421142098,2.223718425932181,0.0115951200000004,-0.04161736,0.0078490800000007,2.281490249045462,1.0,2612.41,84.07,9139.415329140526,584742.4765076722
17.439165499999998,18.0235238,0.2435260000000005,-0.5265690000000338,6.178421000000055,0.295724672947101,-0.4329590692035409,3.169118643494889,0.0195951200000004,-0.05801736,0.0090490800000007,3.212198563965521,1.0,2813.78,85.04,7769.690594147373,577958.6077140169
17.5494845,18.1338428,0.3985260000000004,-0.3965690000000339,7.963421000000055,0.3203000727758615,-0.4242597602927497,4.315231253991194,0.0243951200000004,-0.06961736,0.0098490800000007,4.34785110787459,1.0,3042.52,86.02,6433.745710792369,571260.172053011
17.6608302,18.2451885,0.5085260000000007,-0.5165690000000336,9.423421000000054,0.3652968403496116,-0.4463269508507864,5.536380912348659,0.0327951200000004,-0.08081736,0.0126490800000007,5.566341988707102,1.0,3219.45,88.95,5530.60305331656,552113.5469364811
17.780044299999997,18.3644026,0.4485260000000006,-0.3915690000000336,10.708421000000056,0.3851933721790843,-0.4332366671497949,6.772794456105782,0.0379951200000004,-0.09121736,0.0142490800000007,6.797559318490055,1.0,3342.13,88.47,4960.519189857963,555163.3322030066
17.8907848,18.4751431,0.4185260000000004,-0.2565690000000338,11.333421000000056,0.3931617776416009,-0.3910029851391958,7.863045175614355,0.0387951200000004,-0.09761736,0.0150490800000007,7.88257184880279,1.0,3411.53,89.44,4656.180657945261,549033.9892665475
18.0016471,18.5860054,0.6035260000000005,-0.1215690000000337,11.788421000000056,0.4434508645856213,-0.3265928447054643,8.801434621820517,0.0371951200000004,-0.09761736,0.0142490800000007,8.818648590214682,1.0,3446.73,88.95,4506.503265413886,552113.5469364811
18.1124605,18.6968188,0.3985260000000004,0.0584309999999661,12.538421000000056,0.4327112511866966,-0.2345501133662713,9.69478821005908,0.0351951200000004,-0.10801736,0.0118490800000007,9.707274139555564,1.0,3482.4,88.95,4357.914082242131,552113.5469364811
18.2224718,18.8068301,0.4085260000000006,-0.0965690000000336,13.788421000000056,0.4269295921856779,-0.2015647314942268,10.673400699304043,0.0367951200000004,-0.11601736,0.0138490800000007,10.683837311826226,1.0,3518.08,90.42,4212.297616881935,542975.00552975
18.3350294,18.9193877,0.4785260000000004,0.1884309999999662,14.043421000000055,0.4392640861860546,-0.1083334347032056,11.479028395900087,0.0387951200000004,-0.12281736,0.0130490800000007,11.48794071991878,1.0,3548.39,92.86,4090.8975619929033,528444.9709239715
18.445046,19.0294043,0.3085260000000005,-0.1215690000000337,14.243421000000057,0.4080102022822416,-0.1114974921959833,12.139876416806146,0.0447951200000004,-0.12881736,0.0142490800000007,12.147242626672872,1.0,3553.76,91.89,4069.605150601052,534128.8497116118
18.555034,19.1393923,0.3785260000000003,-0.1065690000000336,14.293421000000055,0.4009617907442732,-0.1103193005350326,12.654696805786315,0.0423951200000004,-0.12681736,0.0134490800000007,12.661528025956654,1.0,3561.09,92.86,4040.6448587370724,528444.9709239715
18.665971,19.2503293,0.3385260000000003,-0.2965690000000338,14.193421000000056,0.3860360639550094,-0.1548436365874609,13.022539939557646,0.0467951200000004,-0.12921736,0.0154490800000007,13.029180590959648,1.0,3565.01,91.4,4025.2061004036445,537045.9518599563
18.7758141,19.3601724,0.3235260000000006,-0.3065690000000336,14.313421000000057,0.3710925816181984,-0.1911146807161932,13.33113438187863,0.0471951200000004,-0.12801736,0.0166490800000007,13.337667653417665,1.0,3565.49,90.91,4023.317973125715,539994.5000549995
18.885814,19.4701723,0.3735260000000004,-0.2915690000000339,15.163421000000056,0.3716743078604352,-0.2151290113838898,13.769155733665755,0.0487951200000004,-0.13521736,0.0162490800000007,13.775851040883213,1.0,3579.67,90.91,3967.767978612553,539994.5000549995
18.9965978,19.5809561,0.5885260000000003,-0.3565690000000339,13.858421000000057,0.4235142713185993,-0.2489412623699926,13.7904952404005,0.0475951200000004,-0.12041736,0.0154490800000007,13.799242554054544,1.0,3589.44,90.91,3929.749487385219,539994.5000549995
19.1066766,19.6910349,0.5935260000000007,-0.686569000000034,8.828421000000056,0.4641568031584288,-0.3535593343028569,12.604275549140254,0.0347951200000004,-0.07721736,0.0206490800000007,12.617773490574548,1.0,3503.42,90.91,4271.768728842102,539994.5000549995
19.2166913,19.8010496,0.8235260000000006,-0.3715690000000335,5.588421000000055,0.5500666056065779,-0.3578646749825806,10.927084839366382,0.0175951200000004,-0.04121736,0.0170490800000007,10.94677228606289,1.0,3307.92,91.4,5115.23857892573,537045.9518599563
19.3283434,19.9127017,1.0585260000000003,-0.2115690000000338,3.398421000000055,0.6716174967490415,-0.3228916370950013,9.127303364429284,0.0095951200000004,-0.01881736,0.0126490800000007,9.15767414672347,1.0,3029.81,85.04,6502.68498684736,577958.6077140169
19.4383412,20.0226995,0.6335260000000005,-0.4215690000000338,1.443421000000055,0.6625114492930402,-0.3464811735043027,7.2904157798377,0.0051951200000004,-0.00961736,0.0118490800000007,7.32865150399061,1.0,2684.26,84.07,8627.107657231414,584742.4765076722
19.5491619,20.1335202,0.5285260000000007,-0.3915690000000336,0.3534210000000549,0.6304812597808155,-0.3572597441250126,5.632077067567875,0.0015951200000004,-0.00161736,0.0110490800000007,5.678506250655275,1.0,2166.67,83.09,13076.887574019116,591757.1308220002
19.6591775,20.2435358,0.6285260000000006,-0.4865690000000338,0.1034210000000549,0.6300138408061762,-0.3881720558216592,4.310411897756726,0.0007951200000004,0.0011826399999999,0.0090490800000007,4.37347067131482,1.0,1595.8,78.2,21332.24714876551,629386.189258312
19.7695549,20.3539132,0.5185260000000005,-0.5465690000000338,0.063421000000055,0.6033618671167014,-0.4260379895253586,3.295138045039152,0.0007951200000004,0.0003826399999999,0.0094490800000007,3.3769051877531004,1.0,967.25,76.25,41692.943913155854,645737.7049180327
19.880369,20.4647273,0.4635260000000003,-0.5515690000000337,0.0034210000000549,0.5699330929625896,-0.4560470843664786,2.5082293073401263,0.0011951200000004,-0.00081736,0.0090490800000007,2.612281939571799,1.0,812.32,73.8,51552.09769548946,667506.7750677507
19.9912097,20.575568,0.3585260000000003,-0.5165690000000336,0.0334210000000549,0.5193947002673464,-0.4705152854854366,1.916608504418742,0.0007951200000004,-0.00121736,0.0082490800000007,2.040721354754611,1.0,774.68,70.38,54542.77895389064,700429.0991759022
20.110812,20.6951703,0.4435260000000003,-0.4915690000000337,0.0034210000000549,0.5012577394224831,-0.4755483280239883,1.4592472113657493,0.0007951200000004,-0.00081736,0.0090490800000007,1.6145612275463772,1.0,589.93,72.34,74755.81848693914,681180.5363560962
20.2208626,20.8052209,0.4835260000000003,-0.4465690000000337,-0.016578999999945,0.4970188390263561,-0.4686206103244782,1.1064402947447858,0.0011951200000004,-0.00161736,0.0074490800000007,1.3003242397967216,1.0,239.98,70.38,198350.69589132429,700429.0991759022
20.3308759,20.9152342,0.3985260000000004,-0.5415690000000339,0.0134210000000549,0.4734734143831811,-0.4860594498271872,0.8451461367901979,0.0011951200000004,-0.00121736,0.0086490800000007,1.083837098195744,1.0,128.54,69.4,378983.973860277,710461.0951008645
20.4408433,21.0252016,0.3535260000000004,-0.4915690000000337,-0.016578999999945,0.4447991185214572,-0.4873765475948516,0.6391445180736057,0.0011951200000004,-0.00161736,0.0106490800000007,0.9186336973824136,1.0,37.15,68.43,1335895.0201884252,720673.6811340054
20.5508545,21.1352128,0.3985260000000004,-0.5415690000000339,0.043421000000055,0.4337371952799094,-0.5003316448074888,0.496732507803351,0.0003951200000004,-0.00201736,0.0094490800000007,0.82776983133819,1.0,40.57,67.94,1222437.7618930244,725943.4795407713
20.6616764,21.2460347,0.3335260000000004,-0.4315690000000336,0.1034210000000549,0.4097809851615858,-0.4838934378516907,0.4027085507337615,0.0007951200000004,-0.00241736,0.0094490800000007,0.751164091147876,1.0,117.79,68.43,414484.25163426436,720673.6811340054
20.7716847,21.356043,0.3135260000000004,-0.7315690000000339,0.4884210000000549,0.3867705356501692,-0.54310207009509,0.4231987308842336,0.0039951200000004,-0.00721736,0.0098490800000007,0.7897141708306347,1.0,737.05,73.8,57838.00284919613,667506.7750677507
20.8816918,21.4660501,0.4485260000000006,-0.6765690000000337,0.828421000000055,0.4015336255004287,-0.5750083038020082,0.520070041484285,0.0063951200000004,-0.00881736,0.0106490800000007,0.8731189208225001,1.0,1723.85,78.2,19004.843808916088,629386.189258312
20.9917135,21.5760718,0.4085260000000006,-0.6215690000000336,1.048421000000055,0.4032052031347425,-0.5861389745644888,0.6463761547191109,0.0059951200000004,-0.00961736,0.0102490800000007,0.9612156192696328,1.0,1978.49,83.09,15271.798189528377,591757.1308220002
21.1025219,21.6868802,0.3985260000000004,-0.6515690000000338,1.1834210000000551,0.4020866058246406,-0.6017804947858869,0.774760604386405,0.0063951200000004,-0.01121736,0.0086490800000007,1.0602204471700754,1.0,2058.16,83.09,14293.543747813585,591757.1308220002
21.2125255,21.7968838,0.4885260000000007,-0.4765690000000335,1.5484210000000551,0.422750567406792,-0.5718477824782366,0.9597097105793508,0.0047951200000004,-0.01321736,0.0086490800000007,1.1944750550548733,1.0,2193.55,85.04,12794.100886690525,577958.6077140169
21.3229075,21.9072658,0.3535260000000004,-0.5965690000000337,1.858421000000055,0.4062019345168735,-0.5777575681032733,1.174553136255846,0.0071951200000004,-0.01681736,0.0082490800000007,1.3705396342296354,1.0,2316.72,83.09,11582.236955695984,591757.1308220002
21.4337334,22.0180917,0.3585260000000003,-0.5665690000000339,2.233421000000055,0.3948046579782248,-0.5750828600763337,1.4276831479331171,0.0075951200000004,-0.02041736,0.0094490800000007,1.5889840102427382,1.0,2424.73,83.09,10620.852631014586,591757.1308220002
21.5450246,22.1293829,0.4835260000000003,-0.6715690000000338,1.818421000000056,0.4160141356769647,-0.5981485688034058,1.521091854007843,0.0075951200000004,-0.01561736,0.0098490800000007,1.6865852779428714,1.0,2460.9,81.13,10317.769921573405,606294.8354492789
21.6559137,22.240272,0.4685260000000006,-0.7565690000000338,1.413421000000055,0.4285674761686509,-0.6360201172484797,1.4953523585849495,0.0075951200000004,-0.01361736,0.0094490800000007,1.6805565588518312,1.0,2205.28,84.56,12672.857868388592,581296.1210974456
21.7662446,22.3506029,0.5535260000000006,-0.3865690000000337,2.0534210000000552,0.4584397139422633,-0.5763870257324819,1.6287626985858334,0.0067951200000004,-0.01681736,0.0086490800000007,1.7875281544794777,1.0,2367.55,79.67,11118.878165191863,617588.8038157399
21.8770513,22.4614096,0.5035260000000004,-0.6165690000000337,1.193421000000055,0.4692179163101432,-0.585992816940079,1.524691120799956,0.0063951200000004,-0.01161736,0.0110490800000007,1.6994811114978676,1.0,2350.93,83.58,11268.17897597972,588229.2414453218
21.9892423,22.5736006,0.4785260000000004,-0.4215690000000338,0.328421000000055,0.4714430809541764,-0.5466861157669197,1.238714107033109,0.0011951200000004,-0.00361736,0.0086490800000007,1.4337143811494395,1.0,1794.23,80.65,17867.107338524045,609962.802231866
22.0995648,22.6839231,0.3985260000000004,-0.4665690000000337,0.183421000000055,0.4540117260274753,-0.5275335405079918,0.98643866677029,0.0003951200000004,-0.00241736,0.0094490800000007,1.207261167697732,1.0,1205.28,74.29,31484.13646621532,663038.0939561178
22.2109015,22.7952598,0.4635260000000003,-0.5065690000000338,0.1534210000000549,0.4562861819480185,-0.5225218156598855,0.7872997761335443,0.0007951200000004,-0.00201736,0.0094490800000007,1.0493174282251927,1.0,849.46,73.8,48860.923410166455,667506.7750677507
22.3212343,22.9055926,0.5335260000000006,-0.4665690000000337,0.1034210000000549,0.4747509184037201,-0.5091458908950407,0.6238136146247969,0.0007951200000004,-0.00081736,0.0086490800000007,0.934752051900254,1.0,795.7,71.85,52837.75292195551,685894.2240779402
22.4320479,23.0164062,0.3835260000000007,-0.4765690000000335,0.0234210000000549,0.4529429426860153,-0.501358149803812,0.4802854230962441,0.0003951200000004,-0.00121736,0.0090490800000007,0.8289700786774555,1.0,270.28,71.36,174993.3402397514,690672.6457399103
22.55173,23.1360883,0.5135260000000006,-0.4265690000000337,-0.0365789999999449,0.4674257601653438,-0.4834792632955169,0.356725249127729,-4.879999999594584e-06,-0.00081736,0.0086490800000007,0.7612436815292234,1.0,41.54,69.89,1193659.123736158,705409.9298898268
22.6617392,23.2460975,0.3435260000000006,-0.4265690000000337,-0.106578999999945,0.4378066274941867,-0.4698744537571454,0.2459690216442327,-4.879999999594584e-06,-0.00041736,0.0094490800000007,0.6877189869270954,1.0,41.54,68.43,1193659.123736158,720673.6811340054
22.7725902,23.3569485,0.3985260000000004,-0.4965690000000335,-0.0365789999999449,0.4284163097437409,-0.4762559778675174,0.1784238760532829,0.0011951200000004,-0.00121736,0.0082490800000007,0.6649777217733445,1.0,40.57,68.91,1222437.7618930244,715584.0951966333
22.8825842,23.4669425,0.3735260000000004,-0.5315690000000337,-0.016578999999945,0.4152943846932716,-0.4894789553680332,0.131807029907899,0.0011951200000004,-0.00161736,0.0090490800000007,0.6553107406712375,1.0,40.08,67.94,1237504.99001996,725943.4795407713
22.9925441,23.5769024,0.3785260000000003,-0.456569000000034,0.093421000000055,0.4065046367318484,-0.4816115928086076,0.122630572172693,-4.879999999594584e-06,-0.00241736,0.0078490800000007,0.6420545173453249,1.0,41.06,67.45,1207730.1509985386,731289.8443291327
23.1025661,23.6869244,0.3485260000000005,-0.4715690000000336,0.3584210000000549,0.3926444248060002,-0.4792108384539373,0.1789979772030785,0.0003951200000004,-0.00401736,0.0082490800000007,0.6448666124600918,1.0,46.43,69.4,1066889.941847943,710461.0951008645
23.2142195,23.7985778,0.3035260000000006,-0.5415690000000339,0.588421000000055,0.37134002159932,-0.4941180074226139,0.2768735083152192,0.0027951200000004,-0.00721736,0.0090490800000007,0.6772776066779822,1.0,1428.15,73.31,25010.328046773797,672035.1930159596
23.3245805,23.9089388,0.3385260000000003,-0.4965690000000335,0.7184210000000549,0.3634955927002855,-0.4947039349032622,0.3824286257696595,0.0023951200000004,-0.00881736,0.0090490800000007,0.7232652922195101,1.0,1696.48,78.69,19472.79071960766,625404.7528275512
23.4350846,24.0194429,0.3835260000000007,-0.4215690000000338,0.8334210000000549,0.3682840062571467,-0.477220500416348,0.4902416106227704,0.0027951200000004,-0.00881736,0.0090490800000007,0.7769873564405354,1.0,1782.01,80.65,18058.203938249506,609962.802231866
23.5450848,24.1294431,0.3785260000000003,-0.4715690000000336,1.0934210000000548,0.3707324288455513,-0.4758694684175892,0.6344360007864942,0.0031951200000004,-0.01041736,0.0090490800000007,0.8754446435176363,1.0,1905.67,81.13,16237.49127603415,606294.8354492789
23.6550886,24.2394469,0.3335260000000004,-0.4915690000000337,1.313421000000055,0.3618379632652653,-0.4796225548496767,0.7967522695717933,0.0047951200000004,-0.01361736,0.0078490800000007,0.9978871107737038,1.0,2021.99,81.13,14728.11438236589,606294.8354492789
23.7650791,24.3494374,0.2035260000000005,-0.686569000000034,1.528421000000055,0.3239923448627138,-0.5290945974634227,0.9716629648707308,0.0067951200000004,-0.01601736,0.0090490800000007,1.1528404269004449,1.0,2126.59,82.11,13511.819391608162,598939.227865059
23.875902,24.4602603,0.3135260000000004,-0.5265690000000338,1.778421000000055,0.3214902895184815,-0.5284908351458667,1.164524300874361,0.0059951200000004,-0.01761736,0.0074490800000007,1.318626336918375,1.0,2246.33,82.6,12258.528355139271,595326.8765133172
23.9867809,24.5711392,0.3485260000000005,-0.456569000000034,1.858421000000055,0.3279533714045358,-0.5112974009189183,1.3304053192399703,0.0067951200000004,-0.01841736,0.0098490800000007,1.4625172680908936,1.0,2337.24,83.09,11392.753846417145,591757.1308220002
24.0967523,24.6811106,0.3385260000000003,-0.4615690000000338,1.943421000000056,0.3304808346428345,-0.4994094674606505,1.4769511459122924,0.0079951200000004,-0.01961736,0.0086490800000007,1.5937415366574306,1.0,2372.43,84.56,11075.437420703667,581296.1210974456
24.207598,24.7919563,0.4085260000000006,-0.5465690000000338,1.6784210000000552,0.3491380951893557,-0.5106832943762935,1.5251139698717635,0.0083951200000004,-0.01761736,0.0094490800000007,1.6458029826700054,1.0,2374.39,83.58,11058.040170317432,588229.2414453218
24.3175977,24.901956,0.2335260000000003,-0.6965690000000337,1.043421000000055,0.3215001886975737,-0.5551206150716185,1.409961785861446,0.0075951200000004,-0.01321736,0.0106490800000007,1.5490363153262952,1.0,2229.23,83.09,12429.26929926477,591757.1308220002
24.4284382,25.0127965,0.3585260000000003,-0.5365690000000336,0.293421000000055,0.3303514763494651,-0.5506857174791111,1.1430446455453258,0.0027951200000004,-0.00401736,0.0094490800000007,1.3110827277756327,1.0,1776.64,80.65,18143.011527377523,609962.802231866
24.539568,25.1239263,0.3485260000000005,-0.5715690000000337,0.093421000000055,0.3346962275138089,-0.5556780170184404,0.8921245310051442,0.0015951200000004,-0.00241736,0.0086490800000007,1.103034814559663,1.0,816.23,72.83,51257.243669063864,676530.275985171
24.6501072,25.2344655,0.4335260000000005,-0.4965690000000335,0.1134210000000549,0.3583221985344338,-0.5415475795196631,0.7059698268672281,0.0011951200000004,-0.00281736,0.0078490800000007,0.9591986109732958,1.0,75.27,69.4,654275.2756742395,710461.0951008645
24.7608903,25.3452486,0.4985260000000004,-0.581569000000034,0.1134210000000549,0.3918389300524563,-0.5511149891846565,0.5643167494625912,0.0011951200000004,-0.00281736,0.0074490800000007,0.8807490403813579,1.0,162.27,68.91,298128.4279287607,715584.0951966333
24.871789,25.4561473,0.4335260000000005,-0.4965690000000335,0.083421000000055,0.4018045252545808,-0.5380753764510819,0.4493551467498962,0.0015951200000004,-0.00281736,0.0086490800000007,0.8080173483092138,1.0,92.86,68.91,528444.9709239715,715584.0951966333
24.9820782,25.5664365,0.4335260000000005,-0.4965690000000335,0.0234210000000549,0.4093877729360574,-0.5281529773345542,0.3475325121868917,0.0015951200000004,-0.00241736,0.0094490800000007,0.7532083132333519,1.0,54.74,68.91,903408.8417975886,715584.0951966333
25.0929095,25.6772678,0.3935260000000005,-0.4965690000000335,-0.0465789999999449,0.4055959015364205,-0.5206025994023809,0.2533173082904966,0.0011951200000004,-0.00161736,0.0070490800000007,0.7068979845261975,1.0,46.92,67.94,1055643.6487638534,725943.4795407713
25.2037841,25.7881424,0.3935260000000005,-0.4965690000000335,-0.026578999999945,0.4027105043858695,-0.5148571938558842,0.1864060739317023,0.0011951200000004,-0.00161736,0.0098490800000007,0.6797064843051803,1.0,40.57,69.4,1222437.7618930244,710461.0951008645
25.3145937,25.898952,0.3735260000000004,-0.4315690000000336,0.093421000000055,0.3957337377949297,-0.4949465494731557,0.1641773203203681,0.0007951200000004,-0.00241736,0.0086490800000007,0.6546231515705092,1.0,40.57,68.43,1222437.7618930244,720673.6811340054
25.4254594,26.0098177,0.4535260000000005,-0.4865690000000338,0.293421000000055,0.4095493955438548,-0.49294383575545,0.1950739555538231,0.0011951200000004,-0.00401736,0.0078490800000007,0.6699090839323257,1.0,237.05,68.91,200925.9649862898,715584.0951966333
25.536283,26.1206413,0.3835260000000007,-0.5465690000000338,0.313421000000055,0.4033283148562183,-0.5057633186354273,0.22336567142167,0.0011951200000004,-0.00441736,0.0082490800000007,0.6843701390413897,1.0,1245.85,74.78,30133.242364650643,658627.9753944905
25.6476035,26.2319618,0.3585260000000003,-0.3665690000000337,0.4084210000000551,0.3926179978553589,-0.4724879112800686,0.2676044844859824,0.0019951200000004,-0.00561736,0.0078490800000007,0.670079009268878,1.0,1367.06,77.22,26574.839436454877,637500.6475006475
25.7579815,26.3423398,0.4535260000000005,-0.3865690000000337,0.4384210000000549,0.4071784957437308,-0.4519483748938104,0.3084394064316286,0.0011951200000004,-0.00481736,0.0074490800000007,0.6820458403987073,1.0,1483.87,76.74,23695.67414935271,641550.6906437321
25.8776178,26.4619761,0.4235260000000007,-0.4265690000000337,0.4784210000000549,0.4110864847241985,-0.4458812519947293,0.349074734255017,0.0015951200000004,-0.00561736,0.0066490800000007,0.6997537844831543,1.0,1480.94,77.22,23762.34013531946,637500.6475006475
25.9884898,26.5728481,0.4735260000000005,-0.4215690000000338,0.7934210000000551,0.4260131018896289,-0.440069232533154,0.4552989188658029,0.0023951200000004,-0.00841736,0.0074490800000007,0.7631809732457377,1.0,1609.48,78.69,21065.93433904118,625404.7528275512
26.0984809,26.6828392,0.4285260000000006,-0.4465690000000337,0.748421000000055,0.4266138283351109,-0.4416230488979013,0.5253718697607441,0.0031951200000004,-0.00841736,0.0074490800000007,0.8081125400465692,1.0,1790.32,80.65,17927.968184458645,609962.802231866
26.2084838,26.7928421,0.3735260000000004,-0.4515690000000336,0.8534210000000549,0.4139227994857986,-0.4440007003545447,0.6037943840436548,0.0039951200000004,-0.00961736,0.0090490800000007,0.8561754283160334,1.0,1802.54,81.13,17738.63548104342,606294.8354492789
26.3184677,26.902826,0.4435260000000003,-0.4315690000000336,1.0934210000000548,0.4209996584107141,-0.4410288125830353,0.7208431634600885,0.0051951200000004,-0.01241736,0.0074490800000007,0.9441196916797614,1.0,1891.98,79.67,16427.340669563102,617588.8038157399
26.4284697,27.012828,0.4885260000000007,-0.1865690000000339,1.418421000000055,0.4371423181516358,-0.3801983562664469,0.8876041843156834,0.0043951200000004,-0.01361736,0.0062490800000007,1.0599459346784643,1.0,1990.22,82.6,15122.850740119182,595326.8765133172
26.5384487,27.122807,0.5135260000000006,-0.3915690000000336,1.478421000000055,0.455402389063468,-0.3829165907880644,1.0288432119356972,0.0067951200000004,-0.01561736,0.0074490800000007,1.1885010753935523,1.0,2070.87,81.13,14144.441708074384,606294.8354492789
26.6484791,27.2328374,0.4685260000000006,-0.4165690000000339,1.298421000000055,0.4585396830577024,-0.3909614423020886,1.093287729497473,0.0063951200000004,-0.01481736,0.0070490800000007,1.2483539360995852,1.0,2046.43,83.09,14432.792717073144,591757.1308220002
26.7584693,27.3428276,0.4985260000000004,-0.3965690000000339,1.5584210000000551,0.4680987009683451,-0.3923019694765962,1.2044811977527794,0.0079951200000004,-0.01681736,0.0070490800000007,1.350478502177446,1.0,2071.85,80.16,14133.021212925647,613752.49500998
26.8693037,27.453662,0.4385260000000004,-0.3565690000000339,1.8634210000000555,0.4610291331801835,-0.3837597450021637,1.362005517404589,0.0091951200000004,-0.02041736,0.0062490800000007,1.4882467648093645,1.0,2132.45,83.09,13447.208609815005,591757.1308220002
26.9793676,27.5637259,0.4435260000000003,-0.3565690000000339,1.913421000000055,0.4568448827576408,-0.3772596009940483,1.493825371729809,0.0083951200000004,-0.02001736,0.0062490800000007,1.6070302718579177,1.0,2256.11,83.58,12162.03997145529,588229.2414453218
27.0904856,27.6748439,0.3535260000000004,-0.331569000000034,1.648421000000055,0.4321457574990411,-0.3663369327753155,1.530782573406444,0.0063951200000004,-0.01721736,0.0062490800000007,1.632252428726789,1.0,2304.5,83.09,11696.680407897593,591757.1308220002
27.2015156,27.7858739,0.4135260000000005,-0.4515690000000336,0.6184210000000551,0.4276945699670161,-0.3867122741286561,1.3126759487388333,0.0023951200000004,-0.00641736,0.0082490800000007,1.433731904694327,1.0,2036.17,82.6,14555.90643217413,595326.8765133172
27.3126501,27.8970084,0.4385260000000004,-0.4415690000000338,0.738421000000055,0.4302839015584348,-0.3998261707118402,1.1753961550486427,0.0019951200000004,-0.00721736,0.0094490800000007,1.313986805120042,1.0,1594.33,78.2,21361.1360257914,629386.189258312
27.4229824,28.0073407,0.4885260000000007,-0.3415690000000337,0.3684210000000549,0.4442070959091359,-0.3858993732260618,0.9824829149599226,-0.0008048799999995,-0.00321736,0.0078490800000007,1.1452121849248906,1.0,1684.26,78.2,19686.62795530381,629386.189258312
27.5420738,28.1264321,0.4185260000000004,-0.456569000000034,0.083421000000055,0.4380678444218182,-0.4027934579962511,0.7675556697155079,0.0003951200000004,-0.00201736,0.0078490800000007,0.9712299996568156,1.0,592.86,70.87,74336.9429544918,695517.1440666008
27.6534973,28.2378556,0.4135260000000005,-0.5315690000000337,0.053421000000055,0.432200939232053,-0.4335781815366369,0.5968366182891959,0.0011951200000004,-0.00241736,0.0078490800000007,0.8549863392526041,1.0,39.59,69.4,1252945.1881788329,710461.0951008645
27.7634996,28.3478579,0.3935260000000005,-0.5165690000000336,0.0334210000000549,0.4229554156359264,-0.4534177361836752,0.4621480448420945,0.0011951200000004,-0.00241736,0.0098490800000007,0.7733432242239269,1.0,41.54,68.43,1193659.123736158,720673.6811340054
27.8734991,28.4578574,0.4385260000000004,-0.5465690000000338,0.0234210000000549,0.4266776763039979,-0.4756862186874406,0.3572671755792346,0.0011951200000004,-0.00201736,0.0070490800000007,0.7321004390462408,1.0,40.08,69.4,1237504.99001996,710461.0951008645
27.984284,28.5686423,0.4585260000000004,-0.6065690000000339,-0.0465789999999449,0.4342912481434188,-0.506974693006474,0.2607248300794814,0.0011951200000004,-0.00201736,0.0078490800000007,0.7166656574602634,1.0,39.1,69.89,1268772.378516624,705409.9298898268
28.0943026,28.6786609,0.3285260000000005,-0.4315690000000336,0.053421000000055,0.4090073015677577,-0.4889484173919145,0.2111673520168318,0.0011951200000004,-0.00241736,0.0086490800000007,0.6715274962081577,1.0,38.61,68.43,1285001.295001295,720673.6811340054
28.2042845,28.7886428,0.4885260000000007,-0.4665690000000337,0.2334210000000549,0.4280168208401053,-0.4835984560041867,0.2164872473189107,-4.879999999594584e-06,-0.00281736,0.0082490800000007,0.6811259750027328,1.0,41.06,68.43,1207730.1509985386,720673.6811340054
28.3071532,28.8915115,0.3935260000000005,-0.4665690000000337,0.6584210000000551,0.4197715409700161,-0.4795274415322336,0.3221347032547176,0.0019951200000004,-0.00761736,0.0094490800000007,0.71409066709473,1.0,1076.74,75.76,36436.46562772815,649978.8806758183
28.4186615,29.0030198,0.3285260000000005,-0.4765690000000335,0.913421000000055,0.3979586352788689,-0.4788202047133313,0.4634859637137035,0.0039951200000004,-0.01001736,0.0082490800000007,0.7761823899022424,1.0,1742.42,78.69,18695.722041758014,625404.7528275512
28.529331,29.1136893,0.3235260000000006,-0.4515690000000336,1.173421000000055,0.3801649761430756,-0.4723056073745238,0.6332010624322719,0.0043951200000004,-0.01161736,0.0086490800000007,0.8766650336979576,1.0,1926.2,80.16,15957.844460595992,613752.49500998
28.6405015,29.2248598,0.4285260000000006,-0.3665690000000337,1.4084210000000552,0.3917260282372824,-0.4470285075815647,0.8185229883948772,0.0035951200000004,-0.01361736,0.0086490800000007,1.011564951112897,1.0,2037.15,80.65,14544.093463907908,609962.802231866
28.751381,29.3357393,0.4385260000000004,-0.3365690000000338,1.5684210000000554,0.4029138995519364,-0.4206223643777201,0.9977915250403868,0.0043951200000004,-0.01481736,0.0070490800000007,1.155357395488198,1.0,2124.63,82.6,13533.509363983374,595326.8765133172
28.8626488,29.4470071,0.4735260000000005,-0.4115690000000336,1.6784210000000552,0.4197942322383696,-0.4184580922252545,1.1605009176318457,0.0051951200000004,-0.01681736,0.0082490800000007,1.3031104144291676,1.0,2188.66,85.53,12845.028464905468,574590.20226821
28.9730068,29.5573651,0.3535260000000004,-0.3065690000000336,1.853421000000055,0.4039523326258768,-0.3917101964855729,1.326148468706879,0.0055951200000004,-0.01841736,0.0090490800000007,1.440584647328387,1.0,2250.24,79.67,12219.852104664395,617588.8038157399
29.0851837,29.669542,0.2635260000000006,-0.4015690000000338,2.353421000000055,0.3703824034265038,-0.3940670146818632,1.5717253879293491,0.0067951200000004,-0.02321736,0.0086490800000007,1.6621650435170188,1.0,2355.82,84.07,11224.032396363049,584742.4765076722
29.1951603,29.7795186,0.3135260000000004,-0.4165690000000339,3.243421000000055,0.3567904694788747,-0.3994462768177536,1.9713562996731424,0.0091951200000004,-0.03081736,0.0074490800000007,2.0428172770552697,1.0,2522.97,82.6,9817.913015216196,595326.8765133172
29.3143473,29.8987056,0.4535260000000005,-0.0865690000000336,4.383421000000055,0.379915796829762,-0.3246507036908367,2.5479777901026406,0.0083951200000004,-0.03681736,0.0082490800000007,2.596521694680036,1.0,2674.98,85.04,8691.728536288121,577958.6077140169
29.4243391,30.0086974,0.1735260000000007,-0.5215690000000339,5.423421000000055,0.3305768250180653,-0.3717254448846602,3.235373260510922,0.0171951200000004,-0.05081736,0.0090490800000007,3.273392884828034,1.0,2811.83,85.53,7782.013848632385,574590.20226821
29.5343561,30.1187144,0.3535260000000004,-0.4065690000000337,6.908421000000056,0.3360629910734026,-0.3800550484312673,4.113441855302709,0.0211951200000004,-0.06241736,0.0110490800000007,4.144609037142525,1.0,2964.32,86.51,6867.274788147029,567967.8649867068
29.6451858,30.2295441,0.3385260000000003,-0.5265690000000338,8.278421000000055,0.3366517911491234,-0.4150802669135275,5.109110206030475,0.0263951200000004,-0.07161736,0.0114490800000007,5.136986777657665,1.0,3121.7,88.47,6016.9138610372565,555163.3322030066
29.7560188,30.3403771,0.3935260000000005,-0.9115690000000336,10.013421000000056,0.3502479816120685,-0.5337694849991756,6.281521128160772,0.0359951200000004,-0.07961736,0.0182490800000007,6.313880834737839,1.0,3255.62,87.98,5358.057758583619,558310.9797681292
29.8668338,30.4511921,0.8135260000000006,-0.4265690000000337,11.448421000000057,0.4609979384477489,-0.5081424346855615,7.516705866197092,0.0339951200000004,-0.08761736,0.0174490800000007,7.547953027947578,1.0,3399.32,90.42,4708.82411776473,542975.00552975
29.9768415,30.5611998,0.8735260000000005,-0.3665690000000337,11.348421000000055,0.5596157515039293,-0.4742982824526101,8.432705047751085,0.0331951200000004,-0.08441736,0.0162490800000007,8.464552148367652,1.0,3456.99,90.42,4463.449416978356,542975.00552975
30.088509,30.6728673,0.4135260000000005,-0.2515690000000339,12.228421000000056,0.5246919411114247,-0.4210532385726964,9.340098364910524,0.0363951200000004,-0.09881736,0.0134490800000007,9.364295217953355,1.0,3471.16,91.4,4404.406596065868,537045.9518599563
30.1985416,30.7828999,0.5235260000000004,-0.2465690000000335,13.968421000000056,0.5244132144664341,-0.3793415209356907,10.446532324029532,0.0407951200000004,-0.11481736,0.0154490800000007,10.466563275784782,1.0,3509.29,91.89,4247.896298111584,534128.8497116118
30.3101953,30.8945536,0.9035260000000004,0.0834309999999662,14.058421000000056,0.6150428644114028,-0.2687124069174934,11.30998040289793,0.0363951200000004,-0.11281736,0.0110490800000007,11.32987823397189,1.0,3543.5,91.89,4110.342881332016,534128.8497116118
30.4202177,31.004576,0.4435260000000003,-0.3365690000000338,14.118421000000057,0.5740405190028021,-0.2849340156634857,11.981358414716707,0.0443951200000004,-0.11841736,0.0174490800000007,11.998485711648865,1.0,3544.48,91.4,4106.44156547646,537045.9518599563
30.5310477,31.115406,0.8785260000000006,-0.5165690000000336,15.688421000000057,0.6468299727197573,-0.3403080319100861,12.867558504105604,0.0591951200000004,-0.12721736,0.0210490800000007,12.88829936131108,1.0,3572.82,91.89,3994.547724206647,534128.8497116118
30.641064,31.2254223,0.7835260000000006,-0.4315690000000336,16.533421000000054,0.6795081454799832,-0.3621246255656926,13.74390941451268,0.0659951200000004,-0.13681736,0.0254490800000007,13.765460818968066,1.0,3622.68,93.35,3801.936687756027,525618.6395286557
30.7518873,31.3362456,0.5285260000000007,-0.3665690000000337,16.238421000000052,0.6434147729667535,-0.3631870853786524,14.340240428403987,0.0583951200000004,-0.14001736,0.0198490800000007,14.359261226591356,1.0,3635.39,90.91,3753.682548502362,539994.5000549995
30.8618572,31.4462155,0.6135260000000007,-0.7315690000000339,13.588421000000055,0.6362696458841914,-0.4512514431164295,14.16051256319317,0.0479951200000004,-0.11361736,0.0214490800000007,14.181980925792413,1.0,3610.46,92.86,3848.650864432788,528444.9709239715
30.9718942,31.5562525,0.4235260000000007,-0.941569000000034,9.823421000000057,0.5854117405583014,-0.5684653969525997,13.123699495550882,0.0399951200000004,-0.08201736,0.0234490800000007,13.14904362541392,1.0,3526.39,92.38,4178.806087812181,531242.6932236415
31.0822426,31.6666009,0.7035260000000005,-0.3215690000000337,4.903421000000055,0.6136478074892665,-0.5094430297776369,11.158582541097855,0.0131951200000004,-0.03841736,0.0166490800000007,11.187048768943455,1.0,3285.92,89.44,5216.43862297317,549033.9892665475
31.1930941,31.7774524,0.8085260000000005,-0.4865690000000338,2.358421000000055,0.6602348471331518,-0.5039748277262148,9.05484035575746,0.0059951200000004,-0.01401736,0.0114490800000007,9.092856237101984,1.0,2736.56,85.04,8271.114099453329,577958.6077140169
31.3043885,31.8887468,0.4135260000000005,-0.7415690000000337,1.3034210000000552,0.6012573150973071,-0.5607734308960735,7.201807565527944,0.0083951200000004,-0.01121736,0.0098490800000007,7.24858671815772,1.0,2491.69,81.62,10066.701716505664,602594.9522175937
31.4147344,31.9990927,0.3585260000000003,-0.7015690000000336,0.6584210000000551,0.5432306408267737,-0.5944316287427529,5.63756374016137,0.0051951200000004,-0.00601736,0.0102490800000007,5.6947847557888505,1.0,2209.19,85.53,12632.729642991322,574590.20226821
31.525794099999995,32.1101524,0.5485260000000007,-0.5065690000000338,0.203421000000055,0.5444965346887467,-0.5734274326563819,4.338492663994228,0.0015951200000004,-0.00161736,0.0102490800000007,4.409967584046698,1.0,1742.42,78.2,18695.722041758014,629386.189258312
31.637244299999995,32.2216026,0.4885260000000007,-0.4665690000000337,0.083421000000055,0.5311163740620494,-0.5478821524261656,3.3212870457352697,0.0011951200000004,-0.00041736,0.0094490800000007,3.4078155900683447,1.0,1135.87,76.74,34019.12190655621,641550.6906437321
31.748121699999995,32.33248,0.4735260000000005,-0.4765690000000335,0.0234210000000549,0.517348979132075,-0.5308342282002486,2.53290834500185,-4.879999999594584e-06,-1.7360000000013996e-05,0.0094490800000007,2.639139941006912,1.0,613.39,68.91,71514.20792644158,715584.0951966333
31.859426599999995,32.4437849,0.4285260000000006,-0.4515690000000336,-0.016578999999945,0.4961152043479312,-0.5118853028178376,1.923434978675136,0.0003951200000004,-1.7360000000013996e-05,0.0098490800000007,2.0512822761426865,1.0,52.79,70.87,937149.0812653912,695517.1440666008
31.9697139,32.5540722,0.5135260000000006,-0.5015690000000339,-0.026578999999945,0.500277380817368,-0.5094191161082863,1.4572700509310392,0.0003951200000004,-1.7360000000013996e-05,0.0078490800000007,1.6227819616185617,1.0,39.59,70.38,1252945.1881788329,700429.0991759022
32.0802415,32.6645998,0.4885260000000007,-0.4415690000000338,-0.026578999999945,0.4974681283455762,-0.4931990557297845,1.102545216558123,0.0007951200000004,-0.00081736,0.0082490800000007,1.3062640628324738,1.0,41.54,69.4,1193659.123736158,710461.0951008645
32.1902084,32.7745667,0.4035260000000007,-0.3715690000000335,-0.0565789999999449,0.4750105839632039,-0.464122512299417,0.8254481995278373,0.0007951200000004,-0.00121736,0.0074490800000007,1.0594382905124464,1.0,41.06,68.43,1207730.1509985386,720673.6811340054
32.3010597,32.885418,0.3585260000000003,-0.4915690000000337,-0.096578999999945,0.4471641027275144,-0.4706837934469913,0.6050309371151875,0.0007951200000004,-0.00121736,0.0082490800000007,0.887446563488887,1.0,39.59,68.43,1252945.1881788329,720673.6811340054
32.4111283,32.9954866,0.5085260000000007,-0.4315690000000336,-0.0565789999999449,0.4618331075249592,-0.461333119523456,0.4468683024352019,0.0003951200000004,-0.00121736,0.0086490800000007,0.7910811248517581,1.0,39.1,68.91,1268772.378516624,715584.0951966333
32.521906200000004,33.1062645,0.4235260000000007,-0.456569000000034,-0.016578999999945,0.4526755167554865,-0.4601942223372372,0.3360778770251927,0.0007951200000004,-0.00121736,0.0090490800000007,0.727765199201076,1.0,43.01,69.4,1152520.344106022,710461.0951008645
32.632220600000004,33.2165789,0.4185260000000004,-0.4815690000000339,0.073421000000055,0.4445118280922733,-0.4653040173406012,0.2732878532413094,0.0003951200000004,-0.00241736,0.0082490800000007,0.6991314930658472,1.0,38.61,69.89,1285001.295001295,705409.9298898268
32.743898900000005,33.3282572,0.3585260000000003,-0.4165690000000339,0.1534210000000549,0.4239562947586686,-0.4536535594025463,0.2446328161025052,-4.879999999594584e-06,-0.00201736,0.0078490800000007,0.6673722398619386,1.0,40.08,68.91,1237504.99001996,715584.0951966333
32.854387,33.4387453,0.5085260000000007,-0.4515690000000336,0.348421000000055,0.4441732936952358,-0.4531552304193301,0.269444131188649,-0.0004048799999995,-0.00361736,0.0086490800000007,0.6893763250362434,1.0,39.1,69.89,1268772.378516624,705409.9298898268
32.9647329,33.5490912,0.4985260000000004,-0.3615690000000338,0.6484210000000551,0.4571667007601799,-0.4312608804543243,0.3600412892593758,-0.0004048799999995,-0.00601736,0.0070490800000007,0.7243045417956044,1.0,801.56,71.36,52378.36219372225,690672.6457399103
33.0758448,33.6602031,0.3385260000000003,-0.3715690000000335,1.123421000000055,0.4288047842292249,-0.4169911052408204,0.5425327234697729,0.0015951200000004,-0.01121736,0.0070490800000007,0.8075251580374212,1.0,1709.68,79.18,19245.238875111132,621472.5940894164
33.1872537,33.771612,0.2485260000000004,-0.3865690000000337,2.0734210000000552,0.3857078385954762,-0.4097184812255658,0.9085026245152537,0.0039951200000004,-0.02001736,0.0074490800000007,1.0686518560143343,1.0,2116.81,83.09,13620.447749207533,591757.1308220002
33.2980881,33.8824464,-0.0614739999999995,-0.5715690000000337,3.738421000000055,0.2788057898117188,-0.4484100168837397,1.5850150544035193,0.0095951200000004,-0.03761736,0.0106490800000007,1.6706516496146058,1.0,2528.84,83.58,9771.91123202733,588229.2414453218
33.408957300000004,33.9933156,-0.0214739999999995,-0.7215690000000337,5.918421000000055,0.2070217369529284,-0.5137106449918398,2.6209470485358763,0.0187951200000004,-0.05521736,0.0130490800000007,2.67882811273472,1.0,2874.88,84.56,7392.030276046304,581296.1210974456
33.5197743,34.1041326,-0.0014739999999995,-0.5765690000000336,7.493421000000055,0.157179324942297,-0.5287373888208337,3.785747143488302,0.0215951200000004,-0.06881736,0.0106490800000007,3.825722154176415,1.0,3120.72,87.98,6021.943654028559,558310.9797681292
33.6310616,34.2154199,-0.1364739999999993,-0.1815690000000336,8.738421000000056,0.0869793763775444,-0.4457442776639373,4.969719605075242,0.0159951200000004,-0.07961736,0.0066490800000007,4.990427469270983,1.0,3270.28,88.95,5289.210709786316,552113.5469364811
33.7414809,34.3258392,-0.0164739999999996,-0.0015690000000336,10.393421000000057,0.0622480994475771,-0.339560968989098,6.266294602239385,0.0211951200000004,-0.09281736,0.0074490800000007,6.275796723890927,1.0,3382.21,89.93,4783.233447952671,545987.9906594018
33.8610862,34.4454445,0.1485260000000003,-0.2215690000000336,11.198421000000057,0.0828734548125985,-0.3113541364742138,7.4453550453850355,0.0267951200000004,-0.09881736,0.0062490800000007,7.452323205528098,1.0,3461.88,89.44,4443.019399863657,549033.9892665475
33.9719655,34.5563238,0.4435260000000003,0.1434309999999663,12.148421000000056,0.1690900509532271,-0.2026344644092883,8.569656934953253,0.0163951200000004,-0.10041736,0.0042490800000007,8.573719855132321,1.0,3489.74,88.95,4327.714958707527,552113.5469364811
34.081928500000004,34.6662868,-0.2514739999999995,-0.5115690000000337,13.998421000000056,0.0685511765818847,-0.2764874967650693,9.867442199980816,0.0359951200000004,-0.13761736,0.0110490800000007,9.871553077892068,1.0,3534.21,92.38,4147.433231188867,531242.6932236415
34.1936149,34.7779732,0.2035260000000005,-0.8015690000000337,15.223421000000055,0.1008178831255623,-0.4020120230977465,11.14782762163112,0.0431951200000004,-0.14041736,0.0198490800000007,11.155529507552512,1.0,3565.98,90.91,4021.3910341617166,539994.5000549995
34.304429,34.8887873,-0.1764739999999993,-0.4515690000000336,16.403421000000055,0.0345292554157861,-0.4138589764065463,12.404215183090717,0.0451951200000004,-0.16281736,0.0094490800000007,12.411165369547296,1.0,3596.29,93.35,3903.216926332416,525618.6395286557
34.4144127,34.998771,0.3785260000000003,-0.5465690000000338,16.588421000000054,0.1167641621072034,-0.4455842661921143,13.404479808696752,0.0463951200000004,-0.15321736,0.0142490800000007,13.412391962270917,1.0,3613.88,92.38,3835.5451758221084,531242.6932236415
34.5246887,35.109047,0.4235260000000007,-0.6915690000000339,16.218421000000053,0.1900977953835675,-0.5043886937068498,14.077172777293471,0.0471951200000004,-0.14641736,0.0182490800000007,14.087488723258003,1.0,3626.1,92.86,3788.9192245111826,528444.9709239715
34.6352624,35.2196207,0.3785260000000003,-0.7465690000000336,15.893421000000057,0.2351429188291186,-0.5622836453424844,14.511360034801555,0.0495951200000004,-0.14401736,0.0174490800000007,14.524153164633416,1.0,3632.45,90.42,3764.8143814780656,542975.00552975
34.746974200000004,35.3313325,0.5235260000000004,-0.7415690000000337,15.218421000000056,0.3040829775501253,-0.6051431044609757,14.680388066065404,0.0491951200000004,-0.13481736,0.0198490800000007,14.696001442718623,1.0,3633.43,91.89,3761.101768852022,534128.8497116118
34.856935400000005,35.4412937,0.5485260000000007,-0.5515690000000337,13.298421000000056,0.3625188478279977,-0.5923358277911139,14.350018856130411,0.0423951200000004,-0.11481736,0.0202490800000007,14.366813245087233,1.0,3619.26,91.89,3814.978752562679,534128.8497116118
34.966919700000005,35.551278,0.5635260000000004,-0.4465690000000337,8.213421000000055,0.4105710595521278,-0.557489214644841,12.883020810228588,0.0215951200000004,-0.06961736,0.0154490800000007,12.901611837912732,1.0,3531.28,91.89,4159.1717450895985,534128.8497116118
35.0769309,35.6612892,0.8435260000000004,-0.3515690000000335,4.318421000000055,0.5140720655641271,-0.5082624998465364,10.835591358258728,0.0087951200000004,-0.03081736,0.0126490800000007,10.859679596586394,1.0,3253.18,87.98,5369.576844810309,558310.9797681292
35.1886025,35.7729608,0.5935260000000007,-0.706569000000034,1.9334210000000551,0.5330661025353126,-0.555669101197184,8.707463228304043,0.0071951200000004,-0.01201736,0.0102490800000007,8.741444016406245,1.0,2844.09,85.04,7580.315672148208,577958.6077140169
35.298622900000005,35.8829812,0.6535260000000005,-0.6365690000000337,0.5034210000000551,0.5618629111796491,-0.5750088063953789,6.746227670820847,0.0019951200000004,-0.00201736,0.0094490800000007,6.793961498635416,1.0,2204.79,82.6,12677.896761142783,595326.8765133172
35.4086258,35.9929841,0.5135260000000006,-0.5015690000000339,0.1134210000000549,0.550307623395126,-0.5574524901760012,5.160607323347976,0.0007951200000004,-0.00081736,0.0094490800000007,5.219718354946268,1.0,1181.82,74.29,32307.627219035054,663038.0939561178
35.5186396,36.1029979,0.5385260000000005,-0.5365690000000336,0.0234210000000549,0.5474911412166605,-0.5524601409952332,3.932525823717623,0.0007951200000004,0.0003826399999999,0.0094490800000007,4.008705291151391,1.0,496.09,69.89,90788.16343808583,705409.9298898268
35.6286308,36.2129891,0.5385260000000005,-0.561569000000034,0.0234210000000549,0.5453479594481281,-0.5546376795391821,2.998026077756552,-4.879999999594584e-06,-1.7360000000013996e-05,0.0074490800000007,3.097287154163653,1.0,41.06,68.43,1207730.1509985386,720673.6811340054
35.738661,36.3230193,0.4285260000000006,-0.5515690000000337,0.0134210000000549,0.5174208261656983,-0.5539040895284024,2.2845346742937216,0.0003951200000004,-1.7360000000013996e-05,0.0086490800000007,2.406996620229576,1.0,39.1,69.4,1268772.378516624,710461.0951008645
35.8494408,36.4337991,0.4285260000000006,-0.4765690000000335,-0.0365789999999449,0.4961698758291718,-0.5354165777380666,1.7296556836322745,-4.879999999594584e-06,-0.00041736,0.0078490800000007,1.877382284277368,1.0,42.03,67.94,1179626.45729241,725943.4795407713
35.959448900000005,36.5438072,0.4085260000000006,-0.4865690000000338,-0.096578999999945,0.4752179742069702,-0.5237392114239052,1.2930810905016124,-4.879999999594584e-06,-1.7360000000013996e-05,0.0090490800000007,1.4738363515686366,1.0,40.57,68.43,1222437.7618930244,720673.6811340054
36.0694265,36.6537848,0.4535260000000005,-0.5115690000000337,-0.126578999999945,0.4700323510784174,-0.5208298344701594,0.9537010907954117,-4.879999999594584e-06,0.0007826399999999,0.0078490800000007,1.1839509694741908,1.0,43.99,68.91,1126621.9595362584,715584.0951966333
36.180566500000005,36.7649248,0.4785260000000004,-0.5215690000000339,-0.086578999999945,0.4720628192079349,-0.52100653732952,0.705014620512399,-0.0004048799999995,0.0003826399999999,0.0098490800000007,0.9956589437929446,1.0,41.06,69.4,1207730.1509985386,710461.0951008645
36.2911463,36.8755046,0.4735260000000005,-0.4265690000000337,-0.126578999999945,0.4724126031457266,-0.4984305618509023,0.5062161584203578,-4.879999999594584e-06,-1.7360000000013996e-05,0.0086490800000007,0.8531479892983355,1.0,37.15,68.91,1335895.0201884252,715584.0951966333
36.4019667,36.986325,0.3585260000000003,-0.5415690000000339,-0.146578999999945,0.445187187991257,-0.508743117105735,0.3501607602619008,0.0011951200000004,-0.00041736,0.0078490800000007,0.761330250010608,1.0,42.03,65.49,1179626.45729241,753475.3397465262
36.5119855,37.0963438,0.4235260000000007,-0.3815690000000338,-0.0365789999999449,0.4400089245299581,-0.4783412257553056,0.2577078269138408,0.0003951200000004,-0.00121736,0.0082490800000007,0.6991648632302346,1.0,40.08,69.89,1237504.99001996,705409.9298898268
36.6228003,37.2071586,0.6035260000000005,-0.2815690000000337,0.4284210000000549,0.4790988626047658,-0.4313014037825547,0.298518044105602,-0.0016048799999995,-0.00361736,0.0066490800000007,0.7104010442775381,1.0,40.08,67.94,1237504.99001996,725943.4795407713
36.732835300000005,37.3171936,0.3435260000000006,-0.4915690000000337,1.2834210000000552,0.4466891904735174,-0.4457088080079953,0.5339662102676901,0.0023951200000004,-0.01001736,0.0070490800000007,0.8266241516731975,1.0,1286.9,73.8,28853.057735643793,667506.7750677507
36.8428044,37.4271627,0.2785260000000007,-0.5065690000000338,3.593421000000056,0.4064885650454032,-0.4602578765340254,1.2653509780635313,0.0103951200000004,-0.03281736,0.0078490800000007,1.406479066360611,1.0,2274.19,81.13,11985.849906999854,606294.8354492789
36.9540146,37.5383729,0.2785260000000007,-0.3565690000000339,9.418421000000055,0.3758981895195471,-0.4354703015904979,3.2144012614112096,0.0275951200000004,-0.08561736,0.0082490800000007,3.265472293836432,1.0,2985.34,86.51,6748.511057366999,567967.8649867068
37.0648394,37.6491977,0.4535260000000005,0.3934309999999663,12.648421000000056,0.394455678367981,-0.2373154577849958,5.46967182760669,0.0087951200000004,-0.09441736,-0.0001509199999992,5.489009365123615,1.0,3433.04,88.95,4564.351129028499,552113.5469364811
37.176160200000005,37.7605185,0.8635260000000005,0.0384309999999663,12.813421000000057,0.5065903271355041,-0.1713962751664409,7.225248115652337,0.0047951200000004,-0.08481736,0.0050490800000007,7.245013511058889,1.0,3511.24,92.86,4239.983595538899,528444.9709239715
37.2866443,37.8710026,0.1985260000000006,-0.4815690000000339,14.588421000000055,0.4329453243969958,-0.2455453056049216,8.985467782350007,0.0227951200000004,-0.10881736,0.0102490800000007,8.999242491380693,1.0,3567.94,92.38,4013.688570996148,531242.6932236415
37.3978138,37.9821721,0.4535260000000005,0.0734309999999662,17.488421000000052,0.4378652835666824,-0.1692917155894227,11.018160171052994,0.0143951200000004,-0.12921736,0.0110490800000007,11.0281566567808,1.0,3623.17,92.86,3800.0701043561303,528444.9709239715
37.5170337,38.101392,0.2035260000000005,-1.4465690000000335,19.48842100000005,0.3818447850543136,-0.4746340769816227,13.043037208079443,0.0427951200000004,-0.14361736,0.0314490800000007,13.057254786449189,1.0,3710.66,92.86,3474.6918337977604,528444.9709239715
37.6278489,38.2122072,0.7835260000000006,0.2034309999999661,20.32842100000005,0.4778695810757977,-0.3125377222510365,14.784660830314293,0.0031951200000004,-0.13281736,0.0094490800000007,14.795682986323312,1.0,3728.74,93.35,3409.3554391027546,525618.6395286557
37.7378196,38.3221779,0.3535260000000004,-0.7215690000000337,21.07842100000005,0.4481443498100071,-0.410319603879644,16.289229662550902,0.0303951200000004,-0.14801736,0.0294490800000007,16.30055822770873,1.0,3758.06,90.91,3304.737018568091,539994.5000549995
37.8486914,38.4330497,0.3485260000000005,0.4984309999999663,22.42342100000005,0.4243298636837486,-0.193076207561648,17.75565241277823,0.0147951200000004,-0.16121736,0.0186490800000007,17.761771501135172,1.0,3794.72,92.86,3176.202723784627,528444.9709239715
37.9586496,38.5430079,0.2585260000000007,-0.4215690000000338,22.43842100000005,0.3846932523675868,-0.2476990601370218,18.875102070050826,0.0275951200000004,-0.16921736,0.0234490800000007,18.88064675474987,1.0,3800.59,92.86,3155.852117697515,528444.9709239715
38.0695026,38.6538609,-0.2264739999999996,-0.5115690000000337,22.93342100000005,0.2385893058548188,-0.3107790753549927,19.845272525971183,0.0339951200000004,-0.18361736,0.0278490800000007,19.84913978288765,1.0,3814.27,93.35,3108.6682379590334,525618.6395286557
38.1794962,38.7638545,-0.5614739999999996,-0.9315690000000336,23.65842100000005,0.047328393244377,-0.4591833911861245,20.756833213387857,0.0467951200000004,-0.19121736,0.0322490800000007,20.76196557197679,1.0,3830.89,91.89,3051.797363014861,534128.8497116118
38.289546900000005,38.8739052,0.0635260000000004,0.0434309999999662,24.31842100000005,0.051200548144514,-0.3390297902824012,21.608256501301103,0.0295951200000004,-0.18161736,0.0214490800000007,21.610976648935853,1.0,3848.97,92.86,2990.4883644195725,528444.9709239715
38.399573700000005,38.983932,-0.3014739999999993,-0.2265690000000335,24.15342100000005,-0.0331088501730673,-0.3121452259924345,22.21669645999257,0.0443951200000004,-0.18641736,0.0274490800000007,22.21891384459456,1.0,3853.86,93.84,2974.005283014951,522821.8243819266
38.510372,39.0947303,-0.3214739999999993,0.0734309999999662,23.90842100000005,-0.1020446222767738,-0.2199704439164039,22.621115431640824,0.0467951200000004,-0.19281736,0.0218490800000007,22.622415067201626,1.0,3860.21,92.86,2952.663197079952,528444.9709239715
38.620353,39.2047113,-0.2864739999999997,-0.1765690000000337,23.44342100000005,-0.1461337972675351,-0.2095950152330614,22.81769351777239,0.0499951200000004,-0.18961736,0.0234490800000007,22.819124054794624,1.0,3857.28,92.86,2962.5020740003306,528444.9709239715
38.7303571,39.3147154,-0.2364739999999994,0.3384309999999662,23.89842100000005,-0.1677302753131847,-0.0785854375650251,23.076049229153504,0.0383951200000004,-0.18881736,0.0178490800000007,23.07679260951508,1.0,3854.84,94.33,2970.706955411897,520054.0655146825
38.8428113,39.4271696,0.0685260000000003,0.2634309999999662,24.358421000000053,-0.1112515060762123,0.00317606242848,23.3826094643288,0.0403951200000004,-0.18721736,0.0194490800000007,23.3828743388467,1.0,3865.59,92.86,2934.6361098823204,528444.9709239715
38.9528334,39.5371917,0.7485260000000005,0.7334309999999662,23.498421000000054,0.0942845174492887,0.1777487803323159,23.410295048508463,0.0343951200000004,-0.16761736,0.0154490800000007,23.41115969911273,1.0,3865.1,92.86,2936.2759048925004,528444.9709239715
39.0637131,39.6480714,0.2385260000000006,-0.0815690000000337,21.02342100000005,0.1287664857973514,0.1157569917331781,22.83969556536364,0.0387951200000004,-0.15481736,0.0210490800000007,22.840351880115406,1.0,3848.0,92.86,2993.762993762994,528444.9709239715
39.1737157,39.758074,-0.1014739999999996,-0.6265690000000339,16.093421000000053,0.0737258344998605,-0.0617013988646142,21.226949898052418,0.0395951200000004,-0.12841736,0.0202490800000007,21.227167605116847,1.0,3785.92,95.31,3206.8295156791482,514603.9240373518
39.2853596,39.8697179,0.5485260000000007,-0.0715690000000337,10.743421000000057,0.1872302438342193,-0.0640603201957453,18.7207865860416,0.0111951200000004,-0.07161736,0.0146490800000007,18.72183242337525,1.0,3649.56,90.91,3700.281677791295,539994.5000549995
39.3957187,39.980077,0.2185260000000006,-0.6165690000000337,8.038421000000055,0.1947117204140081,-0.1961415112105652,16.167089927448146,0.0171951200000004,-0.06041736,0.0154490800000007,16.169452089315886,1.0,3542.03,91.89,4116.198902889021,534128.8497116118
39.507067500000005,40.0914258,0.7085260000000004,-0.0015690000000336,6.228421000000055,0.3175427355433614,-0.149627546889616,13.791179327266589,0.0043951200000004,-0.04121736,0.0086490800000007,13.795646017077628,1.0,3391.5,88.47,4742.739200943535,555163.3322030066
39.6179138,40.2022721,0.5135260000000006,-0.3565690000000339,5.558421000000055,0.3643939506185248,-0.1990983961201539,11.823078978892475,0.0151951200000004,-0.04081736,0.0098490800000007,11.830368534568745,1.0,3325.02,89.93,5037.50353381333,545987.9906594018
39.7282521,40.3126104,0.3235260000000006,-0.4265690000000337,4.228421000000055,0.3546241718090017,-0.2534768871367246,10.007521128185694,0.0075951200000004,-0.03281736,0.0082490800000007,10.017009931442956,1.0,3204.3,89.44,5604.03208188996,549033.9892665475
39.8398867,40.424245,0.5785260000000005,-0.5315690000000337,3.743421000000056,0.4081495212176992,-0.3199568155458575,8.510042743122279,0.0083951200000004,-0.02681736,0.0106490800000007,8.52583051000034,1.0,3035.19,87.98,6473.433294126563,558310.9797681292
39.9506888,40.5350471,0.3035260000000006,-0.3415690000000337,4.143421000000055,0.3831385127110222,-0.3251233643576349,7.466170272653416,0.0095951200000004,-0.03481736,0.0070490800000007,7.483060795037498,1.0,3058.65,87.49,6347.081228646625,561493.8850154304
40.0615432,40.6459015,0.2735260000000004,-0.3565690000000339,4.098421000000055,0.3569348497493341,-0.33264067070898,6.661085481715989,0.0075951200000004,-0.03361736,0.0066490800000007,6.678930460597926,1.0,3091.89,87.98,6171.338566378495,558310.9797681292
40.1723893,40.7567476,0.4835260000000003,-0.1965690000000337,3.878421000000056,0.3871973786619418,-0.3001117548972315,5.995869436476903,0.0015951200000004,-0.02761736,0.0030490800000007,6.015848998665778,1.0,3014.66,86.51,6585.618278678194,567967.8649867068
40.2832033,40.8675616,0.4035260000000007,-0.2915690000000339,3.563421000000055,0.3911008535444084,-0.2980695476295208,5.414375066676588,0.0043951200000004,-0.02641736,0.0062490800000007,5.4366591483664255,1.0,2963.83,86.51,6870.06339769825,567967.8649867068
40.402856,40.9872143,0.2735260000000004,-0.0515690000000337,3.448421000000055,0.3629937354896489,-0.2391418110947014,4.944399545750754,0.0011951200000004,-0.03041736,0.0022490800000007,4.963470572677815,1.0,2869.01,86.02,7427.614403574751,571260.172053011
40.5136906,41.0980489,0.4635260000000003,-0.2665690000000336,2.578421000000055,0.3870266995267888,-0.245698478725856,4.378795283481138,0.0011951200000004,-0.02041736,0.0050490800000007,4.402727057544161,1.0,2766.86,84.07,8071.026362013256,584742.4765076722
40.6237137,41.208072,0.3035260000000006,-0.2115690000000338,2.408421000000055,0.3670652541283645,-0.2375395802983809,3.907763077798252,-0.0008048799999995,-0.01921736,0.0046490800000007,3.932146261928709,1.0,2677.42,83.58,8674.694295254387,588229.2414453218
40.7345646,41.3189229,0.3635260000000007,-0.1065690000000336,2.288421000000055,0.3662191698627852,-0.2062301169975773,3.520647656603852,-0.0028048799999995,-0.01761736,0.0030490800000007,3.545646240600155,1.0,2656.4,85.04,8822.466496009636,577958.6077140169
40.8453687,41.429727,0.4685260000000006,-0.1265690000000336,1.843421000000056,0.3906763566317982,-0.1871865515384183,3.1196945087103107,-0.0020048799999995,-0.01281736,0.0038490800000007,3.1496286524581287,1.0,2599.22,84.07,9236.54019282708,584742.4765076722
40.9561963,41.5405546,0.5435260000000004,-0.2865690000000336,1.0934210000000548,0.4272161680052845,-0.2109446437432843,2.635299189442149,-0.0012048799999995,-0.00801736,0.0042490800000007,2.678024106464232,1.0,2371.46,83.09,11084.057922123924,591757.1308220002
41.0670783,41.6514366,0.4485260000000006,-0.3615690000000338,0.6684210000000551,0.4323104372775516,-0.24695248415817,2.1651027502937046,0.0003951200000004,-0.00641736,0.0054490800000007,2.22160927323874,1.0,2108.02,81.13,13718.940048007133,606294.8354492789
41.1778935,41.7622518,0.5185260000000005,-0.3215690000000337,0.7534210000000551,0.4529208903340134,-0.2647901012708289,1.827630030446628,0.0027951200000004,-0.00801736,0.0070490800000007,1.901442257556698,1.0,1986.31,82.11,15172.304423780777,598939.227865059
41.2889791,41.8733374,0.6435260000000005,-0.2565690000000338,0.6684210000000551,0.498486418656775,-0.2628247876260103,1.5505127380436323,0.0007951200000004,-0.00641736,0.0046490800000007,1.6497440193592086,1.0,2020.04,82.6,14751.985109205758,595326.8765133172
41.3995386,41.9838969,0.4135260000000005,-0.3865690000000337,0.4484210000000549,0.4781760168558848,-0.2924067354740357,1.2870497469826567,0.0007951200000004,-0.00441736,0.0058490800000007,1.4037987937218293,1.0,1850.93,80.65,17013.447294062982,609962.802231866
41.5095642,42.0939225,0.3635260000000007,-0.4115690000000336,0.2584210000000549,0.4507681021393985,-0.3208933355907832,1.0411486146028548,0.0015951200000004,-0.00401736,0.0078490800000007,1.1790482824814164,1.0,1688.66,79.18,19609.275993983392,621472.5940894164
41.620432,42.2047903,0.5335260000000006,-0.4665690000000337,0.1134210000000549,0.470551975433811,-0.3557181554721009,0.8193686267889428,0.0003951200000004,-0.00121736,0.0078490800000007,1.0096135469986194,1.0,1435.0,75.76,24843.20557491289,649978.8806758183
41.7311976,42.3155559,0.5785260000000005,-0.4665690000000337,-0.0365789999999449,0.4963639459686765,-0.3822178505998486,0.6147481635726337,0.0007951200000004,-0.00041736,0.0078490800000007,0.8777146214976078,1.0,339.69,68.43,137193.02893814948,720673.6811340054
41.841215600000005,42.4255739,0.4085260000000006,-0.4415690000000338,-0.0565789999999449,0.4753656504777392,-0.39640617159356,0.4542625557145347,0.0003951200000004,-0.00041736,0.0078490800000007,0.7677661258846262,1.0,39.59,70.38,1252945.1881788329,700429.0991759022
41.9512615,42.5356198,0.5835260000000004,-0.4165690000000339,-0.026578999999945,0.5012221633392926,-0.4012262413725503,0.3393139084087871,-0.0004048799999995,-0.00041736,0.0082490800000007,0.7261818520371542,1.0,39.59,67.94,1252945.1881788329,725943.4795407713
42.0620707,42.646429,0.4985260000000004,-0.3415690000000337,0.043421000000055,0.5005776260170005,-0.3869647468817638,0.2685785712385039,-0.0008048799999995,-0.00081736,0.0082490800000007,0.6873529835001807,1.0,40.57,67.45,1222437.7618930244,731289.8443291327
42.1720677,42.756426,0.4035260000000007,-0.3215690000000337,0.083421000000055,0.4773767337544737,-0.3713314211962701,0.2243153163277421,-0.0004048799999995,-0.00201736,0.0070490800000007,0.6450526578791428,1.0,41.06,67.45,1207730.1509985386,731289.8443291327
42.282051800000005,42.8664101,0.4085260000000006,-0.3915690000000336,0.043421000000055,0.4609174684995706,-0.3761693605977003,0.1810712232994916,-4.879999999594584e-06,-0.00121736,0.0070490800000007,0.6218802847234424,1.0,57.67,68.91,857001.9074041963,715584.0951966333
42.3920659,42.9764242,0.3635260000000007,-0.3915690000000336,0.0234210000000549,0.4376353344366956,-0.3798507556378278,0.1433837986159232,-4.879999999594584e-06,-0.00121736,0.0070490800000007,0.5969675001301821,1.0,70.38,69.4,700429.0991759022,710461.0951008645
42.502931100000005,43.0872894,0.4535260000000005,-0.3915690000000336,0.1234210000000549,0.4414341128275852,-0.3826520866006483,0.1386115474033145,-0.0008048799999995,-0.00121736,0.0070490800000007,0.6004164025251547,1.0,39.1,69.89,1268772.378516624,705409.9298898268
42.612902600000005,43.1972609,0.5685260000000008,-0.3265690000000336,0.1034210000000549,0.4718163465184657,-0.3692450196263875,0.1301989928437509,-0.0016048799999995,-0.00121736,0.0058490800000007,0.6131103710576518,1.0,43.01,69.4,1152520.344106022,710461.0951008645
42.7237037,43.308062,0.4785260000000004,-0.3265690000000336,0.063421000000055,0.4734203376511512,-0.3590430088597561,0.1142352312762425,-0.0012048799999995,-0.00121736,0.0066490800000007,0.6050523831682126,1.0,38.12,68.91,1301647.429171039,715584.0951966333
42.8337544,43.4181127,0.2735260000000004,-0.3665690000000337,0.578421000000055,0.4256341522767696,-0.3608421514066695,0.2252021923869502,-4.879999999594584e-06,-0.00761736,0.0062490800000007,0.6017370831783987,1.0,525.9,71.85,85075.10933637574,685894.2240779402
42.9446189,43.5289772,0.1585260000000006,-0.5715690000000337,1.023421000000055,0.3617800189897043,-0.411217926771629,0.4160221643687731,0.0047951200000004,-0.01401736,0.0062490800000007,0.6877931423652217,1.0,1806.45,82.6,17678.5961416037,595326.8765133172
43.0546132,43.6389715,0.2185260000000006,-0.3615690000000338,1.853421000000055,0.3275341109389529,-0.3993489921823611,0.7596427392360234,0.0051951200000004,-0.02081736,0.0074490800000007,0.9185941991214874,1.0,2109.48,83.09,13702.523844738987,591757.1308220002
43.1645628,43.7489211,0.4785260000000004,-0.2365690000000337,2.388421000000055,0.3636298127256199,-0.3604352591918844,1.1490139481317183,0.0043951200000004,-0.02201736,0.0042490800000007,1.257924190789266,1.0,2391.5,82.6,10907.38030524775,595326.8765133172
43.2745691,43.8589274,0.5385260000000005,-0.3415690000000337,2.983421000000055,0.4054400096755284,-0.3559251436495609,1.5875422049232308,0.0063951200000004,-0.02681736,0.0054490800000007,1.6767094446385655,1.0,2502.93,82.6,9976.587439520883,595326.8765133172
43.3849142,43.9692725,0.5235260000000004,-0.1715690000000338,4.353421000000055,0.4336693186698153,-0.3118534757931318,2.2487455105179723,0.0079951200000004,-0.03641736,0.0038490800000007,2.3113152185270045,1.0,2713.1,84.56,8429.103239836351,581296.1210974456
43.4966157,44.080974,0.6885260000000006,-0.0565690000000338,6.273421000000055,0.4945946493272433,-0.2508258777791238,3.2108732589675464,0.0143951200000004,-0.05241736,0.0046490800000007,3.258411357281287,1.0,3000.0,86.02,6666.666666666667,571260.172053011
43.6079402,44.1922985,0.2985260000000007,-0.2865690000000336,8.248421000000056,0.447723022381975,-0.259370529340432,4.415135435745072,0.0195951200000004,-0.06961736,0.0062490800000007,4.445351492540608,1.0,3187.68,89.44,5685.388746674697,549033.9892665475
43.7187695,44.3031278,0.6935260000000005,0.0684309999999661,9.558421000000056,0.5064839997665803,-0.1810072058409788,5.644675002972801,0.0127951200000004,-0.07321736,0.0030490800000007,5.670242105922101,1.0,3325.02,88.47,5037.50353381333,555163.3322030066
43.8291224,44.4134807,0.1135260000000006,-0.8265690000000336,10.113421000000056,0.4125445513467723,-0.3353334160217771,6.712961014043513,0.0375951200000004,-0.09161736,0.0154490800000007,6.733980032849433,1.0,3409.09,89.93,4666.67057777882,545987.9906594018
43.941242,44.5256003,0.3935260000000005,-0.2915690000000339,11.933421000000056,0.4079980292647157,-0.3248712162346761,7.960949684256976,0.0367951200000004,-0.10641736,0.0102490800000007,7.978015014669559,1.0,3447.21,89.44,4504.483335799095,549033.9892665475
44.0516386,44.6359969,0.4435260000000003,-0.3365690000000338,14.423421000000056,0.4164912473092146,-0.3276676559440207,9.505850134662229,0.0431951200000004,-0.13001736,0.0122490800000007,9.520610160829763,1.0,3509.29,92.86,4247.896298111584,528444.9709239715
44.162456,44.7468143,0.1585260000000006,-0.4315690000000336,16.193421000000054,0.3548227914994293,-0.35250602278347,11.104562258429617,0.0475951200000004,-0.15281736,0.0130490800000007,11.115820377318334,1.0,3574.29,91.89,3988.79217970562,534128.8497116118
44.273892,44.8582503,0.4535260000000005,-0.4515690000000336,17.048421000000054,0.3784185064850427,-0.3761877430794705,12.525484626723564,0.0527951200000004,-0.15481736,0.0138490800000007,12.536845014531444,1.0,3626.1,92.86,3788.9192245111826,528444.9709239715
44.3841823,44.9685406,0.2785260000000007,-1.0765690000000336,17.758421000000055,0.3545384812252159,-0.5436189418278645,13.776455867450426,0.0643951200000004,-0.16121736,0.0202490800000007,13.791735037927346,1.0,3649.56,91.89,3700.281677791295,534128.8497116118
44.4954316,45.0797899,0.9035260000000004,-0.706569000000034,19.56342100000005,0.4857779132604365,-0.5825733303217036,15.159871685169598,0.0683951200000004,-0.17001736,0.0246490800000007,15.178836627917857,1.0,3677.91,91.89,3594.6774118996937,534128.8497116118
44.6146183,45.1989766,1.0685260000000003,-0.8865690000000337,21.56842100000005,0.6250880529408371,-0.655245691104677,16.691881691745145,0.0739951200000004,-0.18721736,0.0270490800000007,16.71642893685303,1.0,3720.43,93.35,3439.3067468007744,525618.6395286557
44.725532900000005,45.3098912,1.3785260000000006,-0.4615690000000338,23.55842100000005,0.8052028367277375,-0.6089458790510961,18.33337751459021,0.0623951200000004,-0.19401736,0.0246490800000007,18.36115186431314,1.0,3750.73,93.35,3330.738282947585,525618.6395286557
44.8354775,45.4198358,1.4035260000000005,-0.581569000000034,24.413421000000053,0.9482363109615692,-0.6024012383540236,19.786855829644544,0.0671951200000004,-0.19881736,0.0298490800000007,19.818721022723302,1.0,3782.5,93.35,3218.7706543291483,525618.6395286557
44.946268700000005,45.530627,1.0785260000000003,-0.706569000000034,24.98842100000005,0.9793830022881966,-0.6273032942428587,21.03032755769979,0.0743951200000004,-0.20961736,0.0306490800000007,21.06246371325744,1.0,3793.74,92.86,3179.606404234345,528444.9709239715
45.0562829,45.6406412,1.4335260000000003,-0.5115690000000337,24.498421000000054,1.0879491664434155,-0.5996361751846264,21.859400347238523,0.0679951200000004,-0.20921736,0.0314490800000007,21.89467013846536,1.0,3801.08,93.35,3154.1561871889035,525618.6395286557
45.166284000000005,45.7506423,0.8185260000000005,-1.001569000000034,24.27842100000005,1.0235416122970524,-0.6957211203629988,22.43768470834461,0.0763951200000004,-0.22001736,0.0326490800000007,22.47179032432673,1.0,3800.59,92.86,3155.852117697515,528444.9709239715
45.2771362,45.8614945,1.0335260000000006,-0.4215690000000338,24.61342100000005,1.025928452300772,-0.6301830756220451,22.95781018553677,0.0727951200000004,-0.21641736,0.0258490800000007,22.98936076564933,1.0,3805.47,93.84,3138.981518708597,522821.8243819266
45.3871006,45.9714589,1.2235260000000006,-0.7615690000000337,25.22342100000005,1.07316557344603,-0.6615918299253709,23.49942081662472,0.0911951200000004,-0.22081736,0.0334490800000007,23.533214119925663,1.0,3808.41,92.38,3128.838544169352,531242.6932236415
45.4979434,46.0823017,1.1735260000000003,-0.5915690000000338,25.448421000000053,1.0971574583784065,-0.6448523666140563,23.965343389279145,0.0951951200000004,-0.22281736,0.0322490800000007,23.999109834101528,1.0,3808.41,91.89,3128.838544169352,534128.8497116118
45.6079793,46.1923376,0.7135260000000005,-0.9315690000000336,24.143421000000053,1.0054475870487454,-0.7133940489543116,24.007914128485307,0.0927951200000004,-0.21481736,0.0338490800000007,24.039546516523767,1.0,3813.29,94.82,3112.037112309842,517314.9124657246
45.7188012,46.3031595,1.0485260000000003,-0.3965690000000339,23.05842100000005,1.015745792846427,-0.6376547323809815,23.7809309373522,0.0767951200000004,-0.20121736,0.0314490800000007,23.811153254736062,1.0,3803.52,93.84,3145.717651018005,522821.8243819266
45.8287829,46.4131412,0.8085260000000005,-0.8765690000000339,19.58342100000005,0.9662084044913783,-0.6947689138789731,22.77748586565052,0.0667951200000004,-0.17281736,0.0302490800000007,22.80855376573692,1.0,3778.59,93.35,3232.449141081726,525618.6395286557
45.9388437,46.523202,0.7985260000000005,-1.0265690000000338,12.043421000000055,0.926122714425305,-0.774088121260861,20.21143012081108,0.0435951200000004,-0.10321736,0.0242490800000007,20.24743991792743,1.0,3670.09,91.89,3623.6441068202676,534128.8497116118
46.049182300000005,46.6335406,0.7135260000000005,-1.1315690000000338,6.218421000000055,0.8752999341260373,-0.8595465076261568,16.866300210430957,0.0255951200000004,-0.04681736,0.0202490800000007,16.910856068272732,1.0,3459.43,89.93,4453.248078440668,545987.9906594018
46.159998300000005,46.7443566,0.9385260000000006,-0.3715690000000335,4.213421000000055,0.8904145818936935,-0.7428919594685923,13.841538035703948,0.0075951200000004,-0.02521736,0.0130490800000007,13.890028861918578,1.0,3234.12,88.95,5460.156085735841,552113.5469364811
46.270815500000005,46.8551738,0.5235260000000004,-0.4765690000000335,1.9884210000000555,0.8027072161317246,-0.6792255321942567,11.007964786016023,0.0051951200000004,-0.01481736,0.0110490800000007,11.058072839721364,1.0,2941.84,87.0,6996.165665025968,564712.6436781608
46.3819867,46.966345,0.5185260000000005,-0.5665690000000339,0.6884210000000549,0.7347716436009657,-0.6522941743862977,8.541003299602114,0.0035951200000004,-0.00601736,0.0098490800000007,8.597331819930679,1.0,2335.78,81.62,11406.125576895083,602594.9522175937
46.5021491,47.0865074,0.6135260000000007,-0.4215690000000338,0.183421000000055,0.705786996666828,-0.5971376547804256,6.543062878961414,-0.0008048799999995,-1.7360000000013996e-05,0.0070490800000007,6.608054214476715,1.0,1875.37,83.09,16661.405482651426,591757.1308220002
46.6121542,47.1965125,0.5585260000000005,-0.4515690000000336,0.073421000000055,0.6705831916575133,-0.5623384163238824,4.996448253621475,-4.879999999594584e-06,-0.00081736,0.0082490800000007,5.0725143136835324,1.0,1052.3,73.31,37514.96721467262,672035.1930159596
46.722153,47.3065113,0.5835260000000004,-0.5365690000000336,0.0334210000000549,0.6497715411245246,-0.5561780512034351,3.810000737666559,-4.879999999594584e-06,-0.00041736,0.0086490800000007,3.904823005120144,1.0,770.28,71.36,54911.46076751312,690672.6457399103
46.8321213,47.4164796,0.4735260000000005,-0.5265690000000338,0.043421000000055,0.6076387713895325,-0.5490997936290032,2.90957264307173,-4.879999999594584e-06,-0.00081736,0.0090490800000007,3.0226393144354167,1.0,307.92,72.83,152379.83891919977,676530.275985171
46.942992100000005,47.5273504,0.4735260000000005,-0.4515690000000336,-0.0465789999999449,0.575578144610416,-0.5257843528875147,2.2028832387068413,0.0003951200000004,0.0003826399999999,0.0090490800000007,2.336757143921904,1.0,87.98,68.43,558310.9797681292,720673.6811340054
47.0530945,47.6374528,0.6385260000000006,-0.5315690000000337,-0.081578999999945,0.5906262841520972,-0.5271672145658011,1.6567660384781395,-0.0004048799999995,0.0019826399999999,0.0082490800000007,1.836196717647357,1.0,41.06,68.91,1207730.1509985386,715584.0951966333
47.1637945,47.7481528,0.5435260000000004,-0.4365690000000339,-0.126578999999945,0.5793666209914224,-0.5055090569276234,1.2304445248396725,-4.879999999594584e-06,0.0011826399999999,0.0086490800000007,1.4509303280525916,1.0,41.06,69.4,1207730.1509985386,710461.0951008645
47.2738245,47.8581828,0.4535260000000005,-0.5365690000000336,-0.131578999999945,0.5492835115197682,-0.5129341606840198,0.9048429624990704,0.0003951200000004,0.0007826399999999,0.0090490800000007,1.1762459844812228,1.0,40.57,68.91,1222437.7618930244,715584.0951966333
47.384630900000005,47.9689892,0.4735260000000005,-0.5965690000000337,-0.111578999999945,0.5311731311481978,-0.532927673168032,0.6618599501271285,-4.879999999594584e-06,0.0003826399999999,0.0090490800000007,1.0021054803085143,1.0,40.08,68.43,1237504.99001996,720673.6811340054
47.4955075,48.0798658,0.3885260000000006,-0.4515690000000336,-0.0665789999999449,0.49707230401988,-0.513478294643841,0.4877213571398657,-0.0012048799999995,-0.00081736,0.0082490800000007,0.8652242233689089,1.0,40.08,68.43,1237504.99001996,720673.6811340054
47.5975266,48.1818849,0.4335260000000005,-0.4265690000000337,-0.0465789999999449,0.4818811010101669,-0.4927019999603291,0.3599929971878234,-0.0008048799999995,-0.00081736,0.0070490800000007,0.7775343171204414,1.0,35.68,69.4,1391345.2914798206,710461.0951008645
47.7082996,48.2926579,0.2635260000000006,-0.4465690000000337,0.1434210000000549,0.4296817368014451,-0.4816735730729889,0.3082198968282937,-4.879999999594584e-06,-0.00361736,0.0074490800000007,0.715286887016986,1.0,41.54,68.91,1193659.123736158,715584.0951966333
47.819681800000005,48.4040401,0.2785260000000007,-0.5115690000000337,0.318421000000055,0.3935468660288639,-0.4888202908328244,0.3106585442303011,0.0003951200000004,-0.00561736,0.0062490800000007,0.7002379192776678,1.0,301.08,73.31,156068.81891855987,672035.1930159596
47.930097700000005,48.514456,0.4835260000000003,-0.4665690000000337,0.518421000000055,0.4150570279788979,-0.4835009590245835,0.3603256600771569,0.0011951200000004,-0.00681736,0.0074490800000007,0.7320383153649859,1.0,1077.22,73.31,36415.77393661461,672035.1930159596
48.0408349,48.6251932,0.4335260000000005,-0.5415690000000339,0.6784210000000549,0.4194721691532062,-0.4973825436806863,0.436368648882623,0.0019951200000004,-0.00801736,0.0070490800000007,0.7834308477332329,1.0,1659.82,77.22,20123.748358255718,637500.6475006475
48.1605448,48.7449031,0.1735260000000007,-0.6315690000000338,1.143421000000055,0.3606769607977562,-0.5294607853745464,0.6053946208881658,0.0059951200000004,-0.01361736,0.0078490800000007,0.8814302242946197,1.0,1971.16,82.11,15365.77446782605,598939.227865059
48.2705241,48.8548824,0.3235260000000006,-0.4965690000000335,1.478421000000055,0.3517957552549752,-0.5215977664833167,0.8140978832175462,0.0055951200000004,-0.01521736,0.0082490800000007,1.028873095612424,1.0,2246.82,84.56,12253.674081590869,581296.1210974456
48.3808333,48.9651916,0.5985260000000006,-0.4165690000000339,1.648421000000055,0.4107784025445066,-0.4964898811685677,1.0135488511097888,0.0039951200000004,-0.01401736,0.0066490800000007,1.2010505283649675,1.0,2359.24,82.6,11193.265627914077,595326.8765133172
48.4913576,49.0757159,0.5585260000000005,-0.3165690000000338,2.123421000000055,0.4460985329873665,-0.4534784948468294,1.2788718055863242,0.0047951200000004,-0.01841736,0.0054490800000007,1.4283416053401412,1.0,2426.69,80.65,10604.197487112073,609962.802231866
48.602183100000005,49.1865414,0.2685260000000005,-0.1665690000000339,3.753421000000056,0.4036485362618894,-0.3848907075812094,1.870430665690936,0.0091951200000004,-0.03681736,0.0050490800000007,1.951815532463498,1.0,2658.85,82.6,8805.12251537319,595326.8765133172
48.712161300000005,49.2965196,0.1485260000000003,0.0234309999999662,5.468421000000055,0.3426596510626051,-0.2872784538268783,2.730556245588966,0.0123951200000004,-0.05321736,0.0038490800000007,2.766926445864512,1.0,2915.93,86.02,7147.188032634528,571260.172053011
48.8221799,49.4065382,0.3485260000000005,-0.0215690000000337,7.253421000000055,0.3440620441523104,-0.2237586895079204,3.8117797365451183,0.0171951200000004,-0.06401736,0.0046490800000007,3.8338116022168514,1.0,3120.72,88.95,6021.943654028559,552113.5469364811
48.9322186,49.5165769,0.2935260000000004,-0.2465690000000335,9.943421000000056,0.331981037744992,-0.2292116590038627,5.277592873163388,0.0307951200000004,-0.08881736,0.0074490800000007,5.292989318798077,1.0,3303.03,88.47,5137.616067671198,555163.3322030066
49.0422087,49.626567,0.5135260000000006,-0.3465690000000336,12.343421000000056,0.3753806723821815,-0.2572667791127401,6.966730127675271,0.0371951200000004,-0.10401736,0.0074490800000007,6.981577580797298,1.0,3434.02,89.44,4560.194757165073,549033.9892665475
49.152225900000005,49.7365842,0.4985260000000004,-0.2165690000000337,14.063421000000057,0.4048194525031259,-0.2475376810309354,8.663245344436547,0.0435951200000004,-0.12241736,0.0086490800000007,8.6762303790619,1.0,3519.06,91.89,4208.33972708621,534128.8497116118
49.2621947,49.846553,0.8335260000000004,-0.0115690000000336,15.838421000000055,0.5073048494914524,-0.191127663284612,10.37852291557456,0.0447951200000004,-0.13601736,0.0090490800000007,10.39267174037054,1.0,3585.53,94.33,3944.939799694884,520054.0655146825
49.3813716,49.9657299,0.6035260000000005,-0.0165690000000338,16.273421000000052,0.530307210584652,-0.1493981538826077,11.78774088510528,0.0487951200000004,-0.14521736,0.0090490800000007,11.80060933682512,1.0,3635.39,88.95,3753.682548502362,552113.5469364811
49.4913857,50.075744,0.5785260000000005,-0.6915690000000339,10.283421000000056,0.5418342605081536,-0.2790080110780973,11.428122349949676,0.0287951200000004,-0.08521736,0.0134490800000007,11.44436150606601,1.0,3580.65,92.38,3963.945093767891,531242.6932236415
49.6013371,50.1856954,1.0035260000000006,-0.1465690000000337,3.573421000000055,0.6522050059150637,-0.2473475087920302,9.550399252939592,0.0043951200000004,-0.02281736,0.0078490800000007,9.575838242702067,1.0,3273.22,88.95,5275.477969705673,552113.5469364811
49.711380600000005,50.2957389,0.5885260000000003,-0.5465690000000338,1.193421000000055,0.63698207955872,-0.3188785677248655,7.552603234016967,0.0047951200000004,-0.01001736,0.0098490800000007,7.586121889418648,1.0,2544.97,83.58,9646.597012931392,588229.2414453218
49.8213518,50.4057101,0.6485260000000006,-0.3765690000000339,0.393421000000055,0.6397417371289952,-0.3326698822934677,5.841149005829919,0.0003951200000004,-0.00041736,0.0078490800000007,5.885487273719809,1.0,2068.43,81.62,14172.923425013178,602594.9522175937
49.9321829,50.5165412,0.4135260000000005,-0.6065690000000339,0.053421000000055,0.5856632310738924,-0.3981474449218165,4.457550817742407,0.0015951200000004,-0.00201736,0.0078490800000007,4.513455671753704,1.0,1196.97,75.76,31772.141323508524,649978.8806758183
50.0422224,50.6265807,0.3235260000000006,-0.4365690000000339,0.0134210000000549,0.5229974324083744,-0.4073323952056203,3.395149482147446,0.0019951200000004,-0.00281736,0.0082490800000007,3.4592609038081776,1.0,227.27,69.89,210002.64003168038,705409.9298898268
50.1521825,50.7365408,0.3435260000000006,-0.5965690000000337,0.0234210000000549,0.4800934900593953,-0.4525707725532858,2.5891134324362106,0.0019951200000004,-0.00321736,0.0082490800000007,2.671856738185733,1.0,46.92,69.4,1055643.6487638534,710461.0951008645
50.2630885,50.8474468,0.3585260000000003,-0.6365690000000337,0.0234210000000549,0.4510319034044764,-0.4965568779559933,1.97576612289907,0.0023951200000004,-0.00321736,0.0082490800000007,2.086540266405058,1.0,40.57,68.43,1222437.7618930244,720673.6811340054
50.3730537,50.957412,0.3685260000000006,-0.581569000000034,-0.006578999999945,0.4313082712051107,-0.5168796398250947,1.501872201580643,0.0015951200000004,-0.00241736,0.0086490800000007,1.6458467415760034,1.0,39.59,70.38,1252945.1881788329,700429.0991759022
50.4838934,51.0682517,0.2535260000000003,-0.5715690000000337,0.0134210000000549,0.3888081350436146,-0.5299535264295605,1.146047189850795,0.0023951200000004,-0.00281736,0.0086490800000007,1.3211535366550415,1.0,41.06,69.4,1207730.1509985386,710461.0951008645
50.5947072,51.1790655,0.2985260000000007,-0.5465690000000338,-0.026578999999945,0.367225538498443,-0.5339255754102946,0.865722428571897,0.0023951200000004,-0.00281736,0.0094490800000007,1.081390974409861,1.0,41.54,68.43,1193659.123736158,720673.6811340054
50.7047067,51.289065,0.3085260000000005,-0.5465690000000338,-0.096578999999945,0.3531929897977766,-0.5369480773896488,0.6356773207809133,0.0015951200000004,-0.00121736,0.0086490800000007,0.9039602767876102,1.0,36.17,68.91,1372361.0727121923,715584.0951966333
50.814696600000005,51.3990549,0.2735260000000004,-0.3915690000000336,-0.136578999999945,0.3341480204032992,-0.502194158777804,0.4510638688192362,0.0003951200000004,-0.00041736,0.0086490800000007,0.7532014912386773,1.0,39.1,67.94,1268772.378516624,725943.4795407713
50.925541800000005,51.5099001,0.3935260000000005,-0.4765690000000335,-0.231578999999945,0.3483427553492987,-0.4960682794658071,0.2878731598816875,-4.879999999594584e-06,0.0011826399999999,0.0078490800000007,0.6710420026174033,1.0,36.17,69.4,1372361.0727121923,710461.0951008645
51.0365133,51.6208716,0.4135260000000005,-0.4615690000000338,-0.301578999999945,0.3639252808414317,-0.4878209775001502,0.1469603630890609,0.0003951200000004,0.0015826399999999,0.0098490800000007,0.6261056336146367,1.0,42.52,68.43,1165917.2154280338,720673.6811340054
51.1464112,51.7307695,0.3935260000000005,-0.4765690000000335,-0.261578999999945,0.3710015465803588,-0.4851311109988424,0.0492960772133242,-4.879999999594584e-06,0.0011826399999999,0.0086490800000007,0.6127188961119212,1.0,40.08,67.94,1237504.99001996,725943.4795407713
51.2564241,51.8407824,0.3435260000000006,-0.4765690000000335,-0.301578999999945,0.3644333186976722,-0.4830842765152205,-0.0345831445794657,0.0003951200000004,0.0007826399999999,0.0086490800000007,0.6061171964911055,1.0,43.99,70.38,1126621.9595362584,700429.0991759022
51.366749500000005,51.9511078,0.3035260000000006,-0.4265690000000337,-0.341578999999945,0.3498729841922355,-0.4695738914199097,-0.1079727214362737,-4.879999999594584e-06,0.0007826399999999,0.0106490800000007,0.5954568440661108,1.0,39.59,67.45,1252945.1881788329,731289.8443291327
51.4775658,52.0619241,0.4635260000000003,-0.4115690000000336,-0.326578999999945,0.3770425586062214,-0.4557074031212347,-0.1602321314535697,-0.0012048799999995,0.0011826399999999,0.0078490800000007,0.6127843537574857,1.0,41.06,69.89,1207730.1509985386,705409.9298898268
51.588060500000005,52.1724188,0.3385260000000003,-0.4315690000000336,-0.236578999999945,0.3678348970427798,-0.4499369434886847,-0.1784834018796364,0.0003951200000004,-0.00041736,0.0078490800000007,0.6079490845004539,1.0,39.59,68.91,1252945.1881788329,715584.0951966333
51.6984241,52.2827824,0.3735260000000004,-0.5115690000000337,-0.351578999999945,0.3691953963150155,-0.4646705318037049,-0.2198631549855088,0.0019951200000004,-0.00081736,0.0094490800000007,0.6329010591768046,1.0,39.59,70.38,1252945.1881788329,700429.0991759022
51.8097393,52.3940976,0.3535260000000004,-0.4215690000000338,-0.216578999999945,0.3654495139362925,-0.4543667992773514,-0.2190780540127527,0.0007951200000004,-0.00121736,0.0090490800000007,0.6228946373760429,1.0,39.1,68.43,1268772.378516624,720673.6811340054
51.9197374,52.5040957,0.4485260000000006,-0.4915690000000337,-0.0465789999999449,0.3853095480420145,-0.4632602540943234,-0.1778409090849808,-4.879999999594584e-06,-0.00161736,0.0074490800000007,0.6282522580779563,1.0,38.12,69.89,1301647.429171039,705409.9298898268
52.0305973,52.6149556,0.5135260000000006,-0.456569000000034,-0.0665789999999449,0.4159606170683039,-0.4616606614680689,-0.1512429460054873,-4.879999999594584e-06,-0.00121736,0.0082490800000007,0.6395531487025905,1.0,41.06,69.89,1207730.1509985386,705409.9298898268
52.1414253,52.7257836,0.4435260000000003,-0.4415690000000338,-0.0665789999999449,0.4225503209797207,-0.4568576046597946,-0.1310034181334771,-4.879999999594584e-06,-0.00121736,0.0082490800000007,0.6359477496290122,1.0,40.57,68.43,1222437.7618930244,720673.6811340054
52.252263,52.8366213,0.4035260000000007,-0.4415690000000338,-0.0665789999999449,0.4180024196252302,-0.4532027532769507,-0.1156022956017408,0.0003951200000004,-0.00121736,0.0082490800000007,0.6272819534617172,1.0,40.08,68.91,1237504.99001996,715584.0951966333
52.3637501,52.9481084,0.4885260000000007,-0.3715690000000335,-0.0565789999999449,0.4348615909487081,-0.4336876148656509,-0.1014923504268225,-4.879999999594584e-06,-0.00121736,0.0066490800000007,0.6224871466668687,1.0,41.06,68.43,1207730.1509985386,720673.6811340054
52.4741175,53.0584758,0.5135260000000006,-0.4265690000000337,0.0234210000000549,0.4536668861734855,-0.4319858585599226,-0.0716309116818642,-0.0004048799999995,-0.00121736,0.0086490800000007,0.6305207475686069,1.0,39.59,68.43,1252945.1881788329,720673.6811340054
52.5847929,53.1691512,0.4935260000000006,-0.3665690000000337,0.2584210000000549,0.4631954952604346,-0.4163474859752625,0.0072703819722154,-0.0016048799999995,-0.00361736,0.0070490800000007,0.6228548421273633,1.0,39.59,69.4,1252945.1881788329,710461.0951008645
52.6955625,53.2799208,0.5985260000000006,-0.3515690000000335,0.703421000000055,0.4955472299933083,-0.4008617209683204,0.1736902159328155,-0.0012048799999995,-0.00921736,0.0070490800000007,0.6606250582611233,1.0,115.35,69.89,423463.3723450369,705409.9298898268
52.8056835,53.3900418,0.4035260000000007,-0.3815690000000338,1.2584210000000549,0.4735488902378676,-0.3962496566577461,0.4330029455369747,0.0011951200000004,-0.01681736,0.0090490800000007,0.754157737274235,1.0,514.17,71.85,87244.1021452049,685894.2240779402
52.9164181,53.5007764,0.2835260000000006,-0.2665690000000336,2.353421000000055,0.4281225456751245,-0.3652485589211424,0.8920927538087582,0.0027951200000004,-0.03321736,0.0066490800000007,1.0547629616683618,1.0,1284.95,75.27,28912.019922954198,654275.2756742395
53.0272684,53.6116267,0.2835260000000006,-0.3865690000000337,2.5734210000000552,0.3935556969223333,-0.3703453643716174,1.2940264163214774,0.0051951200000004,-0.03561736,0.0090490800000007,1.4023359589019226,1.0,1746.82,81.62,18623.44145361285,602594.9522175937
53.1372799,53.7216382,0.3585260000000003,-0.0665690000000338,4.083421000000056,0.3851815948321565,-0.2977254301063978,1.9608513410503696,0.0063951200000004,-0.05441736,0.0062490800000007,2.020381962508208,1.0,1966.76,81.62,15422.522320974598,602594.9522175937
53.248936,53.8332943,0.5535260000000006,-0.3215690000000337,6.353421000000055,0.4254255409419741,-0.3034254077261378,3.010926848235429,0.0183951200000004,-0.08121736,0.0130490800000007,3.0559342850206184,1.0,2355.82,83.09,11224.032396363049,591757.1308220002
53.3589476,53.9433059,0.4735260000000005,-0.5415690000000339,8.038421000000055,0.4369243031387854,-0.3603553537158112,4.212785641875252,0.0263951200000004,-0.09721736,0.0162490800000007,4.25068484976424,1.0,2745.85,85.04,8209.297667388968,577958.6077140169
53.4697463,54.0541046,0.5485260000000007,-0.6165690000000337,8.773421000000056,0.4636034949406692,-0.4216050766476883,5.303038468489304,0.0259951200000004,-0.10121736,0.0166490800000007,5.339934085684363,1.0,2999.02,87.0,6672.112890210802,564712.6436781608
53.5801388,54.1644971,0.4735260000000005,-0.5665690000000339,7.903421000000055,0.4659755414514159,-0.4562597496880126,5.924678696797997,0.0255951200000004,-0.09321736,0.0166490800000007,5.96046339009882,1.0,3042.52,86.51,6433.745710792369,567967.8649867068
53.6909585,54.2753168,0.5185260000000005,-0.7465690000000336,6.708421000000056,0.4785381081715091,-0.5256602730561046,6.112037955827727,0.0235951200000004,-0.07801736,0.0190490800000007,6.15323698691352,1.0,2977.03,86.02,6795.262392384356,571260.172053011
53.8018007,54.386159,0.5685260000000008,-0.6815690000000336,3.213421000000056,0.5000503637506073,-0.5629313804559972,5.419102634056699,0.0107951200000004,-0.03361736,0.0154490800000007,5.471162167568191,1.0,2770.77,86.02,8045.525251103485,571260.172053011
53.9131136,54.4974719,0.5435260000000004,-0.4615690000000338,0.1234210000000549,0.5104435286470954,-0.5386999712056243,4.153131685493005,-4.879999999594584e-06,0.0003826399999999,0.0094490800000007,4.21891609918479,1.0,1218.48,75.76,31034.731796992975,649978.8806758183
54.0230931,54.6074514,0.4035260000000007,-0.4415690000000338,-0.0465789999999449,0.4848841210934047,-0.5154801109026061,3.14916050905092,-4.879999999594584e-06,-0.00121736,0.0090490800000007,3.22769953177035,1.0,47.41,68.43,1044629.8249314493,720673.6811340054
54.1334182,54.7177765,0.4485260000000006,-0.4165690000000339,-0.0565789999999449,0.4761924496091143,-0.4918346953459883,2.3828053223981294,-4.879999999594584e-06,-0.00121736,0.0074490800000007,2.4791978180572163,1.0,40.08,67.45,1237504.99001996,731289.8443291327
54.243959700000005,54.828318,0.4485260000000006,-0.3915690000000336,-0.0665789999999449,0.4695785849783945,-0.4678654565931893,1.7972623067300988,-4.879999999594584e-06,-0.00121736,0.0086490800000007,1.915607979764195,1.0,39.1,70.38,1268772.378516624,700429.0991759022
54.3539583,54.9383166,0.4685260000000006,-0.4315690000000336,-0.0565789999999449,0.4693269569358453,-0.4591885264531236,1.3540881509284042,-4.879999999594584e-06,-0.00121736,0.0078490800000007,1.5048842532957665,1.0,39.1,68.91,1268772.378516624,715584.0951966333
54.4732479,55.0576062,0.4485260000000006,-0.4165690000000339,-0.0565789999999449,0.4643543379223168,-0.4490000207876456,1.016857978388673,-4.879999999594584e-06,-0.00121736,0.0082490800000007,1.204668468097044,1.0,38.12,67.94,1301647.429171039,725943.4795407713
54.5831777,55.167536,0.4035260000000007,-0.4665690000000337,-0.0665789999999449,0.4498128843417552,-0.4532000121798331,0.7578545423779369,-4.879999999594584e-06,-0.00121736,0.0094490800000007,0.9909921237641208,1.0,40.57,68.91,1222437.7618930244,715584.0951966333
54.6931191,55.2774774,0.4035260000000007,-0.5165690000000336,-0.0365789999999449,0.4387476702814263,-0.4683488264711497,0.5679394653938764,-4.879999999594584e-06,-0.00121736,0.0074490800000007,0.856974549088924,1.0,38.61,68.91,1285001.295001295,715584.0951966333
54.8031159,55.3874742,0.5385260000000005,-0.4115690000000336,0.4584210000000549,0.4626004007604605,-0.454775198797868,0.5417582851227262,-4.879999999594584e-06,-0.00521736,0.0086490800000007,0.8451755153366052,1.0,51.32,68.43,964279.0335151987,720673.6811340054
54.9131411,55.4974994,0.6185260000000006,-0.4815690000000339,0.798421000000055,0.4998755416044977,-0.4611804505232345,0.6031153611456821,0.0023951200000004,-0.00921736,0.0090490800000007,0.9090165586440602,1.0,321.6,69.89,145472.63681592038,705409.9298898268
55.0231514,55.6075097,0.4685260000000006,-0.5865690000000339,1.418421000000055,0.4923812072270589,-0.4911554890337296,0.798020063564347,0.0047951200000004,-0.01761736,0.0094490800000007,1.0585409720410364,1.0,669.6,71.85,64671.44563918757,685894.2240779402
55.1331481,55.7175064,0.4285260000000006,-0.4065690000000337,2.063421000000055,0.4771161586742732,-0.4709344778103583,1.1005232981830324,0.0055951200000004,-0.02601736,0.0094490800000007,1.2886313053399987,1.0,1323.56,75.76,27776.90471153556,649978.8806758183
55.244094,55.8284523,0.2335260000000003,-0.6015690000000335,3.258421000000056,0.4188841716427145,-0.502163603992731,1.6163843316152948,0.0099951200000004,-0.04241736,0.0110490800000007,1.7436543642359843,1.0,1921.8,82.11,16017.275470912686,598939.227865059
55.3539538,55.9383121,0.0935260000000006,-0.5415690000000339,4.908421000000055,0.3411049504507575,-0.5115837485575165,2.403369477583936,0.0131951200000004,-0.06241736,0.0110490800000007,2.480777169516088,1.0,2491.69,81.13,10066.701716505664,606294.8354492789
55.464006600000005,56.0483649,0.2685260000000005,-0.5315690000000337,5.998421000000056,0.3237544280634218,-0.5163613672805262,3.262792513270111,0.0143951200000004,-0.07161736,0.0110490800000007,3.319225960365153,1.0,2790.32,85.04,7919.0917170790435,577958.6077140169
55.573985400000005,56.1583437,0.2885260000000005,-0.4165690000000339,6.743421000000056,0.3153328178584115,-0.4925052810209136,4.094861895728043,0.0147951200000004,-0.07801736,0.0130490800000007,4.136410301570369,1.0,2913.0,87.49,7164.435290078956,561493.8850154304
55.6843173,56.2686756,0.5035260000000004,-0.3215690000000337,6.953421000000056,0.3603217574836402,-0.4516417282657257,4.778221098722366,0.0143951200000004,-0.07881736,0.0118490800000007,4.813024920764749,1.0,2975.07,86.51,6806.327246081605,567967.8649867068
55.8039772,56.3883355,0.6085260000000003,-0.1565690000000337,7.733421000000055,0.4196567745879952,-0.3811024610832983,5.484682982336389,0.0143951200000004,-0.08601736,0.0110490800000007,5.5139004625611205,1.0,3028.84,88.95,6507.970047939144,552113.5469364811
55.9139521,56.4983104,0.6785260000000006,-0.1865690000000339,8.148421000000056,0.4815413328932386,-0.3345978319773552,6.121468797265304,0.0151951200000004,-0.08881736,0.0118490800000007,6.149489247111606,1.0,3122.19,87.98,6014.400148613632,558310.9797681292
56.024787700000005,56.609146,0.2635260000000006,-0.7265690000000335,6.558421000000055,0.4294231927072212,-0.4283013711402953,6.225925377701648,0.0167951200000004,-0.07561736,0.0146490800000007,6.25539712181928,1.0,3145.65,89.44,5894.966064247454,549033.9892665475
56.1348198,56.7191781,0.4785260000000004,-0.5265690000000338,1.668421000000055,0.4411615734901236,-0.4517929576663099,5.136421034574748,0.0019951200000004,-0.01801736,0.0110490800000007,5.175090477947519,1.0,2647.6,84.07,8885.027949841366,584742.4765076722
56.2448291,56.8291874,0.5085260000000007,-0.3615690000000338,-0.016578999999945,0.4572655262617011,-0.4302242688434416,3.904559153043541,-0.0012048799999995,0.0011826399999999,0.0078490800000007,3.954714510887652,1.0,735.09,74.29,58018.88204165477,663038.0939561178
56.355674,56.9400323,0.4635260000000003,-0.5315690000000337,-0.281578999999945,0.4587621377320665,-0.4544514589013081,2.9038325885261904,0.0011951200000004,-0.00041736,0.0090490800000007,2.974765962172611,1.0,36.17,69.4,1372361.0727121923,710461.0951008645
56.4656601,57.0500184,0.4435260000000003,-0.3715690000000335,-0.0665789999999449,0.4551198289472886,-0.4346378083903424,2.1937342411921184,-4.879999999594584e-06,-0.00121736,0.0082490800000007,2.282216905590292,1.0,69.4,70.87,710461.0951008645,695517.1440666008
56.5765007,57.160859,0.4885260000000007,-0.3715690000000335,-0.0565789999999449,0.4631058154506137,-0.4195607541601207,1.6557806054983746,-4.879999999594584e-06,-0.00121736,0.0082490800000007,1.769776154286228,1.0,93.84,68.91,522821.8243819266,715584.0951966333
56.686461900000005,57.2708202,0.2685260000000005,-0.4515690000000336,1.713421000000055,0.41659010499831,-0.4272125565432586,1.669559958175771,0.0059951200000004,-0.02241736,0.0094490800000007,1.7729885329563222,1.0,659.34,74.29,65833.4091667425,663038.0939561178
56.7973008,57.3816591,0.3735260000000004,-0.6115690000000338,1.7384210000000553,0.406295319620135,-0.4712842960707761,1.6860216876492238,0.0071951200000004,-0.02161736,0.0118490800000007,1.797179430577729,1.0,2103.62,82.6,13768.55135433206,595326.8765133172
56.9081486,57.4925069,0.3835260000000007,-0.3815690000000338,-0.016578999999945,0.4008521492882413,-0.4498372064766935,1.2790026943421648,-4.879999999594584e-06,-0.00121736,0.0074490800000007,1.4138188887033143,1.0,640.76,73.8,68032.33660028716,667506.7750677507
57.0188916,57.6032499,0.5235260000000004,-0.3415690000000337,0.6584210000000551,0.4301782194490264,-0.4239549096310745,1.1306481574691232,0.0015951200000004,-0.00761736,0.0082490800000007,1.2818565917749734,1.0,338.22,69.4,137832.77156880134,710461.0951008645
57.129830000000005,57.7141883,0.3635260000000007,-0.4415690000000338,-0.0565789999999449,0.414244524920052,-0.4281656851711056,0.8468329294093584,-4.879999999594584e-06,-0.00121736,0.0082490800000007,1.0353986626977638,1.0,351.42,71.36,132279.89300552045,690672.6457399103
57.2398241,57.8241824,0.4435260000000003,-0.5165690000000336,-0.096578999999945,0.4212444730558899,-0.4492991361720907,0.6213034928435677,0.0003951200000004,-0.00121736,0.0074490800000007,0.8748340700182741,1.0,682.31,72.34,63280.47368498191,681180.5363560962
57.3506601,57.9350184,0.3035260000000006,-0.2365690000000337,1.643421000000055,0.3931030217194594,-0.3984444604404751,0.8656480663082753,0.0071951200000004,-0.02281736,0.0070490800000007,1.0308416699202294,1.0,569.89,72.34,77736.2297987331,681180.5363560962
57.4606452,58.0450035,0.3835260000000007,-0.4815690000000339,-0.076578999999945,0.3908135654967463,-0.4183159820815001,0.6404018798257883,-4.879999999594584e-06,-0.00081736,0.0066490800000007,0.8589750121659495,1.0,782.99,74.78,53857.775961378815,658627.9753944905
57.579853400000005,58.1642117,0.4585260000000004,-0.5965690000000337,0.6584210000000551,0.4070007120930148,-0.460928653645331,0.6447094806665559,0.0055951200000004,-0.00761736,0.0102490800000007,0.8909293562661738,1.0,1384.65,78.69,26110.20835590221,625404.7528275512
57.6898139,58.2741722,0.6785260000000006,-0.3515690000000335,0.9184210000000552,0.4719107935601516,-0.4347854384698597,0.7101421965486854,-0.0008048799999995,-0.00481736,0.0070490800000007,0.9570998453155196,1.0,259.04,68.91,183020.38295243974,715584.0951966333
57.7998509,58.3842092,0.4485260000000006,-0.4165690000000339,-0.0365789999999449,0.4663204897369528,-0.4304306672651882,0.5316331004905188,-4.879999999594584e-06,-0.00121736,0.0082490800000007,0.827864186934082,1.0,993.65,73.8,40319.529009208476,667506.7750677507
57.9098331,58.4941914,0.4685260000000006,-0.5665690000000339,0.588421000000055,0.4668477328970819,-0.4629755191157684,0.5452086580819513,0.0035951200000004,-0.00721736,0.0090490800000007,0.8541344261058574,1.0,765.4,72.83,55325.32009406847,676530.275985171
58.0198516,58.6042099,0.5685260000000008,-0.3215690000000337,0.768421000000055,0.4911546571322516,-0.4291712692555091,0.5985691808165328,0.0007951200000004,-0.00401736,0.0066490800000007,0.8852716757021313,1.0,317.2,68.91,147629.25598991173,715584.0951966333
58.131517,58.7158753,0.4235260000000007,-0.456569000000034,-0.0465789999999449,0.4749875381216966,-0.4357208947005284,0.4443418478930593,0.0003951200000004,-0.00081736,0.0074490800000007,0.7828828374913822,1.0,1006.84,73.8,39660.3233880259,667506.7750677507
58.2415105,58.8258688,0.3585260000000003,-0.4365690000000339,0.548421000000055,0.4471465661608935,-0.4359236403987577,0.4692227210315122,0.0019951200000004,-0.00481736,0.0082490800000007,0.7811142258467708,1.0,825.51,73.8,50568.61818754467,667506.7750677507
58.3514792,58.9358375,0.5035260000000004,-0.3565690000000339,0.9384210000000548,0.4606244770832129,-0.4169533403844142,0.5813879589246451,-4.879999999594584e-06,-0.00521736,0.0078490800000007,0.8509036113029897,1.0,295.21,70.87,159370.9562684191,695517.1440666008
58.461527700000005,59.045886,0.4285260000000006,-0.4065690000000337,-0.0465789999999449,0.4529511042695688,-0.4144708888030958,0.4312679212048855,-0.0004048799999995,-0.00081736,0.0074490800000007,0.7502951688399929,1.0,1372.92,78.69,26418.72796666958,625404.7528275512
58.5732076,59.1575659,0.3985260000000004,-0.3915690000000336,0.838421000000055,0.4399403899481636,-0.408996026850395,0.5286008058062025,-4.879999999594584e-06,-0.00441736,0.0082490800000007,0.8001525533210013,1.0,897.36,72.83,45718.99794954088,676530.275985171
58.6831866,59.2675449,0.3835260000000007,-0.4065690000000337,-0.076578999999945,0.426454122515465,-0.4084158285499191,0.3839282016449294,0.0003951200000004,-0.00081736,0.0082490800000007,0.7043205744821471,1.0,897.85,73.31,45688.58940803029,672035.1930159596
58.7941026,59.3784609,0.5335260000000006,-0.2665690000000336,0.6284210000000551,0.4520504282737019,-0.3745063195388021,0.4423759712125136,-0.0008048799999995,-0.00401736,0.0074490800000007,0.7350517485069683,1.0,1391.01,77.71,25945.104636199594,633417.8355424012
58.9048565,59.4892148,0.4435260000000003,-0.4165690000000339,-0.0665789999999449,0.4500126021177223,-0.3845617071474877,0.3207066088516055,-4.879999999594584e-06,-0.00121736,0.0082490800000007,0.6732397623655708,1.0,340.18,70.87,136981.0100535011,695517.1440666008
59.015674700000005,59.600033,0.1885260000000004,-0.4665690000000337,2.123421000000055,0.387502341004067,-0.404166142892646,0.7516585061625861,0.0119951200000004,-0.02481736,0.0082490800000007,0.9372826922710786,1.0,2277.13,81.62,11957.46400073777,602594.9522175937
59.1257081,59.7100664,0.4585260000000004,-0.4315690000000336,0.093421000000055,0.4044810597343071,-0.4107169938317385,0.5943020754629481,0.0011951200000004,-0.00241736,0.0086490800000007,0.8279422284226938,1.0,2150.54,81.13,13249.974425028133,606294.8354492789
59.244896100000005,59.8292544,0.4035260000000007,-0.4165690000000339,-0.026578999999945,0.4042527458058415,-0.4121159581788838,0.4458759693703706,-4.879999999594584e-06,-0.00121736,0.0090490800000007,0.7294280125819337,1.0,66.47,70.87,742219.0461862495,695517.1440666008
59.3557135,59.9400718,0.4685260000000006,-0.5065690000000338,-0.0465789999999449,0.4196177315059212,-0.4346956401182321,0.3281510516394165,-4.879999999594584e-06,-0.00161736,0.0070490800000007,0.6875481458225525,1.0,128.05,67.45,380472.47169074573,731289.8443291327
59.4615074,60.0458657,0.3285260000000005,-0.3165690000000338,2.083421000000055,0.3978415950782255,-0.4064566134971167,0.7477610121817868,0.0079951200000004,-0.02241736,0.0082490800000007,0.939484669789274,1.0,1248.29,76.25,30054.794959504605,645737.7049180327
59.572432,60.1567903,0.2985260000000007,-0.4215690000000338,2.983421000000055,0.3740994846575817,-0.4100693386566357,1.282211681807127,0.0143951200000004,-0.03201736,0.0078490800000007,1.397202234427794,1.0,2349.95,83.09,11277.048447839317,591757.1308220002
59.6823792,60.2667375,0.2335260000000003,-0.6815690000000336,2.283421000000055,0.3404943777020606,-0.4749732939086305,1.5215580016674783,0.0139951200000004,-0.02641736,0.0106490800000007,1.6299309198893854,1.0,2438.91,82.6,10500.961495094123,595326.8765133172
59.7940866,60.3784449,0.2685260000000005,-0.3915690000000336,0.2284210000000549,0.3232898171408407,-0.4550348949696315,1.212424260300614,-0.0008048799999995,-0.00401736,0.0082490800000007,1.334745536974173,1.0,1900.78,80.65,16304.99058281337,609962.802231866
59.9040979,60.4884562,0.4235260000000007,-0.4315690000000336,-0.0465789999999449,0.3472520007204848,-0.4494252032686594,0.9114504363763578,-4.879999999594584e-06,-0.00121736,0.0094490800000007,1.0739221868031728,1.0,85.53,68.91,574590.20226821,715584.0951966333
60.0140764,60.5984347,0.7235260000000006,-0.2015690000000336,1.5684210000000554,0.4372030183051359,-0.3901733874605753,1.068503995310188,-0.0032048799999995,-0.01401736,0.0062490800000007,1.2186396265883592,1.0,294.23,70.38,159935.0847976073,700429.0991759022
60.1244637,60.708822,0.7135260000000005,-0.2815690000000337,1.708421000000055,0.5032600231289373,-0.3642107241223188,1.221480777792615,-0.0020048799999995,-0.01521736,0.0050490800000007,1.3703778285430244,1.0,1549.36,76.74,22271.38947694532,641550.6906437321
60.2352075,60.8195658,0.2085260000000004,-0.5915690000000338,0.548421000000055,0.4328017258561252,-0.4185623623185582,1.060580975989499,0.0027951200000004,-0.00881736,0.0110490800000007,1.2195670509178946,1.0,1394.43,76.74,25856.94513170256,641550.6906437321
60.3460453,60.9304036,0.3835260000000007,-0.3815690000000338,-0.026578999999945,0.4210220076415586,-0.4097188318306675,0.8006875305088,-0.0004048799999995,-0.00121736,0.0082490800000007,0.993090919094267,1.0,184.75,68.91,260635.9945872801,715584.0951966333
60.457276400000005,61.0416347,0.5285260000000007,-0.3415690000000337,0.4184210000000549,0.4467216135818325,-0.3934271222437009,0.7093039550460889,0.0007951200000004,-0.00241736,0.0094490800000007,0.9259898494055646,1.0,422.78,69.4,108264.8185817683,710461.0951008645
60.5765777,61.160936,0.3635260000000007,-0.3915690000000336,-0.0565789999999449,0.426833101182372,-0.3929829246990005,0.5262141022020345,-0.0004048799999995,-0.00121736,0.0070490800000007,0.7832773178933721,1.0,207.72,72.34,230708.64625457345,681180.5363560962
60.6873463,61.2717046,0.5335260000000006,-0.4165690000000339,-0.0365789999999449,0.4523388093526904,-0.3986213463763381,0.3916743457223829,-4.879999999594584e-06,-0.00121736,0.0074490800000007,0.7189702144946972,1.0,719.94,72.34,59450.23196377475,681180.5363560962
60.798208200000005,61.3825665,0.4435260000000003,-0.3615690000000338,0.6784210000000549,0.450232043616626,-0.3897637153233573,0.4602232047736571,0.0019951200000004,-0.00601736,0.0094490800000007,0.7526154696084888,1.0,499.51,69.89,90098.09613421153,705409.9298898268
60.9082237,61.492582,0.5335260000000006,-0.3665690000000337,-0.0565789999999449,0.4701440655731853,-0.3842188510757232,0.3366779045445974,-0.0004048799999995,-0.00121736,0.0082490800000007,0.6942705375602319,1.0,335.78,68.91,138907.02245517902,715584.0951966333
61.019259000000005,61.6036173,0.4485260000000006,-0.4665690000000337,-0.0365789999999449,0.4649761108374259,-0.4039052490414956,0.2474481452506594,-4.879999999594584e-06,-0.00121736,0.0094490800000007,0.6637565957794787,1.0,991.69,75.27,40418.98173824481,654275.2756742395
61.1298917,61.71425,0.3735260000000004,-0.4515690000000336,0.4884210000000549,0.4431143012417413,-0.4152996130125149,0.3050544468725915,0.0031951200000004,-0.00521736,0.0086490800000007,0.6796192081526568,1.0,575.27,72.34,76915.70914527093,681180.5363560962
61.2398825,61.8242408,0.5035260000000004,-0.3565690000000339,0.6584210000000551,0.457556154220496,-0.4012596357247974,0.3895292739801217,0.0003951200000004,-0.00361736,0.0082490800000007,0.7225648654719715,1.0,261.97,68.91,180861.54903233194,715584.0951966333
61.3507185,61.9350768,0.4235260000000007,-0.4065690000000337,-0.076578999999945,0.4494210000335009,-0.4025288776075732,0.278102724100477,-0.0004048799999995,-0.00161736,0.0066490800000007,0.6643416724331168,1.0,1092.38,72.34,35771.61793515077,681180.5363560962
61.4607181,62.0450764,0.4785260000000004,-0.4465690000000337,0.183421000000055,0.4563787605186814,-0.4130569869941897,0.2554683740103569,0.0011951200000004,-0.00321736,0.0090490800000007,0.6664546028626269,1.0,642.72,74.78,67794.37391087877,658627.9753944905
61.5715732,62.1559315,0.5685260000000008,-0.3965690000000339,0.4984210000000549,0.4831883682246886,-0.4091154146004376,0.31354795424838,0.0007951200000004,-0.00361736,0.0082490800000007,0.7065116710038621,1.0,242.91,69.4,195837.55300316992,710461.0951008645
61.6832211,62.2675794,0.4685260000000006,-0.4315690000000336,-0.0565789999999449,0.479683223185337,-0.4144831063861706,0.2250664321822952,-4.879999999594584e-06,-0.00121736,0.0078490800000007,0.6727162395693084,1.0,772.24,72.34,54746.71086708795,681180.5363560962
61.7940618,62.3784201,0.5135260000000006,-0.4765690000000335,0.3584210000000549,0.4877735834499267,-0.4293251877388892,0.2569458049206121,0.0023951200000004,-0.00401736,0.0090490800000007,0.6987591374750789,1.0,1076.25,73.31,36457.60743321719,672035.1930159596
61.9040621,62.4884204,0.4035260000000007,-0.3915690000000336,-0.0465789999999449,0.4676335900544776,-0.4202992983239145,0.1843860077593279,-4.879999999594584e-06,-0.00081736,0.0086490800000007,0.6552334504405564,1.0,190.62,72.83,252301.9620186759,676530.275985171
62.014909200000005,62.5992675,0.3385260000000003,-0.3765690000000339,0.6484210000000551,0.4367694880289873,-0.4098452546189404,0.2953169246626034,0.0007951200000004,-0.00721736,0.0074490800000007,0.6677969784290325,1.0,1901.76,82.6,16291.43530203601,595326.8765133172
62.1249263,62.7092846,0.4885260000000007,-0.4165690000000339,-0.0465789999999449,0.4491422560845511,-0.4114526145220099,0.2135842341489655,0.0003951200000004,-0.00081736,0.0082490800000007,0.6454767581212497,1.0,303.03,70.87,155000.165000165,695517.1440666008
62.23665,62.8210083,0.3585260000000003,-0.3115690000000339,0.6584210000000551,0.4274797854909833,-0.3875747149501861,0.3199256763532848,0.0011951200000004,-0.00601736,0.0082490800000007,0.6597769055235578,1.0,1391.98,76.25,25920.056322648314,645737.7049180327
62.3466,62.9309583,0.4035260000000007,-0.4165690000000339,-0.0465789999999449,0.421753460036543,-0.3945060082347795,0.2323100859839478,-4.879999999594584e-06,-0.00121736,0.0074490800000007,0.6224780700040806,1.0,189.64,68.91,253657.4562328623,715584.0951966333
62.4566171,63.0409754,0.4035260000000007,-0.4915690000000337,-0.026578999999945,0.4173960540467324,-0.4177096175615283,0.1704207798655296,-0.0004048799999995,-0.00121736,0.0082490800000007,0.6146088453212794,1.0,773.22,71.85,54664.64912961382,685894.2240779402
62.5676367,63.151995,0.4835260000000003,-0.3665690000000337,0.8984210000000551,0.4332048953238455,-0.4054840835135413,0.3444544912788592,0.0031951200000004,-0.00601736,0.0070490800000007,0.6860996428198591,1.0,639.78,71.36,68151.86470349182,690672.6457399103
62.678279,63.2626373,0.3635260000000007,-0.4165690000000339,-0.0565789999999449,0.4165476520634673,-0.4081340128727586,0.2485845382788471,-4.879999999594584e-06,-0.00121736,0.0082490800000007,0.6339397381254122,1.0,412.51,69.4,111209.1828076895,710461.0951008645
62.7882487,63.372607,0.3385260000000003,-0.6215690000000336,0.293421000000055,0.3978960125396558,-0.4591571883167879,0.2593030183344459,0.0023951200000004,-0.00401736,0.0082490800000007,0.6605941384051861,1.0,1459.92,76.74,24248.451969970953,641550.6906437321
62.8990864,63.4834447,0.3435260000000006,-0.3165690000000338,1.668421000000055,0.3848984682942475,-0.4250704518981067,0.5961628507713231,0.0027951200000004,-0.01001736,0.0074490800000007,0.8271891347279106,1.0,814.76,75.76,51367.764740537095,649978.8806758183
63.0094373,63.5937956,0.4085260000000006,-0.5315690000000337,0.3534210000000549,0.3905468004245983,-0.4505296991259226,0.5381336578718238,0.0035951200000004,-0.00201736,0.0086490800000007,0.8031759750209754,1.0,2217.01,83.58,12552.897821841125,588229.2414453218
63.1207554,63.7051137,0.5485260000000007,-0.1015690000000337,1.878421000000055,0.4283128692633328,-0.3671081232436429,0.8585390287215473,-4.879999999594584e-06,-0.00641736,0.0066490800000007,1.027282605696308,1.0,537.15,71.36,83083.86856557759,690672.6457399103
63.231149,63.8155073,0.3835260000000007,-0.4065690000000337,-0.0565789999999449,0.4176062446430257,-0.3765415308822692,0.6397734534993013,-4.879999999594584e-06,-0.00121736,0.0082490800000007,0.8517561692447176,1.0,1268.82,77.22,29406.69283271071,637500.6475006475
63.3419382,63.9262965,0.2035260000000005,-0.4715690000000336,1.253421000000055,0.3664288157287672,-0.3992585338163124,0.7864703322412822,0.0015951200000004,-0.00841736,0.0074490800000007,0.955098443783284,1.0,1466.76,79.67,24088.739807466798,617588.8038157399
63.461639100000006,64.0459974,0.5585260000000005,-0.3015690000000337,0.9484210000000548,0.4123510352640789,-0.3759051450863704,0.8251858092375914,-0.0004048799999995,-0.00321736,0.0066490800000007,0.9961273383221954,1.0,862.66,74.78,47960.26244406835,658627.9753944905
63.5724289,64.1567872,0.4035260000000007,-0.4165690000000339,-0.0665789999999449,0.410241346835582,-0.3856261333433386,0.6120029898275509,-4.879999999594584e-06,-0.00121736,0.0098490800000007,0.8315967393687087,1.0,1486.31,78.2,23640.35766428269,629386.189258312
63.68246080000001,64.2668191,0.6585260000000006,0.0284309999999663,1.233421000000055,0.4695955866862106,-0.2866427846300876,0.760557454041068,-0.0036048799999995,-0.00441736,0.0070490800000007,0.9386861786098102,1.0,799.61,73.31,52530.483610760246,672035.1930159596
63.7932588,64.3776171,0.4435260000000003,-0.4915690000000337,0.1334210000000549,0.4633634636723269,-0.3356318767214728,0.6106359545129715,-4.879999999594584e-06,-0.00161736,0.0078490800000007,0.8367978997834312,1.0,913.49,74.29,44735.13667363627,663038.0939561178
63.90329140000001,64.4876497,0.4885260000000007,-0.5415690000000339,-0.006578999999945,0.4693787497458237,-0.3848626336508177,0.4630862611161164,0.0003951200000004,-0.00121736,0.0086490800000007,0.7634687568775163,1.0,1616.81,80.16,20925.09323915612,613752.49500998
64.0132711,64.5976294,0.4585260000000004,-0.5015690000000339,0.828421000000055,0.4667843215230456,-0.4127621335679531,0.5504221694822465,0.0027951200000004,-0.00641736,0.0082490800000007,0.831399270137304,1.0,643.7,71.36,67675.93599502873,690672.6457399103
64.12331329999999,64.7076716,0.4485260000000006,-0.4665690000000337,-0.0365789999999449,0.4624195378719552,-0.4256250536683974,0.4100952996496067,-4.879999999594584e-06,-0.00081736,0.0086490800000007,0.7504443151298033,1.0,913.98,74.78,44705.79224928335,658627.9753944905
64.23328199999999,64.8176403,0.4085260000000006,-0.4165690000000339,-0.0565789999999449,0.4495358983377283,-0.423460138621569,0.2985334372449225,-0.0004048799999995,-0.00121736,0.0082490800000007,0.6859469557108442,1.0,1558.65,79.18,22079.042761364002,621472.5940894164
64.3433103,64.9276686,0.3385260000000003,-0.4265690000000337,0.748421000000055,0.4229981802478063,-0.4242033343912953,0.4060823089341437,0.0023951200000004,-0.00521736,0.0074490800000007,0.7237256186089684,1.0,499.51,71.85,90098.09613421153,685894.2240779402
64.45409939999999,65.0384577,0.3835260000000007,-0.3065690000000336,-0.0465789999999449,0.4135620704279052,-0.396081997010429,0.2978703531843805,-4.879999999594584e-06,-0.00121736,0.0082490800000007,0.645477561003148,1.0,546.92,73.8,81421.04878227164,667506.7750677507
64.56399809999999,65.1483564,0.4685260000000006,-0.456569000000034,-0.0565789999999449,0.4267015948301437,-0.4105418520096554,0.2131366749015313,0.0003951200000004,-0.00121736,0.0082490800000007,0.6293219410366899,1.0,793.26,72.34,53031.03648236392,681180.5363560962
64.6744568,65.2588151,0.4985260000000004,-0.4365690000000339,0.528421000000055,0.4438717377175388,-0.4167638297467397,0.2885076703075541,0.0023951200000004,-0.00321736,0.0066490800000007,0.6737587737134482,1.0,490.71,71.85,91893.17519512544,685894.2240779402
64.7853949,65.3697532,0.6535260000000005,-0.2265690000000335,0.3984210000000551,0.4939911035769311,-0.3712963818023846,0.3147832457416496,-0.0004048799999995,-1.7360000000013996e-05,0.0082490800000007,0.6935248411934098,1.0,291.79,72.34,161356.11227252474,681180.5363560962
64.8961085,65.4804668,0.4035260000000007,-0.4165690000000339,-0.076578999999945,0.4723647670821768,-0.3821191282143014,0.2212252738486201,-4.879999999594584e-06,-0.00121736,0.0090490800000007,0.6465942492144929,1.0,438.91,72.34,103918.57100544531,681180.5363560962
65.00749019999999,65.5918485,0.3885260000000006,-0.3515690000000335,0.298421000000055,0.4523225041925685,-0.3748158993824479,0.2396794698169931,0.0015951200000004,-0.00361736,0.0086490800000007,0.6344516171314125,1.0,262.46,69.89,180505.21984302372,705409.9298898268
65.1269033,65.7112616,0.6085260000000003,-0.3465690000000336,0.7284210000000549,0.4896640782185769,-0.3680632740404775,0.3565166630857952,0.0027951200000004,-0.00281736,0.0086490800000007,0.708763440262599,1.0,247.8,69.89,191775.62550443906,705409.9298898268
65.23745939999999,65.8218177,0.4085260000000006,-0.3165690000000338,0.1034210000000549,0.4702674345105372,-0.3557531958565211,0.296012316560612,0.0003951200000004,-0.00081736,0.0070490800000007,0.6597992784770461,1.0,264.42,69.4,179093.10944709173,710461.0951008645
65.34827999999999,65.9326383,0.4885260000000007,-0.4215690000000338,-0.0565789999999449,0.4746322764835622,-0.3714869392647741,0.2117228153544079,-4.879999999594584e-06,-0.00161736,0.0082490800000007,0.6388308809582357,1.0,273.22,71.36,173002.7084400849,690672.6457399103
65.4591439,66.0435022,0.5085260000000007,-0.2815690000000337,0.3584210000000549,0.4827348159252303,-0.3499914063513508,0.2467920760845244,0.0011951200000004,-0.00201736,0.0094490800000007,0.6453163688023665,1.0,249.27,69.89,190585.71027400007,705409.9298898268
65.5691662,66.1535245,0.5835260000000004,-0.3665690000000337,0.263421000000055,0.5068296765545787,-0.3539543998631511,0.2507673404674045,0.0003951200000004,-0.00041736,0.0082490800000007,0.6671164045831862,1.0,240.96,70.87,197503.32005312084,695517.1440666008
65.6791164,66.2634747,0.4485260000000006,-0.4665690000000337,-0.0565789999999449,0.4928917615111456,-0.380875733509902,0.1772939776283746,-4.879999999594584e-06,-0.00161736,0.0078490800000007,0.647643240870741,1.0,285.92,70.38,164874.09065472856,700429.0991759022
65.78913349999999,66.3734918,0.3935260000000005,-0.3465690000000336,0.268421000000055,0.4691376584423294,-0.3726744610458812,0.1990785505924576,0.0011951200000004,-0.00281736,0.0078490800000007,0.6313546275989299,1.0,261.49,71.36,181211.90102872002,690672.6457399103
65.89918039999999,66.4835387,0.4885260000000007,-0.3715690000000335,0.1234210000000549,0.473772581545522,-0.372410192597451,0.1809920666026526,0.0003951200000004,-0.00161736,0.0074490800000007,0.6292121571837896,1.0,249.76,70.38,190192.1844971172,700429.0991759022
66.0091186,66.5934769,0.4035260000000007,-0.3915690000000336,-0.0365789999999449,0.4569796287931079,-0.3769902439028043,0.1289801314826195,0.0003951200000004,-0.00121736,0.0086490800000007,0.6062902765565817,1.0,307.43,70.38,152638.64944865496,700429.0991759022
66.1208094,66.7051677,0.4035260000000007,-0.4165690000000339,0.528421000000055,0.4442011527019113,-0.3864518314493727,0.2244693565070396,0.0035951200000004,-0.00361736,0.0070490800000007,0.6301160005133702,1.0,255.62,70.87,185602.84797746653,695517.1440666008
66.2308113,66.8151696,0.4485260000000006,-0.4415690000000338,-0.076578999999945,0.4452350386895327,-0.399627988736376,0.1525015722279192,-0.0004048799999995,-0.00081736,0.0066490800000007,0.6174086965619597,1.0,248.78,72.83,190980.78623683576,676530.275985171
66.3407929,66.9251512,0.3835260000000007,-0.456569000000034,-0.026578999999945,0.4304830472287286,-0.413240148798651,0.1096910678285126,-4.879999999594584e-06,-0.00121736,0.0074490800000007,0.6067249829138589,1.0,310.36,71.85,151103.23495295784,685894.2240779402
66.4516439,67.0360022,0.6635260000000005,-0.3615690000000338,0.5934210000000549,0.4861936485002656,-0.4008877874260788,0.225330202390828,0.0023951200000004,0.0007826399999999,0.0098490800000007,0.6692301413257389,1.0,285.92,71.85,164874.09065472856,685894.2240779402
66.5616453,67.1460036,0.4635260000000003,-0.5065690000000338,-0.0365789999999449,0.4807747833840092,-0.4261516446918194,0.1627189156292,0.0003951200000004,-0.00161736,0.0078490800000007,0.6627420781231763,1.0,304.01,70.38,154468.2740699319,700429.0991759022
66.6716601,67.2560184,0.1935260000000003,-0.4165690000000339,2.768421000000055,0.41210588674268,-0.4238608442569535,0.7856308214754799,0.0143951200000004,-0.00841736,0.0070490800000007,0.9832116073533842,1.0,788.37,74.29,53421.99728553852,663038.0939561178
66.7816581,67.3660164,0.4085260000000006,-0.2615690000000337,4.048421000000055,0.4112500889571344,-0.385063806554236,1.5656243827777867,0.0199951200000004,-0.01001736,0.0050490800000007,1.6639051892261214,1.0,1645.65,75.76,20383.13128551028,649978.8806758183
66.8915799,67.4759382,0.0885260000000003,-0.3915690000000336,4.248421000000056,0.3341005642587531,-0.3866189200384388,2.2069662936030885,0.0235951200000004,-0.01481736,0.0062490800000007,2.26534712515982,1.0,1850.44,82.6,17020.60050582564,595326.8765133172
67.0020409,67.5863992,0.0185260000000004,-0.6015690000000335,3.463421000000056,0.2586601850849029,-0.4380042893689531,2.50733086730693,0.0231951200000004,-0.01441736,0.0074490800000007,2.5584098434386697,1.0,1826.49,79.67,17374.910347168614,617588.8038157399
67.1128377,67.697196,0.1935260000000003,-0.6815690000000336,0.223421000000055,0.2430893876363614,-0.4962301928619599,1.961345715451493,0.0047951200000004,-0.00441736,0.0078490800000007,2.0376981793703326,1.0,1165.69,73.8,32893.05046796318,667506.7750677507
67.2237718,67.8081301,0.4485260000000006,-0.5165690000000336,-0.0465789999999449,0.2922004938159982,-0.5010923316279411,1.481336807756391,-4.879999999594584e-06,-0.00081736,0.0082490800000007,1.5908593248356482,1.0,186.71,69.89,257794.9761662471,705409.9298898268
67.3433388,67.9276971,0.5385260000000005,-0.3615690000000338,0.183421000000055,0.3510863854288432,-0.4677382713400602,1.1710606582737375,-4.879999999594584e-06,-0.00041736,0.0090490800000007,1.308978153318915,1.0,220.92,69.89,216326.2719536484,705409.9298898268
67.45440219999999,68.0387605,0.4285260000000006,-0.4715690000000336,0.798421000000055,0.3695988846857059,-0.4686540346979193,1.081978456159595,0.0031951200000004,-0.00321736,0.0074490800000007,1.2356849596046144,1.0,386.12,72.34,119493.4217341759,681180.5363560962
67.5652374,68.1495957,0.4235260000000007,-0.3565690000000339,-0.0465789999999449,0.3824905511500746,-0.4418592974947351,0.8121886440049545,-4.879999999594584e-06,-0.00121736,0.0086490800000007,1.0005943503499486,1.0,385.14,70.87,119822.92153502624,695517.1440666008
67.67584319999999,68.2602015,0.3835260000000007,-0.3815690000000338,-0.0565789999999449,0.3827380826773288,-0.4274464663649894,0.6045034630663444,-4.879999999594584e-06,-0.00121736,0.0090490800000007,0.8334406747925356,1.0,216.52,71.36,220925.54960280805,690672.6457399103
67.78585129999999,68.3702096,0.6235260000000005,-0.1865690000000339,1.143421000000055,0.4403001736714866,-0.3698629680254062,0.7333355932008279,-4.879999999594584e-06,-0.00721736,0.0074490800000007,0.931903401811,1.0,695.01,74.78,61941.410914950866,658627.9753944905
67.8966562,68.4810145,0.5485260000000007,-0.4165690000000339,2.333421000000055,0.4661723392365537,-0.3810283823551327,1.1158475680902298,0.0055951200000004,-0.01561736,0.0078490800000007,1.2679176129553251,1.0,2091.89,83.58,13901.830402172202,588229.2414453218
68.00753449999999,68.5918928,0.2835260000000006,-0.581569000000034,0.1534210000000549,0.4225094124760074,-0.4289690656304954,0.8857725447934295,0.0031951200000004,-0.00521736,0.0082490800000007,1.071037657605254,1.0,2019.55,83.09,14757.990641479539,591757.1308220002
68.1192153,68.7035736,0.4035260000000007,-0.4415690000000338,-0.0465789999999449,0.4179712905948367,-0.4319811709585541,0.6628871730659891,-4.879999999594584e-06,-0.00121736,0.0074490800000007,0.8948335800804837,1.0,135.39,69.89,359303.4936110496,705409.9298898268
68.23002919999999,68.8143875,0.4285260000000006,-0.4015690000000338,0.4684210000000549,0.4204944701212528,-0.4247109218052367,0.6163986296466513,0.0007951200000004,-0.00561736,0.0086490800000007,0.8585698790043106,1.0,229.72,69.4,207656.27720703467,710461.0951008645
68.3408504,68.9252087,0.5885260000000003,-0.3215690000000337,2.0534210000000552,0.4606636211331226,-0.4000541003406141,0.9599292077697862,0.0051951200000004,-0.02001736,0.0066490800000007,1.137417398743464,1.0,1382.7,77.71,26161.13401316265,633417.8355424012
68.4508814,69.0352397,0.5685260000000008,-0.4165690000000339,0.4984210000000549,0.4864489019570827,-0.4040021064014041,0.8496023369468095,-0.0004048799999995,-0.00441736,0.0082490800000007,1.0590912931081546,1.0,1876.83,80.16,16640.665377258465,613752.49500998
68.5608529,69.1452112,0.4285260000000006,-0.331569000000034,-0.026578999999945,0.4726020138317485,-0.386686449087595,0.6401448591568174,-4.879999999594584e-06,-0.00121736,0.0082490800000007,0.8846832846226377,1.0,204.3,70.38,234738.13020068526,700429.0991759022
68.6716763,69.2560346,0.6585260000000006,-0.2215690000000336,0.7434210000000551,0.5170484857677629,-0.3472139301390434,0.6648337666520282,-0.0028048799999995,-0.00681736,0.0066490800000007,0.9109887964174206,1.0,237.54,67.94,200490.86469647218,725943.4795407713
68.7816823,69.3660406,0.8485260000000006,-0.3515690000000335,1.6584210000000552,0.596290580009494,-0.3482550410486422,0.9023579720712326,0.0031951200000004,-0.01721736,0.0078490800000007,1.1362631469797644,1.0,1343.11,74.29,27227.03278212507,663038.0939561178
68.8920096,69.4763679,0.4685260000000006,-0.456569000000034,-0.0665789999999449,0.5657475342366388,-0.374148275353844,0.6707265896741499,-4.879999999594584e-06,-0.00081736,0.0082490800000007,0.9539032249347982,1.0,1099.71,76.25,35466.53208573169,645737.7049180327
69.0025414,69.5868997,0.4485260000000006,-0.4165690000000339,-0.0565789999999449,0.5377248797146429,-0.3842892560113156,0.4968589346901263,-4.879999999594584e-06,-0.00121736,0.0074490800000007,0.8268585607776368,1.0,195.01,68.43,246397.10784062356,720673.6811340054
69.113384,69.6977423,0.7785260000000005,-0.1315690000000338,0.7534210000000551,0.5952901269724038,-0.3238746532590762,0.558191949706942,-0.0028048799999995,-0.00481736,0.0046490800000007,0.8779768670142424,1.0,217.5,70.87,219885.05747126436,695517.1440666008
69.2233739,69.8077322,0.6785260000000006,-0.2865690000000336,2.653421000000056,0.6151882636831928,-0.3149564673659865,1.0590715892984728,0.0019951200000004,-0.03281736,0.0070490800000007,1.264629118504076,1.0,1517.11,77.71,22957.399265709148,633417.8355424012
69.3350717,69.91943,0.5035260000000004,-0.5015690000000339,2.923421000000056,0.5884945929450042,-0.3595675413084408,1.5047577832610155,0.0059951200000004,-0.03881736,0.0110490800000007,1.6552675581224654,1.0,2455.03,82.11,10366.349902037855,598939.227865059
69.4451096,70.0294679,0.4135260000000005,-0.5315690000000337,-0.096578999999945,0.5466670868965029,-0.4006857324802415,1.12194665778898,0.0015951200000004,-0.00201736,0.0094490800000007,1.3107853611606284,1.0,1401.76,79.18,25669.444127382718,621472.5940894164
69.5554451,70.1398034,0.4685260000000006,-0.4815690000000339,-0.0465789999999449,0.5279868956131035,-0.4200214618500836,0.8426021583201064,-4.879999999594584e-06,-0.00161736,0.0082490800000007,1.0794288246844,1.0,168.62,68.43,286524.7301624956,720673.6811340054
69.6662063,70.2505646,0.5535260000000006,-0.4165690000000339,1.4684210000000553,0.5340922030013386,-0.4191961259055888,0.992208673095372,0.0023951200000004,-0.02001736,0.0086490800000007,1.2022719843058625,1.0,598.73,71.85,73510.0963706512,685894.2240779402
69.7771166,70.3614749,0.6235260000000005,-0.4815690000000339,2.873421000000055,0.5554719982088007,-0.4341068120152259,1.4419260689874078,0.0075951200000004,-0.03841736,0.0114490800000007,1.605038520864088,1.0,2043.5,84.07,14467.824810374359,584742.4765076722
69.88788869999999,70.472247,0.7085260000000004,-0.3115690000000339,3.693421000000055,0.5920606629395102,-0.4048132628875456,1.9801621961688287,0.0083951200000004,-0.04961736,0.0094490800000007,2.106051264700409,1.0,2466.28,83.58,10273.448270269391,588229.2414453218
69.9987366,70.5830949,0.5135260000000006,-0.5015690000000339,4.688421000000055,0.5732863844599898,-0.4279434207700627,2.6275910266319253,0.0143951200000004,-0.06721736,0.0134490800000007,2.723238412850444,1.0,2758.06,85.04,8128.684655156159,577958.6077140169
70.1101193,70.6944776,0.4235260000000007,-0.6315690000000338,3.793421000000056,0.5374850827441155,-0.4766215863968978,2.906291103267433,0.0127951200000004,-0.05441736,0.0150490800000007,2.99375789397262,1.0,2853.86,85.53,7520.130630093978,574590.20226821
70.22920149999999,70.8135598,0.4535260000000005,-0.4115690000000336,0.1534210000000549,0.5174140575264073,-0.4610702957041691,2.248197619419465,-0.0012048799999995,-0.00201736,0.0086490800000007,2.352593390382201,1.0,1717.99,78.69,19103.77825249274,625404.7528275512
70.3392373,70.9235956,0.5135260000000006,-0.4065690000000337,-0.026578999999945,0.5164845892889058,-0.4480413672699533,1.7043958364465537,-4.879999999594584e-06,-0.00121736,0.0090490800000007,1.8364265749151,1.0,52.3,69.89,946022.9445506693,705409.9298898268
70.4492373,71.0335956,0.5135260000000006,-0.4065690000000337,-0.0465789999999449,0.5157773171476958,-0.4381270982938436,1.2858126534334746,-4.879999999594584e-06,-0.00121736,0.0074490800000007,1.4530298602826752,1.0,172.04,68.91,280630.0860265055,715584.0951966333
70.5592337,71.143592,0.4685260000000006,-0.5065690000000338,1.9034210000000555,0.5044815484584197,-0.454488629294361,1.433456390042469,0.0055951200000004,-0.02561736,0.0102490800000007,1.586145885171493,1.0,830.89,73.8,50176.43731420525,667506.7750677507
70.66922919999999,71.2535875,0.2085260000000004,-0.5115690000000337,3.878421000000056,0.4337312367317715,-0.468134104237928,2.017942841525319,0.0147951200000004,-0.05681736,0.0126490800000007,2.1164511893570324,1.0,2299.12,81.62,11747.451198719511,602594.9522175937
70.7792381,71.3635964,0.0585260000000005,-0.6315690000000338,4.778421000000055,0.3440357145544833,-0.5072043966599192,2.6778550859282344,0.0215951200000004,-0.07401736,0.0154490800000007,2.747093870640732,1.0,2766.86,84.07,8071.026362013256,584742.4765076722
70.8892097,71.473568,0.3185260000000003,-0.3365690000000338,5.558421000000055,0.3379374330179874,-0.4664127724846985,3.366475175773828,0.0203951200000004,-0.08201736,0.0122490800000007,3.4153912941379168,1.0,2932.55,85.53,7050.007672503451,574590.20226821
71.00116,71.5855183,0.4735260000000005,-0.3965690000000339,5.423421000000055,0.3703508593940592,-0.449716114148018,3.858202933630949,0.0167951200000004,-0.07481736,0.0134490800000007,3.901939802131341,1.0,3043.5,87.49,6428.45408247084,561493.8850154304
71.1117214,71.6960797,0.6035260000000005,-0.3265690000000336,0.508421000000055,0.4260930611223473,-0.4202769069441323,3.0574133648759045,-0.0020048799999995,-0.00401736,0.0070490800000007,3.1154396895091616,1.0,2437.93,83.58,10509.202479152395,588229.2414453218
71.22255129999999,71.8069096,0.4885260000000007,-0.3715690000000335,-0.0465789999999449,0.4410181061522949,-0.4086329299421883,2.3153815680199097,0.0003951200000004,-0.00161736,0.0082490800000007,2.392168398527501,1.0,47.41,68.91,1044629.8249314493,715584.0951966333
71.3325835,71.9169418,0.4435260000000003,-0.4165690000000339,-0.0665789999999449,0.4416176362926377,-0.4105301048165968,1.7459566878789454,-4.879999999594584e-06,-0.00161736,0.0090490800000007,1.84713991337815,1.0,188.66,67.94,255027.03275734125,725943.4795407713
71.4442668,72.0286251,0.6235260000000005,-0.1565690000000337,2.028421000000056,0.4851041446720832,-0.3498188681940462,1.8134818221037208,0.0007951200000004,-0.02241736,0.0074490800000007,1.9095590042790584,1.0,447.7,72.34,101681.92986374805,681180.5363560962
71.5559277,72.140286,0.2735260000000004,-0.4665690000000337,2.258421000000056,0.4345248608300745,-0.3777288305597675,1.9198477466472408,0.0071951200000004,-0.03001736,0.0110490800000007,2.00432190389217,1.0,2263.93,82.6,12085.488508920333,595326.8765133172
71.6658882,72.2502465,0.4685260000000006,-0.456569000000034,-0.0665789999999449,0.4426530787596376,-0.3965761425751538,1.4449780836877524,-4.879999999594584e-06,-0.00121736,0.0082490800000007,1.562426333410028,1.0,589.44,72.83,74826.27578718784,676530.275985171
71.7767437,72.361102,0.6885260000000006,-0.2315690000000339,0.538421000000055,0.5014307766724082,-0.3571299931952126,1.228259064216769,-0.0012048799999995,-0.00321736,0.0070490800000007,1.3738977344273335,1.0,209.19,69.89,229017.16143219083,705409.9298898268
71.8867439,72.4711022,0.6385260000000006,-0.2065690000000335,3.763421000000055,0.5342043801313896,-0.3211373001779053,1.8343078379886195,0.0091951200000004,-0.04121736,0.0074490800000007,1.937314824653856,1.0,1394.43,78.2,25856.94513170256,629386.189258312
71.99675819999999,72.5811165,0.7185260000000004,-0.3215690000000337,2.3234210000000552,0.5782677948286044,-0.3212405011388166,1.9512338725305176,0.0047951200000004,-0.02161736,0.0090490800000007,2.0603161717120737,1.0,2319.65,84.07,11554.975966201795,584742.4765076722
72.1070783,72.6914366,0.5135260000000006,-0.4515690000000336,-0.0465789999999449,0.5627908011053055,-0.3523964702339279,1.4736422739296915,-4.879999999594584e-06,-0.00121736,0.0090490800000007,1.6163348383162306,1.0,516.62,71.85,86782.93523285975,685894.2240779402
72.2184597,72.802818,0.5685260000000008,-0.3965690000000339,0.6584210000000551,0.5641618418299265,-0.3629562325596737,1.2787577395557042,-4.879999999594584e-06,-0.00521736,0.0078490800000007,1.4440350297013091,1.0,353.86,67.45,131298.8187418753,731289.8443291327
72.3291216,72.9134799,0.8035260000000006,-0.0615690000000337,4.193421000000055,0.6213835729139741,-0.2909074375122573,1.975529046357607,0.0059951200000004,-0.03281736,0.0066490800000007,2.091281830574225,1.0,2056.21,81.13,14316.582450236112,606294.8354492789
72.4396273,73.0239856,0.2035260000000005,-0.4765690000000335,5.648421000000055,0.5214917016684588,-0.3352911751718074,2.853560399417407,0.0187951200000004,-0.05721736,0.0114490800000007,2.920133681902318,1.0,2786.9,85.04,7941.081488392118,577958.6077140169
72.5592631,73.1436214,-0.0664739999999994,-0.3115690000000339,8.163421000000055,0.3809342534492869,-0.3296202178372368,4.122920932352476,0.0255951200000004,-0.08481736,0.0106490800000007,4.1535812749828604,1.0,2970.67,85.53,6831.219893155416,574590.20226821
72.66927079999999,73.2536291,-0.0614739999999995,-0.3915690000000336,14.813421000000057,0.2751733646772468,-0.3444295217071383,6.6785621975341805,0.0507951200000004,-0.14721736,0.0142490800000007,6.69309682451881,1.0,3261.97,90.91,5328.16059007287,539994.5000549995
72.77928779999999,73.3636461,0.5635260000000004,-0.8015690000000337,17.258421000000055,0.3441061450983295,-0.4537120161906764,9.207753869044772,0.0675951200000004,-0.16521736,0.0154490800000007,9.225345248045691,1.0,3530.79,93.35,4161.136742768616,525618.6395286557
72.889287,73.4736453,0.8235260000000006,-1.086569000000034,4.363421000000055,0.458714924554962,-0.6050010496827757,8.049681103124943,0.0247951200000004,-0.03481736,0.0186490800000007,8.085407318999675,1.0,3469.7,90.42,4410.467763783614,542975.00552975
73.000226,73.5845843,0.4235260000000007,-0.6015690000000335,-0.471578999999945,0.450302757949007,-0.6041805934143254,6.0126123212073805,0.0027951200000004,0.0019826399999999,0.0110490800000007,6.0596463336080735,1.0,1595.31,78.2,21341.870858955313,629386.189258312
73.1102378,73.6945961,0.4485260000000006,-0.4665690000000337,-0.0665789999999449,0.4498780111266893,-0.571283547956062,4.559337722161366,-4.879999999594584e-06,-0.00081736,0.0078490800000007,4.616959560336668,1.0,66.47,68.91,742219.0461862495,715584.0951966333
73.2209477,73.805306,0.6835260000000005,-0.3815690000000338,0.3584210000000549,0.5057332506489641,-0.525930914843137,3.555078233941769,-0.0008048799999995,-0.00321736,0.0078490800000007,3.629180444321588,1.0,71.36,68.43,690672.6457399103,720673.6811340054
73.3317778,73.9161361,0.2085260000000004,-0.2115690000000338,5.108421000000055,0.4346837104718569,-0.4507804282718051,3.9264160429114097,0.0191951200000004,-0.06401736,0.0066490800000007,3.9760402242299535,1.0,1602.64,79.18,21198.522437977335,621472.5940894164
73.44177459999999,74.0261329,-0.7964739999999995,-0.2315690000000339,12.713421000000055,0.1403665663795634,-0.3983763528454219,6.027013051806376,0.0611951200000004,-0.16841736,0.0102490800000007,6.041795496217,1.0,3061.58,87.0,6331.436709150178,564712.6436781608
73.55175559999999,74.1361139,0.5285260000000007,0.6484309999999662,17.533421000000054,0.2331588828991623,-0.1481294934189493,8.777702989633513,0.0739951200000004,-0.20881736,0.0086490800000007,8.782048461817803,1.0,3494.62,91.4,4307.707275755303,537045.9518599563
73.6617868,74.2461451,0.7585260000000005,0.5184309999999663,15.893421000000057,0.35875168728964,0.011216607506347,10.478766781188307,0.0663951200000004,-0.18361736,0.0098490800000007,10.484912104541111,1.0,3588.95,90.91,3931.651318630798,539994.5000549995
73.7726271,74.3569854,0.8185260000000005,0.0084309999999663,4.903421000000055,0.4686640579736911,0.0105506879098025,9.14594009806788,0.0191951200000004,-0.05361736,0.0102490800000007,9.157946144944162,1.0,3384.65,88.95,4772.576189561697,552113.5469364811
73.8829458,74.4673041,0.5785260000000005,-0.2215690000000336,0.298421000000055,0.4949273488149791,-0.0449392002273023,7.030876746641245,-0.0008048799999995,-0.00281736,0.0066490800000007,7.048418293403327,1.0,2013.2,83.58,14836.081859725808,588229.2414453218
73.994283,74.5786413,0.3585260000000003,-0.4915690000000337,-0.281578999999945,0.4623196210705172,-0.151709280142769,5.28278137807318,0.0003951200000004,-1.7360000000013996e-05,0.0098490800000007,5.305142243731546,1.0,127.08,67.94,383452.94302801386,725943.4795407713
74.1051064,74.6894647,0.4685260000000006,-0.4815690000000339,-0.0565789999999449,0.4638033007860754,-0.2305646289528461,4.006368710234104,0.0003951200000004,-0.00121736,0.0074490800000007,4.0397108550349365,1.0,69.4,70.38,710461.0951008645,700429.0991759022
74.21596579999999,74.8003241,0.4485260000000006,-0.4165690000000339,-0.0565789999999449,0.4601511516758909,-0.2750303174748392,3.035091710950149,-4.879999999594584e-06,-0.00121736,0.0082490800000007,3.082071130230005,1.0,65.0,70.38,759230.7692307692,700429.0991759022
74.3351174,74.9194757,0.3535260000000004,-0.6915690000000339,2.463421000000056,0.434661638949184,-0.3746068984457661,2.8984296979708715,0.0135951200000004,-0.02041736,0.0110490800000007,2.954683702668809,1.0,2143.21,82.11,13329.491743692872,598939.227865059
74.44593429999999,75.0302926,0.1585260000000006,-0.581569000000034,2.473421000000055,0.3686494197620288,-0.4240826838359627,2.7968282986235744,0.0139951200000004,-0.02481736,0.0114490800000007,2.852717485031077,1.0,2564.52,83.09,9496.825916740754,591757.1308220002
74.5559433,75.1403016,0.6435260000000005,0.1334309999999663,5.838421000000055,0.4343606518693189,-0.2908050104531784,3.523943005169169,0.0223951200000004,-0.04841736,0.0082490800000007,3.562500671393302,1.0,2723.85,84.56,8356.370578409238,581296.1210974456
74.6659639,75.2503222,0.5435260000000004,0.0434309999999662,9.498421000000056,0.4604574169079338,-0.2109034777635366,4.952185127136593,0.0427951200000004,-0.07761736,0.0118490800000007,4.978015552722908,1.0,3195.5,88.95,5647.003598810827,552113.5469364811
74.77594579999999,75.3603041,0.3935260000000005,-0.6165690000000337,5.598421000000055,0.4444569782095938,-0.3078807512239735,5.106672480700961,0.0291951200000004,-0.04681736,0.0094490800000007,5.135215320471183,1.0,3271.26,89.44,5284.6303870679785,549033.9892665475
74.885971,75.4703293,0.8835260000000005,-0.3615690000000338,0.778421000000055,0.5494195995322692,-0.3207153149168984,4.0719726986357525,0.0015951200000004,-0.00081736,0.0098490800000007,4.1213689313148585,1.0,2688.17,84.56,8600.014136010743,581296.1210974456
74.9967882,75.5811465,0.4685260000000006,-0.3065690000000336,-0.076578999999945,0.5300814002202102,-0.3173335361485502,3.080231447554498,-4.879999999594584e-06,-0.00121736,0.0090490800000007,3.141578048453936,1.0,422.29,71.36,108402.04598735465,690672.6457399103
75.1084424,75.6928007,0.4285260000000006,-0.3815690000000338,-0.076578999999945,0.5058038482008946,-0.3326894877942306,2.3255731064969187,-4.879999999594584e-06,-0.00081736,0.0082490800000007,2.403083457103675,1.0,42.52,68.43,1165917.2154280338,720673.6811340054
75.2184679,75.8028262,0.5485260000000007,-0.4415690000000338,1.8634210000000555,0.5160168871966633,-0.358717921690236,2.215092307031948,0.0043951200000004,-0.01961736,0.0082490800000007,2.3025172971958345,1.0,199.9,69.4,240125.06253126563,710461.0951008645
75.3286672,75.9130255,0.2985260000000007,-0.4265690000000337,5.388421000000055,0.4640241195428037,-0.3749382120899676,2.973699453977037,0.0143951200000004,-0.05961736,0.0098490800000007,3.0329499648009404,1.0,2277.13,83.09,11957.46400073777,591757.1308220002
75.44016339999999,76.0245217,0.1835260000000005,-0.3515690000000335,6.993421000000056,0.3969690178568822,-0.3693516331297786,3.934642926457364,0.0179951200000004,-0.07921736,0.0118490800000007,3.971828292959661,1.0,2896.87,85.04,7260.008215763911,577958.6077140169
75.5501749,76.1345332,0.9635260000000004,-0.3865690000000337,1.5934210000000553,0.5324085570252663,-0.3734675690516684,3.3749569128620123,-0.0012048799999995,-0.00681736,0.0090490800000007,3.437043942169226,1.0,2799.12,84.56,7862.756866443741,581296.1210974456
75.6601331,76.2444914,0.4285260000000006,-0.4065690000000337,-0.076578999999945,0.5075746813612273,-0.3813807052317255,2.5498423203406504,-4.879999999594584e-06,-0.00121736,0.0082490800000007,2.6276946470399087,1.0,215.54,71.36,221975.50338684235,690672.6457399103
75.7701539,76.3545122,0.4935260000000006,-0.3915690000000336,-0.016578999999945,0.5042162425996213,-0.3838162906923645,1.936320764884751,-4.879999999594584e-06,-0.00081736,0.0078490800000007,2.0373725895932715,1.0,63.05,68.91,783021.4115781126,715584.0951966333
75.88015259999999,76.4645109,0.2685260000000005,-0.2515690000000339,2.938421000000055,0.4478727875716263,-0.3522016205494204,2.175880064871033,0.0055951200000004,-0.03521736,0.0062490800000007,2.249242110593697,1.0,416.42,71.36,110071.0820805917,690672.6457399103
75.99016599999999,76.5745243,-0.2514739999999995,-0.0765690000000336,10.328421000000056,0.2806888861936997,-0.2863096515443457,4.124803866195461,0.0343951200000004,-0.13281736,0.0090490800000007,4.144244973693173,1.0,2755.62,84.56,8144.7369376038805,581296.1210974456
76.1005168,76.6848751,-0.0814739999999996,-0.1515690000000338,14.903421000000057,0.1941112321254002,-0.2540989254786672,6.7015101525653815,0.0567951200000004,-0.18601736,0.0110490800000007,6.709134352455877,1.0,3344.57,88.95,4949.604881942971,552113.5469364811
76.21185039999999,76.7962087,0.4085260000000006,-0.0915690000000337,12.958421000000056,0.2453686312346324,-0.215244972740093,8.197269888132713,0.0503951200000004,-0.15441736,0.0142490800000007,8.203765585532727,1.0,3478.98,89.93,4372.028583090446,545987.9906594018
76.33098609999999,76.9153444,0.5185260000000005,-0.7265690000000335,1.8684210000000552,0.3106688734204822,-0.3374806750622903,6.684312844284128,0.0043951200000004,-0.01681736,0.0110490800000007,6.700033324933139,1.0,2966.28,86.02,6856.129562954272,571260.172053011
76.433838,77.0181963,0.3435260000000006,-0.5015690000000339,-0.296578999999945,0.3185236068764068,-0.3767071744488357,5.015480221663081,0.0019951200000004,-0.00201736,0.0098490800000007,5.039683267558819,1.0,416.91,71.36,109929.96090283274,690672.6457399103
76.54432159999999,77.1286799,0.4485260000000006,-0.4165690000000339,-0.0565789999999449,0.3496016180392784,-0.3862364317931587,3.8029678261433295,-4.879999999594584e-06,-0.00081736,0.0090490800000007,3.838484617562159,1.0,41.06,69.89,1207730.1509985386,705409.9298898268
76.6553115,77.2396698,0.4885260000000007,-0.4165690000000339,-0.0665789999999449,0.3828124950826395,-0.3934876513336761,2.877924705253968,-4.879999999594584e-06,-0.00161736,0.0090490800000007,2.9298171525292536,1.0,37.63,69.89,1318727.0794578793,705409.9298898268
76.7655643,77.3499226,0.5535260000000006,-0.4265690000000337,2.8034210000000552,0.4236227916010334,-0.4013959866991526,2.8601140563272582,0.0083951200000004,-0.03481736,0.0106490800000007,2.919045635632098,1.0,1087.0,73.8,35998.16007359706,667506.7750677507
76.8768515,77.4612098,-0.0414739999999995,-0.7015690000000336,8.193421000000056,0.3124380438906516,-0.4731545138617154,4.135079606945283,0.0339951200000004,-0.11561736,0.0202490800000007,4.173772404076758,1.0,2885.14,86.02,7330.181550981929,571260.172053011
76.9875623,77.5719206,0.4435260000000003,-0.2115690000000338,10.998421000000056,0.3437755667269522,-0.4106206071811666,5.77581094506127,0.0407951200000004,-0.14881736,0.0126490800000007,5.80058471159674,1.0,3368.04,87.98,4845.429389199654,558310.9797681292
77.098868,77.6832263,0.3185260000000003,-0.9115690000000336,4.013421000000055,0.3377394754078343,-0.5303759391406814,5.354498897875542,0.0187951200000004,-0.05201736,0.0142490800000007,5.391291592690801,1.0,3283.48,88.47,5227.746171744611,555163.3322030066
77.20966419999999,77.7940225,0.2785260000000007,-0.6815690000000336,-0.096578999999945,0.3235840663764978,-0.56651973249892,4.051379349923842,0.0019951200000004,-0.00281736,0.0086490800000007,4.103574769918629,1.0,1266.37,74.78,29482.931528700145,658627.9753944905
77.3209826,77.9053409,0.4885260000000007,-0.3965690000000339,-0.0665789999999449,0.3630146270855108,-0.5258917822371335,3.0669516598466102,0.0003951200000004,-0.00121736,0.0078490800000007,3.132815709539656,1.0,40.57,68.91,1222437.7618930244,715584.0951966333
77.43102599999999,78.0153843,0.5135260000000006,-0.3815690000000338,-0.0665789999999449,0.3989954580162817,-0.4913903786117625,2.3178585202047244,-4.879999999594584e-06,-0.00121736,0.0066490800000007,2.402733859459984,1.0,39.59,68.91,1252945.1881788329,715584.0951966333
77.5427022,78.1270605,0.2735260000000004,-0.5915690000000338,2.218421000000056,0.3690010777349717,-0.5153388017059889,2.2940872627018645,0.0039951200000004,-0.02881736,0.0114490800000007,2.3800361856081658,1.0,472.14,70.87,95900.7921379252,695517.1440666008
77.6526652,78.2370235,0.2235260000000005,-0.1665690000000339,6.718421000000055,0.3342242095471004,-0.431962861230913,3.3517562022674703,0.0075951200000004,-0.08641736,0.0094490800000007,3.3959633942621696,1.0,2549.36,83.58,9612.76555684564,588229.2414453218
77.7630598,78.3474181,0.2085260000000004,-0.5665690000000339,8.153421000000055,0.3041751445599362,-0.464141431046014,4.499628857522598,0.0163951200000004,-0.10441736,0.0170490800000007,4.533719184293577,1.0,3171.07,87.0,5767.548493095389,564712.6436781608
77.8737426,78.4581009,0.7135260000000005,-0.4915690000000337,2.408421000000055,0.4020334235440982,-0.4706981895305526,3.9997105131104034,0.0043951200000004,-0.02761736,0.0094490800000007,4.047328976987146,1.0,2881.72,86.02,7350.748858320726,571260.172053011
77.98509279999999,78.5694511,0.3785260000000003,-0.456569000000034,-0.0465789999999449,0.3964138041374057,-0.4673205047095176,3.0324157761812,0.0003951200000004,-0.00161736,0.0082490800000007,3.093715856032237,1.0,550.83,73.31,80772.107546793,672035.1930159596
78.09560809999999,78.6799664,0.4685260000000006,-0.4065690000000337,-0.0465789999999449,0.4136527454687878,-0.4527974186634967,2.296359833475523,-4.879999999594584e-06,-0.00081736,0.0074490800000007,2.376847193443853,1.0,51.81,69.4,955064.6593321753,710461.0951008645
78.20690429999999,78.7912626,0.8435260000000004,-0.0615690000000337,2.098421000000055,0.5164170522015101,-0.3592714391002093,2.2490411255001392,-0.0140048799999995,-0.02481736,0.0030490800000007,2.3353690335680497,1.0,579.67,72.83,76255.97322614591,676530.275985171
78.3171953,78.9015536,0.3435260000000006,-0.0715690000000337,7.168421000000055,0.4750861972750867,-0.2904940927828982,3.4250544201843853,-0.0232048799999995,-0.10921736,0.0090490800000007,3.4700275926867867,1.0,2537.15,84.56,9707.151725361135,581296.1210974456
78.43685769999999,79.021216,0.2335260000000003,-0.5065690000000338,8.553421000000055,0.4173394871796544,-0.3421483601941637,4.65102749641296,-0.0152048799999995,-0.13081736,0.0166490800000007,4.682231788403083,1.0,3105.57,87.98,6100.104006671882,558310.9797681292
78.54688879999999,79.1312471,1.0135260000000006,-0.0965690000000336,5.823421000000055,0.5598621796886244,-0.2834408401700658,4.9312966323596985,-0.0172048799999995,-0.07721736,0.0098490800000007,4.971063351682828,1.0,3170.58,88.95,5769.985302373699,552113.5469364811
78.6568889,79.2412472,0.8735260000000005,-0.3915690000000336,3.663421000000056,0.6348457817193838,-0.3092896578531506,4.628201803804156,-0.0112048799999995,-0.04561736,0.0122490800000007,4.681766888233316,1.0,2857.28,83.58,7499.160040318063,588229.2414453218
78.7668805,79.3512388,0.5485260000000007,-0.5265690000000338,0.598421000000055,0.6142104143588674,-0.3612318541347413,3.6648535930871,-0.0028048799999995,-0.00641736,0.0098490800000007,3.733482924068616,1.0,2123.66,80.65,13544.258497122893,609962.802231866
78.8768877,79.461246,0.3185260000000003,-0.2915690000000339,-0.0565789999999449,0.5435249191972843,-0.3445784456365018,2.775218249529387,-4.879999999594584e-06,-0.00121736,0.0082490800000007,2.848857661503403,1.0,125.61,69.89,388057.47950003983,705409.9298898268
78.98710129999999,79.5714596,0.4485260000000006,-0.3415690000000337,-0.0565789999999449,0.5208147413279656,-0.3438590159180404,2.0982566612285214,-4.879999999594584e-06,-0.00121736,0.0082490800000007,2.18910210680144,1.0,149.07,66.96,325412.89327161736,736714.4563918759
79.09857009999999,79.6829284,0.5285260000000007,-0.3915690000000336,0.508421000000055,0.5226581734166461,-0.3552644322511918,1.7181949620579815,-0.0004048799999995,-0.00361736,0.0082490800000007,1.8307316326276264,1.0,257.58,69.89,184114.44987964907,705409.9298898268
79.20937479999999,79.7937331,0.6035260000000005,-0.4165690000000339,3.828421000000056,0.5419902115190934,-0.3699197320118833,2.2226597398793966,0.0079951200000004,-0.03081736,0.0106490800000007,2.317500877409759,1.0,1827.96,79.18,17352.896124641677,621472.5940894164
79.3211211,79.9054794,-0.0664739999999994,-0.706569000000034,7.583421000000055,0.3965324464468725,-0.4503981713477011,3.504188443163576,0.0271951200000004,-0.07681736,0.0134490800000007,3.555198044981412,1.0,2757.58,86.02,8131.8402367293065,571260.172053011
79.43110519999999,80.0154635,0.3535260000000004,-0.7865690000000336,5.278421000000055,0.3862514447619215,-0.5307622363042321,3.928331552240597,0.0211951200000004,-0.04961736,0.0150490800000007,3.9827989548050695,1.0,3021.51,88.95,6548.017382037457,552113.5469364811
79.5411232,80.1254815,0.3085260000000005,-0.4965690000000335,-0.321578999999945,0.3676706157332307,-0.5225880961670862,2.9123597350282058,0.0019951200000004,-1.7360000000013996e-05,0.0114490800000007,2.981630296690512,1.0,1939.88,79.18,15774.790193207826,621472.5940894164
79.6512202,80.2355785,0.4485260000000006,-0.3915690000000336,-0.0465789999999449,0.3869996794100201,-0.4912670347974088,2.2050040561982542,0.0003951200000004,-0.00081736,0.0094490800000007,2.29197620825192,1.0,50.34,68.43,983245.9276916964,720673.6811340054
79.76113409999999,80.3454924,0.5335260000000006,-0.2965690000000338,-0.0565789999999449,0.4220278547961504,-0.4447230631562912,1.6643562898185376,-4.879999999594584e-06,-0.00121736,0.0082490800000007,1.773687676166659,1.0,98.24,69.4,498957.654723127,710461.0951008645
79.8714297,80.455788,0.3985260000000004,-0.4065690000000337,1.3034210000000552,0.4164095666388813,-0.4356020587486894,1.578072101531412,0.0007951200000004,-0.00841736,0.0106490800000007,1.6892180553162,1.0,691.59,71.85,62297.170288754896,685894.2240779402
79.98223229999999,80.5665906,0.6985260000000006,-0.0565690000000338,6.293421000000055,0.4838515379331402,-0.3449914680675689,2.7053103175550426,-0.0032048799999995,-0.02841736,0.0078490800000007,2.7698078160893123,1.0,2902.25,86.51,7228.012748729433,567967.8649867068
80.10186979999999,80.6862281,-0.0014739999999995,-0.8065690000000336,9.678421000000055,0.36783096228748,-0.4553349113324177,4.372282797230378,0.0227951200000004,-0.06321736,0.0122490800000007,4.411290781307907,1.0,3311.34,89.44,5099.62734119722,549033.9892665475
80.2119127,80.796271,0.6235260000000005,-0.3465690000000336,2.408421000000055,0.4289567080940654,-0.4293336345458116,3.9028074484294,-0.0016048799999995,-0.00761736,0.0110490800000007,3.949713560080936,1.0,3271.75,89.44,5282.3412546802165,549033.9892665475
80.3227337,80.907092,0.4885260000000007,-0.3915690000000336,-0.0565789999999449,0.4431971776295529,-0.4203057258606256,2.9562875168660976,-4.879999999594584e-06,-0.00121736,0.0078490800000007,3.0187276332634494,1.0,837.24,73.8,49720.032487697674,667506.7750677507
80.4327211,81.0170794,0.4735260000000005,-0.3815690000000338,-0.0565789999999449,0.4504475017008138,-0.4110454317246242,2.236040012234497,-0.0004048799999995,-0.00121736,0.0082490800000007,2.3177006353374963,1.0,125.61,68.91,388057.47950003983,715584.0951966333
80.54274149999999,81.1270998,0.5585260000000005,-0.4465690000000337,0.598421000000055,0.4762844474362299,-0.4195375973292883,1.8445553578376528,0.0003951200000004,-0.00081736,0.0078490800000007,1.950703242056582,1.0,260.51,69.4,181931.21185367164,710461.0951008645
80.6535577,81.237916,0.2685260000000005,-0.3565690000000339,4.938421000000055,0.4266182898104578,-0.4044844992770973,2.584166288477496,0.0111951200000004,-0.02361736,0.0094490800000007,2.65019363101261,1.0,2283.48,83.58,11896.403734650623,588229.2414453218
80.7637132,81.3480715,0.0685260000000003,-0.5515690000000337,5.988421000000055,0.3410137412119758,-0.4396461116560867,3.397977968277683,0.0183951200000004,-0.03241736,0.0106490800000007,3.4432300748120555,1.0,3016.62,87.49,6574.8420417553425,561493.8850154304
80.87452549999999,81.4588838,0.4285260000000006,-0.4015690000000338,0.2334210000000549,0.3619341788297411,-0.4305435030604765,2.6414677654833763,-0.0004048799999995,-0.00161736,0.0082490800000007,2.700688063053652,1.0,2543.99,82.11,9654.165307253568,598939.227865059
80.9844445,81.5688028,0.4485260000000006,-0.3715690000000335,-0.076578999999945,0.3826345791860965,-0.416445222095027,1.9916990520829216,0.0003951200000004,-0.00081736,0.0082490800000007,2.0704349683732417,1.0,173.02,69.4,278983.9324933534,710461.0951008645
81.0943849,81.6787432,0.5135260000000006,-0.4315690000000336,-0.076578999999945,0.4139251188403267,-0.4200606704515025,1.497262243297069,-0.0004048799999995,-0.00121736,0.0086490800000007,1.6092169512126435,1.0,221.9,70.38,215326.7237494367,700429.0991759022
81.2052082,81.7895665,0.6235260000000005,-0.2815690000000337,1.708421000000055,0.4640317235567122,-0.386953236220168,1.5477412694155697,0.0015951200000004,-0.01201736,0.0070490800000007,1.6614936907916302,1.0,528.84,72.34,84546.55472354587,681180.5363560962
81.31609929999999,81.9004576,0.7135260000000005,-0.2315690000000339,7.238421000000055,0.5236751325900022,-0.3498075121165154,2.908139366266716,0.0207951200000004,-0.06041736,0.0094490800000007,2.975546254665936,1.0,2510.75,84.56,9914.368216668325,581296.1210974456
81.4261162,82.0104745,0.5735260000000006,-0.5365690000000336,5.843421000000055,0.535592342547621,-0.3944541948873504,3.609839644142453,0.0187951200000004,-0.04761736,0.0094490800000007,3.670612418341439,1.0,3050.83,87.98,6388.982670289724,558310.9797681292
81.5369166,82.1212749,0.3635260000000007,-0.5115690000000337,0.063421000000055,0.4944586404213412,-0.4224513350412953,2.76204264931259,0.0011951200000004,-0.00361736,0.0082490800000007,2.8375753865205424,1.0,2075.27,82.11,14093.250516800224,598939.227865059
81.64726739999999,82.2316257,0.3835260000000007,-0.3815690000000338,-0.0365789999999449,0.4679393913944127,-0.4126781175316093,2.0930119278911703,-4.879999999594584e-06,-0.00121736,0.0066490800000007,2.1840259689396366,1.0,69.89,70.38,705409.9298898268,700429.0991759022
81.75808649999999,82.3424448,0.4935260000000006,-0.3465690000000336,-0.0465789999999449,0.4740560550092779,-0.3968742554391581,1.581527261006904,-4.879999999594584e-06,-0.00081736,0.0074490800000007,1.6980773819909816,1.0,83.09,66.47,591757.1308220002,742219.0461862495
81.8697729,82.4541312,0.4935260000000006,-0.5315690000000337,3.083421000000055,0.4787104860026129,-0.4290740071088318,1.9405658084088824,0.0099951200000004,-0.03681736,0.0098490800000007,2.0442758839625603,1.0,709.19,74.78,60502.96817496016,658627.9753944905
81.9818141,82.5661724,0.5535260000000006,-0.0115690000000336,5.708421000000056,0.496595675061835,-0.3292664192658419,2.841298809477786,0.0163951200000004,-0.06841736,0.0078490800000007,2.9031022310773267,1.0,2578.69,84.56,9389.690113972598,581296.1210974456
82.09196829999999,82.6763266,0.8585260000000006,-0.2165690000000337,1.7984210000000551,0.5831177336820671,-0.3023252871080681,2.591991335778843,-4.879999999594584e-06,-0.01361736,0.0098490800000007,2.6739195865455785,1.0,2472.14,83.09,10225.391765838507,591757.1308220002
82.2022842,82.7866425,0.5535260000000006,-0.4315690000000336,-0.086578999999945,0.5760436159862053,-0.3332219302811583,1.951659748061617,-4.879999999594584e-06,-0.00161736,0.0110490800000007,2.061998757163228,1.0,248.29,69.4,191377.4215634943,710461.0951008645
82.313632,82.8979903,0.4885260000000007,-0.3915690000000336,-0.0565789999999449,0.5551218976915169,-0.3471702187739719,1.4715757686026154,-4.879999999594584e-06,-0.00121736,0.0086490800000007,1.610659096406989,1.0,38.61,68.91,1285001.295001295,715584.0951966333
82.4327544,83.0171127,0.5335260000000006,-0.4415690000000338,-0.026578999999945,0.5499592423480025,-0.369736929326107,1.113431049081374,-4.879999999594584e-06,-0.00121736,0.0074490800000007,1.2957195939746906,1.0,80.65,68.91,609962.802231866,715584.0951966333
82.54278459999999,83.1271429,0.4485260000000006,-0.1015690000000337,5.013421000000055,0.5257108930504591,-0.3056294486799887,2.0457518188575783,0.0191951200000004,-0.06841736,0.0102490800000007,2.134216907282724,1.0,1720.43,77.22,19062.501816406362,637500.6475006475
82.6486285,83.2329868,0.0885260000000003,-0.6165690000000337,9.173421000000054,0.4211986863132808,-0.3799617945293118,3.749672624116966,0.0487951200000004,-0.12841736,0.0214490800000007,3.792337549151734,1.0,3124.63,88.95,6001.894624323519,552113.5469364811
82.76027599999999,83.3446343,0.4485260000000006,-0.4715690000000336,8.828421000000056,0.4277314780519664,-0.4018611587318764,4.963784110272869,0.0423951200000004,-0.11841736,0.0162490800000007,4.998359661089952,1.0,3341.64,89.93,4962.712919404844,545987.9906594018
82.8702915,83.4546498,0.9485260000000006,-0.0965690000000336,2.153421000000056,0.5522311705405192,-0.3288788628753285,4.291946507793151,-4.879999999594584e-06,-0.01841736,0.0066490800000007,4.339807069204868,1.0,3128.54,87.0,5981.895708541365,564712.6436781608
82.9802637,83.564622,0.4435260000000003,-0.3965690000000339,-0.096578999999945,0.5262444142789764,-0.3450606791221873,3.242837784155448,0.0003951200000004,-0.00161736,0.0086490800000007,3.303331189902445,1.0,391.98,71.36,117557.52844532883,690672.6457399103
83.09198649999999,83.6763448,0.4485260000000006,-0.4165690000000339,-0.0365789999999449,0.5076652659380192,-0.3621552597763076,2.458869512672968,-4.879999999594584e-06,-0.00081736,0.0090490800000007,2.5367143581365568,1.0,62.07,68.43,795542.1298533913,720673.6811340054
83.2019565,83.7863148,0.4085260000000006,-0.4315690000000336,0.6084210000000551,0.4839653082720748,-0.3787491157946251,2.016506428798854,0.0027951200000004,-0.00721736,0.0098490800000007,2.108072932731029,1.0,40.08,68.91,1237504.99001996,715584.0951966333
83.31228159999999,83.8966399,0.4035260000000007,-0.5315690000000337,3.1984210000000552,0.4647357105673885,-0.4152818130252769,2.29905164473523,0.0183951200000004,-0.04281736,0.0122490800000007,2.3820320589920496,1.0,1748.29,81.62,18599.374245691506,602594.9522175937
83.4231514,84.0075097,0.3935260000000005,-0.3615690000000338,5.818421000000055,0.447712514865028,-0.4024413770711423,3.140382311665377,0.0335951200000004,-0.07921736,0.0106490800000007,3.197562606324771,1.0,2832.84,85.53,7650.13202298753,574590.20226821
83.53394879999999,84.1183071,0.1235260000000004,-0.2965690000000338,7.743421000000055,0.3702133866893694,-0.3771318205514592,4.240771960671249,0.0491951200000004,-0.10961736,0.0110490800000007,4.273573818734378,1.0,3192.57,89.44,5661.363728908058,549033.9892665475
83.65368629999999,84.2380446,0.0035260000000003,-0.3665690000000337,7.853421000000056,0.28255411809435,-0.3746067019969374,5.104401809893013,0.0499951200000004,-0.11161736,0.0118490800000007,5.125922828883807,1.0,3328.93,89.93,5019.8412102387265,545987.9906594018
83.76380879999999,84.3481671,-0.3214739999999993,-0.1565690000000337,10.288421000000056,0.1381568331999259,-0.322483214315103,6.343679044624532,0.0655951200000004,-0.15481736,0.0094490800000007,6.3533728487539,1.0,3353.86,90.42,4908.195333138532,542975.00552975
83.8744947,84.458853,0.0235260000000003,0.2534309999999662,12.358421000000057,0.1107535044749718,-0.1848067612030116,7.7815465572113265,0.0695951200000004,-0.17281736,0.0074490800000007,7.784528675506777,1.0,3513.2,91.89,4232.039166571788,534128.8497116118
83.9854859,84.5698442,-0.0864739999999995,-0.2015690000000336,14.408421000000056,0.0636048448355205,-0.1888138954713271,9.365748762721026,0.0883951200000004,-0.20241736,0.0126490800000007,9.367867748309646,1.0,3576.25,91.89,3981.1254806011884,534128.8497116118
84.09628389999999,84.6806422,0.2335260000000003,-0.1615690000000336,12.803421000000055,0.104225724421862,-0.1823008064023963,10.187549143448493,0.0739951200000004,-0.16961736,0.0138490800000007,10.189713152774436,1.0,3615.35,92.38,3829.919648166844,531242.6932236415
84.20614859999999,84.7905069,-0.0614739999999995,-1.0165690000000336,6.448421000000055,0.0646140083485156,-0.3817386445105516,9.293683550751124,0.0451951200000004,-0.09041736,0.0202490800000007,9.301744637662852,1.0,3543.01,87.0,4112.2943485906035,564712.6436781608
84.3161348,84.9004931,0.7185260000000004,-0.4965690000000335,0.9684210000000548,0.2209363935584551,-0.4091896704800955,7.303469399538535,0.0047951200000004,-0.00881736,0.0114490800000007,7.318258969619891,1.0,2689.15,87.49,8593.235780822937,561493.8850154304
84.4269357,85.011294,0.3385260000000003,-0.5565690000000336,-0.276578999999945,0.2490470383998444,-0.4444217638127367,5.491404074310225,0.0003951200000004,-0.00081736,0.0086490800000007,5.51498448219368,1.0,313.78,69.4,149347.31340429603,710461.0951008645
84.5369358,85.1212941,0.3835260000000007,-0.3815690000000338,-0.0665789999999449,0.2811952055940261,-0.4293963565994135,4.162728071690438,-4.879999999594584e-06,-0.00121736,0.0082490800000007,4.194252850454954,1.0,74.29,69.4,663038.0939561178,710461.0951008645
84.6477949,85.2321532,0.3885260000000006,-0.3565690000000339,-0.026578999999945,0.306853407312648,-0.4119864509278603,3.1612439542795125,-0.0004048799999995,-0.00081736,0.0078490800000007,3.2027106000693046,1.0,66.47,68.43,742219.0461862495,720673.6811340054
84.7586551,85.3430134,0.5185260000000005,-0.331569000000034,0.083421000000055,0.3574552696349625,-0.3927620783792054,2.4254681440642187,-0.0008048799999995,-0.00161736,0.0082490800000007,2.482928117741809,1.0,90.91,69.4,539994.5000549995,710461.0951008645
84.8686656,85.4530239,0.4085260000000006,-0.6115690000000338,2.203421000000055,0.3696640966437986,-0.4450694535686821,2.372386170293557,0.0123951200000004,-0.02761736,0.0114490800000007,2.4419161541395176,1.0,711.14,72.34,60309.643670725876,681180.5363560962
84.98033819999999,85.5646965,0.0685260000000003,-0.4715690000000336,5.883421000000055,0.297674859336725,-0.4514043615655035,3.211724408683618,0.0355951200000004,-0.08681736,0.0102490800000007,3.256923379027458,1.0,2415.93,84.07,10695.963873125462,584742.4765076722
85.09029869999999,85.674657,-0.3914739999999996,-0.2515690000000339,9.608421000000057,0.1329288463692149,-0.4036322748504243,4.740900936083678,0.0579951200000004,-0.14881736,0.0066490800000007,4.75990869421432,1.0,3078.69,86.51,6240.6737930743275,567967.8649867068
85.2012153,85.7855736,-0.5214739999999995,-0.2015690000000336,11.983421000000057,-0.0235108812067412,-0.3553275893710064,6.472277674508232,0.0631951200000004,-0.17521736,0.0094490800000007,6.482066703856186,1.0,3369.01,90.42,4841.155116785049,542975.00552975
85.3120107,85.896369,-0.5314739999999993,-0.7465690000000336,9.013421000000056,-0.1449431340820837,-0.4488566747575109,7.079756342697138,0.0499951200000004,-0.13001736,0.0170490800000007,7.095451409075554,1.0,3452.1,89.93,4483.937313519308,545987.9906594018
85.4228175,86.0071758,0.2135260000000003,-0.7365690000000338,2.548421000000056,-0.0592484981382931,-0.5176363844285637,5.996507896422987,0.0151951200000004,-0.03481736,0.0154490800000007,6.019099996085724,1.0,3005.38,87.98,6636.831282566598,558310.9797681292
85.5336548,86.1180131,0.2385260000000006,-0.581569000000034,-0.116578999999945,0.0119366466487133,-0.5329199380052488,4.535130315273242,0.0015951200000004,-0.00161736,0.0094490800000007,4.5663500873637695,1.0,1021.02,75.27,38970.63720593133,654275.2756742395
85.6436658,86.2280241,0.4035260000000007,-0.3665690000000337,-0.0465789999999449,0.1055489102563769,-0.4931525446206883,3.4398396069728063,-4.879999999594584e-06,-0.00121736,0.0082490800000007,3.476612795009102,1.0,41.06,67.94,1207730.1509985386,725943.4795407713
85.75364479999999,86.3380031,0.5135260000000006,-0.4065690000000337,-0.0465789999999449,0.2030787806272561,-0.4724541228333025,2.6063860544452573,0.0003951200000004,-0.00081736,0.0082490800000007,2.656633613076887,1.0,50.83,69.4,973671.0603974032,710461.0951008645
85.8636461,86.4480044,0.4885260000000007,-0.3415690000000337,0.328421000000055,0.2713170003778955,-0.4411650887568373,2.061822053047417,-4.879999999594584e-06,-0.00201736,0.0094490800000007,2.1258762260923265,1.0,60.61,69.89,814946.3784853985,705409.9298898268
85.974504,86.5588623,0.5435260000000004,-0.4415690000000338,2.503421000000055,0.3363905280693988,-0.441261646657221,2.1673894712553183,0.0083951200000004,-0.01841736,0.0098490800000007,2.237285754724653,1.0,1511.73,76.25,23074.68926329437,645737.7049180327
86.08450739999999,86.6688657,0.0585260000000005,-0.5015690000000339,5.848421000000055,0.2699650054492342,-0.4556785551106626,3.0473666485404425,0.0255951200000004,-0.05761736,0.0126490800000007,3.093051493330099,1.0,2588.95,83.58,9312.848838332144,588229.2414453218
86.19488829999999,86.7792466,0.0585260000000005,-0.1415690000000338,8.568421000000056,0.2194189838435352,-0.3805883969563272,4.367214573204087,0.0331951200000004,-0.08761736,0.0086490800000007,4.389254532010518,1.0,3067.45,86.51,6300.18419208137,567967.8649867068
86.3145029,86.8988612,-0.3864739999999993,-0.0815690000000337,10.743421000000057,0.0745758893207043,-0.3091056501142133,5.891492778762558,0.0411951200000004,-0.11401736,0.0062490800000007,5.900067374904449,1.0,3216.52,88.47,5544.750226953354,555163.3322030066
86.4244957,87.008854,-0.2864739999999997,-0.2315690000000339,11.733421000000057,-0.0117356948052494,-0.2905699538098442,7.28804791986452,0.0467951200000004,-0.12961736,0.0066490800000007,7.293847483107333,1.0,3283.97,89.44,5225.474045134397,549033.9892665475
86.53451779999999,87.1188761,-0.0964739999999992,-0.4115690000000336,12.413421000000056,-0.0319929987785815,-0.3194956498516123,8.513305378370683,0.0511951200000004,-0.13161736,0.0106490800000007,8.519358513857728,1.0,3330.4,89.44,5013.211626231082,549033.9892665475
86.6453423,87.2297006,0.0885260000000003,-0.5865690000000339,10.248421000000056,-0.0031820615382338,-0.3833414634384992,8.928097301520934,0.0463951200000004,-0.10561736,0.0178490800000007,8.93632375356512,1.0,3352.4,91.4,4914.687984727359,537045.9518599563
86.75533739999999,87.3396957,0.4785260000000004,-0.6915690000000339,1.878421000000055,0.111973730243983,-0.4570254825692615,7.242821257525287,0.0123951200000004,-0.01641736,0.0162490800000007,7.25808998128589,1.0,2985.83,86.51,6745.762484803222,567967.8649867068
86.86534449999999,87.4497028,0.3285260000000005,-0.5365690000000336,-0.126578999999945,0.1637421146184493,-0.4760409350024902,5.481112892285415,0.0015951200000004,-0.00201736,0.0082490800000007,5.504182499688319,1.0,1086.51,76.25,36018.90456599571,645737.7049180327
86.9753636,87.5597219,0.4285260000000006,-0.331569000000034,-0.0665789999999449,0.2270406151146137,-0.4415038753311392,4.154897071068151,-4.879999999594584e-06,-0.00121736,0.0074490800000007,4.184452507080794,1.0,89.44,68.91,549033.9892665475,715584.0951966333
87.0853372,87.6696955,0.4685260000000006,-0.3065690000000336,-0.076578999999945,0.2847694407678727,-0.4092467186662307,3.143332149743549,-4.879999999594584e-06,-0.00081736,0.0074490800000007,3.1826268261839505,1.0,182.8,69.4,263522.9759299781,710461.0951008645
87.196987,87.7813453,0.5285260000000007,-0.4415690000000338,0.293421000000055,0.3430412070547995,-0.4169735935026533,2.4620403027487248,0.0003951200000004,-0.00201736,0.0082490800000007,2.520552855977268,1.0,201.86,70.87,237696.42326364806,695517.1440666008
87.3078828,87.8922411,0.4335260000000005,-0.1165690000000336,5.128421000000055,0.3646722504352673,-0.3451597054200196,3.099457869322759,-0.0020048799999995,-0.01641736,0.0070490800000007,3.139866264061247,1.0,2294.23,82.11,11793.804457268889,598939.227865059
87.41869779999999,88.0030561,0.0235260000000003,-0.4315690000000336,9.813421000000057,0.2831187749610158,-0.3658164714764759,4.704479254766998,0.0123951200000004,-0.04681736,0.0070490800000007,4.727166486392453,1.0,3197.95,88.47,5635.01618224175,555163.3322030066
87.5286969,88.1130552,0.3485260000000005,-0.6115690000000338,10.323421000000057,0.298754844582915,-0.4245653886406241,6.047727868012608,0.0139951200000004,-0.04121736,0.0098490800000007,6.069968911940954,1.0,3363.64,90.42,4864.848794758061,542975.00552975
87.63953649999999,88.2238948,0.3285260000000005,-0.2915690000000339,8.823421000000055,0.3058718543406057,-0.3927716412219565,6.711277361740782,0.0067951200000004,-0.03241736,0.0110490800000007,6.7297155199636975,1.0,3390.52,87.49,4747.000460106414,561493.8850154304
87.7495694,88.3339277,0.6485260000000006,-0.2215690000000336,1.3434210000000548,0.387785803060633,-0.3518444131366268,5.428052523162073,-0.0020048799999995,-1.7360000000013996e-05,0.0090490800000007,5.453249170386127,1.0,2990.22,86.51,6721.177705988188,567967.8649867068
87.8598967,88.444255,0.4435260000000003,-0.3215690000000337,-0.116578999999945,0.4011108997844711,-0.3446068569285263,4.102568305290659,0.0003951200000004,-0.00161736,0.0062490800000007,4.136509463224222,1.0,856.3,72.83,48390.750905056644,676530.275985171
87.97136409999999,88.5557224,0.4885260000000007,-0.3915690000000336,-0.0365789999999449,0.4220081109436457,-0.3558334964660087,3.113075242372225,0.0003951200000004,-0.00121736,0.0086490800000007,3.1616365679154743,1.0,153.47,69.4,315796.57262005605,710461.0951008645
88.0903745,88.6747328,0.4685260000000006,-0.3565690000000339,-0.0665789999999449,0.4331285483496879,-0.3560093238988086,2.352955927148788,-4.879999999594584e-06,-0.00121736,0.0078490800000007,2.4188312411582182,1.0,212.61,70.87,225172.3813555336,695517.1440666008
88.2011976,88.7855559,0.4985260000000004,-0.3615690000000338,0.7184210000000549,0.4487622815724258,-0.3573384046317421,1.9622085455699128,0.0003951200000004,-0.00081736,0.0074490800000007,2.0443435858716223,1.0,314.27,68.91,149098.8640341108,715584.0951966333
88.31117909999999,88.8955374,0.1985260000000006,-0.4265690000000337,4.343421000000055,0.3889414908530594,-0.3738884785494009,2.531454583753176,0.0079951200000004,-0.01321736,0.0086490800000007,2.5883064709002195,1.0,2213.59,81.62,12587.742084125786,602594.9522175937
88.42203549999999,89.0063938,-0.1464739999999995,-0.4865690000000338,8.438421000000055,0.2609465501315733,-0.4008255711623938,3.943557575182731,0.0183951200000004,-0.03241736,0.0110490800000007,3.97245523439904,1.0,3060.61,87.98,6336.612636043142,558310.9797681292
88.53205179999999,89.1164101,-0.2264739999999996,-0.1415690000000338,11.373421000000056,0.1444251466863252,-0.3388484150574932,5.71972009732616,0.0203951200000004,-0.04481736,0.0114490800000007,5.731568272570704,1.0,3312.32,88.95,5095.1598879335315,552113.5469364811
88.6420466,89.2264049,0.2635260000000006,-0.3965690000000339,5.993421000000056,0.1728970660091562,-0.3526469378390419,5.785150275219121,0.0147951200000004,-0.02281736,0.0098490800000007,5.798466777094588,1.0,3337.73,90.42,4980.24106203917,542975.00552975
88.7520107,89.336369,0.4985260000000004,-0.4115690000000336,0.528421000000055,0.2507410148963155,-0.3667326824286649,4.528491169412225,-4.879999999594584e-06,-0.00121736,0.0094490800000007,4.550230344538292,1.0,2535.68,84.07,9718.576476527007,584742.4765076722
88.8620133,89.4463716,0.3735260000000004,-0.3865690000000337,-0.186578999999945,0.2800936525362821,-0.3714746974339363,3.4013195855829745,0.0003951200000004,-0.00201736,0.0078490800000007,3.432990071103481,1.0,395.89,71.36,116297.70895955949,690672.6457399103
88.9737471,89.5581054,0.4485260000000006,-0.3915690000000336,-0.0365789999999449,0.3203586218871894,-0.3762783856157806,2.579465094658409,-4.879999999594584e-06,-0.00121736,0.0086490800000007,2.6263768283816766,1.0,135.87,68.91,357998.8224037683,715584.0951966333
89.08453229999999,89.6688906,0.4685260000000006,-0.331569000000034,-0.0665789999999449,0.3557791039285131,-0.3655902840211406,1.946909139837926,-4.879999999594584e-06,-0.00081736,0.0074490800000007,2.0126326603101936,1.0,167.64,71.36,288258.1722739203,690672.6457399103
89.19451819999999,89.7788765,0.5535260000000006,-0.3765690000000339,0.6884210000000549,0.4030519278809942,-0.3682148253818651,1.646058459181305,-0.0016048799999995,-1.7360000000013996e-05,0.0078490800000007,1.734226474611063,1.0,421.31,67.94,108677.45840355083,725943.4795407713
89.30543999999999,89.8897983,0.4185260000000004,-0.4965690000000335,3.913421000000056,0.4067511165997154,-0.3988988180049259,2.1880878531083114,0.0059951200000004,-0.02241736,0.0098490800000007,2.261038520410694,1.0,2420.82,85.04,10654.158508274057,577958.6077140169
89.41541149999999,89.9997698,0.1135260000000006,-0.2015690000000336,7.373421000000055,0.3366535343324673,-0.3517256995770739,3.4276791987007247,0.0083951200000004,-0.04561736,0.0074490800000007,3.462084813970791,1.0,2963.83,84.07,6870.06339769825,584742.4765076722
89.5253858,90.1097441,0.0585260000000005,-0.4615690000000338,9.593421000000056,0.2701651381652614,-0.3779845340084214,4.901644315219706,0.0135951200000004,-0.05161736,0.0114490800000007,4.923614373887854,1.0,3265.88,91.89,5309.809301015347,534128.8497116118
89.6371183,90.2214766,0.1035260000000004,-0.5465690000000338,10.843421000000056,0.2303288484505962,-0.4182858683922668,6.322068952798016,0.0167951200000004,-0.05441736,0.0118490800000007,6.340076520836153,1.0,3389.05,90.91,4753.396969652262,539994.5000549995
89.7474948,90.3318531,-0.3914739999999996,-1.1515690000000338,11.768421000000057,0.0816823858667792,-0.5935824979549704,7.624058752008524,0.0327951200000004,-0.06961736,0.0150490800000007,7.647567198012523,1.0,3437.44,88.47,4545.708434183577,555163.3322030066
89.8582517,90.44261,1.1785260000000006,0.2934309999999662,4.748421000000056,0.3438907749965801,-0.3815355138286583,6.936616774903299,-0.0044048799999995,-0.01241736,0.0066490800000007,6.9556079889043545,1.0,3323.56,88.95,5044.109328551312,552113.5469364811
89.9695565,90.5539148,0.2335260000000003,-0.561569000000034,-0.0465789999999449,0.3175072783014794,-0.4245738191897406,5.26723338102504,0.0031951200000004,-0.00641736,0.0098490800000007,5.293847494016073,1.0,1984.85,80.65,15190.820465022545,609962.802231866
90.0799152,90.6642735,0.4685260000000006,-0.3815690000000338,-0.076578999999945,0.3536093946239631,-0.4142932065123696,3.9897564297207855,-4.879999999594584e-06,-0.00121736,0.0066490800000007,4.026764809797932,1.0,159.82,70.38,302851.95845325995,700429.0991759022
90.1907377,90.775096,0.4935260000000006,-0.4165690000000339,-0.0565789999999449,0.3870574698421909,-0.414837251385042,3.0224507160941863,-0.0004048799999995,-0.00081736,0.0090490800000007,3.0752417403052386,1.0,205.28,71.85,233569.75837879968,685894.2240779402
90.3021082,90.8864665,0.5335260000000006,-0.3215690000000337,-0.0565789999999449,0.4220718300080552,-0.3925408021579182,2.2863864207499174,-4.879999999594584e-06,-0.00121736,0.0086490800000007,2.357921918986027,1.0,209.19,70.87,229017.16143219083,695517.1440666008
90.4132438,90.9976021,0.4685260000000006,-0.3765690000000339,0.4084210000000551,0.4331770349114686,-0.3887226274779952,1.8374452212285768,-4.879999999594584e-06,-0.00161736,0.0070490800000007,1.9274212216596096,1.0,248.78,70.87,190980.78623683576,695517.1440666008
90.5240915,91.1084498,0.3385260000000003,-0.4315690000000336,2.468421000000056,0.4105500212936547,-0.398965362334903,1.9882845390672783,0.0051951200000004,-0.00961736,0.0086490800000007,2.069057777980408,1.0,1826.98,79.67,17367.568336818134,617588.8038157399
90.6354132,91.2197715,0.0985260000000005,-0.4715690000000336,5.333421000000056,0.3359584250633515,-0.4163217863791655,2.787963574016752,0.0099951200000004,-0.02441736,0.0098490800000007,2.83882595155625,1.0,2572.34,87.0,9437.554911092622,564712.6436781608
90.7462232,91.3305815,0.3385260000000003,-0.0865690000000336,9.088421000000055,0.3365722223991191,-0.3374920007894819,4.294133433749664,0.0207951200000004,-0.04281736,0.0110490800000007,4.320505023528413,1.0,3003.91,86.51,6644.972718889714,567967.8649867068
90.85711,91.4414683,0.1585260000000006,-0.3365690000000338,8.473421000000055,0.2940089867980147,-0.3372713507833659,5.293222316008153,0.0231951200000004,-0.04001736,0.0118490800000007,5.312098995224387,1.0,3210.65,88.95,5573.170541790602,552113.5469364811
90.9762428,91.5606011,0.0535260000000006,-0.7515690000000339,3.4284210000000552,0.2365197916484757,-0.4363121965535373,4.8474280908177,0.0159951200000004,-0.02361736,0.0106490800000007,4.872768108616636,1.0,2947.21,87.49,6965.197593656374,561493.8850154304
91.0862391,91.6705974,0.4085260000000006,-0.5565690000000336,0.6984210000000549,0.2776391182607928,-0.465060454105753,3.855577974945775,0.0019951200000004,-0.00441736,0.0094490800000007,3.893436300602418,1.0,2300.1,84.07,11738.185296291465,584742.4765076722
91.1962511,91.7806094,0.4085260000000006,-0.3415690000000337,0.053421000000055,0.3089285728164282,-0.435538929947593,2.9466448847832383,-4.879999999594584e-06,-0.00081736,0.0090490800000007,2.9946363885489524,1.0,939.88,74.29,43198.28063156999,663038.0939561178
91.3062646,91.8906229,0.5335260000000006,-0.3965690000000339,0.0334210000000549,0.3626202101890368,-0.4262228866900265,2.2502176711306268,-0.0020048799999995,0.0007826399999999,0.0030490800000007,2.318758058410679,1.0,60.12,69.89,821669.9933466401,705409.9298898268
91.4162408,92.0005991,0.4885260000000007,-0.3665690000000337,0.293421000000055,0.3927188987377566,-0.4119621941603302,1.782431291759515,-0.0020048799999995,0.0003826399999999,0.0066490800000007,1.8710965482001949,1.0,147.12,67.94,329858.6188145731,725943.4795407713
91.5262393,92.1105976,0.4185260000000004,-0.456569000000034,0.0034210000000549,0.3988882727149485,-0.4226257733185108,1.357146030636658,0.0011951200000004,-0.00161736,0.0070490800000007,1.47633659673376,1.0,222.39,71.85,214830.2531588651,685894.2240779402
91.6364138,92.2207721,0.4535260000000005,-0.4865690000000338,-0.106578999999945,0.4119498161041109,-0.4379118635577045,1.0072319886832022,0.0019951200000004,-0.00201736,0.0074490800000007,1.1730241814470457,1.0,207.72,69.89,230708.64625457345,705409.9298898268
91.7462688,92.3306271,0.4635260000000003,-0.4315690000000336,-0.006578999999945,0.4242794754306965,-0.4363955562058663,0.7648731484626021,0.0007951200000004,-0.00121736,0.0086490800000007,0.977489175381021,1.0,214.08,70.38,223557.54857997008,700429.0991759022
91.8571115,92.4414698,0.4885260000000007,-0.4415690000000338,0.083421000000055,0.4396380712208702,-0.4376323053158059,0.601967089827607,0.0007951200000004,-0.00121736,0.0090490800000007,0.864388827761183,1.0,188.66,69.89,255027.03275734125,705409.9298898268
91.9679602,92.5523185,0.4485260000000006,-0.3415690000000337,0.1134210000000549,0.4417627947984587,-0.4146676782561516,0.4851766179875745,0.0007951200000004,-0.00121736,0.0090490800000007,0.7762087353929698,1.0,178.4,69.89,270269.05829596415,705409.9298898268
92.0787526,92.6631109,0.4935260000000006,-0.3465690000000336,-0.0665789999999449,0.4541371629191296,-0.3983881973006865,0.3532754518398786,-4.879999999594584e-06,-0.00121736,0.0074490800000007,0.6998265952115548,1.0,208.21,70.87,230142.1641611834,695517.1440666008
92.1890714,92.7734297,0.3635260000000007,-0.3415690000000337,-0.0565789999999449,0.4324759098835469,-0.3848051577462046,0.2552967844985698,-0.0004048799999995,-0.00121736,0.0082490800000007,0.6326822822183282,1.0,232.65,69.89,204915.1085321298,705409.9298898268
92.3000565,92.8844148,0.3785260000000003,-0.456569000000034,-0.0665789999999449,0.4195787942127394,-0.4019608226310404,0.1783500531088427,0.0011951200000004,-0.00121736,0.0074490800000007,0.6078055683581437,1.0,225.81,71.36,211425.09189141315,690672.6457399103
92.4107515,92.9951098,0.5185260000000005,-0.3915690000000336,2.168421000000055,0.4432328385122774,-0.3994765823646172,0.6540908884609493,-0.0016048799999995,0.0079826399999999,0.0050490800000007,0.8853653366610867,1.0,792.77,73.31,53069.99508054038,672035.1930159596
92.5216419,93.1060002,0.0735260000000006,-0.4465690000000337,5.143421000000055,0.3548517481476474,-0.4107343649776548,1.7272976807973492,0.0035951200000004,0.0091826399999999,0.0082490800000007,1.810574428137364,1.0,2474.58,83.58,10205.4490054878,588229.2414453218
92.6324331,93.2167914,-0.2964739999999994,-0.6965690000000337,9.043421000000055,0.1991476231293166,-0.4790651992378791,3.476269809079361,0.0127951200000004,0.0107826399999999,0.0090490800000007,3.5147709778071663,1.0,2948.68,86.51,6956.73996500129,567967.8649867068
92.7521389,93.3364972,-1.0014739999999995,-1.1165690000000337,11.633421000000055,-0.0878696487029357,-0.6314650878893411,5.426295725353482,0.0263951200000004,0.0043826399999999,0.0094490800000007,5.463621009127165,1.0,3242.91,88.47,5418.250891945815,555163.3322030066
92.8547293,93.4390876,0.0535260000000006,-0.3865690000000337,7.528421000000055,-0.0540679974933796,-0.5729209090454042,5.928823957192347,0.0083951200000004,0.0099826399999999,0.0130490800000007,5.956686598416294,1.0,3268.33,87.98,5298.332787692797,558310.9797681292
92.973797,93.5581553,0.1035260000000004,-0.7315690000000339,0.0034210000000549,-0.0163940139949024,-0.6108468812001538,4.512313577471396,0.0003951200000004,-0.00521736,0.0082490800000007,4.553501564444612,1.0,2212.12,83.09,12602.752111097048,591757.1308220002
93.0838106,93.6681689,0.4285260000000006,-0.5465690000000338,0.0034210000000549,0.0899673292795476,-0.5954807893808756,3.434430236342257,-0.0012048799999995,-0.00161736,0.0082490800000007,3.4868327374798604,1.0,52.79,68.43,937149.0812653912,720673.6811340054
93.193791,93.7781493,0.4485260000000006,-0.5115690000000337,0.0234210000000549,0.1756833696035181,-0.5754210699832867,2.619003838591877,-0.0008048799999995,-0.00201736,0.0082490800000007,2.6872207130593018,1.0,147.12,68.43,329858.6188145731,720673.6811340054
93.3046022,93.8889605,0.2435260000000005,-0.3965690000000339,2.413421000000055,0.1919016404685473,-0.5326651906960658,2.569857775976111,-0.0056048799999995,0.0035826399999999,0.0090490800000007,2.631487684512067,1.0,709.68,71.85,60454.28925712998,685894.2240779402
93.4146285,93.9989868,-0.2764739999999994,-0.6465690000000339,8.218421000000056,0.0799330602512586,-0.5598947191069537,3.920187617700713,0.0011951200000004,0.0079826399999999,0.0074490800000007,3.960775473133888,1.0,2579.18,84.07,9386.006405136517,584742.4765076722
93.5246002,94.1089585,0.1335260000000007,-0.0715690000000337,11.928421000000055,0.0927448396327277,-0.4431569284795605,5.834613656099625,-0.0048048799999995,0.0219826399999999,0.0098490800000007,5.852153978193172,1.0,3128.05,88.95,5984.399226355077,552113.5469364811
93.6353618,94.2197201,0.2485260000000004,-0.2065690000000335,11.683421000000056,0.1299854513209793,-0.3865988751574407,7.232813301166266,-0.0072048799999995,0.0259826399999999,0.0110490800000007,7.244304187246404,1.0,3315.25,88.95,5081.818867355403,552113.5469364811
93.7455058,94.3298641,0.1235260000000004,-0.0815690000000337,4.268421000000055,0.1284412728221377,-0.3136792800839962,6.524153907956572,-0.0080048799999995,0.0031826399999999,0.0114490800000007,6.532953089225668,1.0,3041.06,86.51,6441.6354823647025,567967.8649867068
93.8555876,94.4399459,0.3585260000000003,-0.686569000000034,-0.026578999999945,0.1834446888965002,-0.4028212612400913,4.958153886365317,-0.0004048799999995,-0.00241736,0.0094490800000007,4.977871722259513,1.0,1550.83,77.71,22240.800087694977,633417.8355424012
93.9654724,94.5498307,0.4135260000000005,-0.5565690000000336,0.043421000000055,0.23844728833361,-0.4395757688044645,3.7832514877626937,-0.0024048799999995,-0.00241736,0.0122490800000007,3.816159821796294,1.0,43.5,68.43,1139425.2873563217,720673.6811340054
94.0758095,94.6601678,0.4435260000000003,-0.4665690000000337,0.083421000000055,0.2874728357662341,-0.4460286957103587,2.898780283527979,-0.0032048799999995,-0.00161736,0.0090490800000007,2.94694916156881,1.0,61.58,68.91,801951.9324455993,715584.0951966333
94.1866443,94.7710026,0.2185260000000006,-0.6265690000000339,2.133421000000056,0.2709905966312163,-0.4891881596036773,2.715815618143128,-0.0044048799999995,-0.01761736,0.0110490800000007,2.772795598436552,1.0,743.4,72.83,57258.54183481302,676530.275985171
94.2980105,94.8823688,0.2985260000000007,-0.8665690000000337,5.823421000000055,0.2775731337115583,-0.5794037755526985,3.458711132807477,-0.0036048799999995,-0.04321736,0.0126490800000007,3.517874113706964,1.0,2809.87,84.56,7794.417535330817,581296.1210974456
94.4171373,95.0014956,0.5685260000000008,-0.6315690000000338,7.233421000000055,0.3471275181280451,-0.5918742492781068,4.361082793594404,-0.0048048799999995,-0.04961736,0.0118490800000007,4.414731676261359,1.0,3205.77,88.95,5596.876881373274,552113.5469364811
94.5271714,95.1115297,0.8185260000000005,-0.6215690000000336,3.328421000000055,0.4598187304186482,-0.598972993941502,4.114217532288905,-0.0044048799999995,-0.01601736,0.0122490800000007,4.182940092244745,1.0,3199.41,87.98,5627.881390631397,558310.9797681292
94.6379507,95.222309,0.4635260000000003,-0.456569000000034,0.073421000000055,0.4607049799919425,-0.5649302905187814,3.148235932104236,-0.0036048799999995,-0.00161736,0.0094490800000007,3.23152979189845,1.0,1192.57,75.76,31926.26009374712,649978.8806758183
94.7480015,95.3323598,0.4235260000000007,-0.5015690000000339,0.083421000000055,0.4518170762583916,-0.5497833163229794,2.4155697835548304,-0.0040048799999995,-0.00201736,0.0106490800000007,2.5182092336676285,1.0,209.19,70.87,229017.16143219083,695517.1440666008
94.8580081,95.4423664,0.4485260000000006,-0.4365690000000339,0.0234210000000549,0.4510303207053696,-0.5227186161898338,1.8437093368945408,-0.0012048799999995,-0.00201736,0.0106490800000007,1.9687374687497343,1.0,214.56,69.89,223035.0484712901,705409.9298898268
94.9688361,95.5531944,0.4935260000000006,-0.3615690000000338,0.9584210000000548,0.4611892198129943,-0.4841946363575722,1.6320747649816214,-0.0020048799999995,-0.00521736,0.0110490800000007,1.763748275927995,1.0,317.2,70.38,147629.25598991173,700429.0991759022
95.0797039,95.6640622,0.8985260000000006,-0.4265690000000337,3.648421000000055,0.5657377362673379,-0.4704188117211398,2.1140968977629924,0.0059951200000004,-0.01561736,0.0126490800000007,2.2384724116658505,1.0,2267.35,83.58,12052.17544710786,588229.2414453218
95.1896347,95.773993,0.8335260000000004,-0.1015690000000337,5.698421000000055,0.629754455110795,-0.3822425998017671,2.970955466164657,0.0111951200000004,-0.02841736,0.0134490800000007,3.06092738573929,1.0,2705.28,84.07,8482.375207002602,584742.4765076722
95.3004728,95.8848311,1.2635260000000006,0.3284309999999661,7.7534210000000545,0.7812621210354651,-0.2123509421397514,4.114238398697155,0.0143951200000004,-0.03401736,0.0126490800000007,4.1931397574737,1.0,2928.64,86.02,7072.770979020979,571260.172053011
95.410496,95.9948543,0.6835260000000005,-0.6115690000000338,7.053421000000055,0.7578975952942487,-0.3077869026670816,4.816871231049467,0.0219951200000004,-0.03681736,0.0146490800000007,4.8858356500109785,1.0,3093.84,88.47,6161.146019186512,555163.3322030066
95.5205093,96.1048676,0.2735260000000004,-0.5965690000000337,1.563421000000055,0.6421050665273258,-0.3768223490839686,4.0391104516592415,0.0055951200000004,-0.01241736,0.0142490800000007,4.107153179506718,1.0,2730.21,85.04,8313.609575820175,577958.6077140169
95.6313172,96.2156755,0.4285260000000006,-0.5465690000000338,-0.196578999999945,0.591047447861941,-0.4174015121691758,3.0265382912685177,0.0019951200000004,-0.00241736,0.0110490800000007,3.111831476237071,1.0,1191.59,76.25,31960.741530224324,645737.7049180327
95.7413091,96.3256674,0.4635260000000003,-0.4315690000000336,-0.0665789999999449,0.5605625245852502,-0.4207883524755589,2.2871062593156664,0.0007951200000004,-0.00201736,0.0126490800000007,2.392101215030289,1.0,119.75,68.43,407536.5344467641,720673.6811340054
95.8513285,96.4356868,0.3985260000000004,-0.4665690000000337,-0.0465789999999449,0.5218265228943754,-0.4317325469678594,1.7292219404424871,0.0003951200000004,-0.00161736,0.0118490800000007,1.857122621534472,1.0,219.94,70.38,217334.72765299628,700429.0991759022
95.9613387,96.545697,0.4085260000000006,-0.4315690000000336,0.3534210000000549,0.4947412144576069,-0.431693449883801,1.4003267873793452,-0.0004048799999995,-0.00081736,0.0122490800000007,1.5466231652887277,1.0,248.78,70.38,190980.78623683576,700429.0991759022
96.0721666,96.6565249,0.6185260000000006,-0.6115690000000338,2.998421000000055,0.524332861614616,-0.4746939994900327,1.782362752916761,0.0099951200000004,-0.01041736,0.0118490800000007,1.9175704226718324,1.0,1877.81,80.65,16626.76202597707,609962.802231866
96.1830348,96.7673931,0.5235260000000004,-0.8015690000000337,4.563421000000055,0.5241399755171879,-0.5528358295796959,2.4471948161641004,0.0143951200000004,-0.01961736,0.0098490800000007,2.563028021045161,1.0,2615.84,83.09,9114.318918588291,591757.1308220002
96.2939004,96.8782587,0.6535260000000005,-0.8015690000000337,4.158421000000055,0.5550706393040736,-0.612297290720266,2.856275796641837,0.0139951200000004,-0.01441736,0.0110490800000007,2.973436196275745,1.0,2737.05,84.07,8267.84311576332,584742.4765076722
96.4038383,96.9881966,0.5285260000000007,-0.8065690000000336,3.253421000000055,0.5487249515302948,-0.65873934616679,2.9512162263269546,0.0123951200000004,-0.01321736,0.0098490800000007,3.073225311160196,1.0,2660.8,84.56,8791.340950090196,581296.1210974456
96.5148649,97.0992232,0.4435260000000003,-0.5465690000000338,2.368421000000055,0.5235763822507072,-0.6319242146407154,2.8118948175876834,0.0075951200000004,-0.01241736,0.0094490800000007,2.929200045452085,1.0,2483.87,82.6,10129.877972679727,595326.8765133172
96.6258838,97.2102421,0.4435260000000003,-0.4665690000000337,0.083421000000055,0.5044397601208789,-0.5923948561191645,2.1596334420607293,0.0003951200000004,-0.00161736,0.0086490800000007,2.295519057035756,1.0,1789.83,79.67,17935.613996860036,617588.8038157399
96.7367068,97.3210651,0.4685260000000006,-0.3815690000000338,-0.0665789999999449,0.4958543163369615,-0.5419954122899787,1.6274412764941344,0.0007951200000004,-0.00081736,0.0074490800000007,1.7855519142299494,1.0,90.42,69.4,542975.00552975,710461.0951008645
96.8475299,97.4318882,0.4485260000000006,-0.3215690000000337,-0.0665789999999449,0.4845401404352792,-0.4893008861574796,1.2224734924552494,-4.879999999594584e-06,-0.00121736,0.0078490800000007,1.4030808760165143,1.0,216.03,70.87,221449.33574040642,695517.1440666008
96.9588597,97.543218,0.5385260000000005,-0.2915690000000339,0.298421000000055,0.497445850137058,-0.4420316504333759,1.001572069138374,-0.0020048799999995,-0.00321736,0.0082490800000007,1.2024936438424774,1.0,210.17,70.87,227902.65023552364,695517.1440666008
97.0688789,97.6532372,0.5435260000000004,-0.6415690000000336,4.428421000000055,0.5084616428268575,-0.4897324952274164,1.8207850602834228,0.0043951200000004,-0.03481736,0.0110490800000007,1.952851605949404,1.0,1783.48,79.18,18035.07748895418,621472.5940894164
97.1879991,97.7723574,0.3685260000000006,-1.0115690000000337,9.103421000000056,0.4750090165684921,-0.6144812812370639,3.5617517885994965,0.0219951200000004,-0.08041736,0.0182490800000007,3.6454487535012494,1.0,2748.78,87.0,8189.887877531121,564712.6436781608
97.2983065,97.8826648,0.4835260000000003,-0.5415690000000339,11.213421000000055,0.4770450629811667,-0.5970510737174178,5.390938586264298,0.0167951200000004,-0.09401736,0.0150490800000007,5.444837997371009,1.0,3125.12,87.98,5999.385623592055,558310.9797681292
97.4088427,97.993201,-0.0714739999999993,-0.6465690000000339,12.093421000000056,0.3459176186873529,-0.6088886916934987,6.993215423391431,0.0143951200000004,-0.11041736,0.0186490800000007,7.028190833760161,1.0,3298.14,89.93,5160.059912556776,545987.9906594018
97.5197197,98.104078,0.0435260000000004,-0.8515690000000335,11.973421000000055,0.2736287178808125,-0.6669031724222447,8.183769541545956,0.0147951200000004,-0.10801736,0.0182490800000007,8.215455947527882,1.0,3365.59,88.95,4856.2362022706275,552113.5469364811
97.6296925,98.2140508,0.7035260000000005,-0.2015690000000336,2.818421000000056,0.3763987685820064,-0.5556616771118137,6.901144215500338,-0.0064048799999995,-0.01921736,0.0090490800000007,6.93370228777776,1.0,3124.63,87.0,6001.894624323519,564712.6436781608
97.7396996,98.3240579,0.2735260000000004,-0.5415690000000339,-0.281578999999945,0.3518062901396472,-0.5522927208482298,5.1840623456388055,-4.879999999594584e-06,-0.00081736,0.0110490800000007,5.225255718025088,1.0,1049.36,75.76,37648.090264542196,649978.8806758183
97.8505175,98.4348758,0.5135260000000006,-0.4015690000000338,-0.026578999999945,0.3904665549819893,-0.5162611266099876,3.938420892319345,-0.0008048799999995,-0.00161736,0.0090490800000007,3.991259050282959,1.0,213.59,70.87,224093.35643054452,695517.1440666008
97.9605386,98.5448969,0.3835260000000007,-0.3815690000000338,-0.0465789999999449,0.3888073651776778,-0.4840620007803927,2.9857778819726044,-4.879999999594584e-06,-0.00121736,0.0098490800000007,3.049648627021273,1.0,222.39,70.87,214830.2531588651,695517.1440666008
98.0705055,98.6548638,0.5635260000000004,-0.3765690000000339,2.943421000000056,0.4305751169313519,-0.4583650224562585,2.975652163367441,-0.0012048799999995,-0.03441736,0.0078490800000007,3.0413811373264465,1.0,878.3,73.8,46928.156666287156,667506.7750677507
98.1816492,98.7660075,0.6335260000000005,-0.561569000000034,4.893421000000055,0.4790919915670804,-0.4830366787934533,3.4341086569799337,0.0043951200000004,-0.05841736,0.0114490800000007,3.500850730520804,1.0,2635.87,83.09,8969.06903602985,591757.1308220002
98.2921803,98.8765386,0.7185260000000004,-0.4415690000000338,7.058421000000055,0.5363304208610324,-0.4731235306315186,4.300526703200273,0.0071951200000004,-0.08641736,0.0130490800000007,4.359590132170318,1.0,3026.88,85.53,6518.6594777460605,574590.20226821
98.4021925,98.9865508,0.7935260000000006,-0.0815690000000337,10.053421000000055,0.5978148819349371,-0.3795195916465697,5.675797641518991,0.0079951200000004,-0.12241736,0.0130490800000007,5.719798652136192,1.0,3278.1,88.47,5252.737866447028,555163.3322030066
98.5131047,99.097463,0.7435260000000006,-0.4965690000000335,10.398421000000056,0.6326481772687804,-0.4075010982328225,6.804774869756459,0.0087951200000004,-0.12761736,0.0142490800000007,6.846258970367065,1.0,3401.27,89.93,4700.391324417057,545987.9906594018
98.6230635,99.2074218,0.8185260000000005,-0.7015690000000336,6.953421000000056,0.6770836135017055,-0.4778001543823125,6.840309800952966,0.0055951200000004,-0.08041736,0.0206490800000007,6.890324620815298,1.0,3407.14,89.93,4675.064717035402,545987.9906594018
98.7334085,99.3177668,0.4635260000000003,-0.2815690000000337,0.308421000000055,0.6260311233370635,-0.4308896794297646,5.278814599263415,-0.0040048799999995,-0.00281736,0.0090490800000007,5.333241458683669,1.0,2028.84,81.13,14644.6245145009,606294.8354492789
98.8442357,99.428594,0.4485260000000006,-0.4165690000000339,-0.0465789999999449,0.5835972413754325,-0.4274662175650744,4.005740790789385,-4.879999999594584e-06,-0.00081736,0.0066490800000007,4.070537113243702,1.0,134.41,69.89,361996.1312402351,705409.9298898268
98.9558961,99.5402544,0.3335260000000004,-0.4315690000000336,-0.076578999999945,0.5238159047073434,-0.4284470173430544,3.0298327557123224,0.0007951200000004,-0.00121736,0.0094490800000007,3.1044865076662607,1.0,217.01,69.89,220404.12884198886,705409.9298898268
99.0667312,99.6510895,0.5635260000000004,-0.3015690000000337,0.288421000000055,0.5333088898373218,-0.3981159107798032,2.374478472618045,-0.0012048799999995,-0.00161736,0.0094490800000007,2.465981076026756,1.0,211.63,70.87,226261.3996125313,695517.1440666008
99.1775961,99.7619544,0.4485260000000006,-0.831569000000034,2.443421000000056,0.513040927583121,-0.5017360028542674,2.3909596818026926,0.0099951200000004,-0.02201736,0.0138490800000007,2.4963249407762524,1.0,1286.41,76.25,28867.857059568873,645737.7049180327
99.2884234,99.8727817,0.3085260000000005,-0.6915690000000339,4.603421000000055,0.4641501568081592,-0.54711695210163,2.919864541876997,0.0155951200000004,-0.04561736,0.0146490800000007,3.0067226793059225,1.0,2333.33,85.53,11428.602040860062,574590.20226821
99.3996541,99.9840124,0.3735260000000004,-0.7415690000000337,6.258421000000055,0.4424857974895412,-0.5936021187976349,3.7179705796234286,0.0183951200000004,-0.05921736,0.0146490800000007,3.7909711667811945,1.0,2695.01,84.56,8552.806854148963,581296.1210974456
99.5101368,100.0944951,0.5485260000000007,-0.6365690000000337,7.063421000000055,0.4678354738928068,-0.6038736621250906,4.517724668845875,0.0207951200000004,-0.06201736,0.0150490800000007,4.58185220341506,1.0,2934.02,86.02,7041.465293351783,571260.172053011
99.6222496,100.2066079,0.8585260000000006,-0.456569000000034,7.698421000000055,0.5612328663549916,-0.5686594185725641,5.278093102920296,0.0191951200000004,-0.06441736,0.0150490800000007,5.33822280049298,1.0,3051.32,87.49,6386.350825216627,561493.8850154304
99.7325553,100.3169136,0.7385260000000005,-0.4215690000000338,6.208421000000056,0.603616070649406,-0.533496391488881,5.500494707043753,0.0135951200000004,-0.05161736,0.0106490800000007,5.559173750000465,1.0,3069.89,88.47,6287.228532618434,555163.3322030066
99.8434632,100.4278215,0.7285260000000005,-0.1365690000000337,0.748421000000055,0.6334766915613663,-0.4386080313045243,4.364477160244536,-0.0036048799999995,-0.00281736,0.0070490800000007,4.43196690039226,1.0,2431.57,84.56,10562.846226923344,581296.1210974456
99.9542886,100.5386469,0.4285260000000006,-0.3815690000000338,-0.076578999999945,0.5844817482596157,-0.4249724388434297,3.3028106046773464,-4.879999999594584e-06,-0.00121736,0.0082490800000007,3.3809434154085287,1.0,150.54,69.4,322137.63783711975,710461.0951008645
100.0650682,100.6494265,0.3835260000000007,-0.4515690000000336,-0.0665789999999449,0.5364418250120637,-0.4313305389111193,2.4973336805204784,-4.879999999594584e-06,-0.00081736,0.0082490800000007,2.5904616147091604,1.0,167.64,69.4,288258.1722739203,710461.0951008645
100.1767422,100.7611005,0.4285260000000006,-0.331569000000034,-0.0565789999999449,0.510643767501023,-0.4074818223959056,1.886802405771136,-4.879999999594584e-06,-0.00121736,0.0074490800000007,1.9967027348342248,1.0,151.52,69.4,319989.44033790915,710461.0951008645
100.2881445,100.8725028,0.3235260000000006,-0.3865690000000337,2.248421000000055,0.4659119135139983,-0.402482461136085,1.973249942913501,0.0115951200000004,-0.02801736,0.0114490800000007,2.0670707244515296,1.0,722.87,72.83,59168.73020045098,676530.275985171
100.3984969,100.9828552,0.2135260000000003,-0.2215690000000336,6.028421000000055,0.4055772377508947,-0.3592337914031004,2.9426678770870325,0.0295951200000004,-0.07641736,0.0098490800000007,2.9921290158526577,1.0,2430.6,83.58,10571.052415041553,588229.2414453218
100.5090909,101.0934492,0.1285260000000003,-0.6015690000000335,11.473421000000055,0.3393461380562612,-0.4171657735534002,4.982006033958828,0.0599951200000004,-0.14081736,0.0138490800000007,5.010944741906488,1.0,3104.11,87.49,6107.676596512366,561493.8850154304
100.6281346,101.2124929,0.0635260000000004,-0.9215690000000338,16.418421000000052,0.2734093416366148,-0.5377470084480057,7.715963643800366,0.0863951200000004,-0.19801736,0.0274490800000007,7.739510285905561,1.0,3435.48,89.93,4554.007009209775,545987.9906594018
100.7381323,101.3224906,0.6885260000000006,0.0384309999999663,17.698421000000053,0.3726459774595124,-0.4000074934428978,10.102342184185554,0.0711951200000004,-0.20441736,0.0154490800000007,10.11712353516068,1.0,3570.38,92.38,4004.111607167864,531242.6932236415
100.8481097,101.432468,-0.0664739999999994,-1.0165690000000336,18.80842100000005,0.2676711748160534,-0.5474009753856699,12.183593214429996,0.1083951200000004,-0.23881736,0.0334490800000007,12.198821225855603,1.0,3609.48,92.38,3852.410873588439,531242.6932236415
100.9589522,101.5433105,0.4435260000000003,-1.0715690000000335,16.403421000000055,0.3097105410830707,-0.6727071280554786,13.192373528963614,0.0927951200000004,-0.19721736,0.0334490800000007,13.213144017496155,1.0,3608.5,92.86,3856.172925038104,528444.9709239715
101.0689476,101.6533059,0.1785260000000006,-0.9715690000000335,16.893421000000053,0.2783499289111097,-0.744152217405637,14.077135661840943,0.0911951200000004,-0.20561736,0.0338490800000007,14.099538632432928,1.0,3582.11,93.35,3958.2536549687197,525618.6395286557
101.1789193,101.7632776,0.2535260000000003,-1.0765690000000336,19.24342100000005,0.2724155893865108,-0.8236188505342511,15.312173491161868,0.1007951200000004,-0.23001736,0.0382490800000007,15.336727659045668,1.0,3613.39,92.86,3837.4213688530713,528444.9709239715
101.2889442,101.8733025,0.6485260000000006,-0.6415690000000336,18.88342100000005,0.3623274999188476,-0.7800985187068002,16.165906005451312,0.0923951200000004,-0.21841736,0.0346490800000007,16.188772402290816,1.0,3647.12,92.38,3709.4474544297973,531242.6932236415
101.3997846,101.9841429,0.3485260000000005,-1.6565690000000337,16.538421000000053,0.3590281516665849,-0.9896251185414842,16.254958405801485,0.0939951200000004,-0.19281736,0.0402490800000007,16.28901261167397,1.0,3642.23,90.42,3727.853540276149,542975.00552975
101.5097979,102.0941562,0.4585260000000004,-1.106569000000034,17.148421000000052,0.3828138310444086,-1.0175813981612225,16.468547092970596,0.0883951200000004,-0.19601736,0.0370490800000007,16.50439522322805,1.0,3611.93,92.86,3843.0146763641606,528444.9709239715
101.6197977,102.204156,0.7535260000000006,-1.2415690000000337,18.56842100000005,0.4714352529136287,-1.071127252380025,16.970537119117587,0.0959951200000004,-0.20521736,0.0418490800000007,17.01084051126895,1.0,3654.45,91.89,3681.9494041511034,534128.8497116118
101.7301517,102.31451,0.6185260000000006,-1.461569000000034,11.133421000000055,0.5065983585309187,-1.1644651725477693,15.575132345788155,0.0727951200000004,-0.12481736,0.0362490800000007,15.62681569046488,1.0,3596.29,92.38,3903.216926332416,531242.6932236415
101.8417924,102.4261507,0.8535260000000005,-0.6915690000000339,3.318421000000056,0.5895339172943217,-1.0514159264823866,12.64507696086643,0.0195951200000004,-0.03321736,0.0182490800000007,12.702401231119106,1.0,3172.04,87.98,5762.726825639022,558310.9797681292
101.9526124,102.5369707,0.4935260000000006,-0.5565690000000336,0.463421000000055,0.5665825311412966,-0.9331191941252328,9.732964107881124,0.0015951200000004,-0.00401736,0.0126490800000007,9.793993951414386,1.0,1796.19,79.67,17836.698790217073,617588.8038157399
102.063486,102.6478443,0.3735260000000004,-0.5065690000000338,-0.146578999999945,0.520430972806748,-0.8311492889870626,7.371187961968965,-0.0004048799999995,0.0007826399999999,0.0110490800000007,7.436132698433807,1.0,195.5,69.89,245754.47570332483,705409.9298898268
102.1742702,102.7586285,0.5285260000000007,-0.4515690000000336,-0.216578999999945,0.52236614753262,-0.7404078789644808,5.55727745863577,-0.0012048799999995,0.0007826399999999,0.0050490800000007,5.630666299078822,1.0,45.45,68.43,1090110.0110011,720673.6811340054
102.2851358,102.8694941,0.4735260000000005,-0.4515690000000336,-0.0465789999999449,0.5106905574627356,-0.6713588584884164,4.217635092121492,-4.879999999594584e-06,-0.00081736,0.0082490800000007,4.3011595335033945,1.0,199.9,70.38,240125.06253126563,700429.0991759022
102.4047989,102.9891572,0.4685260000000006,-0.4065690000000337,-0.026578999999945,0.5006108154209209,-0.6080589300779166,3.203025054849584,-4.879999999594584e-06,-0.00121736,0.0074490800000007,3.298441503643513,1.0,195.5,68.91,245754.47570332483,715584.0951966333
102.5147894,103.0991477,0.3235260000000006,-0.7915690000000339,1.3484210000000552,0.4582774111027844,-0.6519283378981011,2.759668558600131,0.0059951200000004,-0.00521736,0.0082490800000007,2.872420459578955,1.0,484.85,71.36,93124.67773538208,690672.6457399103
102.6255994,103.2099577,0.1685260000000004,-0.3815690000000338,5.773421000000055,0.3890102432272737,-0.5872969852029652,3.4801278498911303,0.0247951200000004,-0.02721736,0.0058490800000007,3.5507093051603222,1.0,1846.53,80.16,17077.81622827682,613752.49500998
102.7372818,103.3216401,0.1685260000000004,-0.5565690000000336,10.773421000000056,0.336301892191458,-0.5799512383732022,5.223642261335021,0.0475951200000004,-0.04321736,0.0058490800000007,5.266486577974677,1.0,2912.51,85.53,7167.323030650537,574590.20226821
102.8481227,103.432481,0.9435260000000004,-0.6215690000000336,12.863421000000056,0.4814632015136454,-0.5899002649206039,7.04998655560025,0.0423951200000004,-0.02161736,0.0126490800000007,7.090987207089676,1.0,3323.07,91.4,5046.327642812218,537045.9518599563
102.9589718,103.5433301,1.1235260000000005,-0.5115690000000337,14.433421000000056,0.6349529515035022,-0.5711746102067791,8.815049894589992,0.0399951200000004,-0.02161736,0.0090490800000007,8.856326006312036,1.0,3444.28,88.95,4516.822093441879,552113.5469364811
103.0706354,103.6549937,0.1985260000000006,-0.7715690000000339,17.578421000000052,0.5306219361681986,-0.6190803366579125,10.909997060519448,0.0739951200000004,-0.05321736,0.0138490800000007,10.940423024861625,1.0,3556.7,93.84,4057.9750892681423,522821.8243819266
103.1806336,103.7649919,0.2685260000000005,-0.4615690000000338,20.52342100000005,0.467966009348185,-0.5814261138292716,13.208155496884206,0.0787951200000004,-0.06641736,0.0170490800000007,13.22922598422222,1.0,3626.59,92.38,3787.056160194562,531242.6932236415
103.2906574,103.8750157,0.5335260000000006,-0.7015690000000336,21.51342100000005,0.4836385986933507,-0.6101471386338289,15.193589209408708,0.0755951200000004,-0.06201736,0.0186490800000007,15.213524867340569,1.0,3686.22,92.38,3564.030361725563,531242.6932236415
103.4017674,103.9861257,0.8485260000000006,0.3384309999999662,21.53342100000005,0.5708675677802374,-0.3833826824342393,16.70917179542625,0.0539951200000004,-0.05721736,0.0042490800000007,16.72331588382525,1.0,3712.12,92.86,3469.3921532709073,528444.9709239715
103.5122743,104.0966326,0.4685260000000006,-0.4665690000000337,22.213421000000054,0.5464020767267289,-0.4032689725539151,18.025002328333,0.0647951200000004,-0.07041736,0.0174490800000007,18.03779060833355,1.0,3722.87,93.35,3430.498513243816,525618.6395286557
103.6239772,104.2083355,1.0785260000000003,0.0284309999999663,23.03342100000005,0.6736101444412641,-0.3000679756823739,19.22230099066165,0.0539951200000004,-0.05521736,0.0218490800000007,19.23644059571096,1.0,3735.09,94.82,3386.5582890907576,517314.9124657246
103.7339422,104.3183005,1.1035260000000005,0.3584309999999662,23.413421000000053,0.7763846352573492,-0.1426490388052715,20.224218503913296,0.0531951200000004,-0.06161736,0.0122490800000007,20.23961797920516,1.0,3752.2,93.84,3325.515697457493,522821.8243819266
103.8448208,104.4291791,0.6635260000000005,-0.7715690000000339,24.36842100000005,0.7494049632522362,-0.2929968986018332,21.21492004670828,0.0795951200000004,-0.07201736,0.0222490800000007,21.230173988212204,1.0,3765.88,93.84,3277.1092015677605,522821.8243819266
103.9547905,104.5391488,1.3735260000000005,0.3634309999999663,25.74342100000005,0.8986056054941809,-0.1360730676614886,22.29749091172057,0.0771951200000004,-0.04601736,0.0206490800000007,22.316005665715124,1.0,3773.22,93.35,3251.281398911274,525618.6395286557
104.0647984,104.6491567,0.5635260000000004,-1.251569000000034,25.43342100000005,0.8185024053161774,-0.4027404281953574,23.04715765206188,0.1035951200000004,-0.05921736,0.0278490800000007,23.06520370339282,1.0,3776.15,92.86,3240.9994306370236,528444.9709239715
104.1748256,104.7591839,1.0985260000000006,-0.2765690000000338,25.38842100000005,0.8854440684067768,-0.372578236871988,23.606853567761444,0.0655951200000004,-0.04761736,0.0286490800000007,23.62639119947434,1.0,3782.5,93.84,3218.7706543291483,522821.8243819266
104.2848186,104.8691769,1.0635260000000006,-0.8615690000000338,24.968421000000053,0.9280158405486814,-0.4894750110766503,23.93234609787114,0.0683951200000004,-0.04601736,0.0314490800000007,23.95533320442581,1.0,3797.17,93.35,3167.7012090583244,525618.6395286557
104.39479,104.9791483,1.1485260000000006,-0.3415690000000337,25.97842100000005,0.980730387045064,-0.4541170107133426,24.421475083273585,0.0643951200000004,-0.04801736,0.0322490800000007,24.44537787792296,1.0,3798.63,91.4,3162.64021502489,537045.9518599563
104.5051647,105.089523,1.1985260000000006,-0.6965690000000337,26.483421000000053,1.0327960015926592,-0.5120769101311073,24.91439814936161,0.0711951200000004,-0.03961736,0.0346490800000007,24.941053014812912,1.0,3812.32,95.8,3115.3733159860653,511920.6680584551
104.6160464,105.2004047,1.2935260000000006,-0.4715690000000336,26.768421000000053,1.0951253911239374,-0.5023932016009016,25.357615704546006,0.0795951200000004,-0.04361736,0.0358490800000007,25.386224074697235,1.0,3825.02,93.84,3071.8270754139844,522821.8243819266
104.7277123,105.3120706,0.7085260000000004,-0.4365690000000339,20.74342100000005,1.0027060140322663,-0.4866574507198079,24.254559129278107,0.0527951200000004,-0.04321736,0.0254490800000007,24.280154311300528,1.0,3806.45,92.86,3135.5987862706725,528444.9709239715
104.838155,105.4225133,0.4835260000000003,-0.7715690000000339,8.283421000000056,0.8785922813235546,-0.5547676146653585,20.436543190190093,0.0099951200000004,-0.00761736,0.0162490800000007,20.46294184782794,1.0,3613.39,91.89,3837.4213688530713,534128.8497116118
104.9493243,105.5336826,0.5435260000000004,0.1434309999999663,2.853421000000055,0.798492266384788,-0.3878581923146372,16.233170816995777,0.0087951200000004,-0.00561736,0.0046490800000007,16.257424723817277,1.0,2796.19,86.51,7881.474434856,567967.8649867068
105.0606882,105.6450465,0.4335260000000005,-0.5415690000000339,0.613421000000055,0.7112444440312817,-0.4246038712388645,12.499156792251224,0.0047951200000004,-0.00041736,0.0110490800000007,12.526574856037714,1.0,1564.03,79.18,21968.696252629426,621472.5940894164
105.171034,105.7553923,0.5335260000000006,-0.4615690000000338,0.2534210000000549,0.6687595662167521,-0.4334406522909212,9.571725192685626,0.0011951200000004,-0.00081736,0.0110490800000007,9.604844263222464,1.0,1030.3,72.83,38529.5544986897,676530.275985171
105.2818359,105.8661942,0.3185260000000003,-0.6815690000000336,-0.0565789999999449,0.5850337022617053,-0.4927575261933691,7.270009524303064,0.0027951200000004,-0.00241736,0.0094490800000007,7.310137679678784,1.0,326.0,68.43,143374.23312883437,720673.6811340054
105.4014879,105.9858462,0.3735260000000004,-0.581569000000034,-0.236578999999945,0.534471258186746,-0.5139885505463637,5.475505312895334,0.0003951200000004,-0.00241736,0.0086490800000007,5.525486601871866,1.0,232.65,69.4,204915.1085321298,710461.0951008645
105.5115164,106.0958747,0.4285260000000006,-0.3515690000000335,-0.026578999999945,0.5091442789099051,-0.4751609837326621,4.160192312982667,-0.0004048799999995,-0.00081736,0.0094490800000007,4.218080835902573,1.0,225.32,69.4,211906.62169359133,710461.0951008645
105.6215275,106.2058858,0.3785260000000003,-0.4065690000000337,-0.026578999999945,0.4779190358008968,-0.4587635745395905,3.159314387008168,-4.879999999594584e-06,-0.00161736,0.0098490800000007,3.2280238564889814,1.0,224.83,71.36,212390.25041142196,690672.6457399103
105.7315158,106.3158741,0.5835260000000004,-0.1565690000000337,1.4884210000000553,0.5031651434562878,-0.3865217785599508,2.759875252960549,0.0067951200000004,-0.00881736,0.0090490800000007,2.831869640148464,1.0,612.9,70.87,71579.37673356176,695517.1440666008
105.8415101,106.4258684,0.1535260000000007,-0.4715690000000336,3.808421000000055,0.4195813805560087,-0.4068529311932204,3.0105376880766084,0.0255951200000004,-0.03401736,0.0082490800000007,3.0667433889811275,1.0,2562.07,83.58,9515.469913000034,588229.2414453218
105.9515055,106.5358638,0.5135260000000006,-0.5565690000000336,6.393421000000055,0.4420395204534521,-0.4426436389320839,3.819240380423957,0.0367951200000004,-0.04601736,0.0170490800000007,3.870132996705758,1.0,3033.24,86.51,6484.0236842452305,567967.8649867068
106.0615127,106.645871,0.4285260000000006,-0.1265690000000336,8.573421000000055,0.4388090157726437,-0.3670837132952372,4.9557615998835605,0.0411951200000004,-0.06481736,0.0158490800000007,4.988674858093123,1.0,3348.0,90.42,4934.289127837515,542975.00552975
106.17151,106.7558683,-0.2864739999999997,-0.8065690000000336,9.383421000000055,0.2654248716900486,-0.4721458457526331,6.014225563169175,0.0627951200000004,-0.08841736,0.0178490800000007,6.038566153223026,1.0,3499.51,91.89,4287.714565753491,534128.8497116118
106.2815361,106.8658944,0.0935260000000006,-0.1965690000000337,10.193421000000056,0.2243312046820158,-0.4062672101156258,7.013292421224422,0.0587951200000004,-0.09161736,0.0126490800000007,7.028630600694074,1.0,3535.19,91.89,4143.511381283609,534128.8497116118
106.391849,106.9762073,0.1285260000000003,-0.7315690000000339,10.008421000000055,0.2014282784432795,-0.4840329528409799,7.729299543623551,0.0691951200000004,-0.08961736,0.0234490800000007,7.747059615483272,1.0,3569.89,92.38,4006.033799360764,531242.6932236415
106.5115331,107.0958914,0.2435260000000005,-0.3365690000000338,4.298421000000055,0.211492042878965,-0.4487806296921659,6.909123244439436,0.0295951200000004,-0.03881736,0.0150490800000007,6.926912511692445,1.0,3446.73,91.89,4506.503265413886,534128.8497116118
106.6214914,107.2058497,0.2735260000000004,-0.5365690000000336,-0.006578999999945,0.2263217084379042,-0.4697670737632717,5.255874666565552,0.0035951200000004,-0.00201736,0.0138490800000007,5.281677870710018,1.0,2588.95,84.56,9312.848838332144,581296.1210974456
106.7315273,107.3158856,0.4935260000000006,-0.4415690000000338,-0.0365789999999449,0.2901988245155998,-0.4630261205382626,3.990675386948197,-0.0004048799999995,-0.00121736,0.0090490800000007,4.027914918421824,1.0,261.97,71.85,180861.54903233194,685894.2240779402
106.8415269,107.4258852,0.4685260000000006,-0.4065690000000337,-0.0465789999999449,0.3328292239812367,-0.4495296380493396,3.0255405621943026,-4.879999999594584e-06,-0.00121736,0.0082490800000007,3.0768080670239635,1.0,147.61,68.91,328730.4383171872,715584.0951966333
106.9515272,107.5358855,0.5635260000000004,-0.3515690000000335,0.1334210000000549,0.3879789547522191,-0.426111439894141,2.3341584893059864,-0.0008048799999995,-0.00081736,0.0078490800000007,2.404245096020472,1.0,177.42,67.94,271817.1570285199,725943.4795407713
107.0623865,107.6467448,0.3185260000000003,-0.4015690000000338,1.5084210000000553,0.3713757242175949,-0.4202443923524235,2.1367599776812503,0.0099951200000004,-0.02121736,0.0094490800000007,2.209132970208488,1.0,384.16,70.38,120154.10245730945,700429.0991759022
107.1731963,107.7575546,0.5885260000000003,0.0984309999999661,4.618421000000056,0.423287066252432,-0.2962512931014768,2.7300189716196464,0.0251951200000004,-0.05921736,0.0062490800000007,2.778478064430972,1.0,2299.12,82.11,11747.451198719511,598939.227865059
107.2832001,107.8675584,0.7685260000000005,-0.2115690000000338,8.643421000000055,0.5058189272364401,-0.2760073792236593,4.14366044261808,0.0699951200000004,-0.11641736,0.0226490800000007,4.183533760381813,1.0,2977.52,85.53,6792.498455090141,574590.20226821
107.3940521,107.9784104,0.8185260000000005,-0.3565690000000339,12.148421000000056,0.5805738118547223,-0.2952662166160366,6.05725627713416,0.0955951200000004,-0.15681736,0.0302490800000007,6.092175448603516,1.0,3302.54,88.47,5139.8620455770415,555163.3322030066
107.5048617,108.08922,1.5435260000000006,-0.1365690000000337,15.218421000000056,0.8107744884225696,-0.2573285006170709,8.247298880822662,0.1207951200000004,-0.18761736,0.0362490800000007,8.29105011792387,1.0,3482.4,90.42,4357.914082242131,542975.00552975
107.61485,108.1992083,1.2785260000000005,-0.2115690000000338,17.993421000000055,0.9225938661199728,-0.2463893614457505,10.577179775603929,0.1387951200000004,-0.22081736,0.0362490800000007,10.6201986405472,1.0,3607.53,92.38,3859.898600981835,531242.6932236415
107.7248825,108.3092408,2.0785260000000005,0.3834309999999663,19.803421000000053,1.1989277927277109,-0.0958262544650572,12.782779387070542,0.1479951200000004,-0.23241736,0.0438490800000007,12.839239049949,1.0,3696.48,92.38,3526.381855170324,531242.6932236415
107.8352535,108.4196118,1.9585260000000004,0.1084309999999662,20.97342100000005,1.3805152312178803,-0.0469970823103069,14.740811430647645,0.1639951200000004,-0.25241736,0.0430490800000007,14.805389311439349,1.0,3734.12,92.86,3390.0356710550273,528444.9709239715
107.9461693,108.5305276,1.3885260000000006,0.0834309999999662,19.43342100000005,1.3824302633619212,-0.0158173070723466,15.862613645785975,0.1463951200000004,-0.24241736,0.0306490800000007,15.92274710267476,1.0,3741.45,91.4,3363.802803725828,537045.9518599563
108.0568869,108.6412452,0.6585260000000006,-0.9665690000000338,20.01342100000005,1.20937572000268,-0.2431013671268011,16.85489412762722,0.1639951200000004,-0.25921736,0.0426490800000007,16.89997467336426,1.0,3738.03,92.86,3376.02961987999,528444.9709239715
108.1677567,108.752115,1.4435260000000003,-0.0115690000000336,19.16842100000005,1.2653510358465048,-0.1877518822654655,17.40795943848539,0.1435951200000004,-0.23801736,0.0330490800000007,17.45489661456534,1.0,3744.87,93.35,3351.5983198348677,525618.6395286557
108.287377,108.8717353,0.3735260000000004,-1.5165690000000336,11.388421000000056,1.0521538188305368,-0.5054152131174484,15.968945291963266,0.0919951200000004,-0.14281736,0.0382490800000007,16.011548517674548,1.0,3654.45,92.38,3681.9494041511034,531242.6932236415
108.3973592,108.9817175,0.6835260000000005,-0.1115690000000337,7.033421000000056,0.964030675915245,-0.4112634308800158,13.83284366322068,0.0399951200000004,-0.07681736,0.0162490800000007,13.8724928028379,1.0,3358.26,89.44,4888.6625812176535,549033.9892665475
108.5074562,109.0918145,0.1585260000000006,-0.706569000000034,4.063421000000055,0.7714689644855195,-0.4818583603506215,11.497392605071822,0.0239951200000004,-0.04801736,0.0150490800000007,11.533316459620986,1.0,3021.51,87.49,6548.017382037457,561493.8850154304
108.6174167,109.201775,0.3985260000000004,-0.2265690000000335,2.118421000000055,0.6823142548304718,-0.4208295946478614,9.255281692839883,0.0083951200000004,-0.02481736,0.0102490800000007,9.289934849281424,1.0,2424.24,82.6,10625.020625020625,595326.8765133172
108.7273868,109.3117451,0.6535260000000005,-0.1265690000000336,0.723421000000055,0.6754322145581024,-0.3504844738733215,7.215678763376433,-4.879999999594584e-06,-0.00521736,0.0098490800000007,7.255692114411331,1.0,1551.81,79.18,22220.439357911084,621472.5940894164
108.8390509,109.4234092,0.4435260000000003,-0.4665690000000337,-0.181578999999945,0.619993358767778,-0.3782353183933357,5.447310860131067,0.0023951200000004,0.0015826399999999,0.0114490800000007,5.495511743950523,1.0,109.97,68.43,444669.45530599257,720673.6811340054
108.9507112,109.5350695,0.3835260000000007,-0.4065690000000337,-0.076578999999945,0.5634641285062005,-0.3850086896529022,4.126785086636914,-4.879999999594584e-06,-0.00121736,0.0090490800000007,4.182831417414564,1.0,160.8,69.89,300945.27363184077,705409.9298898268
109.0606972,109.6450555,0.4285260000000006,-0.3815690000000338,-0.0665789999999449,0.5312061941462861,-0.384186406994405,3.1243311104967364,-4.879999999594584e-06,-0.00081736,0.0098490800000007,3.192369669076002,1.0,214.57,68.91,223024.18791070516,715584.0951966333
109.1707226,109.7550809,0.3835260000000007,-0.3815690000000338,-0.0565789999999449,0.4959021769513876,-0.3835606969452714,2.363911570926232,0.0003951200000004,-0.00121736,0.0090490800000007,2.445631961785173,1.0,211.14,69.4,226809.69972530074,710461.0951008645
109.2815573,109.8659156,0.3035260000000006,-0.3365690000000338,1.288421000000055,0.4499132622005505,-0.372326992340788,2.106807781021146,0.0039951200000004,-0.01601736,0.0094490800000007,2.186249839085351,1.0,566.96,71.85,78189.6430083251,685894.2240779402
109.3924122,109.9767705,0.1085260000000003,-0.2815690000000337,3.998421000000056,0.368302171122833,-0.3506306386713271,2.559011585295521,0.0079951200000004,-0.04521736,0.0070490800000007,2.609047456008716,1.0,2191.1,81.62,12819.588334626445,602594.9522175937
109.5032298,110.0875881,0.5185260000000005,-0.6365690000000337,8.178421000000055,0.4042142625743757,-0.4189862694543575,3.9023719983065495,0.0287951200000004,-0.08041736,0.0202490800000007,3.945560274185008,1.0,3000.0,86.02,6666.666666666667,571260.172053011
109.6132238,110.1975821,1.4035260000000005,-0.1615690000000336,11.718421000000056,0.6431069520449186,-0.3574488117091624,5.77085497225649,0.0323951200000004,-0.09761736,0.0222490800000007,5.817570224378753,1.0,3382.7,89.44,4781.092027078961,549033.9892665475
109.7232644,110.3076227,1.4485260000000006,-0.4965690000000335,14.253421000000056,0.8356481934922243,-0.3907064976701743,7.798673655943212,0.0487951200000004,-0.12001736,0.0274490800000007,7.853042102428279,1.0,3548.39,93.35,4090.8975619929033,525618.6395286557
109.8332742,110.4176325,1.4385260000000006,-0.2315690000000339,17.258421000000055,0.9797704880924748,-0.3526635293047981,10.060094592072025,0.0579951200000004,-0.15041736,0.0226490800000007,10.113843234679656,1.0,3652.49,92.86,3689.2914148977816,528444.9709239715
109.9435909,110.5279492,1.5135260000000006,-0.3965690000000339,18.26342100000005,1.1073685988559896,-0.3631594492305217,12.021159027523538,0.0763951200000004,-0.15721736,0.0270490800000007,12.07751689563332,1.0,3705.77,93.35,3492.472549564598,525618.6395286557
110.0632223,110.6475806,1.7135260000000003,-0.4365690000000339,18.32842100000005,1.2522749042445471,-0.3807085326239891,13.528955563249044,0.0679951200000004,-0.14721736,0.0254490800000007,13.59212161713471,1.0,3736.56,92.86,3381.2918834435955,528444.9709239715
110.1741613,110.7585196,1.6735260000000003,-0.2815690000000337,18.91842100000005,1.352978021638806,-0.357008511204845,14.817346207304508,0.0739951200000004,-0.15961736,0.0234490800000007,14.883270918424875,1.0,3742.91,92.86,3358.5899741110525,528444.9709239715
110.2841304,110.8684887,1.4835260000000006,-0.561569000000034,18.31842100000005,1.3841864588938215,-0.4059101737166682,15.65430342689967,0.0775951200000004,-0.15361736,0.0258490800000007,15.720621838958994,1.0,3749.27,92.86,3335.9293942554145,528444.9709239715
110.3941275,110.9784858,1.4685260000000004,-0.8415690000000338,17.548421000000054,1.4043484354312643,-0.5100575631694607,16.107105915117263,0.0767951200000004,-0.14641736,0.0270490800000007,16.176254640881805,1.0,3742.42,95.31,3360.3390319632754,514603.9240373518
110.504163,111.0885213,1.3935260000000005,-0.7865690000000336,17.108421000000053,1.4017612540643605,-0.5761596195547797,16.34647751926884,0.0783951200000004,-0.14561736,0.0294490800000007,16.416583743536997,1.0,3739.49,92.86,3370.807249116858,528444.9709239715
110.6157706,111.2001289,0.1585260000000006,-0.7915690000000339,11.313421000000057,1.104556885932806,-0.6276547879837207,15.14328900149677,0.0327951200000004,-0.09881736,0.0158490800000007,15.196486377778038,1.0,3690.62,93.35,3547.859167294385,525618.6395286557
110.7261229,111.3104812,0.1735260000000007,-0.831569000000034,3.288421000000055,0.8819872272459103,-0.6764019533631017,12.309297170787778,0.0107951200000004,-0.03001736,0.0138490800000007,12.359377731516354,1.0,3360.22,89.93,4879.978096672242,545987.9906594018
110.8365884,111.4209467,0.2385260000000006,-0.2365690000000337,0.328421000000055,0.728163172759377,-0.5712567086796373,9.44518217697581,-0.0008048799999995,-0.00601736,0.0074490800000007,9.490417387535492,1.0,2267.84,83.09,12047.410752081276,591757.1308220002
110.9465898,111.5309481,0.3535260000000004,-0.4215690000000338,-0.246578999999945,0.6386034503781627,-0.5354727806340458,7.12829665811013,0.0007951200000004,-0.00161736,0.0082490800000007,7.1768488009473135,1.0,420.33,71.85,108954.15506863655,685894.2240779402
111.0566354,111.6409937,0.3835260000000007,-0.3365690000000338,-0.256578999999945,0.5776253432850662,-0.4879233950700095,5.362888786572181,0.0003951200000004,-0.00081736,0.0078490800000007,5.415929875266432,1.0,289.35,71.36,162801.10592707794,690672.6457399103
111.166597,111.7509553,0.4885260000000007,-0.4165690000000339,-0.0565789999999449,0.5563255016538028,-0.4708656114921609,4.067325864066686,-4.879999999594584e-06,-0.00121736,0.0082490800000007,4.132112313621455,1.0,228.74,71.36,208588.79076680946,690672.6457399103
111.2774657,111.861824,0.4685260000000006,-0.4065690000000337,-0.0665789999999449,0.5353363965540429,-0.4554950420612779,3.0790860445921973,-4.879999999594584e-06,-0.00121736,0.0074490800000007,3.158295689263482,1.0,222.39,72.34,214830.2531588651,681180.5363560962
111.3874482,111.9718065,0.2935260000000004,-0.3965690000000339,0.9934210000000552,0.4775298745136339,-0.4414083460477502,2.580492749650137,0.0031951200000004,-0.01481736,0.0074490800000007,2.661168716938207,1.0,436.95,71.85,104429.56860052637,685894.2240779402
111.497467,112.0818253,0.1935260000000003,-0.4065690000000337,3.128421000000055,0.4096366967777264,-0.4330797487091711,2.7114789559166503,0.0087951200000004,-0.04241736,0.0086490800000007,2.7762345759081333,1.0,1695.99,80.16,19481.30590392632,613752.49500998
111.6077961,112.1921544,0.0885260000000003,-0.1915690000000338,6.868421000000056,0.3328728651343496,-0.3753448596506261,3.705225979685769,0.0123951200000004,-0.08241736,0.0102490800000007,3.739035660240119,1.0,2792.28,85.53,7906.51367341384,574590.20226821
111.7186314,112.3029897,0.6785260000000006,-0.1465690000000337,9.763421000000056,0.4155037438876628,-0.320654337813407,5.153481261334199,0.0211951200000004,-0.10401736,0.0178490800000007,5.180138190865756,1.0,3238.51,89.93,5439.198890847952,545987.9906594018
111.8295135,112.4138718,0.4435260000000003,-0.3515690000000335,11.673421000000056,0.4222026666331858,-0.3280447111246043,6.712119953368655,0.0335951200000004,-0.13441736,0.0206490800000007,6.733381222878935,1.0,3432.06,87.98,4568.509874535993,558310.9797681292
111.9491917,112.53355,0.7935260000000006,-0.0815690000000337,12.238421000000056,0.5109701917697226,-0.2691229119356944,8.033222138413198,0.0251951200000004,-0.13521736,0.0186490800000007,8.053954035360386,1.0,3496.09,93.35,4301.691318015268,525618.6395286557
112.0591681,112.6435264,0.3885260000000006,-0.8015690000000337,13.023421000000056,0.4816990232379981,-0.3964079954707273,9.22616522352937,0.0379951200000004,-0.15241736,0.0286490800000007,9.247231909048477,1.0,3528.84,91.89,4168.9620385169055,534128.8497116118
112.1699438,112.7543021,0.5585260000000005,-0.4265690000000337,14.858421000000057,0.5000650670011253,-0.4036182014748127,10.572596652117712,0.0375951200000004,-0.17081736,0.0270490800000007,10.592108982264447,1.0,3564.52,92.38,4027.1340881801752,531242.6932236415
112.279963,112.8643213,0.9935260000000006,-0.0315690000000337,15.563421000000057,0.6180304676041762,-0.3146771523236785,11.765689264251089,0.0347951200000004,-0.17561736,0.0234490800000007,11.78611162478936,1.0,3608.99,92.86,3854.2916439225382,528444.9709239715
112.3899575,112.9743158,0.9585260000000004,0.1984309999999662,16.363421000000052,0.6994283842305651,-0.1920149420171778,12.864810247905986,0.0315951200000004,-0.18321736,0.0210490800000007,12.885240103205378,1.0,3628.05,95.8,3781.5079726023605,511920.6680584551
112.4999891,113.0843474,0.7985260000000005,-0.0615690000000337,16.183421000000052,0.7231183851228451,-0.1608308972872785,13.658148120546173,0.0311951200000004,-0.18041736,0.0234490800000007,13.678222722971132,1.0,3644.67,92.86,3718.6631437139717,528444.9709239715
112.6099683,113.1943266,1.2635260000000006,0.2684309999999663,16.343421000000053,0.852306729153452,-0.0582127399199333,14.300081999745494,0.0315951200000004,-0.17921736,0.0194490800000007,14.325577150086984,1.0,3654.94,91.89,3680.1151318489487,534128.8497116118
112.7199733,113.3043316,0.6885260000000006,-0.0615690000000337,15.678421000000055,0.8131537627610937,-0.0590150781363975,14.62958389434068,0.0319951200000004,-0.18001736,0.0190490800000007,14.652284011132606,1.0,3649.07,90.91,3702.1213624293314,539994.5000549995
112.8307804,113.4151387,0.1535260000000007,-0.2865690000000336,12.933421000000056,0.6554649811788971,-0.1134134869188418,14.22410390202814,0.0255951200000004,-0.15281736,0.0226490800000007,14.239649882502698,1.0,3628.05,92.38,3781.5079726023605,531242.6932236415
112.9407926,113.5251509,-0.3114739999999996,-0.831569000000034,5.543421000000055,0.4243112329373225,-0.285093749996741,12.148923948424535,0.0139951200000004,-0.07441736,0.0174490800000007,12.159673991242002,1.0,3407.14,90.42,4675.064717035402,542975.00552975
113.0511304,113.6354887,0.2585260000000007,-0.2965690000000338,1.3684210000000552,0.3846790754356751,-0.2878369914027667,9.57176684444734,-0.0004048799999995,-0.01721736,0.0034490800000007,9.583817018764456,1.0,2624.63,85.04,9050.304233358605,577958.6077140169
113.1619695,113.7463278,0.5385260000000005,-0.1915690000000338,0.4284210000000549,0.4214572940830657,-0.2648234326554518,7.385983972361449,-0.0024048799999995,-0.00401736,0.0050490800000007,7.402737124955839,1.0,1254.15,76.25,29867.63943706893,645737.7049180327
113.2727896,113.8571479,0.4735260000000005,-0.3265690000000336,0.0334210000000549,0.4339046943565696,-0.2795841565551142,5.628300681765984,-0.0004048799999995,-0.00041736,0.0102490800000007,5.65192083709147,1.0,486.31,70.38,92815.07680286237,700429.0991759022
113.3836325,113.9679908,0.3385260000000003,-0.3815690000000338,-0.246578999999945,0.4111037284920757,-0.3039643700794274,4.2238682559961775,0.0011951200000004,-1.7360000000013996e-05,0.0098490800000007,4.254699009080438,1.0,40.08,67.94,1237504.99001996,725943.4795407713
113.4941416,114.0784999,0.3535260000000004,-0.3715690000000335,-0.0565789999999449,0.3973393565769502,-0.3201257452114756,3.2005964191657554,0.0007951200000004,-0.00161736,0.0106490800000007,3.2410147323652887,1.0,218.96,70.87,218352.21044939716,695517.1440666008
113.6049736,114.1893319,0.3785260000000003,-0.3065690000000336,-0.076578999999945,0.3928418877868667,-0.3168849073400307,2.4171639621748096,0.0003951200000004,-0.00121736,0.0098490800000007,2.469295934742629,1.0,204.3,69.89,234738.13020068526,705409.9298898268
113.7241657,114.308524,0.4385260000000004,-0.3965690000000339,-0.096578999999945,0.4037630048156576,-0.3359339652972679,1.8162355487664053,0.0011951200000004,-0.00161736,0.0086490800000007,1.8906580234672048,1.0,222.87,70.87,214346.03131870597,695517.1440666008
113.8343443,114.4187026,0.3585260000000003,-0.3615690000000338,1.1534210000000549,0.3929487720399632,-0.3420622055204747,1.6577849429695504,0.0055951200000004,-0.00761736,0.0070490800000007,1.7377186789091617,1.0,303.52,71.36,154733.7901950448,690672.6457399103
113.9460213,114.5303796,0.1885260000000004,-0.1115690000000337,4.013421000000055,0.3440800317132891,-0.2869611397476303,2.220916758600492,0.0191951200000004,-0.02041736,0.0078490800000007,2.265658626665013,1.0,1109.48,73.8,35066.157118650175,667506.7750677507
114.0566519,114.6410102,0.3535260000000004,-0.4215690000000338,7.698421000000055,0.3463381586662249,-0.3191401210957454,3.53035371486524,0.0395951200000004,-0.02481736,0.0182490800000007,3.5616285445150115,1.0,2144.18,82.6,13318.937775746443,595326.8765133172
114.1666356,114.7509939,1.0035260000000006,0.1134309999999663,11.008421000000055,0.5034436594061789,-0.2157308698724417,5.318039718023486,0.0495951200000004,-0.02561736,0.0158490800000007,5.346170757550447,1.0,2654.45,84.56,8836.29377083765,581296.1210974456
114.2766265,114.8609848,0.3885260000000006,0.0034309999999662,13.378421000000056,0.4759717628046991,-0.1633386417394169,7.244932088536364,0.0583951200000004,-0.04161736,0.0118490800000007,7.2623873208729774,1.0,2942.82,87.98,6990.505705411816,558310.9797681292
114.3866396,114.9709979,0.3285260000000005,0.0034309999999662,14.503421000000056,0.4407237881154478,-0.1234711542026508,8.980126295319842,0.0567951200000004,-0.03961736,0.0130490800000007,8.9917824074666,1.0,3104.59,87.49,6105.186192057566,561493.8850154304
114.4966633,115.0810216,0.2535260000000003,-0.0865690000000336,15.363421000000056,0.395972804622507,-0.1146494276737196,10.5060990049095,0.0519951200000004,-0.03081736,0.0098490800000007,10.514183527703278,1.0,3171.07,87.49,5767.548493095389,561493.8850154304
114.6077974,115.1921557,0.1035260000000004,-0.3565690000000339,16.258421000000055,0.3260612834556332,-0.1724820489711334,11.881233130370545,0.0643951200000004,-0.04121736,0.0094490800000007,11.886957841096294,1.0,3214.08,88.95,5556.551174830746,552113.5469364811
114.7182969,115.3026552,-0.0214739999999995,-0.4815690000000339,17.608421000000053,0.2429804634859761,-0.2463715173383951,13.250358761580989,0.0787951200000004,-0.05401736,0.0106490800000007,13.254876300471368,1.0,3277.61,87.98,5255.018138216565,558310.9797681292
114.8292067,115.413565,0.3585260000000003,-0.3365690000000338,18.213421000000054,0.2706024586456261,-0.2679338771201597,14.436814640904498,0.0787951200000004,-0.04801736,0.0162490800000007,14.441836144651695,1.0,3320.14,89.44,5059.6059202322795,549033.9892665475
114.9391757,115.523534,-0.0514739999999993,-0.7815690000000337,18.253421000000053,0.1936077546514402,-0.390722063544757,15.34920196072478,0.0867951200000004,-0.05761736,0.0142490800000007,15.355394769419616,1.0,3337.24,88.47,4982.440579640661,555163.3322030066
115.0500261,115.6343844,0.1935260000000003,-0.3615690000000338,14.528421000000057,0.1935882106114497,-0.3837528131140095,15.152988343061413,0.0615951200000004,-0.03921736,0.0122490800000007,15.15908303103508,1.0,3304.99,88.47,5128.638815851183,555163.3322030066
115.1615817,115.74594,0.9185260000000006,-0.1665690000000339,6.988421000000055,0.3668898258331465,-0.3318334537377999,13.201189542046672,0.0215951200000004,-0.00641736,0.0138490800000007,13.21045521207963,1.0,2913.98,86.02,7158.6627224620615,571260.172053011
115.2725096,115.8568679,0.2835260000000006,-0.2215690000000336,2.308421000000055,0.3469611010799097,-0.3054739395643003,10.597194536951164,0.0059951200000004,-0.00681736,0.0070490800000007,10.60727242920644,1.0,2351.42,82.6,11263.747012443544,595326.8765133172
115.3835636,115.9679219,0.1935260000000003,-0.3815690000000338,0.5034210000000551,0.3102813318113213,-0.3236650134425543,8.184205059452593,0.0039951200000004,-0.00161736,0.0134490800000007,8.196477658175295,1.0,1569.4,77.22,21859.309290174588,637500.6475006475
115.4941658,116.0785241,0.2835260000000006,-0.4065690000000337,-0.176578999999945,0.3038852764717242,-0.3434838102952431,6.185499234991369,0.0015951200000004,-0.00161736,0.0126490800000007,6.202477583616892,1.0,261.49,69.89,181211.90102872002,705409.9298898268
115.6041846,116.1885429,0.3935260000000005,-0.3965690000000339,-0.186578999999945,0.3253145389608473,-0.356174208360917,4.6622079035042505,0.0007951200000004,-0.00241736,0.0118490800000007,4.687096345442275,1.0,204.79,67.94,234152.54651106012,725943.4795407713
115.7141885,116.2985468,0.3335260000000004,-0.4815690000000339,-0.086578999999945,0.3272775480386545,-0.3861507391054051,3.52697609083374,0.0007951200000004,-0.00161736,0.0106490800000007,3.563114274349715,1.0,244.38,71.36,194599.39438579264,690672.6457399103
115.8250229,116.4093812,0.2935260000000004,-0.3565690000000339,-0.0365789999999449,0.3192089966719711,-0.3790790106852993,2.6750825046353053,0.0007951200000004,-0.00121736,0.0110490800000007,2.720599508656937,1.0,229.72,70.87,207656.27720703467,695517.1440666008
115.9353349,116.5196932,0.4385260000000004,-0.4465690000000337,-0.0565789999999449,0.347732588217117,-0.3952129801523947,2.022059089493008,0.0011951200000004,-0.00161736,0.0098490800000007,2.08945787561999,1.0,228.74,70.38,208588.79076680946,700429.0991759022
116.0550288,116.6393871,0.4485260000000006,-0.4365690000000339,0.548421000000055,0.371827981396182,-0.4050994354367598,1.669775259211863,0.0051951200000004,-0.00521736,0.0090490800000007,1.7579849307136808,1.0,278.1,69.4,169791.44192736424,710461.0951008645
116.1658421,116.7502004,0.2735260000000004,-0.2215690000000336,2.838421000000056,0.3483281826481813,-0.3612251590931953,1.949148465389144,0.0183951200000004,-0.02401736,0.0090490800000007,2.0127085925482966,1.0,1464.32,74.78,24145.54195804196,658627.9753944905
116.2766884,116.8610467,0.3635260000000007,-0.1615690000000336,6.598421000000055,0.3519613306692496,-0.3134959120236102,3.060590649322656,0.0403951200000004,-0.04801736,0.0090490800000007,3.0966710493469045,1.0,2262.95,85.53,12095.05291765174,574590.20226821
116.386715,116.9710733,0.5985260000000006,-0.2465690000000335,8.998421000000056,0.4109043959599463,-0.2974965502504172,4.480071887226874,0.0511951200000004,-0.05041736,0.0174490800000007,4.508701668413056,1.0,2796.19,84.56,7881.474434856,581296.1210974456
116.4983521,117.0827104,0.6685260000000006,-0.0415690000000337,10.878421000000056,0.4724907013638937,-0.2363152206420756,6.0096434618183405,0.0599951200000004,-0.06601736,0.0166490800000007,6.032819149001433,1.0,2908.6,87.0,7190.400880148526,564712.6436781608
116.6083325,117.1926908,0.2535260000000003,-0.1315690000000338,12.888421000000056,0.4201456077870978,-0.2112748799516765,7.654064921931626,0.0807951200000004,-0.09481736,0.0170490800000007,7.668498499431656,1.0,3065.98,86.51,6307.999399865623,567967.8649867068
116.7200605,117.3044188,0.1185260000000005,-0.2415690000000336,14.398421000000056,0.3480412617629697,-0.2185169081821656,9.266351960996534,0.0843951200000004,-0.10801736,0.0162490800000007,9.275460151610558,1.0,3148.58,88.47,5880.174554878708,555163.3322030066
116.8309214,117.4152797,0.0935260000000006,-0.2215690000000336,15.408421000000056,0.2871975499193667,-0.2192465327783501,10.734657932685884,0.0867951200000004,-0.11721736,0.0174490800000007,10.740737051366214,1.0,3210.17,87.98,5575.4991168692,558310.9797681292
116.9408581,117.5252164,-0.1264739999999995,-0.0715690000000337,16.393421000000053,0.1883063777089128,-0.1839431518026894,12.087426120628711,0.0883951200000004,-0.13281736,0.0114490800000007,12.090292163411032,1.0,3244.38,88.47,5411.26501827776,555163.3322030066
117.0508646,117.6352229,-0.1214739999999996,-0.4065690000000337,16.508421000000055,0.1142511406847498,-0.237163468976721,13.144296882088296,0.0967951200000004,-0.13121736,0.0158490800000007,13.146932735761634,1.0,3280.06,89.93,5243.623592251361,545987.9906594018
117.1608908,117.7452491,-0.0414739999999995,-0.5065690000000338,14.078421000000056,0.0770239209062698,-0.3015668072485173,13.367606000224065,0.0883951200000004,-0.10961736,0.0198490800000007,13.371229016094675,1.0,3286.9,88.47,5211.90179196203,555163.3322030066
117.271746,117.8561043,0.1835260000000005,-1.1015690000000335,4.453421000000056,0.102484012243183,-0.4928131103301574,11.236605683318473,0.0359951200000004,-0.03481736,0.0198490800000007,11.24787424435674,1.0,2969.21,87.0,6839.496027562888,564712.6436781608
117.3825335,117.9668918,0.3785260000000003,-0.5715690000000337,0.273421000000055,0.1684738434363033,-0.5116402746576277,8.615777190993146,0.0047951200000004,-0.00201736,0.0118490800000007,8.63259959753791,1.0,1892.47,80.16,16420.498079229787,613752.49500998
117.492546,118.0769043,0.5035260000000004,-0.3865690000000337,-0.236578999999945,0.2485704817491943,-0.4817410829845334,6.499557497561451,-0.0004048799999995,0.0015826399999999,0.0098490800000007,6.522124609323208,1.0,700.88,72.34,61338.888254765436,681180.5363560962
117.6025302,118.1868885,0.3535260000000004,-0.3215690000000337,-0.076578999999945,0.273660856544853,-0.4434507895263181,4.927484564369507,0.0007951200000004,-0.00161736,0.0102490800000007,4.954961452850681,1.0,91.4,67.94,537045.9518599563,725943.4795407713
117.7133875,118.2977458,0.4235260000000007,-0.456569000000034,-0.026578999999945,0.3094872016552581,-0.4465867925009053,3.743179883080476,-4.879999999594584e-06,-0.00121736,0.0066490800000007,3.782408984803602,1.0,177.42,68.91,271817.1570285199,715584.0951966333
117.8233762,118.4077345,0.5185260000000005,-0.3065690000000336,-0.026578999999945,0.3594594364144667,-0.4131145277695495,2.8419917908095416,-0.0004048799999995,-0.00081736,0.0066490800000007,2.894268826234096,1.0,198.92,70.38,241357.32957973055,700429.0991759022
117.93341,118.5177683,0.4885260000000007,-0.4215690000000338,2.043421000000055,0.3903137307661968,-0.4151356304280627,2.6510876747020338,0.0071951200000004,-0.02521736,0.0090490800000007,2.7116320286927884,1.0,1159.82,75.76,33110.137780000354,649978.8806758183
118.0442469,118.6286052,0.5235260000000004,-0.5415690000000339,5.453421000000056,0.4221590860001094,-0.4453604407296821,3.3210056990794863,0.0207951200000004,-0.06921736,0.0118490800000007,3.377224166290685,1.0,2745.36,85.53,8212.547716875019,574590.20226821
118.1550697,118.739428,0.4285260000000006,-0.3165690000000338,8.898421000000056,0.4236811427838914,-0.4145719164840319,4.654327115841329,0.0291951200000004,-0.11041736,0.0122490800000007,4.691922472286149,1.0,3246.82,88.47,5399.683382509655,555163.3322030066
118.2667608,118.8511191,0.7335260000000006,-0.3415690000000337,10.923421000000054,0.4977517941000246,-0.3971200419538844,6.15299929434306,0.0375951200000004,-0.12681736,0.0186490800000007,6.185859802197059,1.0,3463.83,89.93,4434.88854822552,545987.9906594018
118.376739,118.9610973,1.0985260000000006,-0.3915690000000336,12.113421000000056,0.6413712077793887,-0.3957930252762504,7.577881158846304,0.0451951200000004,-0.13041736,0.0230490800000007,7.615267034229562,1.0,3539.1,94.33,4127.885620638017,520054.0655146825
118.4867649,119.0711232,1.1485260000000006,-0.4815690000000339,12.998421000000056,0.7626102243485037,-0.4162983916462186,8.873700363743641,0.0443951200000004,-0.13641736,0.0234490800000007,8.91613351462797,1.0,3590.91,91.4,3924.0471078361747,537045.9518599563
118.6059256,119.1902839,1.2435260000000006,-0.5915690000000338,13.533421000000056,0.8775766144663311,-0.458198096659838,9.987640241848528,0.0451951200000004,-0.13881736,0.0254490800000007,10.036585266445606,1.0,3621.7,92.38,3805.6713697987134,531242.6932236415
118.7159315,119.3002898,1.1085260000000006,-0.3365690000000338,12.678421000000055,0.9327867333666044,-0.4291217825020692,10.630890819237294,0.0383951200000004,-0.13241736,0.0234490800000007,10.680359366833414,1.0,3635.39,91.89,3753.682548502362,534128.8497116118
118.8259262,119.4102845,0.9835260000000006,-0.7165690000000338,12.888421000000056,0.9449163215760266,-0.4978381162517503,11.170569716467774,0.0423951200000004,-0.13601736,0.0270490800000007,11.22151226151096,1.0,3624.14,91.4,3796.376519670874,537045.9518599563
118.9367621,119.5211204,0.9285260000000006,-0.4365690000000339,12.303421000000055,0.9409980968059752,-0.4831912914275345,11.441385999072804,0.0375951200000004,-0.13321736,0.0238490800000007,11.490181235388896,1.0,3634.9,92.86,3755.536603482901,528444.9709239715
119.0484204,119.6327787,0.0135260000000005,-1.2665690000000336,6.558421000000055,0.7192791923671555,-0.670463391477379,10.274077943406308,0.0323951200000004,-0.08401736,0.0262490800000007,10.321025206008931,1.0,3550.34,91.89,4083.15823273264,534128.8497116118
119.158437,119.7427953,0.9285260000000006,-0.3015690000000337,1.6384210000000552,0.7693011532492632,-0.5822765224452505,8.209661770461246,0.0031951200000004,-0.01361736,0.0106490800000007,8.266160934699641,1.0,3047.41,87.49,6407.3754434093225,561493.8850154304
119.2684149,119.8527732,0.4435260000000003,-0.4415690000000338,0.0234210000000549,0.6914222495921478,-0.5486393727883584,6.252681780066172,0.0011951200000004,-0.00121736,0.0134490800000007,6.314673335286326,1.0,1176.44,75.27,32501.10502873074,654275.2756742395
119.3784222,119.9627805,0.3535260000000004,-0.3965690000000339,-0.196578999999945,0.610645710296185,-0.5122858516761392,4.710939403642264,0.0003951200000004,-0.00161736,0.0102490800000007,4.777894415128908,1.0,39.1,68.91,1268772.378516624,715584.0951966333
119.4884051,120.0727634,0.3385260000000003,-0.456569000000034,-0.0665789999999449,0.5455935278630342,-0.4989663358061209,3.56883911831859,-4.879999999594584e-06,-0.00161736,0.0098490800000007,3.644619644675536,1.0,115.84,69.4,421629.8342541436,710461.0951008645
119.5985879,120.1829462,0.4535260000000005,-0.3415690000000337,-0.0365789999999449,0.5235841202673976,-0.4613393657045985,2.706937872997689,-0.0008048799999995,-0.00121736,0.0074490800000007,2.7954403927850366,1.0,165.69,69.4,291768.3626048645,710461.0951008645
119.7092879,120.2936462,0.6335260000000005,-0.2615690000000337,0.348421000000055,0.5498665207948139,-0.4135828167195734,2.1431173774999124,-0.0024048799999995,-0.00161736,0.0062490800000007,2.2508567326062296,1.0,164.22,69.89,294469.6139325295,705409.9298898268
119.8190915,120.4034498,0.5485260000000007,-0.3215690000000337,1.833421000000055,0.5495460596154135,-0.3915862491607775,2.0690822213325086,0.0055951200000004,-0.01881736,0.0086490800000007,2.1763368077586023,1.0,1736.07,81.13,18800.682000149765,606294.8354492789
119.9301045,120.5144628,0.4835260000000003,-0.456569000000034,4.073421000000055,0.5337634874611407,-0.4071208451589953,2.54823388493601,0.0123951200000004,-0.04281736,0.0090490800000007,2.635174904146919,1.0,2400.78,83.09,10826.564699805896,591757.1308220002
120.0409512,120.6253095,0.3635260000000007,-0.3815690000000338,6.608421000000055,0.4930669863542212,-0.4010124919971637,3.5188509440031104,0.0115951200000004,-0.06521736,0.0086490800000007,3.575784954087954,1.0,3039.59,87.98,6449.586950871662,558310.9797681292
120.1512637,120.735622,0.3385260000000003,-0.3915690000000336,7.028421000000055,0.4561228472223239,-0.39875495701914,4.357839017656947,0.0115951200000004,-0.06681736,0.0090490800000007,4.399751637458506,1.0,3231.18,87.98,5474.223039261199,558310.9797681292
120.2621133,120.8464716,0.2985260000000007,-0.5165690000000336,6.303421000000055,0.4184481824755575,-0.4269192550365027,4.82294444466287,0.0107951200000004,-0.06081736,0.0078490800000007,4.859851031466135,1.0,3245.85,88.47,5404.285472218371,555163.3322030066
120.3817747,120.966133,0.3035260000000006,-0.5215690000000339,7.858421000000055,0.3909752046016699,-0.4495459602829442,5.5485970423171125,0.0147951200000004,-0.07641736,0.0142490800000007,5.580491225602836,1.0,3263.93,88.95,5318.955982511881,552113.5469364811
120.4917598,121.0761181,0.4135260000000005,-0.5715690000000337,9.168421000000055,0.3963661351398075,-0.4787164493742483,6.413942107600251,0.0191951200000004,-0.08761736,0.0134490800000007,6.443983931671052,1.0,3363.64,90.42,4864.848794758061,542975.00552975
120.6017734,121.1861317,0.3385260000000003,-0.6115690000000338,9.338421000000055,0.3825390330200182,-0.5104758112764469,7.113059912125408,0.0215951200000004,-0.08801736,0.0158490800000007,7.141606470477616,1.0,3420.82,88.95,4616.378529124596,552113.5469364811
120.7126139,121.2969722,0.3735260000000004,-0.7315690000000339,9.833421000000056,0.3803844023699413,-0.5633297351319415,7.763381881011272,0.0227951200000004,-0.09361736,0.0194490800000007,7.793082247382243,1.0,3430.6,89.44,4574.70996327173,549033.9892665475
120.8225656,121.4069239,0.3735260000000004,-0.7015690000000336,10.328421000000056,0.3787448517409782,-0.5963768299852901,8.376573011249537,0.0231951200000004,-0.09841736,0.0194490800000007,8.40631241382675,1.0,3449.17,89.44,4496.24112467637,549033.9892665475
120.9326187,121.516977,0.2335260000000003,-0.7015690000000336,10.773421000000056,0.3440292362278479,-0.6215237780945981,8.949556836857099,0.0275951200000004,-0.10561736,0.0190490800000007,8.977706583435,1.0,3474.58,88.47,4390.22845926702,555163.3322030066
121.0434418,121.6278001,0.1135260000000006,-0.8165690000000339,10.948421000000057,0.2889257725419402,-0.6681507473218422,9.427399754072956,0.0263951200000004,-0.11001736,0.0210490800000007,9.45546242371469,1.0,3496.09,87.98,4301.691318015268,558310.9797681292
121.1534529,121.7378112,0.0835260000000004,-0.8915690000000336,10.178421000000055,0.2398234731877971,-0.7215604945110418,9.606936807996927,0.0251951200000004,-0.10321736,0.0174490800000007,9.636980838331946,1.0,3501.47,90.91,4279.71680465633,539994.5000549995
121.2642736,121.8486319,0.1685260000000004,-0.9215690000000338,9.098421000000055,0.222779297197065,-0.7693739725317633,9.485372430775048,0.0271951200000004,-0.09361736,0.0230490800000007,9.519131109264976,1.0,3456.99,90.42,4463.449416978356,542975.00552975
121.3742761,121.9586344,0.2635260000000006,-0.9715690000000335,8.673421000000054,0.2325200908404246,-0.8177101544262149,9.29126957602725,0.0235951200000004,-0.08521736,0.0198490800000007,9.330080697598804,1.0,3450.15,88.95,4492.123530860977,552113.5469364811
121.484299,122.0686573,0.3185260000000003,-1.2565690000000338,3.508421000000056,0.2530804246982258,-0.9226225316060838,7.9088378508811665,0.0135951200000004,-0.03361736,0.0178490800000007,7.966492213560701,1.0,3310.36,88.95,5104.097439553401,552113.5469364811
121.5951341,122.1794924,0.2985260000000007,-0.5415690000000339,0.193421000000055,0.2639445177552586,-0.8315289322932937,6.064411719510408,0.0019951200000004,-0.00321736,0.0122490800000007,6.126842300682226,1.0,2260.51,82.6,12118.90237158871,595326.8765133172
121.7068001,122.2911584,0.4435260000000003,-0.2965690000000338,-0.176578999999945,0.3068747683125786,-0.7036428961363053,4.572457805524191,-0.0012048799999995,0.0011826399999999,0.0090490800000007,4.636448622815645,1.0,199.9,70.87,240125.06253126563,695517.1440666008
121.816952,122.4013103,0.4935260000000006,-0.3415690000000337,-0.186578999999945,0.351495093543289,-0.6170865157840635,3.4347756797345124,-0.0004048799999995,-0.00081736,0.0098490800000007,3.50742477308398,1.0,40.08,67.45,1237504.99001996,731289.8443291327
121.9268083,122.5111666,0.3585260000000003,-0.3965690000000339,-0.186578999999945,0.3531758825202969,-0.5643702107032073,2.56906468428762,0.0003951200000004,-0.00081736,0.0086490800000007,2.6539292173637605,1.0,108.5,69.4,450829.49308755755,710461.0951008645
122.037649,122.6220073,0.4085260000000006,-0.3915690000000336,-0.016578999999945,0.3664077279315203,-0.523060833035941,1.950947883875324,-0.0004048799999995,-0.00161736,0.0086490800000007,2.0528138989547484,1.0,265.4,70.87,178394.87565938206,695517.1440666008
122.1480048,122.7323631,0.5335260000000006,-0.4165690000000339,-0.0365789999999449,0.4063585580668268,-0.4976031910931641,1.4758152251644991,-4.879999999594584e-06,-0.00121736,0.0090490800000007,1.6095859070977203,1.0,134.9,68.43,360644.92216456635,720673.6811340054
122.258781,122.8431393,0.4885260000000007,-0.4615690000000338,0.4584210000000549,0.4260012786065638,-0.4889889574153834,1.2325997863791396,0.0023951200000004,-0.00401736,0.0102490800000007,1.392799168304789,1.0,367.55,70.38,126035.91348115902,700429.0991759022
122.3701568,122.9545151,0.3335260000000004,-0.5865690000000339,1.668421000000055,0.4038943952502539,-0.5123161714754827,1.3367859956979964,0.0123951200000004,-0.01561736,0.0106490800000007,1.487479526031921,1.0,1603.13,77.71,21188.986545071202,633417.8355424012
122.4805137,123.064872,0.0935260000000006,-0.4615690000000338,3.563421000000055,0.3296985883852236,-0.5001846935564664,1.86907917782082,0.0207951200000004,-0.03361736,0.0086490800000007,1.96273861219846,1.0,2275.17,84.56,11976.379787004926,581296.1210974456
122.5926146,123.1769729,-0.2514739999999995,-0.3865690000000337,6.313421000000055,0.1907650829672148,-0.4730240412962628,2.931531194607855,0.0315951200000004,-0.05921736,0.0078490800000007,2.975570231986248,1.0,2731.18,84.56,8307.10535372989,581296.1210974456
122.7028905,123.2872488,-0.2064739999999996,-0.2715690000000339,8.138421000000056,0.0958022106834167,-0.4248647584416098,4.176275815131712,0.0367951200000004,-0.07081736,0.0066490800000007,4.198924601679759,1.0,2970.67,87.0,6831.219893155416,564712.6436781608
122.8135,123.3978583,-0.1014739999999996,-0.4365690000000339,9.768421000000057,0.048641907473002,-0.4276627419330355,5.513118517054217,0.0459951200000004,-0.08161736,0.0098490800000007,5.529894866910797,1.0,3137.83,86.51,5934.578992488439,567967.8649867068
122.9246795,123.5090378,-0.5264739999999994,-1.1815690000000336,12.493421000000057,-0.0888437046218351,-0.6078894788492551,7.181810248590042,0.0795951200000004,-0.10841736,0.0166490800000007,7.208038656187931,1.0,3276.15,88.95,5261.816461395235,552113.5469364811
123.0351404,123.6194987,-0.4564739999999996,-1.0915690000000338,14.818421000000056,-0.1767283823501164,-0.7235165622929074,9.00739721261765,0.0811951200000004,-0.13281736,0.0214490800000007,9.038136626700908,1.0,3375.85,88.47,4811.08461572641,555163.3322030066
123.1463424,123.7307007,0.2935260000000004,-0.2915690000000339,17.138421000000054,-0.0643106753147384,-0.6202563773057682,10.951177184341752,0.0743951200000004,-0.13681736,0.0214490800000007,10.968916790613155,1.0,3474.58,91.4,4390.22845926702,537045.9518599563
123.2571664,123.8415247,0.1635260000000005,-0.4115690000000336,17.743421000000055,-0.0098446722773071,-0.5703681522844631,12.574912132999891,0.0775951200000004,-0.14441736,0.0174490800000007,12.587844608962271,1.0,3530.79,92.38,4161.136742768616,531242.6932236415
123.3693168,123.9536751,-0.1014739999999996,-0.6315690000000338,17.908421000000054,-0.0317493249640078,-0.584998657021968,13.84992595484794,0.0839951200000004,-0.15281736,0.0154490800000007,13.862311510102629,1.0,3540.57,92.86,4122.019900750444,528444.9709239715
123.4796337,124.063992,-0.2564739999999994,-0.5665690000000339,18.393421000000053,-0.0854713818549261,-0.5805929143822072,14.936081265830923,0.0875951200000004,-0.16001736,0.0138490800000007,14.947605730311878,1.0,3541.54,91.89,4118.151990377068,534128.8497116118
123.5910016,124.1753599,0.2085260000000004,-0.5315690000000337,19.94342100000005,-0.015189183999876,-0.5688733935194767,16.133122000356877,0.0919951200000004,-0.16441736,0.0178490800000007,16.143155612443437,1.0,3564.03,91.89,4029.0626060947843,534128.8497116118
123.7013232,124.2856815,0.5035260000000004,-0.4865690000000338,21.25842100000005,0.1088134277318416,-0.5491979337137571,17.358361749386212,0.0807951200000004,-0.15801736,0.0106490800000007,17.367388443718433,1.0,3607.53,91.89,3859.898600981835,534128.8497116118
123.8121994,124.3965577,0.2185260000000006,-1.2015690000000336,20.088421000000054,0.1350410106534547,-0.7051519495840987,18.01100213413063,0.0999951200000004,-0.16201736,0.0262490800000007,18.02530646680435,1.0,3636.85,92.86,3748.1611834417163,528444.9709239715
123.9235067,124.507865,-0.0714739999999993,-1.7415690000000337,12.308421000000056,0.0856721055727083,-0.9529149321593108,16.647758920790686,0.0871951200000004,-0.10681736,0.0346490800000007,16.67522904377542,1.0,3582.11,92.86,3958.2536549687197,528444.9709239715
124.0426398,124.6269981,0.3435260000000006,-1.4915690000000337,5.263421000000055,0.1473139416717003,-1.0816840781039172,13.9262507048006,0.0395951200000004,-0.03961736,0.0218490800000007,13.96897278024385,1.0,3114.86,87.0,6052.085808029895,564712.6436781608
124.1526359,124.7369942,0.6835260000000005,-0.7565690000000338,3.483421000000055,0.2754993076022362,-1.0039629701784307,11.42981682893176,0.0223951200000004,-0.02001736,0.0230490800000007,11.47713179574542,1.0,2757.58,84.56,8131.8402367293065,581296.1210974456
124.2626698,124.8470281,0.8785260000000006,-0.2865690000000336,3.398421000000055,0.4196571944499822,-0.8324647594325342,9.509853640348885,0.0135951200000004,-0.01561736,0.0170490800000007,9.555439602520003,1.0,2739.49,83.58,8251.572372959932,588229.2414453218
124.3726365,124.9569948,0.4285260000000006,-0.6565690000000337,0.988421000000055,0.4217773464815127,-0.7904156075377071,7.472743612161596,0.0083951200000004,-0.00641736,0.0146490800000007,7.526257373738034,1.0,2458.94,85.04,10333.965041847301,577958.6077140169
124.4826638,125.0670221,0.4785260000000004,-0.5215690000000339,0.0034210000000549,0.4353435220352873,-0.7261458839625986,5.687148086245725,0.0011951200000004,0.0015826399999999,0.0110490800000007,5.749823056569856,1.0,2040.57,83.09,14502.95750697109,591757.1308220002
124.5943591,125.1787174,0.3785260000000003,-0.456569000000034,-0.261578999999945,0.4217608829650925,-0.6617015825328872,4.265061904990136,-0.0004048799999995,0.0023826399999999,0.0106490800000007,4.336644357118082,1.0,413.49,69.4,110921.90863140584,710461.0951008645
124.7044931,125.2888514,0.3785260000000003,-0.4315690000000336,-0.156578999999945,0.4114252718803245,-0.6066867262902257,3.208036706439756,0.0011951200000004,-0.00041736,0.0102490800000007,3.290720141255313,1.0,40.08,68.43,1237504.99001996,720673.6811340054
124.8143529,125.3987112,0.3785260000000003,-0.4315690000000336,-0.166578999999945,0.4035604632858011,-0.5648235688382759,2.40131044490526,0.0011951200000004,-0.00081736,0.0094490800000007,2.4996356863058566,1.0,40.57,68.91,1222437.7618930244,715584.0951966333
124.9243539,125.5087122,0.4035260000000007,-0.4165690000000339,-0.0365789999999449,0.4035522245883811,-0.5293822432242061,1.8185153627364192,0.0003951200000004,-0.00121736,0.0090490800000007,1.936516997580888,1.0,42.52,68.43,1165917.2154280338,720673.6811340054
125.0351972,125.6195555,0.4035260000000007,-0.4665690000000337,-0.076578999999945,0.4035459554110925,-0.5143662836930526,1.3654793659003974,0.0003951200000004,-0.00121736,0.0078490800000007,1.5139207081708754,1.0,40.08,69.4,1237504.99001996,710461.0951008645
125.1455778,125.7299361,0.4885260000000007,-0.3665690000000337,-0.0465789999999449,0.4238610489328294,-0.4790342753961982,1.027916613372016,0.0003951200000004,-0.00081736,0.0082490800000007,1.2106793918511185,1.0,41.06,68.43,1207730.1509985386,720673.6811340054
125.2568502,125.8412085,0.5385260000000005,-0.3865690000000337,0.4884210000000549,0.4512725337804028,-0.4569297833795934,0.8989462898891697,0.0027951200000004,-0.00281736,0.0094490800000007,1.1047787827386124,1.0,102.64,68.91,477139.51675759937,715584.0951966333
125.3669794,125.9513377,0.3885260000000006,-0.5465690000000338,2.673421000000056,0.4362725216236655,-0.4783586856315129,1.323147287455659,0.0167951200000004,-0.01881736,0.0094490800000007,1.4730510817837406,1.0,1289.83,77.71,28764.7984618128,633417.8355424012
125.4777131,126.0620714,-0.0114739999999993,-0.6715690000000338,5.933421000000055,0.3292354812829692,-0.5245470069573999,2.4252665212618627,0.0331951200000004,-0.04681736,0.0066490800000007,2.503090742221946,1.0,1934.02,81.62,15852.886733332645,602594.9522175937
125.5885198,126.1728781,0.2485260000000004,-0.1315690000000338,9.278421000000057,0.3099412967684039,-0.4306027756741102,4.063562603924169,0.0395951200000004,-0.06521736,0.0078490800000007,4.098051170235884,1.0,2598.73,82.11,9240.167312494948,598939.227865059
125.6984986,126.2828569,0.0835260000000004,-0.4615690000000338,12.108421000000057,0.2558150845399593,-0.4380054752871712,5.986744116431204,0.0563951200000004,-0.08681736,0.0126490800000007,6.008194010639418,1.0,2936.95,87.49,7024.464154990722,561493.8850154304
125.8093533,126.3937116,-0.0064739999999994,-0.6265690000000339,13.058421000000056,0.1931129842064476,-0.4830829479792736,7.677279558489058,0.0611951200000004,-0.09281736,0.0106490800000007,7.694886820382182,1.0,3075.76,91.89,6256.144822742995,534128.8497116118
125.9193365,126.5036948,0.4185260000000004,-0.3965690000000339,14.848421000000055,0.2469995939277666,-0.462401163771757,9.391592721616226,0.0667951200000004,-0.10081736,0.0146490800000007,9.406212706736586,1.0,3145.65,87.98,5894.966064247454,558310.9797681292
126.0385587,126.622917,0.7035260000000005,-0.6565690000000337,16.968421000000053,0.3561355290683605,-0.5088183876149837,11.202888253621612,0.0763951200000004,-0.10721736,0.0194490800000007,11.220090636433069,1.0,3230.21,86.51,5478.86979484306,567967.8649867068
126.1486353,126.7329936,0.5885260000000003,-0.8065690000000336,17.333421000000055,0.4116901498428587,-0.5799978223401359,12.66843639122525,0.0791951200000004,-0.11041736,0.0230490800000007,12.688387086305225,1.0,3308.9,88.47,5110.761884614221,555163.3322030066
126.2585081,126.8428664,0.8135260000000006,-0.7265690000000335,17.833421000000055,0.5077519125286656,-0.61503672113286,13.903163271790891,0.0875951200000004,-0.11401736,0.0246490800000007,13.926019931591853,1.0,3332.36,89.93,5004.3812793335655,545987.9906594018
126.3686503,126.9530086,0.7435260000000006,-0.5565690000000336,16.228421000000054,0.5641154112789064,-0.6010595900480026,14.45903292847587,0.0919951200000004,-0.11241736,0.0262490800000007,14.482511248218676,1.0,3331.87,90.42,5006.587892084626,542975.00552975
126.4785296,127.0628879,0.5485260000000007,-0.7365690000000338,16.398421000000052,0.560388649900846,-0.6334540933642577,14.922657656358126,0.0911951200000004,-0.11361736,0.0262490800000007,14.9466053355336,1.0,3279.08,89.93,5248.179367383535,545987.9906594018
126.5893562,127.1737145,0.5285260000000007,-1.0465690000000338,13.168421000000055,0.5527716532786706,-0.7322121959767951,14.503294711733068,0.0739951200000004,-0.08401736,0.0274490800000007,14.532282982931138,1.0,3280.55,89.44,5241.346725396656,549033.9892665475
126.6993798,127.2837381,0.1785260000000006,-0.8715690000000336,5.848421000000055,0.4633055264575035,-0.7655264466378493,12.43428463150504,0.0355951200000004,-0.04401736,0.0170490800000007,12.46643963000786,1.0,2876.83,86.02,7380.241446314173,571260.172053011
126.8102294,127.3945877,0.7535260000000006,-0.2865690000000336,1.0084210000000549,0.532684827097552,-0.6510282092169487,9.702849394403122,0.0011951200000004,-0.00081736,0.0090490800000007,9.73924418138724,1.0,1849.46,78.69,17034.918300476893,625404.7528275512
126.9202172,127.5045755,0.3285260000000005,-0.4115690000000336,-0.196578999999945,0.4838791847159968,-0.593783755493542,7.336319527104312,-0.0008048799999995,0.0007826399999999,0.0082490800000007,7.376198371618097,1.0,699.9,73.8,61438.77696813831,667506.7750677507
127.031885,127.6162433,0.4435260000000003,-0.3715690000000335,-0.341578999999945,0.4742324644139414,-0.5406617129999359,5.500862422050176,-0.0008048799999995,0.0019826399999999,0.0094490800000007,5.547675090029324,1.0,36.66,68.43,1353884.3426077468,720673.6811340054
127.1419014,127.7262597,0.3485260000000005,-0.4765690000000335,-0.326578999999945,0.4441814260412289,-0.5253398869765026,4.107770454940953,0.0015951200000004,-0.00161736,0.0086490800000007,4.164979861484843,1.0,70.38,68.43,700429.0991759022,720673.6811340054
127.2518958,127.8362541,0.4685260000000006,-0.3565690000000339,-0.0565789999999449,0.4500011723017979,-0.4849939873095947,3.112252636098099,-4.879999999594584e-06,-0.00121736,0.0078490800000007,3.18179771413882,1.0,186.22,70.87,258499.62410052627,695517.1440666008
127.3622371,127.9465954,0.4035260000000007,-0.3215690000000337,-0.0665789999999449,0.4388909466445019,-0.4459260635747591,2.3523299708466787,0.0003951200000004,-0.00121736,0.0086490800000007,2.4341182405473494,1.0,201.37,69.89,238299.1508169042,705409.9298898268
127.473586,128.0579443,0.3835260000000007,-0.3815690000000338,-0.0565789999999449,0.4256555562143135,-0.4305410426368487,1.7764628803452045,0.0003951200000004,-0.00081736,0.0090490800000007,1.876797433708636,1.0,195.5,69.4,245754.47570332483,710461.0951008645
127.5843694,128.1687277,0.3385260000000003,-0.4015690000000338,0.163421000000055,0.4048266064112884,-0.4236150665617613,1.390853566862129,0.0007951200000004,-0.00081736,0.0066490800000007,1.5092408523260006,1.0,165.2,70.38,292663.4382566586,700429.0991759022
127.69472799999998,128.2790863,0.2435260000000005,-0.4915690000000337,1.9934210000000552,0.3662665312758855,-0.4398599452229402,1.5349016644663005,0.0139951200000004,-0.00601736,0.0090490800000007,1.6381547738006372,1.0,1400.78,78.2,25694.398834934826,629386.189258312
127.8144109,128.3987692,0.0985260000000005,-0.6465690000000339,5.253421000000055,0.3022612232210218,-0.4892752379531419,2.423840572761661,0.0303951200000004,-0.01161736,0.0070490800000007,2.491135329062384,1.0,2628.05,85.04,9025.513213218925,577958.6077140169
127.9242124,128.5085707,-0.0164739999999996,-0.6415690000000336,7.543421000000055,0.2260652656908714,-0.5256821618812986,3.6477132557488927,0.0411951200000004,-0.01521736,0.0070490800000007,3.692324367635957,1.0,3049.85,87.0,6394.248897486763,564712.6436781608
128.0352071,128.6195654,0.1985260000000006,-0.456569000000034,8.893421000000055,0.2194818052945348,-0.5091601612870074,4.901737584962662,0.0467951200000004,-0.01561736,0.0074490800000007,4.932995812336835,1.0,3193.06,87.98,5658.960370303094,558310.9797681292
128.1452417,128.7296,-0.1564739999999993,-0.7165690000000338,10.328421000000056,0.1296068542805029,-0.5587427424220605,6.199025455575669,0.0579951200000004,-0.02281736,0.0098490800000007,6.225504637196968,1.0,3273.22,88.95,5275.477969705673,552113.5469364811
128.25607480000002,128.8404331,-0.2064739999999996,-0.9015690000000338,12.163421000000056,0.0492642983474977,-0.6406978357394935,7.624857294941722,0.0643951200000004,-0.01561736,0.0106490800000007,7.651886659905447,1.0,3376.83,90.91,4806.786246272392,539994.5000549995
128.36603530000002,128.9503936,-0.1464739999999995,-1.1615690000000336,12.068421000000056,0.0024716441902644,-0.765215850126485,8.68712329721019,0.0695951200000004,-0.01041736,0.0134490800000007,8.720761009639116,1.0,3440.86,89.93,4531.250908203181,545987.9906594018
128.4777281,129.0620864,-0.2864739999999997,-1.3915690000000336,10.698421000000057,-0.0666028992842618,-0.9149500951350648,9.16793854189369,0.0679951200000004,-0.01121736,0.0138490800000007,9.21372165472349,1.0,3455.03,90.91,4471.654370584335,539994.5000549995
128.5885514,129.1729097,-0.2214739999999992,-1.106569000000034,11.733421000000057,-0.1036259546388973,-0.9607579785234048,9.78123565555052,0.0679951200000004,-0.00921736,0.0158490800000007,9.828853706368005,1.0,3468.23,88.47,4416.575601964115,555163.3322030066
128.70025040000002,129.2846087,0.3185260000000003,-0.8165690000000339,12.888421000000056,-0.0027074804210972,-0.9262885616423466,10.524030757238446,0.0659951200000004,-0.00401736,0.0150490800000007,10.564716806861435,1.0,3497.07,90.42,4297.68348932106,542975.00552975
128.8110487,129.395407,0.1035260000000004,-0.7365690000000338,13.493421000000057,0.0226884004628707,-0.8809347299714985,11.233884944489702,0.0695951200000004,-0.00601736,0.0174490800000007,11.268395258776554,1.0,3517.11,98.73,4216.217292038064,496431.6823660488
128.92105990000002,129.5054182,-0.0964739999999992,-1.191569000000034,10.073421000000057,-0.0057982321505679,-0.9551940961228528,10.956467655819695,0.0591951200000004,-0.00641736,0.0194490800000007,10.99802768107933,1.0,3523.95,92.38,4188.623561628287,531242.6932236415
129.0319336,129.6162919,0.6135260000000007,-0.4265690000000337,2.048421000000056,0.1422556993021683,-0.8288224483127985,8.826934754484977,0.0123951200000004,0.0019826399999999,0.0174490800000007,8.86690253102773,1.0,3146.63,87.49,5890.015667555448,561493.8850154304
129.1426778,129.7270361,0.3535260000000004,-0.4665690000000337,-0.016578999999945,0.1927613908183873,-0.742223144715751,6.712828909374878,0.0011951200000004,-0.00121736,0.0086490800000007,6.756487557664936,1.0,1435.97,78.2,24819.66893458777,629386.189258312
129.25358210000002,129.8379404,0.4935260000000006,-0.3915690000000336,-0.0565789999999449,0.2646613432496975,-0.6583967384324312,5.094553049071499,0.0003951200000004,-0.00041736,0.0070490800000007,5.143734310945007,1.0,231.18,66.96,206281.68526689158,736714.4563918759
129.3635973,129.9479556,0.4235260000000007,-0.4065690000000337,-0.086578999999945,0.3026390870222899,-0.5981954984546236,3.855966006260124,0.0003951200000004,-0.00081736,0.0082490800000007,3.913809156409994,1.0,221.41,69.89,215825.39180705478,705409.9298898268
129.4744162,130.0587745,0.4485260000000006,-0.4165690000000339,-0.0665789999999449,0.3375144073998755,-0.5547763719999385,2.918253287575621,-4.879999999594584e-06,-0.00121736,0.0082490800000007,2.9896312562886123,1.0,223.36,68.43,213853.8681948424,720673.6811340054
129.58442480000002,130.1687831,0.4485260000000006,-0.3465690000000336,-0.0565789999999449,0.3640525305154622,-0.5050028957143634,2.207098140200374,-4.879999999594584e-06,-0.00121736,0.0090490800000007,2.293217035112585,1.0,223.36,69.89,213853.8681948424,705409.9298898268
129.6960694,130.2804277,0.4685260000000006,-0.3815690000000338,-0.0565789999999449,0.389027668071412,-0.4754951313054445,1.6659497679131032,-4.879999999594584e-06,-0.00121736,0.0090490800000007,1.7756201101671454,1.0,218.48,70.87,218853.8996704504,695517.1440666008
129.8060689,130.3904272,0.4485260000000006,-0.3415690000000337,-0.026578999999945,0.4032511741117275,-0.4434791221866525,1.2613385397745909,-4.879999999594584e-06,-0.00121736,0.0082490800000007,1.3965171510434906,1.0,219.94,70.38,217334.72765299628,700429.0991759022
129.9161086,130.5004669,0.4485260000000006,-0.2965690000000338,-0.076578999999945,0.4140744482880354,-0.4083591962564125,0.9414996872960476,-4.879999999594584e-06,-0.00081736,0.0074490800000007,1.1066329757741633,1.0,224.34,69.89,212875.9917981635,705409.9298898268
130.0260996,130.6104579,0.3635260000000007,-0.3665690000000337,-0.076578999999945,0.4019904765824693,-0.3983689479652167,0.6981206228938536,-4.879999999594584e-06,-0.00121736,0.0082490800000007,0.8987027128453638,1.0,228.74,70.38,208588.79076680946,700429.0991759022
130.1360789,130.7204372,0.4485260000000006,-0.3915690000000336,-0.0465789999999449,0.4131151296099346,-0.3967433712839629,0.5200947986209356,-4.879999999594584e-06,-0.00121736,0.0086490800000007,0.7736717731201966,1.0,230.69,72.34,206741.08110451253,681180.5363560962
130.2552702,130.8396285,0.4485260000000006,-0.3915690000000336,-0.026578999999945,0.4215803539710216,-0.3955064004508959,0.3894084781019193,-4.879999999594584e-06,-0.00121736,0.0078490800000007,0.6969894335422951,1.0,232.65,70.38,204915.1085321298,700429.0991759022
