time,world_time,Fx,Fy,Fz,LPF_Fx,LPF_Fy,LPF_Fz,Mx,My,Mz,force_magnitude,touch_count,Volt_FSR1,Volt_FSR2,Ohm_FSR1,Ohm_FSR2
2.0374953,2.6121617,0.3785260000000003,-0.456569000000034,-0.136578999999945,0.0904893746244594,-0.1091461175267164,-0.032650196543511,0.0003951200000004,-0.00161736,0.0090490800000007,0.145489646454349,,39.59,69.89,1252945.1881788329,705409.9298898268
2.156861,2.7315274,0.2935260000000004,-0.4315690000000336,-0.136578999999945,0.1390267465780197,-0.1862236366393428,-0.057495127750987,-4.879999999594584e-06,-0.00121736,0.0086490800000007,0.2394021069714158,1.0,39.59,68.43,1252945.1881788329,720673.6811340054
2.1658955,2.7405619,0.3135260000000004,-0.4415690000000338,-0.136578999999945,0.1807420536232163,-0.247265790266212,-0.0764006986832052,0.0003951200000004,-0.00161736,0.0082490800000007,0.3156661650275396,1.0,37.15,70.38,1335895.0201884252,700429.0991759022
2.2479628000000003,2.8226292,0.3385260000000003,-0.4065690000000337,-0.156578999999945,0.218461445774388,-0.2853483732974506,-0.0955679007898062,-4.879999999594584e-06,-0.00161736,0.0090490800000007,0.3718633096914878,1.0,36.66,69.4,1353884.3426077468,710461.0951008645
2.3587514,2.9334178,0.2935260000000004,-0.3565690000000339,-0.146578999999945,0.2364061696991368,-0.3023741785807834,-0.1077624725403114,0.0003951200000004,-0.00121736,0.0078490800000007,0.3986612238884313,1.0,39.1,68.43,1268772.378516624,720673.6811340054
2.4701248,3.0447912,0.3835260000000007,-0.456569000000034,-0.116578999999945,0.271576227868937,-0.3392355644844153,-0.1098701271166988,-4.879999999594584e-06,-0.00121736,0.0074490800000007,0.4482252342151435,1.0,39.59,68.43,1252945.1881788329,720673.6811340054
2.5809646,3.155631,0.3785260000000003,-0.3815690000000338,-0.116578999999945,0.2971433434603847,-0.3493556780446811,-0.1114739316417246,-4.879999999594584e-06,-0.00161736,0.0098490800000007,0.4719851626699074,1.0,38.12,68.43,1301647.429171039,720673.6811340054
2.6909543,3.2656207,0.3135260000000004,-0.3215690000000337,-0.156578999999945,0.3010597358481127,-0.3427130719379637,-0.1222566240542111,-4.879999999594584e-06,-0.00121736,0.0102490800000007,0.4722667639705593,1.0,39.59,68.43,1252945.1881788329,720673.6811340054
2.8009987,3.3756651,0.3135260000000004,-0.4665690000000337,-0.146578999999945,0.3040398863450604,-0.3723217262282073,-0.1280710637194136,-4.879999999594584e-06,-0.00161736,0.0086490800000007,0.4974594633460012,1.0,40.57,68.91,1222437.7618930244,715584.0951966333
2.9116553,3.4863217,0.2535260000000003,-0.3065690000000336,-0.146578999999945,0.2919641769216246,-0.3566030620512664,-0.132495519581401,-4.879999999594584e-06,-0.00161736,0.0074490800000007,0.4795455006347223,1.0,38.61,69.4,1285001.295001295,710461.0951008645
3.0218575000000003,3.5965239,0.2535260000000003,-0.4315690000000336,-0.106578999999945,0.2827752530660846,-0.3745242110426698,-0.126299988364606,-4.879999999594584e-06,-0.00121736,0.0078490800000007,0.485985509521243,1.0,36.66,68.91,1353884.3426077468,715584.0951966333
3.1318212,3.7064876,0.3785260000000003,-0.456569000000034,-0.126578999999945,0.3056651607867561,-0.3941376105025421,-0.1263666881115052,-4.879999999594584e-06,-0.00121736,0.0090490800000007,0.5145329789194445,1.0,40.57,69.89,1222437.7618930244,705409.9298898268
3.2434734,3.8181398,0.2935260000000004,-0.4065690000000337,-0.146578999999945,0.3027632067121105,-0.3971094239614355,-0.131198587274309,-4.879999999594584e-06,-0.00161736,0.0090490800000007,0.5163085542970965,1.0,39.59,68.43,1252945.1881788329,720673.6811340054
3.3534624,3.9281288,0.2935260000000004,-0.4815690000000339,-0.146578999999945,0.3005549857215954,-0.4173000957165587,-0.134875386038486,-4.879999999594584e-06,-0.00161736,0.0082490800000007,0.531661583233346,1.0,39.59,69.4,1252945.1881788329,710461.0951008645
3.4634541,4.0381205,0.3785260000000003,-0.5315690000000337,-0.136578999999945,0.3191945199171002,-0.4446169027196017,-0.1352826472622168,0.0003951200000004,-0.00161736,0.0090490800000007,0.5638002539724093,1.0,41.54,68.43,1193659.123736158,720673.6811340054
3.5743055000000004,4.1489719,0.2085260000000004,-0.3565690000000339,-0.146578999999945,0.2927384108046141,-0.4235684155507178,-0.1379831219846251,0.0003951200000004,-0.00121736,0.0078490800000007,0.5330528320581184,1.0,31.77,69.4,1563811.7721120554,710461.0951008645
3.6851243,4.2597907,0.2935260000000004,-0.4765690000000335,-0.146578999999945,0.292926689691009,-0.4362385881189151,-0.1400380287174636,-4.879999999594584e-06,-0.00121736,0.0082490800000007,0.54380217063229,1.0,44.97,70.87,1101852.34600845,695517.1440666008
3.7951482,4.3698146,0.2735260000000004,-0.4915690000000337,-0.156578999999945,0.2882888146773439,-0.4494657227644511,-0.1439922673880777,-4.879999999594584e-06,-0.00161736,0.0082490800000007,0.5530494097960851,1.0,32.75,67.94,1516717.5572519086,725943.4795407713
3.9059537,4.4806201,0.3785260000000003,-0.3365690000000338,-0.166578999999945,0.3098606656670213,-0.422476945665644,-0.1493917889767077,-4.879999999594584e-06,-0.00161736,0.0074490800000007,0.5448103416421556,1.0,41.06,69.4,1207730.1509985386,710461.0951008645
4.0159796,4.590646,0.3335260000000004,-0.3565690000000339,-0.156578999999945,0.3155180347884819,-0.4067211751609391,-0.1511099436894269,0.0003951200000004,-0.00121736,0.0086490800000007,0.5364773617618015,1.0,39.59,68.43,1252945.1881788329,720673.6811340054
4.1259927,4.7006591,0.3785260000000003,-0.456569000000034,-0.136578999999945,0.3305805440173064,-0.418637657770005,-0.1476362166345761,-4.879999999594584e-06,-0.00161736,0.0090490800000007,0.5534775849554394,1.0,37.63,70.38,1318727.0794578793,700429.0991759022
4.2367932,4.8114596,0.2735260000000004,-0.4415690000000338,-0.146578999999945,0.3169412431301554,-0.4241195607771822,-0.1473834813611462,0.0003951200000004,-0.00121736,0.0090490800000007,0.5495917066412571,1.0,39.1,67.45,1268772.378516624,731289.8443291327
4.3468365,4.9215029,0.3385260000000003,-0.3815690000000338,-0.126578999999945,0.3221012351797723,-0.4139475418547192,-0.1424100198082771,-4.879999999594584e-06,-0.00161736,0.0082490800000007,0.543490926192603,1.0,40.57,69.4,1222437.7618930244,710461.0951008645
4.4568131,5.0314795,0.2935260000000004,-0.3565690000000339,-0.136578999999945,0.3152701187936735,-0.4002307869441084,-0.1410160724020783,0.0003951200000004,-0.00161736,0.0086490800000007,0.5286449312135563,1.0,42.03,68.91,1179626.45729241,715584.0951966333
4.5675144,5.1421808,0.2285260000000004,-0.3715690000000335,-0.146578999999945,0.2945333105903023,-0.3933789797335368,-0.1423459304287716,-4.879999999594584e-06,-0.00161736,0.0082490800000007,0.5116241361127469,1.0,41.06,68.43,1207730.1509985386,720673.6811340054
4.6776599,5.2523263,0.2735260000000004,-0.4415690000000338,-0.126578999999945,0.2895113612450573,-0.4048991521841883,-0.1385767318155934,-4.879999999594584e-06,-0.00161736,0.0090490800000007,0.516685264285843,1.0,42.03,69.4,1179626.45729241,710461.0951008645
4.7876718,5.3623382,0.3135260000000004,-0.4215690000000338,-0.126578999999945,0.2952522341118276,-0.408884199721057,-0.1357085873581189,0.0003951200000004,-0.00161736,0.0082490800000007,0.5222805675231378,1.0,39.59,68.91,1252945.1881788329,715584.0951966333
4.8985007000000005,5.4731671,0.3385260000000003,-0.4065690000000337,-0.126578999999945,0.3055971404402331,-0.408330734503645,-0.1335260935515626,-4.879999999594584e-06,-0.00121736,0.0074490800000007,0.5272123088895729,1.0,39.59,69.4,1252945.1881788329,710461.0951008645
5.0085174,5.5831838,0.2935260000000004,-0.456569000000034,-0.106578999999945,0.3027114471207763,-0.4198624403250069,-0.1270841961827354,0.0003951200000004,-0.00161736,0.0090490800000007,0.5329813148066606,1.0,38.12,69.4,1301647.429171039,710461.0951008645
5.1188103,5.6934767,0.2935260000000004,-0.4815690000000339,-0.116578999999945,0.3005155996344608,-0.4346138391594861,-0.1245728531497919,-4.879999999594584e-06,-0.00121736,0.0074490800000007,0.542878633356008,1.0,39.1,68.91,1268772.378516624,715584.0951966333
5.2301746,5.804841,0.2935260000000004,-0.4065690000000337,-0.116578999999945,0.2988446853516964,-0.4279095177734191,-0.1226618648098379,0.0003951200000004,-0.00121736,0.0074490800000007,0.536153554910029,1.0,38.12,68.91,1301647.429171039,715584.0951966333
5.3401559,5.9148223,0.3185260000000003,-0.4165690000000339,-0.126578999999945,0.3035496457885283,-0.4251984850802059,-0.1235982842728927,-4.879999999594584e-06,-0.00121736,0.0082490800000007,0.5368544263094475,1.0,41.06,67.94,1207730.1509985386,725943.4795407713
5.4509978,6.0256642,0.2935260000000004,-0.456569000000034,-0.136578999999945,0.3011534208558659,-0.4326978332801777,-0.1267014181350814,0.0003951200000004,-0.00161736,0.0082490800000007,0.5421937358324895,1.0,39.59,69.89,1252945.1881788329,705409.9298898268
5.561011,6.1356774,0.3585260000000003,-0.4215690000000338,-0.156578999999945,0.3148687503374471,-0.4300374052942002,-0.1338438699038967,0.0003951200000004,-0.00161736,0.0082490800000007,0.5495349683160163,1.0,38.12,69.4,1301647.429171039,710461.0951008645
5.6709872,6.2456536,0.2935260000000004,-0.3815690000000338,-0.146578999999945,0.309766611697561,-0.4184506828917392,-0.1368882947469789,-4.879999999594584e-06,-0.00161736,0.0074490800000007,0.5383258613273991,1.0,40.08,69.4,1237504.99001996,710461.0951008645
5.781035,6.3557014,0.2735260000000004,-0.4415690000000338,-0.126578999999945,0.3011030316831891,-0.4239772835941995,-0.1344237833673687,0.0003951200000004,-0.00121736,0.0082490800000007,0.5371122100897736,1.0,35.68,68.91,1391345.2914798206,715584.0951966333
5.8926787,6.4673451,0.2735260000000004,-0.4165690000000339,-0.146578999999945,0.294510543053582,-0.4222062798864576,-0.1373295757079389,0.0003951200000004,-0.00121736,0.0082490800000007,0.5327795182900711,1.0,43.99,68.91,1126621.9595362584,715584.0951966333
6.0029928,6.5776592,0.3135260000000004,-0.4215690000000338,-0.126578999999945,0.2990563253968814,-0.4220539335261462,-0.1347595729269693,-4.879999999594584e-06,-0.00201736,0.0082490800000007,0.5345318990109357,1.0,35.68,68.43,1391345.2914798206,720673.6811340054
6.1145415000000005,6.6892079,0.3085260000000005,-0.3965690000000339,0.0034210000000549,0.3013201195159997,-0.4159615760734908,-0.1017265088061007,-4.879999999594584e-06,-0.00361736,0.0082490800000007,0.52360875640936,1.0,42.52,67.94,1165917.2154280338,725943.4795407713
6.2253139,6.7999803,0.3635260000000007,-0.1915690000000338,0.7634210000000551,0.3161908845967632,-0.36231890983852,0.1050932526628023,0.0003951200000004,-0.01161736,0.0070490800000007,0.4922359796722552,1.0,156.89,68.91,308694.62680859206,715584.0951966333
6.3352321,6.9098985,0.2785260000000007,0.1584309999999662,1.983421000000055,0.3071868218574442,-0.2378298821970152,0.5541210689721643,0.0003951200000004,-0.02761736,0.0030490800000007,0.6767399467059539,1.0,1587.49,79.67,21496.26139377256,617588.8038157399
6.44606,7.0207264,0.3935260000000005,-0.1615690000000336,2.148421000000055,0.3278268260730323,-0.219599167428903,0.9352499840864036,0.0063951200000004,-0.02881736,0.0058490800000007,1.015079679119922,1.0,2073.31,81.62,14116.027029243096,602594.9522175937
6.5651911,7.1398575,0.5085260000000007,-0.0365690000000338,3.1784210000000552,0.3710242689007582,-0.1758444837663581,1.471496219234688,0.0103951200000004,-0.03841736,0.0058490800000007,1.5277046225649706,1.0,2329.91,83.58,11460.056397028211,588229.2414453218
6.6752029,7.2498693,0.6585260000000006,-0.0415690000000337,4.148421000000055,0.4397536345206098,-0.1437449594181986,2.111434425139107,0.0155951200000004,-0.04921736,0.0042490800000007,2.1615275163862098,1.0,2636.36,83.58,8965.543400749519,588229.2414453218
6.7851883,7.3598547,0.8035260000000006,0.0834309999999662,5.918421000000055,0.5267160462384055,-0.0894369052885977,3.021522066048529,0.0235951200000004,-0.06801736,0.0094490800000007,3.068391166232036,1.0,2850.93,85.04,7538.136678206762,577958.6077140169
6.8960414,7.4707078,1.0335260000000006,0.1834309999999661,8.363421000000056,0.6478726266829137,-0.0242058614378493,4.298541594007876,0.0307951200000004,-0.09401736,0.0090490800000007,4.347158232632985,1.0,3050.34,88.95,6391.615360910585,552113.5469364811
7.0060616,7.580728,1.1435260000000005,0.4584309999999663,10.183421000000056,0.7663621459813684,0.0911719666696512,5.705364526088083,0.0347951200000004,-0.11161736,0.0126490800000007,5.757326431760134,1.0,3227.27,88.95,5492.970839130287,552113.5469364811
7.1177072,7.6923736,1.0885260000000003,0.7384309999999663,11.513421000000056,0.8433777424707816,0.2459039141345342,7.0938223813155625,0.0447951200000004,-0.12361736,0.0138490800000007,7.14801166263286,1.0,3318.67,89.44,5066.276550545852,549033.9892665475
7.2285314,7.8031978,1.1835260000000003,0.8984309999999662,13.143421000000057,0.92469264053173,0.4018952276122975,8.540022631057333,0.0579951200000004,-0.14401736,0.0038490800000007,8.599335020360732,1.0,3382.7,90.42,4781.092027078961,542975.00552975
7.3385601,7.9132265,1.4035260000000005,0.9634309999999664,14.758421000000055,1.0391612140183932,0.536134410317377,10.026575680442011,0.0671951200000004,-0.15841736,0.0042490800000007,10.094529013791467,1.0,3437.44,89.93,4545.708434183577,545987.9906594018
7.448535,8.0232014,1.4935260000000006,0.5284309999999663,16.253421000000053,1.1477803982616208,0.5342928544345629,11.515148034388766,0.0811951200000004,-0.17161736,0.0178490800000007,11.584537235074212,1.0,3485.83,89.44,4343.786128411311,549033.9892665475
7.559399300000001,8.1340657,1.9585260000000004,0.4484309999999663,18.88842100000005,1.341594990867775,0.5137669578993631,13.277782198471543,0.0987951200000004,-0.19601736,0.0222490800000007,13.355273629416905,1.0,3532.75,91.89,4153.280022645247,534128.8497116118
7.6693514,8.2440178,2.2285260000000005,0.4734309999999662,20.63342100000005,1.5536222554451506,0.5041243557922557,15.036200788248,0.1083951200000004,-0.21481736,0.0246490800000007,15.124655950573793,1.0,3576.74,91.89,3979.2101187114536,534128.8497116118
7.7802171,8.3548835,2.4635260000000008,0.9184309999999662,22.878421000000053,1.7711413183714022,0.6031673518800121,16.910940179013068,0.1171951200000004,-0.23801736,0.0234490800000007,17.01413089646882,1.0,3612.41,92.86,3841.1752818755353,528444.9709239715
7.891034599999999,8.465701,2.8185260000000008,1.1134309999999663,24.838421000000054,2.0215261924139,0.7251495629090295,18.8060617343052,0.1283951200000004,-0.25401736,0.0254490800000007,18.92829543275624,1.0,3643.7,92.86,3722.315229025441,528444.9709239715
8.0010709,8.5757373,3.0885260000000008,1.6284309999999662,26.97842100000005,2.2766002040085715,0.9410855153990614,20.75972325071129,0.1467951200000004,-0.27321736,0.0286490800000007,20.905373947440133,1.0,3674.98,91.89,3605.5162204964386,534128.8497116118
8.1119022,8.6865686,3.1035260000000005,1.3134309999999665,26.48842100000005,2.4742827889303407,1.03009739317173,22.12920982956106,0.1511951200000004,-0.26801736,0.0222490800000007,22.29091975759991,1.0,3698.93,92.86,3517.4226059968696,528444.9709239715
8.2218812,8.7965476,2.8635260000000007,1.9034309999999663,26.24342100000005,2.5673341902779625,1.2388741005059964,23.112741729314287,0.1435951200000004,-0.26361736,0.0250490800000007,23.28786903362909,1.0,3700.39,92.86,3512.089266266529,528444.9709239715
8.3326747,8.9073411,2.6335260000000007,1.5984309999999664,22.52842100000005,2.58315782053588,1.324828774629092,22.973055638066253,0.1223951200000004,-0.22681736,0.0250490800000007,23.15575869967488,1.0,3692.08,92.86,3542.501787610237,528444.9709239715
8.451880000000001,9.0265464,1.6385260000000006,1.5984309999999664,13.173421000000056,2.3573367601842627,1.390235362999959,20.630382189091016,0.0639951200000004,-0.13681736,0.0094490800000007,20.81111386335233,1.0,3587.98,91.89,3935.4177002101464,534128.8497116118
8.5618728,9.1365392,1.0685260000000003,0.3834309999999663,7.433421000000056,2.0492372380950323,1.1495515072620532,17.475553287128925,0.0331951200000004,-0.08241736,-0.0053509199999992,17.632804785884925,1.0,3282.99,87.49,5230.018976603646,561493.8850154304
8.6719188,9.2465852,0.7135260000000005,-0.0515690000000337,5.333421000000056,1.729925817970439,0.8624149735741171,14.5728888538542,0.0231951200000004,-0.06361736,0.0006490800000007,14.70052694528715,1.0,3127.08,89.44,5989.357483658877,549033.9892665475
8.7827185,9.3573849,0.4785260000000004,-0.3915690000000336,0.9934210000000552,1.4307696518595054,0.562641046399182,11.326618970601237,0.0031951200000004,-0.01201736,0.0070490800000007,11.430483981396376,1.0,2549.85,83.58,9608.996607643587,588229.2414453218
8.8927637,9.4674301,0.3135260000000004,-0.4415690000000338,-0.146578999999945,1.163684486349306,0.322577380785025,8.583868117813536,0.0003951200000004,-0.00121736,0.0082490800000007,8.668391408697456,1.0,719.94,73.31,59450.23196377475,672035.1930159596
9.0035507,9.5782171,0.2735260000000004,-0.4665690000000337,-0.126578999999945,0.950885670029148,0.1339262379721259,6.501572813421324,-4.879999999594584e-06,-0.00121736,0.0078490800000007,6.572105358475579,1.0,35.19,68.43,1410858.1983518044,720673.6811340054
9.1144205,9.6890869,0.2485260000000004,-0.456569000000034,-0.136578999999945,0.782981517335861,-0.0072359141728312,4.91467467099858,0.0003951200000004,-0.00161736,0.0082490800000007,4.9766594756622125,1.0,35.19,70.38,1410858.1983518044,700429.0991759022
9.2244758,9.7991422,0.2735260000000004,-0.4415690000000338,-0.136578999999945,0.6611924958084032,-0.111066375792945,3.707135992656376,-4.879999999594584e-06,-0.00121736,0.0082490800000007,3.767276008523068,1.0,35.68,66.96,1391345.2914798206,736714.4563918759
9.3344138,9.9090802,0.3385260000000003,-0.4815690000000339,-0.126578999999945,0.5840567391682566,-0.1996377044763659,2.790658730397286,0.0003951200000004,-0.00121736,0.0082490800000007,2.858103153694604,1.0,39.59,68.43,1252945.1881788329,720673.6811340054
9.4444192,10.0190856,0.3885260000000006,-0.4915690000000337,0.318421000000055,0.5373137035321477,-0.2694259894693252,2.1996524424629347,0.0023951200000004,-0.00681736,0.0110490800000007,2.2802998152519574,1.0,34.7,68.91,1430922.190201729,715584.0951966333
9.5552442,10.1299106,0.5285260000000007,-0.3915690000000336,2.633421000000056,0.5352129395238387,-0.2986251584502474,2.303347949517372,0.0079951200000004,-0.03561736,0.0146490800000007,2.3834935813714844,1.0,1410.07,76.74,25459.23252037133,641550.6906437321
9.665265,10.2399314,1.1035260000000005,-0.941569000000034,6.898421000000055,0.6710722819029631,-0.4523255281487296,3.401833355254058,0.0379951200000004,-0.08881736,0.0318490800000007,3.496770877234104,1.0,2772.24,85.04,8035.9564828442,577958.6077140169
9.776089,10.3507554,1.3285260000000003,-0.4015690000000338,11.323421000000057,0.8282413424037649,-0.4401918134493846,5.295546104195767,0.0475951200000004,-0.14561736,0.0382490800000007,5.377969979049493,1.0,3205.28,87.98,5599.261218988667,558310.9797681292
9.8869113,10.4615777,1.6535260000000007,0.1534309999999663,15.058421000000056,1.0255316013372184,-0.2982819917942172,7.629431871245227,0.0571951200000004,-0.19281736,0.0366490800000007,7.703824887024786,1.0,3404.69,88.95,4685.624829279611,552113.5469364811
9.9972973,10.5719637,2.3635260000000007,0.4084309999999662,19.23842100000005,1.3453888274881955,-0.1293371460862966,10.404644581292018,0.0799951200000004,-0.24081736,0.0478490800000007,10.49206500444489,1.0,3508.8,90.91,4249.886000911991,539994.5000549995
10.1169536,10.69162,3.0885260000000008,0.1534309999999663,21.303421000000053,1.762098360321453,-0.0617393781573731,13.010075812702,0.1059951200000004,-0.26201736,0.0446490800000007,13.129008912881291,1.0,3593.84,91.4,3912.695055984685,537045.9518599563
10.2269195,10.8015859,3.4585260000000004,0.2884309999999663,23.483421000000053,2.1676416419194395,0.0219713802356252,15.513804635093836,0.1155951200000004,-0.28281736,0.0522490800000007,15.664523206443013,1.0,3633.92,91.89,3759.2462134554426,534128.8497116118
10.3369119,10.9115783,3.728526000000001,0.6834309999999664,26.073421000000053,2.540782322939529,0.1800980804670701,18.038157205682303,0.1215951200000004,-0.31201736,0.0546490800000007,18.21711078925685,1.0,3676.44,92.86,3600.1131529414333,528444.9709239715
10.4478313,11.0224977,3.618526000000001,1.0084309999999663,27.25842100000005,2.79842473414158,0.3781170484359399,20.242327869310053,0.1087951200000004,-0.33921736,0.0346490800000007,20.43834609413442,1.0,3718.96,92.38,3444.61892572117,531242.6932236415
10.5586213,11.1332877,3.5935260000000007,1.2684309999999663,28.003421000000053,2.988499435247037,0.5909530298386969,22.097673245316788,0.1115951200000004,-0.35201736,0.0310490800000007,22.306669792121298,1.0,3739.0,93.84,3372.5595078898095,522821.8243819266
10.6686105,11.2432769,3.848526000000001,1.5334309999999662,29.77842100000005,3.1940949980483184,0.816259196699687,23.9338114788054,0.1315951200000004,-0.36641736,0.0370490800000007,24.15979829873898,1.0,3746.82,92.38,3344.6495961909027,531242.6932236415
10.7785985,11.3532649,3.9485260000000006,1.6934309999999664,30.128421000000053,3.374447178780717,1.0259534526262326,25.414677632294527,0.1399951200000004,-0.36881736,0.0382490800000007,25.65824065291283,1.0,3757.09,93.35,3308.1720161082108,525618.6395286557
10.8894518,11.4641182,3.6985260000000006,1.4534309999999664,28.05842100000005,3.451920562012423,1.128145048257304,26.04668358171737,0.1343951200000004,-0.34601736,0.0318490800000007,26.29863480149601,1.0,3768.82,92.86,3266.751927659055,528444.9709239715
10.9994215,11.5740879,2.8185260000000008,0.7884309999999664,20.54842100000005,3.300503016567625,1.0469339510593574,24.7322841942495,0.0887951200000004,-0.25561736,0.0298490800000007,24.973491392381973,1.0,3725.32,93.35,3421.6657897845002,525618.6395286557
11.1102833,11.6849497,2.2135260000000008,-0.3615690000000338,14.218421000000056,3.04065330885834,0.7102211461316382,22.21886924960963,0.0779951200000004,-0.17721736,0.0414490800000007,22.43720431230977,1.0,3596.77,93.35,3901.361499345246,525618.6395286557
11.2202823,11.7949487,2.0135260000000006,-0.3915690000000336,11.168421000000055,2.7951111061079468,0.4468302527957863,19.57717977140437,0.0571951200000004,-0.14041736,0.0290490800000007,19.78075507083049,1.0,3497.56,90.91,4295.680417205137,539994.5000549995
11.3302863,11.9049527,1.5185260000000005,-0.0865690000000336,9.053421000000055,2.489934214939025,0.3193173083464019,17.06139921756383,0.0375951200000004,-0.11641736,0.0230490800000007,17.24508855295389,1.0,3401.27,90.91,4700.391324417057,539994.5000549995
11.4410384,12.0157048,1.3735260000000005,-0.0265690000000338,8.558421000000056,2.223048766659537,0.2366306877881525,15.028700852450877,0.0379951200000004,-0.10921736,0.0206490800000007,15.194070857206349,1.0,3324.54,89.93,5039.6746617577155,545987.9906594018
11.5519421,12.1266085,1.1435260000000005,-0.4665690000000337,6.828421000000056,1.9649810512373795,0.0685257227816059,13.06836471809332,0.0279951200000004,-0.09201736,0.0158490800000007,13.215445611537696,1.0,3277.13,89.44,5257.252534992509,549033.9892665475
11.6628426,12.237509,1.1235260000000005,-0.3815690000000338,6.553421000000055,1.7638251428953822,-0.0390726720083952,11.510920360866049,0.0295951200000004,-0.08961736,0.0146490800000007,11.64533783806242,1.0,3216.03,89.44,5547.118652500131,549033.9892665475
11.7732076,12.347874,1.0335260000000006,-0.4165690000000339,6.023421000000055,1.5892418573895468,-0.1293158961013061,10.199093999091998,0.0259951200000004,-0.08481736,0.0142490800000007,10.322980707362474,1.0,3195.5,87.98,5647.003598810827,558310.9797681292
11.8928272,12.4674936,1.1535260000000005,-0.1065690000000336,5.993421000000056,1.4850808342388513,-0.1238780862735751,9.19369748851464,0.0227951200000004,-0.08121736,0.0114490800000007,9.31369337990052,1.0,3176.93,87.98,5738.464492450259,558310.9797681292
12.0039363,12.5786027,0.9585260000000004,0.1134309999999663,5.153421000000055,1.3592040974869255,-0.067147634971433,8.227840208550802,0.0175951200000004,-0.07241736,0.0106490800000007,8.33962223850414,1.0,3144.18,88.47,5902.397445438876,555163.3322030066
12.1144816,12.689148,0.8885260000000006,-0.0015690000000336,4.488421000000055,1.2466850982873403,-0.0514705885669915,7.333905034638183,0.0143951200000004,-0.06121736,0.0122490800000007,7.439290020752682,1.0,3053.76,88.47,6373.257885360997,555163.3322030066
12.2253155,12.7999819,0.4985260000000004,0.1784309999999662,3.4084210000000548,1.0678322614316929,0.0034890468995121,6.395489719989509,0.0063951200000004,-0.05041736,0.0062490800000007,6.484023956656397,1.0,2892.47,84.56,7286.263988909134,581296.1210974456
12.3353151,12.9099815,0.5435260000000004,-0.3065690000000336,2.878421000000055,0.9424930622521328,-0.0706325689504458,5.554709036540833,0.0115951200000004,-0.04241736,0.0118490800000007,5.63454298171718,1.0,2734.6,84.07,8284.209756454326,584742.4765076722
12.4461098,13.0207762,0.5685260000000008,-0.3765690000000339,2.1984210000000552,0.8530935346282926,-0.1437688827585231,4.752364136887627,0.0095951200000004,-0.03401736,0.0122490800000007,4.830466122440971,1.0,2577.22,84.07,9400.749644966281,584742.4765076722
12.5561045,13.1307709,0.5485260000000007,-0.4115690000000336,2.158421000000055,0.7802844653981009,-0.2077884352688954,4.132263292379284,0.0099951200000004,-0.03281736,0.0114490800000007,4.210418007552027,1.0,2389.54,83.58,10924.52940733363,588229.2414453218
12.6661383,13.2408047,0.5285260000000007,-0.2015690000000336,2.463421000000056,0.7200997856395436,-0.2063016343410949,3.733314487319009,0.0071951200000004,-0.03601736,0.0098490800000007,3.807721251199452,1.0,2425.71,82.6,10612.521694679082,595326.8765133172
12.7778028,13.3524692,0.4835260000000003,-0.2765690000000338,2.088421000000055,0.6635451132654843,-0.2230995556859578,3.340090817105237,0.0067951200000004,-0.03161736,0.0118490800000007,3.412663504595275,1.0,2467.74,83.58,10261.453799833049,588229.2414453218
12.8878217,13.4624881,0.3585260000000003,-0.3515690000000335,1.4234210000000551,0.5906280909000436,-0.2538111043624886,2.8818970520496667,0.0031951200000004,-0.02361736,0.0090490800000007,2.952726238084136,1.0,2196.48,84.56,12763.69463869464,581296.1210974456
12.9978119,13.5724783,0.2935260000000004,-0.4315690000000336,-0.096578999999945,0.519603689920549,-0.2963054133684786,2.169870836455763,0.0003951200000004,-0.00121736,0.0086490800000007,2.250805264671235,1.0,899.8,75.27,45567.903978661925,654275.2756742395
13.1086171,13.6832835,0.2735260000000004,-0.4165690000000339,-0.146578999999945,0.4607770405756107,-0.3250552924900817,1.6161067699192284,0.0003951200000004,-0.00121736,0.0090490800000007,1.7116592873805794,1.0,40.08,68.91,1237504.99001996,715584.0951966333
13.2194977,13.7941641,0.2335260000000003,-0.4115690000000336,-0.106578999999945,0.4064510377529654,-0.3457370192116779,1.20428629260871,-0.0008048799999995,-0.00121736,0.0106490800000007,1.3172099328159768,1.0,181.82,70.38,264997.25002749974,700429.0991759022
13.3303085,13.9049749,0.2935260000000004,-0.331569000000034,-0.116578999999945,0.3794554917516094,-0.3423500518748794,0.8885239029939654,0.0003951200000004,-0.00121736,0.0090490800000007,1.025019392221834,1.0,250.73,70.38,189417.70031507997,700429.0991759022
13.4402823,14.0149487,0.3185260000000003,-0.3665690000000337,-0.136578999999945,0.3648898566174594,-0.3481397663724501,0.6434656490889845,-4.879999999594584e-06,-0.00121736,0.0090490800000007,0.8175536349070208,1.0,233.14,69.4,204463.41254182038,710461.0951008645
13.5505972,14.1252636,0.3135260000000004,-0.4165690000000339,-0.116578999999945,0.3526109556605521,-0.3644982689772674,0.4617714854576252,0.0003951200000004,-0.00121736,0.0090490800000007,0.6858763583336387,1.0,230.21,71.85,207192.9976977542,685894.2240779402
13.662003,14.2366694,0.3585260000000003,-0.4215690000000338,-0.156578999999945,0.3540249897378747,-0.3781414394850023,0.3139503351858171,0.0003951200000004,-0.00121736,0.0082490800000007,0.6057140039473901,1.0,207.72,70.38,230708.64625457345,700429.0991759022
13.7721316,14.346798,0.3185260000000003,-0.3915690000000336,-0.126578999999945,0.3455386998101541,-0.3813513948215902,0.2086386153972465,0.0003951200000004,-0.00121736,0.0086490800000007,0.5552980742211738,1.0,33.72,69.89,1472799.525504152,705409.9298898268
13.8819759,14.4566423,0.2285260000000004,-0.3715690000000335,-0.126578999999945,0.3175659686663478,-0.3790128426752853,0.1285024229549984,0.0003951200000004,-0.00121736,0.0090490800000007,0.5108930926065665,1.0,37.15,67.94,1335895.0201884252,725943.4795407713
13.9923245,14.5669909,0.3585260000000003,-0.4215690000000338,-0.146578999999945,0.3273577600359776,-0.3891861994928793,0.0627422217165122,0.0003951200000004,-0.00161736,0.0082490800000007,0.5124115409682026,1.0,40.08,68.91,1237504.99001996,715584.0951966333
14.1028225,14.6774889,0.2735260000000004,-0.4415690000000338,-0.116578999999945,0.3144888889397,-0.4017086863470722,0.0198741883184992,-4.879999999594584e-06,-0.00121736,0.0082490800000007,0.5105566700323644,1.0,37.15,70.38,1335895.0201884252,700429.0991759022
14.2128383,14.7875047,0.2735260000000004,-0.4165690000000339,-0.126578999999945,0.3046964144387025,-0.4052611516709332,-0.0151365042698412,-4.879999999594584e-06,-0.00081736,0.0090490800000007,0.507253013580958,1.0,86.51,68.43,567967.8649867068,720673.6811340054
14.3244911,14.8991575,0.3785260000000003,-0.4815690000000339,-0.126578999999945,0.3223459101833141,-0.4235030940321935,-0.0417776378913258,0.0003951200000004,-0.00121736,0.0082490800000007,0.5338605880700775,1.0,145.16,69.4,334447.5062000551,710461.0951008645
14.4345036,15.00917,0.3585260000000003,-0.4165690000000339,-0.146578999999945,0.3309950220048764,-0.42184544876461,-0.0668311605476307,-4.879999999594584e-06,-0.00121736,0.0090490800000007,0.54034960095809,1.0,99.22,69.4,493930.65914130217,710461.0951008645
14.5453324,15.1199988,0.2935260000000004,-0.4065690000000337,-0.116578999999945,0.322037781632983,-0.4181935033363195,-0.0787237409277312,0.0003951200000004,-0.00121736,0.0082490800000007,0.5336586609598439,1.0,39.59,69.4,1252945.1881788329,710461.0951008645
14.6553143,15.2299807,0.3185260000000003,-0.3965690000000339,-0.116578999999945,0.3211982648658751,-0.413024009606787,-0.0877733140605979,0.0003951200000004,-0.00121736,0.0078490800000007,0.5305292758422446,1.0,41.06,70.38,1207730.1509985386,700429.0991759022
14.7653162,15.3399826,0.2735260000000004,-0.3715690000000335,-0.136578999999945,0.3098018655838058,-0.4031138901054421,-0.0994406658376735,0.0003951200000004,-0.00121736,0.0082490800000007,0.5180409736086411,1.0,40.08,69.4,1237504.99001996,710461.0951008645
14.8753142,15.4499806,0.2285260000000004,-0.4165690000000339,-0.116578999999945,0.2903722828107858,-0.4063304313202198,-0.1035377084198183,0.0003951200000004,-0.00121736,0.0090490800000007,0.5100397426735,1.0,38.61,69.89,1285001.295001295,705409.9298898268
14.9856921,15.5603585,0.2735260000000004,-0.2715690000000339,-0.106578999999945,0.286345057213879,-0.3741147376990137,-0.1042647511411539,0.0003951200000004,-0.00121736,0.0082490800000007,0.48252094989228,1.0,39.1,68.91,1268772.378516624,715584.0951966333
15.0965652,15.6712316,0.2485260000000004,-0.1715690000000338,1.688421000000055,0.2773041383967554,-0.3256947159905168,0.3242897273331045,-0.0028048799999995,-0.02761736,0.0078490800000007,0.5367853020062021,1.0,781.52,73.31,53977.889241478144,672035.1930159596
15.2078451,15.7825115,0.5335260000000006,-0.1215690000000337,5.053421000000055,0.3385558252599892,-0.2768969890582881,1.4548227194673464,0.0039951200000004,-0.07081736,0.0130490800000007,1.5191448694727516,1.0,2375.85,82.6,11045.099648546835,595326.8765133172
15.318556,15.8932224,0.4535260000000005,-0.2765690000000338,8.358421000000055,0.366040276031372,-0.2768185809046471,3.105177757335017,0.0159951200000004,-0.11281736,0.0222490800000007,3.138907917582055,1.0,2987.78,87.49,6734.833220652121,561493.8850154304
15.4290279,16.0036943,0.6435260000000005,-0.1615690000000336,11.758421000000055,0.4323752427949141,-0.2492673360712948,5.17379806215447,0.0263951200000004,-0.15521736,0.0226490800000007,5.197813861939208,1.0,3251.71,89.44,5376.52496686359,549033.9892665475
15.540692300000002,16.1153587,0.5885260000000003,0.7784309999999663,15.268421000000057,0.4697042092770687,-0.003588625140775,7.586990595072605,0.0211951200000004,-0.20401736,0.0094490800000007,7.601517033603434,1.0,3401.27,88.95,4700.391324417057,552113.5469364811
15.651519,16.2261854,0.9085260000000006,0.1184309999999662,18.98842100000005,0.5746077282271632,0.0255810476713874,10.312584892865043,0.0423951200000004,-0.26121736,0.0082490800000007,10.328612472345291,1.0,3513.2,89.93,4232.039166571788,545987.9906594018
15.762345600000002,16.337012,0.7635260000000006,0.0434309999999662,22.03342100000005,0.6197700057665072,0.0298482077166406,13.114535431032646,0.0499951200000004,-0.30321736,0.0110490800000007,13.12920581556106,1.0,3593.84,92.38,3912.695055984685,531242.6932236415
15.8737187,16.4483851,0.9335260000000004,0.6784309999999663,24.92342100000005,0.6947756426391772,0.1848966093215601,15.937534829086315,0.0547951200000004,-0.32841736,0.0150490800000007,15.953743020936583,1.0,3654.45,92.86,3681.9494041511034,528444.9709239715
15.9845309,16.5591973,0.9135260000000004,1.2534309999999662,25.28342100000005,0.7470694957337015,0.4403374740896784,18.17173642928648,0.0427951200000004,-0.34201736,0.0154490800000007,18.192416408437907,1.0,3679.86,93.35,3587.473436489432,525618.6395286557
16.1036775,16.6783439,1.6485260000000006,1.0734309999999665,24.61842100000005,0.9625691848493996,0.5916830546796932,19.71286294425513,0.0511951200000004,-0.33561736,0.0114490800000007,19.745216983659702,1.0,3695.99,93.84,3528.175130343969,522821.8243819266
16.2145284,16.7891948,1.3735260000000005,0.9134309999999662,26.843421000000053,1.0608113801031929,0.6685992251904012,21.41747435585633,0.0715951200000004,-0.37201736,0.0062490800000007,21.454150029582745,1.0,3706.26,91.4,3490.6887266408717,537045.9518599563
16.324513699999997,16.8991801,1.3885260000000006,1.4984309999999663,25.858421000000053,1.1391539272723556,0.8669765053403056,22.479114730808533,0.0683951200000004,-0.34361736,0.0066490800000007,22.52465136271115,1.0,3718.96,93.35,3444.61892572117,525618.6395286557
16.434504699999998,17.0091711,0.9735260000000006,-0.3565690000000339,15.213421000000055,1.0995593748262331,0.5744791138723074,20.74219815991588,0.0591951200000004,-0.20321736,0.0218490800000007,20.77926470249276,1.0,3676.93,92.38,3598.300756337489,531242.6932236415
16.544564299999998,17.1192307,0.6035260000000005,0.5784309999999662,4.063421000000055,0.9809790134220342,0.5754238407980111,16.75501599884504,-0.0116048799999995,-0.05881736,-0.0009509199999992,16.793570005894708,1.0,3298.63,89.93,5157.807938447172,545987.9906594018
16.656217199999997,17.2308836,0.3935260000000005,-0.1115690000000337,1.7984210000000551,0.8405441270316305,0.4111932396364109,13.179533923751652,-0.0008048799999995,-0.02681736,0.0114490800000007,13.212710121588632,1.0,2651.52,83.58,8857.108375573258,588229.2414453218
16.7662065,17.3408729,0.3035260000000006,-0.2015690000000336,0.348421000000055,0.7121660645548371,0.2647079998954553,10.112163692364376,-0.0024048799999995,-0.00761736,0.0050490800000007,10.140665923394009,1.0,1722.87,81.13,19021.342295123835,606294.8354492789
16.8770201,17.4516865,0.3135260000000004,-0.4415690000000338,-0.126578999999945,0.6168682775023723,0.0958673812003533,7.664518291063537,0.0003951200000004,-0.00121736,0.0082490800000007,7.68989971720142,1.0,288.37,70.38,163388.3552380622,700429.0991759022
16.9870888,17.5617552,0.2735260000000004,-0.3665690000000337,-0.126578999999945,0.5347898258944848,-0.014681376185985,5.802000203781147,-4.879999999594584e-06,-0.00081736,0.0086490800000007,5.8266132586060175,1.0,38.61,69.4,1285001.295001295,710461.0951008645
17.098724899999997,17.6733913,0.2735260000000004,-0.4415690000000338,-0.146578999999945,0.4723328210462431,-0.1167319463287354,4.3799493748969605,0.0003951200000004,-0.00121736,0.0082490800000007,4.406890192390942,1.0,39.59,69.4,1252945.1881788329,710461.0951008645
17.208995299999998,17.7836617,0.3035260000000006,-0.0715690000000337,1.5134210000000552,0.431978331080382,-0.1059354177693175,3.694685060192848,0.0007951200000004,-0.01641736,0.0058490800000007,3.721360676590376,1.0,814.27,71.85,51404.69377479215,685894.2240779402
17.319582599999997,17.894249,0.7135260000000005,-0.4165690000000339,4.843421000000055,0.4992843351263673,-0.180194619497635,3.969298684624974,0.0227951200000004,-0.03961736,0.0134490800000007,4.0046331911879305,1.0,2142.23,83.09,13340.16422139546,591757.1308220002
17.4295604,18.0042268,0.7435260000000006,-0.5115690000000337,8.393421000000055,0.5576720694211101,-0.2594120588762502,5.026917082252631,0.0399951200000004,-0.07121736,0.0150490800000007,5.064404022700612,1.0,2761.49,84.56,8106.167322713464,581296.1210974456
17.5395714,18.1142378,0.5035260000000004,-0.6915690000000339,11.198421000000057,0.544728060395868,-0.3627222973853895,6.502259674331815,0.0531951200000004,-0.09961736,0.0182490800000007,6.535111092953574,1.0,3081.13,87.98,6227.81252332748,558310.9797681292
17.6495559,18.2242223,0.6185260000000006,-0.8165690000000339,14.478421000000056,0.5623699909458212,-0.4712176300573121,8.409018655917011,0.0691951200000004,-0.12801736,0.0170490800000007,8.440965632980244,1.0,3280.55,89.44,5241.346725396656,549033.9892665475
17.7595662,18.3342326,1.1235260000000005,-0.5665690000000339,17.163421000000053,0.6965183884827675,-0.4940120638232947,10.501821774664403,0.0811951200000004,-0.14681736,0.0086490800000007,10.536481688472342,1.0,3415.93,91.4,4637.302286639364,537045.9518599563
17.869927399999998,18.4445938,1.1385260000000006,-0.7615690000000337,18.18842100000005,0.8021835009068689,-0.5579734821434881,12.339358844481213,0.0843951200000004,-0.15921736,0.0122490800000007,12.377988910512856,1.0,3480.94,89.93,4363.936178158774,545987.9906594018
17.989552099999997,18.5642185,1.2835260000000006,-0.8515690000000335,20.72342100000005,0.9172519023459031,-0.628159611506816,14.343629465958989,0.0959951200000004,-0.18001736,0.0162490800000007,14.38664803929715,1.0,3524.93,92.38,4184.678844686278,531242.6932236415
18.0995629,18.6742293,1.2785260000000005,-0.3215690000000337,23.31842100000005,1.0036170850935482,-0.5548669111349015,16.489118212571555,0.1083951200000004,-0.20121736,0.0114490800000007,16.52894866501566,1.0,3585.53,92.38,3944.939799694884,531242.6932236415
18.2095826,18.784249,1.1035260000000005,-0.4465690000000337,20.31342100000005,1.0275010329050411,-0.5289775131761629,17.403345419180827,0.0967951200000004,-0.18081736,0.0110490800000007,17.44167444259264,1.0,3612.9,92.86,3839.2980708018486,528444.9709239715
18.3195888,18.8942552,0.9135260000000004,-0.0415690000000337,15.613421000000054,1.0002544779778253,-0.4124589872520638,16.975451057058496,0.0683951200000004,-0.13881736,0.0054490800000007,17.009896237998284,1.0,3555.23,92.86,4063.7877155627057,528444.9709239715
18.4304193,19.0050857,0.3985260000000004,-0.6665690000000339,7.663421000000055,0.8564069386649613,-0.4732058213912702,14.749343005438826,0.0371951200000004,-0.07321736,0.0102490800000007,14.781761589407376,1.0,3356.79,88.95,4895.182600043495,552113.5469364811
18.5404124,19.1150788,0.2935260000000004,0.0934309999999662,1.5934210000000553,0.7218461842443377,-0.3377471960738957,11.604324816779874,-0.0020048799999995,-0.01681736,0.0030490800000007,11.631658933079889,1.0,2624.63,84.07,9050.304233358605,584742.4765076722
18.6512318,19.2258982,0.2735260000000004,-0.4415690000000338,-0.096578999999945,0.6146720057102542,-0.3625665482707315,8.807139236604785,0.0003951200000004,-0.00121736,0.0090490800000007,8.836004623667437,1.0,740.47,74.29,57524.68027063892,663038.0939561178
18.7612356,19.335902,0.2735260000000004,-0.3715690000000335,-0.116578999999945,0.5331185887392849,-0.3647186493868277,6.673859930677991,0.0003951200000004,-0.00121736,0.0074490800000007,6.705045972786403,1.0,39.1,70.38,1268772.378516624,700429.0991759022
18.8720446,19.446711,0.3385260000000003,-0.4315690000000336,-0.126578999999945,0.486599824740055,-0.3806997086018218,5.048165880576086,-4.879999999594584e-06,-0.00081736,0.0078490800000007,5.085832322774621,1.0,38.61,69.4,1285001.295001295,710461.0951008645
18.9820665,19.5567329,0.3385260000000003,-0.2765690000000338,1.148421000000055,0.4512017073082819,-0.3558065105108647,4.115903696635585,-0.0040048799999995,-0.01801736,0.0070490800000007,4.155820555988709,1.0,366.08,69.89,126582.16783216783,705409.9298898268
19.0921039,19.6667703,0.6835260000000005,-0.7565690000000338,3.743421000000056,0.506740507696481,-0.4516116785754531,4.026859017334873,0.0027951200000004,-0.05121736,0.0150490800000007,4.083666562766529,1.0,1920.33,80.65,16037.191524373418,609962.802231866
19.2021051,19.7767715,0.7185260000000004,-0.8515690000000335,7.478421000000056,0.5573693594875831,-0.5472243653979809,4.851979842031014,0.0055951200000004,-0.10281736,0.0162490800000007,4.914450477566757,1.0,2843.6,85.04,7583.345055563371,577958.6077140169
19.312919,19.8875854,0.8585260000000006,-0.5465690000000338,11.598421000000055,0.6293630298404037,-0.5470676955654972,6.46476533450797,0.0007951200000004,-0.16041736,0.0102490800000007,6.5183258369858414,1.0,3154.45,88.95,5850.623722043464,552113.5469364811
19.4228904,19.9975568,1.0035260000000006,0.1984309999999662,15.258421000000055,0.7188093906646857,-0.3688508471982277,8.566952243288906,-0.0128048799999995,-0.20761736,0.0050490800000007,8.60496418507244,1.0,3348.48,88.95,4932.148318042813,552113.5469364811
19.5335171,20.1081835,1.2285260000000005,0.4084309999999662,19.27342100000005,0.8406608281206398,-0.1830360068440402,11.12641093894285,-0.0116048799999995,-0.25881736,0.0070490800000007,11.159625136623768,1.0,3483.87,91.4,4351.855838478474,537045.9518599563
19.6448019,20.2194683,1.5185260000000005,0.6384309999999662,22.08342100000005,1.0027093940925018,0.0133416150998701,13.745763343213564,-0.0132048799999995,-0.30121736,-0.0033509199999992,13.782293496197523,1.0,3579.18,91.89,3969.6802060807236,534128.8497116118
19.7554265,20.3300929,1.2435260000000006,0.4234309999999663,22.81842100000005,1.0602783433000975,0.111376444886302,15.914647693415194,0.0023951200000004,-0.31081736,0.0034490800000007,15.95031680197206,1.0,3623.66,92.86,3798.204025764007,528444.9709239715
19.86574,20.4404064,1.3535260000000005,0.6884309999999663,23.95842100000005,1.1303813139411167,0.2493255047036754,17.837569807441135,-0.0044048799999995,-0.32001736,0.0026490800000007,17.875089419567626,1.0,3642.23,92.38,3727.853540276149,531242.6932236415
19.9854178,20.5600842,1.5685260000000003,0.4184309999999662,23.76342100000005,1.23512296613013,0.289751394906517,19.254187341064355,-0.0060048799999995,-0.31241736,0.0070490800000007,19.29593777915744,1.0,3654.94,94.33,3680.1151318489487,520054.0655146825
20.0957099,20.6703763,1.5835260000000009,0.1384309999999662,24.81842100000005,1.318411228104602,0.253577161424484,20.584357591090665,-0.0084048799999995,-0.33321736,0.0022490800000007,20.628094603745648,1.0,3674.0,91.89,3609.145345672291,534128.8497116118
20.2062512,20.7809176,1.8885260000000008,0.1234309999999663,25.628421000000053,1.4547012826133567,0.2224647814107503,21.790177385340805,-0.0088048799999995,-0.33001736,0.0038490800000007,21.83981403046333,1.0,3689.15,89.93,3553.257525446241,545987.9906594018
20.3162571,20.8909235,1.9435260000000003,0.4184309999999662,22.768421000000053,1.571558362384087,0.2693119215481735,22.02403358787613,-0.0136048799999995,-0.29041736,-0.0021509199999992,22.08167520994192,1.0,3696.48,92.38,3526.381855170324,531242.6932236415
20.4262512,21.0009176,1.6535260000000007,-0.7565690000000338,17.368421000000055,1.5911533182584745,0.0240676766876848,20.911075768411504,0.0051951200000004,-0.22201736,0.0094490800000007,20.971538759173416,1.0,3658.36,92.38,3667.326342951487,531242.6932236415
20.537088,21.1117544,1.0785260000000003,-1.086569000000034,10.108421000000057,1.4686060548086108,-0.2414380436814827,18.3286231118503,0.0091951200000004,-0.12841736,0.0238490800000007,18.38895106441393,1.0,3486.8,90.91,4339.795801307789,539994.5000549995
20.6479226,21.222589,1.1785260000000006,0.1084309999999662,7.478421000000056,1.399260322281228,-0.1577993214716689,15.734803919376551,-0.0056048799999995,-0.09201736,0.0110490800000007,15.797686047538583,1.0,3275.66,90.42,5264.099448660729,542975.00552975
20.7588423,21.3335087,0.5735260000000006,-0.3415690000000337,3.578421000000056,1.2018625677566246,-0.2017307906044885,12.828732769522016,-0.0080048799999995,-0.05041736,0.0102490800000007,12.886487241116582,1.0,3048.39,87.49,6402.100781068041,561493.8850154304
20.8688225,21.4434889,0.6885260000000006,0.1184309999999662,1.588421000000055,1.079145753090886,-0.125193801836361,10.141655045381553,-0.0100048799999995,-0.02041736,0.0026490800000007,10.199676274468002,1.0,2418.38,83.58,10674.997312250349,588229.2414453218
20.9796091,21.5542755,0.3335260000000004,-0.456569000000034,-0.126578999999945,0.900899965047692,-0.2044114366828103,7.686959523107906,0.0003951200000004,-0.00121736,0.0090490800000007,7.742270435238554,1.0,1167.64,75.76,32821.41756020691,649978.8806758183
21.0896254,21.6642918,0.2735260000000004,-0.3715690000000335,-0.116578999999945,0.750921686797762,-0.2443716596749535,5.8214672694346925,0.0003951200000004,-0.00121736,0.0082490800000007,5.874783575320447,1.0,46.43,70.87,1066889.941847943,695517.1440666008
21.1996216,21.774288,0.3385260000000003,-0.3815690000000338,-0.136578999999945,0.6523355188828661,-0.2771696749398379,4.39715327011963,0.0003951200000004,-0.00121736,0.0082490800000007,4.453910813973063,1.0,31.28,66.96,1588465.4731457802,736714.4563918759
21.3096334,21.8842998,0.3785260000000003,-0.3815690000000338,-0.116578999999945,0.5868793755005499,-0.3021270877355581,3.318112965502875,0.0007951200000004,-0.00121736,0.0090490800000007,3.383131955802163,1.0,38.61,70.38,1285001.295001295,700429.0991759022
21.420426,21.9950924,0.2935260000000004,-0.4765690000000335,-0.126578999999945,0.5167511320165649,-0.3438286869628428,2.494634468035726,0.0003951200000004,-0.00121736,0.0090490800000007,2.5706907685544143,1.0,38.12,67.94,1301647.429171039,725943.4795407713
21.5304657,22.1051321,0.2935260000000004,-0.3815690000000338,-0.126578999999945,0.4633875517165555,-0.3528507814157119,1.868014453876175,0.0007951200000004,-0.00081736,0.0090490800000007,1.9567088942716664,1.0,37.63,68.43,1318727.0794578793,720673.6811340054
21.6408417,22.2155081,0.3435260000000006,-0.6515690000000338,2.003421000000055,0.434733781945527,-0.4242615293924106,1.9003843668512623,0.0071951200000004,-0.00521736,0.0110490800000007,1.9951070267681683,1.0,2039.1,79.67,14520.621842969938,617588.8038157399
21.7519235,22.3265899,0.3885260000000006,-0.2515690000000339,6.833421000000056,0.4236874778844213,-0.3829781327775618,3.0796624083416297,0.0127951200000004,-0.01321736,0.0074490800000007,3.132172389644992,1.0,2970.19,89.44,6833.93991630165,549033.9892665475
21.8712634,22.4459298,0.5785260000000005,-0.1965690000000337,12.333421000000056,0.4607027450893539,-0.3384156830400898,5.291840245227045,0.0363951200000004,-0.01801736,0.0106490800000007,5.322625796997662,1.0,3250.73,87.98,5381.160539325014,558310.9797681292
21.9812676,22.555934,0.6285260000000006,-0.2965690000000338,14.808421000000056,0.5008221064656019,-0.3284119311752175,7.566847618729989,0.0387951200000004,-0.02761736,0.0098490800000007,7.590511185944105,1.0,3392.96,90.42,4736.395359803829,542975.00552975
22.092148,22.6668144,0.7685260000000005,-0.7615690000000337,17.283421000000054,0.5648186560037065,-0.4319612574358218,9.889664674265928,0.0547951200000004,-0.02681736,0.0106490800000007,9.915194300240351,1.0,3467.74,89.93,4418.612698760578,545987.9906594018
22.2021106,22.776777,0.8935260000000005,-0.4115690000000336,18.84842100000005,0.643398521039904,-0.4270863409900679,12.03132008850062,0.0351951200000004,-0.02481736,0.0126490800000007,12.056078444979327,1.0,3522.97,92.86,4192.570473208685,528444.9709239715
22.3129711,22.8876375,0.8735260000000005,-0.2765690000000338,19.128421000000053,0.6984121572366317,-0.3911040833477271,13.72793332808856,0.0291951200000004,-0.02281736,0.0118490800000007,13.751250685149763,1.0,3554.74,93.35,4065.7263259760225,525618.6395286557
22.4238381,22.9985045,1.1685260000000006,-0.2965690000000338,17.203421000000052,0.8107962672685943,-0.3685047887888225,14.558773761628895,0.0363951200000004,-0.01641736,0.0094490800000007,14.58598916113237,1.0,3562.07,92.86,4036.7819835095875,528444.9709239715
22.5338733,23.1085397,0.8785260000000006,-0.3715690000000335,12.583421000000056,0.8269875491312583,-0.3692373106135314,14.0865514147822,0.0279951200000004,-0.01841736,0.0070490800000007,14.115635846793074,1.0,3517.11,92.38,4216.217292038064,531242.6932236415
22.6446132,23.2192796,0.4585260000000004,-0.8015690000000337,6.003421000000055,0.7389041541886465,-0.472589323957187,12.15422069974127,0.0231951200000004,-0.01281736,0.0098490800000007,12.1858278683155,1.0,3349.46,89.93,4927.77940324709,545987.9906594018
22.7546597,23.3293261,0.0985260000000005,-0.5065690000000338,1.503421000000055,0.5858171305873715,-0.4807124109711805,9.608070094287584,0.0019951200000004,-0.00801736,0.0090490800000007,9.637908334763036,1.0,3056.7,88.47,6357.509732718292,555163.3322030066
22.8646301,23.4392965,0.3185260000000003,-0.3715690000000335,-0.126578999999945,0.5219192550133926,-0.4546208901690178,7.280931908982906,0.0003951200000004,-0.00121736,0.0082490800000007,7.31375753807694,1.0,1849.46,80.65,17034.918300476893,609962.802231866
22.9754687,23.5501351,0.2685260000000005,-0.4165690000000339,-0.136578999999945,0.461343766988216,-0.4455243109520816,5.507722344979473,-4.879999999594584e-06,-0.00161736,0.0090490800000007,5.544937818621087,1.0,38.12,68.91,1301647.429171039,715584.0951966333
23.0854989,23.6601653,0.2735260000000004,-0.3465690000000336,-0.086578999999945,0.416444573067254,-0.4218683290543527,4.170364197407154,0.0003951200000004,-0.00121736,0.0082490800000007,4.212284001407276,1.0,36.17,69.4,1372361.0727121923,710461.0951008645
23.1979792,23.7726456,0.3785260000000003,-0.3565690000000339,-0.106578999999945,0.4073798642665173,-0.4062580527469864,3.147930031094393,0.0003951200000004,-0.00081736,0.0086490800000007,3.200073036650496,1.0,35.68,67.94,1391345.2914798206,725943.4795407713
23.3079869,23.8826533,0.1935260000000003,-0.3615690000000338,0.278421000000055,0.3562565532165467,-0.3955748118715083,2.4619531689951843,-0.0016048799999995,-0.00761736,0.0078490800000007,2.518851240113704,1.0,41.06,68.91,1207730.1509985386,715584.0951966333
23.4180609,23.9927273,0.4935260000000006,-0.2465690000000335,2.738421000000056,0.3890718060511743,-0.359953896183657,2.5280448010928778,-0.0008048799999995,-0.03921736,0.0098490800000007,2.5830126197861376,1.0,858.75,73.31,48224.163027656476,672035.1930159596
23.5288635,24.1035299,0.7785260000000005,-0.5215690000000339,7.858421000000055,0.4821736443801192,-0.3985891541955532,3.802309736004121,0.0087951200000004,-0.10161736,0.0114490800000007,3.853430168783244,1.0,2700.39,86.02,8515.844007717404,571260.172053011
23.6388313,24.2134977,0.9735260000000006,-0.9115690000000336,11.663421000000056,0.5996349743291796,-0.5212206919018112,5.681565169269697,0.0195951200000004,-0.14201736,0.0226490800000007,5.736847207723416,1.0,3170.09,88.95,5772.422864965978,552113.5469364811
23.7504777,24.3251441,0.6385260000000006,-0.4365690000000339,15.243421000000057,0.608932154949418,-0.5009840934618249,7.967395876729767,0.0075951200000004,-0.19801736,0.0166490800000007,8.006321283071495,1.0,3377.81,90.42,4802.490370980015,542975.00552975
23.860544,24.4352104,0.3585260000000003,-0.7615690000000337,18.463421000000054,0.5490707547721824,-0.5632787977336998,10.476546501646792,0.0091951200000004,-0.26121736,0.0102490800000007,10.506035803236635,1.0,3508.8,91.89,4249.886000911991,534128.8497116118
23.9705237,24.5451901,0.6685260000000006,-0.2165690000000337,19.838421000000054,0.5776273940420785,-0.4803953160888663,12.714570227014828,-0.0004048799999995,-0.27441736,0.0030490800000007,12.73674719556606,1.0,3582.6,91.4,3956.3445542343543,537045.9518599563
24.0813606,24.656027,0.8885260000000006,-0.0065690000000337,20.713421000000054,0.6519499516068128,-0.3671237124909896,14.626753284880884,0.0115951200000004,-0.27081736,0.0098490800000007,14.645877584373256,1.0,3612.41,91.89,3841.1752818755353,534128.8497116118
24.1921697,24.7668361,0.9185260000000006,-0.0715690000000337,22.338421000000054,0.7156768816167968,-0.2964692234978465,16.470283158265453,0.0143951200000004,-0.29201736,0.0094490800000007,16.48849037094678,1.0,3626.1,91.89,3788.9192245111826,534128.8497116118
24.3113423,24.8860087,0.9385260000000006,-0.0615690000000337,22.23842100000005,0.7689505731415751,-0.2403146282429292,17.84919817611427,0.0243951200000004,-0.29001736,0.0082490800000007,17.867370025683226,1.0,3639.78,92.38,3737.094000186825,531242.6932236415
24.422153,24.9968194,1.0685260000000003,0.5534309999999663,10.508421000000055,0.840566242948337,-0.0505640021020611,16.0943323652477,-0.0048048799999995,-0.13521736,0.0014490800000007,16.1163470616065,1.0,3578.2,92.38,3973.506232183781,531242.6932236415
24.5323698,25.1070362,0.2485260000000004,-0.3115690000000339,-0.0565789999999449,0.6990347462033104,-0.112959132248064,12.233340335489286,-0.0004048799999995,-0.00321736,0.0046490800000007,12.253816756662673,1.0,2771.75,84.56,8039.14494452963,581296.1210974456
24.6438223,25.2184887,0.2785260000000007,-0.3165690000000338,-0.261578999999945,0.5985090928319357,-0.1616335419325893,9.246339609907723,-0.0056048799999995,-0.00641736,0.0098490800000007,9.267099584974185,1.0,397.85,71.36,115675.50584391101,690672.6457399103
24.7538453,25.3285117,0.3835260000000007,-0.3815690000000338,-0.126578999999945,0.5471158315362944,-0.2142107019117375,7.005675709894246,0.0003951200000004,-0.00121736,0.0090490800000007,7.030271268602188,1.0,224.83,70.87,212390.25041142196,695517.1440666008
24.8638335,25.4384999,0.3385260000000003,-0.4065690000000337,-0.136578999999945,0.4972509255358067,-0.2601953425912027,5.298268128626579,0.0003951200000004,-0.00081736,0.0086490800000007,5.327908150679079,1.0,101.66,70.38,481835.5301987016,700429.0991759022
24.9738493,25.5485157,0.2935260000000004,-0.456569000000034,-0.136578999999945,0.4485490104569226,-0.3071398839216344,3.999028663308601,0.0003951200000004,-0.00081736,0.0082490800000007,4.0358098782079725,1.0,39.59,69.89,1252945.1881788329,705409.9298898268
25.0838166,25.658483,0.3835260000000007,-0.4315690000000336,-0.136578999999945,0.4330047901062821,-0.3368855629476686,3.010381777374973,0.0003951200000004,-0.00081736,0.0094490800000007,3.059964620110641,1.0,39.59,69.4,1252945.1881788329,710461.0951008645
25.1938842,25.7685506,0.2735260000000004,-0.3715690000000335,-0.106578999999945,0.3948802333186827,-0.345176889114683,2.265249787832313,0.0003951200000004,-0.00121736,0.0074490800000007,2.325173990203539,1.0,38.12,69.4,1301647.429171039,710461.0951008645
25.3038825,25.8785489,0.3185260000000003,-0.4415690000000338,-0.106578999999945,0.3766272022905957,-0.3682201195209085,1.6982469829332292,-4.879999999594584e-06,-0.00081736,0.0074490800000007,1.7780542514127766,1.0,65.0,69.4,759230.7692307692,710461.0951008645
25.4147085,25.9893749,0.3585260000000003,-0.4415690000000338,-0.126578999999945,0.3722999791269906,-0.3857546992432004,1.2620091498805792,0.0003951200000004,-0.00121736,0.0082490800000007,1.3711604781456006,1.0,225.32,69.89,211906.62169359133,705409.9298898268
25.5246742,26.0993406,0.3785260000000003,-0.3815690000000338,-0.116578999999945,0.3737883543910345,-0.3847540776032596,0.9324476942675456,0.0003951200000004,-0.00121736,0.0090490800000007,1.075737949807273,1.0,157.38,69.89,307702.3764137756,705409.9298898268
25.6347082,26.2093746,0.2485260000000004,-0.3565690000000339,-0.106578999999945,0.3438434837273758,-0.3780162312041806,0.6840608574785679,0.0003951200000004,-0.00161736,0.0086490800000007,0.8538523696107567,1.0,38.12,68.91,1301647.429171039,715584.0951966333
25.744687,26.3193534,0.2735260000000004,-0.3465690000000336,-0.116578999999945,0.3270335812962197,-0.3704985434222738,0.4926621160376975,0.0003951200000004,-0.00121736,0.0098490800000007,0.6978080642642355,1.0,34.21,68.43,1451560.9470914935,720673.6811340054
25.8547041,26.4293705,0.3635260000000007,-0.3215690000000337,-0.126578999999945,0.3357573575943843,-0.3588015826192145,0.3446280540921546,-4.879999999594584e-06,-0.00081736,0.0086490800000007,0.6002000287705436,1.0,39.59,69.89,1252945.1881788329,705409.9298898268
25.9647006,26.539367,0.3185260000000003,-0.3665690000000337,-0.116578999999945,0.3316380770888279,-0.3606584398528985,0.2343731762312328,0.0003951200000004,-0.00081736,0.0074490800000007,0.5431289995470862,1.0,37.63,68.43,1318727.0794578793,720673.6811340054
26.0755127,26.6501791,0.3135260000000004,-0.4665690000000337,-0.116578999999945,0.32730825422615,-0.3859771243127254,0.1504755233612784,0.0003951200000004,-0.00121736,0.0094490800000007,0.5279696174100759,1.0,46.43,67.94,1066889.941847943,725943.4795407713
26.1863625,26.7610289,0.3385260000000003,-0.331569000000034,-0.086578999999945,0.3299899373860172,-0.3729704691726682,0.0938059271621893,-4.879999999594584e-06,-0.00121736,0.0082490800000007,0.5067542615722791,1.0,33.24,66.96,1494211.7930204573,736714.4563918759
26.2963877,26.8710541,0.2485260000000004,-0.331569000000034,-0.106578999999945,0.3105153946901211,-0.3630731488988548,0.0459024628213795,0.0007951200000004,-0.00121736,0.0082490800000007,0.479946828184081,1.0,66.96,70.38,736714.4563918759,700429.0991759022
26.4072739,26.9819403,0.3635260000000007,-0.3465690000000336,-0.116578999999945,0.3231879628174229,-0.3591277128850452,0.0070600954311103,-4.879999999594584e-06,-0.00121736,0.0074490800000007,0.4831904577075335,1.0,161.29,70.38,300000.62000124,700429.0991759022
26.5172208,27.0918872,0.2935260000000004,-0.3565690000000339,-0.086578999999945,0.3160970563394464,-0.3585160340867375,-0.0153250067440539,-4.879999999594584e-06,-0.00161736,0.0086490800000007,0.4782111997386208,1.0,222.87,72.34,214346.03131870597,681180.5363560962
26.6275711,27.2022375,0.3385260000000003,-0.4315690000000336,-0.136578999999945,0.321458857339459,-0.3759798732944963,-0.0443116497235164,-4.879999999594584e-06,-0.00121736,0.0078490800000007,0.4966489548823754,1.0,148.58,68.43,326519.0469780589,720673.6811340054
26.7389073,27.3135737,0.3385260000000003,-0.3815690000000338,-0.116578999999945,0.3255388810788555,-0.3773159944071305,-0.0615876818383005,0.0003951200000004,-0.00121736,0.0082490800000007,0.5021314223226134,1.0,38.12,70.87,1301647.429171039,695517.1440666008
26.8500501,27.4247165,0.3585260000000003,-0.3965690000000339,-0.106578999999945,0.33342469014306,-0.381918564470331,-0.0723431814446084,-4.879999999594584e-06,-0.00161736,0.0070490800000007,0.5121204446081034,1.0,38.61,68.91,1285001.295001295,715584.0951966333
26.9608744,27.5355408,0.4035260000000007,-0.3465690000000336,-0.126578999999945,0.3501829146489328,-0.3734679957322147,-0.0853086456487002,0.0003951200000004,-0.00121736,0.0090490800000007,0.5190221407326231,1.0,39.59,69.4,1252945.1881788329,710461.0951008645
27.0716991,27.6463655,0.3385260000000003,-0.4065690000000337,-0.106578999999945,0.3473962449970922,-0.381381029911205,-0.0903934775051243,0.0003951200000004,-0.00121736,0.0082490800000007,0.5237428966484229,1.0,40.08,69.4,1237504.99001996,710461.0951008645
27.1830633,27.7577297,0.2935260000000004,-0.3565690000000339,-0.086578999999945,0.3345181737928598,-0.3754495349284951,-0.0894815991032107,-4.879999999594584e-06,-0.00121736,0.0094490800000007,0.5107560263509389,1.0,53.27,69.4,928614.6048432514,710461.0951008645
27.2939045,27.8685709,0.2535260000000003,-0.3815690000000338,-0.126578999999945,0.3151564095917445,-0.3769124372584797,-0.0983500007647567,0.0003951200000004,-0.00121736,0.0098490800000007,0.5010581508341267,1.0,174.49,69.4,276549.3724568743,710461.0951008645
27.4039148,27.9785812,0.3785260000000003,-0.3565690000000339,-0.096578999999945,0.3303053679360886,-0.3720491916287774,-0.0979266302389084,0.0003951200000004,-0.00121736,0.0086490800000007,0.5070619902822233,1.0,52.3,69.89,946022.9445506693,705409.9298898268
27.5230598,28.0977262,0.2935260000000004,-0.331569000000034,-0.116578999999945,0.3215129943511314,-0.3623721094067814,-0.1023856139677417,0.0003951200000004,-0.00121736,0.0090490800000007,0.4951433783866067,1.0,37.63,69.89,1318727.0794578793,705409.9298898268
27.6256029,28.2002693,0.3185260000000003,-0.3915690000000336,-0.126578999999945,0.3207989317746092,-0.3693518370100693,-0.1081692176623418,0.0003951200000004,-0.00081736,0.0086490800000007,0.5010322482436896,1.0,35.68,69.89,1391345.2914798206,705409.9298898268
27.7355532,28.3102196,0.3385260000000003,-0.4065690000000337,-0.116578999999945,0.3250367154873285,-0.3782488686651166,-0.1101796368791395,0.0003951200000004,-0.00121736,0.0082490800000007,0.5107451668337648,1.0,41.54,69.4,1193659.123736158,710461.0951008645
27.8455545,28.4202209,0.3985260000000004,-0.3965690000000339,-0.126578999999945,0.3426048598080637,-0.3826284283982251,-0.1141000230957827,0.0003951200000004,-0.00121736,0.0086490800000007,0.5261192065046256,1.0,39.1,69.4,1268772.378516624,710461.0951008645
27.9558981,28.5305645,0.2535260000000003,-0.4065690000000337,-0.096578999999945,0.3213099148999424,-0.3883515949770064,-0.109911495959673,0.0003951200000004,-0.00081736,0.0094490800000007,0.5158852194803474,1.0,37.63,69.4,1318727.0794578793,710461.0951008645
28.0667109,28.6413773,0.4185260000000004,-0.0615690000000337,0.9284210000000552,0.3445501222942626,-0.3102318550975153,0.1383093877092157,-0.0012048799999995,-0.01521736,0.0042490800000007,0.4838264951599232,1.0,61.58,68.43,801951.9324455993,720673.6811340054
28.1775943,28.7522607,0.5785260000000005,0.0934309999999662,4.978421000000055,0.4004837460104702,-0.2137333336831477,1.2953730317093155,0.0127951200000004,-0.06161736,0.0130490800000007,1.3726108188505854,1.0,2185.24,83.09,12880.781973604733,591757.1308220002
28.2884597,28.8631261,0.3335260000000004,0.0684309999999661,9.393421000000057,0.3844770131499777,-0.1462799114709027,3.2312698956750747,0.0203951200000004,-0.12361736,0.0054490800000007,3.2573494631120976,1.0,3027.86,88.47,6513.3130329671785,555163.3322030066
28.4081843,28.9828507,0.6135260000000007,0.0384309999999663,12.638421000000056,0.4392328280171852,-0.1021234338040771,5.480117320761225,0.0135951200000004,-0.16441736,0.0162490800000007,5.498639879301707,1.0,3276.15,90.42,5261.816461395235,542975.00552975
28.5189114,29.0935778,0.7835260000000006,0.4084309999999662,18.70342100000005,0.5215385978195143,0.0199282916432443,8.641243585281057,0.0363951200000004,-0.22961736,0.0130490800000007,8.65699083665822,1.0,3471.65,92.38,4402.373511154638,531242.6932236415
28.6297413,29.2044077,0.5985260000000006,1.048430999999966,23.123421000000054,0.5399429924377808,0.2657992935790756,12.103312709881196,0.0507951200000004,-0.27721736,0.0074490800000007,12.118265810450003,1.0,3592.86,92.38,3916.489927244591,531242.6932236415
28.7397446,29.314411,0.4085260000000006,2.0434309999999662,24.698421000000053,0.5085268110903383,0.6907549939183838,15.11426432879297,0.0503951200000004,-0.29441736,-0.0013509199999992,15.138584087682856,1.0,3659.82,92.86,3661.8740812389674,528444.9709239715
28.8497607,29.4244271,0.3885260000000006,1.8084309999999664,25.843421000000053,0.4798397503600514,0.9579435168285296,17.679146734295827,0.0695951200000004,-0.30721736,-0.0029509199999992,17.711581838453114,1.0,3687.19,92.38,3560.462032062357,531242.6932236415
28.9605954,29.5352618,0.5835260000000004,0.9884309999999664,23.10342100000005,0.5046266973255824,0.965231769910371,18.975858680357984,0.0671951200000004,-0.28561736,-0.0029509199999992,19.00709165364905,1.0,3699.41,93.84,3515.6687147410003,522821.8243819266
29.0722403,29.6469067,1.2635260000000006,0.6734309999999664,18.27342100000005,0.6860470576230162,0.8954746880081283,18.80793587873208,0.0507951200000004,-0.21281736,0.0078490800000007,18.841735257152777,1.0,3661.29,92.86,3656.3888684043054,528444.9709239715
29.1830946,29.757761,0.9335260000000004,0.0334309999999662,8.873421000000056,0.7452086864897676,0.6893969173217788,16.43301833390333,0.0131951200000004,-0.11241736,0.0090490800000007,16.464346195899658,1.0,3536.66,93.35,4137.6326816827195,525618.6395286557
29.2931031,29.8677695,0.1885260000000004,-0.2515690000000339,2.113421000000056,0.6121296690253847,0.4644522176145417,13.0098151520374,0.0011951200000004,-0.03641736,0.0030490800000007,13.032486673092365,1.0,2894.92,85.53,7271.6344493112065,574590.20226821
29.4031308,29.9777972,0.2485260000000004,-0.5965690000000337,0.4684210000000549,0.5252075854135168,0.2108074311395694,10.01170428584403,0.0055951200000004,-0.01041736,0.0110490800000007,10.027686946050284,1.0,1904.2,80.16,16257.746035080349,613752.49500998
29.5139477,30.0886141,0.2935260000000004,-0.4815690000000339,-0.116578999999945,0.469822428842839,0.045289843817859,7.59046500358763,0.0003951200000004,-0.00121736,0.0082490800000007,7.605126116987501,1.0,520.04,71.85,86146.45027305592,685894.2240779402
29.6239412,30.1986076,0.2935260000000004,-0.331569000000034,-0.146578999999945,0.4276774940311907,-0.0448009850783804,5.74086874513626,0.0003951200000004,-0.00121736,0.0082490800000007,5.756951373430835,1.0,43.01,69.4,1152520.344106022,710461.0951008645
29.7348082,30.3094746,0.3785260000000003,-0.4315690000000336,-0.126578999999945,0.415927474331777,-0.137260672906968,4.338212977503206,0.0003951200000004,-0.00121736,0.0086490800000007,4.360266963662674,1.0,49.85,68.91,993009.0270812437,715584.0951966333
29.8451572,30.4198236,0.2735260000000004,-0.4415690000000338,-0.086578999999945,0.3818853732399538,-0.2100077767034495,3.280434492306456,0.0003951200000004,-0.00121736,0.0090490800000007,3.30925824965119,1.0,48.39,69.89,1023271.3370531101,705409.9298898268
29.9556136,30.53028,0.2535260000000003,-0.4065690000000337,-0.126578999999945,0.3512001378488024,-0.2569971570142514,2.4659633060315325,0.0003951200000004,-0.00121736,0.0090490800000007,2.504069508266971,1.0,48.39,68.91,1023271.3370531101,715584.0951966333
30.0664719,30.6411383,0.3785260000000003,-0.3565690000000339,-0.016578999999945,0.3577325825874362,-0.2808005253482319,1.872493634855572,0.0003951200000004,-0.00201736,0.0086490800000007,1.9269286308151508,1.0,57.67,69.89,857001.9074041963,705409.9298898268
30.1764597,30.7511261,0.4835260000000003,-0.1165690000000336,1.2584210000000549,0.3878044077025842,-0.2415397928691433,1.725695135671712,0.0007951200000004,-0.01881736,0.0074490800000007,1.78514913423328,1.0,790.32,72.83,53265.51270371494,676530.275985171
30.2872977,30.8619641,0.7035260000000005,-0.0415690000000337,3.708421000000056,0.4632799349911501,-0.1937353303226259,2.199680075979148,0.0123951200000004,-0.05121736,0.0106490800000007,2.2562699557101427,1.0,2036.17,82.6,14555.90643217413,595326.8765133172
30.3976003,30.9722667,0.8635260000000005,-0.2965690000000338,5.188421000000055,0.558961648053269,-0.2183184618894057,2.914160183367229,0.0251951200000004,-0.07001736,0.0166490800000007,2.975303454963729,1.0,2636.85,84.56,8962.01907579119,581296.1210974456
30.5089446,31.083611,1.0485260000000003,-0.1015690000000337,7.053421000000055,0.6759955428084204,-0.1904086596720905,3.903680381991984,0.0323951200000004,-0.09441736,0.0146490800000007,3.966351718686083,1.0,2900.78,87.0,7236.7432207888905,564712.6436781608
30.6192903,31.1939567,0.9785260000000005,0.0484309999999663,9.158421000000056,0.7483176339623118,-0.1333123137427669,5.159864084927305,0.0375951200000004,-0.12641736,0.0130490800000007,5.215548756287981,1.0,3072.82,87.98,6271.698309695978,558310.9797681292
30.738984,31.3136504,1.2535260000000006,0.0384309999999663,12.118421000000057,0.8690913432921739,-0.0922558339857297,6.823357381381552,0.0547951200000004,-0.16081736,0.0182490800000007,6.879101457017763,1.0,3208.21,88.95,5585.01469666886,552113.5469364811
30.8489544,31.4236208,1.2985260000000003,-0.2665690000000336,13.293421000000055,0.971750800046956,-0.1339266554918982,8.370072826633013,0.0635951200000004,-0.18041736,0.0142490800000007,8.427357538966975,1.0,3338.22,90.42,4978.042190149241,542975.00552975
30.9589563,31.5336227,1.0335260000000006,-0.4665690000000337,13.313421000000057,0.9865186078357258,-0.2134472108253631,9.551815916299104,0.0651951200000004,-0.18441736,0.0154490800000007,9.60499692734361,1.0,3378.79,89.44,4798.196987679022,549033.9892665475
31.0689498,31.6436162,1.4935260000000006,-0.2765690000000338,13.533421000000056,1.1077223873566129,-0.2285369304947991,10.503647373122856,0.0679951200000004,-0.18041736,0.0158490800000007,10.564368705936086,1.0,3395.41,90.42,4725.762131819133,542975.00552975
31.1798642,31.7545306,1.5885260000000003,0.0184309999999663,13.938421000000057,1.2226619640971297,-0.169497462709843,11.324754820095333,0.0687951200000004,-0.18321736,0.0122490800000007,11.391826166317118,1.0,3410.56,88.95,4660.349033589792,552113.5469364811
31.2898708,31.8645372,1.4485260000000006,-0.0365690000000338,13.443421000000056,1.2766563934335748,-0.1377199534755991,11.831237274821218,0.0675951200000004,-0.17681736,0.0150490800000007,11.900714003184817,1.0,3430.6,92.38,4574.70996327173,531242.6932236415
31.3998558,31.9745222,1.5385260000000005,0.1034309999999663,12.593421000000056,1.3392582145273677,-0.0800710760666602,12.013442800043723,0.0611951200000004,-0.16321736,0.0138490800000007,12.088127723197,1.0,3421.8,89.93,4612.192413349699,545987.9906594018
31.510605,32.0852714,1.3885260000000006,-0.2065690000000335,9.833421000000056,1.3510360345359025,-0.1103113185546885,11.492292841114509,0.0487951200000004,-0.12961736,0.0130490800000007,11.571960149410623,1.0,3382.21,91.4,4783.233447952671,537045.9518599563
31.6206246,32.195291,1.1035260000000005,0.0784309999999661,5.863421000000055,1.2918669728639638,-0.0651911039031686,10.146670366717304,0.0195951200000004,-0.07681736,0.0070490800000007,10.228787302824507,1.0,3212.12,88.47,5566.043609827778,555163.3322030066
31.7306194,32.3052858,0.9085260000000006,-0.2915690000000339,3.5434210000000554,1.2002265441948845,-0.1193083752309141,8.568115906300843,0.0139951200000004,-0.04601736,0.0126490800000007,8.652594317867662,1.0,2923.75,88.47,7101.325352714835,555163.3322030066
31.8406568,32.4153232,0.4585260000000004,-0.4715690000000336,1.4734210000000552,1.022917671349119,-0.2035188221755862,6.8720778396356845,0.0051951200000004,-0.02441736,0.0090490800000007,6.950772209427518,1.0,2491.69,83.58,10066.701716505664,588229.2414453218
31.9515148,32.5261812,0.3185260000000003,-0.3215690000000337,-0.096578999999945,0.8545277540619063,-0.2317395699330467,5.206170083256758,0.0003951200000004,-0.00081736,0.0078490800000007,5.280921117242002,1.0,978.01,73.8,41124.22163372563,667506.7750677507
32.061521,32.6361874,0.3385260000000003,-0.3565690000000339,-0.106578999999945,0.7311738073576218,-0.2615809469097652,3.9361190376731816,-4.879999999594584e-06,-0.00081736,0.0102490800000007,4.011991127493343,1.0,37.63,67.94,1318727.0794578793,725943.4795407713
32.1718236,32.74649,0.3585260000000003,-0.3915690000000336,-0.106578999999945,0.6420896571460982,-0.2926555299840835,2.9696828688906662,0.0003951200000004,-0.00081736,0.0094490800000007,3.052366742189896,1.0,36.17,68.43,1372361.0727121923,720673.6811340054
32.282484600000004,32.857151,0.3385260000000003,-0.4065690000000337,-0.106578999999945,0.5695205720796452,-0.3198873678579559,2.2342802474142496,0.0003951200000004,-0.00081736,0.0090490800000007,2.327807946142142,1.0,40.08,68.91,1237504.99001996,715584.0951966333
32.393140100000004,32.9678065,0.2735260000000004,-0.3915690000000336,-0.086578999999945,0.4987609314744516,-0.3370233798217237,1.6794620793362207,0.0003951200000004,-0.00121736,0.0078490800000007,1.7840796230101568,1.0,39.1,69.4,1268772.378516624,710461.0951008645
32.5039934,33.0786598,0.3485260000000005,-0.1465690000000337,1.068421000000055,0.4628461858668273,-0.291493884557055,1.533388295398039,0.0027951200000004,-0.01721736,0.0054490800000007,1.6280279300335525,1.0,342.62,71.36,135934.2712042496,690672.6457399103
32.614360000000005,33.1890264,0.4335260000000005,-0.1465690000000337,3.363421000000056,0.4558369836377544,-0.256848544022754,1.9708708328769555,0.0183951200000004,-0.04561736,0.0098490800000007,2.0391396151572554,1.0,1916.42,81.13,16090.314231744607,606294.8354492789
32.725282,33.2999484,0.8585260000000006,-0.3665690000000337,5.923421000000055,0.552102701867832,-0.2830780116019812,2.9157565020113654,0.0383951200000004,-0.07601736,0.0150490800000007,2.981037828187332,1.0,2665.2,83.58,8760.31817499625,588229.2414453218
32.8448639,33.4195303,0.8735260000000005,-0.4215690000000338,8.973421000000055,0.6289412631230986,-0.3161852827835197,4.363884958465575,0.0611951200000004,-0.11321736,0.0170490800000007,4.420297747463384,1.0,2973.12,87.49,6817.350123775698,561493.8850154304
32.955654800000005,33.5303212,0.7885260000000005,-0.811569000000034,10.668421000000055,0.667091147251533,-0.4346103388432418,5.871029840708326,0.0795951200000004,-0.13641736,0.0214490800000007,5.924769036499097,1.0,3170.09,88.95,5772.422864965978,552113.5469364811
33.0656838,33.6403502,0.8135260000000006,-0.7915690000000339,11.313421000000057,0.7020974565894216,-0.519943885323173,7.172072761051961,0.0851951200000004,-0.14041736,0.0274490800000007,7.225088938709183,1.0,3261.0,89.93,5332.720024532351,545987.9906594018
33.175667100000005,33.7503335,0.8685260000000006,-0.8015690000000337,12.048421000000056,0.7418834021067255,-0.587268403336865,8.337799032413761,0.0907951200000004,-0.14641736,0.0274490800000007,8.391315025953865,1.0,3295.7,89.93,5171.283794034651,545987.9906594018
33.285651300000005,33.8603177,1.1585260000000006,-0.7865690000000336,12.158421000000056,0.8414848247970362,-0.6349126506391156,9.251146312450944,0.0915951200000004,-0.14441736,0.0254490800000007,9.311010626064176,1.0,3331.87,90.42,5006.587892084626,542975.00552975
33.3956636,33.97033,1.4035260000000005,-0.7465690000000336,12.078421000000056,0.9758448276959452,-0.6616049075158417,9.927026749641213,0.0935951200000004,-0.14001736,0.0254490800000007,9.996792198974736,1.0,3349.95,90.91,4925.595904416485,539994.5000549995
33.5064906,34.081157,1.2185260000000004,-0.5865690000000339,11.533421000000056,1.0338595149695398,-0.6436670317940042,10.31104689915617,0.0879951200000004,-0.13401736,0.0266490800000007,10.38271934038042,1.0,3358.75,89.44,4886.4905098623,549033.9892665475
33.616506300000005,34.1911727,1.1985260000000006,-0.5015690000000339,11.353421000000056,1.073224227702653,-0.6096974708327944,10.560233957667595,0.0859951200000004,-0.13161736,0.0262490800000007,10.63212502228711,1.0,3348.97,88.47,4929.963541029035,555163.3322030066
33.7273376,34.302004,1.2635260000000006,-0.5315690000000337,11.958421000000056,1.11871724103625,-0.5910202955105659,10.894480670096032,0.0915951200000004,-0.13961736,0.0266490800000007,10.967704514901614,1.0,3358.75,90.42,4886.4905098623,542975.00552975
33.837327800000004,34.4119942,1.4035260000000005,-0.5265690000000338,12.268421000000057,1.18680283221413,-0.575612747747706,11.22293103076964,0.0927951200000004,-0.14201736,0.0250490800000007,11.300177517160217,1.0,3368.52,89.44,4843.3139776519065,549033.9892665475
33.948986500000004,34.5236529,1.3685260000000006,-0.3515690000000335,12.088421000000055,1.2302450681707595,-0.522053471443814,11.429832659876764,0.0891951200000004,-0.13881736,0.0242490800000007,11.507698179374994,1.0,3385.63,91.4,4768.3001391173875,537045.9518599563
34.0598533,34.6345197,0.9935260000000006,-0.4215690000000338,9.103421000000056,1.1736556649581489,-0.4980319326844764,10.873687147491104,0.0695951200000004,-0.10601736,0.0242490800000007,10.94817681659257,1.0,3350.44,89.93,4923.413044256872,545987.9906594018
34.170692100000004,34.7453585,0.6535260000000005,-0.5565690000000336,7.538421000000055,1.0493149113356963,-0.5120256414752455,10.076367682269176,0.0571951200000004,-0.09281736,0.0222490800000007,10.143787148247853,1.0,3219.45,87.98,5530.60305331656,558310.9797681292
34.280714700000004,34.8553811,0.4485260000000006,-0.6965690000000337,5.313421000000055,0.9056919822156968,-0.5561420643999733,8.93775087220018,0.0395951200000004,-0.06841736,0.0190490800000007,9.000720116521785,1.0,3105.57,88.47,6100.104006671882,555163.3322030066
34.3906653,34.9653317,0.6835260000000005,0.0184309999999663,1.8484210000000552,0.852581599326471,-0.4187862228630385,7.242995355691702,0.0051951200000004,-0.02361736,0.0018490800000007,7.30501601685729,1.0,2765.4,85.53,8080.567006581325,574590.20226821
34.501178100000004,35.0758445,0.4635260000000003,-0.5065690000000338,0.0034210000000549,0.7595750479212926,-0.4397713298462444,5.51232281009692,0.0007951200000004,-0.00161736,0.0102490800000007,5.581760997991062,1.0,828.45,72.83,50353.6725209729,676530.275985171
34.6206973,35.1953637,0.3135260000000004,-0.3965690000000339,-0.106578999999945,0.6529438009310377,-0.4294435008196962,4.169083743634093,0.0003951200000004,-0.00121736,0.0078490800000007,4.241699728764945,1.0,35.19,67.94,1410858.1983518044,725943.4795407713
34.723219300000004,35.2978857,0.4035260000000007,-0.3915690000000336,-0.096578999999945,0.5933186739213806,-0.4203893278081069,3.149346251281389,-4.879999999594584e-06,-0.00081736,0.0086490800000007,3.232202971073894,1.0,40.57,68.43,1222437.7618930244,720673.6811340054
34.8335254,35.4081918,0.3885260000000006,-0.1265690000000336,0.933421000000055,0.5443615058779265,-0.3501494560019266,2.619613312981256,-0.0004048799999995,-0.01161736,0.0070490800000007,2.698389890317699,1.0,276.15,70.87,171061.0175629187,695517.1440666008
34.945691100000005,35.5203575,0.7685260000000005,-0.4165690000000339,3.768421000000055,0.5979496474748439,-0.366027527783602,2.8942440891025867,0.0143951200000004,-0.03481736,0.0146490800000007,2.977947074633115,1.0,1483.87,77.71,23695.67414935271,633417.8355424012
35.0556807,35.6303471,0.7735260000000006,-0.7215690000000337,7.183421000000055,0.6399224428411993,-0.4510222850101188,3.919602812996804,0.0319951200000004,-0.06601736,0.0174490800000007,3.9970248993570254,1.0,2650.05,84.56,8867.568536442706,581296.1210974456
35.1665246,35.741191,0.7385260000000005,-0.9065690000000336,10.098421000000055,0.66349433545372,-0.5599240179205773,5.396693933977027,0.0471951200000004,-0.09441736,0.0230490800000007,5.466081325414756,1.0,3020.04,86.51,6556.0721050052325,567967.8649867068
35.2857292,35.8603956,1.1385260000000006,-0.5715690000000337,14.393421000000057,0.7770540863073176,-0.5627078350054884,7.547426527963625,0.0587951200000004,-0.13401736,0.0190490800000007,7.608160116324611,1.0,3237.05,89.44,5446.162400951482,549033.9892665475
35.395721800000004,35.9703882,1.0735260000000006,-0.8915690000000336,17.708421000000055,0.8479278388732381,-0.6413244720624608,9.976485655572205,0.0715951200000004,-0.17721736,0.0238490800000007,10.032972876183829,1.0,3432.06,89.93,4568.509874535993,545987.9906594018
35.505687300000005,36.0803537,1.0135260000000006,-0.4015690000000338,19.463421000000054,0.8875152755072373,-0.5840091945657471,12.244406079585234,0.0611951200000004,-0.20001736,0.0230490800000007,12.29041213081888,1.0,3512.22,92.38,4236.010272705013,531242.6932236415
35.6157193,36.1903857,1.0635260000000006,-0.2465690000000335,19.678421000000053,0.9295919106301832,-0.5033416785182171,14.021561046740032,0.0627951200000004,-0.19241736,0.0274490800000007,14.06135370983534,1.0,3548.39,92.86,4090.8975619929033,528444.9709239715
35.7257004,36.3003668,1.1735260000000003,0.3584309999999662,18.968421000000053,0.9879061167789333,-0.2973286946081139,15.20414365275727,0.0591951200000004,-0.18241736,0.0142490800000007,15.239105848503243,1.0,3554.25,91.89,4067.6654709151007,534128.8497116118
35.836549500000004,36.4112159,0.8035260000000006,0.0534309999999662,16.503421000000053,0.943828717972747,-0.2134770558605734,15.51474528808939,0.0535951200000004,-0.16601736,0.0086490800000007,15.54489325973456,1.0,3539.1,92.38,4127.885620638017,531242.6932236415
35.9465452,36.5212116,0.8735260000000005,0.0584309999999661,17.388421000000054,0.9270223454018968,-0.1484754709491728,15.962661001725532,0.0631951200000004,-0.16921736,0.0110490800000007,15.99024582832788,1.0,3527.37,91.89,4174.86682712616,534128.8497116118
36.0565573,36.6312237,0.9385260000000006,0.2334309999999662,19.053421000000053,0.929772377131496,-0.0571779703251157,16.701529505760014,0.0807951200000004,-0.17721736,0.0170490800000007,16.727487373342704,1.0,3544.48,92.38,4106.44156547646,531242.6932236415
36.1665409,36.7412073,0.6485260000000006,-0.1765690000000337,16.168421000000052,0.862538399063876,-0.0857192584032229,16.574086066489794,0.0651951200000004,-0.16161736,0.0126490800000007,16.596736101430665,1.0,3543.99,91.89,4108.391953701902,534128.8497116118
36.276565000000005,36.8512314,0.4385260000000004,-0.7815690000000337,11.088421000000055,0.7611751721671587,-0.2520671656795713,15.262698206036616,0.0367951200000004,-0.11761736,0.0154490800000007,15.283745680535604,1.0,3474.58,91.4,4390.22845926702,537045.9518599563
36.3869381,36.9616045,0.1185260000000005,-0.0015690000000336,3.948421000000055,0.6075452453131707,-0.1921837696726508,12.55793850999982,0.0047951200000004,-0.04641736,0.0102490800000007,12.574095015044412,1.0,3116.32,88.95,6044.565384812854,552113.5469364811
36.5065687,37.0812351,0.4035260000000007,-0.3915690000000336,-0.146578999999945,0.5587729709654563,-0.2398482492636925,9.5208318267459,0.0003951200000004,-0.00121736,0.0094490800000007,9.540230242972866,1.0,1239.98,77.22,30323.23101985516,637500.6475006475
36.6165296,37.191196,0.3385260000000003,-0.456569000000034,-0.106578999999945,0.5061213415777905,-0.2916569102335463,7.219329723944558,-4.879999999594584e-06,-0.00121736,0.0082490800000007,7.242923734840571,1.0,60.12,67.94,821669.9933466401,725943.4795407713
36.7265317,37.3011981,0.3785260000000003,-0.3115690000000339,-0.116578999999945,0.4756187534745466,-0.2964170391294096,5.465627751736958,0.0003951200000004,-0.00121736,0.0082490800000007,5.4942845740187245,1.0,36.66,69.4,1353884.3426077468,710461.0951008645
36.836534400000005,37.4112008,0.4485260000000006,-0.2465690000000335,2.463421000000056,0.4691420350489528,-0.284500505292704,4.74792854096147,-0.0040048799999995,-0.03361736,0.0106490800000007,4.779525103672769,1.0,735.58,71.85,57973.5718752549,685894.2240779402
36.9465881,37.5212545,0.1585260000000006,0.0684309999999661,8.928421000000055,0.39488702810119,-0.2001296795126973,5.747305461544653,-0.0056048799999995,-0.11841736,0.0166490800000007,5.7643306395353004,1.0,2583.09,83.58,9356.661982354466,588229.2414453218
37.0574141,37.6320805,0.5585260000000005,-1.206569000000034,13.853421000000056,0.4340061063978271,-0.4407262692010277,7.685130936435261,0.0211951200000004,-0.18121736,0.0402490800000007,7.7099830385616785,1.0,3273.22,89.93,5275.477969705673,545987.9906594018
37.1682339,37.7429003,0.8035260000000006,-0.5565690000000336,14.543421000000055,0.5223425062312796,-0.4684193108013184,9.324654717747832,-0.0020048799999995,-0.18441736,0.0414490800000007,9.351012990567623,1.0,3418.87,91.4,4624.715183671799,537045.9518599563
37.2782593,37.8529257,0.6135260000000007,-0.7665690000000336,16.208421000000055,0.5441405790907525,-0.5396941477215529,10.970268773167916,-0.0032048799999995,-0.20161736,0.0442490800000007,10.997006669928014,1.0,3488.27,92.38,4333.752834499623,531242.6932236415
37.3890746,37.963741,0.4985260000000004,-0.6115690000000338,19.52342100000005,0.5332360844571472,-0.5568763503546749,13.01496159763398,-0.0432048799999996,-0.24921736,0.0506490800000007,13.037778851447005,1.0,3562.56,92.38,4034.8513428545775,531242.6932236415
37.4990635,38.0737299,0.1485260000000003,-0.3165690000000338,23.47342100000005,0.4412683597717883,-0.4994291423656534,15.515131865608712,-0.0692048799999996,-0.30961736,0.0398490800000007,15.529438626067805,1.0,3661.29,92.86,3656.3888684043054,528444.9709239715
37.6107048,38.1853712,0.1435260000000005,-0.4715690000000336,25.56842100000005,0.37009089789345,-0.4927689740823298,17.918443254231807,-0.0416048799999995,-0.33041736,0.0382490800000007,17.929037821078047,1.0,3718.48,93.35,3446.3544243884603,525618.6395286557
37.7215557,38.2962221,0.7485260000000005,-0.0165690000000338,27.81342100000005,0.4605585427198693,-0.3789299303947344,20.28390916182471,-0.0264048799999995,-0.33721736,0.0338490800000007,20.29267535217024,1.0,3738.03,94.82,3376.02961987999,517314.9124657246
37.8315683,38.4062347,0.5935260000000007,1.2084309999999665,29.30842100000005,0.4923453738878303,0.0005401664935016,22.441283906300693,-0.0296048799999995,-0.35121736,0.0138490800000007,22.446684111960927,1.0,3750.73,93.35,3330.738282947585,525618.6395286557
37.941591,38.5162574,0.2285260000000004,1.153430999999966,29.58342100000005,0.4292774468314955,0.2761470482777692,24.14866337056737,-0.0008048799999995,-0.35681736,0.0054490800000007,24.154057193432592,1.0,3756.11,93.35,3311.644227671713,525618.6395286557
38.0532795,38.6279459,1.0135260000000006,1.4584309999999665,30.608421000000053,0.5689462838505199,0.5587805672959506,25.692915094657508,-0.0468048799999996,-0.36521736,0.0186490800000007,25.70528781510868,1.0,3761.0,91.4,3294.3366126030305,537045.9518599563
38.1632418,38.7379082,0.6435260000000005,1.8284309999999664,33.25342100000005,0.5867751037308879,0.8622996746942815,27.50030864548091,-0.0456048799999996,-0.40361736,0.0062490800000007,27.520080692978507,1.0,3769.31,93.84,3265.0272861611284,522821.8243819266
38.2740696,38.848736,0.3435260000000006,1.1584309999999662,34.008421000000055,0.5286246483471937,0.933092007146012,29.05611991589868,0.0047951200000004,-0.40761736,0.0022490800000007,29.07590427277755,1.0,3788.37,93.35,3198.2884459543293,525618.6395286557
38.384076,38.9587424,1.7435260000000006,1.0234309999999662,33.98342100000006,0.819055592434186,0.954688195961464,30.234026832957888,0.0067951200000004,-0.38201736,0.0146490800000007,30.260182751447875,1.0,3787.39,93.84,3201.7035478258117,522821.8243819266
38.4944328,39.0690992,2.1835260000000005,0.8384309999999662,34.508421000000055,1.145242099765814,0.9268960734701446,31.25585163514871,0.0087951200000004,-0.37961736,0.0242490800000007,31.29055731744832,1.0,3796.68,93.84,3169.400634238335,522821.8243819266
38.6052707,39.1799371,1.8485260000000008,1.0884309999999662,34.593421000000056,1.3133671963658948,0.9655121645225202,32.05372170111816,0.0223951200000004,-0.38081736,0.0126490800000007,32.09514327783978,1.0,3799.12,93.35,3160.9425340605203,525618.6395286557
38.7161143,39.2907807,1.3635260000000005,1.6684309999999662,35.61342100000005,1.3253580207022977,1.1335499897554169,32.90469353239777,0.0339951200000004,-0.39721736,-0.0001509199999992,32.95087807514899,1.0,3805.96,94.33,3137.2899347339444,520054.0655146825
38.827427,39.4020934,1.2235260000000006,1.4584309999999665,34.218421000000056,1.3010143405585404,1.2112151420683142,33.218749573383874,0.0363951200000004,-0.38441736,-0.0001509199999992,33.266274267701,1.0,3804.99,92.86,3140.6390029934373,528444.9709239715
38.9382783,39.5129447,1.3385260000000003,1.7934309999999662,34.25342100000005,1.3099817737176456,1.3503980486075695,33.46609525198005,0.0275951200000004,-0.38761736,-0.0017509199999992,33.518937312387415,1.0,3807.92,93.84,3130.527952267905,522821.8243819266
39.0574414,39.6321078,1.2385260000000005,2.088430999999966,33.80342100000006,1.2928997548417516,1.526830156900638,33.54673540875411,0.0431951200000004,-0.37361736,-0.0093509199999992,33.60634250686986,1.0,3802.05,93.84,3150.800226193764,522821.8243819266
39.1674626,39.742129,0.9035260000000004,1.5634309999999665,33.453421000000056,1.1998171460624136,1.535579852833774,33.524427925274495,0.0619951200000004,-0.37321736,-0.0089509199999992,33.581018959902615,1.0,3804.99,92.86,3140.6390029934373,528444.9709239715
39.2781642,39.8528306,1.0635260000000006,1.6334309999999663,33.66842100000005,1.1672357630820145,1.5589718764024445,33.55885050993755,0.0543951200000004,-0.37041736,-0.0013509199999992,33.615313179953674,1.0,3805.96,92.86,3137.2899347339444,528444.9709239715
39.3883319,39.9629983,1.0035260000000006,2.133430999999966,33.84842100000005,1.1280997616416646,1.6963004795674972,33.62807442733148,0.0575951200000004,-0.36641736,-0.0045509199999992,33.68972297421488,1.0,3804.01,92.86,3144.024332217843,528444.9709239715
39.4983076,40.072974,0.9335260000000004,-0.0115690000000336,25.608421000000053,1.0815854983961206,1.2880219434926523,31.710918344673686,0.0631951200000004,-0.28361736,0.0034490800000007,31.755490391109088,1.0,3796.19,92.86,3171.1004981310207,528444.9709239715
39.6099271,40.1845935,1.0285260000000005,-1.4915690000000337,13.743421000000057,1.0689012420233683,0.6235406497678773,27.415658314223595,0.0323951200000004,-0.15681736,0.0294490800000007,27.443572537287658,1.0,3663.25,92.86,3649.0820992288263,528444.9709239715
39.7199189,40.2945853,0.7485260000000005,-0.6365690000000337,4.753421000000055,0.9923132261516596,0.3223023354493237,21.998086781078776,-0.0140048799999995,-0.06201736,0.0270490800000007,22.022815132541623,1.0,3329.91,88.95,5015.420837199805,552113.5469364811
39.8300374,40.4047038,0.2135260000000003,-0.1265690000000336,0.838421000000055,0.8061385140843748,0.2149964002383784,16.93971582692401,-0.0092048799999995,-0.01761736,0.0070490800000007,16.960249262700874,1.0,1937.44,79.18,15807.250805186226,621472.5940894164
39.9399464,40.5146128,0.3385260000000003,-0.3815690000000338,-0.136578999999945,0.6943523647417503,0.0723831319551846,12.857504196042012,-4.879999999594584e-06,-0.00121736,0.0098490800000007,12.876442780343185,1.0,228.74,70.38,208588.79076680946,700429.0991759022
40.0499571,40.6246235,0.3385260000000003,-0.3815690000000338,-0.146578999999945,0.6092895018991035,-0.0361374043621826,9.748784171593815,0.0003951200000004,-0.00121736,0.0090490800000007,9.767872461976388,1.0,90.42,69.4,542975.00552975,710461.0951008645
40.1599536,40.73462,0.4135260000000005,-0.5015690000000339,0.2484210000000549,0.5624908226507982,-0.1474021893960599,7.47765372849938,0.0019951200000004,-0.00641736,0.0106490800000007,7.500228570806746,1.0,192.08,68.43,250308.2049146189,720673.6811340054
40.270301700000005,40.8449681,0.2185260000000006,-0.2015690000000336,2.708421000000055,0.4802635471281557,-0.1603511567508918,6.337534193671104,0.0035951200000004,-0.04641736,0.0098490800000007,6.3577279923036905,1.0,1669.6,79.67,19947.29276473407,617588.8038157399
40.3811152,40.9557816,0.6285260000000006,0.5484309999999664,6.753421000000055,0.5157067574774095,0.0090883377867639,6.436954938928419,0.0039951200000004,-0.10121736,0.0050490800000007,6.457586619116042,1.0,2625.61,84.07,9043.19377211391,584742.4765076722
40.491998200000005,41.0666646,0.6235260000000005,-0.0815690000000337,11.438421000000057,0.5414817262466676,-0.0125839536844842,7.632591529471289,0.0543951200000004,-0.17001736,0.0106490800000007,7.651785038244754,1.0,3164.71,87.98,5799.235948949508,558310.9797681292
40.6032665,41.1779329,1.3835260000000005,0.1734309999999663,14.758421000000055,0.7427784924874177,0.0318842646933912,9.336072538619115,0.0619951200000004,-0.21721736,0.0306490800000007,9.365627952336936,1.0,3366.08,90.42,4854.073581138891,542975.00552975
40.7224734,41.2971398,2.3085260000000005,1.2234309999999664,21.218421000000053,1.1170817445087309,0.3167321190381608,12.176633771771575,0.0911951200000004,-0.30561736,0.0034490800000007,12.231868249412807,1.0,3541.54,92.38,4118.151990377068,531242.6932236415
40.8333144,41.4079808,0.0285260000000007,-0.6815690000000336,20.463421000000054,0.8568546304810082,0.0780810251934468,14.157650119204389,0.1195951200000004,-0.30041736,0.0494490800000007,14.183770775152848,1.0,3635.39,92.86,3753.682548502362,528444.9709239715
40.9433149,41.5179813,0.7485260000000005,0.2734309999999662,22.53342100000005,0.8309578888406702,0.1247808478031112,16.159938651566648,0.1031951200000004,-0.29841736,0.0530490800000007,16.18176994322323,1.0,3662.27,92.86,3652.734506194246,528444.9709239715
41.0533212,41.6279876,0.3885260000000006,-0.4715690000000336,25.13342100000005,0.7251913498575872,-0.017780891113365,18.30511442790266,0.1747951200000004,-0.33481736,0.0326490800000007,18.31948233091228,1.0,3702.83,92.86,3503.1854014361998,528444.9709239715
41.1658519,41.7405183,0.2285260000000004,-0.0165690000000338,26.468421000000053,0.6064599102570014,-0.0174911797884936,20.256611832511144,0.1883951200000004,-0.34761736,0.0170490800000007,20.265695707208025,1.0,3721.41,91.89,3435.767625711761,534128.8497116118
41.2758528,41.8505192,0.4235260000000007,0.0084309999999663,26.093421000000053,0.562728237566716,-0.0112942954583272,21.65194322683645,0.1603951200000004,-0.33641736,0.0226490800000007,21.65925751563552,1.0,3737.54,93.35,3377.7832478047067,525618.6395286557
41.3858519,41.9605183,0.4685260000000006,0.4034309999999663,26.753421000000053,0.5402085121961026,0.0878487822350547,22.87148833960057,0.1535951200000004,-0.34041736,0.0214490800000007,22.87803578792713,1.0,3734.6,92.86,3388.3146789482144,528444.9709239715
41.4971671,42.0718335,0.2735260000000004,0.2334309999999662,27.63342100000005,0.4764561312449789,0.1226512630210211,24.009862740416736,0.1667951200000004,-0.35481736,0.0194490800000007,24.01490292695295,1.0,3739.0,94.82,3372.5595078898095,517314.9124657246
41.607525800000005,42.1821922,0.2535260000000003,0.6834309999999664,28.17342100000005,0.4231630730103879,0.2567097100003397,25.005191418294075,0.1603951200000004,-0.36361736,0.0138490800000007,25.010089258679105,1.0,3754.15,90.91,3318.5940892079425,539994.5000549995
41.7174831,42.2921495,-0.0014739999999995,0.9534309999999664,28.18842100000005,0.3216505132943556,0.4232659672181076,25.76616544421212,0.1599951200000004,-0.36841736,0.0058490800000007,25.771649051432824,1.0,3755.62,95.31,3313.381012988534,514603.9240373518
41.8283415,42.4030079,0.2285260000000004,0.4284309999999662,23.39842100000005,0.2993884256961104,0.4245007056147969,25.20013903115916,0.1439951200000004,-0.30401736,0.0118490800000007,25.20549228775862,1.0,3745.36,94.33,3349.851549650766,520054.0655146825
41.9391454,42.5138118,0.4085260000000006,-0.5265690000000338,10.683421000000056,0.3254785512008036,0.1971406223302809,21.72981272269104,0.0563951200000004,-0.14761736,0.0146490800000007,21.73314431175319,1.0,3643.69,91.89,3722.3528895158474,534128.8497116118
42.0491552,42.6238216,0.2185260000000006,-0.936569000000034,1.5484210000000551,0.2999107712526596,-0.073880852364726,16.905305248864806,0.0103951200000004,-0.02681736,0.0150490800000007,16.90812675633689,1.0,3100.68,88.47,6125.495052698117,555163.3322030066
42.1591389,42.7338053,0.2735260000000004,-0.4415690000000338,-0.136578999999945,0.2936033010913958,-0.1617793600929796,12.83131971523648,0.0003951200000004,-0.00081736,0.0082490800000007,12.835697920034589,1.0,1701.86,79.67,19379.61994523639,617588.8038157399
42.269157400000005,42.8438238,0.3385260000000003,-0.3815690000000338,-0.096578999999945,0.3043423967695857,-0.2143216611875529,9.740812141251876,0.0003951200000004,-0.00121736,0.0082490800000007,9.747921790827291,1.0,962.37,72.34,41955.06925610732,681180.5363560962
42.3799684,42.9546348,0.3385260000000003,-0.2865690000000336,-0.126578999999945,0.312514234050858,-0.2315929094173252,7.381941010743515,0.0003951200000004,-0.00121736,0.0086490800000007,7.392181917963989,1.0,343.11,69.89,135725.8605112063,705409.9298898268
42.4903241,43.0649905,0.3185260000000003,-0.2965690000000338,-0.096578999999945,0.3139513901276572,-0.2471259132331041,5.5941467802582086,0.0003951200000004,-0.00121736,0.0082490800000007,5.6083968200750265,1.0,221.9,71.36,215326.7237494367,690672.6457399103
42.601206600000005,43.175873,0.2035260000000005,-0.5865690000000339,1.4684210000000553,0.2875534029476125,-0.3282722351294482,4.607862229850654,0.0031951200000004,-0.02041736,0.0130490800000007,4.628481819040437,1.0,958.46,73.31,42167.01792458736,672035.1930159596
42.7120252,43.2866916,0.4435260000000003,-0.5065690000000338,5.913421000000056,0.3248397789583049,-0.3708953647181781,4.919965484703154,0.0027951200000004,-0.07001736,0.0194490800000007,4.944607630968656,1.0,2356.31,83.58,11219.618810767683,588229.2414453218
42.823341500000005,43.3980079,0.6485260000000006,-0.3965690000000339,12.978421000000056,0.4022193082815682,-0.3770328326886519,6.846397486780269,0.0119951200000004,-0.14921736,0.0290490800000007,6.868558267633093,1.0,3106.06,88.95,6097.564116597878,552113.5469364811
42.9341865,43.5088529,1.2235260000000006,0.4984309999999663,20.623421000000054,0.5985586057366561,-0.1677468794745387,10.13989447746976,0.0107951200000004,-0.22801736,0.0226490800000007,10.158930624543933,1.0,3443.79,90.42,4518.887620906035,542975.00552975
43.0449271,43.6195935,1.5335260000000006,0.2984309999999663,25.04842100000005,0.822069315175771,-0.0563036898986455,13.70388543607216,0.0195951200000004,-0.27561736,0.0198490800000007,13.728635915830838,1.0,3590.91,92.38,3924.0471078361747,531242.6932236415
43.1641807,43.7388471,1.5685260000000003,1.0184309999999663,27.878421000000053,1.0005151777954897,0.2006194011866106,17.092410553955723,0.0079951200000004,-0.29641736,0.0202490800000007,17.122843727316692,1.0,3664.22,92.86,3645.468885601848,528444.9709239715
43.2750367,43.8497031,1.2735260000000006,1.0784309999999664,31.238421000000056,1.0657803869673712,0.4104666048521908,20.47411653635488,0.0379951200000004,-0.32841736,0.0090490800000007,20.50594593309909,1.0,3710.66,92.38,3474.6918337977604,531242.6932236415
43.3850017,43.9596681,1.7185260000000009,1.5634309999999665,33.648421000000056,1.2218239409430085,0.6860910720781945,23.62352918443579,0.0251951200000004,-0.34961736,0.0142490800000007,23.66505241552903,1.0,3740.47,93.84,3367.3041088419377,522821.8243819266
43.4950194,44.0696858,1.7885260000000005,0.9184309999999662,35.523421000000056,1.357298161795633,0.7416336101810806,26.46828428313213,0.0275951200000004,-0.37601736,0.0202490800000007,26.513437189554725,1.0,3769.31,93.84,3265.0272861611284,522821.8243819266
43.6050041,44.1796705,2.1585260000000006,1.6434309999999663,36.08342100000005,1.548837464276363,0.957214790450549,28.766852171303768,-0.0084048799999995,-0.37081736,0.0334490800000007,28.824415718127707,1.0,3789.83,93.35,3193.2039167983794,525618.6395286557
43.7152508,44.2899172,1.9635260000000003,1.3434309999999663,37.18342100000005,1.6479717542896375,1.0495425652188763,30.778893747820163,0.0355951200000004,-0.37481736,0.0130490800000007,30.840843873648232,1.0,3809.38,93.35,3125.49548745465,525618.6395286557
43.8258461,44.4005125,2.4385260000000004,0.9584309999999664,37.59842100000005,1.8369594573827988,1.0277616873988196,32.40915099906371,0.0423951200000004,-0.37241736,0.0202490800000007,32.477434975906974,1.0,3820.14,92.86,3088.525551419581,528444.9709239715
43.9358638,44.5105302,2.6335260000000007,1.048430999999966,37.843421000000056,2.027384443482032,1.0327028358831911,33.70825249783841,0.0347951200000004,-0.37081736,0.0234490800000007,33.78495300110603,1.0,3827.96,93.84,3061.7874794929944,522821.8243819266
44.0458872,44.6205536,1.7985260000000003,0.8184309999999664,37.87842100000005,1.972674179383354,0.9814796056989824,34.70516140195392,0.0627951200000004,-0.37201736,0.0118490800000007,34.775033768065285,1.0,3833.82,93.35,3041.822516445738,525618.6395286557
44.1558414,44.7305078,1.7535260000000006,0.3384309999999662,37.97342100000005,1.9202852240606323,0.8277541913738513,35.48646246750181,0.0791951200000004,-0.36801736,0.0198490800000007,35.54801950602167,1.0,3831.87,93.35,3048.4593684023744,525618.6395286557
44.266821400000005,44.8414878,1.6985260000000006,0.4534309999999661,37.98342100000006,1.867272079646637,0.738269528510918,36.08337844175186,0.0603951200000004,-0.36841736,0.0222490800000007,36.1392023526646,1.0,3832.84,90.42,3045.1571158723036,542975.00552975
44.377546200000005,44.9522126,1.6235260000000005,0.7434309999999662,37.04342100000005,1.8090028185803224,0.7395034155548355,36.312883550274776,0.0267951200000004,-0.36401736,0.0290490800000007,36.36543507556407,1.0,3834.8,94.33,3038.4896213622615,520054.0655146825
44.4883946,45.063061,1.7135260000000003,0.4584309999999663,37.45842100000005,1.7861783954113295,0.6723110242587388,36.58673255254817,0.0527951200000004,-0.35881736,0.0302490800000007,36.63647682631699,1.0,3837.73,93.35,3028.5350975706992,525618.6395286557
44.5987524,45.1734188,1.9185260000000004,0.3934309999999663,36.29342100000005,1.8178170463158223,0.6056427399389552,36.51661430714307,0.0635951200000004,-0.34281736,0.0250490800000007,36.56684813323351,1.0,3837.24,92.86,3030.198788712721,528444.9709239715
44.710048400000005,45.2847148,1.9735260000000008,-0.2665690000000336,26.553421000000053,1.8550403964748872,0.3971342229884929,34.13484097684087,0.0375951200000004,-0.25161736,0.0350490800000007,34.18751612764281,1.0,3806.45,92.86,3135.5987862706725,528444.9709239715
44.8292339,45.4039003,1.0985260000000006,-1.5315690000000337,12.598421000000055,1.6741901652320852,-0.0639362146681304,28.98640421066354,0.0251951200000004,-0.12841736,0.0322490800000007,29.034783099118872,1.0,3656.4,93.35,3674.6526638223377,525618.6395286557
44.94004,45.5147064,0.9985260000000004,-0.6165690000000337,5.368421000000056,1.5126677657984695,-0.1960470740058166,23.34035471703848,-0.0128048799999995,-0.06001736,0.0210490800000007,23.39014229418223,1.0,3329.42,88.95,5017.630698439968,552113.5469364811
45.0500532,45.6247196,0.3085260000000005,-0.8815690000000338,2.203421000000055,1.224808978433016,-0.3599260423582459,18.28741802700013,0.0007951200000004,-0.02881736,0.0202490800000007,18.33192193644373,1.0,2669.6,83.09,8729.397662571173,591757.1308220002
45.1616948,45.7363612,0.3485260000000005,-0.2415690000000336,1.5334210000000552,1.0153272025115148,-0.331631936417319,14.282254013343769,-0.0044048799999995,-0.02161736,0.0090490800000007,14.322138414744003,1.0,2246.33,83.58,12258.528355139271,588229.2414453218
45.2717056,45.846372,0.3535260000000004,-0.686569000000034,0.0334210000000549,0.8571188444568973,-0.4164822053939331,10.875967553481502,0.0043951200000004,-0.00201736,0.0130490800000007,10.9176362077748,1.0,1315.74,75.27,28001.4288537249,654275.2756742395
45.3817359,45.9564023,0.2535260000000003,-0.3815690000000338,-0.086578999999945,0.7128256148697536,-0.4081359514451179,8.255291610703308,0.0003951200000004,-0.00121736,0.0082490800000007,8.296055381313753,1.0,128.05,70.38,380472.47169074573,700429.0991759022
45.4917063,46.0663727,0.2935260000000004,-0.4065690000000337,-0.106578999999945,0.6125890130779595,-0.4077613603831233,6.256326038316778,0.0003951200000004,-0.00121736,0.0090490800000007,6.299456335564668,1.0,43.99,68.43,1126621.9595362584,720673.6811340054
45.601728,46.1763944,0.2935260000000004,-0.3065690000000336,-0.126578999999945,0.5363146950146819,-0.3835705956593297,4.7304464812861085,0.0003951200000004,-0.00121736,0.0090490800000007,4.77617878290326,1.0,39.59,69.4,1252945.1881788329,710461.0951008645
45.7125928,46.2872592,0.4335260000000005,-0.2765690000000338,0.288421000000055,0.5117423149659064,-0.3579910912791049,3.668548202521933,-0.0008048799999995,-0.00601736,0.0082490800000007,3.721328221561326,1.0,149.56,68.91,324313.98769724526,715584.0951966333
45.8225712,46.3972376,0.4385260000000004,-0.4315690000000336,1.623421000000055,0.4942394259871512,-0.3755804218570108,3.179645771556359,-0.0024048799999995,-0.02241736,0.0122490800000007,3.2396728995469024,1.0,1315.25,77.22,28015.586390420074,637500.6475006475
45.9325406,46.507207,0.6285260000000006,-0.4765690000000335,4.273421000000055,0.5263416015388542,-0.3997224709642728,3.4411206409222554,-0.0076048799999995,-0.05801736,0.0082490800000007,3.504015525177573,1.0,2402.74,83.58,10809.575734369932,588229.2414453218
46.0428083,46.6174747,0.8435260000000004,-0.5115690000000337,9.008421000000055,0.6021668232076021,-0.4264601916660541,4.772024007770182,-0.0244048799999995,-0.12281736,0.0106490800000007,4.828735477201332,1.0,2977.03,87.0,6795.262392384356,564712.6436781608
46.1534649,46.7281313,1.0535260000000006,0.0434309999999662,14.138421000000056,0.7100674948627986,-0.3141293079872574,7.011128867968156,-0.0536048799999996,-0.18841736,0.0154490800000007,7.053991853741661,1.0,3277.13,88.47,5257.252534992509,555163.3322030066
46.2637552,46.8384216,1.1735260000000003,0.3134309999999662,20.28342100000005,0.820860598359658,-0.1641064831115633,10.183966176001682,-0.0512048799999996,-0.25521736,0.0210490800000007,10.218312489530009,1.0,3509.29,89.44,4247.896298111584,549033.9892665475
46.3746209,46.9492873,1.2635260000000006,0.2484309999999663,23.218421000000053,0.9266829602643084,-0.0654864177635798,13.299946757505674,-0.0540048799999995,-0.28561736,0.0266490800000007,13.332352138022811,1.0,3611.44,91.4,3844.892895908556,537045.9518599563
46.4854538,47.0601202,1.3835260000000005,0.4334309999999663,26.003421000000053,1.0358945889693902,0.0537833949379873,16.33680404012627,-0.0340048799999996,-0.30921736,0.0214490800000007,16.369701784043382,1.0,3654.45,91.4,3681.9494041511034,537045.9518599563
46.6051903,47.1798567,1.7035260000000003,0.3534309999999663,27.47842100000005,1.195496700485654,0.125416319465696,19.00028805708745,-0.0412048799999996,-0.32081736,0.0190490800000007,19.03827428803253,1.0,3692.57,92.86,3540.7047124360533,528444.9709239715
46.7151265,47.2897929,2.1935260000000008,0.6234309999999663,30.90842100000005,1.4340828139096735,0.2444703263115825,21.84701325680712,-0.0512048799999996,-0.35401736,0.0102490800000007,21.89539557762553,1.0,3721.9,93.84,3433.9987640721124,522821.8243819266
46.8250734,47.3997398,2.2785260000000007,0.3234309999999663,32.603421000000054,1.635953057473391,0.2633464457379571,24.418410227919328,-0.0540048799999995,-0.37401736,0.0142490800000007,24.474567449000904,1.0,3754.15,93.84,3318.5940892079425,522821.8243819266
46.9350838,47.5097502,2.5085260000000007,0.1334309999999663,34.36342100000005,1.8445479225116104,0.232289219975688,26.79583689187133,-0.0492048799999996,-0.38721736,0.0254490800000007,26.8602529782564,1.0,3770.28,92.86,3261.614521998366,528444.9709239715
47.0450898,47.6197562,2.9835260000000003,0.4084309999999662,35.36342100000005,2.1168288594694245,0.2743971848701365,28.84397976181164,-0.0556048799999995,-0.39041736,0.0222490800000007,28.922853018593216,1.0,3794.23,92.86,3177.9043442279462,528444.9709239715
47.1559097,47.7305761,3.1385260000000006,0.6334309999999663,35.47342100000005,2.361072941255644,0.3602268118974267,30.428795578303163,-0.0568048799999996,-0.40081736,0.0098490800000007,30.522385705185325,1.0,3803.52,93.84,3145.717651018005,522821.8243819266
47.2659236,47.84059,3.0735260000000006,0.0434309999999662,33.49842100000006,2.531389991432012,0.284494484653726,31.162611709138808,-0.0408048799999995,-0.38841736,0.0074490800000007,31.266551471741742,1.0,3808.41,93.35,3128.838544169352,525618.6395286557
47.3759354,47.9506018,3.0285260000000007,0.4584309999999663,33.633421000000055,2.6502339453971744,0.3260752650969161,31.75327651828359,-0.0556048799999995,-0.40081736,0.0038490800000007,31.86535163293233,1.0,3805.96,94.33,3137.2899347339444,520054.0655146825
47.485922,48.0605884,3.0785260000000005,-0.2115690000000338,34.38842100000005,2.752620254865043,0.1975475197926303,32.38322684189575,-0.0348048799999995,-0.41881736,0.0014490800000007,32.50060497873458,1.0,3809.38,94.33,3125.49548745465,520054.0655146825
47.595930200000005,48.1705966,2.9185260000000004,-0.0565690000000338,34.19342100000006,2.7922812216780684,0.1367991300973855,32.81596683152845,-0.0548048799999996,-0.42441736,0.0126490800000007,32.93483304209855,1.0,3815.25,91.89,3105.3010942926408,534128.8497116118
47.7151401,48.2898065,3.2085260000000004,-0.0465690000000338,34.103421000000054,2.8917875427261555,0.092963654017613,33.12374205056928,-0.0420048799999996,-0.41321736,0.0054490800000007,33.24986262927842,1.0,3820.63,91.89,3086.846933620895,534128.8497116118
47.8179606,48.392627,2.9335260000000005,0.2784309999999663,33.423421000000054,2.901765422439834,0.1373009628185973,33.195382468194765,-0.0484048799999995,-0.40881736,-0.0001509199999992,33.32225249485681,1.0,3821.11,92.86,3085.2029907539945,528444.9709239715
47.9287542,48.5034206,2.6285260000000004,-0.0365690000000338,33.038421000000056,2.8364455647303792,0.0957360922378817,33.15785969539428,-0.0260048799999996,-0.39681736,0.0014490800000007,33.27909626808529,1.0,3814.76,93.84,3106.984449873649,522821.8243819266
48.039609,48.6142754,2.4335260000000005,0.1634309999999663,32.56842100000005,2.740124732247508,0.1119190489400673,33.016950117384624,-0.0240048799999995,-0.39121736,-0.0001509199999992,33.1306475106608,1.0,3819.16,92.38,3091.8840792216097,531242.6932236415
48.1509282,48.7255946,2.2935260000000004,0.2434309999999662,30.86842100000005,2.6333620792483656,0.1433579308320714,32.503328711735946,-0.0272048799999996,-0.37081736,0.0018490800000007,32.61014450565827,1.0,3813.78,93.35,3110.3524587155,525618.6395286557
48.2613619,48.8360283,1.8285260000000003,-0.2665690000000336,26.52842100000005,2.4409602006815394,0.0453619368640978,31.07498386283828,-0.0148048799999995,-0.32241736,0.0078490800000007,31.17073894668341,1.0,3795.21,92.86,3174.5015427341295,528444.9709239715
48.3734256,48.948092,1.5785260000000003,-0.0515690000000337,19.88842100000005,2.2347890751197075,0.0221898962153756,28.40075520310173,-0.0336048799999995,-0.24561736,0.0114490800000007,28.48855332775392,1.0,3730.21,93.35,3404.071084469775,525618.6395286557
48.4837846,49.058451,0.7585260000000005,-0.4865690000000338,8.553421000000055,1.8818777230626127,-0.0994325930011184,23.6561065924348,-0.0280048799999995,-0.11121736,0.0110490800000007,23.731049907615706,1.0,3536.66,92.38,4137.6326816827195,531242.6932236415
48.5951316,49.169798,0.5985260000000006,-0.6965690000000337,2.258421000000056,1.5750832232312724,-0.242182364575141,18.54083528301292,-0.0064048799999995,-0.03041736,0.0154490800000007,18.609194298776952,1.0,2987.29,87.0,6737.578206334169,564712.6436781608
48.7059464,49.2806128,0.4535260000000005,-0.4815690000000339,0.173421000000055,1.3069668673250916,-0.29940946900932,14.149972219608564,-0.0004048799999995,-0.00481736,0.0094490800000007,14.213357176899205,1.0,1582.11,79.18,21603.365126318655,621472.5940894164
48.8162922,49.3909586,0.4035260000000007,-0.4415690000000338,-0.106578999999945,1.0909928018859232,-0.3333937317977576,10.741840666785382,-4.879999999594584e-06,-0.00081736,0.0090490800000007,10.802247802414698,1.0,260.51,72.34,181931.21185367164,681180.5363560962
48.9362435,49.5109099,0.4235260000000007,-0.3565690000000339,-0.116578999999945,0.9314300413747691,-0.3389339470706268,8.146057008443988,0.0007951200000004,-0.00121736,0.0086490800000007,8.206136906442135,1.0,222.87,70.87,214346.03131870597,695517.1440666008
49.0467565,49.6214229,0.3585260000000003,-0.4665690000000337,-0.096578999999945,0.7944731918483742,-0.369446028459334,6.175595329031896,0.0003951200000004,-0.00121736,0.0086490800000007,6.237439834456977,1.0,204.79,68.91,234152.54651106012,715584.0951966333
49.156753900000005,49.7314203,0.3385260000000003,-0.4065690000000337,-0.106578999999945,0.6854757220520121,-0.3783205429680323,4.6737961756952044,-4.879999999594584e-06,-0.00121736,0.0090490800000007,4.738921194818234,1.0,103.13,69.89,474824.97818287596,705409.9298898268
49.2667627,49.8414291,0.2935260000000004,-0.3815690000000338,-0.116578999999945,0.5917773097032772,-0.3790971100871211,3.528622386139959,0.0003951200000004,-0.00121736,0.0098490800000007,3.5979287023402944,1.0,96.29,70.38,509264.72115484474,700429.0991759022
49.3767636,49.95143,0.2935260000000004,-0.3565690000000339,-0.096578999999945,0.5204781796673603,-0.3737116026365061,2.661991807739735,0.0003951200000004,-0.00121736,0.0086490800000007,2.738020869520256,1.0,118.77,70.87,410981.72939294437,695517.1440666008
49.4867882,50.0614546,0.2785260000000007,-0.3115690000000339,0.218421000000055,0.4626377633495269,-0.3588559645822888,2.0778385547453606,-4.879999999594584e-06,-0.00561736,0.0082490800000007,2.1587552809384456,1.0,166.67,70.38,289994.0001199976,700429.0991759022
49.5976172,50.1722836,0.2685260000000005,-0.2865690000000336,1.418421000000055,0.4162339441330142,-0.3415752435260107,1.9202000249077988,0.0047951200000004,-0.01401736,0.0090490800000007,1.994264896871599,1.0,1157.38,75.76,33201.02300022464,649978.8806758183
49.7076276,50.282294,0.4935260000000006,-0.0815690000000337,4.348421000000055,0.4347111684157381,-0.2794188728272462,2.500683789526592,0.0171951200000004,-0.03161736,0.0130490800000007,2.553520730606764,1.0,2696.48,84.56,8542.692695662492,581296.1210974456
49.8176029,50.3922693,0.2735260000000004,-0.3465690000000336,7.273421000000055,0.3961786895670507,-0.2954715957942774,3.641641096085799,0.0279951200000004,-0.05401736,0.0194490800000007,3.675025291163213,1.0,3078.69,87.0,6240.6737930743275,564712.6436781608
49.929294500000005,50.5039609,1.1535260000000005,-0.0215690000000337,10.818421000000056,0.5772280349081738,-0.2299932017039449,5.357302174380523,0.0311951200000004,-0.06801736,0.0138490800000007,5.393215707232214,1.0,3302.05,89.93,5142.108690056178,545987.9906594018
50.0393021,50.6139685,1.3235260000000006,0.1784309999999662,14.013421000000056,0.7556359544293323,-0.1323564459891962,7.4266099080773404,0.0511951200000004,-0.08481736,0.0174490800000007,7.466126080583808,1.0,3433.53,88.95,4562.272646518306,552113.5469364811
50.1493149,50.7239813,1.1435260000000005,0.3584309999999662,18.57842100000005,0.8483638717896795,-0.0150301617680464,10.092530905943262,0.1095951200000004,-0.10081736,0.0026490800000007,10.12813542820892,1.0,3530.3,92.86,4163.102285924709,528444.9709239715
50.2603945,50.8350609,1.4935260000000006,0.4834309999999662,19.69342100000005,1.0025945389384017,0.1041305796419728,12.387693036019838,0.0875951200000004,-0.11241736,0.0038490800000007,12.428635393388127,1.0,3585.04,91.89,3946.845781358088,534128.8497116118
50.3709827,50.9456491,1.7635260000000006,0.4484309999999663,20.498421000000054,1.1845007013778122,0.1864380822207476,14.326621144550518,0.0927951200000004,-0.11601736,0.0050490800000007,14.37671292366752,1.0,3607.04,92.86,3861.7814052519516,528444.9709239715
50.482614000000005,51.0572804,1.5985260000000006,-0.3265690000000336,22.878421000000053,1.2834764397710186,0.0638000334524275,16.37099067486857,0.1351951200000004,-0.13121736,-0.0005509199999992,16.421349454059783,1.0,3640.27,94.82,3735.244913152047,517314.9124657246
50.5934569,51.1681233,1.8185260000000003,0.6934309999999662,25.248421000000054,1.4113839021334786,0.2143178642145962,18.49320452119183,0.1079951200000004,-0.14761736,0.0070490800000007,18.54822229025609,1.0,3687.68,92.38,3558.660187434919,531242.6932236415
50.703478700000005,51.2781451,1.5835260000000009,0.3034309999999662,26.90342100000005,1.4525357141159687,0.235621003042689,20.503727522580583,0.1343951200000004,-0.16681736,-0.0045509199999992,20.55646417986532,1.0,3720.43,92.38,3439.3067468007744,531242.6932236415
50.8138307,51.3884971,1.7935260000000004,0.7184309999999663,27.72842100000005,1.5340519051376202,0.3510402204467805,22.23084268673073,0.1435951200000004,-0.16521736,-0.0041509199999992,22.286473723902507,1.0,3742.91,93.35,3358.5899741110525,525618.6395286557
50.924649,51.4993154,1.0335260000000006,0.5584309999999664,27.93342100000005,1.414397571910194,0.4006184844092214,23.59408522572342,0.1579951200000004,-0.17801736,-0.0173509199999992,23.63983657515796,1.0,3748.29,91.4,3339.4161070781615,537045.9518599563
51.035516300000005,51.6101827,0.9835260000000006,0.3434309999999663,27.968421000000053,1.31139461019657,0.3869474031610653,24.6398017910629,0.1671951200000004,-0.17441736,-0.0085509199999992,24.67770889728891,1.0,3754.64,92.86,3316.8559435791444,528444.9709239715
51.1476514,51.7223178,0.9885260000000003,0.5884309999999662,28.30842100000005,1.2342105366519367,0.4351135124244682,25.51681171363625,0.1447951200000004,-0.18041736,-0.0081509199999992,25.55034793200753,1.0,3751.71,93.35,3327.2561045496586,525618.6395286557
51.257674,51.8323404,0.4435260000000003,0.3384309999999662,28.52342100000005,1.0451916865680213,0.4120008594325609,26.235563382116496,0.1571951200000004,-0.19041736,-0.0097509199999992,26.25960693435635,1.0,3758.55,93.84,3303.002487661464,522821.8243819266
51.376910200000005,51.9515766,0.2885260000000005,0.0134309999999662,29.17342100000005,0.864305288335595,0.3167198554217025,26.93787946761125,0.1743951200000004,-0.19641736,-0.0117509199999992,26.9536024551416,1.0,3774.19,93.35,3247.8757031310024,525618.6395286557
51.4876738,52.0623402,-0.1114739999999994,0.3134309999999662,28.56842100000005,0.6310382008092745,0.3159336307757253,27.327672199326035,0.1599951200000004,-0.20481736,-0.0213509199999992,27.33678274969008,1.0,3772.73,93.35,3253.0024677090587,525618.6395286557
51.5976358,52.1723022,-0.0464739999999994,0.2884309999999663,29.393421000000053,0.4690740151214424,0.3093589282204825,27.821504372292274,0.1711951200000004,-0.20841736,-0.0189509199999992,27.827178062383727,1.0,3774.68,92.38,3246.155965538802,531242.6932236415
51.7084767,52.2831431,-0.1014739999999996,0.0784309999999661,28.088421000000054,0.3326803906899215,0.2541539388459176,27.885312720247622,0.1767951200000004,-0.19641736,-0.0145509199999992,27.88845524536962,1.0,3776.64,95.31,3239.281477715641,514603.9240373518
51.8185049,52.3931713,-0.0164739999999996,-0.4065690000000337,17.448421000000053,0.2492125114401074,0.0962033475095099,25.390298362479857,0.0875951200000004,-0.13561736,-0.0073509199999992,25.39170362334276,1.0,3731.18,92.38,3400.586409661288,531242.6932236415
51.9285094,52.5031758,0.1985260000000006,-0.2715690000000339,7.593421000000054,0.237095534740724,0.0082847111930931,21.13582627126553,0.0219951200000004,-0.06361736,0.0066490800000007,21.13715768730866,1.0,3527.86,91.89,4172.898017495026,534128.8497116118
52.0384915,52.6131579,0.1685260000000004,-0.1865690000000339,3.068421000000056,0.22070349214133,-0.0382964760149747,16.81668252926769,-0.0004048799999995,-0.03081736,0.0018490800000007,16.818174334382903,1.0,3084.07,87.49,6212.342780805881,561493.8850154304
52.1493397,52.7240061,0.2785260000000007,-0.5315690000000337,0.328421000000055,0.234526380332231,-0.1562168360822795,12.87504450591405,0.0023951200000004,-0.00721736,0.0098490800000007,12.878127866744252,1.0,2173.02,82.11,13009.452282997858,598939.227865059
52.2593218,52.8339882,0.2985260000000007,-0.2815690000000337,-0.096578999999945,0.249825951722148,-0.1861831763620497,9.774084204867108,-4.879999999594584e-06,-0.00121736,0.0086490800000007,9.779048993902569,1.0,264.91,70.87,178743.34679702538,695517.1440666008
52.3694402,52.9441066,0.2735260000000004,-0.3415690000000337,-0.106578999999945,0.2554916194628907,-0.2233292799494062,7.412040291679304,-4.879999999594584e-06,-0.00121736,0.0090490800000007,7.419804122776821,1.0,224.34,68.91,212875.9917981635,715584.0951966333
52.4793369,53.0540033,0.2485260000000004,-0.3815690000000338,-0.106578999999945,0.2538264378133635,-0.2611576280896418,5.614660038424703,0.0003951200000004,-0.00121736,0.0090490800000007,5.62645878988958,1.0,227.27,71.36,210002.64003168038,690672.6457399103
52.5897413,53.1644077,0.3435260000000006,-0.3765690000000339,-0.086578999999945,0.2752697661087953,-0.2887475502316407,4.251737662758036,-4.879999999594584e-06,-0.00081736,0.0098490800000007,4.270412362385339,1.0,230.69,70.87,206741.08110451253,695517.1440666008
52.7004785,53.2751449,0.3635260000000007,-0.6515690000000338,0.6484210000000551,0.2963680563491623,-0.3754826386796775,3.3903387855689826,0.0039951200000004,-0.01121736,0.0118490800000007,3.423918561780843,1.0,726.78,72.34,58796.60970307383,681180.5363560962
52.8118762,53.3865426,0.4585260000000004,-0.0315690000000337,4.568421000000055,0.3351330841447501,-0.2932675990550725,3.6719678489360064,-0.0024048799999995,-0.06201736,0.0074490800000007,3.698873876244447,1.0,2222.87,81.62,12493.443161318475,602594.9522175937
52.9222578,53.4969242,0.5935260000000007,0.0984309999999661,7.968421000000056,0.3969037772097764,-0.1996292194727787,4.699066010602771,0.0015951200000004,-0.10441736,0.0054490800000007,4.720021801393818,1.0,2944.28,85.53,6982.080508647275,574590.20226821
53.0421211,53.6167875,0.5235260000000004,0.1784309999999662,10.403421000000057,0.4271737342374213,-0.1092511930479769,6.062733276857863,0.0251951200000004,-0.13081736,0.0022490800000007,6.0787455949993845,1.0,3230.69,87.98,5476.570020645743,558310.9797681292
53.152685000000005,53.7273514,0.3935260000000005,0.2834309999999662,11.388421000000056,0.4191300003098331,-0.0153776782165793,7.335877397769762,0.0199951200000004,-0.14721736,-0.0053509199999992,7.347857077084196,1.0,3323.07,89.93,5046.327642812218,545987.9906594018
53.2627029,53.8373693,0.4235260000000007,0.2934309999999662,13.488421000000056,0.420180895790758,0.0584452670247545,8.806687389462638,0.0351951200000004,-0.17041736,-0.0065509199999992,8.816899149369089,1.0,3378.3,89.44,4800.343367966136,549033.9892665475
53.372697,53.9473634,0.3235260000000006,0.5334309999999662,16.348421000000055,0.3970748447546391,0.1719940376044963,10.609593287609124,0.0491951200000004,-0.20001736,-0.0093509199999992,10.618414199389145,1.0,3440.37,89.93,4533.320544011254,545987.9906594018
53.4835038,54.0581702,0.2185260000000006,0.2884309999999663,17.368421000000055,0.3543914536486994,0.1998291345604195,12.22533987539628,0.0499951200000004,-0.21361736,-0.0089509199999992,12.23210775191229,1.0,3526.39,91.89,4178.806087812181,534128.8497116118
53.593509000000005,54.1681754,0.8985260000000006,0.1434309999999663,18.18342100000005,0.4844707475701028,0.1863467530955755,13.649662207091303,0.0623951200000004,-0.20841736,-0.0017509199999992,13.659528373459205,1.0,3559.14,91.89,4048.3375197379146,534128.8497116118
53.7035001,54.2781665,1.1435260000000005,0.4934309999999662,20.143421000000053,0.6420226664220354,0.2597574605751183,15.202042154921562,0.0703951200000004,-0.22601736,-0.0037509199999992,15.217810378715338,1.0,3594.82,92.86,3908.9022537985206,528444.9709239715
53.8135101,54.3881765,1.2285260000000005,0.4134309999999663,22.073421000000053,0.7822305249855971,0.2964942302524501,16.844694904003244,0.0831951200000004,-0.24761736,-0.0065509199999992,16.865454035742562,1.0,3637.83,92.38,3744.4575474939734,531242.6932236415
53.9235146,54.498181,1.2985260000000003,0.7784309999999663,23.23842100000005,0.9056546878053018,0.4117046963841948,18.373161313039446,0.0851951200000004,-0.26081736,-0.0093509199999992,18.40007521195329,1.0,3674.49,92.86,3607.330541109106,528444.9709239715
54.0334952,54.6081616,1.2835260000000006,1.1634309999999664,24.45842100000005,0.995987554580694,0.5914102994417064,19.827886598754297,0.0827951200000004,-0.27441736,-0.0153509199999992,19.86169288666567,1.0,3694.04,91.4,3535.3163474136727,537045.9518599563
54.1435374,54.7182038,1.5135260000000006,1.4884309999999663,25.703421000000056,1.1197088584544252,0.8058495776384786,21.232475539945195,0.0927951200000004,-0.28641736,-0.0345509199999992,21.27724509949191,1.0,3715.54,93.35,3456.9941381333538,525618.6395286557
54.2547337,54.8294001,0.9585260000000004,0.0884309999999661,25.088421000000054,1.081176931818676,0.6343454843014869,22.154267156020147,0.1051951200000004,-0.29121736,-0.0165509199999992,22.189702363295982,1.0,3746.33,92.86,3346.395005245133,528444.9709239715
54.3655622,54.9402286,2.0285260000000007,0.6534309999999663,25.65842100000005,1.307647569848276,0.6389080146955435,22.991960445066702,0.0747951200000004,-0.28121736,0.0042490800000007,23.037977140488792,1.0,3762.95,93.84,3287.4473484898826,522821.8243819266
54.4766252,55.0512916,1.8235260000000009,0.4984309999999663,26.51342100000005,1.4309720350809876,0.6053259695813009,23.833791028383622,0.1011951200000004,-0.28921736,-0.0009509199999992,23.88438182744726,1.0,3778.59,94.82,3232.449141081726,517314.9124657246
54.5872471,55.1619135,1.7035260000000003,0.1334309999999663,26.11342100000005,1.4961280292186117,0.4925160683173368,24.378753040257955,0.1043951200000004,-0.29641736,-0.0049509199999992,24.429583929229143,1.0,3782.99,91.89,3217.058464336411,534128.8497116118
54.6980716,55.272738,1.6935260000000003,0.3984309999999662,26.43842100000005,1.5433174400599945,0.4700243531021643,24.8711315442738,0.1027951200000004,-0.29681736,-0.0001509199999992,24.923401371118537,1.0,3786.41,93.35,3205.120417493088,525618.6395286557
54.8091639,55.3838303,1.6435260000000005,0.4834309999999662,27.56342100000005,1.5672730201812777,0.4732293088874816,25.514742786716045,0.1223951200000004,-0.30161736,-0.0005509199999992,25.56721318741753,1.0,3791.3,92.86,3188.0885184501362,528444.9709239715
54.9285679,55.5032343,2.003526000000001,0.2434309999999662,27.06342100000005,1.6715624463286312,0.4182943631744008,25.884965500650083,0.1179951200000004,-0.29241736,0.0034490800000007,25.942253760151303,1.0,3795.21,94.33,3174.5015427341295,520054.0655146825
55.0385478,55.6132142,2.2035260000000005,0.1584309999999662,27.23842100000005,1.798732176531384,0.3561721490557845,26.208518814605306,0.1343951200000004,-0.28281736,-0.0049509199999992,26.27258560740021,1.0,3795.21,92.38,3174.5015427341295,531242.6932236415
55.1485473,55.7232137,2.5735260000000006,0.3534309999999663,26.338421000000054,1.983952236840501,0.3555168575729975,26.23957287038673,0.0999951200000004,-0.27721736,0.0014490800000007,26.31686993421556,1.0,3798.63,94.82,3162.64021502489,517314.9124657246
55.258541,55.8332074,1.8835260000000007,0.2084309999999662,26.22342100000005,1.959944619483741,0.3203549208291916,26.23571164909597,0.1315951200000004,-0.27881736,-0.0081509199999992,26.310769200486195,1.0,3795.7,92.86,3172.80080090629,528444.9709239715
55.3687155,55.9433819,1.3635260000000005,0.2184309999999663,21.713421000000054,1.8173664402002387,0.2959892712962414,25.154625402162527,0.0967951200000004,-0.23961736,-0.0077509199999992,25.22192715772941,1.0,3785.43,92.86,3208.539056329136,528444.9709239715
55.479393,56.0540594,1.2335260000000006,-0.3365690000000338,9.923421000000054,1.6777951655343275,0.1447716471881773,21.51349596553467,0.0247951200000004,-0.11041736,0.0238490800000007,21.57930638612828,1.0,3645.16,92.86,3716.819014803192,528444.9709239715
55.5893743,56.1640407,0.7235260000000006,-0.2015690000000336,3.753421000000056,1.4496702282444032,0.0619764136478347,17.267821753156277,-0.0032048799999995,-0.04561736,0.0138490800000007,17.328677183942343,1.0,3186.71,87.49,5690.163209077701,561493.8850154304
55.6994012,56.2740676,0.1585260000000006,-0.2765690000000338,1.038421000000055,1.1410128737593317,-0.0189553130049567,13.388066268241536,0.0003951200000004,-0.01841736,0.0090490800000007,13.436613713462275,1.0,2457.48,83.58,10346.045542588343,588229.2414453218
55.8093853,56.3840517,0.1535260000000007,-0.3365690000000338,0.288421000000055,0.9049470033664276,-0.094883159198754,10.256501440130837,-4.879999999594584e-06,-0.00921736,0.0086490800000007,10.296783657249838,1.0,1462.85,78.2,24179.854393820282,629386.189258312
55.9201988,56.4948652,0.3135260000000004,-0.3465690000000336,-0.0565789999999449,0.7635635403166021,-0.1550504775228296,7.791085063239477,0.0003951200000004,-0.00201736,0.0086490800000007,7.829947406803839,1.0,344.57,72.34,135108.39597179092,681180.5363560962
56.030557900000005,56.6052243,0.2935260000000004,-0.3565690000000339,-0.116578999999945,0.6511976709357183,-0.2032249360123581,5.900700847035447,0.0003951200000004,-0.00121736,0.0094490800000007,5.940002463589908,1.0,238.51,70.87,199634.81615026624,695517.1440666008
56.1413933,56.7160597,0.2535260000000003,-0.1815690000000336,0.268421000000055,0.5561313853732024,-0.1980479280745611,4.554263664204734,-0.0008048799999995,-0.00721736,0.0078490800000007,4.592365689130959,1.0,230.69,70.87,206741.08110451253,695517.1440666008
56.2522275,56.8268939,0.4135260000000005,-0.2665690000000336,2.513421000000055,0.5220405378739525,-0.2144283852878928,4.066385483073723,0.0059951200000004,-0.03481736,0.0082490800000007,4.105361951467082,1.0,1610.46,79.18,21047.030041106267,621472.5940894164
56.3630814,56.9377478,0.6635260000000005,-0.3165690000000338,5.623421000000056,0.5558636596310808,-0.2388458370588663,4.438606070813364,0.0135951200000004,-0.07081736,0.0070490800000007,4.479649048066161,1.0,2667.64,85.04,8743.158747057325,577958.6077140169
56.4738843,57.0485507,0.6385260000000006,0.0984309999999661,10.473421000000055,0.5756246892168364,-0.1582173728033873,5.881272172789066,0.0147951200000004,-0.13561736,0.0046490800000007,5.91149210354846,1.0,3141.74,88.95,5914.747878564109,552113.5469364811
56.5935857,57.1682521,0.9135260000000004,0.2134309999999661,16.228421000000054,0.6564024384270719,-0.0693721446415876,8.354832843708714,0.0499951200000004,-0.19241736,0.0074490800000007,8.380865617699582,1.0,3387.1,87.98,4761.890702961236,558310.9797681292
56.6963312,57.2709976,1.3035260000000006,0.8584309999999663,20.81842100000005,0.8111020003897564,0.152425899173688,11.33434362457878,0.0463951200000004,-0.23761736,0.0066490800000007,11.364350641801089,1.0,3549.85,92.38,4085.1021874163694,531242.6932236415
56.8072622,57.3819286,1.0735260000000006,0.8234309999999663,22.91842100000005,0.8738363531453937,0.3128345156058281,14.103601000038378,0.0739951200000004,-0.26041736,0.0002490800000007,14.134108269520096,1.0,3641.74,91.89,3729.700637607298,534128.8497116118
56.9185749,57.4932413,0.7585260000000005,0.7334309999999662,19.06342100000005,0.846270580268888,0.4133811434255069,15.28928179883798,0.0635951200000004,-0.22521736,-0.0021509199999992,15.318263471720506,1.0,3676.44,91.89,3600.1131529414333,534128.8497116118
57.0294345,57.6041009,0.4535260000000005,-0.0065690000000337,9.073421000000057,0.7523821513216626,0.3129890280832868,13.803335373917273,0.0243951200000004,-0.11481736,0.0126490800000007,13.827368096574409,1.0,3509.29,91.4,4247.896298111584,537045.9518599563
57.1406311,57.7152975,0.2885260000000005,-0.2665690000000336,1.653421000000055,0.6414939876319667,0.1744414949684029,10.898810576581027,0.0023951200000004,-0.02601736,0.0106490800000007,10.91906664305742,1.0,2916.42,86.51,7144.307061397192,567967.8649867068
57.251411,57.8260774,0.3785260000000003,-0.4065690000000337,-0.126578999999945,0.578629590610179,0.0355467391525767,8.263111555177357,0.0003951200000004,-0.00121736,0.0082490800000007,8.283422502027747,1.0,838.71,72.83,49615.361686399345,676530.275985171
57.3624002,57.9370666,0.3135260000000004,-0.3915690000000336,-0.116578999999945,0.5152546622696852,-0.0665583636096732,6.259885996339964,-4.879999999594584e-06,-0.00161736,0.0094490800000007,6.281408287154261,1.0,235.58,70.87,202242.12581713218,695517.1440666008
57.4731351,58.0478015,0.3385260000000003,-0.4315690000000336,-0.076578999999945,0.4730063989350633,-0.1538167929335232,4.745108266808635,0.0003951200000004,-0.00081736,0.0086490800000007,4.771105440352112,1.0,239.98,71.36,198350.69589132429,690672.6457399103
57.5839118,58.1585782,0.3635260000000007,-0.0915690000000337,0.7334210000000551,0.4468343187258566,-0.1389360083789502,3.7860854468110254,-0.0028048799999995,-0.00561736,0.0078490800000007,3.814892807585781,1.0,715.54,73.8,59877.29546915617,667506.7750677507
57.6956138,58.2702802,0.3785260000000003,-0.956569000000034,4.288421000000056,0.4305047217017395,-0.3343970812883876,3.906172389477334,0.0187951200000004,-0.02161736,0.0106490800000007,3.9440256667137374,1.0,2339.69,83.58,11370.352482593846,588229.2414453218
57.806433600000005,58.3811,0.6285260000000006,-0.8515690000000335,8.758421000000055,0.4778431387075612,-0.4580307643050062,5.066137470577715,0.0299951200000004,-0.03841736,0.0110490800000007,5.109195153549264,1.0,3060.12,87.0,6339.228526985869,564712.6436781608
57.9177629,58.4924293,1.0035260000000006,-0.3515690000000335,14.163421000000056,0.6035114240278543,-0.432580310509564,7.240908813520662,0.0471951200000004,-0.05161736,0.0122490800000007,7.278881247121283,1.0,3279.57,90.91,5245.90113947865,539994.5000549995
58.0281041,58.6027705,1.1035260000000005,-0.5515690000000337,19.20842100000005,0.723043520324631,-0.4610254162602299,10.101829050347504,0.0719951200000004,-0.07401736,0.0066490800000007,10.138159918306975,1.0,3454.55,90.42,4473.665166230043,542975.00552975
58.1389598,58.7136262,1.2735260000000006,-0.0065690000000337,22.85342100000005,0.854640333562152,-0.3523843271370042,13.150189218447844,0.0751951200000004,-0.08281736,0.0118490800000007,13.182642424595493,1.0,3566.96,92.86,4017.5387444770895,528444.9709239715
58.258700000000005,58.8333664,1.3985260000000006,-0.1015690000000337,26.233421000000053,0.984660130942433,-0.2924251113926336,16.27783028400083,0.0991951200000004,-0.09161736,0.0134490800000007,16.310206214943303,1.0,3639.79,93.35,3737.056258740201,525618.6395286557
58.3686599,58.9433263,1.3835260000000005,0.0734309999999662,25.078421000000056,1.0800118981923994,-0.2049645651621159,18.381675066701604,0.0947951200000004,-0.08801736,0.0146490800000007,18.414516405027005,1.0,3682.8,91.89,3576.6264798522852,534128.8497116118
58.4788951,59.0535615,0.9785260000000005,-0.2765690000000338,13.483421000000057,1.0557509611348874,-0.222082122552681,17.210712048976166,0.0431951200000004,-0.05201736,0.0106490800000007,17.244493028032693,1.0,3632.94,92.38,3762.9578247920413,531242.6932236415
58.5894255,59.1640919,0.3485260000000005,-0.0665690000000338,2.223421000000055,0.8866837254578045,-0.1849055872402165,13.627891861362617,-4.879999999594584e-06,-0.01361736,0.0098490800000007,13.65795865750727,1.0,3275.66,88.95,5264.099448660729,552113.5469364811
58.6994342,59.2741006,0.3785260000000003,-0.3615690000000338,-0.116578999999945,0.7652049504535395,-0.2271382522081674,10.342176817247278,0.0003951200000004,-0.00161736,0.0078490800000007,10.372933612099414,1.0,1841.64,80.16,17149.714385004667,613752.49500998
58.810301,59.3849674,0.2485260000000004,-0.331569000000034,-0.096578999999945,0.6416891150600321,-0.2521031768348791,7.846716833626236,0.0003951200000004,-0.00121736,0.0074490800000007,7.876946489552288,1.0,226.3,70.38,210945.64737074677,700429.0991759022
58.9211055,59.4957719,0.2235260000000005,-0.1215690000000337,0.9184210000000552,0.5417242017573842,-0.2208980389344343,6.190457667286062,0.0007951200000004,-0.01801736,0.0042490800000007,6.218040461820391,1.0,272.24,71.85,173661.47516896855,685894.2240779402
59.031121,59.6057874,0.5685260000000008,-0.4465690000000337,4.453421000000056,0.548131365233038,-0.2748463123363323,5.775206504294706,0.0263951200000004,-0.06521736,0.0122490800000007,5.807667230154031,1.0,1866.08,81.13,16794.13529966561,606294.8354492789
59.1411224,59.7157888,0.9085260000000006,0.0884309999999661,9.953421000000056,0.634286306024616,-0.1880022466484639,6.774038861287959,0.0587951200000004,-0.13401736,0.0070490800000007,6.806266704809231,1.0,2935.48,85.53,7032.98949405208,574590.20226821
59.251129,59.8257954,1.1535260000000005,-0.0715690000000337,14.438421000000057,0.7584143056548348,-0.1601680379687117,8.606264776059822,0.0991951200000004,-0.18881736,0.0074490800000007,8.641101750069645,1.0,3300.1,88.95,5151.056028605194,552113.5469364811
59.3619603,59.9366267,1.6335260000000007,0.1384309999999662,18.25842100000005,0.9676160776542354,-0.088785780979097,10.9136824448116,0.1259951200000004,-0.23041736,0.0074490800000007,10.956853028804757,1.0,3474.1,90.91,4392.216689214474,539994.5000549995
59.4719708,60.0466372,1.9335260000000003,0.4784309999999663,20.88342100000005,1.1985238219482297,0.0468114878671496,13.297020463939386,0.1527951200000004,-0.25721736,0.0042490800000007,13.35100759814017,1.0,3581.62,93.35,3960.1632780697014,525618.6395286557
59.582773800000005,60.1574402,1.9585260000000004,0.4484309999999663,23.28342100000005,1.3802078325713618,0.1428215333854999,15.684341649954336,0.1751951200000004,-0.28281736,0.0086490800000007,15.745600802890385,1.0,3648.58,92.86,3703.961541202332,528444.9709239715
59.6931504,60.2678168,1.5185260000000005,0.6584309999999662,25.29342100000005,1.4132737896517704,0.2660817009417421,17.98146148083106,0.1891951200000004,-0.31441736,0.0014490800000007,18.03887743909537,1.0,3686.71,92.38,3562.227568753713,531242.6932236415
59.8039742,60.3786406,1.7985260000000003,1.2134309999999662,26.253421000000053,1.5053711134474992,0.4925523941641327,19.958933157303605,0.1851951200000004,-0.32161736,0.0026490800000007,20.02168231762537,1.0,3710.17,92.86,3476.4714285329233,528444.9709239715
59.9149705,60.4896369,1.5685260000000003,1.1784309999999665,26.06342100000005,1.520468745284188,0.6565166294092166,21.41825507254382,0.1847951200000004,-0.32001736,0.0014490800000007,21.48219005694312,1.0,3718.96,92.38,3444.61892572117,531242.6932236415
60.0264814,60.6011478,1.5585260000000003,1.3734309999999663,26.52842100000005,1.529566606934795,0.8279001884092453,22.63987715135144,0.1855951200000004,-0.32281736,0.0054490800000007,22.7065856120048,1.0,3722.87,92.38,3430.498513243816,531242.6932236415
60.137373700000005,60.7120401,1.3185260000000003,1.4084309999999662,26.48842100000005,1.4791158253718486,0.9666802724485826,23.55989935875337,0.1851951200000004,-0.32801736,-0.0013509199999992,23.62606848734241,1.0,3728.74,92.38,3409.3554391027546,531242.6932236415
60.2486467,60.8233131,1.4335260000000003,1.5784309999999664,27.498421000000054,1.4682172482935585,1.1129237029188348,24.50143140744041,0.1899951200000004,-0.33681736,-0.0009509199999992,24.570600360394387,1.0,3733.14,93.35,3393.550737448905,525618.6395286557
60.359461,60.9341274,1.6235260000000005,1.5484309999999664,28.85342100000005,1.505344927278942,1.2170348682212453,25.54180595662033,0.2031951200000004,-0.34961736,-0.0021509199999992,25.615055899728123,1.0,3742.91,93.35,3358.5899741110525,525618.6395286557
60.470299700000005,61.0449661,2.0535260000000006,0.9584309999999664,30.13842100000005,1.636391572559567,1.155213745469282,26.64065998689781,0.2287951200000004,-0.36441736,0.0014490800000007,26.71585785098362,1.0,3752.2,93.35,3325.515697457493,525618.6395286557
60.5894617,61.1641281,1.7835260000000006,0.6784309999999663,29.38842100000005,1.671565120281025,1.0412353860719057,27.29753210583572,0.2243951200000004,-0.36041736,0.0038490800000007,27.368477490530605,1.0,3764.91,92.86,3280.529946266977,528444.9709239715
60.6994819,61.2741483,1.7485260000000005,0.8234309999999663,28.63342100000005,1.6899631745132797,0.9891676742473172,27.616885995927,0.2143951200000004,-0.35001736,0.0050490800000007,27.6862207664935,1.0,3764.42,93.35,3282.2586215140714,525618.6395286557
60.8102911,61.3849575,1.5685260000000003,0.7834309999999662,27.84842100000005,1.6609327407310084,0.9399848361068488,27.67223611116939,0.2139951200000004,-0.34641736,-0.0041509199999992,27.737968931658468,1.0,3762.46,92.38,3289.1778251463143,531242.6932236415
60.9211757,61.4958421,1.4235260000000003,0.9434309999999664,25.65842100000005,1.604178944425391,0.9408086664792448,27.190819061828,0.1939951200000004,-0.32081736,-0.0053509199999992,27.25434189786517,1.0,3753.67,93.35,3320.2972024711808,525618.6395286557
61.0311683,61.6058347,1.3885260000000006,0.3034309999999662,19.36842100000005,1.5526255502675872,0.7884389311392492,25.32081829918977,0.1407951200000004,-0.24601736,0.0022490800000007,25.38062492114928,1.0,3723.85,92.38,3426.9640291633664,531242.6932236415
61.1428911,61.7175575,1.2035260000000003,-0.0215690000000337,11.348421000000055,1.469170781016878,0.5948006840184548,21.980615793660004,0.0663951200000004,-0.14801736,0.0130490800000007,22.03768865616352,1.0,3568.91,91.4,4009.879767211839,537045.9518599563
61.253641300000005,61.8283077,0.7935260000000006,-0.7915690000000339,8.313421000000055,1.307653015519932,0.2633789964589677,18.713374151741203,0.0555951200000004,-0.11641736,0.0142490800000007,18.76085544552353,1.0,3371.95,89.93,4828.215127745075,545987.9906594018
61.3636832,61.9383496,0.5435260000000004,-0.3265690000000336,5.763421000000055,1.124982932703816,0.1223476663507906,15.617594305397482,0.0227951200000004,-0.09081736,0.0094490800000007,15.658537844841076,1.0,3220.92,89.44,5523.515020553134,549033.9892665475
61.4736273,62.0482937,0.4535260000000005,-0.5765690000000336,0.723421000000055,0.964466302597493,-0.0447334114422751,12.057034587032746,0.0039951200000004,-0.01521736,0.0118490800000007,12.095630589590987,1.0,2402.25,83.58,10813.82037673015,588229.2414453218
61.5844877,62.1591541,0.4035260000000007,-0.3465690000000336,-0.106578999999945,0.8303694712471972,-0.1168893892297908,9.149234893843468,-4.879999999594584e-06,-0.00081736,0.0074490800000007,9.187582692461426,1.0,380.74,70.38,121323.21269107527,700429.0991759022
61.6944948,62.2691612,0.2935260000000004,-0.3065690000000336,-0.116578999999945,0.702033161497318,-0.1622336703560811,6.93417514988792,0.0003951200000004,-0.00121736,0.0082490800000007,6.971510261985008,1.0,281.04,71.36,167910.61770566466,690672.6457399103
61.8053656,62.380032,0.3585260000000003,-0.4665690000000337,-0.106578999999945,0.6199152931793809,-0.234987229307408,5.251032010690294,0.0003951200000004,-0.00161736,0.0086490800000007,5.292716801978868,1.0,255.13,70.87,185978.52075412538,695517.1440666008
61.9156597,62.4903261,0.2185260000000006,-0.3715690000000335,0.0134210000000549,0.5239602831648617,-0.2676380882050187,3.998943264121914,0.0003951200000004,-0.00321736,0.0082490800000007,4.041993537137123,1.0,243.4,70.87,195423.17173377157,695517.1440666008
62.0261592,62.6008256,0.2535260000000003,-0.4665690000000337,0.723421000000055,0.4593110142623232,-0.3151939596690777,3.215906005785947,0.0015951200000004,-0.01441736,0.0090490800000007,3.2637961453014617,1.0,801.56,73.8,52378.36219372225,667506.7750677507
62.1362065,62.7108729,0.4485260000000006,-0.6715690000000338,3.6334210000000553,0.4567327786961707,-0.4003879873747431,3.315715981118604,0.0111951200000004,-0.05561736,0.0134490800000007,3.37088828634454,1.0,1829.42,80.16,17331.066676870265,613752.49500998
62.246203300000005,62.8208697,0.9685260000000004,-0.3815690000000338,8.238421000000056,0.5790806452438347,-0.3958891725017805,4.492524175586804,0.0131951200000004,-0.11161736,0.0174490800000007,4.546958994628394,1.0,2923.75,85.04,7101.325352714835,577958.6077140169
62.3654663,62.9401327,1.0435260000000006,-0.8515690000000335,13.088421000000055,0.6901096622707249,-0.5048227269189103,6.547435404874968,0.0531951200000004,-0.16641736,0.0218490800000007,6.603030191706191,1.0,3319.65,89.44,5061.828807253776,549033.9892665475
62.4764126,63.051079,1.2335260000000006,0.0034309999999662,17.658421000000054,0.8200172632329736,-0.3833210020718987,9.20359677282392,0.0383951200000004,-0.22081736,0.0230490800000007,9.24800285788042,1.0,3483.87,90.42,4351.855838478474,542975.00552975
62.5790263,63.1536927,2.4285260000000006,-0.0415690000000337,19.468421000000053,1.2045428959980344,-0.3016227172932045,11.657477153424376,0.0143951200000004,-0.24441736,0.0386490800000007,11.723424134377206,1.0,3592.86,93.35,3916.489927244591,525618.6395286557
62.689880200000005,63.2645466,1.7935260000000004,0.0634309999999662,19.948421000000053,1.3453435615943496,-0.214353989168338,13.639487170498876,0.0431951200000004,-0.25761736,0.0134490800000007,13.70735230471586,1.0,3673.02,93.35,3612.7764074249535,525618.6395286557
62.8011868,63.3758532,1.6885260000000004,-0.0715690000000337,22.59842100000005,1.4273838025115504,-0.180220206084481,15.781185018291298,0.0899951200000004,-0.28001736,0.0030490800000007,15.846630696267743,1.0,3692.08,92.86,3542.501787610237,528444.9709239715
62.920352,63.4950184,1.8085260000000003,0.0584309999999661,24.97842100000005,1.518498598044016,-0.1231689113465908,17.979850716970915,0.0807951200000004,-0.31601736,-0.0029509199999992,18.044279990555,1.0,3719.45,90.91,3442.8477328637296,539994.5000549995
63.031193,63.6058594,2.0385260000000005,0.3784309999999662,26.51342100000005,1.642814904957093,-0.0032578291767155,20.019862336318536,0.0907951200000004,-0.32761736,0.0014490800000007,20.087153591052804,1.0,3746.33,92.86,3346.395005245133,528444.9709239715
63.1412007,63.7158671,2.1935260000000008,0.5584309999999664,28.74342100000005,1.7744663703496522,0.1310179428594001,22.10529205046321,0.1135951200000004,-0.34761736,-0.0053509199999992,22.17678590862808,1.0,3762.95,93.35,3287.4473484898826,525618.6395286557
63.2529122,63.8275786,2.2285260000000005,0.8684309999999663,28.123421000000054,1.8830126047675613,0.3073018609536937,23.543969248470592,0.0879951200000004,-0.34841736,0.0038490800000007,23.621148551168886,1.0,3781.04,94.33,3223.8749127224264,520054.0655146825
63.3637059,63.9383723,2.098526000000001,0.7034309999999662,29.123421000000054,1.9345326386827413,0.4019993931253879,24.87777749346101,0.1219951200000004,-0.34641736,-0.0001509199999992,24.95611814878984,1.0,3780.06,92.38,3227.30327031846,531242.6932236415
63.47369450000001,64.0483609,1.9185260000000004,1.0984309999999664,27.503421000000053,1.9307061360799056,0.5684863994995549,25.505456540325667,0.1079951200000004,-0.33201736,-0.0073509199999992,25.584743819330185,1.0,3788.37,93.84,3198.2884459543293,522821.8243819266
63.5845293,64.1591957,1.6485260000000006,0.9534309999999664,23.53342100000005,1.863248936190557,0.6605101869391088,25.034027199193822,0.0931951200000004,-0.28841736,-0.0165509199999992,25.11195906565717,1.0,3770.28,92.38,3261.614521998366,531242.6932236415
63.6943517,64.2690181,1.6035260000000005,1.173430999999966,21.468421000000053,1.801160292156827,0.7831276124415743,24.181643280725503,0.0707951200000004,-0.26401736,-0.0133509199999992,24.261272411225008,1.0,3737.05,93.84,3379.5373355989345,522821.8243819266
63.8045728,64.3792392,1.4735260000000006,0.5634309999999663,18.69342100000005,1.7228369479141632,0.73060755023461,22.86964409973696,0.0659951200000004,-0.23601736,-0.0101509199999992,22.94607974775193,1.0,3708.7,93.84,3481.813034216843,522821.8243819266
63.91454710000001,64.4892135,1.0485260000000003,-0.0515690000000337,14.133421000000055,1.561638044855512,0.54362259576213,20.781186860670296,0.0479951200000004,-0.18481736,0.0014490800000007,20.846869459174417,1.0,3648.09,92.86,3705.802214309406,528444.9709239715
64.0253787,64.6000451,0.8785260000000006,-0.2515690000000339,7.443421000000056,1.3983351759973337,0.3535263006406743,17.592697584849045,0.0055951200000004,-0.10641736,0.0098490800000007,17.65172315729061,1.0,3479.96,90.42,4367.981241163692,542975.00552975
64.13623150000001,64.7108979,0.5935260000000007,-0.6065690000000339,1.6134210000000553,1.2059397288470053,0.1240085836678376,13.772736089167765,0.0007951200000004,-0.02721736,0.0170490800000007,13.825987420083209,1.0,2906.65,86.02,7201.933497325099,571260.172053011
64.2470449,64.8217113,0.3835260000000007,-0.3815690000000338,-0.106578999999945,1.009335786169527,0.0031466101963958,10.4547855583334,-4.879999999594584e-06,-0.00121736,0.0074490800000007,10.503395151146831,1.0,617.3,71.85,70997.8940547546,685894.2240779402
64.3570706,64.931737,0.3785260000000003,-0.4065690000000337,-0.106578999999945,0.858536150061388,-0.0947988660471216,7.930015069477907,0.0003951200000004,-0.00121736,0.0082490800000007,7.976917333664224,1.0,246.82,70.87,192576.7765983308,695517.1440666008
64.46790800000001,65.0425744,0.2935260000000004,-0.331569000000034,-0.116578999999945,0.7234663922758543,-0.1514004769038355,6.0064186317063015,0.0003951200000004,-0.00121736,0.0090490800000007,6.0517262416989706,1.0,254.15,71.85,186734.21207948064,685894.2240779402
64.5778609,65.1525273,0.3835260000000007,-0.331569000000034,-0.116578999999945,0.6422011859052605,-0.1944710638172509,4.542671817695787,-4.879999999594584e-06,-0.00121736,0.0090490800000007,4.59196130222456,1.0,255.62,70.38,185602.84797746653,700429.0991759022
64.69040100000001,65.2650674,0.2935260000000004,-0.3815690000000338,-0.116578999999945,0.5588478640208084,-0.2391981769843967,3.428844253111616,0.0003951200000004,-0.00121736,0.0090490800000007,3.4823123948160988,1.0,241.45,69.89,197082.2116380203,705409.9298898268
64.8012411,65.3759075,0.2285260000000004,-0.3415690000000337,-0.076578999999945,0.4798820363100867,-0.263670661713256,2.59084750264242,-4.879999999594584e-06,-0.00121736,0.0090490800000007,2.648074728660406,1.0,233.63,70.87,204013.6112656765,695517.1440666008
64.9112155,65.4858819,0.3385260000000003,-0.331569000000034,-0.096578999999945,0.4460898547291858,-0.2799022499518724,1.948398784262953,0.0003951200000004,-0.00121736,0.0090490800000007,2.0183159441816296,1.0,306.45,72.34,153158.75346712352,681180.5363560962
65.0212318,65.5958982,0.3385260000000003,-0.3815690000000338,-0.096578999999945,0.4203759382567633,-0.3042064209519077,1.4595320728115282,0.0003951200000004,-0.00121736,0.0090490800000007,1.5490291629208082,1.0,479.96,72.83,94175.34794566214,676530.275985171
65.1320765,65.7067429,0.3335260000000004,-0.4815690000000339,-0.126578999999945,0.3996138331463419,-0.346606226671584,1.0803607634070471,0.0003951200000004,-0.00121736,0.0074490800000007,1.202915820462464,1.0,316.23,70.38,148112.76602472883,700429.0991759022
65.25125440000001,65.8259208,0.2485260000000004,-0.3565690000000339,-0.076578999999945,0.3634951952330226,-0.3489878996029458,0.803785955682165,0.0003951200000004,-0.00161736,0.0078490800000007,0.9486797002037411,1.0,362.66,70.87,127870.18143715877,695517.1440666008
65.3532234,65.9278898,0.3585260000000003,-0.3465690000000336,-0.086578999999945,0.3623072732170368,-0.3484096441796805,0.5909377813765464,0.0003951200000004,-0.00121736,0.0082490800000007,0.7757984930647978,1.0,901.76,72.34,45447.125621007806,681180.5363560962
65.464032,66.0386984,0.3185260000000003,-0.3465690000000336,-0.096578999999945,0.351841043595631,-0.347969624892439,0.4265819284349258,-4.879999999594584e-06,-0.00121736,0.0090490800000007,0.653335382076853,1.0,215.54,68.91,221975.50338684235,715584.0951966333
65.5754048,66.1500712,0.3135260000000004,-0.4665690000000337,-0.106578999999945,0.3426815556511371,-0.3763216622276231,0.2991259571455887,0.0003951200000004,-0.00121736,0.0086490800000007,0.5903600429259328,1.0,43.01,69.89,1152520.344106022,705409.9298898268
65.6853869,66.2600533,0.2935260000000004,-0.3565690000000339,-0.076578999999945,0.3309305649921357,-0.3715996456365759,0.2093109731936048,0.0003951200000004,-0.00121736,0.0094490800000007,0.5398262859314068,1.0,38.12,69.4,1301647.429171039,710461.0951008645
65.79539820000001,66.3700646,0.3585260000000003,-0.3915690000000336,-0.086578999999945,0.337527453069445,-0.3763734640480021,0.1385763377077138,0.0003951200000004,-0.00121736,0.0086490800000007,0.5241995492057595,1.0,90.42,68.43,542975.00552975,720673.6811340054
65.9054302,66.4800966,0.3835260000000007,-0.4065690000000337,-0.096578999999945,0.3485237379887896,-0.3835919250381315,0.0823607555580871,0.0003951200000004,-0.00121736,0.0082490800000007,0.5247807684664492,1.0,51.32,68.91,964279.0335151987,715584.0951966333
66.0162472,66.5909136,0.3785260000000003,-0.3565690000000339,-0.106578999999945,0.3556959954472301,-0.3771318996046841,0.0371933421647018,0.0007951200000004,-0.00081736,0.0078490800000007,0.5197417200668175,1.0,58.65,69.4,842514.9190110826,710461.0951008645
66.12656080000001,66.7012272,0.3385260000000003,-0.4065690000000337,-0.106578999999945,0.3515913840062071,-0.3841690510963454,0.0028235252148154,0.0003951200000004,-0.00121736,0.0082490800000007,0.5207785838744767,1.0,32.26,68.43,1539907.0055796653,720673.6811340054
66.2379142,66.8125806,0.3585260000000003,-0.3965690000000339,-0.116578999999945,0.3532491540524896,-0.3871333484541756,-0.0257205109551303,0.0003951200000004,-0.00121736,0.0094490800000007,0.5247082417953187,1.0,42.03,67.94,1179626.45729241,725943.4795407713
66.34792970000001,66.9225961,0.2485260000000004,-0.3815690000000338,-0.106578999999945,0.3282143275969472,-0.385803150761526,-0.045050316851539,0.0003951200000004,-0.00161736,0.0098490800000007,0.508525561821489,1.0,37.63,69.4,1318727.0794578793,710461.0951008645
66.4670763,67.0417427,0.4035260000000007,-0.4165690000000339,-0.086578999999945,0.3462181269070988,-0.3931579492625087,-0.0549780485452049,0.0003951200000004,-0.00121736,0.0082490800000007,0.5267473305952297,1.0,39.59,69.89,1252945.1881788329,705409.9298898268
66.5779127,67.1525791,0.3185260000000003,-0.3915690000000336,-0.0665789999999449,0.339598123932813,-0.3927780994633631,-0.0577513397912174,0.0003951200000004,-0.00121736,0.0102490800000007,0.5224334775303153,1.0,38.61,68.43,1285001.295001295,720673.6811340054
66.6887687,67.2634351,0.2085260000000004,-0.4765690000000335,-0.116578999999945,0.3082643858926788,-0.4128089195094989,-0.0718145169122288,0.0003951200000004,-0.00121736,0.0090490800000007,0.5201879088134662,1.0,38.12,69.89,1301647.429171039,705409.9298898268
