time,world_time,Fx,Fy,Fz,LPF_Fx,LPF_Fy,LPF_Fz,Mx,My,Mz,force_magnitude,touch_count,Volt_FSR1,Volt_FSR2,CalF1,CalF2
2.033649,2.598343,0.0560769999999257,-0.0495285000000018,-0.0097400000001754,0.0134056119283988,-0.0118401456996024,-0.00232841735801,0.000528280000001,0.000900959999999,0.0030819999999979,0.0180366573609337,,0.0,0.0,0.0,0.0
2.1616823,2.7263763,0.1010769999999257,-0.0245285000000019,0.0202599999998245,0.0343640905508732,-0.0148733884508446,0.0030715069813133,0.000928280000001,0.000900959999999,0.0034819999999979,0.037570501174919,,0.0,0.49,0.0,0.0026926604633974944
2.1706873,2.7353813,0.0610769999999256,0.025471499999998,0.0202599999998245,0.0407500045183274,-0.0052286514309032,0.0071805404003703,0.000128280000001,0.000900959999999,0.0022819999999979,0.041706855844944,,0.49,0.49,0.0006216011309879753,0.0026926604633974944
2.1887487,2.7534427,0.1260769999999256,-0.0595285000000018,0.0102599999998245,0.0611480391572,-0.0182094224723127,0.0079167074624371,0.000128280000001,0.000900959999999,0.0010819999999979,0.064291057049884,,0.0,0.0,0.0,0.0
2.3015766,2.8662706,0.1010769999999257,0.0004714999999981,0.0102599999998245,0.0706933456779219,-0.0137436130115956,0.0084768884705326,0.000528280000001,0.000900959999999,0.0026819999999979,0.0725140928364446,,0.0,0.0,0.0,0.0
2.4056734000000004,2.9703674,0.1060769999999255,0.050471499999998,0.0102599999998245,0.0791520638413404,0.0016074736188025,0.0089031541621133,0.000128280000001,0.000900959999999,0.0018819999999979,0.0796674295795536,,0.0,0.0,0.0,0.0
2.5232408,3.0879348,0.1460769999999256,-0.0245285000000019,0.0202599999998245,0.0951509532697343,-0.004640519670871,0.0116180901970511,0.000128280000001,0.000900959999999,0.0026819999999979,0.0959698825193702,,0.0,0.0,0.0,0.0
2.6272561000000003,3.1919501,0.1010769999999257,-0.074528500000002,0.0202599999998245,0.0965676175480411,-0.0213477462121114,0.0136840011611961,0.000528280000001,0.000900959999999,0.0026819999999979,0.0998412886286083,,0.49,0.0,0.0006216011309879753,0.0
2.7382241,3.3029181,0.1660769999999256,-0.0095285000000018,0.0202599999998245,0.1131843375318821,-0.0185222700274734,0.0152560411860257,0.000128280000001,0.000900959999999,0.0030819999999979,0.1157001103809818,,0.0,0.0,0.0,0.0
2.8531877000000003,3.4178817,0.1010769999999257,0.0004714999999981,0.0102599999998245,0.1102899910361751,-0.0139816720988061,0.0140617014510078,0.000528280000001,0.000500959999999,0.0026819999999979,0.1120584701177711,,0.0,0.0,0.0,0.0
2.9581967,3.5228907,0.1010769999999257,-0.0245285000000019,0.0302599999998245,0.1080875589778991,-0.0165029674947657,0.017934021729305,0.000528280000001,0.000900959999999,0.0026819999999979,0.1108011618951774,,0.0,0.0,0.0,0.0
3.0731981,3.6378921,0.1010769999999257,-0.0495285000000018,0.0302599999998245,0.1064116342126658,-0.024397959603732,0.020880635872941,0.000528280000001,0.000900959999999,0.0022819999999979,0.1111516859210596,,0.49,0.0,0.0006216011309879753,0.0
3.1797151,3.7444091,0.0360769999999257,-0.0145285000000019,0.0002599999998245,0.0895976318340948,-0.0220385939923264,0.0159511239120268,0.000128280000001,0.000500959999999,0.0022819999999979,0.0936369243914677,,0.98,0.0,0.001073987153402649,0.0
3.2921165,3.8568105,0.0160769999999257,0.025471499999998,0.0202599999998245,0.0720219937097148,-0.0106809628290385,0.0169811918664582,0.000528280000001,0.000900959999999,0.0014819999999979,0.0747637039082666,,0.0,0.0,0.0,0.0
3.3960874,3.9607814,0.0160769999999257,-0.0245285000000019,0.0002599999998245,0.0586479388385352,-0.0139913166189748,0.0129838701633591,0.000128280000001,0.000900959999999,0.0026819999999979,0.0616759155194305,,0.0,0.0,0.0,0.0
3.513195,4.077889,0.1010769999999257,-0.074528500000002,0.0102599999998245,0.0687909124001853,-0.0284631676032542,0.0123327093245885,0.000128280000001,0.000500959999999,0.0018819999999979,0.0754614952021606,,0.98,0.49,0.001073987153402649,0.0026926604633974944
3.6181655,4.1828595,0.0610769999999256,-0.0245285000000019,0.0202599999998245,0.0669468459186031,-0.0275225568901898,0.0142277854241653,0.000528280000001,0.000900959999999,0.0026819999999979,0.073768565082283,,0.49,0.0,0.0006216011309879753,0.0
3.7331449,4.2978389,0.1010769999999257,0.050471499999998,0.0302599999998245,0.0751059057946891,-0.0088775141918874,0.0180604021289532,0.000128280000001,0.000900959999999,0.0010819999999979,0.0777552922219921,,1.47,0.0,0.0014788946765945162,0.0
3.8397057,4.4043997,0.1660769999999256,-0.0395285000000018,0.0002599999998245,0.0968532030042193,-0.0162048537601059,0.0138050874168099,0.000128280000001,0.000900959999999,0.0018819999999979,0.0991651181421608,,0.0,0.0,0.0,0.0
3.9556893,4.5203833,0.1660769999999256,-0.0395285000000018,-0.0097400000001754,0.1134016517218027,-0.0217805398746933,0.0081764641892344,0.000528280000001,0.000900959999999,0.0026819999999979,0.1157634704779707,,0.0,0.0,0.0,0.0
4.0607048,4.6253988,0.1460769999999256,-0.074528500000002,0.0002599999998245,0.1212129297616831,-0.0343903207733768,0.0062839762393006,0.000528280000001,0.000900959999999,0.0010819999999979,0.1261537033213158,,0.0,0.0,0.0,0.0
4.1756597,4.7403537,0.1260769999999256,0.0354714999999981,0.0002599999998245,0.1223757208882847,-0.0176893478629063,0.0048439012043947,0.000128280000001,0.000900959999999,0.0026819999999979,0.1237424481316747,,0.0,0.0,0.0,0.0
4.2812968,4.8459908,0.1210769999999257,-0.0595285000000018,0.0002599999998245,0.1220652522784684,-0.0276912994110256,0.0037480865091245,0.000528280000001,0.000500959999999,0.0034819999999979,0.1252229293274881,,0.0,0.0,0.0,0.0
4.388126199999999,4.9528202,0.1260769999999256,0.0354714999999981,0.0202599999998245,0.1230242895505864,-0.0125917759483474,0.0076953787047111,0.000528280000001,0.000900959999999,0.0018819999999979,0.1239062044224132,,0.0,0.0,0.0,0.0
4.5041367,5.0688307,0.0360769999999257,0.0104714999999981,-0.0097400000001754,0.1022389119101309,-0.0070783332327687,0.00352732547892,0.000528280000001,0.000900959999999,0.0026819999999979,0.1025443315593595,,0.49,0.0,0.0006216011309879753,0.0
4.6081033,5.1727973,0.1010769999999257,-0.0495285000000018,0.0302599999998245,0.101961148474797,-0.0172263522419542,0.0099179644295756,0.000128280000001,0.000900959999999,0.0030819999999979,0.1038806479970635,,0.0,0.49,0.0,0.0026926604633974944
4.7256636,5.2903576,0.1660769999999256,-0.0595285000000018,0.0302599999998245,0.1172885059298294,-0.0273389862377622,0.0147808749755891,0.000528280000001,0.000900959999999,0.0026819999999979,0.1213362602720397,,0.49,0.0,0.0006216011309879753,0.0
4.8297404,5.3944344,0.0810769999999256,-0.0345285000000019,0.0102599999998245,0.1086318838594646,-0.029057691436874,0.0137001271555918,0.000128280000001,0.000500959999999,0.0026819999999979,0.113282518980539,,0.0,0.0,0.0,0.0
4.9456631,5.5103571,0.1010769999999257,-0.074528500000002,-0.0097400000001754,0.106825834299302,-0.0399278166873085,0.0080965954366526,0.000128280000001,0.000500959999999,0.0026819999999979,0.1143308544393073,,0.98,0.49,0.001073987153402649,0.0026926604633974944
5.0512789,5.6159729,0.1010769999999257,-0.0495285000000018,0.0302599999998245,0.1054515339326952,-0.0422229293848064,0.0133949173972849,0.000528280000001,0.000500959999999,0.0022819999999979,0.1143775571809121,,0.49,0.0,0.0006216011309879753,0.0
5.1580846,5.7227786,0.1010769999999257,0.0004714999999981,0.0002599999998245,0.1044057699961366,-0.0320165176324324,0.0102549205118923,0.000528280000001,0.000900959999999,0.0034819999999979,0.1096849379108146,,0.0,0.0,0.0,0.0
5.2731036,5.8377976,0.1460769999999256,-0.0495285000000018,-0.0097400000001754,0.1143675785452848,-0.0362028835171429,0.0054749903279609,0.000128280000001,0.000500959999999,0.0030819999999979,0.1200856665733216,,0.0,0.0,0.0,0.0
5.3812766,5.9459706,0.1910769999999257,-0.0995285000000019,0.0002599999998245,0.1327055198630134,-0.0513413295769704,0.00422830921896,0.000128280000001,0.000900959999999,0.0026819999999979,0.1423536642440049,,0.0,0.0,0.0,0.0
5.4890545,6.0537485,0.1010769999999257,-0.0245285000000019,0.0002599999998245,0.1251444937176282,-0.0449315289811538,0.0032796562346048,0.000128280000001,0.000500959999999,0.0026819999999979,0.1330065515282722,,0.0,0.0,0.0,0.0
5.6056626,6.1703566,0.1910769999999257,-0.0995285000000019,0.0202599999998245,0.1409061356151685,-0.0579833292904728,0.0073389300710733,0.000128280000001,0.000900959999999,0.0018819999999979,0.1525466008280609,,0.0,0.0,0.0,0.0
5.7140352,6.2787292,0.1260769999999256,-0.0145285000000019,0.0002599999998245,0.1373611236264421,-0.0475951384478164,0.0056466607021063,0.000128280000001,0.000500959999999,0.0014819999999979,0.1454828521334052,,0.49,0.0,0.0006216011309879753,0.0
5.8190531,6.3837471,0.1460769999999256,-0.074528500000002,0.0102599999998245,0.139444716833621,-0.0540337530829847,0.0067495127861929,0.000928280000001,0.000900959999999,0.0018819999999979,0.1496998044350516,,0.0,0.49,0.0,0.0026926604633974944
5.9356105,6.5003045,0.0810769999999256,-0.0345285000000019,-0.0197400000001755,0.125491492498863,-0.0493708814351431,0.0004170034046838,0.000528280000001,0.000900959999999,0.0026819999999979,0.1348546347557794,,0.49,0.0,0.0006216011309879753,0.0
6.0406111,6.6053051,0.0360769999999257,-0.0145285000000019,-0.0197400000001755,0.1041163121715083,-0.0410415584652736,-0.0044016738655929,0.000528280000001,0.000900959999999,0.0022819999999979,0.1119999585458517,,0.0,0.0,0.0,0.0
6.1490208,6.7137148,0.0360769999999257,-0.0595285000000018,0.0002599999998245,0.0878510231073889,-0.0454609953816189,-0.0032872670539477,0.000128280000001,0.000500959999999,0.0026819999999979,0.098971260913391,,0.0,0.0,0.0,0.0
6.261648999999999,6.826343,0.0160769999999257,-0.0995285000000019,0.0102599999998245,0.0706929244159493,-0.0583862229232476,-4.869500456042416e-05,0.000128280000001,0.000500959999999,0.0018819999999979,0.0916866563951689,,0.0,0.0,0.0,0.0
6.3668058,6.9314998,0.1660769999999256,0.0104714999999981,-0.0197400000001755,0.0934951767017267,-0.0419252868570624,-0.0047560437060834,0.000128280000001,0.000500959999999,0.0026819999999979,0.1025753269371746,,0.0,0.0,0.0,0.0
6.4849253,7.0496193,0.0560769999999257,-0.0995285000000019,0.0202599999998245,0.08455009126682,-0.0556957510620682,0.0012242222479745,0.000528280000001,0.000900959999999,0.0018819999999979,0.1012533127344874,,0.0,0.0,0.0,0.0
6.5916087,7.1563027,0.0810769999999256,-0.0345285000000019,0.0202599999998245,0.0837198237112097,-0.0506355667917002,0.0057748624266019,0.000128280000001,0.000900959999999,0.0026819999999979,0.09801182858512,,0.0,0.0,0.0,0.0
6.7005829,7.2652769,0.2110769999999258,-0.0645285000000019,0.0102599999998245,0.1141654766816872,-0.0539567728322856,0.0068470669623684,0.000128280000001,0.000500959999999,0.0018819999999979,0.1264593678871553,,0.0,0.0,0.0,0.0
6.8080093,7.3727033,0.0610769999999256,-0.0995285000000019,0.0202599999998245,0.1014742928404245,-0.0648510234041436,0.0100535254947788,0.000128280000001,0.000900959999999,0.0018819999999979,0.1208460206994967,,0.49,0.0,0.0006216011309879753,0.0
6.9240059,7.4886999,0.0610769999999256,-0.074528500000002,0.0102599999998245,0.0918170281725869,-0.0671644940907069,0.0101028847167014,0.000128280000001,0.000500959999999,0.0026819999999979,0.1142081617420803,,0.0,0.0,0.0,0.0
7.0289743,7.5936683,0.0610769999999256,-0.0245285000000019,0.0002599999998245,0.0844684023839161,-0.0569720517175013,0.0077498720239647,0.000128280000001,0.000900959999999,0.0026819999999979,0.1021801653677495,,0.49,0.0,0.0006216011309879753,0.0
7.1439755,7.7086695,0.0810769999999256,-0.0345285000000019,-0.0097400000001754,0.0836576631458527,-0.051606758555953,0.0035687917765675,0.000128280000001,0.000900959999999,0.0026819999999979,0.0983595364284617,,0.49,0.49,0.0006216011309879753,0.0026926604633974944
7.248181,7.812875,0.2060769999999256,-0.0895285000000019,0.0102599999998245,0.112922889930449,-0.0606722247800497,0.0051683734370203,0.000528280000001,0.000500959999999,0.0022819999999979,0.1282942321929933,,0.49,0.0,0.0006216011309879753,0.0
7.363969399999999,7.9286634,0.1060769999999255,0.050471499999998,0.0102599999998245,0.1112863304905137,-0.034102514512381,0.0063855635467867,0.000128280000001,0.000900959999999,0.0018819999999979,0.1165693110210447,,0.0,0.0,0.0,0.0
7.468951399999999,8.0336454,0.0360769999999257,-0.0595285000000018,0.0202599999998245,0.093306996753815,-0.0401807800106173,0.0097023478044128,0.000128280000001,0.000500959999999,0.0026819999999979,0.1020530561933148,,0.98,0.0,0.001073987153402649,0.0
7.582223099999999,8.1469171,0.0810769999999256,-0.0645285000000019,0.0102599999998245,0.0903833276850625,-0.04600127835253,0.0098356585899883,0.000528280000001,0.000900959999999,0.0018819999999979,0.1018921180140601,,0.49,0.49,0.0006216011309879753,0.0026926604633974944
7.696546799999999,8.2612408,0.1060769999999255,-0.094528500000002,0.0002599999998245,0.0941350134169096,-0.0576020612291152,0.0075465282331799,0.000128280000001,0.000900959999999,0.0026819999999979,0.1106180288073272,,0.0,0.49,0.0,0.0026926604633974944
7.7981691,8.3628631,0.0810769999999256,-0.0345285000000019,0.0002599999998245,0.0910134009835743,-0.0520861597428721,0.0058046310239531,0.000128280000001,0.000900959999999,0.0018819999999979,0.105024287365738,,0.98,0.0,0.001073987153402649,0.0
7.9115343,8.4762283,0.0810769999999256,-0.0595285000000018,0.0102599999998245,0.0886380325517407,-0.0538653049419076,0.0068697191614861,0.000528280000001,0.000500959999999,0.0026819999999979,0.1039488572928334,,0.0,0.0,0.0,0.0
8.023966900000001,8.5886609,0.0610769999999256,-0.0245285000000019,-0.0097400000001754,0.08204936863006,-0.0468521298028873,0.002899045813746,0.000528280000001,0.000900959999999,0.0010819999999979,0.0945284371302534,,0.49,0.0,0.0006216011309879753,0.0
8.129860500000001,8.6945545,0.0810769999999256,-0.0145285000000019,0.0002599999998245,0.0818169168850139,-0.0391249326051898,0.0022681628484885,0.000528280000001,0.000500959999999,0.0030819999999979,0.0907188668504914,,0.0,0.0,0.0,0.0
8.2405161,8.8052101,0.0360769999999257,-0.0595285000000018,0.0202599999998245,0.0708824593462811,-0.0440025527783471,0.0065692414855425,0.000528280000001,0.000900959999999,0.0018819999999979,0.0836881271608094,,0.0,0.0,0.0,0.0
8.3515125,8.9162065,0.0810769999999256,-0.1345285000000018,0.0102599999998245,0.0733195379309277,-0.0656434343858836,0.0074515439689843,0.000128280000001,0.001300959999999,0.0018819999999979,0.0986931640383479,,0.0,0.0,0.0,0.0
8.465535200000001,9.0302292,0.1460769999999256,0.0004714999999981,0.0002599999998245,0.0907127348101023,-0.0498381817323919,0.0057323534342427,0.000528280000001,0.000500959999999,0.0014819999999979,0.1036605252302627,,1.47,0.0,0.0014788946765945162,0.0
8.575501200000001,9.1401952,0.1210769999999257,-0.0145285000000019,0.0102599999998245,0.0979715317433601,-0.0413971472508697,0.0068147200517012,0.000528280000001,0.000500959999999,0.0022819999999979,0.1065766636840986,,0.0,0.0,0.0,0.0
8.677697100000001,9.2423911,0.0360769999999257,-0.0645285000000019,-0.0097400000001754,0.0831751968280911,-0.0469268642174367,0.0028571946384473,0.000128280000001,0.000500959999999,0.0018819999999979,0.095542699950731,,0.49,0.0,0.0006216011309879753,0.0
8.790483400000001,9.3551774,0.1010769999999257,-0.0995285000000019,-0.0097400000001754,0.0874547521919748,-0.0595016652249974,-0.0001542557371452,0.000528280000001,0.000900959999999,0.0010819999999979,0.1057771508424189,,0.49,0.0,0.0006216011309879753,0.0
8.9030422,9.4677362,0.0810769999999256,0.060471499999998,0.0202599999998245,0.0859301044600666,-0.0308212134385236,0.0047259195614133,0.000528280000001,0.000900959999999,0.0038819999999979,0.0914126050719589,,0.0,0.0,0.0,0.0
9.0155533,9.5802473,0.0810769999999256,-0.0345285000000019,0.0202599999998245,0.0847699347819326,-0.0317074670710398,0.008439453702365,0.000528280000001,0.000900959999999,0.0026819999999979,0.0908984581265741,,0.49,0.49,0.0006216011309879753,0.0026926604633974944
9.1198049,9.6844989,0.0360769999999257,-0.0345285000000019,0.0202599999998245,0.0731295369834897,-0.0323818553707518,0.0112652406817972,0.000528280000001,0.000900959999999,0.0026819999999979,0.0807676877488189,,0.49,0.0,0.0006216011309879753,0.0
9.2314656,9.7961596,0.0810769999999256,-0.0345285000000019,-0.0097400000001754,0.0750294354269475,-0.0328950262758991,0.0062437861630905,0.000128280000001,0.000500959999999,0.0034819999999979,0.0821613278850153,,0.0,0.49,0.0,0.0026926604633974944
9.3441748,9.9088688,0.1010769999999257,-0.0495285000000018,0.0002599999998245,0.0812562938955838,-0.0368713783233845,0.0048133188562201,0.000528280000001,0.000900959999999,0.0030819999999979,0.0893602365458109,,0.98,0.0,0.001073987153402649,0.0
9.4559002,10.0205942,0.1260769999999256,0.0104714999999981,0.0002599999998245,0.0919710074571584,-0.025553721273658,0.003724815092196,0.000128280000001,0.000900959999999,0.0018819999999979,0.0955276563676066,,0.49,0.0,0.0006216011309879753,0.0
9.561444,10.126138,0.1460769999999256,-0.0495285000000018,-0.0097400000001754,0.1049054358151329,-0.0312850653126583,0.0005059537797823,0.000128280000001,0.000900959999999,0.0030819999999979,0.1094721963075901,,0.0,0.0,0.0,0.0
9.675837,10.240531,0.0360769999999257,-0.084528500000002,0.0102599999998245,0.088451501043683,-0.0440132929845117,0.0028377289881159,0.000128280000001,0.000500959999999,0.0022819999999979,0.0988376987896375,,0.0,0.0,0.0,0.0
9.7816095,10.3463035,0.1210769999999257,0.0104714999999981,0.1202599999998246,0.0962508622430758,-0.0309883096446316,0.0309083710862368,0.000128280000001,-0.0002990400000009,0.0034819999999979,0.10573472097836,,0.0,0.0,0.0,0.0
9.8958326,10.4605266,-0.0339230000000743,0.025471499999998,0.1652599999998245,0.0651318601485481,-0.0174911843053985,0.0630260984818926,0.000128280000001,-0.0006990400000009,0.0026819999999979,0.0923059576878149,,124.63,0.0,0.050280202794971196,0.0
10.0001155,10.5648095,0.0760769999999257,-0.0395285000000018,0.1202599999998246,0.0677483748934491,-0.0227593638111826,0.0767082760751769,-0.0002717199999989,-0.0006990400000009,0.0022819999999979,0.1048426943578744,,33.72,0.0,0.01761300947179102,0.0
10.1158179,10.6805119,0.1260769999999256,-0.0095285000000018,0.2352599999998246,0.0816922540684321,-0.0195964302425106,0.1146112109952915,-0.0006717199999989,-0.0006990400000009,0.0018819999999979,0.1421033924255086,,330.89,0.0,0.11327631888385949,0.0
10.2198436,10.7845376,0.1910769999999257,0.025471499999998,0.3052599999998244,0.1078414677361755,-0.0088226159648563,0.1601871811794551,-0.0006717199999989,-0.0010990400000009,0.0018819999999979,0.1933068900225118,,1099.22,0.49,0.3495445088233623,0.0026926604633974944
10.3359361,10.9006301,0.1660769999999256,0.0354714999999981,0.3652599999998245,0.1217630923946382,0.0017662124199916,0.2092113198846703,-0.0006717199999989,-0.0014990400000009,0.0022819999999979,0.2420717797342424,1.0,1282.5,0.0,0.41487600020751403,0.0
10.4399261,11.0046201,0.0610769999999256,0.050471499999998,0.3552599999998245,0.1072556436349765,0.013409563244028,0.2441253118650045,-0.0010717199999989,-0.0014990400000009,0.0030819999999979,0.2669845639192169,1.0,1318.67,0.0,0.4284221817794149,0.0
10.55234,11.117034,0.1210769999999257,0.0354714999999981,0.3052599999998244,0.1105597387141152,0.0186836285923848,0.2587400006768199,-0.0006717199999989,-0.0014990400000009,0.0014819999999979,0.2819909958707057,1.0,1282.99,0.49,0.41505796304450004,0.0026926604633974944
10.6590876,11.2237816,0.0810769999999256,-0.0095285000000018,0.3352599999998245,0.1035116770526617,0.0119393154589411,0.2770326592656691,-0.0006717199999989,-0.0010990400000009,0.0010819999999979,0.2959802507595582,1.0,1295.21,0.0,0.4196095245143271,0.0
10.7733854,11.3380794,0.1660769999999256,0.0104714999999981,0.3352599999998245,0.1184683694507407,0.0115884235705534,0.2909523256798098,-0.0006717199999989,-0.0010990400000009,0.0006819999999979,0.3143601468692523,1.0,1258.06,0.0,0.40585280997294415,0.0
10.880895,11.445589,0.1210769999999257,0.0354714999999981,0.3552599999998245,0.1190919814272548,0.0172978455130583,0.3063255397596128,-0.0006717199999989,-0.0014990400000009,0.0014819999999979,0.3291161676500889,1.0,1236.56,0.0,0.39799883985752205,0.0
10.9957892,11.5604832,0.1210769999999257,-0.0345285000000019,0.3352599999998245,0.1195665144560532,0.0049083832448178,0.3132425314913117,-0.0006717199999989,-0.0018990400000009,0.0022819999999979,0.3353224226626263,1.0,1286.41,0.0,0.41632915876635,0.0
11.0997536,11.6644476,0.0760769999999257,-0.0145285000000019,0.3252599999998244,0.1091700318739945,0.0002618559006661,0.3161153941477856,-0.0002717199999989,-0.0018990400000009,0.0026819999999979,0.3344355047615183,1.0,1265.4,0.49,0.40855194823691404,0.0026926604633974944
11.2157721,11.7804661,0.0560769999999257,0.0004714999999981,0.3052599999998244,0.0964777590811058,0.0003119728369988,0.3135203337615743,-0.0006717199999989,-0.0018990400000009,0.0030819999999979,0.3280290459796691,1.0,1228.25,0.0,0.394983737044214,0.0
11.3222962,11.8869902,0.0760769999999257,0.0354714999999981,0.3052599999998244,0.0916008102556084,0.00871711178405,0.3115456413063928,-0.0006717199999989,-0.0018990400000009,0.0022819999999979,0.3248497854306681,1.0,1279.08,0.0,0.4136071397784626,0.0
11.4374628,12.0021568,0.0760769999999257,-0.0095285000000018,0.3352599999998245,0.0878897312760257,0.0043553664878761,0.3172147300553525,-0.0006717199999989,-0.0018990400000009,0.0026819999999979,0.3291941054227823,1.0,1319.16,0.0,0.42860730902813743,0.0
11.5433033,12.1079973,0.0960769999999258,0.0004714999999981,0.3352599999998245,0.0898469570061159,0.0034269001484094,0.3215285821875834,-0.0006717199999989,-0.0018990400000009,0.0030819999999979,0.3338635177605417,1.0,1321.6,0.0,0.42952982024032416,0.0
11.649204,12.213898,0.1210769999999257,-0.0095285000000018,0.3252599999998244,0.0973127243774585,0.0003298181581647,0.3224206045699092,-0.0010717199999989,-0.0014990400000009,0.0018819999999979,0.3367861656259152,1.0,1259.53,0.0,0.4063926394422098,0.0
11.7632911,12.3279851,0.1610769999999257,0.0104714999999981,0.3352599999998245,0.1125560350733122,0.0027542604620163,0.3254899547942245,-0.0002717199999989,-0.0014990400000009,0.0030819999999979,0.3444127721993823,1.0,1277.61,0.0,0.413062377765328,0.0
11.8692013,12.4338953,0.1260769999999256,0.015471499999998,0.3552599999998245,0.1157883194092059,0.0057944084379583,0.3326066991478399,-0.0010717199999989,-0.0014990400000009,0.0014819999999979,0.3522324891300856,1.0,1333.33,0.0,0.43397995335925105,0.0
11.985714,12.550408,0.1210769999999257,0.0104714999999981,0.3152599999998244,0.1170526167077871,0.0069125009613525,0.3284598454107054,-0.0002717199999989,-0.0010990400000009,0.0014819999999979,0.3487620503938255,1.0,1297.65,0.0,0.4205215056918356,0.0
12.0906981,12.6553921,0.1010769999999257,-0.0495285000000018,0.3652599999998245,0.1132335301321372,-0.006580128026277,0.3372571881952243,-0.0010717199999989,-0.0014990400000009,0.0018819999999979,0.3558195349055146,1.0,1386.12,0.0,0.45432904378732003,0.0
12.205755,12.770449,0.0960769999999258,0.0004714999999981,0.4152599999998245,0.1091321376719376,-0.0048943854083803,0.355904323819059,-0.0006717199999989,-0.0022990400000009,0.0022819999999979,0.3722924471359501,1.0,1491.69,0.0,0.4967144860727408,0.0
12.3117167,12.8764107,0.0360769999999257,0.060471499999998,0.4252599999998245,0.0916677792895698,0.0107318016762009,0.3724842992084748,-0.0006717199999989,-0.0022990400000009,0.0010819999999979,0.3837482331997467,1.0,1540.57,0.0,0.5171691020955724,0.0
12.4282707,12.9929647,0.0760769999999257,-0.0345285000000019,0.4352599999998245,0.0879406908786605,-8.80003822942687e-05,0.3874912839498701,-0.0010717199999989,-0.0022990400000009,0.0030819999999979,0.3973450238689322,1.0,1586.51,0.0,0.5369119881236778,0.0
12.5357542,13.1004482,0.0110769999999256,-0.0245285000000019,0.4852599999998246,0.06956587034072,-0.0059306783645615,0.410863601764754,-0.0006717199999989,-0.0022990400000009,0.0022819999999979,0.4167535033052897,1.0,1668.13,0.49,0.5733197300383319,0.0026926604633974944
12.643286,13.20798,0.1860769999999256,0.050471499999998,0.6052599999998245,0.0974186975167946,0.0075526698008648,0.4573354650067476,-0.0014717199999989,-0.0030990400000009,0.0006819999999979,0.4676571104986299,1.0,1767.84,0.0,0.6203346525243855,0.0
12.7507346,13.3154286,0.0760769999999257,0.0404714999999979,0.5652599999998245,0.0923168105612728,0.0154221539527813,0.4831356047016671,-0.0014717199999989,-0.0030990400000009,0.0026819999999979,0.4921181249204248,1.0,1840.66,0.0,0.6566299060972858,0.0
12.8682781,13.4329721,0.1460769999999256,0.0554714999999981,0.6452599999998245,0.1051685721892618,0.0249962394262526,0.5218926125212063,-0.0022717199999989,-0.0030990400000009,0.0022819999999979,0.5329701113251967,1.0,1861.19,0.0,0.6671866054866854,0.0
12.9771837,13.5418777,0.2110769999999258,0.0404714999999979,0.6952599999998246,0.1304867468986521,0.0286957122536641,0.5633373388364832,-0.0022717199999989,-0.0034990400000009,0.0018819999999979,0.578963895545576,1.0,1914.47,0.0,0.6952917373788685,0.0
13.0832641,13.6479581,0.1860769999999256,0.1504714999999981,0.7602599999998247,0.143775998464858,0.0578070939753072,0.6104131234802199,-0.0026717199999989,-0.0042990400000009,0.0010819999999979,0.629775657806266,1.0,1994.62,0.0,0.7396316023047341,0.0
13.1898125,13.7545065,0.2110769999999258,0.0654714999999981,0.8202599999998244,0.15986478903805,0.0596393256001948,0.6605785351643715,-0.0022717199999989,-0.0042990400000009,0.0014819999999979,0.6822591890565733,1.0,2055.23,0.0,0.7749546387558113,0.0
13.304777,13.869471,0.1860769999999256,0.025471499999998,0.8202599999998244,0.1661310074152936,0.0514712600753976,0.6987515428100226,-0.0026717199999989,-0.0050990400000009,0.0006819999999979,0.7200711914928665,1.0,2102.15,0.0,0.8034540685205943,0.0
13.4183443,13.9830383,0.1210769999999257,0.0404714999999979,0.9402599999998243,0.1553605214900404,0.0488416879713888,0.7564858840643174,-0.0026717199999989,-0.0054990400000009,0.0022819999999979,0.7738173524224716,1.0,2156.4,0.0,0.8377607923662778,0.0
13.5232566,14.0879506,0.1810769999999257,0.2204714999999981,1.0302599999998248,0.1615082314436575,0.0898710343237725,0.8219335641163305,-0.0026717199999989,-0.0062990400000009,0.0022819999999979,0.842458601627081,1.0,2216.52,0.0,0.8776138941444372,0.0
13.6306718,14.1953658,0.1660769999999256,0.1904714999999981,1.1852599999998246,0.1626004285700388,0.1139203023422733,0.9087893731430052,-0.0042717199999989,-0.0070990400000009,0.0014819999999979,0.9302230159454086,1.0,2320.63,0.0,0.9517128559628213,0.0
13.7483301,14.3130241,0.2010769999999258,0.0654714999999981,1.2002599999998247,0.1717985309101259,0.102338266167066,0.9784675319634633,-0.0034717199999989,-0.0074990400000009,0.0018819999999979,0.998692428654403,1.0,2460.9,0.0,1.063503511019166,0.0
13.8556459,14.4203399,0.1610769999999257,0.0654714999999981,1.4152599999998243,0.1692354714978772,0.0935249994036623,1.082885926666296,-0.0042717199999989,-0.0086990400000009,0.0030819999999979,1.1000134092357632,1.0,2532.75,0.0,1.1270746662769462,0.0
13.9692029,14.5338969,0.2010769999999258,0.140471499999998,1.5252599999998244,0.1768474188970976,0.1047478994944598,1.1886386444347603,-0.0046717199999989,-0.0090990400000009,0.0014819999999979,1.2062789723205705,1.0,2626.1,0.0,1.2172742184658571,0.0
14.0746999,14.6393939,0.2310769999999256,0.205471499999998,1.6552599999998248,0.1898113919931103,0.1288266037833859,1.3001878501736004,-0.0058717199999989,-0.0098990400000009,0.0002819999999979,1.3202700875623037,1.0,2685.24,0.0,1.2795168873910703,0.0
14.1832025,14.7478965,0.2660769999999257,0.0304714999999979,1.7952599999998244,0.2080432365002006,0.1053141057449881,1.418538423798032,-0.0050717199999989,-0.0114990400000009,0.0010819999999979,1.437575844577861,1.0,2761.49,0.0,1.3665226056576416,0.0
14.2968215,14.8615155,0.1110769999999257,0.140471499999998,1.9902599999998247,0.1848627572184675,0.1137187348049771,1.5552125964831591,-0.0062717199999989,-0.0134990400000009,0.0010819999999979,1.5702841812589046,1.0,2844.09,0.0,1.470730783444145,0.0
14.4015813,14.9662753,0.1810769999999257,0.2004714999999981,2.0202599999998245,0.1839577446085388,0.1344576099930488,1.6663855376152124,-0.0066717199999989,-0.0134990400000009,0.0006819999999979,1.6818918100340592,1.0,2913.49,0.0,1.5677057667514878,0.0
14.5131816,15.0778756,0.2910769999999256,0.0954714999999981,2.0902599999998244,0.209565376397648,0.1251376987787292,1.7677157897523506,-0.0074717199999989,-0.0130990400000009,0.0006819999999979,1.7844876586796838,1.0,2935.48,0.0,1.6004746215380194,0.0
14.6266004,15.1912944,0.2160769999999257,0.175471499999998,2.2602599999998247,0.2111220270572063,0.137170357552458,1.8854620411596308,-0.0066717199999989,-0.0150990400000009,0.0014819999999979,1.9021974991976127,1.0,3075.76,0.0,1.8374294375397435,0.0
14.7315704,15.2962644,0.2460769999999257,0.2704714999999982,2.4952599999998246,0.2194782658402795,0.1690369585700998,2.0312386481634324,-0.0082717199999989,-0.0158990400000009,-0.000118000000002,2.050042596711516,1.0,3174.98,0.0,2.0416945946211835,0.0
14.8475187,15.4122127,0.3610769999999257,0.2554714999999981,2.2852599999998247,0.2533284660952724,0.1896997600683943,2.0919642872712743,-0.0082717199999989,-0.0138990400000009,-0.000918000000002,2.115768392315804,1.0,3195.99,0.49,2.0898760501755884,0.0026926604633974944
14.9532239,15.5179179,0.1160769999999256,0.215471499999998,2.0902599999998244,0.2205175116740223,0.1958606806640602,2.0915568650879264,-0.0074717199999989,-0.0138990400000009,-0.000118000000002,2.1122498666307274,1.0,3188.66,0.0,2.0728484594422376,0.0
15.0655795,15.6302735,0.2260769999999257,0.1504714999999981,1.7152599999998244,0.2218465475179088,0.1850100691525456,2.001600381266559,-0.0058717199999989,-0.0110990400000009,0.0006819999999979,2.022337435399909,1.0,3118.77,0.0,1.9216018616547699,0.0
15.1791607,15.7438547,0.1310769999999257,0.1454714999999982,1.4052599999998248,0.2001474314998613,0.1755580885853984,1.8590409053939945,-0.0034717199999989,-0.0094990400000009,0.0002819999999979,1.87800764767662,1.0,2995.6,0.0,1.6957112533543859,0.0
15.2841435,15.8488375,0.0860769999999258,0.0754714999999981,1.2752599999998244,0.1728780708494135,0.1516316665975074,1.71948386295353,-0.0030717199999989,-0.0090990400000009,0.0026819999999979,1.734792132981167,1.0,2761.0,0.0,1.3659369351669786,0.0
15.3974657,15.9621597,-0.0039230000000742,0.025471499999998,1.2652599999998246,0.1306124977207383,0.1214721674404449,1.6108983673780954,-0.0026717199999989,-0.0094990400000009,0.0030819999999979,1.6207432437141125,1.0,2655.91,0.0,1.2481148100285993,0.0
15.5017116,16.0664056,0.1960769999999256,0.0104714999999981,1.2852599999998249,0.1462622598806564,0.0949366560631984,1.5330521633715288,-0.0034717199999989,-0.0090990400000009,0.0014819999999979,1.5429369892992986,1.0,2587.49,0.0,1.1788440450148376,0.0
15.612464500000002,16.1771585,0.0860769999999258,0.1454714999999982,1.2952599999998244,0.1318745387512812,0.1070173755503292,1.47620622899951,-0.0034717199999989,-0.0090990400000009,0.0010819999999979,1.4859436204572154,1.0,2594.82,0.0,1.1860133954456782,0.0
15.7241031,16.2887971,0.1310769999999257,0.100471499999998,1.3752599999998243,0.1316838813516602,0.1054525367151659,1.4520743037608763,-0.0034717199999989,-0.0090990400000009,0.0030819999999979,1.4618415323659864,1.0,2612.41,0.49,1.2034576792046145,0.0026926604633974944
15.838244,16.402938,0.1110769999999257,0.1604714999999981,1.4052599999998248,0.1267576575084397,0.1186052173239763,1.440883006278492,-0.0042717199999989,-0.0094990400000009,0.0022819999999979,1.451302359639658,1.0,2672.04,0.0,1.2652506000428125,0.0
15.9491223,16.5138163,0.1310769999999257,0.100471499999998,1.4152599999998243,0.127790227532278,0.114270221206765,1.4347576415369545,-0.0038717199999989,-0.0098990400000009,0.0030819999999979,1.444962807706855,1.0,2758.06,0.0,1.3624304869304167,0.0
16.0541171,16.6188111,0.0660769999999257,0.1604714999999981,1.4152599999998243,0.1130372346983392,0.1253149706423386,1.4300965894841315,-0.0038717199999989,-0.0098990400000009,0.0010819999999979,1.4400199698439888,1.0,2786.41,0.0,1.3967932617231626,0.0
16.169066,16.73376,0.0510769999999256,0.1504714999999981,1.3852599999998247,0.0982251930170698,0.1313288207062615,1.419378078885841,-0.0042717199999989,-0.0094990400000009,0.0018819999999979,1.4288210449573446,1.0,2821.6,0.0,1.4412305264482923,0.0
16.2714597,16.8361537,0.1110769999999257,0.140471499999998,1.4852599999998244,0.1012975103127718,0.1335144442345851,1.4351276280334884,-0.0046717199999989,-0.0102990400000009,0.0014819999999979,1.4448801338380506,1.0,2880.25,0.0,1.520088563907813,0.0
16.3840855,16.9487795,0.2010769999999258,0.1154714999999981,1.5752599999998247,0.1251505180906741,0.1292011480801022,1.468627283813741,-0.0050717199999989,-0.0106990400000009,0.0006819999999979,1.4796018679380298,1.0,2983.87,0.0,1.6764424840733818,0.0
16.498173700000002,17.0628677,0.1560769999999256,0.0654714999999981,1.6452599999998243,0.1325437169919459,0.1139661153483863,1.5108526105440008,-0.0050717199999989,-0.0110990400000009,0.0006819999999979,1.5209312026351702,1.0,3052.3,0.0,1.7940311636489499,0.0
16.6030839,17.1677779,0.1810769999999257,0.0554714999999981,1.6752599999998243,0.1441459488805454,0.0999825550070254,1.550155384608391,-0.0050717199999989,-0.0106990400000009,0.0010819999999979,1.560050089681352,1.0,3078.69,0.0,1.8429697296679868,0.0
16.7164977,17.2811917,0.1860769999999256,0.155471499999998,1.7152599999998244,0.1541698695442223,0.1132475881381316,1.5896248355691776,-0.0058717199999989,-0.0106990400000009,0.0006819999999979,1.6010935271722015,1.0,3095.31,0.0,1.8749209934996403,0.0
16.8284752,17.3931692,0.2710769999999256,0.2504714999999982,1.7302599999998245,0.1821173635712552,0.1460519555208272,1.6232446875200006,-0.0058717199999989,-0.0106990400000009,0.0014819999999979,1.639945494029453,1.0,3103.13,0.0,1.8902711130797314,0.0
16.93239,17.497084,0.2060769999999256,0.2404714999999981,1.8102599999998248,0.1878450877346147,0.1686236296786037,1.6679520488941126,-0.0062717199999989,-0.0110990400000009,-0.000518000000002,1.6869450918397078,1.0,3120.72,0.0,1.9255685438161192,0.0
17.0440453,17.6087393,0.1410769999999257,0.205471499999998,1.8302599999998248,0.1766648385271788,0.1774323792536029,1.7067529370553831,-0.0070717199999989,-0.0114990400000009,0.0002819999999979,1.7250212469783106,1.0,3138.81,0.0,1.9630268981441266,0.0
17.1584591,17.7231531,0.1660769999999256,0.2204714999999981,1.8302599999998248,0.1741337392448154,0.1877211919658813,1.736278192619192,-0.0066717199999989,-0.0110990400000009,0.0010819999999979,1.7550566279244215,1.0,3153.96,0.49,1.9953454182041306,0.0026926604633974944
17.2664756,17.8311696,0.2210769999999258,0.155471499999998,1.8002599999998248,0.1853558648281647,0.1800116701422173,1.7515735058532,-0.0058717199999989,-0.0114990400000009,0.0014819999999979,1.7705283800098934,1.0,3154.94,0.0,1.9974667391070713,0.0
17.3790353,17.9437293,0.1810769999999257,0.2004714999999981,1.7402599999998247,0.1843329712821204,0.1849027402635654,1.7488689305545888,-0.0054717199999989,-0.0110990400000009,0.0010819999999979,1.7682506055188618,1.0,3143.69,0.0,1.9733406553936268,0.0
17.4840504,18.0487444,0.2210769999999258,0.1504714999999981,1.6552599999998248,0.1931168967716704,0.1766717035606845,1.7264910395110014,-0.0054717199999989,-0.0110990400000009,0.0006819999999979,1.746218295680564,1.0,3130.99,0.0,1.9466864269865998,0.0
17.593434300000002,18.1581283,0.2310769999999256,0.205471499999998,1.7152599999998244,0.2021915336573922,0.1835565029380197,1.7238061783871974,-0.0062717199999989,-0.0106990400000009,0.0002819999999979,1.7453028810780775,1.0,3124.63,0.0,1.9335633878515106,0.0
17.708567600000002,18.2732616,0.2060769999999256,0.1454714999999982,1.7702599999998243,0.203120382453671,0.1744520078744514,1.734911300008018,-0.0066717199999989,-0.0114990400000009,0.0002819999999979,1.7554511134506323,1.0,3130.5,0.49,1.9456701021966254,0.0026926604633974944
17.813432600000002,18.3781266,0.2060769999999256,0.1904714999999981,1.8402599999998244,0.2038271832355573,0.1782815831856379,1.7600956677390545,-0.0066717199999989,-0.0118990400000009,0.0006819999999979,1.780805043547077,1.0,3142.72,0.0,1.9712833663691334,0.0
17.928425100000002,18.4931191,0.1860769999999256,0.205471499999998,1.9002599999998244,0.1995838737126662,0.1847815292094844,1.7936029638585602,-0.0066717199999989,-0.0118990400000009,0.0002819999999979,1.814108466477504,1.0,3146.14,0.0,1.9785529613777246,0.0
18.0333932,18.5980872,0.1860769999999256,0.3254714999999981,1.9702599999998247,0.1963549579832382,0.2184144830165334,1.835834104449784,-0.0074717199999989,-0.0126990400000009,-0.000518000000002,1.8591791239622173,1.0,3160.31,0.49,2.009158447212988,0.0026926604633974944
18.1416698,18.7063638,0.2510769999999256,0.290471499999998,2.0002599999998245,0.2094366574180549,0.2356402334382686,1.8751413025296773,-0.0074717199999989,-0.0130990400000009,0.0002819999999979,1.9014586341906008,1.0,3175.95,0.0,2.0438773419868186,0.0
18.256005,18.820699,0.3160769999999258,0.2554714999999981,2.0302599999998248,0.2349298016405696,0.2403810409631991,1.912223547676997,-0.0078717199999989,-0.0134990400000009,0.0010819999999979,1.9415390680704392,1.0,3184.26,0.0,2.062740502539408,0.0
18.3616608,18.9263548,0.1860769999999256,0.205471499999998,2.0002599999998245,0.2232511865147536,0.2320356630230127,1.933269297545827,-0.0074717199999989,-0.0130990400000009,-0.000118000000002,1.959900971485068,1.0,3191.1,0.0,2.078490218068168,0.0
18.4783681,19.0430621,0.2510769999999256,0.3154714999999981,2.0302599999998248,0.2299031482312276,0.2519816025603648,1.95645562559053,-0.0078717199999989,-0.0134990400000009,-0.000118000000002,1.985967975698589,1.0,3195.01,0.0,2.0875857061079435,0.0
18.5833871,19.1480811,0.2510769999999256,0.165471499999998,2.0002599999998245,0.2349649104481968,0.2313007376280076,1.966927377718819,-0.0078717199999989,-0.0130990400000009,-0.000118000000002,1.9943700382800127,1.0,3197.46,0.0,2.093319627178633,0.0
18.698344,19.263038,0.1860769999999256,0.2554714999999981,1.9702599999998247,0.2232779023083051,0.2370789329732093,1.96772406514866,-0.0078717199999989,-0.0126990400000009,0.0010819999999979,1.9944917745340736,1.0,3198.92,0.0,2.096749391489774,0.0
18.8048989,19.3695929,0.2060769999999256,0.215471499999998,1.9602599999998245,0.2191659023588653,0.2319135200372794,1.9659397264573293,-0.0070717199999989,-0.0126990400000009,-0.000518000000002,1.9916667847800185,1.0,3195.01,0.49,2.0875857061079435,0.0026926604633974944
18.9200242,19.4847182,0.2060769999999256,0.215471499999998,1.9402599999998245,0.2160369057008258,0.2279829363766156,1.959800802347316,-0.0074717199999989,-0.0126990400000009,0.0010819999999979,1.9848091466901483,1.0,3195.99,0.0,2.0898760501755884,0.0
19.0259821,19.5906761,0.2960769999999257,0.3154714999999981,1.930259999999825,0.2351710684215062,0.2488977094941085,1.9527388601548927,-0.0074717199999989,-0.0126990400000009,-0.000918000000002,1.9825348817039647,1.0,3195.01,0.0,2.0875857061079435,0.0
19.1409442,19.7056382,0.2110769999999258,0.2654714999999981,1.930259999999825,0.2294112073191573,0.2528597938371516,1.947365126256289,-0.0074717199999989,-0.0122990400000009,-0.001718000000002,1.97706816077296,1.0,3195.01,0.49,2.0875857061079435,0.0026926604633974944
19.2458973,19.8105913,0.1210769999999257,0.2204714999999981,2.0102599999998247,0.2035131324953571,0.2451171382349545,1.9624006001527632,-0.0074717199999989,-0.0130990400000009,0.0010819999999979,1.9880935898580057,1.0,3198.92,0.0,2.096749391489774,0.0
19.3599253,19.9246193,0.2510769999999256,0.3154714999999981,1.9802599999998245,0.2148836186051858,0.2619358566274078,1.9666700186955544,-0.0074717199999989,-0.0130990400000009,0.0014819999999979,1.995639327375557,1.0,3202.35,0.49,2.1048449266038673,0.0026926604633974944
19.4683393,20.0330333,0.2060769999999256,0.2404714999999981,2.0302599999998248,0.2127783328120141,0.2568046471254696,1.981871663075609,-0.0074717199999989,-0.0130990400000009,0.0006819999999979,2.00973593653534,1.0,3206.74,0.0,2.115284663401867,0.0
19.5733309,20.1380249,0.2210769999999258,0.2754714999999981,2.0702599999998244,0.2147621891496254,0.2612670931472035,2.003001533500278,-0.0070717199999989,-0.0138990400000009,0.0014819999999979,2.0313538428974884,1.0,3208.21,0.49,2.118800290350008,0.0026926604633974944
19.690919,20.255613,0.1360769999999256,0.2004714999999981,1.9802599999998245,0.1959519262922163,0.2467334674416676,1.99756500564101,-0.0070717199999989,-0.0134990400000009,0.0014819999999979,2.0222612376087783,1.0,3207.23,0.0,2.1164554263096678,0.0
19.7933413,20.3580353,0.2260769999999257,0.300471499999998,1.9902599999998247,0.2031535427738486,0.2595799323073628,1.995818691273968,-0.0070717199999989,-0.0134990400000009,0.0002819999999979,2.022855741677294,1.0,3205.28,0.0,2.111802845023363,0.0
19.9083273,20.4730213,0.2060769999999256,0.2654714999999981,1.930259999999825,0.2038524163416592,0.2609883541226786,1.9801464125544208,-0.0074717199999989,-0.0126990400000009,0.0006819999999979,2.007648012921623,1.0,3205.77,0.0,2.1129703041117667,0.0
20.0158778,20.5805718,0.1860769999999256,0.350471499999998,1.9602599999998245,0.1996030746624803,0.2823799465360608,1.9753924219815424,-0.0074717199999989,-0.0126990400000009,0.0006819999999979,2.005431385623185,1.0,3207.23,0.0,2.1164554263096678,0.0
20.1223687,20.6870627,0.1910769999999257,0.280471499999998,1.9202599999998244,0.1975648549253526,0.2819237186057401,1.96221261825166,-0.0078717199999989,-0.0122990400000009,-0.000118000000002,1.9921825253325047,1.0,3201.86,0.0,2.1036851483418824,0.0
20.2358621,20.8005561,0.2110769999999258,0.215471499999998,1.9002599999998244,0.2007950308119049,0.2660378357230809,1.9474023973369632,-0.0074717199999989,-0.0118990400000009,-0.000518000000002,1.9757203424545504,1.0,3195.01,0.0,2.0875857061079435,0.0
20.3422684,20.9069624,0.2310769999999256,0.2304714999999981,1.8802599999998244,0.2080341542914575,0.2575354462511151,1.931351522242981,-0.0074717199999989,-0.0122990400000009,0.0006819999999979,1.9595207112704376,1.0,3195.01,0.0,2.0875857061079435,0.0
20.4582881,21.0229821,0.2310769999999256,0.350471499999998,1.8702599999998248,0.2135427130106133,0.2797524812336567,1.916747152549381,-0.0074717199999989,-0.0118990400000009,-0.000118000000002,1.948789775179068,1.0,3195.01,0.0,2.0875857061079435,0.0
20.5658705,21.1305645,0.2360769999999257,0.3554714999999981,1.9002599999998244,0.2189296970943248,0.2978536596344639,1.9128057796356384,-0.0078717199999989,-0.0114990400000009,-0.000518000000002,1.9481973630602616,1.0,3189.64,0.0,2.0751112708618993,0.0
20.6808321,21.2455261,0.1260769999999256,0.370471499999998,1.8902599999998249,0.1967325891221735,0.3152134789368527,1.9074160481517624,-0.0078717199999989,-0.0118990400000009,0.0002819999999979,1.943270241030072,1.0,3189.15,0.0,2.0739793391405748,0.0
20.7882769,21.3529709,0.2560769999999257,0.340471499999998,1.9202599999998244,0.2109192992234208,0.3212515913261085,1.9104864876207488,-0.0078717199999989,-0.0122990400000009,-0.000118000000002,1.948755540106538,1.0,3193.55,0.0,2.0841815024516883,0.0
20.8958299,21.4605239,0.2560769999999257,0.340471499999998,1.9202599999998244,0.2217145737956943,0.3258462493317395,1.912822916355016,-0.0078717199999989,-0.0114990400000009,-0.000118000000002,1.953004004033242,1.0,3195.5,0.0,2.088730341824899,0.0
21.0092942,21.5739882,0.2510769999999256,0.2404714999999981,1.9402599999998245,0.2287338738825515,0.3054367987900349,1.9193819493951176,-0.0070717199999989,-0.0122990400000009,-0.000118000000002,1.9569460623073456,1.0,3198.44,0.0,2.095620738013036,0.0
21.1218306,21.6865246,0.2510769999999256,0.3154714999999981,2.0002599999998245,0.2340751595789544,0.3078356666010515,1.9387164316237235,-0.0078717199999989,-0.0130990400000009,-0.000118000000002,1.9769105645454603,1.0,3204.3,0.0,2.109471241570363,0.0
21.2282549,21.7929489,0.2060769999999256,0.3904714999999981,2.0402599999998245,0.2273819972837828,0.3275903595041591,1.9629911551552364,-0.0078717199999989,-0.0130990400000009,-0.000118000000002,2.00308569251206,1.0,3219.45,0.0,2.1460169693980835,0.0
21.3343623,21.8990563,0.1910769999999257,0.280471499999998,2.0202599999998245,0.2187030254299103,0.3163262557713922,1.9766816862031749,-0.0078717199999989,-0.0126990400000009,-0.000918000000002,2.0137437279836705,1.0,3223.36,0.0,2.155626153288411,0.0
21.4473435,22.0120375,0.2560769999999257,0.340471499999998,2.0202599999998245,0.2276375440259147,0.3220983508200847,1.9870993969090367,-0.0078717199999989,-0.0122990400000009,0.0014819999999979,2.0258652996306115,1.0,3218.96,0.0,2.1448179561436094,0.0
21.55581,22.120504,0.2960769999999257,0.1454714999999982,1.9702599999998247,0.2439984903564877,0.2798744262479356,1.9830738174366425,-0.0078717199999989,-0.0126990400000009,0.0002819999999979,2.017534813371654,1.0,3224.83,0.0,2.1592580308181684,0.0
21.6708112,22.2355052,0.1410769999999257,0.2554714999999981,1.9702599999998247,0.2193943646219738,0.2740407304511272,1.9800105818163427,-0.0074717199999989,-0.0126990400000009,0.0018819999999979,2.01088888635816,1.0,3218.47,0.0,2.143620096619927,0.0
21.7769031,22.3415971,0.2560769999999257,0.3154714999999981,1.9802599999998245,0.2281636135901501,0.2839450551915345,1.980070207034804,-0.0078717199999989,-0.0122990400000009,-0.000118000000002,2.0132961664199063,1.0,3220.92,0.0,2.149620949380207,0.0
21.8917837,22.4564777,0.2510769999999256,0.290471499999998,1.9602599999998245,0.2336412241287899,0.2855052489674942,1.9753344339418688,-0.0078717199999989,-0.0126990400000009,-0.001318000000002,2.009489386564864,1.0,3217.01,0.0,2.1400577869003348,0.0
21.9967804,22.5614744,0.2510769999999256,0.2404714999999981,2.0102599999998247,0.2378093723000418,0.2747396059705439,1.9836836427967155,-0.0078717199999989,-0.0130990400000009,-0.000118000000002,2.016689352216111,1.0,3220.43,0.49,2.148418464229237,0.0026926604633974944
22.1082042,22.6728982,0.2560769999999257,0.340471499999998,2.0302599999998248,0.2421763806599297,0.2904532900598972,1.9948180574355905,-0.0078717199999989,-0.0126990400000009,-0.002118000000002,2.03034765380889,1.0,3225.81,0.0,2.1616851560788675,0.0
22.221782,22.786476,0.2460769999999257,0.290471499999998,2.0202599999998245,0.2431088518897113,0.2904576432776198,2.0009001375882587,-0.0078717199999989,-0.0138990400000009,0.0002819999999979,2.0364353456484285,1.0,3227.27,0.0,2.1653098281868535,0.0
22.3257888,22.8904828,0.2060769999999256,0.290471499999998,2.0402599999998245,0.234256120191777,0.2904609558271999,2.0103093970180663,-0.0078717199999989,-0.0138990400000009,-0.000518000000002,2.0446484706292414,1.0,3229.72,0.0,2.1714159795244035,0.0
22.4391958,23.0038898,0.2060769999999256,0.290471499999998,2.0302599999998248,0.2275196979549211,0.2904634764878743,2.0150787327762445,-0.0078717199999989,-0.0138990400000009,0.0010819999999979,2.048579152343896,1.0,3233.14,0.0,2.1799896257210216,0.0
22.5434836,23.1081776,0.1860769999999256,0.3054714999999981,1.9902599999998247,0.2176125216428635,0.2940512529205665,2.009145635425178,-0.0078717199999989,-0.0134990400000009,0.0002819999999979,2.042177155211556,1.0,3226.3,0.0,2.1629004862627026,0.0
22.6551266,23.2198206,0.2710769999999256,0.350471499999998,2.0002599999998245,0.2303935914006965,0.3075389205428044,2.0070214600903764,-0.0078717199999989,-0.0134990400000009,0.0006819999999979,2.043476580700266,1.0,3225.32,0.0,2.160471004874337,0.0
22.7701085,23.3348025,0.2310769999999256,0.3554714999999981,2.0102599999998247,0.2305569651630199,0.3189975499083399,2.007795656449681,-0.0078717199999989,-0.0130990400000009,-0.000118000000002,2.046010593592055,1.0,3225.32,0.0,2.160471004874337,0.0
22.8817595,23.4464535,0.2510769999999256,0.340471499999998,1.9902599999998247,0.2354624277195251,0.3241310527972061,2.003603631104588,-0.0078717199999989,-0.0134990400000009,-0.000518000000002,2.0432647906794874,1.0,3222.87,0.0,2.154417869593519,0.0
22.9867549,23.5514489,0.2060769999999256,0.3904714999999981,1.9902599999998247,0.2284376289542651,0.339990215918597,2.0004137396997983,-0.0078717199999989,-0.0134990400000009,-0.000918000000002,2.0419187611710594,1.0,3222.87,0.0,2.154417869593519,0.0
23.0983129,23.6630069,0.1860769999999256,0.3054714999999981,2.0002599999998245,0.2183110146060382,0.3317382675284906,2.000376987113964,-0.0078717199999989,-0.0130990400000009,0.0002819999999979,2.0394161095314174,1.0,3220.92,0.0,2.149620949380207,0.0
23.2041502,23.7688442,0.1410769999999257,0.300471499999998,1.9702599999998247,0.1998476655059936,0.3242637208918483,1.9931773037909388,-0.0078717199999989,-0.0130990400000009,-0.000518000000002,2.0292466125244952,1.0,3222.39,0.0,2.1532353772995276,0.0
23.3150585,23.8797525,0.1660769999999256,0.3654714999999982,1.9602599999998245,0.1917745439706277,0.3341147381566052,1.9853081845378853,-0.0078717199999989,-0.0134990400000009,0.0010819999999979,2.022339912468157,1.0,3220.43,0.0,2.148418464229237,0.0
23.4267313,23.9914253,0.2710769999999256,0.2504714999999982,1.9602599999998245,0.2107323689345004,0.3141192178690791,1.9793202350857284,-0.0074717199999989,-0.0126990400000009,-0.001318000000002,2.0151395999709925,1.0,3217.5,0.0,2.1412522193026695,0.0
23.5382877,24.1029817,0.1660769999999256,0.3154714999999981,1.9702599999998247,0.20005718041769,0.3144424906808349,1.977154320440832,-0.0078717199999989,-0.0126990400000009,-0.000118000000002,2.011973201168468,1.0,3212.12,0.0,2.128200372955714,0.0
23.650054,24.214748,0.2710769999999256,0.2304714999999981,1.9102599999998249,0.2170349813083512,0.2943686187848351,1.961162749920881,-0.0074717199999989,-0.0126990400000009,0.0006819999999979,1.9949727813967888,1.0,3205.77,0.0,2.1129703041117667,0.0
23.7607104,24.3254044,0.2060769999999256,0.3154714999999981,1.9402599999998245,0.2144153967203811,0.2994134149783181,1.9561657965589243,-0.0078717199999989,-0.0126990400000009,-0.000918000000002,1.9905293213230368,1.0,3205.28,0.0,2.111802845023363,0.0
23.865047,24.429741,0.2060769999999256,0.2654714999999981,1.9202599999998244,0.2124220427510246,0.2912993550195709,1.947582256521976,-0.0074717199999989,-0.0126990400000009,-0.000118000000002,1.9806703623774875,1.0,3204.79,0.0,2.110636491402008,0.0
23.9750645,24.5397585,0.2310769999999256,0.2304714999999981,1.930259999999825,0.2168816450375229,0.2767580168803983,1.943441245971118,-0.0078717199999989,-0.0126990400000009,-0.000918000000002,1.974992790975077,1.0,3204.79,0.0,2.110636491402008,0.0
24.0910536,24.6557476,0.2060769999999256,0.215471499999998,1.9102599999998249,0.2142987165927359,0.2621070323102002,1.9355090294332773,-0.0074717199999989,-0.0130990400000009,0.0026819999999979,1.9648967502994912,1.0,3205.28,0.0,2.111802845023363,0.0
24.1950344,24.7597284,0.1410769999999257,0.280471499999998,1.9402599999998245,0.1967945363160501,0.2664971909692115,1.936644783266372,-0.0078717199999989,-0.0126990400000009,0.0006819999999979,1.964775269304656,1.0,3206.26,0.49,2.114138870348036,0.0026926604633974944
24.3066808,24.8713748,0.2960769999999257,0.3154714999999981,1.9702599999998247,0.2205287264375464,0.2782048533143632,1.9446807436497424,-0.0078717199999989,-0.0126990400000009,-0.000918000000002,1.976819175927315,1.0,3210.66,0.0,2.1246820027621323,0.0
24.4210805,24.9857745,0.2960769999999257,0.290471499999998,1.9702599999998247,0.2385890869639495,0.2811372838140443,1.950795649654819,-0.0078717199999989,-0.0126990400000009,-0.000518000000002,1.985337903602507,1.0,3207.23,0.0,2.1164554263096678,0.0
24.5260591,25.0907531,0.2760769999999257,0.330471499999998,1.9902599999998247,0.2475508433732889,0.2929309845644678,1.960229887679896,-0.0078717199999989,-0.0126990400000009,-0.000518000000002,1.9973961035123384,1.0,3209.19,0.0,2.1211496166723887,0.0
24.6400544,25.2047484,0.2510769999999256,0.3654714999999982,1.9902599999998247,0.2483937965864691,0.310272318783774,1.967408802955815,-0.0078717199999989,-0.0130990400000009,0.0010819999999979,2.0071536532946683,1.0,3212.61,0.0,2.1293834405360297,0.0
24.7435015,25.3081955,0.1860769999999256,0.280471499999998,2.0202599999998245,0.233496516210178,0.3031482177839992,1.9800432633856573,-0.0078717199999989,-0.0134990400000009,-0.000918000000002,2.0166781572444394,1.0,3216.03,0.0,2.137672360366667,0.0
24.8567475,25.4214415,0.2510769999999256,0.2654714999999981,1.9902599999998247,0.2376992578546877,0.2941413262357925,1.9824856480750013,-0.0078717199999989,-0.0130990400000009,0.0002819999999979,2.018234228678074,1.0,3222.39,0.0,2.1532353772995276,0.0
24.9710409,25.5357349,0.1160769999999256,0.1904714999999981,2.0002599999998245,0.2086245785626651,0.269358305403661,1.9867347352976288,-0.0070717199999989,-0.0134990400000009,0.0010819999999979,2.015736346824287,1.0,3219.94,0.0,2.147217138164872,0.0
25.0750243,25.6397183,0.1810769999999257,0.2304714999999981,1.9902599999998247,0.2020391309142593,0.2600621336687722,1.9875774752898288,-0.0070717199999989,-0.0130990400000009,0.0002819999999979,2.0146752453108747,1.0,3219.45,0.0,2.1460169693980835,0.0
25.1899675,25.7546615,0.2260769999999257,0.1804714999999981,1.9902599999998247,0.2077855571593959,0.2410354177584997,1.988218752199268,-0.0074717199999989,-0.0134990400000009,0.0010819999999979,2.0135259414705504,1.0,3218.96,0.0,2.1448179561436094,0.0
25.2961356,25.8608296,0.2710769999999256,0.300471499999998,2.0102599999998247,0.2229158337631675,0.2552440425614488,1.993487871703384,-0.0074717199999989,-0.0130990400000009,0.0002819999999979,2.0220867649124075,1.0,3221.41,0.49,2.1508245954105685,0.0026926604633974944
25.4110066,25.9757006,0.2610769999999256,0.2504714999999982,1.9802599999998245,0.2320385362134728,0.2541031317871446,1.9903256534196525,-0.0066717199999989,-0.0134990400000009,0.0018819999999979,2.0198530863734847,1.0,3220.43,0.0,2.148418464229237,0.0
25.5185772,26.0832712,0.1610769999999257,0.1904714999999981,2.0002599999998245,0.2150746683831129,0.2388915305582917,1.992700530731495,-0.0074717199999989,-0.0134990400000009,0.0010819999999979,2.0184602254020687,1.0,3218.48,0.0,2.143644531211885,0.0
25.6241244,26.1888184,0.1360769999999256,0.225471499999998,1.9902599999998247,0.1961897051077103,0.2356833753122554,1.9921171042306447,-0.0070717199999989,-0.0134990400000009,0.0002819999999979,2.015581209169484,1.0,3225.32,0.0,2.160471004874337,0.0
25.7399594,26.3046534,0.2510769999999256,0.2654714999999981,2.0102599999998247,0.2093109094361444,0.2428044416966762,1.9964542945214832,-0.0078717199999989,-0.0130990400000009,-0.000518000000002,2.0220273993766487,1.0,3222.87,0.0,2.154417869593519,0.0
25.8535902,26.4182842,0.2060769999999256,0.2404714999999981,2.0102599999998247,0.2085378200249135,0.2422467351318227,1.9997546481431223,-0.0078717199999989,-0.0130990400000009,0.0006819999999979,2.0251395398423275,1.0,3222.87,0.0,2.154417869593519,0.0
25.9609725,26.5256665,0.2260769999999257,0.280471499999998,1.9902599999998247,0.2127306876941481,0.2513846412943801,1.9974848839188253,-0.0078717199999989,-0.0134990400000009,-0.000118000000002,2.024449170725146,1.0,3217.99,0.0,2.1424478001497147,0.0
26.0659545,26.6306485,0.2710769999999256,0.3254714999999981,1.9902599999998247,0.2266787951218894,0.2690956400425824,1.9957577232282395,-0.0074717199999989,-0.0126990400000009,0.0002819999999979,2.026535129099174,1.0,3219.45,0.0,2.1460169693980835,0.0
26.1809812,26.7456752,0.2310769999999256,0.1804714999999981,1.9702599999998247,0.2277302177689037,0.2479093991791174,1.9896623083048608,-0.0078717199999989,-0.0126990400000009,-0.000518000000002,2.017938607434689,1.0,3217.5,0.0,2.1412522193026695,0.0
26.2874834,26.8521774,0.1860769999999256,0.300471499999998,1.9402599999998245,0.2177727151746004,0.2604747490685022,1.9778523296415,-0.0078717199999989,-0.0130990400000009,-0.000118000000002,2.0067814749606203,1.0,3217.99,0.0,2.1424478001497147,0.0
26.4026481,26.9673421,0.1660769999999256,0.290471499999998,1.9602599999998245,0.2054144810323737,0.2676456890635269,1.9736467561605164,-0.0078717199999989,-0.0126990400000009,0.0002819999999979,2.002276414982462,1.0,3217.01,0.49,2.1400577869003348,0.0026926604633974944
26.508552,27.073246,0.2310769999999256,0.2554714999999981,1.9802599999998245,0.2115492915676133,0.2647353612262881,1.9752276998718017,-0.0078717199999989,-0.0130990400000009,-0.000518000000002,2.0040864204388043,1.0,3219.94,0.0,2.147217138164872,0.0
26.6144588,27.1791528,0.2510769999999256,0.2404714999999981,1.9702599999998247,0.2209986758011346,0.2589349099274561,1.974040135332676,-0.0078717199999989,-0.0130990400000009,0.0006819999999979,2.0031780146031064,1.0,3217.99,0.0,2.1424478001497147,0.0
26.7285396,27.2932336,0.2210769999999258,0.1804714999999981,1.9502599999998247,0.2210173997666392,0.2401776649951707,1.968355322202918,-0.0070717199999989,-0.0134990400000009,0.0018819999999979,1.9952334891452408,1.0,3218.48,0.0,2.143644531211885,0.0
26.8359511,27.4006451,0.2260769999999257,0.225471499999998,1.9502599999998247,0.2222269337509886,0.236662050021464,1.9640295047167056,-0.0074717199999989,-0.0134990400000009,-0.000518000000002,1.9906796908097688,1.0,3217.99,0.0,2.1424478001497147,0.0
26.9519222,27.5166162,0.2010769999999258,0.215471499999998,1.930259999999825,0.2171708893089095,0.231596295966549,1.95595666067638,-0.0074717199999989,-0.0134990400000009,0.0002819999999979,1.9815565845851948,1.0,3215.54,0.49,2.1364813627130057,0.0026926604633974944
27.0582063,27.6229003,0.1160769999999256,0.290471499999998,1.9202599999998244,0.1930036648066976,0.2456708387822981,1.9474231160828697,-0.0070717199999989,-0.0134990400000009,0.0002819999999979,1.972323849855984,1.0,3214.56,0.0,2.134102789853809,0.0
27.1660567,27.7307507,0.2910769999999256,0.2854714999999981,1.9202599999998244,0.2164488040282311,0.255185474350871,1.940929576967442,-0.0074717199999989,-0.0130990400000009,-0.000518000000002,1.969562726554284,1.0,3215.05,0.0,2.1352915064593785,0.0
27.2819105,27.8466045,0.1860769999999256,0.2304714999999981,1.9602599999998245,0.2091882048811765,0.2492774202581655,1.945550654228784,-0.0074717199999989,-0.0126990400000009,0.0006819999999979,1.9725785879102564,1.0,3214.08,0.0,2.1329394360853606,0.0
27.3890686,27.9537626,0.1210769999999257,0.2654714999999981,1.9802599999998245,0.1881245848732722,0.2531487320001781,1.953848174062152,-0.0078717199999989,-0.0130990400000009,-0.000518000000002,1.9791406789900112,1.0,3217.01,0.0,2.1400577869003348,0.0
27.4978445,28.0625385,0.2210769999999258,0.2504714999999982,1.9802599999998245,0.1960020977447168,0.2525087203512534,1.9601621118413008,-0.0074717199999989,-0.0134990400000009,0.0010819999999979,1.9860546268599724,1.0,3221.41,0.49,2.1508245954105685,0.0026926604633974944
27.605904,28.170598,0.1810769999999257,0.1804714999999981,2.0202599999998245,0.1924341453157289,0.2352877024574509,1.974528946129343,-0.0074717199999989,-0.0142990400000009,0.0010819999999979,1.997787717029453,1.0,3223.85,0.0,2.1568356068464927,0.0
27.7209614,28.2856554,0.1760769999999256,0.205471499999998,2.050259999999825,0.1885238515703364,0.228159923879358,1.992633001608732,-0.0078717199999989,-0.0146990400000009,0.0014819999999979,2.014493602019072,1.0,3225.32,0.0,2.160471004874337,0.0
27.8308937,28.3955877,0.1760769999999256,0.175471499999998,2.0302599999998248,0.1855483417912196,0.2155643755503351,2.00162800737691,-0.0070717199999989,-0.0146990400000009,0.0006819999999979,2.021734618357102,1.0,3239.0,0.0,2.194817171775379,0.0
27.9384457,28.5031397,0.2210769999999258,0.2004714999999981,2.0202599999998245,0.194041724181206,0.2119563146249699,2.0060821198036787,-0.0070717199999989,-0.0142990400000009,-0.000118000000002,2.0265594344673525,1.0,3243.4,0.0,2.2060659158139577,0.0
28.0485012,28.6131952,0.1760769999999256,0.2504714999999982,1.9902599999998247,0.1897471270954973,0.2211636479075751,2.0022997277717334,-0.0070717199999989,-0.0142990400000009,0.0010819999999979,2.023393568051341,1.0,3244.38,0.0,2.2085849630758045,0.0
28.1618793,28.7265733,0.1760769999999256,0.225471499999998,2.0202599999998245,0.1864791844656247,0.2221934710685152,2.006593260585873,-0.0070717199999989,-0.0142990400000009,0.0010819999999979,2.027451833768952,1.0,3243.89,0.0,2.207324814775362,0.0
28.2684297,28.8331237,0.1110769999999257,0.2604714999999982,1.9802599999998245,0.1684537475930737,0.2313441103901651,2.000298104421556,-0.0070717199999989,-0.0142990400000009,0.0010819999999979,2.020665551011061,1.0,3244.87,0.0,2.209846362700806,0.0
28.3753063,28.9400003,0.1560769999999256,0.1904714999999981,1.9902599999998247,0.1654949966761255,0.2215732176285704,1.9978984230481824,-0.0070717199999989,-0.0142990400000009,0.0002819999999979,2.016948535167301,1.0,3244.38,0.0,2.2085849630758045,0.0
28.4884461,29.0531401,0.2010769999999258,0.1904714999999981,2.0002599999998245,0.1740011316012195,0.2141381273627603,1.9984629750775849,-0.0074717199999989,-0.0138990400000009,0.0002819999999979,2.0174205793896536,1.0,3246.33,0.0,2.2136122571566776,0.0
28.6018615,29.1665555,0.2210769999999258,0.2504714999999982,1.9502599999998247,0.1852549579996763,0.2228238825498309,1.9869397056857203,-0.0074717199999989,-0.0134990400000009,0.0002819999999979,2.0079589826807966,1.0,3243.89,0.0,2.207324814775362,0.0
28.7052796,29.2699736,0.2460769999999257,0.2604714999999982,1.9402599999998245,0.1997949064945886,0.2318238174530252,1.975780584845486,-0.0070717199999989,-0.0134990400000009,0.0002819999999979,1.9993421934356423,1.0,3229.23,0.0,2.170192369235193,0.0
28.8218281,29.3865221,0.1760769999999256,0.2754714999999981,1.930259999999825,0.1941249696181166,0.2422581112597452,1.964898560215148,-0.0066717199999989,-0.0134990400000009,-0.000118000000002,1.9892711851921885,1.0,3225.81,0.0,2.1616851560788675,0.0
28.9273732,29.4920672,0.1110769999999257,0.235471499999998,1.8802599999998244,0.1742717525746871,0.240635722814265,1.944665100999666,-0.0066717199999989,-0.0130990400000009,0.0006819999999979,1.9672311887233385,1.0,3218.96,0.0,2.1448179561436094,0.0
29.0425863,29.6072803,0.0260769999999257,0.2404714999999981,1.8802599999998244,0.1388447264704917,0.2405964641642328,1.9292685963682776,-0.0070717199999989,-0.0130990400000009,0.0006819999999979,1.949164393674844,1.0,3211.63,0.0,2.127018434623387,0.0
29.1484194,29.7131134,0.2410769999999256,0.235471499999998,1.8302599999998248,0.1632840899438466,0.2393713044600265,1.905599876206844,-0.0062717199999989,-0.0130990400000009,0.0006819999999979,1.927503879017426,1.0,3213.1,0.0,2.1305676390945734,0.0
29.2618622,29.8265562,0.1410769999999257,0.300471499999998,1.8502599999998248,0.15797532467738,0.2539777475678823,1.8923704790458349,-0.0070717199999989,-0.0126990400000009,-0.000118000000002,1.915861928592648,1.0,3208.7,0.0,2.1199743948755017,0.0
29.3667662,29.9314602,0.1610769999999257,0.1904714999999981,1.8602599999998244,0.1587168025685296,0.2387961203423708,1.8846942370762865,-0.0070717199999989,-0.0122990400000009,0.0006819999999979,1.9063805962547749,1.0,3200.39,0.0,2.1002123699369166,0.0
29.4818164,30.0465104,0.2910769999999256,0.2654714999999981,1.8602599999998244,0.1903584638830416,0.2451730625420842,1.8788530561997416,-0.0070717199999989,-0.0126990400000009,-0.000118000000002,1.9043200839562888,1.0,3201.37,0.0,2.1025264639117363,0.0
29.5852633,30.1499573,0.2210769999999258,0.2004714999999981,1.8102599999998248,0.1977019518405286,0.2344868311097136,1.8624553906256176,-0.0066717199999989,-0.0126990400000009,0.0006819999999979,1.8875407857304307,1.0,3199.9,0.0,2.0990569570957143,0.0
29.6977328,30.2624268,0.1560769999999256,0.215471499999998,1.8502599999998248,0.1877512064205855,0.229941078848587,1.859539994401768,-0.0066717199999989,-0.0126990400000009,0.0018819999999979,1.883085873250119,1.0,3201.86,0.0,2.1036851483418824,0.0
29.811807,30.376501,0.2260769999999257,0.2004714999999981,1.8902599999998249,0.1969132642263389,0.2228961631480671,1.866883833649344,-0.0070717199999989,-0.0130990400000009,-0.000118000000002,1.8904266136287,1.0,3207.72,0.49,2.1176273013941413,0.0026926604633974944
29.918562,30.483256,0.2010769999999258,0.2854714999999981,2.0002599999998245,0.197908635340221,0.2378552494423933,1.8987683696729272,-0.0070717199999989,-0.0138990400000009,0.0018819999999979,1.923815029908,1.0,3216.52,0.0,2.1388645011760015,0.0
30.0298621,30.5945561,0.1760769999999256,0.2504714999999982,2.1002599999998246,0.192689625208889,0.2408712552730711,1.9469363993996665,-0.0074717199999989,-0.0150990400000009,0.0014819999999979,1.9712203318217127,1.0,3231.18,0.0,2.175068923416006,0.0
30.1352285,30.6999225,0.2710769999999256,0.2604714999999982,2.7152599999998244,0.2114286933925647,0.2455568353595803,2.130609706193708,-0.0090717199999989,-0.0166990400000009,-0.000518000000002,2.155109735467857,1.0,3290.32,0.0,2.332576101437165,0.0
30.2477279,30.8124219,0.3460769999999258,0.3054714999999981,3.1402599999998246,0.2436173437340011,0.2598798687420841,2.3719739022487136,-0.0098717199999989,-0.0206990400000009,-0.001318000000002,2.3985718978789032,1.0,3383.68,0.0,2.6265669496443795,0.0
30.3603208,30.9250148,0.3160769999999258,0.360471499999998,3.295259999999825,0.2609393479847178,0.283927024829071,2.592692113375441,-0.0094717199999989,-0.0222990400000009,-0.002118000000002,2.6212127524323905,1.0,3502.44,0.0,3.113885471614331,0.0
30.4702962,31.0349902,0.2510769999999256,0.300471499999998,3.375259999999825,0.2585816824571909,0.2878821011295288,2.77977061963875,-0.0098717199999989,-0.0226990400000009,-0.001718000000002,2.806575366609624,1.0,3512.71,0.0,3.164056974170954,0.0
30.5755943,31.1402883,0.2860769999999257,0.2754714999999981,3.505259999999825,0.2651546367312513,0.2849152572801635,2.953204096666908,-0.0090717199999989,-0.0238990400000009,-0.000918000000002,2.978741029660233,1.0,3537.15,0.0,3.2898816498983274,0.0
30.6893476,31.2540416,0.3710769999999257,0.2954714999999981,3.5952599999998247,0.2904761428125433,0.2874388033565277,3.106692198320527,-0.0090717199999989,-0.0242990400000009,-0.000518000000002,3.133453984076344,1.0,3565.0,0.0,3.4454879123315303,0.0
30.7993329,31.3640269,0.3160769999999258,0.340471499999998,3.5652599999998245,0.2965962126538127,0.3001166525767035,3.2163161438272363,-0.0102717199999989,-0.0230990400000009,-0.000918000000002,3.243875591874345,1.0,3569.89,0.0,3.47428767084509,0.0
30.9126902,31.4773842,0.4060769999999256,0.3154714999999981,3.655259999999824,0.3227683857154866,0.303787339770682,3.3212488434048244,-0.0106717199999989,-0.0238990400000009,-0.000918000000002,3.350695458921955,1.0,3575.76,0.0,3.509481884833876,0.0
31.0233437,31.5880377,0.3460769999999258,0.435471499999998,4.170259999999825,0.3283404783325371,0.3352673895086073,3.5242110933149244,-0.0114717199999989,-0.0290990400000009,-0.002118000000002,3.5553165150832253,1.0,3602.15,0.0,3.6766775529903377,0.0
31.1343242,31.6990182,0.2510769999999256,0.3804714999999981,4.100259999999825,0.3098700857158384,0.3460737586584699,3.661919745610989,-0.0106717199999989,-0.0298990400000009,-0.001718000000002,3.691265736810233,1.0,3652.49,0.0,4.0432153160081645,0.0
31.2366455,31.8013395,0.2810769999999256,0.5204714999999982,4.245259999999824,0.3029868905854077,0.3877647985075506,3.801371447245536,-0.0118717199999989,-0.0302990400000009,-0.002118000000002,3.833091112243725,1.0,3658.85,0.0,4.094739385365933,0.0
31.3482837,31.9129777,0.3310769999999257,0.4004714999999981,4.160259999999824,0.3097020341529628,0.3908024272875849,3.887166348252634,-0.0114717199999989,-0.0282990400000009,-0.001318000000002,3.9190182579467616,1.0,3662.27,0.0,4.12299083212698,0.0
31.4593012,32.0239952,0.3310769999999257,0.4004714999999981,3.9302599999998247,0.314811874143111,0.3931138889651042,3.8974681969945633,-0.0110717199999989,-0.0270990400000009,-0.000118000000002,3.929873203092285,1.0,3642.72,0.0,3.966532306641582,0.0
31.5733534,32.1380474,0.3410769999999257,0.4504714999999981,3.9302599999998247,0.3210907422082264,0.4068256402120477,3.90530731437819,-0.0122717199999989,-0.0262990400000009,-0.003318000000002,3.9395471295570967,1.0,3623.66,0.0,3.824943247090712,0.0
31.6786621,32.2433561,0.3160769999999258,0.415471499999998,3.745259999999824,0.3198921709160103,0.4088924954486824,3.867046847756552,-0.0114717199999989,-0.0254990400000009,-0.000518000000002,3.901740047285504,1.0,3608.99,0.0,3.7225842299743386,0.0
31.7938283,32.3585223,0.3610769999999257,0.4104714999999981,3.505259999999825,0.3297377018116919,0.4092699678927886,3.7805590883929647,-0.0106717199999989,-0.0234990400000009,-0.001718000000002,3.816917064784833,1.0,3588.95,0.0,3.5911499303496863,0.0
31.8986767,32.4633707,0.2510769999999256,0.300471499999998,3.1802599999998247,0.3109332928293027,0.3832609082252414,3.637053254985673,-0.0090717199999989,-0.0218990400000009,-0.000918000000002,3.6703848321347983,1.0,3549.85,0.0,3.35912420058862,0.0
32.0136754,32.5783694,0.1210769999999257,0.300471499999998,2.910259999999824,0.2655467745804941,0.3634695021505428,3.4633080773097813,-0.0086717199999989,-0.0210990400000009,-0.000518000000002,3.492438690491623,1.0,3512.22,0.0,3.161628309884413,0.0
32.1192206,32.6839146,0.1810769999999257,0.235471499999998,2.7702599999998245,0.2453536647902427,0.3328706551287187,3.297629928119337,-0.0074717199999989,-0.0198990400000009,0.0022819999999979,3.323456699988759,1.0,3475.56,0.0,2.9894445381585726,0.0
32.2261217,32.7908157,0.1410769999999257,0.310471499999998,2.7802599999998243,0.2204255748180871,0.3275159752924216,3.173948909523425,-0.0078717199999989,-0.0194990400000009,-0.000118000000002,3.198406764057782,1.0,3474.1,0.0,2.9829540177965925,0.0
32.3436199,32.9083139,0.1460769999999256,0.3354714999999981,2.790259999999825,0.2026520109426459,0.329417800941381,3.0822253040825007,-0.0078717199999989,-0.0190990400000009,0.0010819999999979,3.106396103242892,1.0,3479.96,0.0,3.0091667407154796,0.0
32.4485824,33.0132764,0.2160769999999257,0.350471499999998,2.800259999999825,0.205861351553683,0.334450839785069,3.0148194613339525,-0.0090717199999989,-0.0190990400000009,-0.000118000000002,3.040291539430781,1.0,3478.98,0.0,3.0047528925506914,0.0
32.5616551,33.1263491,0.3060769999999257,0.3254714999999981,2.790259999999825,0.2298186262335866,0.332304263746193,2.9611368999719043,-0.0090717199999989,-0.0186990400000009,-0.000518000000002,2.9885739852048188,1.0,3483.38,0.0,3.0246663603165724,0.0
32.668650099999994,33.2333441,0.2860769999999257,0.290471499999998,2.6452599999998245,0.24326759687102,0.3223038393890657,2.885624245261828,-0.0086717199999989,-0.0174990400000009,-0.000518000000002,2.913740924209842,1.0,3476.54,0.0,2.9938161114787936,0.0
32.783611699999994,33.3483057,0.1260769999999256,0.2504714999999982,2.425259999999825,0.2152523381497367,0.3051317997692545,2.7755708469398632,-0.0078717199999989,-0.0174990400000009,0.0002819999999979,2.800577174564526,1.0,3436.46,0.0,2.824292487195721,0.0
32.8892201,33.4539141,0.2160769999999257,0.370471499999998,2.5552599999998247,0.2154494795220605,0.3207517270979707,2.7229039475390584,-0.0082717199999989,-0.0182990400000009,-0.001718000000002,2.7501829132234903,1.0,3418.38,0.0,2.753552993485513,0.0
33.005131,33.569825,0.2310769999999256,0.4104714999999981,2.8202599999998244,0.2191853511794181,0.3421998869109108,2.7461776151420256,-0.0082717199999989,-0.0198990400000009,-0.001318000000002,2.7760825770644195,1.0,3454.55,0.0,2.8985256395079526,0.0
33.1111793,33.6758733,0.2360769999999257,0.3904714999999981,3.0702599999998244,0.2232234218486554,0.3537395647151974,2.823651850287262,-0.0098717199999989,-0.0210990400000009,-0.000518000000002,2.854464949397242,1.0,3500.98,0.0,3.1068755360348264,0.0
33.217106699999995,33.7818007,0.3460769999999258,0.4504714999999981,3.1552599999998243,0.2525924571521368,0.3768640325988706,2.902925173884225,-0.0102717199999989,-0.0214990400000009,-0.001718000000002,2.9381633742267623,1.0,3523.95,0.49,3.220760671446111,0.0026926604633974944
33.33253,33.897224,0.1760769999999256,0.4504714999999981,3.175259999999825,0.2343008844020266,0.3944604293927983,2.96802878130792,-0.0110717199999989,-0.0218990400000009,-0.000918000000002,3.0032800038392184,1.0,3545.45,0.0,3.3348195562688274,0.0
33.4385852,34.0032792,0.3060769999999257,0.475471499999998,3.2652599999998246,0.2514594833184202,0.4138267110138849,3.039084051218828,-0.0114717199999989,-0.0222990400000009,-0.002118000000002,3.077420395212844,1.0,3549.85,0.0,3.35912420058862,0.0
33.5536015,34.1182955,0.2810769999999256,0.3654714999999982,3.1902599999998245,0.2585397646265441,0.4022670485217962,3.075223753811124,-0.0110717199999989,-0.0218990400000009,-0.000918000000002,3.11217973841868,1.0,3561.09,0.0,3.422790564104134,0.0
33.6585599,34.2232539,0.2810769999999256,0.485471499999998,3.125259999999825,0.2639274535427653,0.4221576736842253,3.087185279904896,-0.0102717199999989,-0.0214990400000009,-0.000918000000002,3.1270733529364985,1.0,3556.21,0.49,3.394865050430401,0.0026926604633974944
33.7735973,34.3382913,0.3060769999999257,0.425471499999998,3.215259999999825,0.2740036070952638,0.422949867802802,3.1178024669055056,-0.0110717199999989,-0.0218990400000009,-0.002118000000002,3.158268004780101,1.0,3554.25,0.0,3.383772607585699,0.0
33.880077,34.444771,0.3010769999999256,0.5204714999999982,3.3052599999998247,0.2804756972367735,0.4462631184378464,3.1626155443119424,-0.0110717199999989,-0.0230990400000009,-0.001718000000002,3.2062368079637924,1.0,3565.49,0.0,3.4483528994419896,0.0
33.996181099999994,34.5608751,0.2060769999999256,0.445471499999998,3.375259999999825,0.2626901512350805,0.4460738763319353,3.2134497375048934,-0.0106717199999989,-0.0238990400000009,-0.000918000000002,3.25488052532992,1.0,3574.29,0.0,3.5006035293766953,0.0
34.1011265,34.6658205,0.2710769999999256,0.360471499999998,3.375259999999825,0.2646950880156471,0.4256100099115451,3.252131649608648,-0.0102717199999989,-0.0242990400000009,-0.001318000000002,3.290526954234349,1.0,3575.76,0.0,3.509481884833876,0.0
34.2085486,34.7732426,0.2060769999999256,0.4204714999999981,3.3152599999998245,0.2506820106412418,0.4243816119985946,3.267222937784285,-0.0094717199999989,-0.0234990400000009,-0.000918000000002,3.304192329185067,1.0,3578.69,0.0,3.5273094019372304,0.0
34.3225898,34.8872838,0.2310769999999256,0.435471499999998,3.2352599999998244,0.2459952912284707,0.4270327298343636,3.2595819666190904,-0.0098717199999989,-0.0226990400000009,-0.000518000000002,3.29662634108944,1.0,3577.71,0.0,3.5213270483007943,0.0
34.4270076,34.9917016,0.2560769999999257,0.4004714999999981,3.245259999999824,0.2484053965366262,0.4206830759744748,3.256158197042444,-0.0102717199999989,-0.0226990400000009,-0.002118000000002,3.292604697744107,1.0,3571.85,0.0,3.4859625959203373,0.0
34.5445328,35.1092268,0.3660769999999256,0.4404714999999981,3.3952599999998245,0.2765356433583804,0.4254136416816474,3.289411487856676,-0.0114717199999989,-0.0230990400000009,-0.001318000000002,3.328314387947741,1.0,3572.34,0.0,3.4888932335022753,0.0
34.6485256,35.2132196,0.3460769999999258,0.4504714999999981,3.3452599999998247,0.293160007003229,0.4314039037208623,3.3027624781124048,-0.0110717199999989,-0.0230990400000009,-0.001718000000002,3.343694379676307,1.0,3580.16,0.0,3.5363200963674277,0.0
34.7660998,35.3307938,0.2560769999999257,0.5254714999999981,3.4452599999998244,0.2842950463058836,0.4538914421190836,3.3368275400662144,-0.0110717199999989,-0.0238990400000009,-0.001718000000002,3.379535344796285,1.0,3578.69,0.0,3.5273094019372304,0.0
34.874536799999994,35.4392308,0.2110769999999258,0.4504714999999981,3.455259999999825,0.2667917434377825,0.4530738802511858,3.365139675123327,-0.0106717199999989,-0.0242990400000009,-0.002118000000002,3.405968116178067,1.0,3584.07,0.0,3.5605068631367143,0.0
34.9810642,35.5457582,0.2860769999999257,0.4204714999999981,3.465259999999825,0.2714020233281483,0.4452800457452369,3.389074162015303,-0.0102717199999989,-0.0250990400000009,-0.000118000000002,3.4289585959945943,1.0,3588.47,0.0,3.5881130686617433,0.0
35.0875164,35.6522104,0.2460769999999257,0.4204714999999981,3.505259999999825,0.2653478935634275,0.4393493836775614,3.416849225866764,-0.0110717199999989,-0.0250990400000009,-0.000918000000002,3.4551839340131667,1.0,3593.84,0.0,3.6223763706694583,0.0
35.2044808,35.7691748,0.2910769999999256,0.4204714999999981,3.5252599999998244,0.2714986223141206,0.4348364892179576,3.442765604540498,-0.0110717199999989,-0.0250990400000009,-0.001718000000002,3.4807225229944674,1.0,3593.84,0.0,3.6223763706694583,0.0
35.312106099999994,35.8768001,0.3310769999999257,0.4204714999999981,3.545259999999825,0.2857412638709181,0.4314024347783147,3.467267630154661,-0.0102717199999989,-0.0254990400000009,-0.000918000000002,3.505666976443929,1.0,3597.75,0.0,3.647729123655641,0.0
35.4211094,35.9858034,0.2660769999999257,0.3804714999999981,3.575259999999824,0.2810403795455707,0.4192270269143133,3.493083986260984,-0.0102717199999989,-0.0258990400000009,-0.002518000000002,3.5293584020475253,1.0,3601.17,0.0,3.6701910671721305,0.0
35.53107,36.095764,0.3160769999999258,0.4604714999999981,3.585259999999825,0.2894161367560903,0.4290868161394628,3.515119328188892,-0.0110717199999989,-0.0254990400000009,-0.000118000000002,3.5530185881031704,1.0,3605.08,0.0,3.6962055456085237,0.0
35.6460733,36.2107673,0.3310769999999257,0.3954714999999982,3.645259999999825,0.2993754670563861,0.4210508319923668,3.5462303958708428,-0.0106717199999989,-0.0258990400000009,-0.001718000000002,3.58366565041927,1.0,3605.08,0.0,3.6962055456085237,0.0
35.753509699999995,36.3182037,0.2910769999999256,0.495471499999998,3.790259999999825,0.2973916585616439,0.438841630265524,3.604567435512733,-0.0114717199999989,-0.0266990400000009,-0.002118000000002,3.643340523776907,1.0,3617.79,0.0,3.7833278720598145,0.0
35.8594605,36.4241545,0.2910769999999256,0.5454714999999981,3.920259999999825,0.2958820938178301,0.4643322708782167,3.680036023493555,-0.0126717199999989,-0.0274990400000009,-0.002918000000002,3.720996614541755,1.0,3635.39,0.0,3.9108701834775017,0.0
35.976027499999994,36.5407215,0.3560769999999256,0.5854714999999981,3.960259999999825,0.3102721209652276,0.4932914786624087,3.74702558930629,-0.0126717199999989,-0.0278990400000009,-0.001318000000002,3.792071470698484,1.0,3653.47,0.0,4.0510702029636265,0.0
36.0810281,36.6457221,0.3960769999999256,0.4604714999999981,4.0202599999998245,0.3307843971195135,0.4854456256844108,3.8123442489215895,-0.0122717199999989,-0.0286990400000009,-0.002518000000002,3.857336444382233,1.0,3658.85,0.0,4.094739385365933,0.0
36.1879103,36.7526043,0.2410769999999256,0.5454714999999981,4.010259999999825,0.3093391958267633,0.4997952445430992,3.859657438883176,-0.0118717199999989,-0.0290990400000009,-0.002118000000002,3.904156960224433,1.0,3661.78,0.0,4.118919252759168,0.0
36.3020109,36.8667049,0.3110769999999256,0.5104714999999982,4.0202599999998245,0.3097546304675785,0.5023474805311839,3.898050641248488,-0.0122717199999989,-0.0286990400000009,-0.001318000000002,3.942473807652992,1.0,3664.22,0.0,4.139274023608351,0.0
36.4078242,36.9725182,0.3760769999999256,0.495471499999998,3.9302599999998247,0.3256094719912635,0.5007037277157975,3.905750521125863,-0.0122717199999989,-0.0278990400000009,-0.001318000000002,3.9511533612951393,1.0,3664.71,0.0,4.143385917043633,0.0
36.5254121,37.0901061,0.4260769999999256,0.425471499999998,3.780259999999824,0.3496269603000433,0.4827189202320114,3.875751105556014,-0.0122717199999989,-0.0262990400000009,-0.003718000000002,3.921313963397636,1.0,3655.91,0.0,4.070759963323351,0.0
36.6320324,37.1967264,0.3810769999999257,0.5004714999999982,3.700259999999824,0.3571453194731432,0.4869628026632736,3.833798689093381,-0.0122717199999989,-0.0258990400000009,-0.002118000000002,3.881069174711186,1.0,3636.85,0.0,3.9218332055701297,0.0
36.7470137,37.3117077,0.3410769999999257,0.495471499999998,3.615259999999824,0.3533040716317862,0.4889968682251346,3.781555436827156,-0.0114717199999989,-0.0250990400000009,-0.003318000000002,3.8293737380885937,1.0,3629.52,0.0,3.8673983964654086,0.0
36.8495431,37.4142371,0.3560769999999256,0.4604714999999981,3.5552599999998247,0.3539669601887449,0.4821776728947609,3.727457877983446,-0.0106717199999989,-0.0250990400000009,-0.001718000000002,3.775146374550836,1.0,3621.21,0.0,3.807464744309254,0.0
36.9627268,37.5274208,0.3610769999999257,0.5104714999999982,3.5552599999998247,0.3556666665657673,0.4889415166478598,3.686292731361029,-0.0110717199999989,-0.0250990400000009,-0.001718000000002,3.73554770893012,1.0,3611.93,0.0,3.742663620146092,0.0
37.0745364,37.6392304,0.2510769999999256,0.5454714999999981,3.5552599999998247,0.3306637512581695,0.5024554175187804,3.6549684103996944,-0.0110717199999989,-0.0250990400000009,-0.001718000000002,3.704132023026416,1.0,3616.81,0.0,3.776466928571793,0.0
37.1793839,37.7440779,0.3210769999999256,0.5104714999999982,3.615259999999824,0.3283719691189274,0.5043717199409746,3.645475828055508,-0.0122717199999989,-0.0250990400000009,-0.001718000000002,3.69482245783424,1.0,3624.63,0.0,3.831907127102312,0.0
37.2900984,37.8547924,0.3110769999999256,0.5604714999999981,3.810259999999825,0.3242374818189063,0.517782777607055,3.6848686746955024,-0.0118717199999989,-0.0270990400000009,-0.000918000000002,3.735168818026159,1.0,3630.01,0.0,3.8709906150534517,0.0
37.4025008,37.9671948,0.3110769999999256,0.485471499999998,3.880259999999825,0.3210913735738818,0.5100585332909977,3.7315783824403663,-0.0118717199999989,-0.0270990400000009,-0.000918000000002,3.7799387034531113,1.0,3640.76,0.0,3.951495284621145,0.0
37.5088476,38.0735416,0.3710769999999257,0.4704714999999981,3.820259999999824,0.3330407986477329,0.5005949670214674,3.752778363719435,-0.0114717199999989,-0.0274990400000009,-0.000918000000002,3.800639017556372,1.0,3645.16,0.0,3.985411333288767,0.0
37.6203394,38.1850334,0.2910769999999256,0.495471499999998,3.770259999999825,0.3230090494508302,0.499370165220054,3.756957475152797,-0.0114717199999989,-0.0266990400000009,-0.001318000000002,3.803739591250368,1.0,3638.81,0.0,3.9366467883774563,0.0
37.7319789,38.2966729,0.2460769999999257,0.425471499999998,3.780259999999824,0.3046178873024168,0.4817041554840117,3.762528112045846,-0.0114717199999989,-0.0266990400000009,-0.002918000000002,3.805449874142403,1.0,3640.27,0.0,3.9477536851385846,0.0
37.84287,38.407564,0.2910769999999256,0.495471499999998,3.830259999999825,0.301380840378658,0.4849953386404952,3.7787199091300345,-0.0114717199999989,-0.0270990400000009,-0.002118000000002,3.821619426513589,1.0,3641.25,0.0,3.9552439255480367,0.0
37.9534982,38.5181922,0.3110769999999256,0.4604714999999981,3.750259999999825,0.3036987773774043,0.4791327378628214,3.7719163622691534,-0.0114717199999989,-0.0266990400000009,-0.001318000000002,3.814335351254032,1.0,3637.83,0.0,3.9292261607707366,0.0
38.0643775,38.6290715,0.2910769999999256,0.4504714999999981,3.710259999999825,0.3006814503205121,0.4722810619140893,3.7571769634871135,-0.0118717199999989,-0.0262990400000009,-0.002118000000002,3.798662589776538,1.0,3632.94,0.49,3.8926090690721247,0.0026926604633974944
38.17696,38.741654,0.3360769999999258,0.495471499999998,3.690259999999825,0.3091430121550469,0.4778249036572222,3.741179979983385,-0.0114717199999989,-0.0262990400000009,-0.000518000000002,3.784219032131704,1.0,3633.92,0.0,3.8998932209898998,0.0
38.2794699,38.8441639,0.2910769999999256,0.425471499999998,3.750259999999825,0.3048242014475267,0.4653094443323565,3.743350624358844,-0.0114717199999989,-0.0258990400000009,-0.001318000000002,3.7844556503757256,1.0,3626.1,0.0,3.8425084669195306,0.0
38.3909418,38.9556358,0.3510769999999257,0.435471499999998,3.820259999999824,0.3158812670536877,0.4581764682020126,3.761736366169208,-0.0110717199999989,-0.0266990400000009,-0.000918000000002,3.802678942462725,1.0,3637.83,0.49,3.9292261607707366,0.0026926604633974944
38.5018986,39.0665926,0.3060769999999257,0.3354714999999981,3.715259999999825,0.3135374861922776,0.4288429591804013,3.750625855109242,-0.0106717199999989,-0.0266990400000009,-0.000518000000002,3.788061026950373,1.0,3636.85,0.49,3.9218332055701297,0.0026926604633974944
38.6143625,39.1790565,0.3110769999999256,0.4804714999999981,3.770259999999825,0.3129492891944015,0.4411851348078052,3.755319539274754,-0.0110717199999989,-0.0270990400000009,-0.002518000000002,3.794075173588607,1.0,3633.92,0.0,3.8998932209898998,0.0
38.7252822,39.2899762,0.2610769999999256,0.4804714999999981,3.800259999999825,0.3005488437572394,0.4505768241964064,3.766062881043475,-0.0102717199999989,-0.0270990400000009,-0.000918000000002,3.8048099434742086,1.0,3636.85,0.0,3.9218332055701297,0.0
38.8359141,39.4006081,0.3010769999999256,0.405471499999998,3.840259999999825,0.3006751033222486,0.439794070623953,3.783800238301092,-0.0106717199999989,-0.0274990400000009,-0.000918000000002,3.821121378035672,1.0,3637.34,0.0,3.9255262343014077,0.0
38.9470113,39.5117053,0.3260769999999258,0.3954714999999982,3.820259999999824,0.3067476102164597,0.4291984399473017,3.792516207706298,-0.0106717199999989,-0.0266990400000009,-0.000118000000002,3.829031807512399,1.0,3641.25,0.0,3.9552439255480367,0.0
39.0502522,39.6149462,0.1510769999999257,0.445471499999998,3.870259999999824,0.2695334263403134,0.4330886325031493,3.8111014228449545,-0.0102717199999989,-0.0270990400000009,-0.001718000000002,3.8450888268971153,1.0,3648.58,0.0,4.012175378497972,0.0
39.1613037,39.7259977,0.2610769999999256,0.4304714999999981,3.860259999999824,0.267511856537712,0.4324629880731247,3.822853135816249,-0.0102717199999989,-0.0270990400000009,-0.000918000000002,3.856526017993593,1.0,3647.12,0.0,4.000706216488193,0.0
39.2754448,39.8401388,0.3060769999999257,0.4604714999999981,3.8902599999998246,0.2767311326619367,0.4391586251718299,3.838967233620277,-0.0106717199999989,-0.0270990400000009,0.0002819999999979,3.8739011136911192,1.0,3656.4,0.0,4.074737070709035,0.0
39.3812532,39.9459472,0.3510769999999257,0.455471499999998,3.880259999999825,0.2945040492946849,0.4430583357373604,3.848838567706177,-0.0110717199999989,-0.0270990400000009,-0.002918000000002,3.885433263380013,1.0,3652.49,0.0,4.0432153160081645,0.0
39.4954184,40.0601124,0.2560769999999257,0.4304714999999981,3.920259999999825,0.2853177855787287,0.4400493617319428,3.865912377016594,-0.0102717199999989,-0.0278990400000009,-0.001318000000002,3.901323901741348,1.0,3658.36,0.0,4.090723272056665,0.0
39.5987359,40.1634299,0.3160769999999258,0.340471499999998,4.040259999999825,0.2926709979787059,0.4162445545732151,3.907591435710089,-0.0102717199999989,-0.0298990400000009,-0.000918000000002,3.940582021821718,1.0,3660.8,0.49,4.11080013138917,0.0026926604633974944
39.7142848,40.2789788,0.2760769999999257,0.4404714999999981,4.0202599999998245,0.2887040828932973,0.4220361808835094,3.934525669877395,-0.0102717199999989,-0.0294990400000009,0.0006819999999979,3.967613493320407,1.0,3672.04,0.49,4.205886360358609,0.0026926604633974944
39.8207811,40.3854751,0.2510769999999256,0.3804714999999981,4.060259999999825,0.2797090569242387,0.412099843671233,3.964583369749013,-0.0102717199999989,-0.0298990400000009,0.0006819999999979,3.995745829425307,1.0,3671.55,0.49,4.201649499248483,0.0026926604633974944
39.9318571,40.4965511,0.2510769999999256,0.3804714999999981,4.000259999999825,0.2728643568896492,0.4045388596457828,3.973112125924557,-0.0098717199999989,-0.0286990400000009,-0.000918000000002,4.002964727722825,1.0,3669.11,0.0,4.180678262970628,0.0
40.0413131,40.6060071,0.3360769999999258,0.330471499999998,3.950259999999824,0.2879757958486852,0.3868325222886872,3.967649160147389,-0.0098717199999989,-0.0286990400000009,-0.000918000000002,3.996849924292028,1.0,3667.16,0.0,4.164068474042698,0.0
40.1562506,40.7209446,0.3460769999999258,0.4804714999999981,3.870259999999824,0.3018653084015186,0.4092175963220963,3.944367577912735,-0.0102717199999989,-0.0274990400000009,-0.002518000000002,3.977011100719378,1.0,3658.36,0.0,4.090723272056665,0.0
40.2618293,40.8265233,0.3060769999999257,0.455471499999998,3.7602599999998247,0.3028721437017382,0.4202749261164916,3.900355331491186,-0.0102717199999989,-0.0262990400000009,-0.000518000000002,3.934607256238471,1.0,3649.56,0.0,4.019910598888231,0.0
40.368412,40.933106,0.3010769999999256,0.3554714999999981,3.770259999999825,0.3024430016324007,0.4047831989886223,3.8692551027401487,-0.0102717199999989,-0.0270990400000009,-0.000918000000002,3.902109206249943,1.0,3643.7,0.0,3.974093487101355,0.0
40.4838178,41.0485118,0.3010769999999256,0.3554714999999981,3.7252599999998246,0.3021164490746935,0.3929948811368758,3.834832033265511,-0.0098717199999989,-0.0266990400000009,-0.000118000000002,3.8667371320999546,1.0,3643.69,0.0,3.9740161876910998,0.0
40.5897067,41.1544007,0.2810769999999256,0.3454714999999981,3.810259999999825,0.297086816792581,0.3816340735857013,3.828957911214546,-0.0102717199999989,-0.0266990400000009,-0.001318000000002,3.859381275371225,1.0,3644.67,0.0,3.9816057478185596,0.0
40.7051539,41.2698479,0.2560769999999257,0.4804714999999981,4.070259999999824,0.2872831238493459,0.4052618743331288,3.886642918611016,-0.0110717199999989,-0.0290990400000009,-0.000918000000002,3.918260067533265,1.0,3652.49,0.49,4.0432153160081645,0.0026926604633974944
40.8111871,41.3758811,0.2860769999999257,0.5204714999999982,4.060259999999825,0.2869947912305728,0.4328035675782773,3.9281473360592143,-0.0114717199999989,-0.0286990400000009,-0.000918000000002,3.962325886659383,1.0,3668.62,0.49,4.1764920636749885,0.0026926604633974944
40.9251664,41.4898604,0.3610769999999257,0.4904714999999982,3.960259999999825,0.3047046783779217,0.4465895033943827,3.9358241003436,-0.0102717199999989,-0.0282990400000009,-0.001318000000002,3.9727822082783417,1.0,3669.11,0.49,4.180678262970628,0.0026926604633974944
41.0311765,41.5958705,0.2810769999999256,0.445471499999998,3.9302599999998247,0.2990563111845116,0.4463222366069337,3.9344939619635255,-0.0106717199999989,-0.0282990400000009,-0.000918000000002,3.971005030578096,1.0,3665.69,0.0,4.151634244678973,0.0
41.1461875,41.7108815,0.2360769999999257,0.4904714999999982,4.0202599999998245,0.2840006519078109,0.4568764369381367,3.954996952896572,-0.0102717199999989,-0.0282990400000009,-0.002118000000002,3.991414955418005,1.0,3669.6,0.0,4.184872868040502,0.0
41.2526869,41.8173809,0.3460769999999258,0.4304714999999981,4.050259999999825,0.2988404513346026,0.4505641460240899,3.9777702724497694,-0.0106717199999989,-0.0286990400000009,-0.001318000000002,4.014345526411671,1.0,3670.58,0.0,4.19328740212986,0.0
41.3661741,41.9308681,0.2560769999999257,0.4304714999999981,4.010259999999825,0.2886175393865239,0.4457608538505782,3.985537176513753,-0.0102717199999989,-0.0282990400000009,0.0002819999999979,4.020759804842903,1.0,3668.62,0.0,4.1764920636749885,0.0
41.4737698,42.0384638,0.4060769999999256,0.3954714999999982,3.990259999999824,0.3166970719275727,0.433738820541883,3.986666201583936,-0.0106717199999989,-0.0286990400000009,-0.000518000000002,4.02267744203587,1.0,3667.64,0.0,4.168144776465259,0.0
41.5887622,42.1534562,0.3260769999999258,0.4204714999999981,3.990259999999824,0.3189394114902174,0.430567171728387,3.987525325055455,-0.0114717199999989,-0.0282990400000009,-0.002118000000002,4.023365339554752,1.0,3664.22,0.0,4.139274023608351,0.0
41.6953509,42.2600449,0.3260769999999258,0.4704714999999981,3.960259999999825,0.3206457035826238,0.4401065896550478,3.981007352146813,-0.0110717199999989,-0.0282990400000009,-0.002118000000002,4.018075038539073,1.0,3667.64,0.49,4.168144776465259,0.0026926604633974944
41.8021492,42.3668432,0.4110769999999257,0.445471499999998,3.9702599999998247,0.3422639582316592,0.4413891102270318,3.978438119981388,-0.0110717199999989,-0.0282990400000009,-0.002518000000002,4.017454273324396,1.0,3668.13,0.0,4.1723142436398755,0.0
41.9164157,42.4811097,0.2610769999999256,0.405471499999998,3.9302599999998247,0.3228556294033841,0.4328027460474262,3.966920792379813,-0.0110717199999989,-0.0282990400000009,-0.002518000000002,4.0035002869287935,1.0,3665.2,0.0,4.147505982192655,0.0
42.0261435,42.5908375,0.2410769999999256,0.3954714999999982,3.980259999999825,0.3033058573075058,0.4238784420134006,3.970109626318619,-0.0110717199999989,-0.0278990400000009,-0.001318000000002,4.004177546222009,1.0,3664.71,0.0,4.143385917043633,0.0
42.1327787,42.6974727,0.2160769999999257,0.5054714999999981,4.010259999999825,0.2824531688608228,0.4433838519215825,3.9797078631777794,-0.0110717199999989,-0.0286990400000009,-0.001318000000002,4.014279973916043,1.0,3664.71,0.0,4.143385917043633,0.0
42.2471637,42.8118577,0.2860769999999257,0.4204714999999981,3.9702599999998247,0.2833194718717707,0.4379064886848175,3.977449283237404,-0.0110717199999989,-0.0278990400000009,-0.002118000000002,4.011500319917687,1.0,3666.67,0.0,4.159915464705609,0.0
42.3536862,42.9183802,0.3210769999999256,0.465471499999998,3.940259999999825,0.2923456817164899,0.4444961037586217,3.968558916438557,-0.0106717199999989,-0.0286990400000009,-0.002118000000002,4.00406077090731,1.0,3666.67,0.0,4.159915464705609,0.0
42.4637123,43.0284063,0.2810769999999256,0.4204714999999981,3.990259999999824,0.2896518219515755,0.4387528486857383,3.973746717224056,-0.0110717199999989,-0.0286990400000009,-0.001718000000002,4.008374385313663,1.0,3669.11,0.0,4.180678262970628,0.0
42.5721537,43.1368477,0.2310769999999256,0.3904714999999981,3.980259999999825,0.2756490876423237,0.4272108435167456,3.975303764521023,-0.0102717199999989,-0.0290990400000009,-0.000518000000002,4.007684062466919,1.0,3667.16,0.0,4.164068474042698,0.0
42.6811334,43.2458274,0.3010769999999256,0.3854714999999982,3.950259999999824,0.2817278137727479,0.4172327519402992,3.969316871705826,-0.0110717199999989,-0.0286990400000009,-0.000518000000002,4.00111611408034,1.0,3670.09,0.0,4.189075905512607,0.0
42.7960957,43.3607897,0.2310769999999256,0.465471499999998,3.920259999999825,0.269619370858595,0.4287645731219062,3.957589472156763,-0.0106717199999989,-0.0290990400000009,-0.000518000000002,3.989868180082224,1.0,3668.62,0.0,4.1764920636749885,0.0
42.9036839,43.4683779,0.2810769999999256,0.4904714999999982,3.9302599999998247,0.2723583998702824,0.4435160597389306,3.95105616442018,-0.0110717199999989,-0.0286990400000009,-0.002518000000002,3.9851888797933968,1.0,3668.62,0.0,4.1764920636749885,0.0
43.0136401,43.5783341,0.3010769999999256,0.5254714999999981,3.910259999999824,0.2792237886832605,0.4631080997475331,3.941303546619884,-0.0106717199999989,-0.0286990400000009,-0.002518000000002,3.978229340148313,1.0,3664.71,0.0,4.143385917043633,0.0
43.1286368,43.6933308,0.3010769999999256,0.405471499999998,3.960259999999825,0.2844479567076001,0.4493296542335268,3.945835223734398,-0.0106717199999989,-0.0286990400000009,-0.001718000000002,3.98151018975361,1.0,3664.22,0.49,4.139274023608351,0.0026926604633974944
43.2336468,43.7983408,0.2960769999999257,0.405471499999998,3.950259999999824,0.287227963510312,0.43884504564977,3.946892998463509,-0.0102717199999989,-0.0286990400000009,-0.000118000000002,3.9815887806796297,1.0,3667.16,0.0,4.164068474042698,0.0
43.3470641,43.9117581,0.2360769999999257,0.4204714999999981,3.9302599999998247,0.2749999561885074,0.4344527168388513,3.94291676003046,-0.0106717199999989,-0.0286990400000009,-0.001318000000002,3.976300631944401,1.0,3666.18,0.0,4.1557707302356,0.0
43.4526235,44.0173175,0.3460769999999258,0.4304714999999981,3.940259999999825,0.2919914369445203,0.4335009781947629,3.942281642353736,-0.0106717199999989,-0.0282990400000009,-0.000518000000002,3.976778425432327,1.0,3670.09,0.0,4.189075905512607,0.0
43.5670932,44.1317872,0.2560769999999257,0.455471499999998,3.8902599999998246,0.2834058313610044,0.4387531901388005,3.929845492964942,-0.0106717199999989,-0.0282990400000009,-0.000518000000002,3.96440522975178,1.0,3666.18,0.0,4.1557707302356,0.0
43.6736692,44.2383632,0.3010769999999256,0.3554714999999981,3.900259999999824,0.2876302518737812,0.4188441005166128,3.9227728671575472,-0.0102717199999989,-0.0282990400000009,-0.000518000000002,3.955541493858709,1.0,3665.69,0.0,4.151634244678973,0.0
43.7820454,44.3467394,0.2160769999999257,0.5054714999999981,3.880259999999825,0.270524930140501,0.4395530061257248,3.912609859167092,-0.0106717199999989,-0.0282990400000009,-0.001318000000002,3.946505605351805,1.0,3661.78,0.0,4.118919252759168,0.0
43.8970498,44.4617438,0.2360769999999257,0.3454714999999981,3.8902599999998246,0.2622899036019601,0.4170621424781967,3.907266963886475,-0.0106717199999989,-0.0282990400000009,-0.001318000000002,3.938206692302813,1.0,3662.76,0.0,4.127070457223089,0.0
44.0010346,44.5657286,0.3460769999999258,0.4104714999999981,3.910259999999824,0.2823198142412589,0.4154866017855478,3.907982470789898,-0.0106717199999989,-0.0274990400000009,-0.000918000000002,3.940134589804978,1.0,3661.78,0.0,4.118919252759168,0.0
44.1151611,44.6798551,0.3860769999999256,0.3354714999999981,3.910259999999824,0.3071237189983842,0.3963584137057677,3.9085269305995154,-0.0106717199999989,-0.0278990400000009,-0.000918000000002,3.940559317927903,1.0,3663.73,0.0,4.135170276372135,0.0
44.2204546,44.7851486,0.3210769999999256,0.445471499999998,3.950259999999824,0.3104593516148725,0.4080992517582186,3.9185035223031055,-0.0106717199999989,-0.0282990400000009,-0.000118000000002,3.951910912785432,1.0,3664.22,0.0,4.139274023608351,0.0
44.3320408,44.8967348,0.3010769999999256,0.3854714999999982,3.900259999999824,0.308216432686864,0.4026899242463465,3.914142276512404,-0.0106717199999989,-0.0278990400000009,-0.000518000000002,3.946855242499963,1.0,3662.27,0.0,4.12299083212698,0.0
44.4460209,45.0107149,0.3660769999999256,0.4204714999999981,3.8902599999998246,0.3220484192652639,0.4069407383774376,3.908433045795804,-0.0106717199999989,-0.0278990400000009,-0.001318000000002,3.942735702830091,1.0,3659.82,0.0,4.102712894525542,0.0
44.5540427,45.1187367,0.2110769999999258,0.3804714999999981,3.8902599999998246,0.2955198998755545,0.4006130757398374,3.904088647923267,-0.0106717199999989,-0.0282990400000009,-0.000518000000002,3.935699558975445,1.0,3657.87,0.0,4.08671500804119,0.0
44.667008,45.231702,0.3510769999999257,0.4804714999999981,3.920259999999825,0.3088012259831477,0.4197038089253958,3.9079545264527193,-0.0114717199999989,-0.0282990400000009,-0.001718000000002,3.942539545168505,1.0,3663.73,0.0,4.135170276372135,0.0
44.7772454,45.3419394,0.3410769999999257,0.3554714999999981,3.900259999999824,0.3165169829094846,0.4043486114875861,3.9061150943218914,-0.0102717199999989,-0.0282990400000009,-0.001318000000002,3.939722824028536,1.0,3664.71,0.0,4.143385917043633,0.0
44.8836306,45.4483246,0.2810769999999256,0.4404714999999981,3.920259999999825,0.3080447989903152,0.4129840489241617,3.909496536201493,-0.0110717199999989,-0.0290990400000009,-0.001718000000002,3.9432994546980895,1.0,3663.25,0.0,4.131158153134653,0.0
44.9979534,45.5626474,0.1910769999999257,0.3904714999999981,3.950259999999824,0.2800828017118196,0.4076022614819514,3.919241336681877,-0.0106717199999989,-0.0290990400000009,-0.002118000000002,3.950321333073537,1.0,3661.29,0.49,4.114855694138479,0.0026926604633974944
45.1019947,45.6666887,0.2510769999999256,0.3054714999999981,4.0202599999998245,0.2731487552859721,0.3831871651968302,3.943390577867528,-0.0102717199999989,-0.0298990400000009,-0.000918000000002,3.971369020337981,1.0,3668.13,0.0,4.1723142436398755,0.0
45.2145889,45.7792829,0.2960769999999257,0.475471499999998,4.100259999999825,0.2786299178095562,0.4052484020576347,3.980891346391888,-0.0106717199999989,-0.0302990400000009,-0.001318000000002,4.011154049677804,1.0,3674.98,0.0,4.231488388715178,0.0
45.3229336,45.8876276,0.2710769999999256,0.415471499999998,4.1902599999998245,0.2768243382478262,0.4076923074684362,4.030942435434509,-0.0102717199999989,-0.0306990400000009,0.0006819999999979,4.060953293206163,1.0,3679.86,0.0,4.27468123910898,0.0
45.4335625,45.9982565,0.2060769999999256,0.3554714999999981,4.080259999999825,0.2599116759884369,0.3952085462203231,4.042732155494734,-0.0102717199999989,-0.0298990400000009,-0.000518000000002,4.070310449510185,1.0,3681.33,0.0,4.287866184006759,0.0
45.5445509,46.1092449,0.3160769999999258,0.415471499999998,4.050259999999825,0.2733384024098181,0.4000525516930439,4.044531741101894,-0.0098717199999989,-0.0290990400000009,-0.001718000000002,4.073449758021913,1.0,3678.4,0.0,4.261666320100992,0.0
45.6555023,46.2201963,0.2960769999999257,0.3554714999999981,4.010259999999825,0.2787742284185099,0.3893951292496598,4.036338833825729,-0.0102717199999989,-0.0290990400000009,0.0002819999999979,4.064649409058958,1.0,3670.09,0.0,4.189075905512607,0.0
45.7661195,46.3308135,0.3610769999999257,0.320471499999998,3.990259999999824,0.2984493004882279,0.3729184378000632,4.02532335574409,-0.0106717199999989,-0.0290990400000009,-0.001318000000002,4.053562416506254,1.0,3668.62,0.0,4.1764920636749885,0.0
45.8785335,46.4432275,0.4060769999999256,0.415471499999998,3.960259999999825,0.3241784795170997,0.3830910547057125,4.009769490561071,-0.0102717199999989,-0.0282990400000009,-0.001318000000002,4.041052067248323,1.0,3668.62,0.0,4.1764920636749885,0.0
45.9814346,46.5461286,0.2960769999999257,0.3554714999999981,3.940259999999825,0.3174606178443715,0.3764884006404009,3.9931527447329054,-0.0098717199999989,-0.0286990400000009,-0.000518000000002,4.023405721831548,1.0,3666.67,0.49,4.159915464705609,0.0026926604633974944
46.0914293,46.6561233,0.2110769999999258,0.3054714999999981,3.910259999999824,0.2920288455248178,0.35951129754387,3.973336635319546,-0.0098717199999989,-0.0286990400000009,-0.000518000000002,4.000241647357405,1.0,3665.69,0.0,4.151634244678973,0.0
46.2045241,46.7692181,0.2760769999999257,0.4404714999999981,3.860259999999824,0.2882154416221705,0.3788654187659912,3.946304848824775,-0.0102717199999989,-0.0282990400000009,-0.000918000000002,3.974912465222866,1.0,3663.25,0.49,4.131158153134653,0.0026926604633974944
46.3154528,46.8801468,0.3010769999999256,0.3804714999999981,3.910259999999824,0.2912900900592634,0.3792493640866861,3.937688067339215,-0.0106717199999989,-0.0278990400000009,-0.002118000000002,3.9666191287282087,1.0,3662.27,0.0,4.12299083212698,0.0
46.4285977,46.9932917,0.2960769999999257,0.3554714999999981,3.8902599999998246,0.2924344354593525,0.3735650939147301,3.92635004523984,-0.0102717199999989,-0.0282990400000009,-0.000518000000002,3.95490751550385,1.0,3658.85,0.0,4.094739385365933,0.0
46.5339154,47.0986094,0.3010769999999256,0.3354714999999981,3.920259999999825,0.2945005029432981,0.3644585451161213,3.924894175933098,-0.0106717199999989,-0.0278990400000009,-0.001718000000002,3.952765471112037,1.0,3656.89,0.49,4.0787219313713825,0.0026926604633974944
46.647924,47.212618,0.2610769999999256,0.360471499999998,3.880259999999825,0.2865103731263118,0.3635054131802503,3.914224053756339,-0.0106717199999989,-0.0278990400000009,-0.001318000000002,3.9414939201177295,1.0,3661.29,0.0,4.114855694138479,0.0
46.7538765,47.3185705,0.2610769999999256,0.5054714999999981,3.830259999999825,0.2804303415596632,0.3974434317422531,3.894151840182208,-0.0106717199999989,-0.0274990400000009,-0.000118000000002,3.924413460925952,1.0,3658.36,0.0,4.090723272056665,0.0
46.8688706,47.4335646,0.3010769999999256,0.455471499999998,3.830259999999825,0.2853660744032305,0.4113154606314412,3.8788780342568296,-0.0106717199999989,-0.0278990400000009,0.0002819999999979,3.9110496045454206,1.0,3659.82,0.0,4.102712894525542,0.0
46.97449,47.539184,0.2560769999999257,0.3804714999999981,3.900259999999824,0.2783643095942495,0.403941989037731,3.8839895476226887,-0.0106717199999989,-0.0286990400000009,-0.002118000000002,3.9148474587659146,1.0,3660.8,0.0,4.11080013138917,0.0
47.0888924,47.6535864,0.2560769999999257,0.3804714999999981,3.900259999999824,0.2730363672408786,0.3983311990915854,3.8878791167948568,-0.0102717199999989,-0.0282990400000009,-0.001318000000002,3.91775709160425,1.0,3661.29,0.0,4.114855694138479,0.0
47.1947959,47.7594899,0.2960769999999257,0.330471499999998,3.860259999999824,0.2785443969384899,0.3821088478316938,3.8812765674152567,-0.0102717199999989,-0.0282990400000009,-0.000118000000002,3.909974673245832,1.0,3659.34,0.0,4.098763372225893,0.0
47.3078236,47.8725176,0.2760769999999257,0.3654714999999982,3.960259999999825,0.2779545478768112,0.3781315696508033,3.900158127520165,-0.0102717199999989,-0.0290990400000009,-0.001718000000002,3.928291694148181,1.0,3660.31,0.0,4.1067525397403735,0.0
47.4129027,47.9775967,0.2710769999999256,0.3904714999999981,3.920259999999825,0.2763104203761133,0.381081519139631,3.904963625344529,-0.0098717199999989,-0.0290990400000009,-0.000518000000002,3.933231685001797,1.0,3666.18,0.0,4.1557707302356,0.0
47.5268855,48.0915795,0.2760769999999257,0.415471499999998,3.900259999999824,0.2762546195490478,0.389302692484135,3.903839189728719,-0.0098717199999989,-0.0282990400000009,-0.001318000000002,3.932916681098058,1.0,3666.18,0.0,4.1557707302356,0.0
47.6313228,48.1960168,0.2810769999999256,0.370471499999998,3.950259999999824,0.2774074444308291,0.3848009598915988,3.914936419749888,-0.0110717199999989,-0.0282990400000009,-0.000918000000002,3.943571203825691,1.0,3663.25,0.0,4.131158153134653,0.0
47.744426,48.30912,0.2810769999999256,0.465471499999998,3.910259999999824,0.2782846781970624,0.4040858352370873,3.9138184878279993,-0.0110717199999989,-0.0286990400000009,-0.001318000000002,3.944452164752761,1.0,3662.27,0.0,4.12299083212698,0.0
47.8511367,48.4158307,0.2810769999999256,0.370471499999998,3.900259999999824,0.2789522028946825,0.3960500855817899,3.910577233371437,-0.0106717199999989,-0.0282990400000009,-0.000918000000002,3.9404675230170514,1.0,3664.22,0.49,4.139274023608351,0.0026926604633974944
47.9655265,48.5302205,0.2310769999999256,0.2954714999999981,3.9302599999998247,0.2675072898108634,0.3720060481579167,3.915282540914596,-0.0098717199999989,-0.0286990400000009,-0.000918000000002,3.9420027936518105,1.0,3663.25,0.0,4.131158153134653,0.0
48.0813863,48.6460803,0.2560769999999257,0.3804714999999981,4.000259999999825,0.2647747964635951,0.3740297755718946,3.9355970163530016,-0.0102717199999989,-0.0286990400000009,0.0002819999999979,3.962187254659142,1.0,3667.64,0.0,4.168144776465259,0.0
48.1877641,48.7524581,0.2710769999999256,0.4404714999999981,4.030259999999824,0.2662813837436197,0.3899131497455834,3.958226886402315,-0.0102717199999989,-0.0290990400000009,-0.000118000000002,3.9862887657457913,1.0,3671.07,0.0,4.197507384750731,0.0
48.3013838,48.8660778,0.2310769999999256,0.3454714999999981,4.040259999999825,0.257865521506927,0.3792890523447251,3.977837494783076,-0.0102717199999989,-0.0294990400000009,-0.000918000000002,4.004191047803875,1.0,3669.6,0.0,4.184872868040502,0.0
48.4088041,48.9734981,0.3810769999999257,0.330471499999998,4.070259999999824,0.2873201154724313,0.3676188638177252,3.999931762279336,-0.0102717199999989,-0.0290990400000009,-0.001718000000002,4.027052343921147,1.0,3674.49,0.0,4.227199715018587,0.0
48.5137869,49.0784809,0.2960769999999257,0.4804714999999981,4.040259999999825,0.2894135119750535,0.3945971017006064,4.009572518821908,-0.0106717199999989,-0.0294990400000009,-0.000118000000002,4.039324056977369,1.0,3675.95,0.0,4.2400039928402835,0.0
48.6287677,49.1934617,0.2310769999999256,0.3904714999999981,3.990259999999824,0.2754677473871477,0.3936108468123355,4.0049557216913705,-0.0102717199999989,-0.0294990400000009,0.0002819999999979,4.033668592148755,1.0,3673.02,0.49,4.214385810069954,0.0026926604633974944
48.7353344,49.3000284,0.2710769999999256,0.2954714999999981,3.920259999999825,0.2744181075071825,0.3701499270364117,3.984708597612086,-0.0098717199999989,-0.0290990400000009,0.0006819999999979,4.01126150657079,1.0,3669.11,0.0,4.180678262970628,0.0
48.8487681,49.4134621,0.2310769999999256,0.2954714999999981,3.870259999999824,0.2640571026782853,0.3522975096054733,3.957348833620762,-0.0098717199999989,-0.0286990400000009,0.0006819999999979,3.981764618822749,1.0,3666.18,0.0,4.1557707302356,0.0
48.9563591,49.5210531,0.2510769999999256,0.3054714999999981,3.880259999999825,0.260954115369815,0.341103413756421,3.9389201910839535,-0.0098717199999989,-0.0282990400000009,-0.000518000000002,3.962264612684719,1.0,3661.78,0.0,4.118919252759168,0.0
49.0622923,49.6269863,0.3160769999999258,0.370471499999998,3.870259999999824,0.2741316391269015,0.3481240669165698,3.922506476430803,-0.0102717199999989,-0.0282990400000009,-0.000118000000002,3.947454316287717,1.0,3664.71,0.0,4.143385917043633,0.0
49.1779484,49.7426424,0.2310769999999256,0.4404714999999981,3.910259999999824,0.2638391166336465,0.370200387877068,3.9195788677761993,-0.0098717199999989,-0.0282990400000009,-0.000118000000002,3.945853254667247,1.0,3658.85,0.0,4.094739385365933,0.0
49.2822574,49.8469514,0.3660769999999256,0.4404714999999981,3.9302599999998247,0.2882798211790225,0.3869992048412111,3.922132269590598,-0.0098717199999989,-0.0278990400000009,-0.001718000000002,3.95170788141161,1.0,3659.82,0.0,4.102712894525542,0.0
49.3987623,49.9634563,0.3360769999999258,0.3554714999999981,3.960259999999825,0.2997060820443712,0.3794622792550535,3.931246978964804,-0.0098717199999989,-0.0286990400000009,-0.001318000000002,3.960873409566598,1.0,3663.73,0.0,4.135170276372135,0.0
49.506007,50.070701,0.2760769999999257,0.3954714999999982,4.010259999999825,0.2940573792943569,0.3832893991185105,3.950135612402529,-0.0106717199999989,-0.0290990400000009,-0.000518000000002,3.979566793278485,1.0,3664.71,0.0,4.143385917043633,0.0
49.619776,50.18447,0.2260769999999257,0.4404714999999981,4.110259999999824,0.2778061785602287,0.3969591933954652,3.988414503933901,-0.0106717199999989,-0.0310990400000009,-0.001318000000002,4.017736070134239,1.0,3672.04,0.0,4.205886360358609,0.0
49.7263598,50.2910538,0.2460769999999257,0.3754714999999982,4.040259999999825,0.2702210892261549,0.3918224050705471,4.000808544280139,-0.0106717199999989,-0.0310990400000009,-0.000918000000002,4.029021375242729,1.0,3674.49,0.0,4.227199715018587,0.0
49.8413117,50.4060057,0.2910769999999256,0.3554714999999981,4.040259999999825,0.2752068453516048,0.383132458628646,4.010239699751887,-0.0102717199999989,-0.0302990400000009,0.0002819999999979,4.037889515334628,1.0,3670.58,0.0,4.19328740212986,0.0
49.9497635,50.5144575,0.1860769999999256,0.4404714999999981,4.030259999999824,0.2538997119809824,0.3968397706633798,4.015025697145012,-0.0106717199999989,-0.0294990400000009,-0.000918000000002,4.042570743482292,1.0,3671.55,0.0,4.201649499248483,0.0
50.0563261,50.6210201,0.2760769999999257,0.3654714999999982,3.960259999999825,0.2592013528820055,0.3893409589691232,4.001933561636379,-0.0106717199999989,-0.0294990400000009,-0.000918000000002,4.029174103388745,1.0,3668.62,0.0,4.1764920636749885,0.0
50.1622084,50.7269024,0.2810769999999256,0.3954714999999982,3.9302599999998247,0.2644308843467026,0.3908065090871956,3.984799478985255,-0.0106717199999989,-0.0286990400000009,-0.002118000000002,4.012640067070863,1.0,3661.29,0.0,4.114855694138479,0.0
50.2778444,50.8425384,0.3010769999999256,0.455471499999998,3.910259999999824,0.2731914030108783,0.4062651422796205,3.966980278089611,-0.0110717199999989,-0.0286990400000009,-0.000518000000002,3.997076110766777,1.0,3663.25,0.0,4.131158153134653,0.0
50.3846721,50.9493661,0.3210769999999256,0.445471499999998,3.940259999999825,0.2846388008780203,0.4156377053041414,3.960592602595361,-0.0110717199999989,-0.0290990400000009,-0.000918000000002,3.9925014355374833,1.0,3667.16,0.0,4.164068474042698,0.0
50.4972866,51.0619806,0.2560769999999257,0.4804714999999981,3.9302599999998247,0.2778108960587817,0.4311366922602783,3.9533413748339856,-0.0110717199999989,-0.0290990400000009,-0.000918000000002,3.986472847939188,1.0,3661.29,0.0,4.114855694138479,0.0
50.6062947,51.1709887,0.2760769999999257,0.415471499999998,3.8902599999998246,0.277396395680922,0.427391814891208,3.938261316504586,-0.0106717199999989,-0.0286990400000009,-0.002518000000002,3.971084829218485,1.0,3658.85,0.0,4.094739385365933,0.0
50.7212688,51.2859628,0.2760769999999257,0.3454714999999981,3.900259999999824,0.2770809846125791,0.4078081718560021,3.929176827287407,-0.0106717199999989,-0.0286990400000009,-0.002118000000002,3.9599888784135167,1.0,3662.76,0.0,4.127070457223089,0.0
50.8262393,51.3909333,0.2760769999999257,0.3954714999999982,3.880259999999825,0.2768409748385303,0.4048590013335096,3.917482906368194,-0.0106717199999989,-0.0286990400000009,0.0002819999999979,3.9480658629254535,1.0,3660.8,0.49,4.11080013138917,0.0026926604633974944
50.9414131,51.5061071,0.1910769999999257,0.465471499999998,3.880259999999825,0.2563384771277965,0.4193488569808269,3.908584501717051,-0.0106717199999989,-0.0286990400000009,-0.000518000000002,3.939364883552938,1.0,3662.27,0.0,4.12299083212698,0.0
51.0472432,51.6119372,0.2760769999999257,0.3904714999999981,3.860259999999824,0.2610571136037838,0.4124455161957752,3.89703218050416,-0.0102717199999989,-0.0286990400000009,-0.001318000000002,3.9274829008256864,1.0,3661.29,0.0,4.114855694138479,0.0
51.16122,51.725914,0.2710769999999256,0.4404714999999981,4.000259999999825,0.26345243982654,0.4191453300729708,3.921709536432179,-0.0102717199999989,-0.0294990400000009,-0.000918000000002,3.9528338801315233,1.0,3663.73,0.0,4.135170276372135,0.0
51.2677603,51.8324543,0.2460769999999257,0.425471499999998,4.080259999999825,0.259298715422575,0.4206576466918154,3.959612170054848,-0.0102717199999989,-0.0302990400000009,-0.001318000000002,3.990327958550093,1.0,3670.58,0.0,4.19328740212986,0.0
51.374636,51.93933,0.1560769999999256,0.280471499999998,4.160259999999824,0.2346228187173038,0.3871451356749888,4.007578483205004,-0.0102717199999989,-0.0310990400000009,-0.000118000000002,4.033065152236866,1.0,3673.02,0.0,4.214385810069954,0.0
51.4922225,52.0569165,0.2060769999999256,0.360471499999998,4.860259999999824,0.2277987345490334,0.3807686103869225,4.211418159234124,-0.0110717199999989,-0.0370990400000009,-0.001318000000002,4.234727843680756,1.0,3695.99,0.0,4.4239761932869754,0.0
51.5992588,52.1639528,0.2360769999999257,0.3554714999999981,4.890259999999825,0.229777713704036,0.3747211534124512,4.373700204958341,-0.0094717199999989,-0.0378990400000009,-0.000518000000002,4.395732842585232,1.0,3725.32,0.0,4.724311494501139,0.0
51.7039183,52.2686123,0.1410769999999257,0.1804714999999981,5.220259999999825,0.2085731673536448,0.3282843705803318,4.576076439181391,-0.0094717199999989,-0.0406990400000009,-0.000918000000002,4.592575418143756,1.0,3741.94,0.0,4.913671197873435,0.0
51.8171926,52.3818866,0.0810769999999256,0.2004714999999981,5.735259999999824,0.1780942875650611,0.2977297805976849,4.853187642885797,-0.0090717199999989,-0.0446990400000009,0.0006819999999979,4.865572000759772,1.0,3762.95,0.0,5.176528736786533,0.0
51.9321981,52.4968921,0.1360769999999256,0.235471499999998,6.160259999999824,0.1680497514560879,0.2828464888912267,5.165652731635754,-0.0094717199999989,-0.0482990400000009,0.0002819999999979,5.1761192991563165,1.0,3789.83,0.0,5.558372013948021,0.0
52.0339271,52.5986211,0.2210769999999258,0.3804714999999981,6.705259999999825,0.1807262982686917,0.3061844530018522,5.533706970661704,-0.0122717199999989,-0.0530990400000009,-0.002118000000002,5.545117108889215,1.0,3812.32,0.0,5.925974454621385,0.0
52.1472563,52.7119503,0.1460769999999256,0.245471499999998,6.925259999999825,0.1724431332245018,0.2916705830200227,5.866367774362318,-0.0118717199999989,-0.0542990400000009,-0.001318000000002,5.876144929056142,1.0,3832.84,0.0,6.308827860542169,0.0
52.2605376,52.8252316,0.1910769999999257,0.2704714999999982,7.040259999999825,0.1768976936809661,0.2866027890901632,6.146995190641392,-0.0118717199999989,-0.0546990400000009,-0.000518000000002,6.15621505687645,1.0,3840.66,0.0,6.4687990798494335,0.0
52.3722185,52.9369125,0.2260769999999257,0.4104714999999981,6.805259999999824,0.1886543621086761,0.3162144992125033,6.304358148367237,-0.0126717199999989,-0.0518990400000009,-0.002118000000002,6.315102037238926,1.0,3844.57,0.0,6.552036187863309,0.0
52.4762425,53.0409365,0.1960769999999256,0.3654714999999982,6.360259999999824,0.1904287973148257,0.3279897410641512,6.31772188981322,-0.0130717199999989,-0.0482990400000009,-0.002118000000002,6.329095533653701,1.0,3838.22,0.0,6.417975095499181,0.0
52.5921631,53.1568571,0.1610769999999257,0.245471499999998,5.140259999999825,0.183412038140742,0.3082631594581173,6.036241119527036,-0.0086717199999989,-0.0394990400000009,0.0006819999999979,6.046889531344445,1.0,3798.63,0.0,5.6964158472590505,0.0
52.6941313,53.2588253,-0.0389230000000742,0.100471499999998,4.260259999999825,0.130261241211422,0.2585890622586017,5.611680003907859,-0.0050717199999989,-0.0350990400000009,0.0018819999999979,5.619144842441867,1.0,3709.68,0.0,4.55919700808713,0.0
52.8055115,53.3702055,0.1210769999999257,0.140471499999998,4.200259999999824,0.1280656820064309,0.2303522057653973,5.2742698564250174,-0.0058717199999989,-0.0338990400000009,0.0002819999999979,5.280850828796656,1.0,3676.44,0.0,4.244318768548795,0.0
52.9171449,53.4818389,0.0910769999999256,0.1254714999999981,4.160259999999824,0.1192232703809371,0.2052797154347915,5.00795775307307,-0.0046717199999989,-0.0334990400000009,0.0014819999999979,5.013581036179029,1.0,3674.49,0.0,4.227199715018587,0.0
53.0280718,53.5927658,0.1210769999999257,0.0404714999999979,4.080259999999825,0.1196664178369774,0.1658811210247175,4.786184903873506,-0.0046717199999989,-0.0322990400000009,0.0022819999999979,4.790553468226505,1.0,3668.13,0.0,4.1723142436398755,0.0
53.1380757,53.7027697,0.0610769999999256,0.0304714999999979,3.945259999999824,0.1056601942758853,0.1335104729723726,4.585155731088379,-0.0054717199999989,-0.0306990400000009,0.0014819999999979,4.588315834963884,1.0,3667.16,0.0,4.164068474042698,0.0
53.2504963,53.8151903,0.1560769999999256,0.0354714999999981,3.795259999999825,0.1177126958755938,0.1100735482879534,4.396325450672414,-0.0050717199999989,-0.0286990400000009,0.0010819999999979,4.39927834230036,1.0,3651.03,0.0,4.031569214355627,0.0
53.3621609,53.9268549,0.1510769999999257,0.130471499999998,3.960259999999825,0.1256886737872592,0.1149498259915797,4.292080854722081,-0.0054717199999989,-0.0302990400000009,0.0002819999999979,4.295459133630039,1.0,3640.76,0.0,3.951495284621145,0.0
53.4654738,54.0301678,0.0560769999999257,0.100471499999998,4.280259999999824,0.1090475003207663,0.1114886775775017,4.289254994011473,-0.0054717199999989,-0.0338990400000009,0.0010819999999979,4.292089175006334,1.0,3663.73,0.0,4.135170276372135,0.0
53.5754836,54.1401776,0.2360769999999257,0.280471499999998,4.8552599999998245,0.139414819830721,0.1518852419437216,4.424562579292799,-0.0078717199999989,-0.0366990400000009,0.0002819999999979,4.429363344408188,1.0,3698.92,0.0,4.452230687714711,0.0
53.6871036,54.2517976,0.2410769999999256,0.3554714999999981,4.775259999999824,0.1637178983681806,0.2005540075599441,4.50839933101445,-0.0082717199999989,-0.0354990400000009,-0.001318000000002,4.515826611827118,1.0,3717.99,0.0,4.645440085230307,0.0
53.7980629,54.3627569,0.1810769999999257,0.2504714999999982,4.775259999999824,0.1678677170086414,0.212487144712271,4.572194301632985,-0.0082717199999989,-0.0350990400000009,-0.000118000000002,4.580206446107731,1.0,3719.94,0.0,4.666159699674567,0.0
53.905439,54.470133,0.2260769999999257,0.320471499999998,4.785259999999824,0.1817830665889066,0.2383015848807451,4.6231291959312335,-0.0090717199999989,-0.0350990400000009,-0.001318000000002,4.632834584887196,1.0,3719.94,0.0,4.666159699674567,0.0
54.0214927,54.5861867,0.2410769999999256,0.330471499999998,4.870259999999825,0.1959577096871018,0.2603354688895865,4.682207599820548,-0.0094717199999989,-0.0366990400000009,-0.000918000000002,4.693531931090389,1.0,3723.36,0.0,4.702956111849338,0.0
54.1265121,54.6912061,0.2410769999999256,0.3554714999999981,4.990259999999824,0.2067438019605701,0.2830784243521815,4.755849751334014,-0.0098717199999989,-0.0374990400000009,-0.000518000000002,4.768750701310211,1.0,3730.21,0.0,4.778462193930396,0.0
54.2365091,54.8012031,0.1960769999999256,0.3804714999999981,5.120259999999825,0.2041938258990534,0.3063609426154542,4.842964653635344,-0.0102717199999989,-0.0386990400000009,-0.000918000000002,4.856939240103465,1.0,3741.94,0.0,4.913671197873435,0.0
54.35149,54.916184,0.3060769999999257,0.370471499999998,5.260259999999825,0.2285497346322523,0.321687034467937,4.942722120562896,-0.0106717199999989,-0.0390990400000009,-0.002118000000002,4.958449303002606,1.0,3753.67,0.0,5.056948167096382,0.0
54.4564717,55.0211657,0.2160769999999257,0.4704714999999981,5.335259999999825,0.2255680373202154,0.3572550357144317,5.036561136183115,-0.0106717199999989,-0.0394990400000009,-0.001718000000002,5.054251693229569,1.0,3761.0,0.0,5.150920907833768,0.0
54.5720366,55.1367306,0.1960769999999256,0.4304714999999981,5.290259999999825,0.2185179918170277,0.3747579603891303,5.097209682200324,-0.0098717199999989,-0.0390990400000009,-0.002518000000002,5.11563683092726,1.0,3766.37,0.0,5.222080005622559,0.0
54.6764672,55.2411612,0.2860769999999257,0.405471499999998,5.2302599999998245,0.2346684607431231,0.3821002538957612,5.129016321773992,-0.0102717199999989,-0.0386990400000009,-0.002118000000002,5.148580223665429,1.0,3762.95,0.0,5.176528736786533,0.0
54.7860324,55.3507264,0.2660769999999257,0.4204714999999981,5.120259999999825,0.2421768989355216,0.3912731774559225,5.1269230598016176,-0.0102717199999989,-0.0378990400000009,-0.002518000000002,5.147531875656533,1.0,3759.53,0.0,5.131788226550649,0.0
54.9015747,55.4662687,0.2210769999999258,0.4704714999999981,5.120259999999825,0.237132815677512,0.410206108557933,5.125330207224649,-0.0102717199999989,-0.0378990400000009,-0.002118000000002,5.1471847408907765,1.0,3755.13,0.49,5.0753837840739395,0.0026926604633974944
55.0054409,55.5701349,0.3310769999999257,0.4104714999999981,5.220259999999825,0.2595908515559989,0.4102695522992431,5.14802385992342,-0.0102717199999989,-0.0378990400000009,-0.001318000000002,5.170866288940009,1.0,3759.04,0.49,5.1254431142653605,0.0026926604633974944
55.1214454,55.6861394,0.2910769999999256,0.360471499999998,5.240259999999824,0.267117842785198,0.3983649681753657,5.170073575486652,-0.0106717199999989,-0.0378990400000009,-0.003318000000002,5.192273814596925,1.0,3763.44,0.0,5.183004793070961,0.0
55.2270386,55.7917326,0.3360769999999258,0.4604714999999981,5.2302599999998245,0.2836030274514838,0.4132119832414511,5.184461575029825,-0.0114717199999989,-0.0374990400000009,-0.002518000000002,5.208629056021817,1.0,3764.91,0.0,5.202533487729188,0.0
55.343926,55.90862,0.3260769999999258,0.3354714999999981,5.390259999999825,0.2937567374046309,0.3946275591555961,5.233659175126606,-0.0102717199999989,-0.0394990400000009,-0.001318000000002,5.256730190204042,1.0,3767.84,0.0,5.241913969612608,0.0
55.4490089,56.0137029,0.2760769999999257,0.3554714999999981,5.495259999999825,0.289530268466496,0.385267020366323,5.296196742015064,-0.0098717199999989,-0.0406990400000009,-0.002118000000002,5.31807844841266,1.0,3770.77,0.0,5.281914205803411,0.0
55.5629531,56.1276471,0.2260769999999257,0.330471499999998,5.515259999999825,0.2743613062778541,0.3721677554012464,5.3485653962640125,-0.0090717199999989,-0.0406990400000009,-0.000918000000002,5.3685132730259415,1.0,3777.61,0.0,5.377793712773403,0.0
55.670381,56.235075,0.2660769999999257,0.350471499999998,5.515259999999825,0.2723808830195119,0.3669811088222756,5.388414945423979,-0.0090717199999989,-0.0414990400000009,-0.000518000000002,5.407761283908103,1.0,3777.13,0.0,5.370948070811117,0.0
55.7764384,56.3411324,0.1860769999999256,0.4504714999999981,5.405259999999824,0.251749316358028,0.3869400899353922,5.392441877402451,-0.0094717199999989,-0.0402990400000009,-0.000518000000002,5.412164978328877,1.0,3775.17,0.0,5.343181027956521,0.0
55.8914084,56.4561024,0.3660769999999256,0.4804714999999981,5.375259999999825,0.2790801749913011,0.4092994491458296,5.388334425494159,-0.0098717199999989,-0.0394990400000009,-0.000518000000002,5.4110590150274405,1.0,3777.13,0.49,5.370948070811117,0.0026926604633974944
55.9963873,56.5610813,0.3410769999999257,0.3904714999999981,5.545259999999825,0.2939009638505405,0.4047984918967439,5.425848617648995,-0.0102717199999989,-0.0410990400000009,-0.002918000000002,5.448859772212685,1.0,3778.1,0.0,5.384800613429997,0.0
56.1113959,56.6760899,0.2260769999999257,0.4304714999999981,5.775259999999824,0.2776871553581408,0.4109358099356426,5.509377932611757,-0.0106717199999989,-0.0426990400000009,-0.002118000000002,5.531656496971568,1.0,3781.04,0.0,5.427242010350714,0.0
56.2179122,56.7826062,0.3160769999999258,0.405471499999998,5.635259999999825,0.2868645250330516,0.4096295271734791,5.539470950143922,-0.0110717199999989,-0.0422990400000009,-0.002518000000002,5.561998383022348,1.0,3785.92,0.0,5.499239739471445,0.0
56.3333925,56.8980865,0.1710769999999257,0.465471499999998,5.585259999999825,0.2591846807698795,0.4229789541583302,5.550417153274246,-0.0110717199999989,-0.0418990400000009,-0.002918000000002,5.572541473131236,1.0,3786.41,0.0,5.506578574029827,0.0
56.4389498,57.0036438,0.2310769999999256,0.405471499999998,5.665259999999825,0.2524653366428788,0.4187936707747479,5.5778711653640105,-0.0114717199999989,-0.0426990400000009,-0.000918000000002,5.599265453815032,1.0,3786.41,0.0,5.506578574029827,0.0
56.5448685,57.1095625,0.1410769999999257,0.455471499999998,5.745259999999825,0.2258371501424017,0.4275617707974031,5.617886675435477,-0.0114717199999989,-0.0434990400000009,-0.001718000000002,5.638657835360053,1.0,3790.32,0.0,5.5658756525119,0.0
56.6605907,57.2252847,0.2710769999999256,0.5254714999999981,5.960259999999825,0.2366520630459058,0.4509677988250498,5.69973349184419,-0.0122717199999989,-0.0454990400000009,-0.003718000000002,5.722441614605724,1.0,3794.23,0.49,5.626514049069599,0.0026926604633974944
56.7673839,57.3320779,0.2310769999999256,0.5754714999999981,6.120259999999825,0.2353193039526792,0.4807313079571877,5.800263391338573,-0.0130717199999989,-0.0458990400000009,-0.004118000000002,5.824906280290306,1.0,3803.52,0.0,5.776255063441075,0.0
56.8764748,57.4411688,0.3210769999999256,0.6304714999999981,6.080259999999825,0.2558203006729832,0.5165277825298732,5.867198603225541,-0.0134717199999989,-0.0454990400000009,-0.003318000000002,5.895444379014476,1.0,3808.41,0.0,5.858462771010661,0.0
56.9939402,57.5586342,0.3410769999999257,0.6154714999999981,6.090259999999825,0.2762015305082933,0.5401809929220016,5.920523041433123,-0.0138717199999989,-0.0458990400000009,-0.003318000000002,5.951527188437422,1.0,3811.34,0.49,5.908901167451029,0.0026926604633974944
57.1013635,57.6660575,0.2760769999999257,0.605471499999998,6.2302599999998245,0.2761717605907081,0.5557891602722014,5.994567898797697,-0.0138717199999989,-0.0462990400000009,-0.003718000000002,6.026609056950656,1.0,3815.74,0.0,5.9863734288706905,0.0
57.207946,57.77264,0.3460769999999258,0.5704714999999981,6.2302599999998245,0.2928831130397161,0.5592990796436373,6.050911798138047,-0.0146717199999989,-0.0458990400000009,-0.003718000000002,6.083759492882692,1.0,3823.07,0.0,6.120269224924702,0.0
57.3239438,57.8886378,0.3560769999999256,0.6204714999999981,5.850259999999825,0.3079900682055915,0.5739227886155749,6.002944536362631,-0.0142717199999989,-0.0430990400000009,-0.002918000000002,6.038177569105725,1.0,3819.65,0.49,6.057024222245211,0.0026926604633974944
57.4314382,57.9961322,0.2860769999999257,0.5104714999999982,5.695259999999824,0.3027515909595534,0.5587542997246147,5.929390325351797,-0.0134717199999989,-0.0422990400000009,-0.002918000000002,5.963349270641857,1.0,3807.43,0.0,5.841792546950856,0.0
57.5390453,58.1037393,0.2260769999999257,0.5704714999999981,5.515259999999825,0.2844219761232596,0.5615553810909382,5.8303894795601625,-0.0126717199999989,-0.0410990400000009,-0.002918000000002,5.864271633365892,1.0,3794.72,0.49,5.634210199488331,0.0026926604633974944
57.6539163,58.2186103,0.2210769999999258,0.4204714999999981,5.345259999999825,0.26927890200153,0.5278282601811175,5.714415773084769,-0.0114717199999989,-0.0398990400000009,-0.002918000000002,5.745055389375196,1.0,3783.97,0.0,5.470233976355439,0.0
57.7588808,58.3235748,0.2510769999999256,0.5104714999999982,5.235259999999824,0.2649276058445926,0.5236790012813426,5.59987012429405,-0.0118717199999989,-0.0390990400000009,-0.002518000000002,5.630539205234489,1.0,3776.64,0.0,5.363978374403832,0.0
57.8663117,58.4310057,0.2260769999999257,0.445471499999998,5.210259999999825,0.2556400878757733,0.504982933159495,5.506731009689657,-0.0118717199999989,-0.0390990400000009,-0.002118000000002,5.535742590690898,1.0,3773.71,0.0,5.322689454588842,0.0
57.9823144,58.5470084,0.2710769999999256,0.5704714999999981,5.275259999999824,0.2593303932292954,0.5206384481266287,5.451396192766843,-0.0122717199999989,-0.0394990400000009,-0.002918000000002,5.482338652165971,1.0,3771.75,0.0,5.295434106106898,0.0
58.0889129,58.6536069,0.3310769999999257,0.5804714999999981,5.435259999999825,0.2764819378473701,0.5349419713876307,5.447538719324313,-0.0126717199999989,-0.0414990400000009,-0.002918000000002,5.480719229557878,1.0,3774.68,0.49,5.336285566553202,0.0026926604633974944
58.1999085,58.7646025,0.1710769999999257,0.6154714999999981,5.585259999999825,0.2512841260507029,0.5541931369163806,5.480461986314708,-0.0126717199999989,-0.0426990400000009,-0.002918000000002,5.514139763231509,1.0,3781.52,0.0,5.4342370735481165,0.0
58.3088404,58.8735344,0.1510769999999257,0.5304714999999982,5.740259999999824,0.2273288887109978,0.5485223082556494,5.542568578165843,-0.0126717199999989,-0.0434990400000009,-0.002518000000002,5.574282159163458,1.0,3789.34,0.0,5.550889345478287,0.0
58.4238494,58.9885434,0.3310769999999257,0.605471499999998,5.680259999999825,0.2521306241505816,0.5621364239209261,5.575484707184483,-0.0134717199999989,-0.0426990400000009,-0.003318000000002,5.609420373869408,1.0,3793.26,0.0,5.611343071634443,0.0
58.52883,59.093524,0.1510769999999257,0.5554714999999981,5.585259999999825,0.2279730253253278,0.5605431257128126,5.5778215615449,-0.0130717199999989,-0.0426990400000009,-0.003718000000002,5.610550210852324,1.0,3794.72,0.0,5.634210199488331,0.0
58.640399,59.205093,0.2960769999999257,0.6354714999999981,5.545259999999825,0.2442537724278898,0.5784552948395696,5.570037485045505,-0.0138717199999989,-0.0410990400000009,-0.004118000000002,5.605317833832908,1.0,3788.86,0.0,5.543579628555598,0.0
58.7539069,59.3186009,0.3310769999999257,0.5304714999999982,5.515259999999825,0.2650094921561797,0.5669844220669168,5.5569425315541086,-0.0130717199999989,-0.0418990400000009,-0.004118000000002,5.592075792118202,1.0,3783.48,0.0,5.462995124477894,0.0
58.856255,59.420949,0.1310769999999257,0.540471499999998,5.585259999999825,0.2329919624300453,0.5606463165277926,5.563712026940424,-0.0126717199999989,-0.0430990400000009,-0.002118000000002,5.596740217797741,1.0,3787.39,0.0,5.521317351868649,0.0
58.9698627,59.5345567,0.2860769999999257,0.5304714999999982,5.575259999999824,0.24568232412677,0.5534328086656962,5.566472653318335,-0.0130717199999989,-0.0422990400000009,-0.002518000000002,5.599309375113756,1.0,3788.86,0.0,5.543579628555598,0.0
59.0838273,59.6485213,0.2060769999999256,0.5604714999999981,5.5652599999998245,0.2362143853008051,0.555115458673927,5.5661827597828095,-0.0142717199999989,-0.0422990400000009,-0.003318000000002,5.598780306779788,1.0,3790.81,0.0,5.573400353610295,0.0
59.1872692,59.7519632,0.3110769999999256,0.6204714999999981,5.5652599999998245,0.2541108341230136,0.5707392924595229,5.56596216739103,-0.0138717199999989,-0.0418990400000009,-0.002118000000002,5.600915148866669,1.0,3788.86,0.0,5.543579628555598,0.0
59.2998111,59.8645051,0.1960769999999256,0.605471499999998,5.6452599999998245,0.2402374268620649,0.5790422775640192,5.584918887092833,-0.0130717199999989,-0.0426990400000009,-0.003318000000002,5.619993145536574,1.0,3791.3,0.0,5.580946210238821,0.0
59.412242,59.976936,0.3810769999999257,0.5354714999999981,5.675259999999825,0.2739061441909164,0.5686263684490054,5.606515582722278,-0.0134717199999989,-0.0414990400000009,-0.004118000000002,5.641930299288424,1.0,3796.19,0.0,5.657430552035162,0.0
59.5172418,60.0819358,0.2960769999999257,0.5604714999999981,5.665259999999825,0.2792062474256911,0.5666768882386752,5.620558860019276,-0.0138717199999989,-0.0410990400000009,-0.004118000000002,5.655949144326405,1.0,3798.63,0.0,5.6964158472590505,0.0
59.6289376,60.1936316,0.3610769999999257,0.600471499999998,5.725259999999825,0.2987780422310052,0.5747557342993381,5.645588423851899,-0.0142717199999989,-0.0414990400000009,-0.004118000000002,5.682629771871465,1.0,3798.14,0.0,5.688542032691318,0.0
59.7398016,60.3044956,0.3310769999999257,0.5354714999999981,5.745259999999825,0.3064993414007622,0.5653645543160661,5.669415634118724,-0.0122717199999989,-0.0410990400000009,-0.002518000000002,5.705773616079235,1.0,3800.59,0.0,5.728139322967878,0.0
59.8547759,60.4194699,0.2410769999999256,0.485471499999998,5.705259999999825,0.2908596581033676,0.546265542565489,5.677984488708345,-0.0122717199999989,-0.0414990400000009,-0.004118000000002,5.711612139993309,1.0,3798.63,0.0,5.6964158472590505,0.0
59.9567766,60.5214706,0.2610769999999256,0.445471499999998,5.755259999999825,0.2837398985454124,0.5221699985932852,5.696457757890782,-0.0118717199999989,-0.0422990400000009,-0.003718000000002,5.727372942710431,1.0,3800.59,0.0,5.728139322967878,0.0
60.068163,60.632857,0.3710769999999257,0.5554714999999981,5.755259999999825,0.3046184635373333,0.5301309630616413,5.710514858631454,-0.0126717199999989,-0.0418990400000009,-0.002518000000002,5.743153419244093,1.0,3802.05,0.0,5.75201026616921,0.0
60.1807177,60.7454117,0.3560769999999256,0.5704714999999981,5.695259999999824,0.31691999839515,0.5397746598210893,5.706868074480402,-0.0130717199999989,-0.0410990400000009,-0.004918000000002,5.741092072793417,1.0,3802.05,0.49,5.75201026616921,0.0026926604633974944
60.2931092,60.8578032,0.3510769999999257,0.6204714999999981,5.850259999999825,0.3250854763656535,0.5590658223884146,5.741146950083266,-0.0130717199999989,-0.0426990400000009,-0.003718000000002,5.777456487344331,1.0,3801.08,0.0,5.736127766491747,0.0
60.4047484,60.9694424,0.3260769999999258,0.5304714999999982,5.990259999999824,0.325322507252807,0.5522301430672109,5.800699224161509,-0.0126717199999989,-0.0434990400000009,-0.003318000000002,5.836000715714934,1.0,3804.01,0.0,5.784384069962007,0.0
60.5147671,61.0794611,0.3010769999999256,0.5204714999999982,6.010259999999825,0.3195264436039003,0.5446380100299202,5.850796241411119,-0.0122717199999989,-0.0434990400000009,-0.002918000000002,5.8847722444154105,1.0,3812.81,0.0,5.934549820449195,0.0
60.6173229,61.1820169,0.3660769999999256,0.5054714999999981,5.970259999999825,0.3306546903734669,0.5352749728836468,5.879354915861432,-0.0114717199999989,-0.0430990400000009,-0.003318000000002,5.912923646346665,1.0,3812.81,0.0,5.934549820449195,0.0
60.7297368,61.2944308,0.3510769999999257,0.5704714999999981,5.850259999999825,0.3355367910124859,0.5436889569368201,5.872399566054369,-0.0122717199999989,-0.0418990400000009,-0.003318000000002,5.907051657418745,1.0,3809.38,0.0,5.875060978253322,0.0
60.8421407,61.4068347,0.3310769999999257,0.5104714999999982,5.785259999999824,0.3344706457551394,0.5357480839060959,5.851568223326729,-0.0126717199999989,-0.0414990400000009,-0.004518000000002,5.885554119581949,1.0,3805.96,0.0,5.816971958217008,0.0
60.9547327,61.5194267,0.4660769999999257,0.5354714999999981,5.695259999999824,0.3659320954104227,0.5356819645254087,5.814201613430679,-0.0130717199999989,-0.0410990400000009,-0.002918000000002,5.850282204064107,1.0,3801.07,0.0,5.735964505087277,0.0
61.0596722,61.6243662,0.3360769999999258,0.5854714999999981,5.555259999999825,0.3587950191909571,0.54758451264083,5.752299750246626,-0.0126717199999989,-0.0406990400000009,-0.002918000000002,5.789433053500812,1.0,3796.19,0.0,5.657430552035162,0.0
61.1713086,61.7360026,0.1810769999999257,0.5454714999999981,5.465259999999825,0.3163102429375581,0.5470793817054584,5.6836808244867205,-0.0122717199999989,-0.0406990400000009,-0.002518000000002,5.71870402576602,1.0,3794.72,0.0,5.634210199488331,0.0
61.2848977,61.8495917,0.2210769999999258,0.5204714999999982,5.225259999999825,0.2935440482854455,0.5407185753787894,5.574092014939561,-0.0122717199999989,-0.0398990400000009,-0.001318000000002,5.607944942405948,1.0,3782.5,0.0,5.448576797175012,0.0
61.3897179,61.9544119,0.1810769999999257,0.4204714999999981,5.160259999999824,0.26665798797462,0.5119726433914303,5.4751624824068506,-0.0118717199999989,-0.0390990400000009,-0.003718000000002,5.505508757498023,1.0,3769.31,0.0,5.2619039236183,0.0
61.503197,62.067891,0.1610769999999257,0.5304714999999982,5.175259999999825,0.2414180901233161,0.5163949286922468,5.403468627608674,-0.0118717199999989,-0.0394990400000009,-0.002918000000002,5.433453747495144,1.0,3767.84,0.0,5.241913969612608,0.0
61.6090926,62.1737866,0.3310769999999257,0.405471499999998,5.140259999999825,0.2628517001903793,0.4898778817956996,5.340546703862122,-0.0118717199999989,-0.0394990400000009,-0.002118000000002,5.369405037012778,1.0,3768.82,0.0,5.255223154525405,0.0
61.723079,62.287773,0.0760769999999257,0.5054714999999981,5.100259999999825,0.2182018589221308,0.4936056488696643,5.283104431566238,-0.0118717199999989,-0.0390990400000009,-0.001718000000002,5.310597991061641,1.0,3766.86,0.0,5.228674112933977,0.0
61.8340803,62.3987743,0.2010769999999258,0.5304714999999982,5.090259999999825,0.2141080376934637,0.5024186968869269,5.237003577167189,-0.0118717199999989,-0.0394990400000009,-0.002118000000002,5.265403428612896,1.0,3763.93,0.0,5.189497558358847,0.0
61.9391119,62.5038059,0.2060769999999256,0.4804714999999981,5.070259999999824,0.2121881601197337,0.4971720609331005,5.1971423205546445,-0.0122717199999989,-0.0390990400000009,-0.002918000000002,5.225178673841458,1.0,3758.55,0.0,5.119114118097449,0.0
62.0465762,62.6112702,0.2510769999999256,0.5554714999999981,4.990259999999824,0.221484818210933,0.5111089629744936,5.147685607388673,-0.0122717199999989,-0.0382990400000009,-0.003718000000002,5.177736475454045,1.0,3758.06,0.49,5.112801173801504,0.0026926604633974944
62.1621093,62.7268033,0.1410769999999257,0.5204714999999982,4.9402599999998245,0.2022627484328166,0.5133471450817629,5.098099017580534,-0.0118717199999989,-0.0378990400000009,-0.002918000000002,5.127869840764564,1.0,3755.13,0.0,5.0753837840739395,0.0
62.2720911,62.8367851,0.2310769999999256,0.5704714999999981,4.900259999999824,0.2091510034128696,0.5270031347690678,5.050804171315823,-0.0122717199999989,-0.0382990400000009,-0.001718000000002,5.082528821685751,1.0,3753.18,0.0,5.050791654868393,0.0
62.3782274,62.9429214,0.2310769999999256,0.4704714999999981,4.900259999999824,0.2143925712818686,0.5134888391150005,5.014815499690249,-0.0122717199999989,-0.0374990400000009,-0.003718000000002,5.045593073014319,1.0,3748.29,0.0,4.990184466104813,0.0
62.4916299,63.0563239,0.1460769999999256,0.5454714999999981,4.870259999999825,0.1980612404818293,0.5211345252298503,4.9802584632766,-0.0122717199999989,-0.0378990400000009,-0.002918000000002,5.011365463564391,1.0,3745.85,0.0,4.960497067868944,0.0
62.5996437,63.1643377,0.2160769999999257,0.485471499999998,4.870259999999825,0.2023680379334632,0.5126090214328438,4.953962536044212,-0.0126717199999989,-0.0366990400000009,-0.001718000000002,4.984522609053045,1.0,3746.33,0.0,4.96630858202719,0.0
62.7063392,63.2710332,0.2560769999999257,0.5604714999999981,5.215259999999825,0.2152075532880835,0.5240508926742338,5.016427582313955,-0.0138717199999989,-0.0394990400000009,-0.003718000000002,5.048315493083325,1.0,3756.6,0.0,5.094085717391444,0.0
62.8205602,63.3852542,0.2710769999999256,0.6454714999999981,5.365259999999824,0.2285635481036818,0.5530773659506546,5.099818491591343,-0.0134717199999989,-0.0402990400000009,-0.002118000000002,5.134811049632271,1.0,3770.77,0.0,5.281914205803411,0.0
62.9365966,63.5012906,0.2360769999999257,0.6254714999999981,5.415259999999825,0.2303596930537303,0.5703837066421906,5.1752270628030415,-0.0142717199999989,-0.0402990400000009,-0.003318000000002,5.211657923593575,1.0,3779.08,0.0,5.398871232995623,0.0
63.0416075,63.6063015,0.2760769999999257,0.5754714999999981,5.425259999999825,0.2412887455232454,0.571599980396613,5.23499924258053,-0.0142717199999989,-0.0402990400000009,-0.004518000000002,5.271637683502568,1.0,3776.64,0.0,5.363978374403832,0.0
63.1566246,63.7213186,0.1810769999999257,0.495471499999998,5.445259999999824,0.2268946928096873,0.5534009172352975,5.285263595483467,-0.0130717199999989,-0.0410990400000009,-0.002918000000002,5.318998500710909,1.0,3776.15,0.49,5.357027354051556,0.0026926604633974944
63.2629819,63.8276759,0.2260769999999257,0.6704714999999981,5.3552599999998245,0.2266992174368192,0.5813874857175121,5.301996741609877,-0.0130717199999989,-0.0402990400000009,-0.003318000000002,5.338592828805841,1.0,3779.08,0.0,5.398871232995623,0.0
63.3690223,63.9337163,0.3660769999999256,0.550471499999998,5.3552599999998245,0.2600184831693696,0.5739967960066954,5.314729708281036,-0.0138717199999989,-0.0398990400000009,-0.004118000000002,5.351956072829885,1.0,3775.17,0.0,5.343181027956521,0.0
63.4841222,64.0488162,0.3660769999999256,0.6704714999999981,5.485259999999824,0.2853725377431498,0.5970597708919972,5.35549620636085,-0.0142717199999989,-0.0402990400000009,-0.004118000000002,5.396226225026247,1.0,3781.04,0.0,5.427242010350714,0.0
63.5905149,64.1552089,0.2810769999999256,0.725471499999998,5.475259999999825,0.2843456584163397,0.6277575223316036,5.384126606357266,-0.0146717199999989,-0.0398990400000009,-0.003718000000002,5.428052254132079,1.0,3783.48,0.0,5.462995124477894,0.0
63.70579719999999,64.2704912,0.2860769999999257,0.7454714999999981,5.465259999999825,0.2847595481284335,0.6558978990131805,5.403522130183569,-0.0150717199999989,-0.0402990400000009,-0.004918000000002,5.450627621252785,1.0,3781.04,0.0,5.427242010350714,0.0
63.8118123,64.3765063,0.2960769999999257,0.6604714999999981,5.5652599999998245,0.28746506675118,0.6569912513669922,5.44218673629455,-0.0138717199999989,-0.0410990400000009,-0.003718000000002,5.489232199650089,1.0,3784.46,0.0,5.477492734364857,0.0
63.9244736,64.4891676,0.2460769999999257,0.6304714999999981,5.555259999999825,0.2775709504230113,0.6506515132343529,5.469217716780532,-0.0130717199999989,-0.0414990400000009,-0.003318000000002,5.514774288920531,1.0,3786.9,0.0,5.513937748602274,0.0
64.0338242,64.5985182,0.3110769999999256,0.5704714999999981,5.515259999999825,0.2855808136090305,0.6314839018814797,5.480224457175633,-0.0130717199999989,-0.0410990400000009,-0.003718000000002,5.523874403031175,1.0,3784.95,0.0,5.484771484620765,0.0
64.1389818,64.7036758,0.3310769999999257,0.5554714999999981,5.575259999999824,0.2964570056125123,0.6133125881277128,5.502943390187519,-0.0130717199999989,-0.0422990400000009,-0.003318000000002,5.544945900776774,1.0,3785.44,0.0,5.492070313745384,0.0
64.2533858,64.8180798,0.3710769999999257,0.5804714999999981,5.615259999999824,0.3142954542966125,0.6054616887795474,5.529793487094613,-0.0130717199999989,-0.0422990400000009,-0.003718000000002,5.571712618135047,1.0,3787.88,0.0,5.52871747303564,0.0
64.3599747,64.9246687,0.2710769999999256,0.6454714999999981,5.6052599999998245,0.3039637706037011,0.6150263231670962,5.547834302145313,-0.0138717199999989,-0.0418990400000009,-0.003318000000002,5.59009094703192,1.0,3789.83,0.0,5.558372013948021,0.0
64.47426779999999,65.0389618,0.3110769999999256,0.5704714999999981,5.635259999999825,0.3056642394740685,0.6043751708423045,5.56873404674664,-0.0138717199999989,-0.0422990400000009,-0.003318000000002,5.609768164355737,1.0,3789.34,0.0,5.550889345478287,0.0
64.5815392,65.1462332,0.2510769999999256,0.730471499999998,5.640259999999825,0.2926147655608081,0.6345194091982422,5.585832842547454,-0.0138717199999989,-0.0422990400000009,-0.003718000000002,5.629366467601417,1.0,3791.3,0.49,5.580946210238821,0.0026926604633974944
64.6915023,65.2561963,0.3610769999999257,0.5954714999999982,5.615259999999824,0.3089811572480076,0.6251847244375077,5.592867617106772,-0.0138717199999989,-0.0410990400000009,-0.003318000000002,5.6361772042480975,1.0,3788.37,0.0,5.536138201840581,0.0
64.7989297,65.3636237,0.2710769999999256,0.6204714999999981,5.525259999999824,0.2999198946529782,0.6240579940892226,5.576705527866251,-0.0138717199999989,-0.0410990400000009,-0.004518000000002,5.619523544548,1.0,3788.86,0.0,5.543579628555598,0.0
64.91651089999999,65.4812049,0.3460769999999258,0.6354714999999981,5.575259999999824,0.3109540841071255,0.6267864751239167,5.5763599639878505,-0.0146717199999989,-0.0410990400000009,-0.003318000000002,5.620084000776834,1.0,3785.92,0.0,5.499239739471445,0.0
65.02149419999999,65.5861882,0.3060769999999257,0.5654714999999981,5.780259999999824,0.3097881819211425,0.6121286874050342,5.625103740490992,-0.0134717199999989,-0.0438990400000009,-0.003318000000002,5.666785891392753,1.0,3789.34,0.0,5.550889345478287,0.0
65.1280697,65.6927637,0.2710769999999256,0.550471499999998,5.850259999999825,0.3005339942483681,0.5973890913683424,5.678928970767742,-0.0130717199999989,-0.0450990400000009,-0.002918000000002,5.718166547348016,1.0,3794.23,0.0,5.626514049069599,0.0
65.24496289999999,65.8096569,0.2510769999999256,0.5654714999999981,5.900259999999824,0.2887109425152057,0.5897589605914855,5.731839752114859,-0.0130717199999989,-0.0454990400000009,-0.001318000000002,5.769328954380232,1.0,3799.61,0.49,5.712231734494476,0.0026926604633974944
65.3499448,65.9146388,0.3210769999999256,0.5554714999999981,5.960259999999825,0.2964482823567267,0.5815622954578237,5.786445262390704,-0.0134717199999989,-0.0450990400000009,-0.002918000000002,5.823147350209701,1.0,3805.47,0.0,5.808747238346175,0.0
65.4624761,66.0271701,0.2110769999999258,0.6154714999999981,5.950259999999824,0.2760396606204258,0.5896685357505228,5.825606358750054,-0.0134717199999989,-0.0454990400000009,-0.002518000000002,5.861876518948405,1.0,3804.99,0.0,5.800713851190095,0.0
65.5774862,66.1421802,0.3210769999999256,0.605471499999998,6.040259999999825,0.2868061619313013,0.5934463485088213,5.876920862265149,-0.0138717199999989,-0.0458990400000009,-0.004518000000002,5.9137665801422665,1.0,3808.41,0.0,5.858462771010661,0.0
65.6839055,66.2485995,0.3060769999999257,0.6704714999999981,6.070259999999824,0.2914129949766378,0.6118597673724947,5.923139979747285,-0.0146717199999989,-0.0450990400000009,-0.003318000000002,5.961785062231868,1.0,3810.85,0.0,5.900403002599949,0.0
65.7914669,66.3561609,0.3560769999999256,0.6954714999999981,5.970259999999825,0.3068713924850526,0.6318477560357049,5.9344043609653365,-0.0154717199999989,-0.0442990400000009,-0.004118000000002,5.975831051642731,1.0,3809.87,0.0,5.883483027433155,0.0
65.9064504,66.4711444,0.3360769999999258,0.6354714999999981,5.930259999999825,0.3138532039314217,0.6327140382068848,5.93341362153928,-0.0150717199999989,-0.0434990400000009,-0.004518000000002,5.975301506370198,1.0,3809.38,0.49,5.875060978253322,0.0026926604633974944
66.01143379999999,66.5761278,0.3110769999999256,0.6454714999999981,5.950259999999824,0.3131895323273811,0.6357638016034659,5.937440870001953,-0.0142717199999989,-0.0438990400000009,-0.004918000000002,5.97958923165783,1.0,3810.36,0.0,5.891930329198795,0.0
66.1238619,66.6885559,0.3810769999999257,0.7104714999999981,5.910259999999824,0.32941852186714,0.6536232165644855,5.9309430866839215,-0.0150717199999989,-0.0430990400000009,-0.004518000000002,5.975937229361185,1.0,3808.41,0.0,5.858462771010661,0.0
66.230013,66.794707,0.3410769999999257,0.6354714999999981,5.720259999999825,0.3322055652810897,0.649283917598811,5.880577772919491,-0.0142717199999989,-0.0418990400000009,-0.004118000000002,5.925632884900224,1.0,3804.5,0.0,5.792536962423118,0.0
66.3424417,66.9071357,0.4160769999999256,0.7504714999999981,5.585259999999825,0.3522556376052196,0.6734735401115165,5.809979926042423,-0.0150717199999989,-0.0394990400000009,-0.005718000000002,5.859480982516363,1.0,3800.59,0.0,5.728139322967878,0.0
66.456385,67.021079,0.2910769999999256,0.6554714999999981,5.6902599999998245,0.3376304423550136,0.6691700223831287,5.781360012911803,-0.0134717199999989,-0.0418990400000009,-0.003718000000002,5.8297432562126295,1.0,3796.19,0.0,5.657430552035162,0.0
66.5598384,67.1245324,0.3460769999999258,0.5154714999999981,5.790259999999825,0.339649652974674,0.6324272803491523,5.783487619115236,-0.0126717199999989,-0.0434990400000009,-0.002918000000002,5.82786883793337,1.0,3798.63,0.0,5.6964158472590505,0.0
66.6738431,67.2385371,0.2760769999999257,0.4804714999999981,5.810259999999825,0.3244521510569649,0.596101153387288,5.789887750158954,-0.0126717199999989,-0.0438990400000009,-0.002118000000002,5.829528792521387,1.0,3800.59,0.0,5.728139322967878,0.0
66.778865,67.343559,0.2560769999999257,0.6154714999999981,5.830259999999825,0.3081065772813077,0.6007317746688992,5.799539028116829,-0.0130717199999989,-0.0442990400000009,-0.002518000000002,5.8387037317123,1.0,3802.05,0.0,5.75201026616921,0.0
66.8907936,67.4554876,0.3110769999999256,0.6704714999999981,5.850259999999825,0.3088166782893706,0.6174035597819236,5.811664242834014,-0.0146717199999989,-0.0434990400000009,-0.003718000000002,5.852520497004391,1.0,3805.47,0.0,5.808747238346175,0.0
67.0048468,67.5695408,0.4060769999999256,0.6954714999999981,5.840259999999825,0.3320674607649783,0.6360662648234616,5.818500265149117,-0.0154717199999989,-0.0430990400000009,-0.004518000000002,5.862575750238602,1.0,3806.45,0.0,5.825221007379393,0.0
67.1164196,67.6811136,0.3760769999999256,0.6804714999999981,5.890259999999825,0.3425882590268704,0.6466816570585441,5.835654948129566,-0.0142717199999989,-0.0438990400000009,-0.004918000000002,5.881363154442015,1.0,3806.94,0.0,5.8334944989970685,0.0
67.2198537,67.7845477,0.3860769999999256,0.6154714999999981,5.950259999999824,0.3529845567022134,0.6392206435636745,5.863052113641428,-0.0138717199999989,-0.0454990400000009,-0.002518000000002,5.908348433843711,1.0,3806.45,0.0,5.825221007379393,0.0
67.33482479999999,67.8995188,0.3360769999999258,0.5654714999999981,6.070259999999824,0.3489426831389242,0.6215903780596759,5.912586655664505,-0.0130717199999989,-0.0462990400000009,-0.002918000000002,5.9554023000091725,1.0,3810.85,0.49,5.900403002599949,0.0026926604633974944
67.43986579999999,68.0045598,0.2260769999999257,0.550471499999998,6.110259999999824,0.3195707540506847,0.6045888965244222,5.959841896543146,-0.0130717199999989,-0.0466990400000009,-0.002518000000002,5.99894729368713,1.0,3812.81,0.0,5.934549820449195,0.0
67.5523702,68.1170642,0.2710769999999256,0.550471499999998,6.110259999999824,0.3079779718448506,0.5916517419622546,5.995800430736285,-0.0134717199999989,-0.0462990400000009,-0.003318000000002,6.0327874999974975,1.0,3810.36,0.0,5.891930329198795,0.0
67.6633255,68.2280195,0.3210769999999256,0.6254714999999981,6.0202599999998245,0.3111093891476011,0.5997365994219428,6.00164766745514,-0.0134717199999989,-0.0454990400000009,-0.004118000000002,6.039556917934602,1.0,3811.34,0.0,5.908901167451029,0.0
67.77333,68.338024,0.3510769999999257,0.6454714999999981,5.910259999999824,0.3206639352323102,0.6106698577762435,5.979800785401015,-0.0142717199999989,-0.0438990400000009,-0.004118000000002,6.019448518563617,1.0,3809.38,0.0,5.875060978253322,0.0
67.8857107,68.4504047,0.3760769999999256,0.6304714999999981,5.800259999999825,0.3339108286474156,0.6154035833891864,5.936880263718123,-0.0138717199999989,-0.0430990400000009,-0.003718000000002,5.978023526021124,1.0,3805.47,0.0,5.808747238346175,0.0
67.99734649999999,68.5620405,0.3810769999999257,0.5854714999999981,5.675259999999825,0.3451862426192926,0.6082481026372835,5.87433804983333,-0.0138717199999989,-0.0418990400000009,-0.005318000000002,5.915823427061961,1.0,3798.63,0.0,5.6964158472590505,0.0
68.09974489999999,68.6644389,0.4210769999999257,0.6554714999999981,5.670259999999825,0.3633284763764191,0.6195371969002783,5.8255517178402485,-0.0138717199999989,-0.0422990400000009,-0.003718000000002,5.869658144842894,1.0,3797.65,0.0,5.68069083400665,0.0
68.2113517,68.7760457,0.2960769999999257,0.7104714999999981,5.710259999999825,0.3472515251501348,0.6412756989302701,5.79799039986801,-0.0150717199999989,-0.0418990400000009,-0.003318000000002,5.843672716769755,1.0,3797.65,0.0,5.68069083400665,0.0
68.3223983,68.8870923,0.3410769999999257,0.7354714999999981,5.740259999999824,0.3457754603106114,0.663793885609784,5.784189530757587,-0.0146717199999989,-0.0418990400000009,-0.003718000000002,5.832412152724773,1.0,3800.1,0.0,5.720174013973416,0.0
68.4347753,68.9994693,0.3060769999999257,0.5954714999999982,5.880259999999825,0.3362852566071198,0.6474609257954497,5.807155870405612,-0.0138717199999989,-0.0442990400000009,-0.002918000000002,5.852807251860391,1.0,3801.07,0.0,5.735964505087277,0.0
68.5473172,69.1120112,0.3210769999999256,0.4804714999999981,5.900259999999824,0.3326496130066451,0.607540897292446,5.829413085133094,-0.0134717199999989,-0.0446990400000009,-0.002918000000002,5.870418947914818,1.0,3805.96,0.0,5.816971958217008,0.0
68.6518664,69.2165604,0.2760769999999257,0.5554714999999981,6.040259999999825,0.3191255212088568,0.5950933317406315,5.879817563208014,-0.0134717199999989,-0.0458990400000009,-0.002518000000002,5.918465320366287,1.0,3808.9,0.0,5.866835178516224,0.0
68.7592451,69.3239391,0.2710769999999256,0.550471499999998,6.010259999999825,0.3076391751300504,0.5844261605322923,5.911000769988477,-0.0126717199999989,-0.0454990400000009,-0.003318000000002,5.947783276313419,1.0,3813.29,0.49,5.942975366626414,0.0026926604633974944
68.8717229,69.4364169,0.2960769999999257,0.5654714999999981,5.950259999999824,0.3048751536445423,0.579894912010959,5.920385972516083,-0.0130717199999989,-0.0454990400000009,-0.002118000000002,5.956525583916449,1.0,3809.87,0.0,5.883483027433155,0.0
68.98731819999999,69.5520122,0.3660769999999256,0.605471499999998,5.870259999999825,0.3195058971141081,0.5860091801250531,5.9084029966955605,-0.0134717199999989,-0.0442990400000009,-0.002518000000002,5.94598324491775,1.0,3805.47,0.0,5.808747238346175,0.0
69.0916937,69.6563877,0.3510769999999257,0.6454714999999981,5.860259999999824,0.3270531973163191,0.6002240772238081,5.896894065569179,-0.0142717199999989,-0.0438990400000009,-0.003318000000002,5.936378724213862,1.0,3803.52,0.0,5.776255063441075,0.0
69.2057335,69.7704275,0.3510769999999257,0.6454714999999981,5.840259999999825,0.3327962608864331,0.6110408004882231,5.883355283092383,-0.0142717199999989,-0.0434990400000009,-0.004118000000002,5.924355964846503,1.0,3804.99,0.0,5.800713851190095,0.0
69.3172416,69.8819356,0.3310769999999257,0.6804714999999981,5.860259999999824,0.3323852591522421,0.627638710746856,5.877834188837773,-0.0146717199999989,-0.0442990400000009,-0.004118000000002,5.92058654722654,1.0,3804.5,0.0,5.792536962423118,0.0
69.42171259999999,69.9864066,0.3710769999999257,0.6304714999999981,5.880259999999825,0.3416347992959536,0.6283159094807862,5.878414096519177,-0.0142717199999989,-0.0446990400000009,-0.002918000000002,5.921760507513962,1.0,3806.45,0.0,5.825221007379393,0.0
69.5291773,70.0938713,0.1960769999999256,0.6554714999999981,5.900259999999824,0.3068381559213634,0.6348076495558177,5.883636517552527,-0.0142717199999989,-0.0450990400000009,-0.003318000000002,5.925732788148774,1.0,3806.94,0.0,5.8334944989970685,0.0
69.6447067,70.2094007,0.3360769999999258,0.540471499999998,6.010259999999825,0.3138279128083703,0.6122559115568807,5.913906775710295,-0.0130717199999989,-0.0458990400000009,-0.002518000000002,5.953791952351555,1.0,3807.92,0.0,5.8501152658445665,0.0
69.7511894,70.3158834,0.3910769999999257,0.6154714999999981,6.0202599999998245,0.3322948651188435,0.613024621202367,5.939331282230994,-0.0142717199999989,-0.0454990400000009,-0.003318000000002,5.980123338499994,1.0,3811.83,0.0,5.917424944337331,0.0
69.8648667,70.4295607,0.2160769999999257,0.6154714999999981,6.010259999999825,0.3045121449495536,0.6136095652542406,5.956287304575077,-0.0142717199999989,-0.0458990400000009,-0.003318000000002,5.995548582042807,1.0,3813.29,0.0,5.942975366626414,0.0
69.9732344,70.5379284,0.2810769999999256,0.6554714999999981,6.0202599999998245,0.2989098042629814,0.6236169631495332,5.971580439530209,-0.0150717199999989,-0.0458990400000009,-0.004918000000002,6.011490508483914,1.0,3812.32,0.0,5.925974454621385,0.0
70.0866992,70.6513932,0.3310769999999257,0.5604714999999981,5.970259999999825,0.3065996047671969,0.6085215840453942,5.97126477892213,-0.0146717199999989,-0.0446990400000009,-0.003718000000002,6.010017046222787,1.0,3813.29,0.0,5.942975366626414,0.0
70.1907102,70.7554042,0.3510769999999257,0.6454714999999981,5.960259999999825,0.3172322473849683,0.6173547283661501,5.968634007026514,-0.0150717199999989,-0.0450990400000009,-0.004518000000002,6.008856386139574,1.0,3809.38,0.0,5.875060978253322,0.0
70.3066482,70.8713422,0.3710769999999257,0.6304714999999981,5.9402599999998245,0.3301042244511044,0.6204903873756733,5.961850995684003,-0.0150717199999989,-0.0450990400000009,-0.004518000000002,6.003136214893379,1.0,3811.34,0.0,5.908901167451029,0.0
70.4142364,70.9789304,0.3760769999999256,0.730471499999998,5.9802599999998245,0.3410943485354829,0.6467821668092588,5.96625180114518,-0.0150717199999989,-0.0450990400000009,-0.004118000000002,6.010892868831838,1.0,3811.34,0.0,5.908901167451029,0.0
70.5204129,71.0851069,0.3060769999999257,0.6904714999999981,5.9402599999998245,0.3327231984163648,0.6572264175032392,5.960038273326731,-0.0150717199999989,-0.0446990400000009,-0.004118000000002,6.00538987161933,1.0,3810.85,0.0,5.900403002599949,0.0
70.6355906,71.2002846,0.3660769999999256,0.6304714999999981,5.950259999999824,0.3406966656197926,0.6508304612069813,5.957700706453494,-0.0142717199999989,-0.0450990400000009,-0.002918000000002,6.002820355039438,1.0,3811.34,0.0,5.908901167451029,0.0
70.74162989999999,71.3063239,0.1960769999999256,0.6304714999999981,6.000259999999825,0.3061242898772011,0.6459635044652421,5.967874813007512,-0.0146717199999989,-0.0458990400000009,-0.004918000000002,6.010533313582355,1.0,3811.34,0.0,5.908901167451029,0.0
70.85476779999999,71.4194618,0.3210769999999256,0.6754714999999981,6.0202599999998245,0.309698843244595,0.6530176039520974,5.980397870368221,-0.0138717199999989,-0.0462990400000009,-0.002918000000002,6.023911026275465,1.0,3812.32,0.0,5.925974454621385,0.0
70.9616036,71.5262976,0.2560769999999257,0.6154714999999981,5.990259999999824,0.2968801542736369,0.6440419365839103,5.982755483696841,-0.0146717199999989,-0.0462990400000009,-0.004118000000002,6.024640322856205,1.0,3811.34,0.0,5.908901167451029,0.0
71.0766103,71.6413043,0.3710769999999257,0.6804714999999981,6.040259999999825,0.3146174462136341,0.6527506868715097,5.996502353709308,-0.0150717199999989,-0.0458990400000009,-0.003718000000002,6.040124839331923,1.0,3811.34,0.0,5.908901167451029,0.0
71.1826121,71.7473061,0.2410769999999256,0.6304714999999981,5.950259999999824,0.2970370713186938,0.6474246863137024,5.985447785018295,-0.0146717199999989,-0.0454990400000009,-0.004118000000002,6.027684043923205,1.0,3811.34,0.0,5.908901167451029,0.0
71.2983742,71.8630682,0.3260769999999258,0.6304714999999981,5.850259999999825,0.3039792760430815,0.6433719046621935,5.953130168465701,-0.0146717199999989,-0.0446990400000009,-0.002918000000002,5.995505784391238,1.0,3809.87,0.0,5.883483027433155,0.0
71.4041757,71.9688697,0.3560769999999256,0.7204714999999982,5.800259999999825,0.3164336132886406,0.6618031198651566,5.916585450419349,-0.0150717199999989,-0.0438990400000009,-0.004118000000002,5.961887032911315,1.0,3807.92,0.0,5.8501152658445665,0.0
71.5100932,72.0747872,0.4010769999999257,0.8204714999999981,5.830259999999825,0.3366682263128463,0.6997339422949971,5.895948727915116,-0.0154717199999989,-0.0438990400000009,-0.003718000000002,5.946863415853117,1.0,3806.94,0.49,5.8334944989970685,0.0026926604633974944
71.62415229999999,72.1888463,0.3260769999999258,0.6554714999999981,5.830259999999825,0.3341363171558471,0.6891526857297263,5.880245362997168,-0.0138717199999989,-0.0442990400000009,-0.002518000000002,5.929912649587738,1.0,3804.99,0.0,5.800713851190095,0.0
71.7325951,72.2972891,0.3160769999999258,0.6454714999999981,5.880259999999825,0.3298191069362476,0.6787103827451546,5.880248862078385,-0.0154717199999989,-0.0434990400000009,-0.003318000000002,5.928469879059894,1.0,3806.45,0.0,5.825221007379393,0.0
71.84756,72.412254,0.2660769999999257,0.6454714999999981,5.850259999999825,0.3145810958249549,0.6707643877201762,5.87307980797064,-0.0146717199999989,-0.0438990400000009,-0.004118000000002,5.919624359744164,1.0,3804.99,0.0,5.800713851190095,0.0
71.9538254,72.5185194,0.3310769999999257,0.6304714999999981,5.920259999999825,0.3185245608779714,0.6611320818505333,5.884358573686556,-0.0142717199999989,-0.0438990400000009,-0.003718000000002,5.929943452449863,1.0,3805.96,0.0,5.816971958217008,0.0
72.0666632,72.6313572,0.3810769999999257,0.6354714999999981,5.900259999999824,0.3334781733045424,0.6549977343971095,5.888159924512455,-0.0150717199999989,-0.0430990400000009,-0.002918000000002,5.933856841951144,1.0,3807.92,0.0,5.8501152658445665,0.0
72.1733787,72.7380727,0.3760769999999256,0.6354714999999981,5.960259999999825,0.3436617305434135,0.6503298470145645,5.905395968380586,-0.0150717199999989,-0.0438990400000009,-0.003718000000002,5.951027964841348,1.0,3808.9,0.0,5.866835178516224,0.0
72.28915479999999,72.8538488,0.3110769999999256,0.7204714999999982,5.9402599999998245,0.3358721153275849,0.6670977158367266,5.913730466983356,-0.0146717199999989,-0.0438990400000009,-0.002518000000002,5.960707799956008,1.0,3808.41,0.0,5.858462771010661,0.0
72.3975574,72.9622514,0.4060769999999256,0.6504714999999981,5.950259999999824,0.3526551001412632,0.6631230988396462,5.922463115726068,-0.0154717199999989,-0.0434990400000009,-0.004118000000002,5.9698967512852406,1.0,3806.45,0.0,5.825221007379393,0.0
72.5041026,73.0687966,0.3960769999999256,0.6204714999999981,5.9402599999998245,0.3630354189653764,0.652926926038483,5.926717589469472,-0.0142717199999989,-0.0438990400000009,-0.004118000000002,5.973616130242741,1.0,3810.36,0.0,5.891930329198795,0.0
72.6191426,73.1838366,0.3510769999999257,0.5954714999999982,6.010259999999825,0.3601766725287223,0.6391917914083536,5.946689006184603,-0.0142717199999989,-0.0446990400000009,-0.003718000000002,5.991777993043009,1.0,3809.87,0.0,5.883483027433155,0.0
72.72909589999999,73.2937899,0.3710769999999257,0.5354714999999981,5.9802599999998245,0.3627824745504355,0.6143967065121806,5.954714394759922,-0.0142717199999989,-0.0442990400000009,-0.004518000000002,5.99730922664281,1.0,3809.87,0.0,5.883483027433155,0.0
72.8351239,73.3998179,0.3510769999999257,0.6704714999999981,6.070259999999824,0.3599841963033451,0.6278017909579209,5.98233640634899,-0.0150717199999989,-0.0450990400000009,-0.003718000000002,6.025949932504143,1.0,3811.83,0.0,5.917424944337331,0.0
72.9440995,73.5087935,0.3460769999999258,0.6204714999999981,6.060259999999825,0.3566595805668408,0.6260494319532613,6.0009646043009255,-0.0142717199999989,-0.0450990400000009,-0.002518000000002,6.044064868094293,1.0,3815.25,0.0,5.977640864259587,0.0
73.0590835,73.6237775,0.3660769999999256,0.5804714999999981,6.080259999999825,0.3589108827100914,0.6151536980825973,6.019920741441815,-0.0146717199999989,-0.0458990400000009,-0.004118000000002,6.061903729624366,1.0,3812.81,0.0,5.934549820449195,0.0
73.1640697,73.7287637,0.4160769999999256,0.605471499999998,6.120259999999825,0.3725768559940021,0.6128390986905223,6.043907566011848,-0.0150717199999989,-0.0458990400000009,-0.003718000000002,6.08631283627464,1.0,3814.76,0.0,5.968934902286021,0.0
73.2790756,73.8437696,0.2760769999999257,0.5304714999999982,6.220259999999825,0.349507868341227,0.5931485292320863,6.086065889258001,-0.0150717199999989,-0.0470990400000009,-0.002918000000002,6.124881952834063,1.0,3815.25,0.0,5.977640864259587,0.0
73.3850795,73.9497735,0.3010769999999256,0.6404714999999981,6.305259999999825,0.3379301194185007,0.604461427236873,6.138465824803755,-0.0158717199999989,-0.0482990400000009,-0.004118000000002,6.177405042969991,1.0,3816.72,0.0,6.003918878028971,0.0
73.4909318,74.0556258,0.2710769999999256,0.6504714999999981,6.3552599999998245,0.3219483983005823,0.6154604674897515,6.190292038421097,-0.0154717199999989,-0.0490990400000009,-0.003718000000002,6.229137811860533,1.0,3819.65,0.0,6.057024222245211,0.0
73.6074908,74.1721848,0.2610769999999256,0.5954714999999982,6.295259999999825,0.307396650825527,0.6106819604188067,6.215385387884181,-0.0158717199999989,-0.0478990400000009,-0.004118000000002,6.2528745931486505,1.0,3821.11,0.0,6.083855292541218,0.0
73.7114885,74.2761825,0.4060769999999256,0.8204714999999981,6.275259999999824,0.3309869011240919,0.660833665293651,6.229698846421313,-0.0174717199999989,-0.0458990400000009,-0.007318000000002,6.273388333189985,1.0,3818.67,0.0,6.039152884461457,0.0
73.8234449,74.3881389,0.4060769999999256,0.725471499999998,6.130259999999825,0.3489377316820008,0.6762858065987569,6.205927271876742,-0.0170717199999989,-0.0446990400000009,-0.005318000000002,6.252411801586795,1.0,3819.16,0.0,6.0480747303101285,0.0
73.9401863,74.5048803,0.4260769999999256,0.6854714999999981,6.120259999999825,0.3673784309974438,0.6784817129601967,6.185447891707544,-0.0158717199999989,-0.0446990400000009,-0.003718000000002,6.233383508770565,1.0,3820.14,0.0,6.066001494935164,0.0
74.04503869999999,74.6097327,0.3210769999999256,0.5554714999999981,6.2702599999998245,0.3563097394539752,0.649075232974172,6.205722838844466,-0.0146717199999989,-0.0466990400000009,-0.003318000000002,6.2497400938795895,1.0,3820.14,0.0,6.066001494935164,0.0
74.15746109999999,74.7221551,0.3360769999999258,0.495471499999998,6.5652599999998245,0.3514729569340517,0.6123551510331284,6.291672794375134,-0.0130717199999989,-0.0478990400000009,-0.002518000000002,6.331165660597816,1.0,3824.54,0.0,6.1478810217224895,0.0
74.2633663,74.8280603,0.3010769999999256,0.7004714999999981,7.190259999999825,0.3394254393881757,0.6334200007718588,6.506486556923859,-0.0146717199999989,-0.0526990400000009,-0.004118000000002,6.546052080583577,1.0,3834.8,0.0,6.348136544454556,0.0
74.3750033,74.9396973,0.3360769999999258,0.5304714999999982,7.855259999999824,0.338624970764592,0.608809418002455,6.828920591505428,-0.0150717199999989,-0.0606990400000009,-0.001718000000002,6.864362477561966,1.0,3862.17,0.0,6.956603424704048,0.0
74.4873777,75.0520717,0.4560769999999257,0.5754714999999981,8.525259999999825,0.3667027267810322,0.6008397478838269,7.234442780801496,-0.0154717199999989,-0.0650990400000009,-0.005318000000002,7.268606581811718,1.0,3878.79,0.0,7.390685438075674,0.0
74.5983526,75.1630466,0.3460769999999258,0.7104714999999981,8.805259999999826,0.3617719978017883,0.6270480101642939,7.609957984022911,-0.0162717199999989,-0.0670990400000009,-0.004918000000002,7.644313488079786,1.0,3895.89,0.0,7.902271611377025,0.0
74.7014283,75.2661223,0.4810769999999258,0.6654714999999981,8.990259999999825,0.3902927203901421,0.6362334229658508,7.939929151706588,-0.0170717199999989,-0.0674990400000009,-0.004518000000002,7.974935505081435,1.0,3900.29,0.0,8.046444232061708,0.0
74.8136622,75.3783562,0.3810769999999257,0.7804714999999981,9.330259999999823,0.3880896358600846,0.6707145772005787,8.27229778419986,-0.0194717199999989,-0.0686990400000009,-0.005718000000002,8.308512637049382,1.0,3906.16,0.0,8.2478154310355,0.0
74.927427,75.492121,0.4710769999999258,0.7854714999999981,9.535259999999823,0.4079283647261242,0.6981480485551139,8.574218025034202,-0.0206717199999989,-0.0698990400000009,-0.004918000000002,8.612260504029756,1.0,3917.89,0.0,8.684595543803464,0.0
75.0374593,75.6021533,0.4410769999999258,0.8404714999999982,9.340259999999825,0.4158527854411625,0.7321714977122185,8.757345892738732,-0.0214717199999989,-0.0674990400000009,-0.004918000000002,8.797733556222834,1.0,3920.33,0.0,8.781803672168227,0.0
75.1499795,75.7146735,0.2060769999999256,0.8754714999999981,8.835259999999824,0.365704368592829,0.7664283984025403,8.775971822900674,-0.0198717199999989,-0.0642990400000009,-0.005318000000002,8.816962833733186,1.0,3919.35,0.0,8.742480412093396,0.0
75.2540088,75.8187028,0.2960769999999257,0.8754714999999981,8.365259999999825,0.3490594431696915,0.7924959395243267,8.677788194813912,-0.0198717199999989,-0.0622990400000009,-0.005718000000002,8.720888731263585,1.0,3907.14,0.0,8.28249456277897,0.0
75.36395639999999,75.9286504,0.3310769999999257,0.8654714999999981,7.8502599999998255,0.3447606102317903,0.8099412744030745,8.479961602102092,-0.0194717199999989,-0.0582990400000009,-0.006518000000002,8.525527169593383,1.0,3898.34,0.0,7.981859566217452,0.0
75.4765505,76.0412445,0.0910769999999256,0.475471499999998,5.720259999999825,0.2841157106942247,0.7299838587525818,7.820234999109555,-0.0086717199999989,-0.0466990400000009,-0.001318000000002,7.859368525040712,1.0,3855.33,0.49,6.793239409868921,0.0026926604633974944
75.5883575,76.1530515,0.0410769999999256,0.3454714999999981,5.125259999999825,0.2260155512857243,0.6380634018251922,7.175981758122166,-0.0066717199999989,-0.0438990400000009,-0.000518000000002,7.207837548604561,1.0,3735.09,0.0,4.833779085985564,0.0
75.6923601,76.2570541,0.0560769999999257,0.280471499999998,5.150259999999824,0.1853905130309187,0.5525784745891954,6.691718338817677,-0.0078717199999989,-0.0426990400000009,-0.000118000000002,6.717053441723536,1.0,3726.3,0.0,4.735063395196095,0.0
75.8049784,76.3696724,0.1410769999999257,0.2304714999999981,5.485259999999824,0.1747970476372935,0.4755764755382634,6.403305757937917,-0.0078717199999989,-0.0438990400000009,0.0002819999999979,6.423320918464919,1.0,3746.82,0.0,4.972255577578024,0.0
75.91739489999999,76.4820889,0.1660769999999256,0.2004714999999981,5.835259999999825,0.1727124572593514,0.4098106438845994,6.267510316161408,-0.0086717199999989,-0.0450990400000009,0.0006819999999979,6.283268251469401,1.0,3768.33,0.0,5.248559860429807,0.0
76.0293224,76.5940164,0.2460769999999257,0.3954714999999982,6.130259999999825,0.1902507811583808,0.4063827679585924,6.23469963664013,-0.0106717199999989,-0.0446990400000009,-0.000118000000002,6.250825695293832,1.0,3789.83,0.0,5.558372013948021,0.0
76.1343217,76.6990157,0.2310769999999256,0.4604714999999981,6.240259999999824,0.2000105836851628,0.4193130700690333,6.236028881667165,-0.0130717199999989,-0.0454990400000009,-0.001318000000002,6.253309835383485,1.0,3804.99,0.0,5.800713851190095,0.0
76.2502284,76.8149224,0.2310769999999256,0.360471499999998,6.450259999999824,0.2074372349169038,0.405246567695436,6.287242378026783,-0.0130717199999989,-0.0458990400000009,-0.001318000000002,6.303703015459626,1.0,3813.29,0.0,5.942975366626414,0.0
76.356479,76.921173,0.3210769999999256,0.485471499999998,6.595259999999825,0.2346036416494218,0.42442491727652,6.360876215558825,-0.0138717199999989,-0.0470990400000009,-0.001718000000002,6.379335514670969,1.0,3823.07,0.0,6.120269224924702,0.0
76.4632608,77.0279548,0.3210769999999256,0.485471499999998,6.625259999999825,0.2552757226129854,0.4390185438533148,6.424079069034978,-0.0142717199999989,-0.0466990400000009,-0.002518000000002,6.444120953366407,1.0,3827.96,0.0,6.213143553425325,0.0
76.57867019999999,77.1433642,0.3710769999999257,0.6104714999999981,6.485259999999824,0.2829588544756785,0.480005611529586,6.438704812529352,-0.0142717199999989,-0.0462990400000009,-0.002118000000002,6.462769589217514,1.0,3826.98,0.0,6.194294404192304,0.0
76.6898915,77.2545855,0.3010769999999256,0.5254714999999981,6.625259999999825,0.2872901280416794,0.4908745605963158,6.483302177696214,-0.0142717199999989,-0.0470990400000009,-0.001718000000002,6.50820256132454,1.0,3830.4,0.0,6.260601659471457,0.0
76.7942753,77.3589693,0.3660769999999256,0.7554714999999981,6.845259999999825,0.3061246989089886,0.5541283703060456,6.569830809760287,-0.0174717199999989,-0.0466990400000009,-0.004118000000002,6.600261165358206,1.0,3836.75,0.0,6.3877595215970215,0.0
76.90930689999999,77.4740009,0.4560769999999257,0.7104714999999981,6.905259999999825,0.3419718796818219,0.5915033248212875,6.650017580696932,-0.0182717199999989,-0.0466990400000009,-0.003718000000002,6.685024665126228,1.0,3847.51,0.0,6.616128236171248,0.0
77.01943039999999,77.5841244,0.4360769999999256,0.7204714999999982,6.835259999999825,0.3644683884726176,0.622334098713647,6.694301119150408,-0.0186717199999989,-0.0466990400000009,-0.004918000000002,6.733038274841156,1.0,3848.97,0.0,6.6484509121453454,0.0
77.12426409999999,77.6889581,0.4910769999999256,0.8754714999999981,6.940259999999825,0.39473509162954,0.6828484230571867,6.753099366328661,-0.0202717199999989,-0.0462990400000009,-0.005718000000002,6.799003516173825,1.0,3848.97,0.0,6.6484509121453454,0.0
77.23987199999999,77.804566,0.6210769999999257,1.015471499999998,6.675259999999825,0.4488437598313092,0.7623643723399796,6.7344913035264735,-0.0214717199999989,-0.0426990400000009,-0.008118000000002,6.792351085907334,1.0,3854.35,0.0,6.770495814511187,0.0
77.3468773,77.9115713,0.5260769999999257,0.985471499999998,6.745259999999825,0.4673069237964761,0.815699742846139,6.7370656382073,-0.0198717199999989,-0.0430990400000009,-0.007718000000002,6.802337483911021,1.0,3847.02,0.0,6.605354449923804,0.0
77.45331019999999,78.0180042,0.5310769999999256,1.020471499999998,6.950259999999825,0.4825516211631148,0.8646519105852226,6.788031290426873,-0.0194717199999989,-0.0458990400000009,-0.007318000000002,6.85987228695842,1.0,3850.93,0.0,6.6923713655684125,0.0
77.5692427,78.1339367,0.4710769999999258,0.960471499999998,7.375259999999824,0.4798085300858583,0.887558275598235,6.928412555361869,-0.0198717199999989,-0.0510990400000009,-0.007718000000002,7.001491016592255,1.0,3859.24,0.0,6.8856155831900585,0.0
77.6749954,78.2396894,0.3910769999999257,0.7704714999999981,7.385259999999824,0.458596616856787,0.8595678361021928,7.037625237090657,-0.0170717199999989,-0.0514990400000009,-0.005318000000002,7.104740438579668,1.0,3871.95,0.0,7.205236380686546,0.0
77.7907778,78.3554718,0.4910769999999256,0.9754714999999982,7.465259999999824,0.466361287072797,0.8872754441999084,7.139854416231137,-0.0190717199999989,-0.0510990400000009,-0.006518000000002,7.209873206162201,1.0,3868.52,0.0,7.115913574259926,0.0
77.8968445,78.4615385,0.5110769999999256,0.960471499999998,7.4752599999998255,0.4770509012569289,0.904773490078731,7.220035543870402,-0.0194717199999989,-0.0514990400000009,-0.006918000000002,7.292126293852245,1.0,3873.41,0.0,7.243985156679661,0.0
78.0027121,78.5674061,0.5860769999999258,0.9754714999999982,7.355259999999824,0.5031143777235345,0.92167436004531,7.252361926916967,-0.0198717199999989,-0.0494990400000009,-0.008118000000002,7.327984799522435,1.0,3874.88,0.0,7.283450024684484,0.0
78.1168272,78.6815212,0.6210769999999257,1.0704714999999982,7.255259999999825,0.5313141946947649,0.9572453912040888,7.253054732221976,-0.0206717199999989,-0.0474990400000009,-0.008118000000002,7.335217546949321,1.0,3873.41,0.0,7.243985156679661,0.0
78.22682309999999,78.7915171,0.6060769999999258,1.060471499999998,7.445259999999824,0.5491867833603631,0.9819223381769736,7.299002789900298,-0.0214717199999989,-0.0474990400000009,-0.007718000000002,7.3852027276304995,1.0,3874.88,0.0,7.283450024684484,0.0
78.3341935,78.8988875,0.5810769999999257,1.025471499999998,7.705259999999824,0.5568103700105602,0.9923330798929584,7.396121510618514,-0.0198717199999989,-0.0510990400000009,-0.007318000000002,7.483139456767797,1.0,3884.16,0.49,7.5435740552709065,0.0026926604633974944
78.4492144,79.0139084,0.5860769999999258,1.005471499999998,7.585259999999825,0.5638067693202593,0.9954739141263782,7.44133643276793,-0.0194717199999989,-0.0502990400000009,-0.006918000000002,7.528767116366184,1.0,3887.59,0.0,7.6448162641092985,0.0
78.5552119,79.1199059,0.5160769999999257,0.9654714999999982,7.365259999999824,0.5523966231829617,0.9883016203037076,7.423149811968182,-0.0186717199999989,-0.0494990400000009,-0.005718000000002,7.508996953849571,1.0,3883.68,0.0,7.529633768868208,0.0
78.6692025,79.2338965,0.4410769999999258,0.8454714999999982,6.970259999999825,0.5257848631314371,0.9541570482959224,7.31488323091746,-0.0174717199999989,-0.0490990400000009,-0.005718000000002,7.395565027573511,1.0,3873.9,0.0,7.257089463086235,0.0
78.7743217,79.3390157,0.4260769999999256,0.980471499999998,6.8502599999998255,0.5019489781990635,0.960447708061136,7.203811691309262,-0.0178717199999989,-0.0486990400000009,-0.006518000000002,7.284868939142212,1.0,3866.08,0.0,7.0537899351556215,0.0
78.89128339999999,79.4559774,0.3810769999999257,0.8154714999999981,6.9802599999998245,0.4730536586784459,0.925790098272435,7.150370044651354,-0.0182717199999989,-0.0486990400000009,-0.006518000000002,7.2255559540768735,1.0,3863.15,0.0,6.980694543152477,0.0
78.9968033,79.5614973,0.5110769999999256,0.935471499999998,7.405259999999825,0.4821434130871604,0.928104507290086,7.211303329703211,-0.0186717199999989,-0.0502990400000009,-0.006518000000002,7.286750713467844,1.0,3870.97,0.0,7.179473174380141,0.0
79.1026516,79.6673456,0.5210769999999256,0.940471499999998,7.280259999999825,0.4914507682797315,0.9310609262317312,7.227787919853757,-0.0190717199999989,-0.0486990400000009,-0.006118000000002,7.30406164543962,1.0,3873.41,0.0,7.243985156679661,0.0
79.21732519999999,79.7820192,0.4510769999999258,0.8504714999999982,7.040259999999825,0.4817991273280599,0.9117954417443948,7.1829580159839885,-0.0174717199999989,-0.0474990400000009,-0.003718000000002,7.256609896230372,1.0,3875.85,0.0,7.309743123279167,0.0
79.32431079999999,79.8890048,0.4910769999999256,0.8504714999999982,6.870259999999825,0.4840170698100096,0.8971355104901158,7.108205296454244,-0.0170717199999989,-0.0470990400000009,-0.004518000000002,7.180926624370284,1.0,3868.04,0.0,7.1036008488882825,0.0
79.4401982,80.0048922,0.3810769999999257,0.8154714999999981,6.870259999999825,0.4594085025229205,0.8776131388734341,7.051322754512628,-0.0170717199999989,-0.0474990400000009,-0.003718000000002,7.120562729308772,1.0,3866.08,0.0,7.0537899351556215,0.0
79.5458063,80.1105003,0.3960769999999256,0.8204714999999981,7.1002599999998255,0.44426864936268,0.8639530173317859,7.063021556549952,-0.0174717199999989,-0.0498990400000009,-0.005718000000002,7.129520527865289,1.0,3868.52,0.0,7.115913574259926,0.0
79.6617139,80.2264079,0.3710769999999257,0.8104714999999981,7.220259999999825,0.426771656874533,0.8511678742839618,7.100610542285945,-0.0174717199999989,-0.0506990400000009,-0.003318000000002,7.164167144235735,1.0,3872.92,0.0,7.23093109409114,0.0
79.7667604,80.3314544,0.4360769999999256,0.7504714999999981,7.260259999999824,0.4289961663668342,0.8270956786199748,7.138775898397976,-0.0170717199999989,-0.0502990400000009,-0.005718000000002,7.199322627851672,1.0,3873.9,0.0,7.257089463086235,0.0
79.8767422,80.4414362,0.4560769999999257,0.7604714999999981,7.340259999999824,0.4354700352682239,0.8111686874537406,7.186942128328608,-0.0178717199999989,-0.0514990400000009,-0.005318000000002,7.24567222188987,1.0,3877.32,0.0,7.349976949712441,0.0
79.9917893,80.5564833,0.3960769999999256,0.8754714999999981,7.305259999999826,0.4260528456273866,0.8265407392914075,7.215226870233854,-0.0182717199999989,-0.0510990400000009,-0.004518000000002,7.274901333346055,1.0,3877.32,0.0,7.349976949712441,0.0
80.1001397,80.6648337,0.4210769999999257,0.7404714999999981,7.340259999999824,0.4248633337865704,0.8059652659081191,7.245116943095062,-0.0186717199999989,-0.0506990400000009,-0.005318000000002,7.302178331249499,1.0,3874.39,0.0,7.270244317018109,0.0
80.2060551,80.7707491,0.4610769999999258,0.8154714999999981,7.495259999999825,0.4335204722882994,0.8082377998371171,7.304915447784205,-0.0194717199999989,-0.0522990400000009,-0.005318000000002,7.362267180716476,1.0,3876.83,0.0,7.3365133638944044,0.0
80.3206261,80.8853201,0.5960769999999258,0.8404714999999982,7.695259999999824,0.4723807844828347,0.8159434987047547,7.398230132688428,-0.0198717199999989,-0.0526990400000009,-0.006518000000002,7.458063856983675,1.0,3883.68,0.0,7.529633768868208,0.0
80.4258852,80.9905792,0.5810769999999257,1.005471499999998,7.815259999999825,0.4983653999813395,0.8612515364908785,7.497924134930624,-0.0206717199999989,-0.0526990400000009,-0.006118000000002,7.563662381028228,1.0,3884.65,0.0,7.557861703582644,0.0
80.53770089999999,81.1023949,0.6010769999999257,1.040471499999998,7.960259999999825,0.5229193499143943,0.9040953633829774,7.608448863209714,-0.0214717199999989,-0.0538990400000009,-0.006518000000002,7.679799943792981,1.0,3885.63,0.0,7.58661103533682,0.0
80.6441188,81.2088128,0.6110769999999257,0.995471499999998,7.880259999999825,0.5439940729838839,0.9259394889069132,7.673427278917222,-0.0222717199999989,-0.0522990400000009,-0.007318000000002,7.748211386725956,1.0,3892.47,0.0,7.793971129008915,0.0
80.7616515,81.3263455,0.6560769999999256,1.090471499999998,7.705259999999824,0.5707883063304982,0.9652720546739092,7.681037120839202,-0.0222717199999989,-0.0514990400000009,-0.008118000000002,7.762466146907682,1.0,3891.01,0.0,7.748698176909284,0.0
80.86769509999999,81.4323891,0.6210769999999257,1.1954714999999982,7.730259999999824,0.5828101818181198,1.0203028949502844,7.692804205669464,-0.0230717199999989,-0.0506990400000009,-0.007718000000002,7.782025587997035,1.0,3891.98,0.0,7.778713818867223,0.0
80.98105129999999,81.5457453,0.6860769999999257,1.110471499999998,7.735259999999825,0.6074968606637721,1.0418583513303177,7.702953569988267,-0.0226717199999989,-0.0510990400000009,-0.008118000000002,7.796795172463367,1.0,3889.54,0.0,7.703679556959399,0.0
81.0852146,81.6499086,0.6710769999999258,1.2204714999999982,7.830259999999824,0.6226961522502537,1.0845571147516544,7.733387091694619,-0.0238717199999989,-0.0510990400000009,-0.008918000000002,7.833855407344116,1.0,3892.96,0.0,7.809292607325088,0.0
81.20280009999999,81.7674941,0.6910769999999258,1.1354714999999982,7.665259999999825,0.6390430878614354,1.0967285663309685,7.71710081830139,-0.0226717199999989,-0.0498990400000009,-0.008918000000002,7.8207950143305665,1.0,3892.96,0.0,7.809292607325088,0.0
81.3100421,81.8747361,0.7110769999999258,1.170471499999998,7.655259999999825,0.6562633149030791,1.114357347314794,7.702317323972404,-0.0230717199999989,-0.0498990400000009,-0.008118000000002,7.810132264895868,1.0,3892.47,0.0,7.793971129008915,0.0
81.4226513,81.9873453,0.7010769999999258,1.0954714999999982,7.775259999999824,0.6669763500420949,1.1098425490901835,7.719754797586253,-0.0218717199999989,-0.0514990400000009,-0.006518000000002,7.827593632154294,1.0,3894.92,0.0,7.871228734209808,0.0
81.5275862,82.0922802,0.6610769999999258,1.0704714999999982,7.745259999999825,0.6655660677999063,1.1004306154040435,7.72585200046287,-0.0222717199999989,-0.0510990400000009,-0.007318000000002,7.832159016706778,1.0,3895.41,0.0,7.886877486133147,0.0
81.6390969,82.2037909,0.6010769999999257,1.110471499999998,7.575259999999825,0.6501494902984015,1.102830961398148,7.689851894934195,-0.0226717199999989,-0.0494990400000009,-0.009318000000002,7.795688080931449,1.0,3891.98,0.0,7.778713818867223,0.0
81.7526623,82.3173563,0.7260769999999257,1.035471499999998,7.595259999999825,0.6683005099633215,1.0867281955723949,7.667239019155111,-0.0218717199999989,-0.0502990400000009,-0.007718000000002,7.772654496343182,1.0,3891.98,0.0,7.778713818867223,0.0
81.858391,82.423085,0.6160769999999256,1.0954714999999982,7.635259999999824,0.6558161026642669,1.0888183456540408,7.659594203622055,-0.0218717199999989,-0.0502990400000009,-0.008118000000002,7.764341795317046,1.0,3892.96,0.0,7.809292607325088,0.0
81.9700163,82.5347103,0.6560769999999256,1.045471499999998,7.755259999999825,0.6558784720569769,1.0784559690797044,7.68246380329863,-0.0214717199999989,-0.0514990400000009,-0.007718000000002,7.785466841259109,1.0,3893.94,0.0,7.8401297671765455,0.0
82.08260489999999,82.6472989,0.5410769999999256,1.055471499999998,7.790259999999825,0.6284343508805982,1.072961365715344,7.708233262797808,-0.0210717199999989,-0.0522990400000009,-0.007718000000002,7.807882930691712,1.0,3894.92,0.0,7.871228734209808,0.0
82.1857936,82.7504876,0.5860769999999258,1.055471499999998,7.755259999999825,0.6183085201795608,1.0687802869761096,7.719475344028791,-0.0210717199999989,-0.0518990400000009,-0.006918000000002,7.817601698412615,1.0,3894.92,0.0,7.871228734209808,0.0
82.2985364,82.8632304,0.6810769999999258,1.085471499999998,7.745259999999825,0.6333137786956808,1.0727704420202948,7.725639352296984,-0.0226717199999989,-0.0510990400000009,-0.007718000000002,7.82543456718654,1.0,3895.41,0.0,7.886877486133147,0.0
82.4091585,82.9738525,0.7110769999999258,1.075471499999998,7.775259999999824,0.6519036384796971,1.0734161494417342,7.737501526570588,-0.0238717199999989,-0.0510990400000009,-0.009718000000002,7.838758221646306,1.0,3892.96,0.49,7.809292607325088,0.0026926604633974944
82.5209299,83.0856239,0.7060769999999257,1.165471499999998,7.705259999999824,0.664854171878381,1.0954226459647014,7.72979395674361,-0.0222717199999989,-0.0510990400000009,-0.008118000000002,7.8352853462312675,1.0,3895.41,0.49,7.886877486133147,0.0026926604633974944
82.6326011,83.1972951,0.6560769999999256,1.0954714999999982,7.745259999999825,0.6627559255379636,1.0954343248747416,7.733491226104684,-0.0214717199999989,-0.0510990400000009,-0.006518000000002,7.838756809672539,1.0,3895.89,0.0,7.902271611377025,0.0
82.73598059999999,83.3006746,0.6960769999999257,1.140471499999998,7.880259999999825,0.6707215690865652,1.1062007869194537,7.768577361704801,-0.0218717199999989,-0.0522990400000009,-0.008118000000002,7.875553430014394,1.0,3895.89,0.0,7.902271611377025,0.0
82.8475768,83.4122708,0.6060769999999258,1.090471499999998,8.030259999999824,0.6552678178792039,1.1024405872591123,7.831134486682729,-0.0222717199999989,-0.0534990400000009,-0.007718000000002,7.935453264313007,1.0,3896.38,0.0,7.918052971476709,0.0
82.9591671,83.5238611,0.6010769999999257,1.1154714999999982,8.200259999999826,0.6423131114117911,1.1055557210800615,7.919376607060184,-0.0222717199999989,-0.0554990400000009,-0.006518000000002,8.02192903421343,1.0,3900.29,0.0,8.046444232061708,0.0
83.07257919999999,83.6372732,0.6360769999999256,1.015471499999998,8.310259999999825,0.6408223239315436,1.0840204372975302,8.01282010573186,-0.0218717199999989,-0.0566990400000009,-0.006518000000002,8.111167585874952,1.0,3901.76,0.0,8.095877141583017,0.0
83.17472699999999,83.739421,0.5760769999999258,1.025471499999998,8.180259999999826,0.6253444865506763,1.0700238909018258,8.052847821977227,-0.0214717199999989,-0.0550990400000009,-0.006918000000002,8.147660087281709,1.0,3905.67,0.0,8.230592533966844,0.0
83.28754099999999,83.852235,0.5410769999999256,1.055471499999998,7.960259999999825,0.6051997351752029,1.0665450367359377,8.030714034315148,-0.0222717199999989,-0.0538990400000009,-0.007718000000002,8.123801630750746,1.0,3900.29,0.0,8.046444232061708,0.0
83.3999671,83.9646611,0.5060769999999257,1.130471499999998,7.665259999999825,0.5815037293075036,1.0818271195590945,7.943349607514401,-0.0218717199999989,-0.0514990400000009,-0.005718000000002,8.037742188638004,1.0,3899.32,0.0,8.014178035025017,0.0
83.51350599999999,84.0782,0.6010769999999257,1.085471499999998,7.485259999999825,0.5861828610562145,1.082698335029078,7.833839977777057,-0.0222717199999989,-0.0494990400000009,-0.007318000000002,7.929999673940021,1.0,3893.94,0.0,7.8401297671765455,0.0
83.61709069999999,84.1817847,0.6160769999999256,1.015471499999998,7.375259999999824,0.5933292709143302,1.0666272744948924,7.72421312148618,-0.0214717199999989,-0.0494990400000009,-0.008118000000002,7.820051260225818,1.0,3891.01,0.0,7.748698176909284,0.0
83.7320524,84.2967464,0.5310769999999256,1.165471499999998,7.265259999999825,0.5784474158660722,1.0902567006140915,7.614497062496192,-0.0214717199999989,-0.0486990400000009,-0.007718000000002,7.71387234797927,1.0,3889.05,0.0,7.68879731069358,0.0
83.8358993,84.4005933,0.5860769999999258,0.905471499999998,7.220259999999825,0.5802713230664154,1.0460824635909425,7.520251844891376,-0.0198717199999989,-0.0486990400000009,-0.007718000000002,7.614800794478993,1.0,3888.07,0.49,7.659216363790015,0.0026926604633974944
83.94751289999999,84.5122069,0.5710769999999257,1.015471499999998,7.245259999999825,0.5780733537211606,1.0387646916228437,7.454513057936021,-0.0206717199999989,-0.0490990400000009,-0.006918000000002,7.548706234698988,1.0,3885.63,0.0,7.58661103533682,0.0
84.0610147,84.6257087,0.6810769999999258,1.080471499999998,7.335259999999825,0.6026971194223396,1.048735005439149,7.426004752998707,-0.0206717199999989,-0.0486990400000009,-0.007318000000002,7.52387104627351,1.0,3887.59,0.0,7.6448162641092985,0.0
84.1658638,84.7305578,0.5860769999999258,1.100471499999998,7.495259999999825,0.5987239598171392,1.061102988188215,7.442560720067267,-0.0210717199999989,-0.0510990400000009,-0.007718000000002,7.541625819641895,1.0,3887.1,0.0,7.630175693316816,0.0
84.281911,84.846605,0.5810769999999257,0.955471499999998,7.435259999999825,0.5945053265980668,1.0358510178960747,7.440815430197586,-0.0198717199999989,-0.0502990400000009,-0.005318000000002,7.536057203929406,1.0,3891.5,0.0,7.763829695177147,0.0
84.38834349999999,84.9530375,0.5660769999999258,1.015471499999998,7.355259999999824,0.5877093297696172,1.030979146929314,7.420362786589691,-0.0206717199999989,-0.0502990400000009,-0.007318000000002,7.514659283181539,1.0,3889.54,0.0,7.703679556959399,0.0
84.4943747,85.0590687,0.5810769999999257,1.140471499999998,7.090259999999824,0.5861238234288042,1.057154084860993,7.341449330921366,-0.0210717199999989,-0.0474990400000009,-0.007318000000002,7.440295301533055,1.0,3887.59,0.0,7.6448162641092985,0.0
84.6085197,85.1732137,0.4960769999999257,1.000471499999998,6.810259999999825,0.5645974798249347,1.0436037034970462,7.214464684259643,-0.0182717199999989,-0.0470990400000009,-0.006118000000002,7.311386987747743,1.0,3873.41,0.49,7.243985156679661,0.0026926604633974944
84.723446,85.28814,0.4310769999999257,0.8654714999999981,6.750259999999824,0.5326784446228011,1.0010199134933877,7.103493201253414,-0.0178717199999989,-0.0466990400000009,-0.004918000000002,7.193427754056445,1.0,3868.52,0.0,7.115913574259926,0.0
84.82946729999999,85.3941613,0.5610769999999257,0.935471499999998,6.665259999999825,0.5394673244258109,0.9853500917515724,6.998730388867707,-0.0178717199999989,-0.0458990400000009,-0.004118000000002,7.088311989006853,1.0,3863.15,0.0,6.980694543152477,0.0
84.9368637,85.5015577,0.5060769999999257,0.7804714999999981,6.405259999999824,0.5314851261730986,0.9363723844301736,6.856857005409795,-0.0174717199999989,-0.0434990400000009,-0.005718000000002,6.940875857865783,1.0,3854.84,0.0,6.781847436480501,0.0
85.05187819999999,85.6165722,0.4910769999999256,0.915471499999998,6.5652599999998245,0.5218252717188295,0.9313758770272876,6.787148634883296,-0.0190717199999989,-0.0446990400000009,-0.006918000000002,6.870600354445815,1.0,3848.97,0.0,6.6484509121453454,0.0
85.157457,85.722151,0.4510769999999258,0.995471499999998,6.710259999999825,0.5049123863064539,0.9466983987007414,6.768767851300837,-0.0198717199999989,-0.0450990400000009,-0.006918000000002,6.853276048777838,1.0,3854.35,0.0,6.770495814511187,0.0
85.27186189999999,85.8365559,0.5310769999999256,0.915471499999998,6.6452599999998245,0.5111672262128614,0.9392333829953694,6.739242407274695,-0.0186717199999989,-0.0450990400000009,-0.006118000000002,6.8235503592262505,1.0,3859.73,0.0,6.8973802000675555,0.0
85.3794448,85.9441388,0.5060769999999257,0.855471499999998,6.575259999999824,0.5099503708668467,0.9192094998020924,6.700041228270567,-0.0182717199999989,-0.0446990400000009,-0.005718000000002,6.782001765393386,1.0,3855.82,0.0,6.804671960010089,0.0
85.4853463,86.0500403,0.4610769999999258,0.8754714999999981,6.455259999999825,0.4982668385189051,0.908753615003119,6.641524507448149,-0.0182717199999989,-0.0446990400000009,-0.006118000000002,6.72190082924341,1.0,3848.0,0.0,6.626939197110221,0.0
85.6007863,86.1654803,0.4960769999999257,0.995471499999998,6.515259999999825,0.4977433418024021,0.929484151827864,6.6113400648569804,-0.0202717199999989,-0.0442990400000009,-0.006918000000002,6.694886606656672,1.0,3846.53,0.0,6.594617638308982,0.0
85.7068204,86.2715144,0.4710769999999258,1.055471499999998,6.740259999999824,0.4913685601672485,0.9596023374919672,6.642159306620298,-0.0202717199999989,-0.0454990400000009,-0.006518000000002,6.729083144274823,1.0,3852.88,0.0,6.736680829159646,0.0
85.8218691,86.3865631,0.5110769999999256,1.005471499999998,6.950259999999825,0.4960800050753466,0.9705676921304844,6.715813002972135,-0.0206717199999989,-0.0474990400000009,-0.006118000000002,6.803693210847522,1.0,3858.75,0.0,6.873893403970068,0.0
85.9269333,86.4916273,0.5110769999999256,1.080471499999998,7.155259999999825,0.49966514504452,0.996840991304013,6.820865982005629,-0.0214717199999989,-0.0482990400000009,-0.007318000000002,6.911408681563979,1.0,3868.52,0.0,7.115913574259926,0.0
86.0418147,86.6065087,0.5260769999999257,1.065471499999998,7.385259999999824,0.5059790897605675,1.0132476101678645,6.955788448969802,-0.0210717199999989,-0.0506990400000009,-0.007718000000002,7.047388062651832,1.0,3874.88,0.0,7.283450024684484,0.0
86.1477609,86.7124549,0.5210769999999256,0.940471499999998,7.315259999999825,0.5095883542647118,0.9958499553259488,7.041722719926067,-0.0202717199999989,-0.0494990400000009,-0.007318000000002,7.130024985134897,1.0,3873.9,0.0,7.257089463086235,0.0
86.2635746,86.8282686,0.6110769999999257,1.015471499999998,7.425259999999825,0.5338499481421808,1.00054062731868,7.133410077251694,-0.0206717199999989,-0.0502990400000009,-0.008118000000002,7.222992222360667,1.0,3879.28,0.0,7.404361934984275,0.0
86.369508,86.934202,0.4560769999999257,0.980471499999998,7.355259999999824,0.5152577630872752,0.9957429574615864,7.186444903842108,-0.0202717199999989,-0.0502990400000009,-0.006518000000002,7.273375073218364,1.0,3879.77,0.0,7.418092484415192,0.0
86.47526789999999,87.0399619,0.6410769999999257,0.960471499999998,7.295259999999824,0.5453357605404289,0.9873110607681166,7.212457938616501,-0.0214717199999989,-0.0486990400000009,-0.008518000000002,7.300118063343323,1.0,3874.88,0.0,7.283450024684484,0.0
86.5899421,87.1546361,0.5860769999999258,1.0304714999999982,7.4752599999998255,0.5550752481320744,0.997628875540708,7.275282669769965,-0.0210717199999989,-0.0506990400000009,-0.006918000000002,7.364313262583056,1.0,3877.81,0.0,7.363493273950738,0.0
86.6967726,87.2614666,0.5260769999999257,1.090471499999998,7.4752599999998255,0.5481430074440291,1.0198235755766756,7.323088695119793,-0.0214717199999989,-0.0506990400000009,-0.006518000000002,7.414049427843268,1.0,3884.16,0.0,7.5435740552709065,0.0
86.81293529999999,87.3776293,0.5910769999999257,1.055471499999998,7.435259999999825,0.5584066885029637,1.0283454694167986,7.349904055833201,-0.0206717199999989,-0.0498990400000009,-0.008118000000002,7.442472846049775,1.0,3885.63,0.0,7.58661103533682,0.0
86.9218935,87.4865875,0.5660769999999258,1.040471499999998,7.375259999999824,0.5602403318736566,1.0312442846214365,7.355965577447701,-0.0202717199999989,-0.0494990400000009,-0.004918000000002,7.4489974882945,1.0,3883.19,0.0,7.515459643197635,0.0
87.0284015,87.5930955,0.5760769999999258,1.045471499999998,7.210259999999825,0.5640262017871664,1.034645403229547,7.321133606638419,-0.0210717199999989,-0.0478990400000009,-0.008118000000002,7.415363372955971,1.0,3881.72,0.0,7.473276706561782,0.0
87.1352268,87.6999208,0.5560769999999258,1.1554714999999982,7.235259999999825,0.5621258876779875,1.0635297544632072,7.30060490065396,-0.0214717199999989,-0.0486990400000009,-0.007318000000002,7.399048112269507,1.0,3875.85,0.0,7.309743123279167,0.0
87.2493693,87.8140633,0.4510769999999258,1.0304714999999982,7.7252599999998255,0.5355788489046149,1.0556269399338167,7.402121769695703,-0.0210717199999989,-0.0526990400000009,-0.005718000000002,7.496172332137987,1.0,3883.68,0.0,7.529633768868208,0.0
87.3556536,87.9203476,0.6060769999999258,1.065471499999998,7.655259999999825,0.5524319411751467,1.0579803531309069,7.462636292221929,-0.0210717199999989,-0.0514990400000009,-0.007318000000002,7.557476027565645,1.0,3887.1,0.0,7.630175693316816,0.0
87.4743416,88.0390356,0.5760769999999258,1.025471499999998,7.635259999999824,0.5580844632899098,1.050208876958664,7.503903236532695,-0.0202717199999989,-0.0518990400000009,-0.006518000000002,7.597562815578047,1.0,3886.61,0.0,7.615594885227307,0.0
87.5808346,88.1455286,0.6460769999999256,0.990471499999998,7.745259999999825,0.5791197148142677,1.03592822547714,7.561601314306809,-0.0206717199999989,-0.0526990400000009,-0.006518000000002,7.654171501145845,1.0,3889.05,0.0,7.68879731069358,0.0
87.6953315,88.2600255,0.5360769999999258,0.9754714999999982,7.695259999999824,0.5688300429140845,1.0214756085359809,7.593553388620034,-0.0206717199999989,-0.0526990400000009,-0.006118000000002,7.683035409418493,1.0,3889.05,0.49,7.68879731069358,0.0026926604633974944
87.8032759,88.3679699,0.5860769999999258,1.1254714999999982,7.710259999999825,0.5729530525907583,1.0463365776162872,7.621452947113498,-0.0218717199999989,-0.0526990400000009,-0.007718000000002,7.714249183115351,1.0,3889.54,0.0,7.703679556959399,0.0
87.9094111,88.4741051,0.6010769999999257,1.015471499999998,7.755259999999825,0.579676285375367,1.0389580578548083,7.653440489676032,-0.0210717199999989,-0.0526990400000009,-0.006918000000002,7.745360532010148,1.0,3890.52,0.0,7.7336295864918885,0.0
88.02429839999999,88.5889924,0.6060769999999258,1.015471499999998,7.7252599999998255,0.5859875669148521,1.0333434265418655,7.670609462415117,-0.0214717199999989,-0.0526990400000009,-0.006918000000002,7.762050604746686,1.0,3891.01,0.0,7.748698176909284,0.0
88.13031289999999,88.6950069,0.5860769999999258,1.075471499999998,7.750259999999824,0.5860089465398688,1.043414446818834,7.689650498789216,-0.0218717199999989,-0.0530990400000009,-0.006918000000002,7.782213373249557,1.0,3891.5,0.0,7.763829695177147,0.0
88.2444064,88.8091004,0.6010769999999257,1.035471499999998,7.810259999999825,0.5896110735652473,1.0415156280050355,7.718483071289693,-0.0214717199999989,-0.0538990400000009,-0.008118000000002,7.810721922027122,1.0,3890.52,0.0,7.7336295864918885,0.0
88.34928889999999,88.9139829,0.6010769999999257,1.060471499999998,7.810259999999825,0.5923520861048459,1.046047166135271,7.740423009058653,-0.0210717199999989,-0.0534990400000009,-0.006518000000002,7.833214156836068,1.0,3891.98,0.0,7.778713818867223,0.0
88.4653093,89.0300033,0.6210769999999257,1.000471499999998,7.920259999999824,0.5992189842690597,1.035151973924765,7.78341434081555,-0.0214717199999989,-0.0546990400000009,-0.006518000000002,7.87477884140513,1.0,3892.96,0.0,7.809292607325088,0.0
88.5726959,89.1373899,0.5810769999999257,1.005471499999998,7.920259999999824,0.5948820118788918,1.0280566422328608,7.816128284163316,-0.0218717199999989,-0.0542990400000009,-0.006518000000002,7.905861523084879,1.0,3892.47,0.0,7.793971129008915,0.0
88.6761008,89.2407948,0.6160769999999256,1.140471499999998,7.780259999999825,0.5999488268935677,1.054930226023263,7.807553711735512,-0.0230717199999989,-0.0522990400000009,-0.008118000000002,7.901310735460505,1.0,3889.54,0.0,7.703679556959399,0.0
88.7916764,89.3563704,0.6360769999999256,1.1754714999999982,7.640259999999825,0.6085855276504999,1.0837464883106365,7.767560941480451,-0.0222717199999989,-0.0518990400000009,-0.008118000000002,7.866376915391478,1.0,3890.03,0.0,7.718623514961298,0.0
88.8960838,89.4607778,0.6310769999999257,1.1054714999999982,7.780259999999825,0.6139622765852701,1.088940009288005,7.770596743152562,-0.0226717199999989,-0.0530990400000009,-0.007318000000002,7.870509117305636,1.0,3890.03,0.0,7.718623514961298,0.0
89.00859059999999,89.5732846,0.5060769999999257,1.110471499999998,7.980259999999824,0.5881715218963065,1.0940872676778133,7.820718259227643,-0.0214717199999989,-0.0558990400000009,-0.006518000000002,7.918750329356342,1.0,3891.98,0.49,7.778713818867223,0.0026926604633974944
89.1217139,89.6864079,0.6160769999999256,1.0504714999999982,7.980259999999824,0.5948425280152865,1.083660603351106,7.858857864826657,-0.0222717199999989,-0.0558990400000009,-0.006518000000002,7.955488977802602,1.0,3894.92,0.0,7.871228734209808,0.0
89.2336203,89.7983143,0.5060769999999257,1.035471499999998,7.920259999999824,0.5736224873355975,1.0721406500957016,7.873536488784922,-0.0218717199999989,-0.0558990400000009,-0.006518000000002,7.966875496189979,1.0,3890.52,0.0,7.7336295864918885,0.0
89.3376468,89.9023408,0.6410769999999257,1.110471499999998,7.950259999999825,0.5897479758531439,1.0813039166524607,7.8918777983616195,-0.0218717199999989,-0.0554990400000009,-0.006518000000002,7.987412348155307,1.0,3896.38,0.0,7.918052971476709,0.0
89.4518702,90.0165642,0.5360769999999258,1.1054714999999982,7.990259999999824,0.5769175413771972,1.0870813520289029,7.915396774337955,-0.0226717199999989,-0.0550990400000009,-0.006118000000002,8.010498474544352,1.0,3896.38,0.0,7.918052971476709,0.0
89.5642316,90.1289256,0.6160769999999256,1.170471499999998,7.820259999999824,0.5862788928336442,1.107016369279357,7.892653641201404,-0.0238717199999989,-0.0530990400000009,-0.006918000000002,7.991444780639135,1.0,3894.92,0.0,7.871228734209808,0.0
89.66760719999999,90.2323012,0.6610769999999258,1.145471499999998,7.655259999999825,0.6041599206641501,1.1162093460630196,7.835902976432923,-0.0226717199999989,-0.0514990400000009,-0.007318000000002,7.938029224564853,1.0,3894.43,0.0,7.855646307636967,0.0
89.7792635,90.3439575,0.5010769999999256,1.005471499999998,7.425259999999825,0.5795172038484797,1.0897366640345658,7.737735806591597,-0.0214717199999989,-0.0510990400000009,-0.006918000000002,7.835554964334515,1.0,3889.54,0.0,7.703679556959399,0.0
89.8903378,90.4550318,0.5760769999999258,1.075471499999998,7.545259999999824,0.5786947982677896,1.0863264735261111,7.69172307465554,-0.0206717199999989,-0.0526990400000009,-0.006918000000002,7.789582577636259,1.0,3886.61,0.0,7.615594885227307,0.0
90.0052324,90.5699264,0.6260769999999256,1.075471499999998,7.840259999999824,0.5900218558624355,1.083731513692591,7.727231899632012,-0.0222717199999989,-0.0538990400000009,-0.006518000000002,7.82513339278356,1.0,3890.52,0.0,7.7336295864918885,0.0
90.1091911,90.6738851,0.5160769999999257,1.110471499999998,7.860259999999825,0.5723448039196514,1.0901239005786274,7.759033227968145,-0.0218717199999989,-0.0546990400000009,-0.008118000000002,7.856115154826867,1.0,3893.45,0.0,7.824678677536271,0.0
90.2211463,90.7858403,0.5760769999999258,1.1254714999999982,7.980259999999824,0.5732370123525725,1.098573999557603,7.811919085878393,-0.0222717199999989,-0.0554990400000009,-0.007318000000002,7.909585659764106,1.0,3896.38,0.0,7.918052971476709,0.0
90.3335352,90.8982292,0.5110769999999256,1.060471499999998,8.020259999999826,0.5583772123799426,1.0894653218007344,7.861724486372775,-0.0222717199999989,-0.0558990400000009,-0.006918000000002,7.956471058097607,1.0,3894.92,0.49,7.871228734209808,0.0026926604633974944
90.4370447,91.0017387,0.5710769999999257,1.0954714999999982,8.010259999999825,0.5614131883488211,1.0909011420855614,7.897232973868046,-0.0218717199999989,-0.0562990400000009,-0.007718000000002,7.9919671366569265,1.0,3895.89,0.0,7.902271611377025,0.0
90.5485218,91.1132158,0.4910769999999256,1.150471499999998,8.020259999999826,0.5445988144427757,1.1051418664580817,7.926643473164188,-0.0222717199999989,-0.0554990400000009,-0.007318000000002,8.021820439547831,1.0,3895.89,0.0,7.902271611377025,0.0
90.6601571,91.2248511,0.5560769999999258,1.090471499999998,8.030259999999824,0.5473427576141563,1.1016348093832609,7.951413752389698,-0.0226717199999989,-0.0554990400000009,-0.008118000000002,8.046002983422861,1.0,3896.38,0.0,7.918052971476709,0.0
90.7711018,91.3357958,0.5560769999999258,1.160471499999998,8.060259999999825,0.5494307413492411,1.1157001452885391,7.977434234143816,-0.0226717199999989,-0.0562990400000009,-0.007318000000002,8.07379204053623,1.0,3896.38,0.0,7.918052971476709,0.0
90.8845571,91.4492511,0.6010769999999257,1.110471499999998,7.930259999999826,0.5617771525521532,1.1144501998626153,7.966156892703393,-0.0222717199999989,-0.0550990400000009,-0.007318000000002,8.063327381191291,1.0,3895.89,0.0,7.902271611377025,0.0
90.9895768,91.5542708,0.5610769999999257,1.090471499999998,7.8502599999998255,0.5616097760269138,1.108717918447664,7.938450903308572,-0.0226717199999989,-0.0546990400000009,-0.006918000000002,8.035151753853603,1.0,3895.89,0.0,7.902271611377025,0.0
91.1017375,91.6664315,0.4960769999999257,1.0504714999999982,7.820259999999824,0.5459436925344009,1.0947936913682983,7.910196514107543,-0.0218717199999989,-0.0538990400000009,-0.007718000000002,8.004238666723841,1.0,3895.41,0.0,7.886877486133147,0.0
91.2152461,91.7799401,0.6110769999999257,1.190471499999998,7.8502599999998255,0.5615142801816906,1.1176661626609472,7.895868257452049,-0.0234717199999989,-0.0538990400000009,-0.009718000000002,7.994323703543913,1.0,3894.43,0.0,7.855646307636967,0.0
91.3201114,91.8848054,0.6310769999999257,1.150471499999998,7.820259999999824,0.5781437508482461,1.1255085155248328,7.877793557343478,-0.0230717199999989,-0.0534990400000009,-0.008118000000002,7.978762494728502,1.0,3892.47,0.0,7.793971129008915,0.0
91.433648,91.998342,0.6360769999999256,1.130471499999998,7.840259999999824,0.5919931125451928,1.1266949528142889,7.868820889332671,-0.0230717199999989,-0.0530990400000009,-0.007718000000002,7.971087726928888,1.0,3893.45,0.0,7.824678677536271,0.0
91.5395538,92.1042478,0.6110769999999257,1.140471499999998,7.830259999999824,0.5965552536958201,1.129988335935446,7.859602630188801,-0.0230717199999989,-0.0534990400000009,-0.007318000000002,7.962795069228704,1.0,3893.45,0.0,7.824678677536271,0.0
91.6535353,92.2182293,0.6260769999999256,1.0504714999999982,7.790259999999825,0.6036126404034187,1.1109792619064114,7.843025773537962,-0.0222717199999989,-0.0534990400000009,-0.008518000000002,7.944285771825031,1.0,3895.89,0.0,7.902271611377025,0.0
91.7645318,92.3292258,0.5810769999999257,1.055471499999998,7.8502599999998255,0.5982253327762708,1.0977097304562211,7.844755167630906,-0.0218717199999989,-0.0538990400000009,-0.006118000000002,7.943741174105898,1.0,3893.94,0.0,7.8401297671765455,0.0
91.8700932,92.4347872,0.6010769999999257,1.065471499999998,7.840259999999824,0.5989070444254193,1.0900029485892349,7.843680565337355,-0.0222717199999989,-0.0542990400000009,-0.006118000000002,7.941669905432141,1.0,3894.92,0.0,7.871228734209808,0.0
91.9844958,92.5491898,0.5760769999999258,1.0504714999999982,7.940259999999825,0.5934493573901521,1.0805526702441832,7.866768576845654,-0.0218717199999989,-0.0554990400000009,-0.007318000000002,7.962777408329635,1.0,3893.45,0.0,7.824678677536271,0.0
92.0928409,92.6575349,0.6410769999999257,1.035471499999998,7.910259999999824,0.6048350893995668,1.0697756908484874,7.877165515715768,-0.0218717199999989,-0.0550990400000009,-0.006518000000002,7.97245144708207,1.0,3895.89,0.0,7.902271611377025,0.0
92.196996,92.76169,0.4560769999999257,1.055471499999998,7.950259999999825,0.569273393558058,1.06635617069825,7.894639280189969,-0.0210717199999989,-0.0566990400000009,-0.006118000000002,7.986646169933768,1.0,3895.41,0.0,7.886877486133147,0.0
92.3120914,92.8767854,0.5160769999999257,0.9704714999999982,8.120259999999824,0.5565564114079493,1.0434342475343008,7.948575543056758,-0.0206717199999989,-0.0578990400000009,-0.006518000000002,8.036066402891826,1.0,3898.34,0.0,7.981859566217452,0.0
92.4244681,92.9891621,0.4310769999999257,0.995471499999998,8.110259999999826,0.5265596516964439,1.03196840627201,7.98722738043457,-0.0202717199999989,-0.0570990400000009,-0.005318000000002,8.070813161330273,1.0,3895.89,0.0,7.902271611377025,0.0
92.5300439,93.0947379,0.5010769999999256,1.035471499999998,8.110259999999826,0.520467839731636,1.0328058461326708,8.01663921688139,-0.0218717199999989,-0.0570990400000009,-0.007718000000002,8.099634499262384,1.0,3895.89,0.0,7.902271611377025,0.0
92.6394765,93.2041705,0.5710769999999257,1.100471499999998,8.070259999999823,0.5325663250746417,1.048981809479996,8.029457652421513,-0.0222717199999989,-0.0562990400000009,-0.006118000000002,8.115182063222848,1.0,3899.8,0.0,8.030110072403517,0.0
92.7560289,93.3207229,0.5760769999999258,1.000471499999998,7.900259999999824,0.5429678662197073,1.0373850695792122,7.998572020336566,-0.0218717199999989,-0.0550990400000009,-0.006518000000002,8.08381940983617,1.0,3895.89,0.0,7.902271611377025,0.0
92.8620184,93.4267124,0.5560769999999258,1.085471499999998,7.820259999999824,0.5461016993451474,1.0488804781289538,7.9559452438184515,-0.0214717199999989,-0.0542990400000009,-0.006118000000002,8.043347688995242,1.0,3894.43,0.0,7.855646307636967,0.0
92.9679262,93.5326202,0.5810769999999257,1.005471499999998,7.755259999999825,0.5544627976146277,1.0385032483376686,7.907969986611536,-0.0214717199999989,-0.0530990400000009,-0.006118000000002,7.995117716450171,1.0,3893.45,0.0,7.824678677536271,0.0
93.0833756,93.6480696,0.6260769999999256,0.980471499999998,7.735259999999825,0.5715826900079509,1.024630339698791,7.866682416722302,-0.0218717199999989,-0.0530990400000009,-0.005318000000002,7.953695138117617,1.0,3892.47,0.0,7.793971129008915,0.0
93.1894409,93.7541349,0.6010769999999257,1.1354714999999982,7.710259999999825,0.5786335178669454,1.0511277197421849,7.829288508070152,-0.0214717199999989,-0.0530990400000009,-0.006518000000002,7.920697240382871,1.0,3891.5,0.0,7.763829695177147,0.0
93.3026983,93.8673923,0.6260769999999256,1.005471499999998,7.695259999999824,0.589975224984079,1.040213270610058,7.797248025046176,-0.0214717199999989,-0.0526990400000009,-0.006118000000002,7.888421336270952,1.0,3892.96,0.0,7.809292607325088,0.0
93.409425,93.974119,0.5860769999999258,1.005471499999998,7.760259999999824,0.5890433261423574,1.0319079993846976,7.788405770471752,-0.0218717199999989,-0.0530990400000009,-0.008118000000002,7.878519569359758,1.0,3892.96,0.0,7.809292607325088,0.0
93.5243998,94.0890938,0.5760769999999258,1.025471499999998,7.750259999999824,0.585943632214317,1.0303693077120195,7.779286748490242,-0.0214717199999989,-0.0538990400000009,-0.007318000000002,7.869071938014249,1.0,3892.47,0.0,7.793971129008915,0.0
93.6304207,94.1951147,0.5110769999999256,1.0104714999999982,7.790259999999825,0.5680462229760621,1.0256125930444444,7.781909983530104,-0.0206717199999989,-0.0538990400000009,-0.006918000000002,7.869731932805223,1.0,3894.92,0.49,7.871228734209808,0.0026926604633974944
93.746118,94.310812,0.5310769999999256,1.000471499999998,7.840259999999824,0.5592084631723424,1.019602433142701,7.795858976464993,-0.0210717199999989,-0.0546990400000009,-0.005718000000002,7.882113955525123,1.0,3892.96,0.0,7.809292607325088,0.0
93.851971,94.416665,0.4260769999999256,1.090471499999998,7.890259999999825,0.5273824252111159,1.0365441955054866,7.818426223057237,-0.0218717199999989,-0.0542990400000009,-0.006118000000002,7.904450942162064,1.0,3895.89,0.49,7.902271611377025,0.0026926604633974944
93.9578654,94.5225594,0.5260769999999257,0.9704714999999982,7.8502599999998255,0.5270703538844973,1.02074904036147,7.826036317390175,-0.0206717199999989,-0.0546990400000009,-0.006918000000002,7.909903678456064,1.0,3895.41,0.49,7.886877486133147,0.0026926604633974944
94.071987,94.636681,0.5760769999999258,1.0504714999999982,7.830259999999824,0.5387857466433231,1.0278544090415374,7.82704601922825,-0.0214717199999989,-0.0538990400000009,-0.006918000000002,7.912611715109552,1.0,3894.43,0.0,7.855646307636967,0.0
94.1794999,94.7441939,0.4910769999999256,1.025471499999998,7.750259999999824,0.5273806261288068,1.02728475742195,7.808689766659385,-0.0214717199999989,-0.0534990400000009,-0.004918000000002,7.893610084719063,1.0,3892.96,0.0,7.809292607325088,0.0
94.2943838,94.8590778,0.5260769999999257,1.0954714999999982,7.910259999999824,0.5270689848858101,1.043585290789715,7.83297086464324,-0.0210717199999989,-0.0554990400000009,-0.006918000000002,7.919741444032821,1.0,3891.5,0.49,7.763829695177147,0.0026926604633974944
94.4003941,94.9650881,0.5460769999999258,1.060471499999998,8.000259999999823,0.5316129882053405,1.0476220610808344,7.872962540881817,-0.0206717199999989,-0.0558990400000009,-0.005318000000002,7.960129617174593,1.0,3895.89,0.0,7.902271611377025,0.0
94.5145754,95.0792694,0.4960769999999257,1.055471499999998,7.990259999999824,0.5231178535266918,1.0494985261557517,7.901003345795155,-0.0202717199999989,-0.0562990400000009,-0.006118000000002,7.987549894388623,1.0,3894.92,0.0,7.871228734209808,0.0
94.6209572,95.1856512,0.5410769999999256,0.960471499999998,7.960259999999825,0.5274111172210008,1.0282159724566409,7.915169077029782,-0.0202717199999989,-0.0558990400000009,-0.006518000000002,7.99908070284028,1.0,3893.94,0.0,7.8401297671765455,0.0
94.7355042,95.3001982,0.6560769999999256,0.9754714999999982,8.050259999999824,0.5581696259315487,1.0156070253103455,7.947463538010005,-0.0210717199999989,-0.0558990400000009,-0.007318000000002,8.031512164541047,1.0,3896.38,0.0,7.918052971476709,0.0
94.8403873,95.4050813,0.6260769999999256,1.080471499999998,7.920259999999824,0.5744033742390273,1.0311133465406197,7.940960335740903,-0.0222717199999989,-0.0538990400000009,-0.006518000000002,8.028199363715482,1.0,3895.89,0.0,7.902271611377025,0.0
94.9552823,95.5199763,0.6310769999999257,1.1054714999999982,7.750259999999824,0.5879516138653789,1.048889200259436,7.895372042937014,-0.0222717199999989,-0.0530990400000009,-0.006518000000002,7.986410667568953,1.0,3893.45,0.0,7.824678677536271,0.0
95.0618968,95.6265908,0.6260769999999256,1.025471499999998,7.695259999999824,0.597065762823789,1.0432910298520677,7.847533813541387,-0.0214717199999989,-0.0530990400000009,-0.006518000000002,7.939063587903901,1.0,3892.47,0.0,7.793971129008915,0.0
95.1769237,95.7416177,0.6010769999999257,1.060471499999998,7.740259999999824,0.5980246780463602,1.0473981453459582,7.82188923351001,-0.0210717199999989,-0.0534990400000009,-0.005718000000002,7.91433051948972,1.0,3896.38,0.49,7.918052971476709,0.0026926604633974944
95.2829374,95.8476314,0.6010769999999257,0.990471499999998,7.755259999999825,0.5987543576581456,1.0337894195600823,7.805961033935756,-0.0206717199999989,-0.0534990400000009,-0.005718000000002,7.896850955167659,1.0,3894.43,0.0,7.855646307636967,0.0
95.3979236,95.9626176,0.4810769999999258,0.950471499999998,7.840259999999824,0.5706227352545296,1.01387166903303,7.814160449535749,-0.0198717199999989,-0.0546990400000009,-0.006118000000002,7.900294272895531,1.0,3892.96,0.0,7.809292607325088,0.0
95.5068952,96.0715892,0.6060769999999258,0.9704714999999982,7.930259999999826,0.5790983333497223,1.0034965451197588,7.84191488573214,-0.0202717199999989,-0.0554990400000009,-0.005718000000002,7.927041646845502,1.0,3893.45,0.0,7.824678677536271,0.0
95.6129055,96.1775995,0.5410769999999256,0.985471499999998,8.010259999999825,0.5700090589611434,0.9991875278779714,7.882159001357395,-0.0206717199999989,-0.0566990400000009,-0.006118000000002,7.9656585770320385,1.0,3894.43,0.0,7.855646307636967,0.0
95.7219343,96.2866283,0.4510769999999258,0.955471499999998,8.120259999999824,0.541577491147572,0.9887368956261756,7.939078765031787,-0.0198717199999989,-0.0574990400000009,-0.005318000000002,8.018720500495627,1.0,3894.92,0.0,7.871228734209808,0.0
95.8329126,96.3976066,0.5410769999999256,1.0304714999999982,8.120259999999824,0.5414578451233739,0.998713854276272,7.982391448033601,-0.0206717199999989,-0.0570990400000009,-0.006118000000002,8.06282699742522,1.0,3897.85,0.0,7.9658048252031355,0.0
95.9469261,96.5116201,0.5810769999999257,1.055471499999998,8.160259999999823,0.5509290902899642,1.012282179481665,8.0249122102343,-0.0206717199999989,-0.0582990400000009,-0.006518000000002,8.107247008411143,1.0,3895.41,0.0,7.886877486133147,0.0
96.0503157,96.6150097,0.4760769999999257,1.045471499999998,8.090259999999823,0.533035157403771,1.020216326298303,8.04053407142474,-0.0206717199999989,-0.0570990400000009,-0.006518000000002,8.122509217305709,1.0,3895.41,0.0,7.886877486133147,0.0
96.1652976,96.7299916,0.5660769999999258,1.020471499999998,7.950259999999825,0.5409340485577891,1.0202773274149686,8.018953402545867,-0.0202717199999989,-0.0554990400000009,-0.006118000000002,8.101678168251816,1.0,3898.34,0.0,7.981859566217452,0.0
96.269441,96.834135,0.5960769999999258,1.085471499999998,7.920259999999824,0.5541163694312453,1.0358624653087418,7.995360031744517,-0.0214717199999989,-0.0546990400000009,-0.007718000000002,8.081202759189058,1.0,3894.92,0.0,7.871228734209808,0.0
96.3852767,96.9499707,0.5760769999999258,1.075471499999998,7.890259999999825,0.5593662168037341,1.045331291171933,7.970235109954235,-0.0214717199999989,-0.0542990400000009,-0.007318000000002,8.057931234550944,1.0,3895.41,0.0,7.886877486133147,0.0
96.4949356,97.0596296,0.6360769999999256,1.035471499999998,7.810259999999825,0.5777044836556171,1.0429742368689892,7.931991904321719,-0.0210717199999989,-0.0542990400000009,-0.006518000000002,8.02109925754778,1.0,3894.43,0.0,7.855646307636967,0.0
96.5987082,97.1634022,0.5710769999999257,0.950471499999998,7.715259999999824,0.5761201358133623,1.020860789416698,7.880180577006669,-0.0198717199999989,-0.0534990400000009,-0.004918000000002,7.96688879604148,1.0,3893.94,0.0,7.8401297671765455,0.0
96.7128572,97.2775512,0.6010769999999257,1.040471499999998,7.685259999999825,0.5820862544758312,1.0255488714417744,7.83358340504282,-0.0210717199999989,-0.0530990400000009,-0.005318000000002,7.9218434634324515,1.0,3891.98,0.0,7.778713818867223,0.0
96.8252738,97.3899678,0.5110769999999256,0.990471499999998,7.695259999999824,0.5651109792501563,1.0171633724133424,7.800516195872865,-0.0210717199999989,-0.0534990400000009,-0.006518000000002,7.886826019833531,1.0,3893.94,0.0,7.8401297671765455,0.0
96.9287003,97.4933943,0.6010769999999257,1.040471499999998,7.740259999999824,0.5737089163149205,1.022735348681772,7.786111516982114,-0.0210717199999989,-0.0530990400000009,-0.006518000000002,7.873922914848988,1.0,3893.94,0.0,7.8401297671765455,0.0
97.0412175,97.6059115,0.5760769999999258,0.955471499999998,7.735259999999825,0.5742750238259355,1.0066554397665377,7.773955094515935,-0.0214717199999989,-0.0538990400000009,-0.005718000000002,7.8598679880104925,1.0,3891.5,0.0,7.763829695177147,0.0
97.1552403,97.7199343,0.4660769999999257,0.985471499999998,7.685259999999825,0.5484095046499265,1.0015912659408126,7.752751891473026,-0.0202717199999989,-0.0538990400000009,-0.005718000000002,7.836395851380779,1.0,3893.45,0.0,7.824678677536271,0.0
97.2668026,97.8314966,0.5360769999999258,1.025471499999998,7.715259999999824,0.5454613303281315,1.007300008394175,7.743789183989529,-0.0210717199999989,-0.0530990400000009,-0.006518000000002,7.828055460704622,1.0,3891.98,0.0,7.778713818867223,0.0
97.3777945,97.9424885,0.4810769999999258,1.045471499999998,7.770259999999825,0.5300697910758372,1.0164251791985417,7.750117223771659,-0.0202717199999989,-0.0546990400000009,-0.005318000000002,7.834437510793108,1.0,3895.89,0.0,7.902271611377025,0.0
97.4811684,98.0458624,0.5710769999999257,0.995471499999998,7.780259999999825,0.5398728605892532,1.0114160508249088,7.757323072168682,-0.0210717199999989,-0.0546990400000009,-0.006518000000002,7.841586980928518,1.0,3891.98,0.0,7.778713818867223,0.0
97.5928533,98.1575473,0.5760769999999258,1.025471499999998,7.810259999999825,0.5485277216399829,1.0147761074813069,7.769978027162474,-0.0214717199999989,-0.0542990400000009,-0.006918000000002,7.855139193694159,1.0,3894.43,0.0,7.855646307636967,0.0
97.7061905,98.2708845,0.5460769999999258,0.985471499999998,7.870259999999825,0.5479418589288682,1.007770629377824,7.793951157167173,-0.0206717199999989,-0.0550990400000009,-0.006918000000002,7.877913211156271,1.0,3893.94,0.0,7.8401297671765455,0.0
97.8101424,98.3748364,0.5410769999999256,1.055471499999998,7.980259999999824,0.5463007648128361,1.0191738670725736,7.838489631868867,-0.0206717199999989,-0.0566990400000009,-0.006118000000002,7.923325034723394,1.0,3891.5,0.0,7.763829695177147,0.0
97.9201402,98.4848342,0.4960769999999257,0.980471499999998,8.030259999999824,0.5342944110373855,1.009921786653042,7.884333723645053,-0.0202717199999989,-0.0566990400000009,-0.005318000000002,7.966688822756223,1.0,3894.92,0.0,7.871228734209808,0.0
98.0311399,98.5958339,0.5210769999999256,1.020471499999998,8.000259999999823,0.531134693451449,1.012443771835654,7.9120467374139505,-0.0210717199999989,-0.0570990400000009,-0.005318000000002,7.994224792232159,1.0,3896.38,0.0,7.918052971476709,0.0
98.1427959,98.7074899,0.4460769999999256,1.005471499999998,8.070259999999823,0.5108010374081988,1.0107769998883631,7.949868760706117,-0.0198717199999989,-0.0578990400000009,-0.005718000000002,8.03013083055137,1.0,3894.43,0.0,7.855646307636967,0.0
98.2561225,98.8208165,0.4910769999999256,0.905471499999998,8.040259999999826,0.5060858637869837,0.9856029594541148,7.9714774394104,-0.0198717199999989,-0.0574990400000009,-0.005718000000002,8.048104662728903,1.0,3895.41,0.0,7.886877486133147,0.0
98.3621817,98.9268757,0.5610769999999257,0.920471499999998,7.950259999999825,0.5192318921332468,0.9700328135873016,7.966405257252779,-0.0198717199999989,-0.0562990400000009,-0.004918000000002,8.042025748530596,1.0,3895.41,0.0,7.886877486133147,0.0
98.4772706,99.0419646,0.4960769999999257,0.910471499999998,7.920259999999824,0.51369654790685,0.9557942513265152,7.955373900171086,-0.0198717199999989,-0.0558990400000009,-0.004518000000002,8.029034853936277,1.0,3896.38,0.0,7.918052971476709,0.0
98.5821454,99.1468394,0.4760769999999257,0.995471499999998,7.890259999999825,0.5047033232307314,0.9652793842349088,7.939807951977681,-0.0198717199999989,-0.0550990400000009,-0.004918000000002,8.014177440536058,1.0,3895.41,0.0,7.886877486133147,0.0
98.694302,99.258996,0.4660769999999257,0.985471499999998,7.790259999999825,0.4954694216408859,0.9701064553685368,7.90405743378119,-0.0206717199999989,-0.0538990400000009,-0.005718000000002,7.978766847015932,1.0,3894.92,0.49,7.871228734209808,0.0026926604633974944
98.8010959,99.3657899,0.4610769999999258,0.935471499999998,7.7252599999998255,0.4872476648101498,0.961826719098254,7.861314615672701,-0.0202717199999989,-0.0538990400000009,-0.006118000000002,7.9349094771788975,1.0,3892.47,0.49,7.793971129008915,0.0026926604633974944
98.9142937,99.4789877,0.4610769999999258,1.055471499999998,7.710259999999825,0.4809913783405717,0.9842131804262562,7.8252039186363636,-0.0198717199999989,-0.0542990400000009,-0.004918000000002,7.901509011499298,1.0,3889.05,0.0,7.68879731069358,0.0
99.021064,99.585758,0.5060769999999257,1.0304714999999982,7.660259999999824,0.486988277407005,0.9952715658724508,7.785772883395644,-0.0202717199999989,-0.0542990400000009,-0.007318000000002,7.864221669306185,1.0,3892.47,0.0,7.793971129008915,0.0
99.1371017,99.7017957,0.4360769999999256,1.020471499999998,7.740259999999824,0.4748175687795951,1.0012957921601544,7.774892699852522,-0.0202717199999989,-0.0550990400000009,-0.006118000000002,7.853470664695924,1.0,3889.54,0.0,7.703679556959399,0.0
99.2411366,99.8058306,0.4360769999999256,1.045471499999998,7.740259999999824,0.4655563559660284,1.0118563142273844,7.7666135027795935,-0.0202717199999989,-0.0550990400000009,-0.006118000000002,7.84607425549749,1.0,3890.52,0.0,7.7336295864918885,0.0
99.3527248,99.9174188,0.4760769999999257,0.9704714999999982,7.710259999999825,0.4680713919193682,1.0019629754385413,7.753141790864323,-0.0198717199999989,-0.0550990400000009,-0.004518000000002,7.831617218769687,1.0,3891.5,0.0,7.763829695177147,0.0
99.4596392,100.0243332,0.4610769999999258,1.0104714999999982,7.635259999999824,0.4663993320062612,1.0039969996972264,7.724961297226001,-0.0202717199999989,-0.0542990400000009,-0.005318000000002,7.803881428874771,1.0,3891.98,0.0,7.778713818867223,0.0
99.5752177,100.1399117,0.4810769999999258,0.8454714999999982,7.515259999999825,0.4699081345659061,0.96610033386811,7.674830687323551,-0.0190717199999989,-0.0530990400000009,-0.005318000000002,7.749657385272886,1.0,3891.98,0.0,7.778713818867223,0.0
99.6846926,100.2493866,0.5060769999999257,1.0104714999999982,7.405259999999825,0.4785545631177114,0.9767075816519678,7.610387867245116,-0.0194717199999989,-0.0522990400000009,-0.005718000000002,7.687715893543991,1.0,3887.59,0.0,7.6448162641092985,0.0
99.7911401,100.3558341,0.4660769999999257,0.8404714999999982,7.270259999999825,0.4755717115213465,0.944139362216649,7.529077843628832,-0.0186717199999989,-0.0502990400000009,-0.006118000000002,7.602932379253993,1.0,3883.68,0.0,7.529633768868208,0.0
99.9071025,100.4717965,0.4610769999999258,0.8854714999999981,7.335259999999825,0.4721066460279978,0.930114385959962,7.48274428804467,-0.0182717199999989,-0.0514990400000009,-0.006918000000002,7.555094938944091,1.0,3882.21,0.0,7.487281466455814,0.0
100.0126697,100.5773637,0.4560769999999257,0.8854714999999981,7.405259999999825,0.4682746433530648,0.9194421815884044,7.464221109271218,-0.0178717199999989,-0.0522990400000009,-0.004518000000002,7.535200849014015,1.0,3883.19,0.0,7.515459643197635,0.0
100.1270774,100.6917714,0.4060769999999256,0.855471499999998,7.355259999999824,0.4534058474179355,0.9041495280553966,7.438173169007258,-0.0174717199999989,-0.0526990400000009,-0.004918000000002,7.506629291745734,1.0,3883.68,0.0,7.529633768868208,0.0
100.2338101,100.7985041,0.4110769999999257,0.8354714999999981,7.395259999999825,0.4432868306755456,0.8877315493454161,7.427914465968004,-0.0178717199999989,-0.0526990400000009,-0.003318000000002,7.493896438548528,1.0,3880.25,0.0,7.431595550705484,0.0
100.3497582,100.9144522,0.3710769999999257,0.8804714999999981,7.355259999999824,0.426024549036834,0.8859959821056238,7.410545891050734,-0.0186717199999989,-0.0526990400000009,-0.006118000000002,7.475471637298764,1.0,3879.77,0.0,7.418092484415192,0.0
100.4546635,101.0193575,0.4810769999999258,0.9704714999999982,7.395259999999825,0.4391852351170343,0.906190464876528,7.406891688375688,-0.0190717199999989,-0.0522990400000009,-0.004918000000002,7.475032395428584,1.0,3878.3,0.0,7.377062661026262,0.0
100.5696241,101.1343181,0.4060769999999256,0.980471499999998,7.655259999999825,0.4312704723512884,0.9239478829000728,7.466265927385428,-0.0186717199999989,-0.0546990400000009,-0.004518000000002,7.535569043481336,1.0,3886.12,0.0,7.6010734585606325,0.0
100.6746015,101.2392955,0.3960769999999256,0.8754714999999981,7.695259999999824,0.422857218561752,0.9123592533932922,7.52100861460793,-0.0178717199999989,-0.0562990400000009,-0.004118000000002,7.587936360799874,1.0,3888.56,0.0,7.67397637789707,0.0
100.7820362,101.3467302,0.3910769999999257,0.8054714999999981,7.810259999999825,0.415259927746621,0.8868069638291073,7.590156247725261,-0.0178717199999989,-0.0566990400000009,-0.004518000000002,7.65306077746484,1.0,3888.07,0.0,7.659216363790015,0.0
100.8980372,101.4627312,0.3910769999999257,0.9004714999999981,7.920259999999824,0.4094788241807181,0.8900735699080482,7.669069934247488,-0.0178717199999989,-0.0574990400000009,-0.004518000000002,7.7313994544118625,1.0,3889.05,0.0,7.68879731069358,0.0
101.0030582,101.5677522,0.4410769999999258,0.9004714999999981,7.810259999999825,0.4170325963632203,0.8925592702071278,7.702822439367652,-0.0182717199999989,-0.0562990400000009,-0.004518000000002,7.7655683481434865,1.0,3888.56,0.0,7.67397637789707,0.0
101.1188368,101.6835308,0.4860769999999257,0.8304714999999981,7.815259999999825,0.4335381598024668,0.8777167402412329,7.7297014504419375,-0.0186717199999989,-0.0558990400000009,-0.004518000000002,7.791445727531495,1.0,3887.1,0.0,7.630175693316816,0.0
101.2245941,101.7892881,0.4810769999999258,0.9754714999999982,7.970259999999825,0.4449026629537435,0.9010857217038932,7.78720870941506,-0.0186717199999989,-0.0574990400000009,-0.005718000000002,7.851784086521465,1.0,3890.03,0.0,7.718623514961298,0.0
101.3395812,101.9042752,0.4860769999999257,0.855471499999998,8.070259999999823,0.4547456856520145,0.8901813125061976,7.854874165081675,-0.0190717199999989,-0.0574990400000009,-0.005718000000002,7.918223573316298,1.0,3890.03,0.0,7.718623514961298,0.0
101.446873,102.011567,0.4260769999999256,0.8004714999999981,8.375259999999823,0.4478922292554586,0.8687355337978302,7.979276157983538,-0.0186717199999989,-0.0610990400000009,-0.004918000000002,8.038915155795275,1.0,3891.5,0.0,7.763829695177147,0.0
101.5504878,102.1151818,0.4410769999999258,1.1054714999999982,9.010259999999825,0.4462629994713605,0.9253289766069142,8.225740292843431,-0.0218717199999989,-0.0674990400000009,-0.007318000000002,8.289643402761877,1.0,3900.29,0.0,8.046444232061708,0.0
101.6662329,102.2309269,0.4960769999999257,1.020471499999998,9.285259999999823,0.4581713961346607,0.9480734840965798,8.479026132397049,-0.0210717199999989,-0.0686990400000009,-0.005318000000002,8.544158736432458,1.0,3909.58,0.0,8.370215888216995,0.0
101.7720061,102.3367001,0.4110769999999257,0.8254714999999981,9.565259999999824,0.446913140547069,0.9187645941692892,8.738698184978068,-0.0194717199999989,-0.0718990400000009,-0.006518000000002,8.798221735261716,1.0,3915.44,0.49,8.589292730154806,0.0026926604633974944
101.886986,102.45168,0.2910769999999256,0.935471499999998,10.275259999999824,0.4096593854496639,0.9227585006923038,9.106024386383368,-0.0218717199999989,-0.0786990400000009,-0.005718000000002,9.161822099784272,1.0,3919.35,0.0,8.742480412093396,0.0
101.9904809,102.5551749,0.2760769999999257,0.930471499999998,10.300259999999824,0.3777255512607567,0.9246023488925124,9.391515036511525,-0.0218717199999989,-0.0770990400000009,-0.004918000000002,9.444475675053372,1.0,3933.53,0.0,9.351365895365342,0.0
102.1029842,102.6676782,0.2410769999999256,0.955471499999998,10.335259999999824,0.3450587279859196,0.9319818424514866,9.617124087279608,-0.0206717199999989,-0.0790990400000009,-0.006118000000002,9.668336536889486,1.0,3931.57,0.0,9.261782507426968,0.0
102.2110909,102.7757849,0.2910769999999256,0.7154714999999982,10.100259999999825,0.3321540059678805,0.8802234811020344,9.73262121720112,-0.0202717199999989,-0.0762990400000009,-0.003718000000002,9.77798728869481,1.0,3930.11,0.0,9.196248681722839,0.0
102.3269954,102.8916894,0.0610769999999256,0.925471499999998,9.685259999999824,0.2673510895364832,0.8910403468736655,9.721299176110154,-0.0230717199999989,-0.0730990400000009,-0.004518000000002,9.76570976305732,1.0,3929.13,0.0,9.152819581365435,0.0
102.4405413,103.0052353,0.3360769999999258,0.905471499999998,9.845259999999826,0.2837805148819905,0.8944902182735472,9.750932906505712,-0.0222717199999989,-0.0694990400000009,-0.008118000000002,9.795985743067906,1.0,3920.33,0.49,8.781803672168227,0.0026926604633974944
102.5460607,103.1107547,0.1360769999999256,0.7204714999999982,9.430259999999826,0.2484709226967441,0.8528897866267819,9.674273731789246,-0.0190717199999989,-0.0698990400000009,-0.004518000000002,9.71497457665976,1.0,3918.38,0.0,8.703930356521571,0.0
102.6595203,103.2242143,-0.0489230000000742,0.5904714999999982,8.815259999999824,0.177376757218151,0.7901567996011092,9.46892029402421,-0.0158717199999989,-0.0678990400000009,-0.002918000000002,9.50348682413674,1.0,3915.44,0.0,8.589292730154806,0.0
102.7684581,103.3331521,0.1860769999999256,0.8204714999999981,9.150259999999824,0.179456613102301,0.7974037477130574,9.392742248859774,-0.0194717199999989,-0.0686990400000009,-0.003718000000002,9.428237606592672,1.0,3912.02,0.0,8.459959372272031,0.0
102.8744994,103.4391934,0.1810769999999257,0.940471499999998,9.505259999999826,0.1798439782952223,0.8316051273629952,9.419640430054232,-0.0206717199999989,-0.0718990400000009,-0.004918000000002,9.45798798772222,1.0,3915.93,0.0,8.608172719333783,0.0
102.9879144,103.5526084,0.3610769999999257,1.0704714999999982,10.190259999999824,0.2231690412905243,0.8887078592195532,9.603862604905489,-0.0214717199999989,-0.0770990400000009,-0.005718000000002,9.647475473611278,1.0,3925.71,0.0,9.004670940194076,0.0
103.0946858,103.6593798,0.4010769999999257,1.170471499999998,10.850259999999825,0.2656992239578388,0.9560654928989656,9.901822905692336,-0.0254717199999989,-0.0794990400000009,-0.007718000000002,9.951419705751404,1.0,3934.02,0.0,9.37405573835131,0.0
103.2088941,103.7735881,0.4260769999999256,1.3854714999999982,11.670259999999825,0.3040386898273168,1.05871810075829,10.324580567587637,-0.0274717199999989,-0.0874990400000009,-0.008118000000002,10.383173283654346,1.0,3944.28,0.0,9.878202851039768,0.0
103.3129037,103.8775977,0.3460769999999258,1.225471499999998,12.455259999999823,0.3140882515424656,1.0985817054086573,10.83393487710449,-0.0258717199999989,-0.0942990400000009,-0.005718000000002,10.894020291635073,1.0,3961.39,0.0,10.865092252659633,0.0
103.4288838,103.9935778,0.4460769999999256,1.2804714999999982,12.220259999999826,0.3456411152965555,1.1420637747067817,11.165345912005591,-0.0270717199999989,-0.0918990400000009,-0.006518000000002,11.22892366973883,1.0,3970.67,0.0,11.496708528770249,0.0
103.5329067,104.0976007,0.3560769999999256,1.180471499999998,11.635259999999825,0.3481358889196644,1.15124541888058,11.277682269217042,-0.0246717199999989,-0.0890990400000009,-0.006118000000002,11.341634889955674,1.0,3967.74,0.0,11.288764669112224,0.0
103.6478918,104.2125858,0.4210769999999257,1.305471499999998,11.585259999999824,0.3655729884215905,1.1881142776413447,11.35121094758245,-0.0266717199999989,-0.0874990400000009,-0.008918000000002,11.419073917052748,1.0,3960.9,0.49,10.83383421042957,0.0026926604633974944
103.7528999,104.3175939,0.4460769999999256,1.3004714999999982,11.740259999999823,0.38481805391903,1.214974083271013,11.444215933901717,-0.0274717199999989,-0.0878990400000009,-0.007318000000002,11.514960933473125,1.0,3962.85,0.0,10.959406875729094,0.0
103.8654891,104.4301831,0.5760769999999258,1.420471499999998,11.760259999999825,0.4305398865598352,1.2640997251734127,11.519768550881762,-0.0302717199999989,-0.0858990400000009,-0.010518000000002,11.59691252769404,1.0,3961.88,0.0,10.896547760723527,0.0
103.9759987,104.5406927,0.4010769999999257,1.045471499999998,10.405259999999824,0.4234965706992666,1.2118350686605237,11.253337231017555,-0.0238717199999989,-0.0766990400000009,-0.003318000000002,11.326318572865384,1.0,3957.97,0.0,10.650939034913465,0.0
104.0812796,104.6459736,0.1460769999999256,0.7204714999999982,8.240259999999825,0.3571774183526131,1.0943710581530983,10.533039353645876,-0.0158717199999989,-0.0618990400000009,-0.002518000000002,10.595760555361606,1.0,3921.8,0.0,8.841509372838155,0.0
104.1979406,104.7626346,0.1560769999999256,0.7454714999999981,7.860259999999825,0.3091029106742717,1.0109640984620225,9.89409214203928,-0.0162717199999989,-0.0598990400000009,-0.003318000000002,9.95040965653826,1.0,3887.1,0.0,7.630175693316816,0.0
104.3028531,104.8675471,0.2110769999999258,0.8754714999999981,8.050259999999824,0.2856691086265532,0.9785736140538932,9.45331074935918,-0.0186717199999989,-0.0602990400000009,-0.005718000000002,9.508117441517845,1.0,3889.54,0.49,7.703679556959399,0.0026926604633974944
104.4138207,104.9785147,0.2310769999999256,0.985471499999998,8.395259999999826,0.2726184707072185,0.980222603516952,9.200376074778124,-0.0198717199999989,-0.0622990400000009,-0.005718000000002,9.25646137032754,1.0,3896.87,0.0,7.933901989520353,0.0
104.5244421,105.0891361,0.2460769999999257,0.8754714999999981,9.040259999999826,0.2662735404093886,0.9551810955400332,9.162099170486185,-0.0186717199999989,-0.0686990400000009,-0.004118000000002,9.215602733051313,1.0,3905.67,0.0,8.230592533966844,0.0
104.6354716,105.2001656,0.2860769999999257,0.8604714999999981,10.010259999999825,0.2710077004769889,0.9325400825809412,9.364858143565051,-0.0190717199999989,-0.0758990400000009,-0.002918000000002,9.415075370300258,1.0,3920.82,0.49,8.801608732474644,0.0026926604633974944
104.7478446,105.3125386,0.5360769999999258,0.930471499999998,10.525259999999824,0.3343744312853721,0.9320455729723316,9.642260589637036,-0.0222717199999989,-0.0782990400000009,-0.006118000000002,9.692971912105302,1.0,3931.57,0.49,9.261782507426968,0.0026926604633974944
104.852289,105.416983,0.4210769999999257,1.1054714999999982,10.605259999999824,0.3551013066421882,0.9735042935896752,9.872472555017094,-0.0242717199999989,-0.0778990400000009,-0.006118000000002,9.926707505370665,1.0,3939.88,0.0,9.654958577713064,0.0
104.9653943,105.5300883,0.5210769999999256,1.210471499999998,10.585259999999824,0.3947789950831479,1.0301530160409078,10.042869542639222,-0.0258717199999989,-0.0758990400000009,-0.008918000000002,10.103281365075782,1.0,3945.75,0.0,9.955309023858497,0.0
105.0778455,105.6425395,0.6060769999999258,1.4254714999999982,10.425259999999824,0.4452913094930303,1.1246567552581543,10.134282743711069,-0.0274717199999989,-0.0738990400000009,-0.008918000000002,10.206214964272394,1.0,3943.79,0.0,9.852788048282772,0.0
105.1827732,105.7474672,0.6810769999999258,1.465471499999998,10.285259999999823,0.5016575820327378,1.206130981901725,10.170374947427815,-0.0290717199999989,-0.0726990400000009,-0.009318000000002,10.253923095400197,1.0,3943.3,0.0,9.827514787106223,0.0
105.2929704,105.8576644,0.6310769999999257,1.340471499999998,10.265259999999824,0.5325962287732849,1.2382460531767197,10.193057904657834,-0.0274717199999989,-0.0726990400000009,-0.009718000000002,10.28179660753989,1.0,3941.84,0.0,9.753037925642145,0.0
105.4037282,105.9684222,0.6010769999999257,1.350471499999998,10.245259999999824,0.5489670518134444,1.2650743569127614,10.20553719263695,-0.0270717199999989,-0.0742990400000009,-0.009718000000002,10.298289534810674,1.0,3944.28,0.0,9.878202851039768,0.0
105.5153661,106.0800601,0.6910769999999258,1.495471499999998,10.115259999999823,0.5829394614743634,1.3201524582670303,10.183955777609752,-0.0294717199999989,-0.0714990400000009,-0.010518000000002,10.285697653009423,1.0,3938.91,0.0,9.607205850309807,0.0
105.6263251,106.1910191,0.6310769999999257,1.290471499999998,10.000259999999823,0.5944470877857368,1.313057010789609,10.140041975025316,-0.0270717199999989,-0.0718990400000009,-0.008918000000002,10.241969405785,1.0,3937.93,0.0,9.559477835129043,0.0
105.7378116,106.3025056,0.6710769999999258,1.235471499999998,9.740259999999823,0.6127660218451916,1.2945096339878273,10.044471206026124,-0.0254717199999989,-0.0706990400000009,-0.008118000000002,10.146065207690278,1.0,3938.91,0.0,9.607205850309807,0.0
105.8447851,106.4094791,0.7660769999999257,1.5104714999999982,9.720259999999826,0.6494161186319012,1.3461368780824805,9.966966175250004,-0.0294717199999989,-0.0686990400000009,-0.010518000000002,10.078404661862423,1.0,3935.0,0.0,9.419795023658432,0.0
105.9598007,106.5244947,0.6410769999999257,1.295471499999998,9.545259999999825,0.647422592084381,1.3340249534648962,9.866154267815212,-0.0274717199999989,-0.0690990400000009,-0.009318000000002,9.976962394713963,1.0,3931.08,0.0,9.239675903175902,0.0
106.0647708,106.6294648,0.5960769999999258,1.290471499999998,9.415259999999826,0.6351480573960242,1.3236131858009204,9.758364736009293,-0.0262717199999989,-0.0682990400000009,-0.009318000000002,9.86818358369106,1.0,3931.09,0.0,9.240125917389532,0.0
106.1798879,106.7445819,0.5560769999999258,1.3454714999999982,9.570259999999823,0.6162455499469516,1.328838573706162,9.713396940070847,-0.0246717199999989,-0.0702990400000009,-0.008918000000002,9.823219973520724,1.0,3931.57,0.0,9.261782507426968,0.0
106.286904,106.851598,0.5260769999999257,1.1154714999999982,10.235259999999826,0.5946901067396139,1.2778316334560291,9.838152074282448,-0.0238717199999989,-0.0770990400000009,-0.006518000000002,9.938598806835042,1.0,3934.51,0.0,9.39686511832866,0.0
106.398859,106.963553,0.5310769999999256,1.140471499999998,10.595259999999826,0.5794829340571737,1.2449947013172369,10.019144192978091,-0.0250717199999989,-0.0786990400000009,-0.009718000000002,10.11281675087896,1.0,3944.28,0.0,9.878202851039768,0.0
106.5102792,107.0749732,0.5260769999999257,1.0954714999999982,10.655259999999824,0.5667158597371125,1.2092500999449558,10.17121227169958,-0.0242717199999989,-0.0782990400000009,-0.005718000000002,10.258509236037494,1.0,3944.28,0.0,9.878202851039768,0.0
106.6147223,107.1794163,0.4110769999999257,1.100471499999998,10.465259999999825,0.5295092660424073,1.1832457898538564,10.241506505236066,-0.0230717199999989,-0.0782990400000009,-0.008118000000002,10.32322169474357,1.0,3946.24,0.0,9.981302583470367,0.0
106.7297138,107.2944078,0.2110769999999258,1.060471499999998,10.100259999999825,0.4533857326142316,1.1538957089906192,10.207740507849577,-0.0222717199999989,-0.0782990400000009,-0.006118000000002,10.282752559765225,1.0,3939.39,0.0,9.63077189719942,0.0
106.8353185,107.4000125,0.2260769999999257,1.1154714999999982,9.840259999999825,0.3990459380929914,1.1447101242698845,10.11989163791197,-0.0234717199999989,-0.0750990400000009,-0.006518000000002,10.19224242708125,1.0,3936.95,0.0,9.5122608044604,0.0
106.9422564,107.5069504,0.2960769999999257,0.980471499999998,9.425259999999824,0.3744304696343222,1.1054476947422864,9.953834927120546,-0.0210717199999989,-0.0710990400000009,-0.005318000000002,10.022027865595192,1.0,3930.6,0.0,9.21813083145133,0.0
107.0578696,107.6225636,0.3110769999999256,0.915471499999998,9.525259999999824,0.3592853650774193,1.0600325130750716,9.851380994933914,-0.0218717199999989,-0.0726990400000009,-0.006118000000002,9.91475982612187,1.0,3930.6,0.0,9.21813083145133,0.0
107.1625513,107.7272453,0.3560769999999256,1.020471499999998,10.160259999999823,0.3585183822296642,1.0505751671261183,9.9252207523166,-0.0214717199999989,-0.0778990400000009,-0.005318000000002,9.987104214655757,1.0,3933.04,0.0,9.328794611996171,0.0
107.2798288,107.8445228,0.1210769999999257,0.985471499999998,10.485259999999826,0.3017563046235387,1.0350116652160737,10.059102179980773,-0.0226717199999989,-0.0846990400000009,-0.006118000000002,10.11671106050812,1.0,3938.91,0.0,9.607205850309807,0.0
107.3837,107.948394,0.2110769999999258,1.065471499999998,10.990259999999823,0.2800787618212699,1.0422933087511588,10.281702183177908,-0.0222717199999989,-0.0890990400000009,-0.004918000000002,10.33819226160242,1.0,3944.77,0.0,9.903760439405326,0.0
107.4996821,108.0643761,0.1910769999999257,0.960471499999998,11.185259999999824,0.2588022477437996,1.0227332143203016,10.49770420623909,-0.0206717199999989,-0.0910990400000009,-0.004518000000002,10.5505808102114,1.0,3946.24,0.0,9.981302583470367,0.0
107.6052841,108.1699781,0.3710769999999257,1.040471499999998,11.525259999999824,0.2856423382997269,1.026973679646503,10.743348841400609,-0.0222717199999989,-0.0914990400000009,-0.004918000000002,10.796101648842502,1.0,3951.61,0.0,10.276159130132736,0.0
107.7212142,108.2859082,0.4710769999999258,0.950471499999998,11.585259999999824,0.3299718336869637,1.0086852809800435,10.944613785502192,-0.0198717199999989,-0.0914990400000009,-0.004518000000002,10.995949177806216,1.0,3951.12,0.0,10.248469774664233,0.0
107.8246486,108.3893426,0.4560769999999257,1.040471499999998,11.495259999999824,0.3601181846287045,1.016284006248035,11.076249740731733,-0.0206717199999989,-0.0906990400000009,-0.004918000000002,11.128603982859469,1.0,3952.1,0.0,10.30401179463695,0.0
107.9334752,108.4981692,0.4760769999999257,1.170471499999998,11.455259999999823,0.387838977084533,1.0531436404198695,11.166854881032329,-0.0234717199999989,-0.0898990400000009,-0.007718000000002,11.223109129538852,1.0,3952.59,0.98,10.332029279732192,0.004371481584591482
108.0472765,108.6119705,0.5810769999999257,1.1554714999999982,11.525259999999824,0.4340339223387053,1.0776058544291196,11.252534213700557,-0.0254717199999989,-0.0882990400000009,-0.008118000000002,11.312344852140171,1.0,3952.59,0.0,10.332029279732192,0.0
108.1622499,108.7269439,0.4260769999999256,1.190471499999998,11.505259999999826,0.4321317625759107,1.1045872023003218,11.312950138508088,-0.0254717199999989,-0.0890990400000009,-0.007318000000002,11.374958970654918,1.0,3955.52,0.98,10.503088122500769,0.004371481584591482
108.2696287,108.8343227,0.4560769999999257,1.180471499999998,11.385259999999825,0.4378560445531945,1.1227278918240533,11.330236333235977,-0.0266717199999989,-0.0874990400000009,-0.006518000000002,11.394142846296605,1.0,3956.01,0.0,10.53229970995327,0.0
108.374627,108.939321,0.3810769999999257,1.1354714999999982,10.910259999999823,0.4242826038030225,1.1257743434133771,11.229837957030345,-0.0258717199999989,-0.0834990400000009,-0.005318000000002,11.294097756852343,1.0,3953.08,0.0,10.360213116056372,0.0
108.4896505,109.0543445,0.2960769999999257,1.080471499999998,9.920259999999825,0.3936341281065223,1.114944371445305,10.916773886520868,-0.0250717199999989,-0.0758990400000009,-0.006518000000002,10.98061932987624,1.0,3946.24,0.0,9.981302583470367,0.0
108.5946279,109.1593219,0.1360769999999256,1.090471499999998,9.900259999999824,0.332063236140217,1.1090939547438086,10.673768899047436,-0.0246717199999989,-0.0778990400000009,-0.006518000000002,10.736372660424818,1.0,3936.46,0.0,9.488841241944613,0.0
108.711308,109.276002,0.2160769999999257,1.2804714999999982,9.875259999999823,0.3043358885514653,1.1500629949019685,10.482879578612684,-0.0274717199999989,-0.0774990400000009,-0.006918000000002,10.550167272844453,1.0,3936.46,0.0,9.488841241944613,0.0
108.8161873,109.3808813,0.3060769999999257,1.2804714999999982,9.885259999999825,0.304752113820331,1.1812380900659236,10.340014301374106,-0.0266717199999989,-0.0762990400000009,-0.006918000000002,10.41172862827886,1.0,3937.44,0.0,9.535805983048766,0.0
108.9231033,109.4877973,0.3510769999999257,1.1354714999999982,9.790259999999826,0.3158264124945061,1.170297256110635,10.208591564419535,-0.0258717199999989,-0.0746990400000009,-0.006918000000002,10.280305623843436,1.0,3935.97,0.0,9.465546250046144,0.0
109.0388505,109.6035445,0.4060769999999256,1.215471499999998,10.185259999999824,0.3374014673727851,1.1810964854335384,10.203013985406866,-0.0254717199999989,-0.0770990400000009,-0.006118000000002,10.276688330610051,1.0,3937.44,0.0,9.535805983048766,0.0
109.1445852,109.7092792,0.4410769999999258,1.090471499999998,10.375259999999823,0.3621858523589887,1.1594319280260372,10.244190639433464,-0.0242717199999989,-0.0774990400000009,-0.005718000000002,10.315953801972524,1.0,3943.3,0.0,9.827514787106223,0.0
109.2595763,109.8242703,0.4360769999999256,1.1154714999999982,10.445259999999823,0.3798500649634385,1.148922870153395,10.292257722523631,-0.0246717199999989,-0.0786990400000009,-0.006918000000002,10.363150045245009,1.0,3942.82,0.0,9.802893360995121,0.0
109.3663386,109.9310326,0.4860769999999257,1.140471499999998,10.385259999999825,0.4052443811259341,1.1469025090688176,10.314490588766562,-0.0246717199999989,-0.0778990400000009,-0.006118000000002,10.385967671791418,1.0,3945.26,0.0,9.929462072319025,0.0
109.4730545,110.0377485,0.4960769999999257,1.2404714999999982,10.315259999999824,0.4269585748072383,1.169270852256879,10.3146745220798,-0.0254717199999989,-0.0766990400000009,-0.008118000000002,10.389513869617824,1.0,3942.82,0.0,9.802893360995121,0.0
109.5864103,110.1511043,0.5110769999999256,1.180471499999998,10.315259999999824,0.4470676919883055,1.1719484480089906,10.314814484805847,-0.0250717199999989,-0.0770990400000009,-0.006118000000002,10.39080028399983,1.0,3945.75,0.0,9.955309023858497,0.0
109.7021394,110.2668334,0.5210769999999256,1.2804714999999982,10.265259999999824,0.4647601516829117,1.1978916675157192,10.30296812725066,-0.0266717199999989,-0.0766990400000009,-0.008118000000002,10.382778947701762,1.0,3942.82,0.0,9.802893360995121,0.0
109.8072635,110.3719575,0.5710769999999257,1.235471499999998,10.305259999999826,0.4901759622646157,1.2068753979331657,10.303516015986943,-0.0270717199999989,-0.0754990400000009,-0.006518000000002,10.385531425585205,1.0,3944.28,0.0,9.878202851039768,0.0
109.9231781,110.4878721,0.5260769999999257,1.2604714999999982,10.185259999999824,0.4987583646703614,1.2196879332896176,10.275246061129804,-0.0262717199999989,-0.0750990400000009,-0.007318000000002,10.359395743850335,1.0,3942.82,0.0,9.802893360995121,0.0
110.0261066,110.5908006,0.5710769999999257,1.160471499999998,10.130259999999826,0.5160466568475608,1.2055318171552736,10.24058609589382,-0.0266717199999989,-0.0750990400000009,-0.005718000000002,10.324205281842817,1.0,3938.91,0.49,9.607205850309807,0.0026926604633974944
110.1421435,110.7068375,0.4860769999999257,1.185471499999998,10.130259999999826,0.5088821938890001,1.2007362534313837,10.214211845717596,-0.0266717199999989,-0.0750990400000009,-0.006518000000002,10.297128350504298,1.0,3938.91,0.0,9.607205850309807,0.0
110.2471047,110.8117987,0.5060769999999257,1.270471499999998,10.085259999999824,0.5082115920261883,1.2174069678638832,10.183384975500832,-0.0262717199999989,-0.0746990400000009,-0.008118000000002,10.268480330941353,1.0,3940.86,0.0,9.703729441195543,0.0
110.3571244,110.9218184,0.6010769999999257,1.325471499999998,10.000259999999823,0.5304117386258638,1.243240574887131,10.139607627283786,-0.0270717199999989,-0.0738990400000009,-0.008518000000002,10.229302350345762,1.0,3942.33,0.49,9.77789668275888,0.0026926604633974944
110.4721351,111.0368291,0.5560769999999258,1.1754714999999982,9.940259999999824,0.5365472047531896,1.227039887997948,10.091952136971903,-0.0270717199999989,-0.0734990400000009,-0.008518000000002,10.180422767478678,1.0,3939.39,0.0,9.63077189719942,0.0
110.5771275,111.1418215,0.5860769999999258,1.315471499999998,9.970259999999826,0.5483876600908802,1.2481801036425757,10.062860752572108,-0.0282717199999989,-0.0730990400000009,-0.008518000000002,10.15479439095274,1.0,3938.42,0.49,9.583277430258725,0.0026926604633974944
110.6905217,111.2552157,0.6960769999999257,1.330471499999998,10.060259999999824,0.5836938636464318,1.2678524563828275,10.062239023882878,-0.0282717199999989,-0.0730990400000009,-0.008518000000002,10.15858270386996,1.0,3941.35,0.0,9.72831590279156,0.0
110.7945066,111.3592006,0.5310769999999256,1.285471499999998,10.065259999999824,0.5711154223079958,1.2720644160326242,10.062961210045987,-0.0270717199999989,-0.0746990400000009,-0.007718000000002,10.159109656806775,1.0,3942.82,0.0,9.802893360995121,0.0
110.9070766,111.4717706,0.5410769999999256,1.0954714999999982,10.130259999999826,0.5639345204693832,1.2298486038165493,10.079049471924712,-0.0254717199999989,-0.0754990400000009,-0.006118000000002,10.16945367211004,1.0,3938.91,0.0,9.607205850309807,0.0
111.0170774,111.5817714,0.6110769999999257,1.210471499999998,10.090259999999825,0.5752042707400784,1.2252163671765484,10.081729429641555,-0.0262717199999989,-0.0746990400000009,-0.006118000000002,10.172181840292456,1.0,3942.82,0.0,9.802893360995121,0.0
111.1320874,111.6967814,0.5510769999999257,1.150471499999998,10.120259999999824,0.569436472383634,1.2073480667501726,10.09094044081554,-0.0266717199999989,-0.0746990400000009,-0.007318000000002,10.178851911215364,1.0,3940.86,0.0,9.703729441195543,0.0
111.2339125,111.7986065,0.5910769999999257,1.270471499999998,10.070259999999823,0.5746097968330551,1.2224381794476504,10.085996632051089,-0.0258717199999989,-0.0742990400000009,-0.006118000000002,10.176043414949335,1.0,3940.86,0.0,9.703729441195543,0.0
111.3480764,111.9127704,0.5760769999999258,1.285471499999998,10.010259999999825,0.5749605423486,1.237506750053857,10.067891243067288,-0.0266717199999989,-0.0738990400000009,-0.008518000000002,10.159942749047245,1.0,3939.88,0.0,9.654958577713064,0.0
111.4630783,112.0277723,0.5810769999999257,1.335471499999998,10.000259999999823,0.5764227257330582,1.2609259311876968,10.05172350587024,-0.0270717199999989,-0.0734990400000009,-0.008918000000002,10.146888330968633,1.0,3939.39,0.0,9.63077189719942,0.0
111.5680139,112.1327079,0.6210769999999257,1.265471499999998,9.960259999999824,0.5870976525616457,1.2620125822476969,10.02985849409516,-0.0266717199999989,-0.0726990400000009,-0.007318000000002,10.125977524316736,1.0,3938.91,0.0,9.607205850309807,0.0
111.6804983,112.2451923,0.6860769999999257,1.200471499999998,10.030259999999824,0.6107593805550385,1.247300741987565,10.029954476981992,-0.0270717199999989,-0.0738990400000009,-0.007718000000002,10.12564926176242,1.0,3939.88,0.49,9.654958577713064,0.0026926604633974944
111.7839216,112.3486156,0.7160769999999257,1.290471499999998,10.050259999999824,0.6359363182568203,1.257621023539186,10.034808658938598,-0.0278717199999989,-0.0726990400000009,-0.009318000000002,10.133282314296531,1.0,3940.37,0.0,9.679277381480945,0.0
111.8964246,112.4611186,0.6060769999999258,1.2304714999999982,10.000259999999823,0.6287982325354191,1.2511307338195548,10.026549552453222,-0.0274717199999989,-0.0726990400000009,-0.008918000000002,10.123853577474708,1.0,3940.37,0.98,9.679277381480945,0.004371481584591482
112.0082335,112.5729275,0.6310769999999257,1.2404714999999982,10.020259999999826,0.6293429883587384,1.2485825669768345,10.025045989505958,-0.0278717199999989,-0.0730990400000009,-0.008518000000002,10.122083684462616,1.0,3942.82,0.0,9.802893360995121,0.0
112.120442,112.685136,0.6910769999999258,1.3004714999999982,10.060259999999824,0.6441009497840305,1.2609869912414728,10.03346415308682,-0.0278717199999989,-0.0734990400000009,-0.008118000000002,10.132884936525784,1.0,3942.82,0.49,9.802893360995121,0.0026926604633974944
112.2248899,112.7895839,0.6710769999999258,1.335471499999998,10.040259999999826,0.650549769452625,1.2787930511072918,10.035088749381927,-0.0274717199999989,-0.0730990400000009,-0.008918000000002,10.137136325317268,1.0,3937.93,0.0,9.559477835129043,0.0
112.3380635,112.9027575,0.6060769999999258,1.3004714999999982,10.000259999999823,0.6399182326609845,1.2839754409117683,10.026762685252807,-0.0270717199999989,-0.0730990400000009,-0.008918000000002,10.128872505058728,1.0,3937.44,0.0,9.535805983048766,0.0
112.4513998,113.0160938,0.6910769999999258,1.275471499999998,10.060259999999824,0.6521481055443769,1.2819425124076511,10.034770460314643,-0.0274717199999989,-0.0730990400000009,-0.008518000000002,10.137321734456616,1.0,3938.42,0.0,9.583277430258725,0.0
112.5629875,113.1276815,0.7410769999999256,1.305471499999998,10.090259999999825,0.6734072001516882,1.287567286855848,10.048035635611216,-0.0278717199999989,-0.0726990400000009,-0.009718000000002,10.152552728743167,1.0,3941.84,0.0,9.753037925642145,0.0
112.6663578,113.2310518,0.6760769999999257,1.265471499999998,10.080259999999823,0.6740454350910041,1.282285129396595,10.055739102694575,-0.0278717199999989,-0.0722990400000009,-0.008918000000002,10.159551235320356,1.0,3942.33,0.0,9.77789668275888,0.0
112.7789509,113.3436449,0.6110769999999257,1.3554714999999982,10.155259999999824,0.6589923758230211,1.2997808599591871,10.079530292095614,-0.0282717199999989,-0.0730990400000009,-0.008518000000002,10.184332680376372,1.0,3940.86,0.0,9.703729441195543,0.0
112.8913431,113.4560371,0.7210769999999258,1.340471499999998,10.145259999999826,0.673834153707665,1.3095082513942853,10.095243453575936,-0.0282717199999989,-0.0726990400000009,-0.008918000000002,10.202098054524884,1.0,3943.79,0.0,9.852788048282772,0.0
113.002386,113.56708,0.7910769999999256,1.475471499999998,10.165259999999826,0.7018619030305074,1.3491829648273774,10.111981414770838,-0.0290717199999989,-0.0730990400000009,-0.009318000000002,10.22570647614026,1.0,3941.35,0.0,9.72831590279156,0.0
113.1074077,113.6721017,0.6460769999999256,1.350471499999998,10.155259999999824,0.6885261189926251,1.3494909984682688,10.122327473197478,-0.0278717199999989,-0.0742990400000009,-0.008918000000002,10.23507242994061,1.0,3942.33,0.49,9.77789668275888,0.0026926604633974944
113.2213429,113.7860369,0.6160769999999256,1.310471499999998,10.165259999999826,0.6712066337531899,1.3401631054977623,10.132590803857438,-0.0278717199999989,-0.0758990400000009,-0.008118000000002,10.242848817245523,1.0,3941.84,0.0,9.753037925642145,0.0
113.3329482,113.8976422,0.6210769999999257,1.335471499999998,10.135259999999825,0.6592227826875139,1.3390415433131904,10.13322889447651,-0.0274717199999989,-0.0750990400000009,-0.007318000000002,10.242555089419168,1.0,3937.93,0.0,9.559477835129043,0.0
113.4373946,114.0020886,0.5760769999999258,1.2404714999999982,10.185259999999824,0.6393461827232814,1.3154776624275533,10.145667306104308,-0.0274717199999989,-0.0746990400000009,-0.008118000000002,10.250551697731323,1.0,3940.37,0.0,9.679277381480945,0.0
113.55302,114.117714,0.6260769999999256,1.170471499999998,10.215259999999825,0.636174088741853,1.2808128918311814,10.162303942290558,-0.0262717199999989,-0.0766990400000009,-0.006518000000002,10.262437359154095,1.0,3941.35,0.0,9.72831590279156,0.0
113.6563266,114.2210206,0.4660769999999257,1.2304714999999982,10.235259999999826,0.5955111509629469,1.268778418467321,10.179744614892115,-0.0250717199999989,-0.0770990400000009,-0.006518000000002,10.275778930597657,1.0,3940.37,0.0,9.679277381480945,0.0
113.7695321,114.3342261,0.5160769999999257,1.1554714999999982,10.275259999999824,0.5765218433738548,1.24169158112264,10.20257825766807,-0.0258717199999989,-0.0770990400000009,-0.007718000000002,10.294016636977,1.0,3941.84,0.0,9.753037925642145,0.0
113.8829151,114.4476091,0.6510769999999257,1.255471499999998,10.215259999999825,0.5943447921227434,1.2449857702710418,10.205609919780446,-0.0266717199999989,-0.0766990400000009,-0.008518000000002,10.298432362977476,1.0,3944.28,0.0,9.878202851039768,0.0
113.9913848,114.5560788,0.7210769999999258,1.320471499999998,10.315259999999824,0.6246410418799152,1.2630311792422728,10.23182256352638,-0.0278717199999989,-0.0766990400000009,-0.008118000000002,10.32838889480961,1.0,3942.82,0.0,9.802893360995121,0.0
114.0974527,114.6621467,0.6160769999999256,1.2604714999999982,10.355259999999824,0.6225937458051992,1.2624192694292806,10.26133117437934,-0.0278717199999989,-0.0762990400000009,-0.007718000000002,10.35742452805867,1.0,3944.28,0.0,9.878202851039768,0.0
114.2113791,114.7760731,0.5310769999999256,1.360471499999998,10.325259999999826,0.6007160066391054,1.2858593634383513,10.276613821940863,-0.0278717199999989,-0.0762990400000009,-0.007318000000002,10.37415469657555,1.0,3944.28,0.0,9.878202851039768,0.0
114.3189189,114.8836129,0.6610769999999258,1.310471499999998,10.315259999999824,0.6151457381263263,1.2917430724719057,10.285852469970804,-0.0278717199999989,-0.0766990400000009,-0.007318000000002,10.384881582301198,1.0,3942.82,0.0,9.802893360995121,0.0
114.4323387,114.9970327,0.5710769999999257,1.310471499999998,10.285259999999823,0.6046107879418026,1.2962202383593655,10.285710835744467,-0.0278717199999989,-0.0766990400000009,-0.008118000000002,10.3846804721079,1.0,3941.84,0.0,9.753037925642145,0.0
114.5405106,115.1052046,0.5710769999999257,1.2604714999999982,10.365259999999823,0.5965942936992679,1.2876742442195903,10.304727638091904,-0.0274717199999989,-0.0770990400000009,-0.007718000000002,10.401992184469098,1.0,3946.73,0.49,10.00744405620524,0.0026926604633974944
114.6469084,115.2116024,0.5610769999999257,1.305471499999998,10.365259999999823,0.5881036280773377,1.2919288067743435,10.319198336468208,-0.0270717199999989,-0.0774990400000009,-0.006918000000002,10.41637174003018,1.0,3945.75,0.0,9.955309023858497,0.0
114.7628914,115.3275854,0.7210769999999258,1.320471499999998,10.365259999999823,0.6198918731833031,1.2987521437712402,10.330209709866969,-0.0270717199999989,-0.0766990400000009,-0.008118000000002,10.429969113819029,1.0,3942.82,0.0,9.802893360995121,0.0
114.8698786,115.4345726,0.7210769999999258,1.3454714999999982,10.355259999999824,0.6440809086707803,1.3099207433601656,10.33619816267677,-0.0270717199999989,-0.0762990400000009,-0.007318000000002,10.438760703690932,1.0,3946.73,0.0,10.00744405620524,0.0
114.9772642,115.5419582,0.6610769999999258,1.310471499999998,10.365259999999823,0.6481439470761594,1.3100524057133691,10.343145604820243,-0.0274717199999989,-0.0758990400000009,-0.008118000000002,10.445907757794876,1.0,3945.26,0.0,9.929462072319025,0.0
115.0922956,115.6569896,0.6960769999999257,1.285471499999998,10.395259999999826,0.6596026896272992,1.3041761626396946,10.355603927442024,-0.0270717199999989,-0.0766990400000009,-0.008918000000002,10.458225656076362,1.0,3944.28,0.0,9.878202851039768,0.0
115.1998679,115.7645619,0.5860769999999258,1.245471499999998,10.375259999999823,0.6420258424009181,1.2901423889760466,10.36030285357478,-0.0266717199999989,-0.0770990400000009,-0.007318000000002,10.460044922653688,1.0,3943.3,0.49,9.827514787106223,0.0026926604633974944
115.3122758,115.8769698,0.7260769999999257,1.2504714999999982,10.375259999999823,0.6621188787778012,1.2806587763992645,10.36387846747229,-0.0274717199999989,-0.0762990400000009,-0.008918000000002,10.463673599636898,1.0,3942.33,0.0,9.77789668275888,0.0
115.418854,115.983548,0.7610769999999256,1.2204714999999982,10.325259999999826,0.6857755324908922,1.2662705732065669,10.354646443858222,-0.0266717199999989,-0.0762990400000009,-0.006918000000002,10.4543020916194,1.0,3944.77,0.0,9.903760439405326,0.0
115.5348353,116.0995293,0.6810769999999258,1.1754714999999982,10.275259999999824,0.6846523143585571,1.2445643988593806,10.335668540997109,-0.0270717199999989,-0.0750990400000009,-0.007718000000002,10.432820017800656,1.0,3943.79,0.0,9.852788048282772,0.0
115.6404346,116.2051286,0.6010769999999257,1.2504714999999982,10.225259999999825,0.6646730317455922,1.245976534057644,10.309274581723392,-0.0278717199999989,-0.0750990400000009,-0.007718000000002,10.405546125212275,1.0,3945.26,0.0,9.929462072319025,0.0
115.747231,116.311925,0.7410769999999256,1.400471499999998,10.235259999999826,0.6829379522693123,1.282909671677651,10.29158086130985,-0.0286717199999989,-0.0734990400000009,-0.010118000000002,10.393695112769716,1.0,3945.26,0.0,9.929462072319025,0.0
115.8603821,116.4250761,0.7410769999999256,1.4054714999999982,10.185259999999824,0.696836511603162,1.312208962077041,10.266164091393176,-0.0286717199999989,-0.0730990400000009,-0.009318000000002,10.37311904084154,1.0,3942.33,0.0,9.77789668275888,0.0
115.9672381,116.5319321,0.7210769999999258,1.315471499999998,10.120259999999824,0.7026313754582595,1.3129888953348277,10.231284664391245,-0.0278717199999989,-0.0726990400000009,-0.008518000000002,10.33909167058975,1.0,3940.37,0.49,9.679277381480945,0.0026926604633974944
116.0832599,116.6479539,0.7160769999999257,1.290471499999998,10.020259999999826,0.7058456491309019,1.307605949323139,10.180837694008453,-0.0270717199999989,-0.0722990400000009,-0.008118000000002,10.288707768755298,1.0,3938.91,0.0,9.607205850309807,0.0
116.1899218,116.7546158,0.6510769999999257,1.2304714999999982,10.020259999999826,0.6927528079287428,1.2891664020232096,10.142450436304944,-0.0274717199999989,-0.0726990400000009,-0.008118000000002,10.247495172865465,1.0,3938.91,0.0,9.607205850309807,0.0
116.3037598,116.8684538,0.6560769999999256,1.2804714999999982,9.940259999999824,0.6839851911116008,1.2870878228859737,10.094115351961207,-0.0274717199999989,-0.0714990400000009,-0.008518000000002,10.19880363298462,1.0,3937.93,0.0,9.559477835129043,0.0
116.4121033,116.9767973,0.6260769999999256,1.265471499999998,9.940259999999824,0.6701418197201265,1.28192028475218,10.057335118683676,-0.0270717199999989,-0.0722990400000009,-0.007318000000002,10.16082670674512,1.0,3941.35,0.0,9.72831590279156,0.0
116.5172088,117.0819028,0.6510769999999257,1.2504714999999982,9.930259999999826,0.6655842368491771,1.2744022255833931,10.026956893621117,-0.0270717199999989,-0.0722990400000009,-0.007318000000002,10.129509758890112,1.0,3938.91,0.0,9.607205850309807,0.0
116.631381,117.196075,0.6510769999999257,1.2504714999999982,9.890259999999824,0.6621161770857324,1.2686814127664374,9.994278513755804,-0.0270717199999989,-0.0714990400000009,-0.008918000000002,10.09621480405298,1.0,3938.42,0.0,9.583277430258725,0.0
116.7382178,117.3029118,0.8160769999999258,1.370471499999998,9.890259999999824,0.6989216239564162,1.2930150684115822,9.969412136653188,-0.0282717199999989,-0.0706990400000009,-0.008918000000002,10.077180049697494,1.0,3937.44,0.0,9.535805983048766,0.0
116.8521973,117.4168913,0.7360769999999257,1.370471499999998,9.890259999999824,0.7078038849955887,1.3115315878979,9.95049024662198,-0.0290717199999989,-0.0698990400000009,-0.011318000000002,10.061478896950884,1.0,3938.91,0.0,9.607205850309807,0.0
116.9588417,117.5235357,0.7960769999999258,1.285471499999998,10.020259999999826,0.7289062107879924,1.3053017356379772,9.96716921015649,-0.0286717199999989,-0.0706990400000009,-0.010118000000002,10.07866950291934,1.0,3938.42,0.0,9.583277430258725,0.0
117.0660971,117.6307911,0.7110769999999258,1.340471499999998,10.355259999999824,0.7246440091578275,1.313709321861404,10.059945116885316,-0.0278717199999989,-0.0746990400000009,-0.008518000000002,10.171206264602963,1.0,3941.35,0.0,9.72831590279156,0.0
117.1847655,117.7494595,0.7510769999999256,1.315471499999998,10.445259999999823,0.7309630065602661,1.3141305832747237,10.152057423058547,-0.0270717199999989,-0.0750990400000009,-0.008118000000002,10.26282203041326,1.0,3945.75,0.98,9.955309023858497,0.004371481584591482
117.2897662,117.8544602,0.7560769999999257,1.340471499999998,10.325259999999826,0.7369666881057282,1.320427569694428,10.193462750224343,-0.0278717199999989,-0.0742990400000009,-0.009718000000002,10.30501488142535,1.0,3942.82,0.0,9.802893360995121,0.0
117.3971775,117.9618715,0.7360769999999257,1.3004714999999982,10.285259999999823,0.7367540017372756,1.3156569270790963,10.215407545890766,-0.0274717199999989,-0.0738990400000009,-0.008918000000002,10.326098534174903,1.0,3946.24,0.0,9.981302583470367,0.0
117.51318,118.077874,0.7710769999999256,1.2504714999999982,10.325259999999826,0.7449591624079391,1.30007387986169,10.241668568576898,-0.0270717199999989,-0.0742990400000009,-0.008518000000002,10.35069714151323,1.0,3944.77,0.98,9.903760439405326,0.004371481584591482
117.6165717,118.1812657,0.6810769999999258,1.225471499999998,10.375259999999823,0.7296876700244324,1.282239642057204,10.27360456527104,-0.0266717199999989,-0.0754990400000009,-0.007718000000002,10.378994814480189,1.0,3942.82,0.0,9.802893360995121,0.0
117.7312413,118.2959353,0.6810769999999258,1.225471499999998,10.455259999999823,0.7180669382105185,1.2686688076274713,10.317030609151097,-0.0266717199999989,-0.0754990400000009,-0.008518000000002,10.419513484868595,1.0,3943.79,0.0,9.852788048282772,0.0
117.8381273,118.4028213,0.8110769999999257,1.150471499999998,10.475259999999825,0.7403016653497527,1.240412887427789,10.354856488021005,-0.0262717199999989,-0.0750990400000009,-0.008518000000002,10.45512905585231,1.0,3944.28,0.0,9.878202851039768,0.0
117.9497259,118.5144199,0.8460769999999258,1.0504714999999982,10.505259999999826,0.7655880231777146,1.1950060267005391,10.390811534015958,-0.0250717199999989,-0.0746990400000009,-0.006518000000002,10.487284146075323,1.0,3945.26,0.0,9.929462072319025,0.0
118.0565392,118.6212332,0.7110769999999258,1.005471499999998,11.050259999999824,0.7525567693206545,1.149696428969142,10.548457453408387,-0.0234717199999989,-0.0802990400000009,-0.007318000000002,10.637579528078826,1.0,3945.26,0.0,9.929462072319025,0.0
118.1681165,118.7328105,0.7410769999999256,0.7704714999999981,12.810259999999824,0.7498124475391499,1.059039970325818,11.089157690552122,-0.0198717199999989,-0.0958990400000009,-0.004518000000002,11.164819866489726,1.0,3955.03,0.0,10.474052454455293,0.0
118.283108,118.847802,0.6810769999999258,0.8454714999999982,14.135259999999825,0.7333807422867848,1.007984884758946,11.817350451482795,-0.0210717199999989,-0.1034990400000009,-0.003318000000002,11.88291431149027,1.0,3979.96,0.98,12.215449633955743,0.004371481584591482
118.3881253,118.9528193,1.0860769999999258,1.360471499999998,14.975259999999825,0.8176953304335681,1.0922493563584008,12.57227154056496,-0.0334717199999989,-0.1022990400000009,-0.011318000000002,12.646092123639532,1.0,3997.07,0.0,13.837475463579851,0.0
118.500711,119.065405,1.0560769999999258,1.610471499999998,15.230259999999824,0.8746821905197821,1.2161341032309405,13.207682882066708,-0.0386717199999989,-0.1054990400000009,-0.012918000000002,13.292363905817949,1.0,4004.89,0.0,14.750067528796286,0.0
118.6131122,119.1778062,1.1710769999999258,1.6954714999999982,14.845259999999826,0.945537510766724,1.3307231704753262,13.599157521328191,-0.0386717199999989,-0.1034990400000009,-0.015318000000002,13.69678614239866,1.0,4008.8,0.0,15.25839328748635,0.0
118.7240199,119.2887139,1.2210769999999256,2.1304714999999983,14.525259999999824,1.0114072160579204,1.52190878571878,13.820549008658409,-0.0446717199999989,-0.0994990400000009,-0.020118000000002,13.94082945198997,1.0,4009.77,0.0,15.39056922693905,0.0
118.8265441,119.3912381,1.1060769999999258,1.630471499999998,14.230259999999824,1.03403871176692,1.5478614867824885,13.918493380731269,-0.0366717199999989,-0.1002990400000009,-0.013718000000002,14.042420347972682,1.0,4005.87,0.0,14.873934056892354,0.0
118.9406665,119.5053605,0.7810769999999256,1.305471499999998,13.510259999999825,0.9735663872720952,1.489916409511235,13.820902242148405,-0.0278717199999989,-0.0978990400000009,-0.009718000000002,13.935028568495282,1.0,4001.47,0.0,14.335064614871035,0.0
119.0556861,119.6203801,0.6210769999999257,0.995471499999998,12.935259999999824,0.8893012529985775,1.3717157822150403,13.60918306662802,-0.0202717199999989,-0.0990990400000009,-0.006118000000002,13.707017350494509,1.0,3988.27,0.0,12.947900012157957,0.0
119.1580506,119.7227446,0.6110769999999257,1.1554714999999982,12.360259999999826,0.8227897355355621,1.3200210244870263,13.310618985816536,-0.0218717199999989,-0.0934990400000009,-0.006118000000002,13.40119458255756,1.0,3978.98,0.0,12.135000200811668,0.0
119.2706433,119.8353373,0.2210769999999258,0.930471499999998,11.115259999999823,0.6789459595672206,1.2268963967042936,12.785802561838416,-0.0186717199999989,-0.0918990400000009,-0.004518000000002,12.86246436475423,1.0,3966.28,0.0,11.188183007842335,0.0
119.3846378,119.9493318,0.2310769999999256,0.910471499999998,11.060259999999824,0.5718796495516555,1.151252739416866,12.373299147783207,-0.0190717199999989,-0.0898990400000009,-0.005718000000002,12.439893930581515,1.0,3949.17,0.0,10.139866357323413,0.0
119.4956417,120.0603357,0.3560769999999256,0.930471499999998,10.830259999999823,0.5202904673019886,1.0984733892965428,12.004424493191513,-0.0198717199999989,-0.0862990400000009,-0.004918000000002,12.065800983361784,1.0,3948.19,0.0,10.086224996748761,0.0
119.5996601,120.1643541,0.5810769999999257,1.075471499999998,10.615259999999823,0.5348219270416777,1.0929746215035103,11.672334686310558,-0.0214717199999989,-0.0818990400000009,-0.006918000000002,11.73558797189744,1.0,3946.24,0.0,9.981302583470367,0.0
119.7122866,120.2769806,0.6210769999999257,1.075471499999998,10.665259999999826,0.5554418253054139,1.08879037387236,11.43158620783251,-0.0226717199999989,-0.0790990400000009,-0.006918000000002,11.496744901346736,1.0,3949.17,0.0,10.139866357323413,0.0
119.8255913,120.3902853,0.6010769999999257,1.2804714999999982,10.535259999999823,0.5663512434668726,1.1346131317030037,11.21731295313853,-0.0242717199999989,-0.0762990400000009,-0.008118000000002,11.288764794177386,1.0,3948.19,0.0,10.086224996748761,0.0
119.9297368,120.4944308,0.6410769999999257,1.130471499999998,10.545259999999825,0.5842149753558725,1.133623044726865,11.056653840041829,-0.0242717199999989,-0.0766990400000009,-0.007318000000002,11.129959680226948,1.0,3945.26,0.0,9.929462072319025,0.0
120.0406375,120.6053315,0.7060769999999257,1.0954714999999982,10.595259999999826,0.6133469726308571,1.1245026423680011,10.94635430965031,-0.0238717199999989,-0.0762990400000009,-0.008918000000002,11.0210422997976,1.0,3950.15,0.0,10.19413195934521,0.0
120.1555992,120.7202932,0.6010769999999257,1.1354714999999982,10.715259999999825,0.6104137470399276,1.1271248270196872,10.891109545593036,-0.0246717199999989,-0.0770990400000009,-0.008118000000002,10.96627933495984,1.0,3949.17,0.0,10.139866357323413,0.0
120.2656049,120.8302989,0.7110769999999258,1.1954714999999982,10.815259999999824,0.6344780248121651,1.143463592905388,10.87297716381139,-0.0250717199999989,-0.0770990400000009,-0.007718000000002,10.951333423699309,1.0,3947.7,0.0,10.059634908813699,0.0
120.3679954,120.9326894,0.6910769999999258,1.1354714999999982,10.765259999999824,0.6480084186797613,1.141553025364587,10.84722659769538,-0.0246717199999989,-0.0762990400000009,-0.008118000000002,10.926361841077249,1.0,3953.08,0.0,10.360213116056372,0.0
120.4800095,121.0447035,0.6710769999999258,1.1754714999999982,10.845259999999826,0.6535231296827972,1.149661481740038,10.84675646831032,-0.0250717199999989,-0.0766990400000009,-0.008118000000002,10.927073711038052,1.0,3950.15,0.0,10.19413195934521,0.0
120.5949955,121.1596895,0.6910769999999258,1.2604714999999982,10.950259999999826,0.6625006536566458,1.1761514170535137,10.871499735229916,-0.0250717199999989,-0.0770990400000009,-0.008118000000002,10.954987255357103,1.0,3949.17,0.0,10.139866357323413,0.0
120.6999778,121.2646718,0.7960769999999258,1.150471499999998,11.130259999999826,0.69443304415353,1.1700124473801474,10.933358245706575,-0.0246717199999989,-0.0774990400000009,-0.008118000000002,11.017689817234682,1.0,3953.08,0.0,10.360213116056372,0.0
120.8149803,121.3796743,0.7810769999999256,1.265471499999998,11.705259999999823,0.7151459076808164,1.1928326234679556,11.11788693598814,-0.0246717199999989,-0.0822990400000009,-0.008518000000002,11.204538957864257,1.0,3956.5,0.0,10.561688889488671,0.0
120.9199613,121.4846553,0.8810769999999257,1.080471499999998,12.095259999999826,0.7548129339213114,1.165971885249928,11.351535027102646,-0.0246717199999989,-0.0838990400000009,-0.008918000000002,11.436196066610018,1.0,3964.32,0.0,11.05619194665304,0.0
121.0355554,121.6002494,0.9460769999999256,1.2404714999999982,12.210259999999824,0.8005359905345562,1.1837815563121457,11.55681943496861,-0.0246717199999989,-0.0842990400000009,-0.010118000000002,11.64483886095785,1.0,3969.7,0.0,11.42694472807982,0.0
121.1421367,121.7068307,0.9710769999999256,1.160471499999998,12.285259999999823,0.8413050507691114,1.1782091189679549,11.730958414010372,-0.0250717199999989,-0.0842990400000009,-0.009718000000002,11.819955847113372,1.0,3975.07,0.0,11.82524843020453,0.0
121.2547141,121.8194081,0.8210769999999257,1.340471499999998,12.200259999999826,0.8364693891131738,1.2169991132739346,11.843148348193104,-0.0262717199999989,-0.0850990400000009,-0.009718000000002,11.93486198822349,1.0,3975.56,0.0,11.863114926679678,0.0
121.3589303,121.9236243,0.7910769999999256,1.225471499999998,12.210259999999824,0.8256180105987047,1.219024498522023,11.930909040429151,-0.0254717199999989,-0.0862990400000009,-0.008118000000002,12.02140825188197,1.0,3974.1,0.0,11.751063350474581,0.0
121.4714799,122.0361739,0.8610769999999257,1.215471499999998,12.160259999999823,0.8340947381570013,1.2181751285598552,11.985737044056563,-0.0258717199999989,-0.0854990400000009,-0.008518000000002,12.076322170484392,1.0,3976.05,0.0,11.901248088613245,0.0
121.5820827,122.1467767,0.8260769999999258,1.295471499999998,12.060259999999824,0.8321780399335333,1.2366533845115162,12.003552294999622,-0.0274717199999989,-0.0854990400000009,-0.008518000000002,12.095747169247632,1.0,3974.1,0.0,11.751063350474581,0.0
121.6955094,122.2602034,0.6660769999999256,1.255471499999998,11.970259999999826,0.792470386488157,1.2411519909537778,11.995593531389344,-0.0266717199999989,-0.0858990400000009,-0.009318000000002,12.085641553033875,1.0,3973.61,0.0,11.713974359325569,0.0
121.8024948,122.3671888,0.6310769999999257,1.1354714999999982,11.895259999999826,0.7538881316051537,1.2158883061965526,11.971608075940308,-0.0262717199999989,-0.0874990400000009,-0.007718000000002,12.05678778166224,1.0,3971.65,0.0,11.568144817651056,0.0
121.912518,122.477212,0.6210769999999257,1.180471499999998,11.895259999999826,0.7221386712190141,1.2074216628380463,11.95335651687796,-0.0266717199999989,-0.0862990400000009,-0.006918000000002,12.035866539304484,1.0,3967.74,0.0,11.288764669112224,0.0
122.0199296,122.5846236,0.6810769999999258,1.140471499999998,11.835259999999824,0.7123225821005639,1.1914167427896991,11.92512469143498,-0.0258717199999989,-0.0862990400000009,-0.007718000000002,12.005643515540608,1.0,3970.67,0.0,11.496708528770249,0.0
122.1324882,122.6971822,0.7060769999999257,1.130471499999998,11.875259999999823,0.7108295305837528,1.176847342256114,11.913204176744289,-0.0258717199999989,-0.0858990400000009,-0.007718000000002,11.99227593267111,1.0,3970.67,0.0,11.496708528770249,0.0
122.2475106,122.8122046,0.7560769999999257,1.255471499999998,11.925259999999824,0.7216462649977926,1.1956430151150956,11.916086208380095,-0.0262717199999989,-0.0850990400000009,-0.007318000000002,11.997643355131254,1.0,3971.65,0.0,11.568144817651056,0.0
122.3530813,122.9177753,0.7010769999999258,1.2204714999999982,11.845259999999826,0.7167290336156901,1.2015784437781405,11.899154691645837,-0.0274717199999989,-0.0838990400000009,-0.008918000000002,11.981125725068454,1.0,3967.74,0.0,11.288764669112224,0.0
122.4599118,123.0246058,0.7210769999999258,1.235471499999998,11.775259999999824,0.7177684463878581,1.2096808236982186,11.869536770640838,-0.0266717199999989,-0.0834990400000009,-0.006918000000002,11.952590614065564,1.0,3969.7,0.0,11.42694472807982,0.0
122.5764442,123.1411382,0.7660769999999257,1.2804714999999982,11.665259999999826,0.729316955091007,1.226603846232445,11.82070293300324,-0.0266717199999989,-0.0830990400000009,-0.007318000000002,11.906530898917906,1.0,3968.23,0.0,11.322966260341248,0.0
122.6824617,123.2471557,0.7710769999999256,1.285471499999998,11.585259999999824,0.7392999954847908,1.2406765841025913,11.764418599120686,-0.0278717199999989,-0.0822990400000009,-0.009718000000002,11.85273756754114,1.0,3967.25,0.49,11.254788101036983,0.0026926604633974944
122.7948785,123.3595725,0.7460769999999257,1.270471499999998,11.535259999999823,0.740920087368576,1.2477992739747392,11.70963658064834,-0.0270717199999989,-0.0826990400000009,-0.009318000000002,11.799218383217418,1.0,3965.3,0.0,11.121759761219545,0.0
122.90486,123.469554,0.7260769999999257,1.3554714999999982,11.455259999999823,0.7373717401124156,1.27353909738832,11.648826021526926,-0.0278717199999989,-0.0826990400000009,-0.008118000000002,11.74141246168858,1.0,3963.83,0.49,11.023723463779733,0.0026926604633974944
123.0124653,123.5771593,0.7510769999999256,1.420471499999998,11.435259999999824,0.7406480814899867,1.3086643496151156,11.597771521363075,-0.0278717199999989,-0.0822990400000009,-0.008518000000002,11.69484784947238,1.0,3969.21,0.49,11.392053900904193,0.0026926604633974944
123.1198462,123.6845402,0.6710769999999258,1.255471499999998,11.535259999999823,0.7240166119053797,1.2959482146701846,11.582827690622295,-0.0270717199999989,-0.0842990400000009,-0.009718000000002,11.677567346843622,1.0,3964.81,0.0,11.088870004812192,0.0
123.2348673,123.7995613,0.6260769999999256,1.2504714999999982,11.665259999999826,0.7006034402017535,1.2850766775221942,11.602533729637903,-0.0270717199999989,-0.0854990400000009,-0.008118000000002,11.694488282730427,1.0,3965.3,0.0,11.121759761219545,0.0
123.3398528,123.9045468,0.5760769999999258,1.200471499999998,11.775259999999824,0.6708344951409821,1.2648511986806483,11.643825192275251,-0.0270717199999989,-0.0862990400000009,-0.008518000000002,11.731518767105085,1.0,3968.23,0.0,11.322966260341248,0.0
123.4549511,124.0196451,0.6060769999999258,1.0954714999999982,11.980259999999824,0.6553537481445786,1.2243597581780372,11.724252363335886,-0.0258717199999989,-0.0890990400000009,-0.008118000000002,11.806211874764912,1.0,3967.74,0.49,11.288764669112224,0.0026926604633974944
123.5624609,124.1271549,0.6310769999999257,1.210471499999998,12.060259999999824,0.6495502161348219,1.2210396697372068,11.804577416068756,-0.0270717199999989,-0.0894990400000009,-0.008918000000002,11.8853229375694,1.0,3971.16,0.0,11.532305642813759,0.0
123.6765793,124.2412733,0.6110769999999257,1.1754714999999982,12.060259999999824,0.6403529159022396,1.210146269594809,11.865700184708924,-0.0262717199999989,-0.0886990400000009,-0.006118000000002,11.944427433917465,1.0,3969.7,0.49,11.42694472807982,0.0026926604633974944
123.7823878,124.3470818,0.7210769999999258,1.190471499999998,12.210259999999824,0.6596505913251483,1.2054428738002936,11.94806969752018,-0.0274717199999989,-0.0890990400000009,-0.007718000000002,12.026828381640415,1.0,3966.28,0.0,11.188183007842335,0.0
123.8882823,124.4529763,0.7760769999999257,1.245471499999998,12.340259999999825,0.6874831653379039,1.215012006044545,12.041825622358,-0.0282717199999989,-0.0882990400000009,-0.007318000000002,12.122477122961834,1.0,3974.1,0.0,11.751063350474581,0.0
124.0040474,124.5687414,0.7760769999999257,1.290471499999998,12.080259999999823,0.7086621614812312,1.233051143164603,12.05101363796826,-0.0286717199999989,-0.0874990400000009,-0.008518000000002,12.134642429147704,1.0,3971.16,0.0,11.532305642813759,0.0
124.1082931,124.6729871,0.7210769999999258,1.3554714999999982,11.890259999999824,0.7116300183090853,1.2623166137831023,12.012584319590207,-0.0286717199999989,-0.0862990400000009,-0.008518000000002,12.09967117535249,1.0,3970.67,0.0,11.496708528770249,0.0
124.2235998,124.7882938,0.7460769999999257,1.320471499999998,11.845259999999826,0.7198648181138658,1.276218959421509,11.972584232306383,-0.0282717199999989,-0.0846990400000009,-0.008518000000002,12.061911680509704,1.0,3971.16,0.0,11.532305642813759,0.0
124.3282786,124.8929726,0.7310769999999258,1.360471499999998,11.775259999999824,0.7225451711861653,1.2963601378543492,11.925412449180069,-0.0294717199999989,-0.0842990400000009,-0.009318000000002,12.017407508047697,1.0,3968.72,0.49,11.357395213592637,0.0026926604633974944
124.4435111,125.0082051,0.8560769999999258,1.4804714999999982,11.880259999999826,0.7544669194460406,1.34037328892407,11.914618430039814,-0.0294717199999989,-0.0850990400000009,-0.008918000000002,12.013490467788449,1.0,3970.67,0.0,11.496708528770249,0.0
124.5513941,125.1160881,0.7510769999999256,1.3954714999999982,11.920259999999825,0.7536565347149884,1.353544914289797,11.91596708809126,-0.0298717199999989,-0.0854990400000009,-0.010118000000002,12.016253727838494,1.0,3970.19,0.49,11.462070135299548,0.0026926604633974944
124.6658122,125.2305062,0.6510769999999257,1.3454714999999982,11.930259999999826,0.7291341559467293,1.3516149062846188,11.919383911929431,-0.0286717199999989,-0.0866990400000009,-0.008118000000002,12.0179121444709,1.0,3971.16,0.0,11.532305642813759,0.0
124.7723839,125.3370779,0.5110769999999256,1.265471499999998,12.130259999999826,0.6770060176576436,1.3310217027458495,11.969795364069425,-0.0258717199999989,-0.0914990400000009,-0.006918000000002,12.062585004004031,1.0,3970.67,0.0,11.496708528770249,0.0
124.887326,125.45202,0.5760769999999258,1.035471499999998,12.340259999999825,0.6528782069146355,1.2603682918398504,12.058357611380888,-0.0230717199999989,-0.0926990400000009,-0.006518000000002,12.141613009319922,1.0,3974.1,0.98,11.751063350474581,0.004371481584591482
124.9915353,125.5562293,0.6460769999999256,0.980471499999998,12.260259999999825,0.6512523292724031,1.193456941885077,12.106623835844497,-0.0230717199999989,-0.0910990400000009,-0.005718000000002,12.182725876057235,1.0,3972.63,0.0,11.640559720508243,0.0
125.107335,125.672029,0.6810769999999258,1.0704714999999982,12.230259999999824,0.6583821322516277,1.164056383603496,12.136179953985344,-0.0242717199999989,-0.0898990400000009,-0.006918000000002,12.209642016529063,1.0,3975.07,0.49,11.82524843020453,0.0026926604633974944
125.2125302,125.7772242,0.7360769999999257,1.2204714999999982,12.210259999999824,0.6769556516243354,1.1775428246989177,12.15388932411052,-0.0254717199999989,-0.0890990400000009,-0.008518000000002,12.229550349910404,1.0,3972.63,0.0,11.640559720508243,0.0
125.322334,125.887028,0.6060769999999258,1.1954714999999982,12.050259999999824,0.6600115979537348,1.1818288040394116,12.129115985603963,-0.0254717199999989,-0.0886990400000009,-0.008118000000002,12.204416791626066,1.0,3972.63,0.0,11.640559720508243,0.0
125.4367025,126.0013965,0.6910769999999258,1.1254714999999982,11.905259999999824,0.667438006717247,1.168356183405566,12.075601595196805,-0.0250717199999989,-0.0874990400000009,-0.007318000000002,12.150336766939107,1.0,3969.7,0.0,11.42694472807982,0.0
125.5407356,126.1054296,0.7210769999999258,1.185471499999998,11.785259999999823,0.6802607955286766,1.172447723471849,12.006193339550316,-0.0258717199999989,-0.0866990400000009,-0.008118000000002,12.082469404921744,1.0,3968.23,0.49,11.322966260341248,0.0026926604633974944
125.6538688,126.2185628,0.7460769999999257,1.1754714999999982,11.745259999999824,0.6959946346381667,1.1731705790934874,11.94381533984991,-0.0258717199999989,-0.0862990400000009,-0.007718000000002,12.021458422817496,1.0,3967.74,0.0,11.288764669112224,0.0
125.7647664,126.3294604,0.7610769999999256,1.2304714999999982,11.745259999999824,0.7115530442075652,1.1868687781557337,11.896349251572271,-0.0270717199999989,-0.0842990400000009,-0.008918000000002,11.976564229638903,1.0,3966.76,0.49,11.221034249831986,0.0026926604633974944
125.8757216,126.4404156,0.7760769999999257,1.2404714999999982,11.735259999999826,0.7269779619356657,1.1996828960177994,11.85783970233784,-0.0266717199999989,-0.0850990400000009,-0.009318000000002,11.940523372720198,1.0,3967.25,0.0,11.254788101036983,0.0
125.9879612,126.5526552,0.6160769999999256,1.200471499999998,11.795259999999825,0.7004662858795531,1.199871417496312,11.84287957244253,-0.0266717199999989,-0.0866990400000009,-0.008918000000002,11.924099169478383,1.0,3968.23,0.0,11.322966260341248,0.0
126.0934064,126.6581004,0.5560769999999258,1.2404714999999982,11.725259999999825,0.6659489840780394,1.209577160498008,11.8147617640121,-0.0270717199999989,-0.0870990400000009,-0.006918000000002,11.895173832145344,1.0,3968.23,0.49,11.322966260341248,0.0026926604633974944
126.1991788,126.7638728,0.4560769999999257,1.210471499999998,11.770259999999826,0.6157775702506589,1.2097909588163192,11.804123295861547,-0.0266717199999989,-0.0890990400000009,-0.006918000000002,11.881923369722546,1.0,3967.25,0.0,11.254788101036983,0.0
126.3132832,126.8779772,0.4460769999999256,1.180471499999998,11.910259999999823,0.575209423081368,1.2027819303939216,11.829496041676032,-0.0266717199999989,-0.0914990400000009,-0.008918000000002,11.904391074410848,1.0,3969.21,0.49,11.392053900904193,0.0026926604633974944
126.4259572,126.9906512,0.5210769999999256,1.2204714999999982,11.940259999999824,0.5622686763121992,1.2070107497908182,11.855974966029049,-0.0274717199999989,-0.0902990400000009,-0.006918000000002,11.93051396250723,1.0,3967.74,0.0,11.288764669112224,0.0
126.5382788,127.1029728,0.4160769999999256,1.285471499999998,11.850259999999825,0.5273205000579947,1.2257673588982363,11.854608762117072,-0.0282717199999989,-0.0902990400000009,-0.007318000000002,11.92947280607088,1.0,3966.76,0.0,11.221034249831986,0.0
126.6422687,127.2069627,0.5610769999999257,1.2404714999999982,11.810259999999824,0.5353902352129271,1.2292824900456034,11.844006870174752,-0.0282717199999989,-0.0874990400000009,-0.008918000000002,11.919659260442003,1.0,3971.65,0.0,11.568144817651056,0.0
126.7532495,127.3179435,0.6660769999999256,1.3954714999999982,11.860259999999826,0.56663185036557,1.26901117335991,11.847892298265718,-0.0298717199999989,-0.0854990400000009,-0.009318000000002,11.929124566508015,1.0,3966.76,0.0,11.221034249831986,0.0
126.8648478,127.4295418,0.7460769999999257,1.415471499999998,11.775259999999824,0.6095295096275635,1.304023572415604,11.83052902269781,-0.0306717199999989,-0.0830990400000009,-0.011318000000002,11.917777504946867,1.0,3969.7,0.0,11.42694472807982,0.0
126.9756861,127.5403801,0.7810769999999256,1.290471499999998,11.615259999999823,0.6505391763933617,1.3007838516097583,11.779067407802245,-0.0278717199999989,-0.0810990400000009,-0.009718000000002,11.868515865354873,1.0,3972.63,0.49,11.640559720508243,0.0026926604633974944
127.0865884,127.6512824,0.5310769999999256,1.1554714999999982,11.715259999999825,0.6219808801782565,1.266045884277589,11.7638137860472,-0.0258717199999989,-0.0854990400000009,-0.007318000000002,11.848082004662094,1.0,3967.25,0.0,11.254788101036983,0.0
127.1906123,127.7553063,0.4810769999999258,1.1754714999999982,11.850259999999825,0.5882967897868516,1.2443934234419405,11.78447937794637,-0.0266717199999989,-0.0882990400000009,-0.006918000000002,11.864592800194297,1.0,3969.21,0.0,11.392053900904193,0.0
127.3032326,127.8679266,0.4760769999999257,1.2204714999999982,11.870259999999824,0.561469838406214,1.2386747148404822,11.804985855294063,-0.0270717199999989,-0.0898990400000009,-0.006918000000002,11.883065870065604,1.0,3970.19,0.0,11.462070135299548,0.0
127.4148424,127.9795364,0.5260769999999257,1.295471499999998,11.840259999999825,0.553008924721105,1.2522523966107288,11.813418394392665,-0.0278717199999989,-0.0890990400000009,-0.008518000000002,11.892468587161098,1.0,3970.67,0.0,11.496708528770249,0.0
127.5282002,128.0928942,0.3260769999999258,1.235471499999998,11.730259999999824,0.4987592088486301,1.2482408020572695,11.79353877950919,-0.0290717199999989,-0.0914990400000009,-0.006918000000002,11.86989565211586,1.0,3965.79,0.0,11.154863368177308,0.0
127.6317792,128.1964732,0.2810769999999256,1.3554714999999982,11.850259999999825,0.4467207043718168,1.2738750749932946,11.80709839699949,-0.0298717199999989,-0.0934990400000009,-0.006918000000002,11.884018245140467,1.0,3968.72,0.0,11.357395213592637,0.0
127.743225,128.307919,0.3460769999999258,1.390471499999998,11.870259999999824,0.4226610998307776,1.3017482926383288,11.822197634451548,-0.0302717199999989,-0.0934990400000009,-0.006918000000002,11.90115741979446,1.0,3970.19,0.0,11.462070135299548,0.0
127.8547804,128.4194744,0.3010769999999256,1.295471499999998,11.790259999999826,0.3935955424900094,1.3002477800170291,11.814562712230826,-0.0298717199999989,-0.0934990400000009,-0.007318000000002,11.89241160663985,1.0,3967.74,0.0,11.288764669112224,0.0
127.962591,128.527285,0.4410769999999258,1.420471499999998,11.810259999999824,0.4049463278953188,1.3289881287283063,11.813534117790889,-0.0302717199999989,-0.0918990400000009,-0.006918000000002,11.89494763868198,1.0,3967.25,0.0,11.254788101036983,0.0
128.0776077,128.6423017,0.3960769999999256,1.415471499999998,11.790259999999826,0.4028260509933533,1.3496626033530097,11.807970271809769,-0.0302717199999989,-0.0926990400000009,-0.008518000000002,11.891678599348024,1.0,3968.23,0.0,11.322966260341248,0.0
128.1825745,128.7472685,0.3510769999999257,1.440471499999998,11.860259999999826,0.3904550665383765,1.3713711260645884,11.82047050905424,-0.0298717199999989,-0.0926990400000009,-0.007318000000002,11.906159623481036,1.0,3969.21,0.0,11.392053900904193,0.0
128.2975574,128.8622514,0.4210769999999257,1.435471499999998,11.965259999999825,0.3977754609332857,1.3866947834899943,11.855083482767697,-0.0310717199999989,-0.0926990400000009,-0.009318000000002,11.942535414361158,1.0,3969.7,0.0,11.42694472807982,0.0
128.4025684,128.9672624,0.4360769999999256,1.3454714999999982,12.165259999999826,0.406931720522573,1.3768400597907595,11.92923341980644,-0.0302717199999989,-0.0930990400000009,-0.008518000000002,12.015319053593164,1.0,3972.14,0.0,11.604228636577528,0.0
128.5175552,129.0822492,0.6360769999999256,1.340471499999998,12.395259999999826,0.4617105548379241,1.3681458928604608,12.040640440196254,-0.0290717199999989,-0.0910990400000009,-0.008118000000002,12.126913128685684,1.0,3973.61,0.49,11.713974359325569,0.0026926604633974944
128.6226199,129.1873139,0.7460769999999257,1.275471499999998,12.450259999999826,0.5296904077063933,1.3459914098034322,12.138562954899529,-0.0278717199999989,-0.0902990400000009,-0.007718000000002,12.22444172194951,1.0,3975.07,0.0,11.82524843020453,0.0
128.7315342,129.2962282,0.8660769999999258,1.265471499999998,12.260259999999825,0.6101060525199458,1.32674254372044,12.16765551262283,-0.0274717199999989,-0.0866990400000009,-0.010918000000002,12.25497106673451,1.0,3974.58,0.0,11.787645695449546,0.0
128.8447171,129.4094111,0.7560769999999257,1.4254714999999982,12.130259999999826,0.6450014619523314,1.350344413898612,12.158715845199676,-0.0278717199999989,-0.0874990400000009,-0.012118000000002,12.250462355616522,1.0,3975.56,0.49,11.863114926679678,0.0026926604633974944
128.9526034,129.5172974,0.6610769999999258,1.3004714999999982,12.110259999999826,0.6488444354460373,1.3384219335686347,12.14713212537849,-0.0278717199999989,-0.0886990400000009,-0.010118000000002,12.23785893222622,1.0,3971.65,0.0,11.568144817651056,0.0
129.0614914,129.6261854,0.5910769999999257,1.335471499999998,12.050259999999824,0.6350347127131801,1.3377166111112686,12.1239741440402,-0.0274717199999989,-0.0890990400000009,-0.007718000000002,12.21406991397008,1.0,3970.67,0.0,11.496708528770249,0.0
129.17765409999998,129.7423481,0.6160769999999256,1.3454714999999982,12.040259999999826,0.6305027345459404,1.3395704733184175,12.103961673188962,-0.0274717199999989,-0.0890990400000009,-0.008918000000002,12.194173647167888,1.0,3969.21,0.0,11.392053900904193,0.0
129.2850977,129.8497917,0.7760769999999257,1.410471499999998,12.120259999999824,0.6653033142745355,1.3565198759080634,12.107857905945869,-0.0290717199999989,-0.0886990400000009,-0.010118000000002,12.20176207538461,1.0,3970.67,0.0,11.496708528770249,0.0
129.3951201,129.9598141,0.5810769999999257,1.3754714999999982,12.060259999999824,0.645168405429086,1.3610503985463946,12.096479282700724,-0.0298717199999989,-0.0894990400000009,-0.010918000000002,12.1898938262626,1.0,3970.67,0.0,11.496708528770249,0.0
129.50252129999998,130.0672153,0.6210769999999257,1.495471499999998,12.115259999999823,0.6394091809343115,1.3931847338545835,12.100968948835664,-0.0290717199999989,-0.0902990400000009,-0.010118000000002,12.197674257988425,1.0,3970.19,0.0,11.462070135299548,0.0
129.6121008,130.1767948,0.5660769999999258,1.275471499999998,12.100259999999825,0.6218785933588207,1.3650445349870708,12.100799469495286,-0.0282717199999989,-0.0906990400000009,-0.007718000000002,12.193417378582325,1.0,3974.1,0.0,11.751063350474581,0.0
129.7257037,130.2903977,0.7110769999999258,1.400471499999998,12.070259999999823,0.6432021168009404,1.373513606884014,12.093498788707157,-0.0294717199999989,-0.0890990400000009,-0.009718000000002,12.18823045170275,1.0,3972.63,0.0,11.640559720508243,0.0
129.8325202,130.3972142,0.6710769999999258,1.400471499999998,12.030259999999824,0.649865808986962,1.3799580859667149,12.07838109945428,-0.0302717199999989,-0.0890990400000009,-0.010518000000002,12.174313117066175,1.0,3971.65,0.0,11.568144817651056,0.0
129.9474698,130.5121638,0.6260769999999256,1.4254714999999982,11.980259999999824,0.6441789223575161,1.3908383963625552,12.054924541841068,-0.0302717199999989,-0.0890990400000009,-0.009718000000002,12.15197941235452,1.0,3969.21,0.0,11.392053900904193,0.0
130.0531111,130.6178051,0.6460769999999256,1.415471499999998,11.970259999999826,0.6446326715289079,1.3967271177270366,12.03468487153023,-0.0298717199999989,-0.0890990400000009,-0.009318000000002,12.132602271550615,1.0,3970.67,0.0,11.496708528770249,0.0
130.1674928,130.7321868,0.6710769999999258,1.400471499999998,11.910259999999823,0.6509543792734385,1.397622239357348,12.004940207194052,-0.0286717199999989,-0.0874990400000009,-0.009318000000002,12.10353993285212,1.0,3970.19,0.0,11.462070135299548,0.0
130.2750477,130.8397417,0.6010769999999257,1.3854714999999982,11.890259999999824,0.6390308314633353,1.3947175173417627,11.977525075259102,-0.0282717199999989,-0.0882990400000009,-0.009718000000002,12.075375947986103,1.0,3971.65,0.49,11.568144817651056,0.0026926604633974944
130.3900561,130.9547501,0.6460769999999256,1.340471499999998,11.920259999999825,0.6407152689507856,1.381749615044103,11.963835445357764,-0.0286717199999989,-0.0882990400000009,-0.008518000000002,12.06039413195688,1.0,3968.23,0.0,11.322966260341248,0.0
130.4950646,131.0597586,0.6460769999999256,1.340471499999998,11.810259999999824,0.6419970294891402,1.3718817834657766,11.927122125775718,-0.0286717199999989,-0.0878990400000009,-0.008918000000002,12.02291404015045,1.0,3971.16,0.0,11.532305642813759,0.0
130.6024435,131.1671375,0.4960769999999257,1.400471499999998,11.680259999999826,0.6071137923702588,1.3787163617242642,11.8681079513731,-0.0294717199999989,-0.0874990400000009,-0.008518000000002,11.96333700555233,1.0,3969.7,0.0,11.42694472807982,0.0
130.7174865,131.2821805,0.2560769999999257,1.390471499999998,11.630259999999826,0.5231959114010053,1.381526512443621,11.811248680476314,-0.0286717199999989,-0.0926990400000009,-0.005718000000002,11.90327454351721,1.0,3965.3,0.0,11.121759761219545,0.0
130.82244409999998,131.3871381,0.1710769999999257,1.390471499999998,11.610259999999826,0.4390193420606453,1.3836648763340804,11.76320088454443,-0.0294717199999989,-0.0922990400000009,-0.008118000000002,11.852432725936511,1.0,3964.81,0.0,11.088870004812192,0.0
130.9374621,131.5021561,0.4610769999999258,1.380471499999998,11.770259999999826,0.4442923845269639,1.3829014766537109,11.764888417086343,-0.0298717199999989,-0.0914990400000009,-0.006918000000002,11.85421493324514,1.0,3964.81,0.0,11.088870004812192,0.0
131.0434411,131.6081351,0.2510769999999256,1.435471499999998,11.610259999999826,0.3981028511430586,1.3954687204800234,11.727923377006324,-0.0290717199999989,-0.0938990400000009,-0.008118000000002,11.817360346831176,1.0,3966.28,0.0,11.188183007842335,0.0
131.1591928,131.7238868,0.1560769999999256,1.2604714999999982,11.800259999999824,0.3402448231267675,1.3631966597569083,11.745215969264525,-0.0290717199999989,-0.0958990400000009,-0.005718000000002,11.828954722945868,1.0,3965.79,0.0,11.154863368177308,0.0
131.2624132,131.8271072,0.1210769999999257,1.245471499999998,11.750259999999823,0.2878511718252663,1.3350536099162968,11.74642178124791,-0.0282717199999989,-0.0970990400000009,-0.006118000000002,11.82555077370382,1.0,3965.79,0.49,11.154863368177308,0.0026926604633974944
131.3799926,131.9446866,0.0460769999999257,1.270471499999998,11.720259999999826,0.2300533095679269,1.319614790024786,11.740167618458033,-0.0286717199999989,-0.0958990400000009,-0.006118000000002,11.816337987244014,1.0,3966.28,0.0,11.188183007842335,0.0
131.4866726,132.0513666,0.0860769999999258,1.440471499999998,11.625259999999823,0.1956347327368875,1.3485064595661824,11.712698122217695,-0.0290717199999989,-0.0966990400000009,-0.004918000000002,11.791693683366557,1.0,3966.28,0.0,11.188183007842335,0.0
131.60000879999998,132.1647028,0.2960769999999257,1.360471499999998,11.730259999999824,0.2196461822819522,1.35136678891268,11.71689641596168,-0.0298717199999989,-0.0950990400000009,-0.007318000000002,11.796613847453976,1.0,3967.25,0.0,11.254788101036983,0.0
131.7053564,132.2700504,0.1560769999999256,1.4054714999999982,11.655259999999824,0.2044495100584092,1.3643009109294728,11.702161785488526,-0.0286717199999989,-0.0954990400000009,-0.008118000000002,11.783195959987856,1.0,3971.16,0.0,11.532305642813759,0.0
131.8134093,132.3781033,-0.0589230000000742,1.335471499999998,11.595259999999826,0.14148840902845,1.357409031994341,11.67660614145057,-0.0278717199999989,-0.0986990400000009,-0.004918000000002,11.756092430420509,1.0,3965.3,0.0,11.121759761219545,0.0
131.9274116,132.4921056,-0.0539230000000743,1.3854714999999982,11.565259999999824,0.0947739001242384,1.3641175676834372,11.64998804201559,-0.0282717199999989,-0.0978990400000009,-0.006918000000002,11.729962498222813,1.0,3962.85,0.0,10.959406875729094,0.0
132.0340034,132.5986974,-0.1989230000000741,1.210471499999998,11.440259999999824,0.0245635345974546,1.3273873653243342,11.599851038577992,-0.0270717199999989,-0.0994990400000009,-0.005318000000002,11.675577274895383,1.0,3962.37,0.0,10.928202692303213,0.0
132.1465302,132.7112242,-0.3139230000000743,1.0704714999999982,11.430259999999826,-0.0563541165930337,1.265969771858361,11.559309075746244,-0.0246717199999989,-0.1026990400000009,-0.004118000000002,11.628563176865212,1.0,3961.39,0.0,10.865092252659633,0.0
132.2549811,132.8196751,-0.4489230000000741,0.950471499999998,11.480259999999824,-0.1502005439362688,1.1905476309339305,11.540411823169311,-0.0214717199999989,-0.1050990400000009,-0.002118000000002,11.602631982152465,1.0,3961.39,0.0,10.865092252659633,0.0
132.3700843,132.9347783,-0.5239230000000743,1.005471499999998,11.415259999999826,-0.2395415966838495,1.1463038449162564,11.5104933757926,-0.0210717199999989,-0.1062990400000009,-0.001718000000002,11.569911427300424,1.0,3958.94,0.0,10.710738448244586,0.0
132.478363,133.043057,-0.4039230000000742,0.950471499999998,11.460259999999824,-0.278838158573855,1.099488708247405,11.498484724442983,-0.0218717199999989,-0.1046990400000009,-0.003718000000002,11.554296910521604,1.0,3956.99,0.0,10.591257355477088,0.0
132.5834842,133.1481782,-0.2389230000000741,1.040471499999998,11.570259999999823,-0.2692961515852266,1.085380218298526,11.515643122541496,-0.0226717199999989,-0.1030990400000009,-0.003318000000002,11.569814482577913,1.0,3956.5,0.0,10.561688889488671,0.0
132.696448,133.261142,-0.2089230000000743,1.060471499999998,11.625259999999823,-0.2548635135866529,1.0794256092583792,11.541847828927557,-0.0238717199999989,-0.1026990400000009,-0.005318000000002,11.595014720240778,1.0,3959.43,0.0,10.741225689799942,0.0
132.8099279,133.3746219,-0.1989230000000741,1.015471499999998,11.560259999999824,-0.2414905297212894,1.064136917460576,11.546249391424736,-0.0242717199999989,-0.1014990400000009,-0.003718000000002,11.597697187977609,1.0,3960.9,0.0,10.83383421042957,0.0
132.9118418,133.4765358,-0.2139230000000742,0.935471499999998,11.580259999999823,-0.2349003126043305,1.03337851998774,11.554379873084006,-0.0242717199999989,-0.0998990400000009,-0.002918000000002,11.602876521533892,1.0,3962.85,0.0,10.959406875729094,0.0
133.0233744,133.5880684,-0.1339230000000741,1.145471499999998,11.630259999999826,-0.2107609566054885,1.0601751565757187,11.572519565551728,-0.0262717199999989,-0.0990990400000009,-0.004918000000002,11.622891234048744,1.0,3961.88,0.0,10.896547760723527,0.0
133.1359661,133.7006601,-0.1139230000000741,1.110471499999998,11.620259999999824,-0.1876111435592658,1.0721988607924966,11.583932261264858,-0.0258717199999989,-0.0990990400000009,-0.004118000000002,11.634960033100462,1.0,3962.85,0.0,10.959406875729094,0.0
133.2483318,133.8130258,0.0210769999999256,1.1354714999999982,11.700259999999826,-0.1377227353595368,1.087324642251963,11.611741247515749,-0.0266717199999989,-0.0990990400000009,-0.005318000000002,11.663351886517953,1.0,3967.25,0.0,11.254788101036983,0.0
133.3532866,133.9179806,0.0460769999999257,1.1254714999999982,11.750259999999823,-0.0937840809241244,1.09644392415468,11.644855155902606,-0.0266717199999989,-0.0978990400000009,-0.006918000000002,11.696736140248785,1.0,3967.25,0.0,11.254788101036983,0.0
133.46591949999998,134.0306135,0.2960769999999257,1.0504714999999982,12.195259999999823,-0.0005849733245591,1.0854538840736088,11.77643340979436,-0.0266717199999989,-0.0962990400000009,-0.007318000000002,11.826351691538903,1.0,3970.19,0.0,11.462070135299548,0.0
133.5733383,134.1380323,0.2210769999999258,1.320471499999998,11.985259999999826,0.0524049225984586,1.1416365428365745,11.826354914664966,-0.0282717199999989,-0.0954990400000009,-0.006918000000002,11.881445654442588,1.0,3969.7,0.0,11.42694472807982,0.0
133.6892682,134.2539622,0.2910769999999256,1.235471499999998,11.810259999999824,0.1094612067754486,1.1640684671736905,11.822507309050868,-0.0290717199999989,-0.0950990400000009,-0.008518000000002,11.880181657896395,1.0,3967.74,0.0,11.288764669112224,0.0
133.7923436,134.3570376,0.2260769999999257,1.350471499999998,11.815259999999824,0.1373390545328502,1.2086294586737594,11.820774787470476,-0.0290717199999989,-0.0946990400000009,-0.007718000000002,11.883196697874345,1.0,3966.76,0.0,11.221034249831986,0.0
133.9042638,134.4689578,0.2660769999999257,1.320471499999998,11.780259999999824,0.1681147903495534,1.235366106556162,11.811089434862566,-0.0286717199999989,-0.0946990400000009,-0.008118000000002,11.876709377528952,1.0,3970.19,0.0,11.462070135299548,0.0
134.0173032,134.5819972,0.1910769999999257,1.305471499999998,11.905259999999824,0.173604072436538,1.2521253072729803,11.833601588710128,-0.0274717199999989,-0.0958990400000009,-0.006918000000002,11.900927809183738,1.0,3969.7,0.0,11.42694472807982,0.0
134.1293723,134.6940663,0.2860769999999257,1.2604714999999982,11.975259999999825,0.2004915382312075,1.254120524934021,11.867466055214145,-0.0282717199999989,-0.0958990400000009,-0.008118000000002,11.935232118380563,1.0,3971.65,0.0,11.568144817651056,0.0
134.2358751,134.8005691,0.1960769999999256,1.3554714999999982,11.985259999999826,0.199436210978114,1.2783492076435294,11.895625548612758,-0.0282717199999989,-0.0962990400000009,-0.008518000000002,11.965778649621624,1.0,3969.21,0.0,11.392053900904193,0.0
134.3442351,134.9089291,0.3010769999999256,1.320471499999998,12.155259999999824,0.223734175807268,1.2884188459063846,11.957693039715034,-0.0282717199999989,-0.0974990400000009,-0.007718000000002,12.02898594794924,1.0,3970.67,0.0,11.496708528770249,0.0
134.4574407,135.0221347,0.2660769999999257,1.205471499999998,12.175259999999824,0.2338565337986002,1.2685896836881283,12.009703993190133,-0.0266717199999989,-0.0982990400000009,-0.006118000000002,12.07878299614689,1.0,3969.7,0.0,11.42694472807982,0.0
134.5708243,135.1355183,0.2210769999999258,1.055471499999998,11.590259999999825,0.2308014939296502,1.217642242394691,11.909432876717876,-0.0234717199999989,-0.0938990400000009,-0.004918000000002,11.973742664894411,1.0,3969.7,0.0,11.42694472807982,0.0
134.67273889999998,135.2374329,0.2460769999999257,1.1354714999999982,11.335259999999824,0.2344532140000584,1.1979987328557868,11.772172702937096,-0.0254717199999989,-0.0902990400000009,-0.006118000000002,11.835295493618077,1.0,3964.32,0.0,11.05619194665304,0.0
134.7858422,135.3505362,0.3110769999999256,1.165471499999998,10.780259999999824,0.2527706835437262,1.1902228628775435,11.535048806108737,-0.0254717199999989,-0.0850990400000009,-0.007318000000002,11.599046272909089,1.0,3961.88,0.0,10.896547760723527,0.0
134.89676459999998,135.4614586,0.1710769999999257,1.060471499999998,9.590259999999825,0.2332412183692151,1.1592048623083346,11.070132993611194,-0.0210717199999989,-0.0790990400000009,-0.006918000000002,11.133103874256486,1.0,3944.28,0.0,9.878202851039768,0.0
135.0108354,135.5755294,-0.0939230000000743,0.8354714999999981,8.935259999999825,0.1550302486610918,1.0818140635247506,10.559776182997023,-0.0178717199999989,-0.0754990400000009,-0.002118000000002,10.616177705795575,1.0,3918.87,0.0,8.72335819203641,0.0
135.11482089999998,135.6795149,-0.0389230000000742,0.7404714999999981,8.465259999999823,0.10866432352588,1.0002136579883685,10.059066959482056,-0.0162717199999989,-0.0702990400000009,-0.002918000000002,10.109256322409546,1.0,3907.62,0.0,8.299594837823467,0.0
135.22676959999998,135.7914636,-0.0489230000000742,0.8054714999999981,8.275259999999825,0.0709919354875261,0.9536591383797144,9.63263502029081,-0.0170717199999989,-0.0682990400000009,-0.002918000000002,9.679987760387528,1.0,3893.94,0.0,7.8401297671765455,0.0
135.3391761,135.9038701,0.0360769999999257,0.730471499999998,8.295259999999825,0.062645267947314,0.9003045212044332,9.312925861013758,-0.0170717199999989,-0.0686990400000009,-0.005318000000002,9.35655175549391,1.0,3894.92,0.0,7.871228734209808,0.0
135.45082159999998,136.0155156,0.0860769999999258,0.8804714999999981,8.660259999999823,0.068246792756201,0.895563294219489,9.156901372334287,-0.0190717199999989,-0.0702990400000009,-0.004518000000002,9.20084419938368,1.0,3901.76,0.0,8.095877141583017,0.0
135.555188,136.119882,0.1960769999999256,1.040471499999998,8.840259999999823,0.0988055271934647,0.9302046475717838,9.081205964983733,-0.0198717199999989,-0.0714990400000009,-0.004518000000002,9.129257636687893,1.0,3905.18,0.0,8.213446689581454,0.0
135.6657797,136.2304737,0.0660769999999257,0.9754714999999982,9.530259999999824,0.0909815363497103,0.9410260156348674,9.188555575845854,-0.0210717199999989,-0.0782990400000009,-0.004518000000002,9.23706453222376,1.0,3913.49,0.0,8.515033067682477,0.0
135.780166,136.34486,0.1410769999999257,1.140471499999998,9.680259999999826,0.102957218805421,0.9887048993888844,9.306101070321194,-0.0226717199999989,-0.0786990400000009,-0.005718000000002,9.359041334346855,1.0,3922.29,0.0,8.861606439491577,0.0
135.8907786,136.4554726,0.2210769999999258,1.1354714999999982,9.925259999999824,0.1311946057512813,1.0237905154497562,9.454115485023932,-0.0222717199999989,-0.0802990400000009,-0.006118000000002,9.510292248310376,1.0,3926.69,0.49,9.046590947216947,0.0026926604633974944
135.9951739,136.5598679,0.2060769999999256,1.3004714999999982,10.115259999999823,0.1490957830176832,1.0899331034422088,9.612166857179504,-0.0242717199999989,-0.0806990400000009,-0.008518000000002,9.674912682435584,1.0,3929.13,0.0,9.152819581365435,0.0
136.1109038,136.6755978,0.3060769999999257,1.2804714999999982,10.205259999999823,0.1866232769084851,1.1354826835145464,9.753950057244667,-0.0254717199999989,-0.0802990400000009,-0.008118000000002,9.82159309334635,1.0,3934.51,0.0,9.39686511832866,0.0
136.2151888,136.7798828,0.3660769999999256,1.2204714999999982,10.265259999999824,0.2295229857173261,1.1557998740215167,9.876182392564257,-0.0254717199999989,-0.0810990400000009,-0.006118000000002,9.946232090644022,1.0,3934.51,0.49,9.39686511832866,0.0026926604633974944
136.3301245,136.8948185,0.3710769999999257,1.3454714999999982,10.410259999999823,0.2633624953626721,1.2011422463256574,10.00385750259044,-0.0262717199999989,-0.0814990400000009,-0.009318000000002,10.07915013441148,1.0,3936.46,0.0,9.488841241944613,0.0
136.4351451,136.9998391,0.2810769999999256,1.320471499999998,10.275259999999824,0.2675972756588926,1.229668766404581,10.068738230102134,-0.0262717199999989,-0.0814990400000009,-0.006518000000002,10.147077565650678,1.0,3936.95,0.0,9.5122608044604,0.0
136.5507418,137.1154358,0.2660769999999257,1.3554714999999982,10.085259999999824,0.267233842780737,1.2597428186205362,10.072687878543013,-0.0266717199999989,-0.0802990400000009,-0.008918000000002,10.154674145158015,1.0,3937.44,0.0,9.535805983048766,0.0
136.657363,137.222057,0.1810769999999257,1.190471499999998,9.770259999999826,0.2466374271504937,1.243183009515259,10.000390309556009,-0.0226717199999989,-0.0790990400000009,-0.005718000000002,10.080383939070998,1.0,3932.06,0.0,9.284003868621523,0.0
136.7630068,137.3277008,0.1610769999999257,1.1254714999999982,9.865259999999823,0.2261835889849344,1.2150432228635175,9.968086432927851,-0.0230717199999989,-0.0798990400000009,-0.005718000000002,10.04441318264402,1.0,3930.11,0.0,9.196248681722839,0.0
136.877707,137.442401,0.2410769999999256,1.1954714999999982,9.770259999999826,0.229743966472271,1.2103644611344868,9.920794595115272,-0.0246717199999989,-0.0782990400000009,-0.008118000000002,9.996996039679928,1.0,3933.04,0.0,9.328794611996171,0.0
136.9836157,137.5483097,0.1860769999999256,1.140471499999998,9.680259999999826,0.2193050627038911,1.1936560438957462,9.863293062624653,-0.0238717199999989,-0.0794990400000009,-0.006118000000002,9.937678778310154,1.0,3929.13,0.0,9.152819581365435,0.0
137.0967463,137.6614403,0.0460769999999257,1.035471499999998,9.480259999999824,0.1778936429824229,1.1558408860139056,9.771726242122462,-0.0214717199999989,-0.0782990400000009,-0.004518000000002,9.84145558608988,1.0,3929.13,0.0,9.152819581365435,0.0
137.2053237,137.7700177,0.0260769999999257,0.925471499999998,9.315259999999824,0.141600777813132,1.100769420188522,9.66260468960862,-0.0210717199999989,-0.0770990400000009,-0.005318000000002,9.726133532105449,1.0,3925.71,0.0,9.004670940194076,0.0
137.3151049,137.8797989,0.0660769999999257,1.0704714999999982,9.035259999999823,0.1235462731725164,1.0935264835070753,9.512633409863833,-0.0222717199999989,-0.0742990400000009,-0.006118000000002,9.576077393286027,1.0,3919.35,0.0,8.742480412093396,0.0
137.4301248,137.9948188,0.1560769999999256,1.140471499999998,9.045259999999825,0.1313229784099146,1.1047490288122312,9.400904420112282,-0.0218717199999989,-0.0734990400000009,-0.006118000000002,9.466505165973697,1.0,3917.89,0.0,8.684595543803464,0.0
137.5341343,138.0988283,0.0760769999999257,1.145471499999998,8.855259999999824,0.1181160281955666,1.114484029712945,9.270464179961532,-0.0222717199999989,-0.0718990400000009,-0.005718000000002,9.337961884723654,1.0,3916.91,0.0,8.646202212456995,0.0
137.6466786,138.2113726,0.2010769999999258,1.215471499999998,8.825259999999826,0.1379484477831613,1.138625813979235,9.164034904760014,-0.0242717199999989,-0.0702990400000009,-0.008918000000002,9.235531075913585,1.0,3916.42,0.0,8.627142324207485,0.0
137.759126,138.32382,0.1210769999999257,1.0954714999999982,8.775259999999825,0.1339152063178083,1.1283094634925346,9.071095455418533,-0.0230717199999989,-0.0718990400000009,-0.006118000000002,9.141979451366357,1.0,3913.49,0.0,8.515033067682477,0.0
137.8726544,138.4373484,0.0210769999999256,1.1154714999999982,9.005259999999826,0.1069404179982452,1.1252404555831934,9.055357014230992,-0.0222717199999989,-0.0742990400000009,-0.006518000000002,9.125628361437098,1.0,3914.47,0.49,8.55217977165024,0.0026926604633974944
137.9760923,138.5407863,0.1160769999999256,1.215471499999998,9.135259999999825,0.1091245839248583,1.1468108385449671,9.074458400167094,-0.0230717199999989,-0.0746990400000009,-0.006118000000002,9.147288042397271,1.0,3916.91,0.0,8.646202212456995,0.0
138.0866915,138.6513855,0.0260769999999257,1.215471499999998,9.280259999999824,0.0892714590841883,1.1632246656436802,9.123656759237743,-0.0234717199999989,-0.0762990400000009,-0.006118000000002,9.197943991814338,1.0,3918.38,0.49,8.703930356521571,0.0026926604633974944
138.1982357,138.7629297,0.1810769999999257,1.255471499999998,9.260259999999825,0.1112182368075819,1.1852769377517764,9.156312750710551,-0.0238717199999989,-0.0746990400000009,-0.006918000000002,9.233380426701231,1.0,3918.38,0.0,8.703930356521571,0.0
138.3090567,138.8737507,0.1660769999999256,1.1954714999999982,9.095259999999826,0.1243326204270598,1.1877140214987627,9.141717649631849,-0.0234717199999989,-0.0730990400000009,-0.007318000000002,9.219388525436894,1.0,3919.35,0.0,8.742480412093396,0.0
138.4137896,138.9784836,0.2410769999999256,1.210471499999998,9.075259999999826,0.1522412076799014,1.193154361125648,9.125830468423125,-0.0246717199999989,-0.0722990400000009,-0.007718000000002,9.20475835930465,1.0,3919.84,0.0,8.76209447347617,0.0
138.5260553,139.0907493,0.1610769999999257,1.0704714999999982,8.785259999999823,0.1543534676603271,1.1638261369603344,9.044414637798058,-0.0226717199999989,-0.0722990400000009,-0.006518000000002,9.12029343883554,1.0,3915.93,0.0,8.608172719333783,0.0
138.6376506,139.2023446,0.0960769999999258,1.1054714999999982,8.675259999999824,0.1404220570995935,1.1498760394637868,8.956165555003002,-0.0218717199999989,-0.0718990400000009,-0.006518000000002,9.030771545603136,1.0,3910.07,0.49,8.388073552794213,0.0026926604633974944
138.7500562,139.3147502,0.1060769999999255,1.085471499999998,8.480259999999824,0.1322116231045963,1.1344796690716483,8.842396894323038,-0.0218717199999989,-0.0690990400000009,-0.006518000000002,8.915857046271803,1.0,3903.71,0.0,8.16246611379945,0.0
138.8535518,139.4182458,0.1460769999999256,1.185471499999998,8.745259999999824,0.1355262416095095,1.1466696346002052,8.819175618055965,-0.0226717199999989,-0.0706990400000009,-0.007318000000002,8.89444080283813,1.0,3905.18,0.0,8.213446689581454,0.0
138.9660116,139.5307056,0.1260769999999256,1.005471499999998,9.255259999999826,0.1332673321450958,1.112915200563671,8.923424739663448,-0.0210717199999989,-0.0746990400000009,-0.005718000000002,8.993544880073731,1.0,3913.49,0.0,8.515033067682477,0.0
139.0825907,139.6472847,0.1910769999999257,1.140471499999998,9.530259999999824,0.1470871508403275,1.1195027329999043,9.06849309218853,-0.0226717199999989,-0.0770990400000009,-0.006518000000002,9.138516726592323,1.0,3915.93,0.49,8.608172719333783,0.0026926604633974944
139.1875937,139.7522877,0.2960769999999257,1.1054714999999982,9.720259999999826,0.1827042505265962,1.116148465395112,9.224302679611222,-0.0226717199999989,-0.0774990400000009,-0.006518000000002,9.293380879155182,1.0,3921.8,0.0,8.841509372838155,0.0
139.2991577,139.8638517,0.2960769999999257,1.1554714999999982,9.810259999999824,0.2098068252488005,1.125548920871703,9.36438000977768,-0.0230717199999989,-0.0782990400000009,-0.006518000000002,9.4341132198379,1.0,3924.24,0.0,8.942571402750156,0.0
139.4126163,139.9773103,0.2610769999999256,1.2304714999999982,9.875259999999823,0.2220633308788393,1.1506314213321862,9.48650956183844,-0.0246717199999989,-0.0782990400000009,-0.008118000000002,9.558615404834011,1.0,3926.69,0.0,9.046590947216947,0.0
139.5186026,140.0832966,0.2260769999999257,1.1154714999999982,9.915259999999826,0.2230228274754181,1.142226188156143,9.589005451207168,-0.0238717199999989,-0.0802990400000009,-0.006518000000002,9.659370858899951,1.0,3925.71,0.0,9.004670940194076,0.0
139.6303044,140.1949984,0.2560769999999257,1.210471499999998,10.335259999999824,0.2309246661878756,1.158540722929981,9.767402991748389,-0.0230717199999989,-0.0830990400000009,-0.007318000000002,9.838582418791663,1.0,3929.62,0.0,9.174478563364712,0.0
139.735953,140.300647,0.3560769999999256,1.335471499999998,10.340259999999825,0.2608432356373823,1.2008373032676207,9.9043485976669,-0.0246717199999989,-0.0822990400000009,-0.008518000000002,9.980289102355858,1.0,3936.46,0.0,9.488841241944613,0.0
139.8475753,140.4122693,0.3710769999999257,1.225471499999998,10.205259999999823,0.2871954132940468,1.2067262859443424,9.976283642061407,-0.0238717199999989,-0.0826990400000009,-0.006918000000002,10.053104239063089,1.0,3934.51,0.0,9.39686511832866,0.0
139.9609838,140.5256778,0.2360769999999257,1.1954714999999982,10.205259999999823,0.2749751873365705,1.2040357480641548,10.031022094462651,-0.0230717199999989,-0.0830990400000009,-0.006918000000002,10.106765936533066,1.0,3934.51,0.0,9.39686511832866,0.0
140.0643923,140.6290863,0.2460769999999257,1.055471499999998,10.405259999999824,0.2680668669044906,1.168520391394128,10.120486369130248,-0.0226717199999989,-0.0850990400000009,-0.006918000000002,10.19124840723584,1.0,3934.02,0.0,9.37405573835131,0.0
140.1758955,140.7405895,0.2610769999999256,1.210471499999998,10.075259999999826,0.2663958887288771,1.1785491069448375,10.109674678891936,-0.0234717199999989,-0.0822990400000009,-0.006518000000002,10.181623980487636,1.0,3931.57,0.0,9.261782507426968,0.0
140.2884923,140.8531863,0.2310769999999256,1.285471499999998,10.005259999999826,0.2579526532483191,1.2041096773704152,10.084713595651786,-0.0246717199999989,-0.0810990400000009,-0.007718000000002,10.159619480707873,1.0,3930.11,0.0,9.196248681722839,0.0
140.39498129999998,140.9596753,0.1260769999999256,1.085471499999998,10.025259999999824,0.2264268257209123,1.175748364074011,10.070500784141556,-0.0226717199999989,-0.0822990400000009,-0.005718000000002,10.141431820331114,1.0,3931.57,0.0,9.261782507426968,0.0
140.5085142,141.0732082,0.2660769999999257,1.185471499999998,10.015259999999824,0.2359054862997331,1.1780727499532666,10.057295075654556,-0.0234717199999989,-0.0814990400000009,-0.006118000000002,10.128805015471182,1.0,3929.13,0.0,9.152819581365435,0.0
140.61852919999998,141.1832232,0.1960769999999256,1.075471499999998,10.025259999999824,0.2263841989442848,1.153545180000452,10.049636859410375,-0.0230717199999989,-0.0818990400000009,-0.006918000000002,10.1181578013912,1.0,3928.15,0.0,9.109831494730404,0.0
140.73195189999998,141.2966459,0.2410769999999256,1.170471499999998,10.075259999999826,0.2298966191717105,1.1575915390654894,10.055762256259875,-0.0234717199999989,-0.0822990400000009,-0.008118000000002,10.12478272266834,1.0,3929.13,0.0,9.152819581365435,0.0
140.8375102,141.4022042,0.2610769999999256,1.235471499999998,10.065259999999824,0.2373505144436275,1.176209306301402,10.058032760508912,-0.0238717199999989,-0.0826990400000009,-0.008518000000002,10.12935469861764,1.0,3930.11,0.0,9.196248681722839,0.0
140.9509379,141.5156319,0.1710769999999257,1.085471499999998,10.005259999999826,0.2215073520817933,1.154517778250464,10.04541705089934,-0.0230717199999989,-0.0818990400000009,-0.005718000000002,10.113969573506823,1.0,3931.57,0.0,9.261782507426968,0.0
141.05690959999998,141.6216036,0.2360769999999257,1.145471499999998,9.975259999999825,0.2249903316620873,1.1523552000878978,10.028645501094587,-0.0230717199999989,-0.0822990400000009,-0.006118000000002,10.097141860107527,1.0,3930.6,0.49,9.21813083145133,0.0026926604633974944
141.169055,141.733749,0.2660769999999257,1.185471499999998,9.985259999999826,0.2348123965223441,1.1602718908011431,10.018273883657915,-0.0234717199999989,-0.0810990400000009,-0.006118000000002,10.087972012754896,1.0,3930.6,0.49,9.21813083145133,0.0026926604633974944
141.2744026,141.8390966,0.2460769999999257,1.150471499999998,9.995259999999824,0.2375052813547701,1.1579290365859218,10.012772248526112,-0.0234717199999989,-0.0806990400000009,-0.007718000000002,10.082302143523316,1.0,3928.15,0.0,9.109831494730404,0.0
141.3885104,141.9532044,0.4110769999999257,1.315471499999998,9.985259999999826,0.2789988545114165,1.195590700490479,10.00619524677813,-0.0254717199999989,-0.0802990400000009,-0.010518000000002,10.081231115323328,1.0,3932.06,0.0,9.284003868621523,0.0
141.501876,142.06657,0.3610769999999257,1.290471499999998,9.945259999999823,0.2986202280910137,1.2182726409951872,9.991628235863276,-0.0246717199999989,-0.0802990400000009,-0.006118000000002,10.07005447215271,1.0,3933.53,0.49,9.351365895365342,0.0026926604633974944
141.6068785,142.1715725,0.2660769999999257,1.140471499999998,10.105259999999824,0.2908405343362288,1.1996737162351336,10.018792729911745,-0.0242717199999989,-0.0818990400000009,-0.006518000000002,10.094553630882883,1.0,3930.6,0.0,9.21813083145133,0.0
141.7194589,142.2841529,0.4060769999999256,1.265471499999998,10.065259999999824,0.3183886438765005,1.2154031517416986,10.029901066487769,-0.0246717199999989,-0.0806990400000009,-0.008518000000002,10.108288260301329,1.0,3931.57,0.0,9.261782507426968,0.0
141.8319153,142.3966093,0.4010769999999257,1.265471499999998,10.185259999999824,0.3381558927162984,1.2273723520671007,10.067040741796276,-0.0250717199999989,-0.0814990400000009,-0.007718000000002,10.14722137313381,1.0,3933.53,0.49,9.351365895365342,0.0026926604633974944
141.9368747,142.5015687,0.4110769999999257,1.2504714999999982,10.450259999999826,0.3555882101661395,1.2328943702397115,10.158652073696564,-0.0246717199999989,-0.0838990400000009,-0.006518000000002,10.239369290039178,1.0,3932.06,0.0,9.284003868621523,0.0
142.0503338,142.6150278,0.3810769999999257,1.1554714999999982,10.460259999999824,0.3616814894970007,1.2143858738362352,10.2307536271776,-0.0230717199999989,-0.0846990400000009,-0.006918000000002,10.3089216861137,1.0,3935.48,0.0,9.44237479510362,0.0
142.1634622,142.7281562,0.4060769999999256,1.245471499999998,10.520259999999826,0.3722945569786091,1.221817117321144,10.29996221688208,-0.0238717199999989,-0.0846990400000009,-0.006118000000002,10.378856486845422,1.0,3936.95,0.0,9.5122608044604,0.0
142.2674845,142.8321785,0.4710769999999258,1.285471499999998,10.550259999999824,0.395909213548766,1.2370341573150032,10.35979770999012,-0.0238717199999989,-0.0846990400000009,-0.006118000000002,10.44090064140318,1.0,3935.0,0.0,9.419795023658432,0.0
142.3818757,142.9465697,0.3310769999999257,1.225471499999998,10.520259999999826,0.380410604577245,1.2342700205597164,10.398157379534052,-0.0246717199999989,-0.0834990400000009,-0.007318000000002,10.47806335165453,1.0,3935.97,0.0,9.465546250046144,0.0
142.4935542,143.0582482,0.3910769999999257,1.185471499999998,10.560259999999824,0.3829604834529247,1.222604381718401,10.436909181922616,-0.0242717199999989,-0.0838990400000009,-0.008118000000002,10.515250519021606,1.0,3941.35,0.0,9.72831590279156,0.0
142.5968638,143.1615578,0.4060769999999256,1.1754714999999982,10.630259999999826,0.3884866537182013,1.2113369258740283,10.48313109167501,-0.0242717199999989,-0.0850990400000009,-0.006918000000002,10.560032978800132,1.0,3938.91,0.0,9.607205850309807,0.0
142.71001379999998,143.2747078,0.4560769999999257,1.225471499999998,10.610259999999826,0.4046446142431953,1.2147158979215025,10.513522175539798,-0.0250717199999989,-0.0842990400000009,-0.008118000000002,10.591195424127832,1.0,3938.9,0.98,9.606716220296931,0.004371481584591482
142.8153778,143.3800718,0.4660769999999257,1.350471499999998,10.520259999999826,0.4193304698219801,1.2471692552439848,10.51513290114839,-0.0250717199999989,-0.0830990400000009,-0.007718000000002,10.597135892445673,1.0,3939.39,0.0,9.63077189719942,0.0
142.9278359,143.4925299,0.5010769999999256,1.225471499999998,10.530259999999824,0.438872568366127,1.241982250116773,10.518749143401095,-0.0242717199999989,-0.0834990400000009,-0.007318000000002,10.60090621516249,1.0,3939.39,0.0,9.63077189719942,0.0
143.0399828,143.6046768,0.4760769999999257,1.210471499999998,10.520259999999826,0.4477665564985166,1.2344493776799663,10.519110324584863,-0.0234717199999989,-0.0834990400000009,-0.005718000000002,10.600756679405526,1.0,3940.86,0.0,9.703729441195543,0.0
143.15340129999998,143.7180953,0.4610769999999258,1.3004714999999982,10.400259999999824,0.4509485141669904,1.2502324429386786,10.490698295964336,-0.0242717199999989,-0.0818990400000009,-0.006918000000002,10.574553723952366,1.0,3939.39,0.0,9.63077189719942,0.0
143.2578203,143.8225143,0.4810769999999258,1.235471499999998,10.175259999999824,0.4581509463418059,1.246703732901882,10.415290492710572,-0.0254717199999989,-0.0794990400000009,-0.008118000000002,10.499640400261937,1.0,3937.44,0.0,9.535805983048766,0.0
143.3693733,143.9340673,0.5010769999999256,1.3654714999999982,10.065259999999824,0.4684127295498794,1.2750960255587984,10.331613174944058,-0.0254717199999989,-0.0794990400000009,-0.009318000000002,10.420533151248923,1.0,3934.02,0.0,9.37405573835131,0.0
143.4828188,144.0475128,0.3860769999999256,1.225471499999998,9.975259999999825,0.448729778639707,1.263232924255714,10.246424374317035,-0.0238717199999989,-0.0790990400000009,-0.008118000000002,10.333747059695236,1.0,3933.53,0.0,9.351365895365342,0.0
143.5867668,144.1514608,0.3660769999999256,1.215471499999998,9.780259999999824,0.428971034854372,1.2518152107774505,10.13498441324655,-0.0238717199999989,-0.0782990400000009,-0.006518000000002,10.221006140660924,1.0,3930.11,0.0,9.196248681722839,0.0
143.7025133,144.2672073,0.3960769999999256,1.2304714999999982,9.650259999999824,0.4211074782087148,1.246712842537443,10.019107540799467,-0.0242717199999989,-0.0766990400000009,-0.008518000000002,10.105154146971527,1.0,3929.13,0.98,9.152819581365435,0.004371481584591482
143.8069378,144.3716318,0.3360769999999258,1.1254714999999982,9.570259999999823,0.4007803281658326,1.217729223803609,9.91180729387142,-0.0218717199999989,-0.0778990400000009,-0.006918000000002,9.99436907287262,1.0,3926.69,0.0,9.046590947216947,0.0
143.92094219999998,144.4856362,0.3810769999999257,1.1254714999999982,9.540259999999826,0.3960701052386006,1.195674348494476,9.822986229358412,-0.0218717199999989,-0.0770990400000009,-0.006118000000002,9.903411893790766,1.0,3923.75,0.0,8.922076458526654,0.0
144.0333545,144.5980485,0.3410769999999257,1.150471499999998,9.690259999999824,0.3829236061825126,1.1848682810340916,9.791257065467631,-0.0226717199999989,-0.0778990400000009,-0.007318000000002,9.8701194650137,1.0,3924.24,0.0,8.942571402750156,0.0
144.1383408,144.7030348,0.4010769999999257,1.020471499999998,9.820259999999823,0.3872633061076148,1.145568042989547,9.79819042647346,-0.0222717199999989,-0.0778990400000009,-0.006918000000002,9.872529293084549,1.0,3927.66,0.0,9.088500648010069,0.0
144.2517667,144.8164607,0.4810769999999258,1.110471499999998,10.015259999999824,0.4096901473061736,1.137177960864132,9.850082476051028,-0.0218717199999989,-0.0794990400000009,-0.006518000000002,9.923968183971692,1.0,3929.62,0.0,9.174478563364712,0.0
144.3644571,144.9291511,0.3960769999999256,1.165471499999998,10.075259999999826,0.4064358261065386,1.1439417357760726,9.903912789745757,-0.0218717199999989,-0.0794990400000009,-0.007318000000002,9.978039953943002,1.0,3929.13,0.49,9.152819581365435,0.0026926604633974944
144.4684393,145.0331333,0.4910769999999256,1.1154714999999982,10.015259999999824,0.4266699101406411,1.1371357202559025,9.93053114468589,-0.0230717199999989,-0.0786990400000009,-0.007318000000002,10.004527658719216,1.0,3932.06,0.0,9.284003868621523,0.0
144.583344,145.148038,0.4660769999999257,1.200471499999998,9.915259999999826,0.4360904596329786,1.152276595916744,9.926880467235884,-0.0230717199999989,-0.0786990400000009,-0.007718000000002,10.003043139628543,1.0,3929.62,0.0,9.174478563364712,0.0
144.6943259,145.2590199,0.4960769999999257,1.215471499999998,9.840259999999825,0.4504306754271114,1.1673837942332304,9.90617321883057,-0.0234717199999989,-0.0778990400000009,-0.008518000000002,9.984885605648175,1.0,3929.13,0.0,9.152819581365435,0.0
144.8003198,145.3650138,0.4310769999999257,1.2304714999999982,9.850259999999825,0.445804039512826,1.182465366017802,9.892806759973755,-0.0230717199999989,-0.0778990400000009,-0.008118000000002,9.97319362960832,1.0,3929.62,0.0,9.174478563364712,0.0
144.9144299,145.4791239,0.4310769999999257,1.205471499999998,9.870259999999824,0.4422834343348672,1.1879651485336011,9.887416794132973,-0.0226717199999989,-0.0770990400000009,-0.007718000000002,9.96834423017786,1.0,3930.11,0.0,9.196248681722839,0.0
145.0177141,145.5824081,0.5010769999999256,1.290471499999998,9.905259999999824,0.4563384609089287,1.2124700323176194,9.891682341387812,-0.0234717199999989,-0.0770990400000009,-0.007318000000002,9.976156971153598,1.0,3928.64,0.0,9.131270850406509,0.0
145.1327193,145.6974133,0.5260769999999257,1.2804714999999982,9.905259999999824,0.4730099624426879,1.2287262743832208,9.894928178758734,-0.0238717199999989,-0.0770990400000009,-0.007718000000002,9.982139567483683,1.0,3928.15,0.0,9.109831494730404,0.0
145.236178,145.800872,0.3960769999999256,1.335471499999998,9.825259999999826,0.4546185820369757,1.254244491652864,9.878273497370618,-0.0230717199999989,-0.0798990400000009,-0.005718000000002,9.967953380149288,1.0,3929.62,0.0,9.174478563364712,0.0
145.3486919,145.9133859,0.3510769999999257,1.1354714999999982,9.720259999999826,0.4298662189069402,1.2258509500283945,9.84049922939614,-0.0226717199999989,-0.0798990400000009,-0.005318000000002,9.92587127669853,1.0,3922.29,0.0,8.861606439491577,0.0
145.4636486,146.0283426,0.4960769999999257,1.190471499999998,9.810259999999824,0.4456943844081244,1.2173932369317328,9.833270323172531,-0.0238717199999989,-0.0778990400000009,-0.008918000000002,9.918361509150875,1.0,3924.73,0.0,8.963168266030802,0.0
145.5676655,146.1323595,0.4760769999999257,1.2304714999999982,9.720259999999826,0.4529575681375312,1.2205196901904825,9.806254389075518,-0.0238717199999989,-0.0778990400000009,-0.007318000000002,9.8922931626564,1.0,3923.26,0.49,8.90168264622171,0.0026926604633974944
145.6801918,146.2448858,0.3910769999999257,1.325471499999998,9.670259999999825,0.4381645713231031,1.2456091784564622,9.77374394799645,-0.0242717199999989,-0.0778990400000009,-0.006518000000002,9.862535230761662,1.0,3925.71,0.0,9.004670940194076,0.0
145.7936739,146.3583679,0.4260769999999256,1.150471499999998,9.590259999999825,0.4352749500823881,1.2228658291838934,9.729880784811249,-0.0230717199999989,-0.0778990400000009,-0.007318000000002,9.816080949390852,1.0,3926.2,0.49,9.025578367569242,0.0026926604633974944
145.8976614,146.4623554,0.3560769999999256,1.210471499999998,9.600259999999825,0.4163421080200167,1.2199028752606744,9.698893999871991,-0.0230717199999989,-0.0790990400000009,-0.006118000000002,9.78417337319473,1.0,3925.22,0.0,8.983867843859914,0.0
146.0092409,146.5739349,0.4310769999999257,1.2504714999999982,9.530259999999824,0.4198645903869372,1.2272105258204542,9.658580824056186,-0.0230717199999989,-0.0774990400000009,-0.005718000000002,9.745281703664146,1.0,3920.82,0.0,8.801608732474644,0.0
146.124394,146.689088,0.3210769999999256,1.235471499999998,9.450259999999826,0.3962487033018282,1.2291853713721357,9.60878022623698,-0.0226717199999989,-0.0766990400000009,-0.006518000000002,9.695182677401515,1.0,3926.2,0.49,9.025578367569242,0.0026926604633974944
146.2276563,146.7923503,0.4110769999999257,1.0954714999999982,9.430259999999826,0.3997935147413509,1.1972201045236757,9.566103676594372,-0.0234717199999989,-0.0762990400000009,-0.004918000000002,9.649016031930785,1.0,3921.31,0.0,8.821510386218092,0.0
146.3392283,146.9039223,0.3460769999999258,1.055471499999998,9.355259999999824,0.3869521938652232,1.1633340766755558,9.51569997265181,-0.0222717199999989,-0.0754990400000009,-0.006518000000002,9.594353763741324,1.0,3919.84,0.49,8.76209447347617,0.0026926604633974944
146.4518195,147.0165135,0.4810769999999258,1.180471499999998,9.295259999999825,0.4094534086926795,1.167430901515338,9.46300220481681,-0.0230717199999989,-0.0742990400000009,-0.006918000000002,9.543529626509828,1.0,3918.87,0.0,8.72335819203641,0.0
146.556118,147.120812,0.5060769999999257,1.2404714999999982,9.225259999999825,0.4325519761658836,1.1848917841999438,9.406168213398178,-0.0226717199999989,-0.0738990400000009,-0.007318000000002,9.490367232678189,1.0,3919.35,0.0,8.742480412093396,0.0
146.66864859999998,147.2333426,0.4010769999999257,1.130471499999998,9.005259999999826,0.4250276557504371,1.171882222151,9.310328208980447,-0.0222717199999989,-0.0722990400000009,-0.006918000000002,9.393410871972083,1.0,3912.02,0.0,8.459959372272031,0.0
146.7836108,147.3483048,0.4410769999999258,1.1554714999999982,9.005259999999826,0.428864367427492,1.167959120476135,9.237399449929654,-0.0218717199999989,-0.0718990400000009,-0.006518000000002,9.32081550886579,1.0,3911.53,0.0,8.441771339612066,0.0
146.8961764,147.4608704,0.4060769999999256,1.160471499999998,8.875259999999823,0.4234168826368613,1.1661691507136591,9.150827398469527,-0.0222717199999989,-0.0702990400000009,-0.007718000000002,9.234547873131564,1.0,3910.56,0.0,8.406013343910125,0.0
147.000271,147.564965,0.4360769999999256,1.0304714999999982,8.915259999999826,0.4264433751442609,1.1337296470835585,9.094513310218169,-0.0206717199999989,-0.0714990400000009,-0.006518000000002,9.174822571288017,1.0,3909.09,0.0,8.35243976305656,0.0
147.1142538,147.6789478,0.4610769999999258,1.090471499999998,8.830259999999825,0.4347227933458303,1.1233884745432197,9.031341647547436,-0.0206717199999989,-0.0706990400000009,-0.005718000000002,9.11131810039117,1.0,3909.09,0.0,8.35243976305656,0.0
147.2177361,147.7824301,0.3760769999999256,1.090471499999998,8.690259999999824,0.4207030928121121,1.1155194339992534,8.949803615860144,-0.0202717199999989,-0.0698990400000009,-0.004918000000002,9.028862578553015,1.0,3906.65,0.0,8.265115924369663,0.0
147.3286276,147.8933216,0.4210769999999257,1.020471499999998,8.490259999999825,0.4207924780263189,1.092797538787459,8.83994639492456,-0.0198717199999989,-0.0678990400000009,-0.006518000000002,8.917170236991284,1.0,3898.83,0.0,7.997983812023917,0.0
147.44518159999998,148.0098756,0.2960769999999257,1.045471499999998,8.350259999999825,0.3909783421080496,1.081483907350437,8.722883324913926,-0.0202717199999989,-0.0678990400000009,-0.005718000000002,8.798361495523867,1.0,3895.41,0.0,7.886877486133147,0.0
147.5486242,148.1133182,0.3910769999999257,1.045471499999998,8.075259999999826,0.3910019269897687,1.072874881233704,8.568064290914439,-0.0202717199999989,-0.0654990400000009,-0.006918000000002,8.643822575165174,1.0,3888.56,0.0,7.67397637789707,0.0
147.6635589,148.2282529,0.2610769999999256,1.0704714999999982,7.875259999999824,0.3599424346657555,1.0723003355886962,8.40244442062282,-0.0198717199999989,-0.0638990400000009,-0.006118000000002,8.478234415704268,1.0,3878.79,0.49,7.390685438075674,0.0026926604633974944
147.7695888,148.3342828,0.3260769999999258,1.035471499999998,7.845259999999825,0.351846657878173,1.0634961364040474,8.269245459989556,-0.0186717199999989,-0.0630990400000009,-0.006918000000002,8.344773249188036,1.0,3876.83,0.0,7.3365133638944044,0.0
147.8811727,148.4458667,0.4010769999999257,1.0504714999999982,7.800259999999825,0.3636155267832035,1.0603825029867566,8.157131098010629,-0.0198717199999989,-0.0618990400000009,-0.006518000000002,8.233797122475776,1.0,3874.88,0.0,7.283450024684484,0.0
147.9870432,148.5517372,0.3860769999999256,0.990471499999998,7.590259999999824,0.368985104208599,1.0436697727129036,8.021616467175024,-0.0190717199999989,-0.0594990400000009,-0.008518000000002,8.097637145986226,1.0,3871.95,0.0,7.205236380686546,0.0
148.0995416,148.6642356,0.4510769999999258,1.075471499999998,7.390259999999825,0.3886097648974115,1.0512722053441808,7.870686143023468,-0.0186717199999989,-0.0582990400000009,-0.005318000000002,7.95008749392637,1.0,3863.15,0.0,6.980694543152477,0.0
148.2111302,148.7758242,0.4160769999999256,0.980471499999998,7.145259999999825,0.3951760058612805,1.034346785294922,7.697267783337626,-0.0174717199999989,-0.0558990400000009,-0.007318000000002,7.776501056147665,1.0,3851.91,0.0,6.714562432386344,0.0
148.3251029,148.8897969,0.4160769999999256,0.925471499999998,6.3952599999998245,0.4001725394907683,1.0083193618724955,7.386013417533385,-0.0166717199999989,-0.0486990400000009,-0.006118000000002,7.465255534867687,1.0,3824.05,0.0,6.138648106131364,0.0
148.4295325,148.9942265,0.4760769999999257,0.8354714999999981,5.680259999999825,0.4183180490797545,0.9669988319062126,6.978240741373369,-0.0146717199999989,-0.0402990400000009,-0.004518000000002,7.057330981019454,1.0,3765.4,0.0,5.209076788644816,0.0
148.54256089999998,149.1072549,0.4310769999999257,0.6104714999999981,5.0202599999998245,0.4213681684629157,0.8817683977993866,6.5101713014574125,-0.0118717199999989,-0.0362990400000009,-0.004118000000002,6.58311453759322,1.0,3716.03,0.49,4.624801701397075,0.0026926604633974944
148.6544462,149.2191402,0.4510769999999258,0.6404714999999981,4.810259999999825,0.428470279246871,0.8240846313455928,6.103795225346531,-0.0126717199999989,-0.0334990400000009,-0.004918000000002,6.174060123839174,1.0,3670.09,0.0,4.189075905512607,0.0
148.7585182,149.3232122,0.4760769999999257,0.6304714999999981,4.6452599999998245,0.4398510097353055,0.7778000137115435,5.755121843836758,-0.0130717199999989,-0.0318990400000009,-0.004118000000002,5.824076683003225,1.0,3670.58,0.0,4.19328740212986,0.0
148.872689,149.437383,0.3610769999999257,0.5954714999999982,4.950259999999824,0.4210195136752843,0.7342130654385981,5.562713806058921,-0.0110717199999989,-0.0358990400000009,-0.002518000000002,5.62673183513082,1.0,3658.36,0.0,4.090723272056665,0.0
148.9769865,149.5416805,0.1210769999999257,0.3954714999999982,5.585259999999825,0.3493160891132422,0.6532344472833082,5.5681036365854215,-0.0086717199999989,-0.0446990400000009,-0.000518000000002,5.617162547139498,1.0,3687.68,0.0,4.3457734900461364,0.0
149.091098,149.655792,0.2160769999999257,0.5454714999999981,5.9402599999998245,0.3174643223933957,0.6274729362976551,5.657070303572318,-0.0114717199999989,-0.0466990400000009,-0.001718000000002,5.700609642953857,1.0,3709.19,0.0,4.554212922627745,0.0
149.2051457,149.7698397,0.3460769999999258,0.6954714999999981,6.3952599999998245,0.3243043896620805,0.6437284841458517,5.833539882898295,-0.0130717199999989,-0.0494990400000009,-0.002918000000002,5.877903305075702,1.0,3742.91,0.0,4.925203247905085,0.0
149.3100621,149.8747561,0.3660769999999256,0.7804714999999981,6.710259999999825,0.3342904339124169,0.6764178898640962,6.043126159976224,-0.0134717199999989,-0.0510990400000009,-0.005318000000002,6.090046390736489,1.0,3767.84,0.0,5.241913969612608,0.0
149.4226342,149.9873282,0.4210769999999257,0.7654714999999981,7.205259999999824,0.3550373894480023,0.6977067986556935,6.320942649236294,-0.0142717199999989,-0.0554990400000009,-0.005318000000002,6.369235613457141,1.0,3787.39,0.0,5.521317351868649,0.0
149.5350553,150.0997493,0.4360769999999256,0.8254714999999981,7.830259999999824,0.3744104937490365,0.7282498734345118,6.681755864657262,-0.0154717199999989,-0.0594990400000009,-0.005318000000002,6.731745132643429,1.0,3815.74,0.49,5.9863734288706905,0.0026926604633974944
149.6411761,150.2058701,0.4810769999999258,0.925471499999998,8.155259999999824,0.3999098925856262,0.7753971279172408,7.034007672231123,-0.0174717199999989,-0.0618990400000009,-0.006118000000002,7.087907488192581,1.0,3841.15,0.0,6.479107987737379,0.0
149.7534899,150.3181839,0.6060769999999258,1.045471499999998,8.505259999999826,0.4491956288839351,0.8399603574757447,7.385721168938272,-0.0182717199999989,-0.0646990400000009,-0.006918000000002,7.446891116462099,1.0,3855.82,0.0,6.804671960010089,0.0
149.8669679,150.4316619,0.5760769999999258,0.960471499999998,8.585259999999824,0.4795275371908412,0.8687694166217446,7.672479591505056,-0.0178717199999989,-0.0654990400000009,-0.005718000000002,7.73638481722847,1.0,3868.04,0.0,7.1036008488882825,0.0
149.972079,150.536773,0.6410769999999257,0.9754714999999982,8.615259999999825,0.5181471032457791,0.894277320427626,7.897858058434366,-0.0182717199999989,-0.0658990400000009,-0.006518000000002,7.96519743996405,1.0,3876.34,0.0,7.323102194770903,0.0
150.0778927,150.6425867,0.4660769999999257,0.9704714999999982,8.610259999999826,0.5056993689307034,0.9124920894514916,8.068162888679868,-0.0182717199999989,-0.0666990400000009,-0.007318000000002,8.135331957782642,1.0,3873.9,0.0,7.257089463086235,0.0
150.1920136,150.7567076,0.5260769999999257,1.100471499999998,8.355259999999824,0.5105707888378745,0.9574299254331912,8.136795527018664,-0.0198717199999989,-0.0638990400000009,-0.007318000000002,8.2088242788502,1.0,3874.39,0.0,7.270244317018109,0.0
150.3054579,150.8701519,0.5810769999999257,1.0304714999999982,8.195259999999823,0.5274258079255834,0.9748910414572852,8.150771881609401,-0.0202717199999989,-0.0614990400000009,-0.006518000000002,8.225793140580066,1.0,3870.97,0.0,7.179473174380141,0.0
150.410436,150.97513,0.4610769999999258,0.940471499999998,7.900259999999824,0.5115646461129968,0.9666628014385532,8.090885206710325,-0.0178717199999989,-0.0610990400000009,-0.006518000000002,8.164469289978483,1.0,3865.1,0.0,7.0291614579815,0.0
150.5220332,151.0867272,0.4710769999999258,0.940471499999998,7.435259999999825,0.501885781842674,0.9604015816339015,7.934153265064929,-0.0170717199999989,-0.0574990400000009,-0.006918000000002,8.007811721660369,1.0,3848.0,0.0,6.626939197110221,0.0
150.6278774,151.1925714,0.4660769999999257,1.0104714999999982,7.245259999999825,0.4933254338744657,0.9723711573049144,7.769468353754362,-0.0182717199999989,-0.0550990400000009,-0.005718000000002,7.845604766444487,1.0,3837.73,0.49,6.4078698516826025,0.0026926604633974944
150.7403977,151.3050917,0.4060769999999256,1.000471499999998,7.215259999999824,0.4724680655080374,0.97908874721211,7.636980843403952,-0.0190717199999989,-0.0546990400000009,-0.007718000000002,7.713968968719101,1.0,3833.33,0.0,6.318606971772432,0.0
150.8544099,151.4191039,0.4510769999999258,1.025471499999998,7.295259999999824,0.4673543767775939,0.9901768793170034,7.555290007329859,-0.0194717199999989,-0.0546990400000009,-0.007318000000002,7.634217540827976,1.0,3832.36,0.0,6.299279125908038,0.0
150.9604089,151.5251029,0.4710769999999258,1.0104714999999982,7.335259999999825,0.4682442967496732,0.9950284549917122,7.502690244666501,-0.0190717199999989,-0.0546990400000009,-0.006518000000002,7.582855349740997,1.0,3835.78,0.49,6.367984778273584,0.0026926604633974944
151.0754021,151.6400961,0.4160769999999256,0.980471499999998,7.005259999999825,0.4557733276254037,0.9915485097471672,7.383775951436499,-0.0174717199999989,-0.0550990400000009,-0.006518000000002,7.46398319092216,1.0,3831.87,0.0,6.2895627450648055,0.0
151.1794024,151.7440964,0.2360769999999257,0.7104714999999981,6.570259999999824,0.4032533335057927,0.9243550201762146,7.18929908672304,-0.0122717199999989,-0.0538990400000009,-0.003718000000002,7.259687790302365,1.0,3803.03,0.0,5.768149833183922,0.0
151.2953465,151.8600405,0.3210769999999256,0.6554714999999981,6.405259999999824,0.3836084873713741,0.8600764723682198,7.001868879448728,-0.0138717199999989,-0.0506990400000009,-0.003718000000002,7.064917183866864,1.0,3785.92,0.0,5.499239739471445,0.0
151.4010786,151.9657726,0.3510769999999257,0.7954714999999981,6.445259999999824,0.3758316003204295,0.8446321870424274,6.868807506090617,-0.0146717199999989,-0.0498990400000009,-0.004918000000002,6.930740904038635,1.0,3784.95,0.0,5.484771484620765,0.0
151.5159641,152.0806581,0.3560769999999256,0.7204714999999982,6.3952599999998245,0.371109120414271,0.8149506779164686,6.755602554036787,-0.0146717199999989,-0.0490990400000009,-0.005718000000002,6.81469239619805,1.0,3782.01,0.0,5.441397152024493,0.0
151.6187806,152.1834746,0.3560769999999256,0.8704714999999981,6.365259999999824,0.367515583443036,0.8282233314963401,6.662288346811605,-0.0146717199999989,-0.0490990400000009,-0.004118000000002,6.723623101198497,1.0,3780.55,0.0,5.42012041972213,0.0
151.7303801,152.2950741,0.5110769999999256,0.8104714999999981,6.375259999999825,0.4018349771027435,0.8239796279448197,6.593672147125215,-0.0150717199999989,-0.0482990400000009,-0.004518000000002,6.657095925391649,1.0,3780.06,0.0,5.413018148005185,0.0
151.8435357,152.4082297,0.3310769999999257,0.7854714999999981,6.345259999999825,0.3849197715482352,0.8147739817918854,6.534287428922249,-0.0142717199999989,-0.0486990400000009,-0.004118000000002,6.596130083291648,1.0,3780.55,0.0,5.42012041972213,0.0
151.9579489,152.5226429,0.3560769999999256,0.7004714999999981,6.325259999999824,0.3780246986606589,0.7874491478429057,6.484317912105574,-0.0138717199999989,-0.0486990400000009,-0.003718000000002,6.542886031293009,1.0,3780.55,0.0,5.42012041972213,0.0
152.0629157,152.6276097,0.3760769999999256,0.8804714999999981,6.3952599999998245,0.3775590872263937,0.8096868130833158,6.463027974897009,-0.0146717199999989,-0.0490990400000009,-0.006118000000002,6.524482677111617,1.0,3777.61,0.0,5.377793712773403,0.0
152.1769405,152.7416345,0.3410769999999257,0.6904714999999981,6.710259999999825,0.3688377807425113,0.7811875313257389,6.522130576405736,-0.0142717199999989,-0.0530990400000009,-0.004918000000002,6.579094354338482,1.0,3780.55,0.0,5.42012041972213,0.0
152.280918,152.845612,0.3910769999999257,0.8254714999999981,7.505259999999825,0.3741542267534582,0.79177393392747,6.757154766860115,-0.0154717199999989,-0.0586990400000009,-0.002918000000002,6.813665525335452,1.0,3809.38,0.0,5.875060978253322,0.0
152.3943557,152.9590497,0.3610769999999257,0.8104714999999981,7.720259999999825,0.3710280212332313,0.7962437221610459,6.987392029939418,-0.0150717199999989,-0.0606990400000009,-0.004918000000002,7.042393999037687,1.0,3829.91,0.0,6.251010122270543,0.0
152.5069043,153.0715983,0.4960769999999257,0.7404714999999981,7.780259999999825,0.4009218829125491,0.7829109695766272,7.1769328455519,-0.0158717199999989,-0.0602990400000009,-0.004918000000002,7.230632960678011,1.0,3833.33,0.0,6.318606971772432,0.0
152.6128774,153.1775714,0.3060769999999257,0.7604714999999981,7.930259999999826,0.3782485285297766,0.7775466522803417,7.3570211435647614,-0.0146717199999989,-0.0622990400000009,-0.002918000000002,7.407658931988315,1.0,3838.22,0.0,6.417975095499181,0.0
152.72691079999998,153.2916048,0.4960769999999257,0.8104714999999981,7.830259999999824,0.4064162757817216,0.7854175749640074,7.470152310688825,-0.0158717199999989,-0.0602990400000009,-0.004118000000002,7.522315501304915,1.0,3836.75,0.0,6.3877595215970215,0.0
152.8303365,153.3950305,0.4110769999999257,0.8154714999999981,7.940259999999825,0.4075304555733405,0.7926021828417151,7.582534949693548,-0.0170717199999989,-0.0614990400000009,-0.005318000000002,7.634732186251814,1.0,3837.24,0.0,6.397798051474983,0.0
152.941939,153.506633,0.3810769999999257,0.7754714999999981,8.090259999999823,0.4012065659290513,0.788506969363019,7.703910290577363,-0.0158717199999989,-0.0622990400000009,-0.005318000000002,7.754543423989734,1.0,3847.02,0.0,6.605354449923804,0.0
153.0563095,153.6210035,0.5260769999999257,0.8754714999999981,7.980259999999824,0.431057745209096,0.8092964686097018,7.769973684857517,-0.0170717199999989,-0.0606990400000009,-0.005318000000002,7.823890503910902,1.0,3847.51,0.0,6.616128236171248,0.0
153.16029319999998,153.7249872,0.4110769999999257,0.8354714999999981,7.860259999999825,0.4262812037337192,0.8155537989417886,7.791557280685477,-0.0158717199999989,-0.0602990400000009,-0.006118000000002,7.845712747853309,1.0,3844.09,0.0,6.541696346553521,0.0
153.2718877,153.8365817,0.4310769999999257,0.8504714999999982,7.800259999999825,0.427427673474121,0.8239011276116321,7.7936377286026275,-0.0154717199999989,-0.0602990400000009,-0.004118000000002,7.848713049209376,1.0,3841.15,0.49,6.479107987737379,0.0026926604633974944
153.386203,153.950897,0.4810769999999258,0.855471499999998,7.680259999999826,0.4402529325219631,0.8314482531831504,7.766533963583555,-0.0162717199999989,-0.0590990400000009,-0.004118000000002,7.823309954860052,1.0,3843.6,0.0,6.531176533599737,0.0
153.4902649,154.0549589,0.4160769999999256,0.8404714999999982,7.750259999999824,0.4344735012150454,0.8336053255151399,7.762643555032087,-0.0162717199999989,-0.0594990400000009,-0.004518000000002,7.819354194846685,1.0,3840.18,0.0,6.458734015713641,0.0
153.6062743,154.1709683,0.5060769999999257,0.915471499999998,7.8502599999998255,0.4515908348353702,0.8531760258951182,7.783588899108713,-0.0170717199999989,-0.0598990400000009,-0.006118000000002,7.843219986944002,1.0,3841.64,0.0,6.489451583518732,0.0
153.711275,154.275969,0.5310769999999256,0.7604714999999981,7.910259999999824,0.4705925767950694,0.8310143393184856,7.813870540799451,-0.0158717199999989,-0.0614990400000009,-0.004518000000002,7.8720146743931485,1.0,3845.55,0.0,6.573254146034827,0.0
153.8262525,154.3909465,0.4310769999999257,0.8004714999999981,7.920259999999824,0.4611460927170474,0.8237128529498206,7.839303709537335,-0.0158717199999989,-0.0610990400000009,-0.004518000000002,7.895938274411012,1.0,3845.55,0.0,6.573254146034827,0.0
153.930276,154.49497,0.4510769999999258,0.7654714999999981,7.960259999999825,0.4587390033678137,0.8097898368143057,7.868219184513546,-0.0162717199999989,-0.0614990400000009,-0.004518000000002,7.923072269553373,1.0,3845.55,0.0,6.573254146034827,0.0
154.0438322,154.6085262,0.4510769999999258,0.8854714999999981,8.090259999999823,0.4569073461153907,0.8278820850937165,7.921299645391948,-0.0166717199999989,-0.0622990400000009,-0.004518000000002,7.977539792557598,1.0,3847.51,0.0,6.616128236171248,0.0
154.1543639,154.7190579,0.5910769999999257,0.7904714999999981,8.030259999999824,0.4889815710658347,0.8189388144875608,7.947347405248143,-0.0170717199999989,-0.0606990400000009,-0.005718000000002,8.004379709785182,1.0,3847.51,0.0,6.616128236171248,0.0
154.267857,154.832551,0.5260769999999257,0.950471499999998,8.130259999999826,0.497849501315466,0.8503826531002219,7.9910739823129076,-0.0170717199999989,-0.0610990400000009,-0.006918000000002,8.051600348592329,1.0,3852.88,0.49,6.736680829159646,0.0026926604633974944
154.3711856,154.9358796,0.5010769999999256,0.9654714999999982,8.110259999999826,0.49862105819018,0.8778954733086379,8.019566260794356,-0.0174717199999989,-0.0614990400000009,-0.005318000000002,8.082868700714968,1.0,3854.35,0.0,6.770495814511187,0.0
154.4828428,155.0475368,0.6110769999999257,0.905471499999998,8.110259999999826,0.5255044634177429,0.8844877216876886,8.041247254287688,-0.0178717199999989,-0.0610990400000009,-0.004918000000002,8.106795351769867,1.0,3851.91,0.0,6.714562432386344,0.0
154.5952283,155.1599223,0.6110769999999257,0.8754714999999981,8.140259999999824,0.5459611964304035,0.8823323287635708,8.064916966379702,-0.0174717199999989,-0.0618990400000009,-0.006518000000002,8.13138792832984,1.0,3853.86,0.0,6.759184320325647,0.0
154.6996626,155.2643566,0.5210769999999256,0.7804714999999981,8.140259999999824,0.5400124495199504,0.8579817618446673,8.082928262815335,-0.0170717199999989,-0.0622990400000009,-0.006118000000002,8.146255302352948,1.0,3854.35,0.49,6.770495814511187,0.0026926604633974944
154.8117861,155.3764801,0.5210769999999256,0.9004714999999981,8.080259999999825,0.5354857935298729,0.8681392406800258,8.082290395314795,-0.0170717199999989,-0.0618990400000009,-0.004118000000002,8.146399745315632,1.0,3855.82,0.0,6.804671960010089,0.0
154.9243608,155.4890548,0.5210769999999256,0.8504714999999982,8.100259999999825,0.532041267353024,0.8639156396455847,8.086586159120179,-0.0170717199999989,-0.0618990400000009,-0.004518000000002,8.149987352840794,1.0,3854.35,0.49,6.770495814511187,0.0026926604633974944
155.0361685,155.6008625,0.5060769999999257,0.990471499999998,8.065259999999824,0.5258343216865067,0.8941697322535727,8.081487986730588,-0.0178717199999989,-0.0614990400000009,-0.006118000000002,8.147790456535608,1.0,3855.82,0.0,6.804671960010089,0.0
155.1396714,155.7043654,0.5960769999999258,0.8904714999999981,7.980259999999824,0.5426263413430914,0.8932856431187657,8.057288705271032,-0.0178717199999989,-0.0602990400000009,-0.005718000000002,8.12479561999006,1.0,3856.79,0.0,6.827424301322789,0.0
155.25119949999998,155.8158935,0.5710769999999257,0.930471499999998,7.910259999999824,0.5494276768114896,0.9021751908223776,8.022140431197823,-0.0170717199999989,-0.0598990400000009,-0.004918000000002,8.091386033606396,1.0,3852.88,0.49,6.736680829159646,0.0026926604633974944
155.366164,155.930858,0.5360769999999258,0.980471499999998,7.780259999999825,0.5462361010795935,0.9208924891133436,7.964317166869873,-0.0174717199999989,-0.0590990400000009,-0.006118000000002,8.03596694798617,1.0,3854.35,0.0,6.770495814511187,0.0
155.477174,156.041868,0.4910769999999256,0.8354714999999981,7.810259999999825,0.5330499195186268,0.9004719846178283,7.92748868828059,-0.0174717199999989,-0.0586990400000009,-0.005318000000002,7.996253429863081,1.0,3849.46,0.0,6.659373839179693,0.0
155.5811794,156.1458734,0.4960769999999257,0.930471499999998,7.730259999999824,0.5242112760297046,0.907643585474756,7.880339745643813,-0.0178717199999989,-0.0578990400000009,-0.005318000000002,7.949740174807209,1.0,3848.97,0.0,6.6484509121453454,0.0
155.6921548,156.2568488,0.5410769999999256,0.960471499999998,7.650259999999824,0.5282431491762098,0.920272480050303,7.825337520441107,-0.0178717199999989,-0.0570990400000009,-0.005718000000002,7.896951916468335,1.0,3848.97,0.49,6.6484509121453454,0.0026926604633974944
155.8072623,156.3719563,0.5210769999999256,0.920471499999998,7.680259999999826,0.5265300294501473,0.9203200572069204,7.790655691196092,-0.0174717199999989,-0.0570990400000009,-0.005718000000002,7.862476644059185,1.0,3848.97,0.0,6.6484509121453454,0.0
155.9096371,156.4743311,0.5160769999999257,0.920471499999998,7.585259999999825,0.5240311572514565,0.9203562607005692,7.7415543675171135,-0.0170717199999989,-0.0570990400000009,-0.004118000000002,7.813662926285234,1.0,3849.46,0.0,6.659373839179693,0.0
156.0237244,156.5884184,0.5560769999999258,0.920471499999998,7.525259999999824,0.5316919474471703,0.9203838094875416,7.6898476365358,-0.0166717199999989,-0.0566990400000009,-0.004118000000002,7.762960733952105,1.0,3844.57,0.0,6.552036187863309,0.0
156.1370565,156.7017505,0.4160769999999256,0.7654714999999981,7.495259999999825,0.5040533591025363,0.8833509028783297,7.643330056396544,-0.0154717199999989,-0.0582990400000009,-0.004118000000002,7.710698603722837,1.0,3841.15,0.0,6.479107987737379,0.0
156.2427149,156.8074089,0.3210769999999256,0.7904714999999981,7.750259999999824,0.4603115387090739,0.8611474106956172,7.668892431835191,-0.0158717199999989,-0.0602990400000009,-0.002918000000002,7.73080673065079,1.0,3842.13,0.0,6.499830050599906,0.0
156.3553733,156.9200673,0.4360769999999256,0.7754714999999981,7.800259999999825,0.4545180971697792,0.8406659653544052,7.700296797953117,-0.0162717199999989,-0.0602990400000009,-0.004918000000002,7.759373476159471,1.0,3848.48,0.0,6.6375657646954656,0.0
156.4677154,157.0324094,0.4660769999999257,0.7754714999999981,8.060259999999825,0.4572813363883398,0.8250807574719974,7.786348601636416,-0.0158717199999989,-0.0622990400000009,-0.003718000000002,7.8432830513226435,1.0,3849.46,0.0,6.659373839179693,0.0
156.5699919,157.1346859,0.4410769999999258,0.6854714999999981,8.160259999999823,0.4534075727208719,0.7917061559903915,7.875734822405561,-0.0150717199999989,-0.0630990400000009,-0.004918000000002,7.9284031215173,1.0,3853.86,0.0,6.759184320325647,0.0
156.682126,157.24682,0.3860769999999256,0.6804714999999981,8.290259999999826,0.4373117129420849,0.7651147079600381,7.974830060477974,-0.0142717199999989,-0.0646990400000009,-0.002518000000002,8.023375632744377,1.0,3856.3,0.49,6.815910754497787,0.0026926604633974944
156.7946921,157.3593861,0.5560769999999258,0.6554714999999981,8.300259999999824,0.4657034127274587,0.7389037070773417,8.05262643829986,-0.0138717199999989,-0.0646990400000009,-0.003318000000002,8.099854993255406,1.0,3858.26,0.0,6.862213422920111,0.0
156.9079432,157.4726372,0.3860769999999256,0.6604714999999981,8.230259999999824,0.4466681435747359,0.7201539214117734,8.095091024379931,-0.0142717199999989,-0.0642990400000009,-0.004118000000002,8.139326310819943,1.0,3857.28,0.0,6.838979106533783,0.0
157.0105505,157.5752445,0.4660769999999257,0.6754714999999981,8.160259999999823,0.4513079709052002,0.7094722658048715,8.110670138757175,-0.0162717199999989,-0.0626990400000009,-0.005318000000002,8.154140045417186,1.0,3855.82,0.0,6.804671960010089,0.0
157.1270761,157.6917701,0.4260769999999256,0.7754714999999981,8.020259999999826,0.4452763250515832,0.7252498594919901,8.089056941999585,-0.0158717199999989,-0.0622990400000009,-0.003718000000002,8.13370152976222,1.0,3859.73,0.0,6.8973802000675555,0.0
157.2386856,157.8033796,0.4460769999999256,0.7154714999999982,8.000259999999823,0.4454677321817486,0.7229122720203672,8.067829391580002,-0.0158717199999989,-0.0614990400000009,-0.004118000000002,8.11239266462706,1.0,3858.26,0.49,6.862213422920111,0.0026926604633974944
157.3420612,157.9067552,0.6310769999999257,0.8154714999999981,8.030259999999824,0.4898389684227747,0.7450392240807264,8.0588481571361,-0.0166717199999989,-0.0606990400000009,-0.005318000000002,8.108024375899484,1.0,3854.84,0.0,6.781847436480501,0.0
157.4536353,158.0183293,0.5410769999999256,0.8904714999999981,7.980259999999824,0.5020877899948852,0.779805860185371,8.040061090482423,-0.0162717199999989,-0.0606990400000009,-0.004118000000002,8.09337826047509,1.0,3858.26,0.0,6.862213422920111,0.0
157.5680235,158.1327175,0.4010769999999257,0.8104714999999981,8.060259999999825,0.4779404309839679,0.7871367028997011,8.044889785711616,-0.0158717199999989,-0.0622990400000009,-0.003718000000002,8.097423226488043,1.0,3858.26,0.0,6.862213422920111,0.0
157.6720764,158.2367704,0.5610769999999257,0.9004714999999981,8.090259999999823,0.4978148283534411,0.8142302048329787,8.055735863173975,-0.0162717199999989,-0.0618990400000009,-0.004118000000002,8.112069447867064,1.0,3857.28,0.0,6.838979106533783,0.0
157.78706,158.351754,0.5060769999999257,0.8204714999999981,7.970259999999825,0.4997899601682447,0.8157222315273411,8.035302240637836,-0.0166717199999989,-0.0598990400000009,-0.004118000000002,8.092050102519902,1.0,3852.4,0.0,6.725716417244497,0.0
157.8930536,158.4577476,0.5410769999999256,0.7654714999999981,7.980259999999824,0.5096599252815102,0.8037094311640084,8.022143995409602,-0.0166717199999989,-0.0610990400000009,-0.003718000000002,8.078396893707701,1.0,3853.37,0.0,6.7479127319707635,0.0
158.0052007,158.5698947,0.4360769999999256,0.9004714999999981,7.930259999999826,0.4920693954585418,0.8268411026907664,8.000178462572684,-0.0170717199999989,-0.0610990400000009,-0.004918000000002,8.057831838159546,1.0,3855.33,0.0,6.793239409868921,0.0
158.1170141,158.6817081,0.4510769999999258,0.8154714999999981,7.950259999999825,0.4822698672110537,0.8241231170379546,7.988245093503103,-0.0166717199999989,-0.0610990400000009,-0.005318000000002,8.045111733887387,1.0,3854.84,0.49,6.781847436480501,0.0026926604633974944
158.2220371,158.7867311,0.5260769999999257,0.8054714999999981,7.900259999999824,0.4927422787499061,0.8196643132530109,7.967211621331082,-0.0170717199999989,-0.0602990400000009,-0.005318000000002,8.024406866476877,1.0,3853.37,0.0,6.7479127319707635,0.0
158.3360088,158.9007028,0.4360769999999256,0.8004714999999981,7.910259999999824,0.4791960345368101,0.8150761326034672,7.953596924855504,-0.0166717199999989,-0.0606990400000009,-0.005318000000002,8.00959936479513,1.0,3854.35,0.49,6.770495814511187,0.0026926604633974944
158.4485897,159.0132837,0.4360769999999256,0.8254714999999981,7.910259999999824,0.4688881178556491,0.817561220271695,7.943236919919681,-0.0166717199999989,-0.0606990400000009,-0.005718000000002,7.998954630571013,1.0,3852.88,0.0,6.736680829159646,0.0
158.5520066,159.1167006,0.5160769999999257,0.8004714999999981,7.970259999999825,0.4801689610063518,0.8134757991912598,7.949696982417049,-0.0162717199999989,-0.0614990400000009,-0.004518000000002,8.005622225613354,1.0,3852.88,0.0,6.736680829159646,0.0
158.6669896,159.2316836,0.5160769999999257,0.7754714999999981,8.000259999999823,0.4887530371134599,0.8043905969413269,7.961784437017766,-0.0162717199999989,-0.0618990400000009,-0.004518000000002,8.017227400122412,1.0,3853.37,0.0,6.7479127319707635,0.0
158.7795575,159.3442515,0.4460769999999256,0.8104714999999981,8.000259999999823,0.4785510221663918,0.8058442807435785,7.970982298281115,-0.0162717199999989,-0.0618990400000009,-0.003718000000002,8.025892778073633,1.0,3851.91,0.49,6.714562432386344,0.0026926604633974944
158.881988,159.446682,0.4010769999999257,0.8104714999999981,7.970259999999825,0.4600302975253235,0.8069504509320561,7.970809627659371,-0.0158717199999989,-0.0618990400000009,-0.003718000000002,8.02474940576265,1.0,3855.33,0.0,6.793239409868921,0.0
158.9945834,159.5592774,0.4260769999999256,0.8254714999999981,8.000259999999823,0.4519135164864742,0.8113780415005957,7.97784995190538,-0.0166717199999989,-0.0626990400000009,-0.003318000000002,8.031727710009173,1.0,3852.88,0.0,6.736680829159646,0.0
159.1061042,159.6707982,0.5360769999999258,0.7604714999999981,7.960259999999825,0.4720334051846039,0.7992084650258405,7.973644946839393,-0.0162717199999989,-0.0618990400000009,-0.004518000000002,8.027487990924467,1.0,3854.84,0.0,6.781847436480501,0.0
159.2195699,159.7842639,0.4260769999999256,0.725471499999998,7.940259999999825,0.4610471945540269,0.7815811108892843,7.965664034137535,-0.0162717199999989,-0.0618990400000009,-0.003718000000002,8.017183860512201,1.0,3856.31,0.0,6.816145313952361,0.0
159.3246715,159.8893655,0.5610769999999257,0.7504714999999981,7.930259999999826,0.4849600421222407,0.7741441336824826,7.9572004440319555,-0.0162717199999989,-0.0610990400000009,-0.004918000000002,8.009464669294232,1.0,3856.31,0.0,6.816145313952361,0.0
159.4385409,160.0032349,0.4160769999999256,0.7204714999999982,7.960259999999825,0.468493053318622,0.7613133028904744,7.957931852987116,-0.0150717199999989,-0.0626990400000009,-0.004918000000002,8.00798121020228,1.0,3855.82,0.0,6.804671960010089,0.0
159.54953799999998,160.114232,0.3760769999999256,0.7204714999999982,7.930259999999826,0.4464003281951971,0.7515497748842221,7.951316696639811,-0.0150717199999989,-0.0626990400000009,-0.003318000000002,7.999221057540812,1.0,3856.3,0.0,6.815910754497787,0.0
159.6595233,160.2242173,0.3760769999999256,0.7004714999999981,7.940259999999825,0.4295890286017723,0.7393391443035761,7.94867351343875,-0.0150717199999989,-0.0622990400000009,-0.002918000000002,7.99453436586755,1.0,3853.86,0.0,6.759184320325647,0.0
159.7635339,160.3282279,0.3160769999999258,0.7404714999999981,7.930259999999826,0.4024531581977978,0.7396098421125024,7.944271630039122,-0.0158717199999989,-0.0618990400000009,-0.001318000000002,7.988769804853405,1.0,3855.33,0.0,6.793239409868921,0.0
159.8760549,160.4407489,0.3810769999999257,0.7504714999999981,7.950259999999825,0.3973430331675516,0.7422063998908961,7.945703193135881,-0.0158717199999989,-0.0622990400000009,-0.004118000000002,7.99017841224184,1.0,3854.35,0.0,6.770495814511187,0.0
159.988906,160.5536,0.4210769999999257,0.8704714999999981,7.930259999999826,0.4030168093837671,0.7728690986091249,7.9420113862610915,-0.0162717199999989,-0.0630990400000009,-0.004118000000002,7.989699246638234,1.0,3854.84,0.0,6.781847436480501,0.0
160.0920516,160.6567456,0.4010769999999257,0.8604714999999981,7.990259999999824,0.402553083938132,0.7938110854672561,7.9535455659045375,-0.0162717199999989,-0.0626990400000009,-0.003318000000002,8.00319136930503,1.0,3854.35,0.0,6.770495814511187,0.0
160.2030392,160.7677332,0.3960769999999256,0.8104714999999981,8.040259999999826,0.4010049292919945,0.7977938779096565,7.974275277766329,-0.0154717199999989,-0.0630990400000009,-0.002918000000002,8.024110307725204,1.0,3855.82,0.0,6.804671960010089,0.0
160.31788509999998,160.8825791,0.3210769999999256,0.6454714999999981,8.090259999999823,0.3818975804264811,0.7613801131527955,8.002002263444725,-0.0146717199999989,-0.0646990400000009,-0.002518000000002,8.047209806064128,1.0,3856.79,0.0,6.827424301322789,0.0
160.4228803,160.9875743,0.3510769999999257,0.7104714999999981,8.120259999999824,0.3745296980396388,0.7492100414346172,8.030272629616071,-0.0154717199999989,-0.0638990400000009,-0.003718000000002,8.073838410995178,1.0,3856.31,0.49,6.816145313952361,0.0026926604633974944
160.5354706,161.1001646,0.4460769999999256,0.7354714999999981,8.060259999999825,0.3916335974031006,0.7459257438627968,8.037441327123396,-0.0162717199999989,-0.0630990400000009,-0.004518000000002,8.081475433169569,1.0,3858.75,0.0,6.873893403970068,0.0
160.646926,161.21162,0.4260769999999256,0.920471499999998,8.055259999999826,0.3998675415996027,0.7876521677179844,8.041701009589662,-0.0166717199999989,-0.0630990400000009,-0.004518000000002,8.090070773223875,1.0,3857.28,0.0,6.838979106533783,0.0
160.7513793,161.3160733,0.4060769999999256,0.8154714999999981,7.970259999999825,0.40135195748491,0.7943025800560257,8.024622520185172,-0.0162717199999989,-0.0618990400000009,-0.003718000000002,8.073819825455832,1.0,3859.73,0.0,6.8973802000675555,0.0
160.8638818,161.4285758,0.3310769999999257,0.7004714999999981,7.980259999999824,0.3845522212591905,0.7718715825694396,8.01401733927729,-0.0154717199999989,-0.0626990400000009,-0.003718000000002,8.060281636834452,1.0,3857.77,0.0,6.850575402386938,0.0
160.9762089,161.5409029,0.3060769999999257,0.7354714999999981,8.000259999999823,0.3657921527427161,0.763169879891189,8.010728547945348,-0.0154717199999989,-0.0638990400000009,-0.002118000000002,8.055309058841123,1.0,3858.75,0.0,6.873893403970068,0.0
161.0888401,161.6535341,0.3260769999999258,0.6954714999999981,8.010259999999825,0.3562979585927502,0.7469860931514594,8.010616538174363,-0.0150717199999989,-0.0638990400000009,-0.002918000000002,8.053254856288335,1.0,3855.82,0.0,6.804671960010089,0.0
161.1918217,161.7565157,0.2560769999999257,0.6304714999999981,7.920259999999824,0.3323394144839479,0.7191324380025421,7.989016155023283,-0.0142717199999989,-0.0634990400000009,-0.001718000000002,8.028199055518618,1.0,3858.75,0.0,6.873893403970068,0.0
161.3054773,161.8701713,0.2960769999999257,0.7004714999999981,7.535259999999824,0.3236706223559775,0.7146714059736828,7.880542468407114,-0.0146717199999989,-0.0598990400000009,-0.001718000000002,7.919499194182723,1.0,3852.4,0.0,6.725716417244497,0.0
161.4204383,161.9851323,0.3810769999999257,0.7654714999999981,7.000259999999824,0.3373940316130864,0.7268155354107756,7.670104585516503,-0.0146717199999989,-0.0542990400000009,-0.004518000000002,7.71184802157329,1.0,3827.96,0.0,6.213143553425325,0.0
161.52639109999998,162.0910851,0.3610769999999257,0.8254714999999981,6.580259999999825,0.343055616282504,0.7503999563981095,7.409569364735744,-0.0138717199999989,-0.0518990400000009,-0.002518000000002,7.455367557757009,1.0,3814.27,0.0,5.96025541598284,0.0
161.6404256,162.2051196,0.3210769999999256,0.5804714999999981,6.215259999999825,0.3378014692951861,0.7097773313991271,7.12406108386973,-0.0122717199999989,-0.0490990400000009,-0.003718000000002,7.167296562828498,1.0,3793.74,0.0,5.618839719069277,0.0
161.7444142,162.3091082,0.3360769999999258,0.6354714999999981,5.9802599999998245,0.3373892224532593,0.6920139856467674,6.850627172396894,-0.0126717199999989,-0.0462990400000009,-0.002918000000002,6.8937513371850745,1.0,3770.28,0.0,5.275180939168968,0.0
161.861423,162.426117,0.2960769999999257,0.5854714999999981,5.545259999999825,0.3275132372523782,0.6665442348314692,6.538569720371116,-0.0110717199999989,-0.0422990400000009,-0.002518000000002,6.580610923441426,1.0,3741.94,0.49,4.913671197873435,0.0026926604633974944
161.9644431,162.5291371,0.3610769999999257,0.5004714999999982,5.225259999999825,0.3355368971887347,0.6268433479252237,6.224613544878226,-0.0098717199999989,-0.0402990400000009,-0.000918000000002,6.265088297485888,1.0,3709.19,0.0,4.554212922627745,0.0
162.077139,162.641833,0.2710769999999256,0.350471499999998,4.920259999999825,0.3201272931325476,0.5607746612760639,5.912798407832836,-0.0078717199999989,-0.0382990400000009,-0.000518000000002,5.947952144747651,1.0,3683.28,0.0,4.305483011907699,0.0
162.1822762,162.7469702,0.2260769999999257,0.350471499999998,4.695259999999824,0.2976438911764916,0.5105001714248568,5.621737056416898,-0.0074717199999989,-0.0366990400000009,0.0002819999999979,5.652709955629284,1.0,3652.98,0.0,4.047138964722036,0.0
162.2938052,162.8584992,0.2210769999999258,0.320471499999998,4.655259999999824,0.2793400227513201,0.4650724448276023,5.390693734626402,-0.0070717199999989,-0.0374990400000009,0.0006819999999979,5.417924156703283,1.0,3637.34,0.0,3.9255262343014077,0.0
162.4043807,162.9690747,0.1460769999999256,0.1804714999999981,4.545259999999825,0.2474825345224037,0.3970365331201366,5.188586693279757,-0.0050717199999989,-0.0366990400000009,0.0018819999999979,5.209636982286334,1.0,3620.23,0.0,3.8005173668104866,0.0
162.5187767,163.0834707,0.1810769999999257,0.2754714999999981,4.5652599999998245,0.2316078118070764,0.3679755338142949,5.039575944581825,-0.0066717199999989,-0.0366990400000009,0.0010819999999979,5.058297527151183,1.0,3610.46,0.0,3.732597393228225,0.0
162.6238232,163.1885172,0.2010769999999258,0.310471499999998,4.6452599999998245,0.2243092007018786,0.3542287791442339,4.945311869644627,-0.0066717199999989,-0.0370990400000009,0.0002819999999979,4.963053710523549,1.0,3615.35,0.0,3.766290836769034,0.0
162.7363868,163.3010808,0.2010769999999258,0.310471499999998,4.830259999999825,0.2187553753037034,0.343768285479255,4.917807889116122,-0.0078717199999989,-0.0386990400000009,0.0006819999999979,4.9346595609604496,1.0,3621.21,0.0,3.807464744309254,0.0
162.8503647,163.4150587,0.1210769999999257,0.5904714999999982,5.930259999999825,0.1954046540967795,0.4027444709984158,5.1598418797827605,-0.0114717199999989,-0.0490990400000009,-0.001718000000002,5.179223330975655,1.0,3662.76,0.98,4.127070457223089,0.004371481584591482
162.9563618,163.5210558,0.2060769999999256,0.5904714999999982,6.3952599999998245,0.1979559554777986,0.4476219733482172,5.455177505600187,-0.0126717199999989,-0.0514990400000009,-0.002118000000002,5.477089885052058,1.0,3739.49,0.0,4.884788348609419,0.0
163.0697473,163.6344413,0.1360769999999256,0.485471499999998,6.760259999999824,0.1831633441813288,0.4566701761045707,5.767166903294275,-0.0114717199999989,-0.0558990400000009,-0.000918000000002,5.788118049145849,1.0,3761.97,0.0,5.163626481680584,0.0
163.17223909999998,163.7369331,0.2510769999999256,0.6504714999999981,7.255259999999825,0.1993985941865744,0.5029997825270873,6.122906307466935,-0.0130717199999989,-0.0570990400000009,-0.002518000000002,6.146767461894443,1.0,3787.39,0.0,5.521317351868649,0.0
163.2837368,163.8484308,0.4060769999999256,0.5904714999999982,7.375259999999824,0.2488065600605973,0.5239105284506199,6.422290504182441,-0.0138717199999989,-0.0574990400000009,-0.004518000000002,6.448426340299046,1.0,3811.34,0.0,5.908901167451029,0.0
163.3969349,163.9616289,0.4010769999999257,0.6604714999999981,7.405259999999825,0.2852079086704712,0.5565564151627924,6.657276462746543,-0.0130717199999989,-0.0578990400000009,-0.001318000000002,6.686585712893103,1.0,3812.81,0.49,5.934549820449195,0.0026926604633974944
163.50875349999998,164.0734475,0.3510769999999257,0.7004714999999981,7.235259999999825,0.3009543907654494,0.5909603557796714,6.795447602454997,-0.0138717199999989,-0.0562990400000009,-0.003718000000002,6.8277313805637965,1.0,3815.74,0.0,5.9863734288706905,0.0
163.6137177,164.1784117,0.2460769999999257,0.6904714999999981,6.600259999999825,0.2878355540900445,0.6147492136353055,6.748786596128836,-0.0130717199999989,-0.0530990400000009,-0.002518000000002,6.782837637888127,1.0,3803.03,0.0,5.768149833183922,0.0
163.7273339,164.2920279,0.1710769999999257,0.5704714999999981,6.345259999999825,0.2599235783164623,0.6041643063458199,6.652320648405163,-0.0110717199999989,-0.0526990400000009,-0.001718000000002,6.684754654048632,1.0,3769.31,0.0,5.2619039236183,0.0
163.8322038,164.3968978,0.3060769999999257,0.6254714999999981,6.365259999999824,0.2709568871642444,0.609257944903723,6.583696726789499,-0.0130717199999989,-0.0482990400000009,-0.004518000000002,6.617376781510087,1.0,3770.77,0.49,5.281914205803411,0.0026926604633974944
163.9462728,164.5109668,0.4210769999999257,0.6104714999999981,6.100259999999825,0.3068441845468657,0.6095480540157371,6.468127685091721,-0.0134717199999989,-0.0466990400000009,-0.002918000000002,6.504027823925309,1.0,3766.37,0.0,5.222080005622559,0.0
164.0597237,164.6244177,0.1460769999999256,0.5304714999999982,5.970259999999825,0.268411627761367,0.590644232560034,6.3491088185681726,-0.0110717199999989,-0.0474990400000009,-0.001318000000002,6.382169552855367,1.0,3751.22,0.0,5.026318706053752,0.0
164.1662638,164.7309578,0.2060769999999256,0.5204714999999982,6.070259999999824,0.2535100847139112,0.5738689339410564,6.282447994194103,-0.0110717199999989,-0.0482990400000009,-0.001718000000002,6.313695092111101,1.0,3748.78,0.0,4.996190252342063,0.0
164.2768155,164.8415095,0.3210769999999256,0.605471499999998,6.165259999999825,0.2696624438901243,0.5814237556420804,6.2544333576615125,-0.0122717199999989,-0.0490990400000009,-0.002918000000002,6.287186019412722,1.0,3757.58,0.0,5.106632567399339,0.0
164.3912757,164.9559697,0.4160769999999256,0.6804714999999981,6.175259999999825,0.3046639011699247,0.6051018344131854,6.235506394594973,-0.0134717199999989,-0.0482990400000009,-0.002918000000002,6.272201233994416,1.0,3761.0,0.0,5.150920907833768,0.0
164.4955146,165.0602086,0.4010769999999257,0.6704714999999981,6.0202599999998245,0.3277121488959277,0.620728925176728,6.184050189110846,-0.0134717199999989,-0.0470990400000009,-0.002918000000002,6.2237590242976895,1.0,3759.53,0.0,5.131788226550649,0.0
164.6112612,165.1759552,0.1210769999999257,0.5654714999999981,5.870259999999825,0.2783145239004683,0.6075192385301036,6.109036377705692,-0.0122717199999989,-0.0486990400000009,-0.002118000000002,6.145475088512655,1.0,3749.27,0.0,5.002210879079496,0.0
164.7146787,165.2793727,0.2410769999999256,0.605471499999998,5.810259999999825,0.2694126248226679,0.6070297118424159,6.037611726370869,-0.0126717199999989,-0.0474990400000009,-0.002918000000002,6.074028613028124,1.0,3741.94,0.0,4.913671197873435,0.0
164.8286892,165.3933832,0.1610769999999257,0.7604714999999981,5.840259999999825,0.243514211134414,0.6437110797052269,5.99043337058983,-0.0134717199999989,-0.0466990400000009,-0.001718000000002,6.029838728576073,1.0,3740.96,0.0,4.9020762340842765,0.0
164.9406782,165.5053722,0.2210769999999258,0.6954714999999981,5.985259999999824,0.2381504337350364,0.6560847820738172,5.989196638979874,-0.0138717199999989,-0.0482990400000009,-0.003318000000002,6.029729616717888,1.0,3741.94,0.0,4.913671197873435,0.0
165.0435091,165.6082031,0.1960769999999256,0.730471499999998,5.975259999999825,0.2280924754785526,0.6738674643347613,5.985864984758838,-0.0130717199999989,-0.0486990400000009,-0.003318000000002,6.027993294009278,1.0,3752.2,0.0,5.038524680433945,0.0
165.1556468,165.7203408,0.1960769999999256,0.7554714999999981,6.075259999999824,0.2204389447980559,0.6933754985363204,6.007235508906984,-0.0130717199999989,-0.0490990400000009,-0.003718000000002,6.051135543832011,1.0,3752.69,0.0,5.04465051272637,0.0
165.2678039,165.8324979,0.1760769999999256,0.7004714999999981,6.580259999999825,0.2098339014406443,0.6950718489449647,6.144221152808566,-0.0130717199999989,-0.0538990400000009,-0.003318000000002,6.1869708837208695,1.0,3761.97,0.0,5.163626481680584,0.0
165.3812427,165.9459367,0.1710769999999257,0.6254714999999981,6.7302599999998245,0.200568784186473,0.6784333827638458,6.284317972546116,-0.0126717199999989,-0.0546990400000009,-0.000118000000002,6.324013920929061,1.0,3782.99,0.0,5.4557760931213375,0.0
165.4846221,166.0493161,0.2460769999999257,0.7154714999999982,6.660259999999825,0.211447851910313,0.6872876122380875,6.374189629867773,-0.0142717199999989,-0.0538990400000009,-0.003718000000002,6.414621414668779,1.0,3787.39,0.0,5.521317351868649,0.0
165.5962232,166.1609172,0.3360769999999258,0.7654714999999981,6.670259999999825,0.2412413500335812,0.7059780353775394,6.444967390544931,-0.0142717199999989,-0.0534990400000009,-0.004118000000002,6.4880048582433325,1.0,3786.9,0.0,5.513937748602274,0.0
165.7071909,166.2718849,0.3410769999999257,0.7904714999999981,6.610259999999824,0.265107783331904,0.7261768084434322,6.484481782844584,-0.0142717199999989,-0.0526990400000009,-0.004518000000002,6.53039959619222,1.0,3789.35,0.0,5.551041843991492,0.0
165.8222248,166.3869188,0.3010769999999256,0.7904714999999981,6.700259999999824,0.2737064844040125,0.7415469188998504,6.53606512435338,-0.0146717199999989,-0.0526990400000009,-0.002918000000002,6.583688508907695,1.0,3789.34,0.0,5.550889345478287,0.0
165.9256077,166.4903017,0.2710769999999256,0.6304714999999981,6.720259999999825,0.2730778871628438,0.7149935376462575,6.580098239928734,-0.0146717199999989,-0.0534990400000009,-0.004118000000002,6.624460743218761,1.0,3789.83,0.0,5.558372013948021,0.0
166.0377761,166.6024701,0.3160769999999258,0.725471499999998,6.630259999999825,0.2833571356953994,0.7174983702356401,6.592089771022755,-0.0142717199999989,-0.0534990400000009,-0.003318000000002,6.637073355543325,1.0,3788.86,0.0,5.543579628555598,0.0
166.1487727,166.7134667,0.2560769999999257,0.7704714999999981,6.700259999999824,0.2768356221963166,0.7301619795630763,6.617948645639345,-0.0150717199999989,-0.0526990400000009,-0.003318000000002,6.663859148754266,1.0,3792.77,0.0,5.60371165167746,0.0
166.2621483,166.8268423,0.2960769999999257,0.7904714999999981,6.670259999999825,0.2814354125524917,0.7445794060760188,6.630454052776076,-0.0146717199999989,-0.0530990400000009,-0.003718000000002,6.6780629923178925,1.0,3791.3,0.0,5.580946210238821,0.0
166.3655853,166.9302793,0.2560769999999257,0.7904714999999981,6.630259999999825,0.2753733008525009,0.7555502426351661,6.630407663058152,-0.0150717199999989,-0.0526990400000009,-0.003718000000002,6.678996361902642,1.0,3793.74,0.49,5.618839719069277,0.0026926604633974944
166.4781594,167.0428534,0.3160769999999258,0.6804714999999981,6.560259999999825,0.285103814161369,0.7376021268686215,6.61363835748465,-0.0142717199999989,-0.0522990400000009,-0.004518000000002,6.660747210786695,1.0,3790.81,0.0,5.573400353610295,0.0
166.584035,167.148729,0.3010769999999256,0.7454714999999981,6.540259999999825,0.2889223196201519,0.7394833573609649,6.596096731071215,-0.0146717199999989,-0.0514990400000009,-0.003718000000002,6.643704074402841,1.0,3789.34,0.0,5.550889345478287,0.0
166.7005513,167.2652453,0.2110769999999258,0.7404714999999981,6.3552599999998245,0.270312833640654,0.7397195799967835,6.538522970797814,-0.0130717199999989,-0.0510990400000009,-0.001318000000002,6.585782924202113,1.0,3780.06,0.0,5.413018148005185,0.0
166.8121633,167.3768573,0.1660769999999256,0.5704714999999981,6.285259999999824,0.2453945046497558,0.6992596038913123,6.4779786281554514,-0.0130717199999989,-0.0506990400000009,-0.001718000000002,6.520229256965227,1.0,3777.13,0.0,5.370948070811117,0.0
166.9141465,167.4788405,0.3810769999999257,0.7354714999999981,6.275259999999824,0.2778303852807375,0.7079163192367334,6.4295172757344,-0.0146717199999989,-0.0486990400000009,-0.003718000000002,6.474336076926655,1.0,3774.19,0.0,5.329408469877348,0.0
167.0271485,167.5918425,0.3710769999999257,0.6354714999999981,6.1452599999998245,0.3001216621066022,0.6905978618850213,6.361563520606154,-0.0142717199999989,-0.0490990400000009,-0.004118000000002,6.405972903908723,1.0,3771.75,0.0,5.295434106106898,0.0
167.1405704,167.7052644,0.2660769999999257,0.6954714999999981,6.030259999999824,0.2919830397046161,0.6917629402816707,6.282363020797559,-0.0134717199999989,-0.0474990400000009,-0.001718000000002,6.327074773235015,1.0,3763.93,0.0,5.189497558358847,0.0
167.2455468,167.8102408,0.3110769999999256,0.6504714999999981,5.990259999999824,0.2965475888405455,0.6818919232090475,6.212533683637357,-0.0134717199999989,-0.0470990400000009,-0.002918000000002,6.256875565145404,1.0,3759.53,0.49,5.131788226550649,0.0026926604633974944
167.362101,167.926795,0.2260769999999257,0.7704714999999981,5.955259999999825,0.2797010855260966,0.703067510905302,6.151030551118874,-0.0146717199999989,-0.0478990400000009,-0.003318000000002,6.197395700044722,1.0,3759.04,0.0,5.1254431142653605,0.0
167.4647878,168.0294818,0.1960769999999256,0.7054714999999981,5.905259999999824,0.2597101438132274,0.7036422018638704,6.092277325523085,-0.0134717199999989,-0.0490990400000009,-0.002518000000002,6.138273757183369,1.0,3753.67,0.0,5.056948167096382,0.0
167.5781285,168.1428225,0.1610769999999257,0.6154714999999981,5.945259999999824,0.2361311782972258,0.6825643586724873,6.057131771860825,-0.0126717199999989,-0.0498990400000009,-0.002118000000002,6.100040765337546,1.0,3750.24,0.49,5.014173256212237,0.0026926604633974944
167.6930939,168.2577879,0.0810769999999256,0.7154714999999982,5.995259999999825,0.1990643569242366,0.6904310485152065,6.042340877859861,-0.0126717199999989,-0.0498990400000009,-0.001318000000002,6.084916181444715,1.0,3752.2,0.0,5.038524680433945,0.0
167.7970936,168.3617876,0.1160769999999256,0.6154714999999981,6.175259999999825,0.1792256297831216,0.6725114269640501,6.07411615416341,-0.0122717199999989,-0.0510990400000009,-0.002118000000002,6.113859705622732,1.0,3758.06,0.0,5.112801173801504,0.0
167.9095377,168.4742317,0.1960769999999256,0.370471499999998,6.900259999999824,0.1832540715611866,0.6003066006044487,6.27161180825212,-0.0098717199999989,-0.0550990400000009,-0.001718000000002,6.302940959812367,1.0,3773.7,0.0,5.322549661201456,0.0
168.0230751,168.5877691,0.3060769999999257,0.550471499999998,6.675259999999825,0.2126157798294858,0.5883931598155894,6.3681068242868,-0.0114717199999989,-0.0526990400000009,-0.002118000000002,6.398765232908485,1.0,3783.48,0.49,5.462995124477894,0.0026926604633974944
168.13052489999998,168.6952189,0.2510769999999256,0.6904714999999981,6.515259999999825,0.2218102123401105,0.6127957244108615,6.403284853918251,-0.0130717199999989,-0.0514990400000009,-0.004118000000002,6.436363514483428,1.0,3782.99,0.0,5.4557760931213375,0.0
168.2420896,168.8067836,0.4110769999999257,0.7054714999999981,6.405259999999824,0.2670558051197796,0.6349505380191677,6.403757026856737,-0.0138717199999989,-0.0506990400000009,-0.002118000000002,6.44069755909995,1.0,3781.52,0.0,5.4342370735481165,0.0
168.34707459999998,168.9117686,0.3110769999999256,0.7954714999999981,6.325259999999824,0.2775793897478524,0.6733242335216219,6.384991745554629,-0.0146717199999989,-0.0494990400000009,-0.004118000000002,6.426393656776795,1.0,3775.17,0.49,5.343181027956521,0.0026926604633974944
168.46049779999998,169.0251918,0.2310769999999256,0.6554714999999981,6.295259999999825,0.2664626575634509,0.669056408612081,6.363540723592557,-0.0134717199999989,-0.0506990400000009,-0.002918000000002,6.404161878544417,1.0,3771.75,0.0,5.295434106106898,0.0
168.5644962,169.1291902,0.1410769999999257,0.6304714999999981,6.225259999999825,0.236488310385714,0.6598324074860042,6.330483717731601,-0.0134717199999989,-0.0514990400000009,-0.001318000000002,6.369170246380825,1.0,3769.79,0.49,5.268465363623446,0.0026926604633974944
168.6796072,169.2443012,0.0960769999999258,0.7004714999999981,6.295259999999825,0.2029219723613489,0.6695474761124576,6.322063233565396,-0.0130717199999989,-0.0522990400000009,-0.001318000000002,6.360656780461821,1.0,3769.79,0.0,5.268465363623446,0.0
168.7930311,169.3577251,0.1860769999999256,0.7004714999999981,6.335259999999825,0.1988950600368282,0.6769400874058836,6.325218015909849,-0.0138717199999989,-0.0522990400000009,-0.002918000000002,6.364447350370232,1.0,3773.22,0.0,5.315848486713096,0.0
168.8964708,169.4611648,0.1910769999999257,0.730471499999998,6.335259999999825,0.1970260963103847,0.6897371582765909,6.327618624745941,-0.0142717199999989,-0.0514990400000009,-0.002918000000002,6.368148403607323,1.0,3772.24,0.0,5.3022208876983115,0.0
169.0114338,169.5761278,0.2760769999999257,0.730471499999998,6.345259999999825,0.2159237858703223,0.6994749969145976,6.3318359229348085,-0.0142717199999989,-0.0510990400000009,-0.002118000000002,6.374012433905424,1.0,3775.66,0.0,5.350094931253375,0.0
169.11645769999998,169.6811517,0.1960769999999256,0.7104714999999981,6.325259999999824,0.2111792683425494,0.7021037904116197,6.330263901055293,-0.0142717199999989,-0.0502990400000009,-0.002518000000002,6.372580911443325,1.0,3775.66,0.0,5.350094931253375,0.0
169.2304596,169.7951536,0.2410769999999256,0.6604714999999981,6.3552599999998245,0.2183265370648191,0.6921512906532636,6.33623939907007,-0.0142717199999989,-0.0506990400000009,-0.002918000000002,6.377669606389746,1.0,3776.64,0.0,5.363978374403832,0.0
169.3430254,169.9077194,0.1960769999999256,0.7804714999999981,6.3552599999998245,0.2130076245074626,0.7132648746884087,6.340786411119744,-0.0150717199999989,-0.0510990400000009,-0.002918000000002,6.384331706686565,1.0,3773.22,0.49,5.315848486713096,0.0026926604633974944
169.4480812,170.0127752,0.3260769999999258,0.6804714999999981,6.3552599999998245,0.2400376754880852,0.7054253815825723,6.344246427093099,-0.0150717199999989,-0.0514990400000009,-0.003318000000002,6.387856117847223,1.0,3776.64,0.49,5.363978374403832,0.0026926604633974944
169.5630161,170.1277101,0.2160769999999257,0.6704714999999981,6.305259999999825,0.2343097029300491,0.6970694036970253,6.33492644007368,-0.0138717199999989,-0.0506990400000009,-0.004518000000002,6.377468133327072,1.0,3775.17,0.0,5.343181027956521,0.0
169.66811429999998,170.2328083,0.1760769999999256,0.6454714999999981,6.075259999999824,0.2203887546442278,0.6847345520950823,6.272851301844753,-0.0134717199999989,-0.0486990400000009,-0.002918000000002,6.313960410476288,1.0,3770.28,0.49,5.275180939168968,0.0026926604633974944
169.7795754,170.3442694,0.2260769999999257,0.7954714999999981,5.830259999999825,0.2217485707861773,0.7112070194123528,6.167046654031464,-0.0142717199999989,-0.0470990400000009,-0.002918000000002,6.21187993172017,1.0,3756.11,0.49,5.087836023263135,0.0026926604633974944
169.89297969999998,170.4576737,0.2260769999999257,0.7204714999999982,5.7302599999998245,0.2227833130566114,0.7134217604198303,6.062629649208457,-0.0138717199999989,-0.0466990400000009,-0.004118000000002,6.108525294723634,1.0,3744.87,0.0,4.948675045373112,0.0
169.997422,170.562116,0.2310769999999256,0.6754714999999981,5.820259999999824,0.2247659788307763,0.7043494765285625,6.004689433781145,-0.0142717199999989,-0.0466990400000009,-0.002118000000002,6.050034969030241,1.0,3744.38,0.0,4.942785647575733,0.0
170.1090238,170.6737178,0.1860769999999256,0.6954714999999981,5.830259999999825,0.2155170989671404,0.7022271321083631,5.962990817625398,-0.0142717199999989,-0.0470990400000009,-0.002518000000002,6.008063752666175,1.0,3743.89,0.0,4.936910585212138,0.0
170.2203869,170.7850809,0.1060769999999255,0.5804714999999981,5.880259999999825,0.1893546527563591,0.673120568737573,5.943213418056787,-0.0126717199999989,-0.0478990400000009,-0.000918000000002,5.984206899593989,1.0,3749.27,0.0,5.002210879079496,0.0
170.3323856,170.8970796,0.3010769999999256,0.6404714999999981,6.225259999999825,0.2160626869036753,0.6653155730116938,6.010638690864974,-0.0126717199999989,-0.0490990400000009,-0.002918000000002,6.051206934859105,1.0,3752.69,0.0,5.04465051272637,0.0
170.4363992,171.0010932,0.3060769999999257,0.6704714999999981,6.345259999999825,0.2375812586776881,0.6665481346026572,6.090632331987725,-0.0130717199999989,-0.0486990400000009,-0.002518000000002,6.1316012161319975,1.0,3774.19,0.0,5.329408469877348,0.0
170.5523741,171.1170681,0.4310769999999257,0.6654714999999981,6.3152599999998245,0.2838378133786742,0.6662907573237022,6.14433119864884,-0.0150717199999989,-0.0474990400000009,-0.004118000000002,6.186866182186913,1.0,3778.59,0.0,5.391826426731725,0.0
170.6564922,171.2211862,0.2960769999999257,0.7604714999999981,6.3152599999998245,0.2867636793516036,0.6888053441854901,6.1851929633349085,-0.0154717199999989,-0.0482990400000009,-0.004518000000002,6.230031958478338,1.0,3781.52,0.0,5.4342370735481165,0.0
170.7713799,171.3360739,0.2910769999999256,0.730471499999998,6.195259999999824,0.2877948098103341,0.6987659397130367,6.1875995611700105,-0.0142717199999989,-0.0486990400000009,-0.004518000000002,6.233577465665131,1.0,3777.13,0.49,5.370948070811117,0.0026926604633974944
170.8829482,171.4476422,0.2660769999999257,0.6954714999999981,6.285259999999824,0.2826030104941529,0.6979783801018848,6.210945994533267,-0.0138717199999989,-0.0486990400000009,-0.003718000000002,6.25642776891405,1.0,3771.26,0.0,5.28866523686519,0.0
170.9863583,171.5510523,0.3360769999999258,0.7354714999999981,6.3552599999998245,0.29538635396079,0.7069413812492304,6.245445300008239,-0.0150717199999989,-0.0490990400000009,-0.003718000000002,6.292265586418283,1.0,3774.19,0.0,5.329408469877348,0.0
171.0999468,171.6646408,0.3360769999999258,0.7854714999999981,6.385259999999825,0.305113746829831,0.7257145734076066,6.278869014008189,-0.0150717199999989,-0.0490990400000009,-0.004118000000002,6.328029087767603,1.0,3781.04,0.0,5.427242010350714,0.0
171.204802,171.769496,0.2460769999999257,0.7354714999999981,6.3152599999998245,0.2910005860416668,0.7280470371897569,6.287568542083804,-0.0150717199999989,-0.0494990400000009,-0.003718000000002,6.336264830390159,1.0,3774.68,0.0,5.336285566553202,0.0
171.3173775,171.8820715,0.2960769999999257,0.7854714999999981,6.305259999999825,0.2922141394684266,0.7417747698365084,6.291797812894833,-0.0154717199999989,-0.0490990400000009,-0.004918000000002,6.342108374256899,1.0,3775.66,0.0,5.350094931253375,0.0
171.430338,171.995032,0.2960769999999257,0.7604714999999981,6.235259999999824,0.2931375841822821,0.7462443582399904,6.278282040315132,-0.0150717199999989,-0.0482990400000009,-0.005318000000002,6.329268177539072,1.0,3775.66,0.0,5.350094931253375,0.0
171.5429359,172.1076299,0.3310769999999257,0.7354714999999981,6.275259999999824,0.3022072755930594,0.7436690286587863,6.277559599747715,-0.0146717199999989,-0.0490990400000009,-0.004518000000002,6.328675010615759,1.0,3777.13,0.0,5.370948070811117,0.0
171.6490096,172.2137036,0.3110769999999256,0.6754714999999981,6.225259999999825,0.3043276472839568,0.727365916800506,6.265057002636034,-0.0142717199999989,-0.0486990400000009,-0.004118000000002,6.314476679828919,1.0,3776.15,0.0,5.357027354051556,0.0
171.7622871,172.3269811,0.2210769999999258,0.6954714999999981,6.205259999999825,0.2844259786804437,0.7197413260714944,6.25076209720558,-0.0142717199999989,-0.0490990400000009,-0.003718000000002,6.298488113005009,1.0,3775.66,0.0,5.350094931253375,0.0
171.8748886,172.4395826,0.3910769999999257,0.8354714999999981,6.115259999999824,0.3099216757323234,0.7474074601388245,6.218369342054146,-0.0154717199999989,-0.0470990400000009,-0.004518000000002,6.270788357994457,1.0,3776.15,0.0,5.357027354051556,0.0
171.9788982,172.5435922,0.3610769999999257,0.6754714999999981,6.075259999999824,0.3221507255246408,0.7302106492302676,6.184158020069887,-0.0142717199999989,-0.0474990400000009,-0.004918000000002,6.235446984731732,1.0,3773.7,0.0,5.322549661201456,0.0
172.09389579999998,172.6585898,0.3160769999999258,0.7204714999999982,5.950259999999824,0.320698757563729,0.7278824352549491,6.128243008783901,-0.0138717199999989,-0.0470990400000009,-0.003718000000002,6.179645856144537,1.0,3762.46,0.0,5.1700693220261575,0.0
172.19664459999998,172.7613386,0.2560769999999257,0.7104714999999981,5.920259999999825,0.3052504596156832,0.7237202254124351,6.078523168145782,-0.0142717199999989,-0.0466990400000009,-0.002918000000002,6.129061324008077,1.0,3756.6,0.0,5.094085717391444,0.0
172.3082745,172.8729685,0.2260769999999257,0.6254714999999981,5.800259999999825,0.2863234721762873,0.7002331578920491,6.012002347735695,-0.0130717199999989,-0.0458990400000009,-0.003318000000002,6.0594124991875296,1.0,3755.13,0.0,5.0753837840739395,0.0
172.4190427,172.9837367,0.1760769999999256,0.5004714999999982,5.700259999999824,0.2599682566249333,0.6524786905725072,5.93747808760408,-0.0114717199999989,-0.0450990400000009,-0.001718000000002,5.978875979386295,1.0,3739.49,0.98,4.884788348609419,0.004371481584591482
172.5338417,173.0985357,0.1110769999999257,0.485471499999998,5.710259999999825,0.2243747261962524,0.612554415271222,5.883159962427277,-0.0114717199999989,-0.0454990400000009,-0.002118000000002,5.919217690956401,1.0,3736.07,0.49,4.845045820992788,0.0026926604633974944
172.6388519,173.2035459,0.1810769999999257,0.6204714999999981,5.7702599999998245,0.2140240919831028,0.6144470515655738,5.856170410863619,-0.0122717199999989,-0.0454990400000009,-0.002118000000002,5.892205306351891,1.0,3736.56,0.0,4.850699328631962,0.0
172.7532365,173.3179305,0.2310769999999256,0.6504714999999981,5.720259999999825,0.2181007128280929,0.6230589561904136,5.823680045382733,-0.0130717199999989,-0.0454990400000009,-0.001718000000002,5.860974292284026,1.0,3736.56,0.0,4.850699328631962,0.0
172.8556932,173.4203872,0.1660769999999256,0.6854714999999981,5.670259999999825,0.2056640684774714,0.6379791256320133,5.787003875287269,-0.0130717199999989,-0.0450990400000009,-0.002518000000002,5.825695574469608,1.0,3738.03,0.0,4.867741018457546,0.0
172.9682528,173.5329468,0.2710769999999256,0.6954714999999981,5.740259999999824,0.2213015022754654,0.65172309302721,5.775829414240247,-0.0130717199999989,-0.0458990400000009,-0.001318000000002,5.816693456535007,1.0,3737.54,0.0,4.862046876510825,0.0
173.0837941,173.6484881,0.2310769999999256,0.6304714999999981,6.115259999999824,0.2236384056208875,0.6466427462008204,5.856972747680481,-0.0122717199999989,-0.0494990400000009,-0.000918000000002,5.896803434468088,1.0,3749.27,0.0,5.002210879079496,0.0
173.187215,173.751909,0.3410769999999257,0.6654714999999981,6.080259999999825,0.2517129499378821,0.6511438958081011,5.910351178287603,-0.0138717199999989,-0.0462990400000009,-0.002518000000002,5.951436703259159,1.0,3758.55,0.0,5.119114118097449,0.0
173.3012386,173.8659326,0.2710769999999256,0.600471499999998,6.150259999999824,0.2563420659835726,0.6390302935525141,5.967703115125838,-0.0138717199999989,-0.0470990400000009,-0.003718000000002,6.007291522903909,1.0,3763.93,0.0,5.189497558358847,0.0
173.4142649,173.9789589,0.2610769999999256,0.6904714999999981,6.265259999999825,0.2574739861635017,0.6513276855450338,6.038836237890059,-0.0150717199999989,-0.0470990400000009,-0.005318000000002,6.079314411639073,1.0,3765.4,0.0,5.209076788644816,0.0
173.5172419,174.0819359,0.3210769999999256,0.7004714999999981,6.155259999999824,0.2726787460645094,0.6630758693862764,6.066668179222331,-0.0146717199999989,-0.0470990400000009,-0.003318000000002,6.108885831631369,1.0,3768.82,0.49,5.255223154525405,0.0026926604633974944
173.6307733,174.1954673,0.3560769999999256,0.6254714999999981,6.090259999999825,0.2926157011042891,0.654086273245162,6.07230797439732,-0.0134717199999989,-0.0470990400000009,-0.004118000000002,6.114440034648291,1.0,3764.91,0.0,5.202533487729188,0.0
173.7447846,174.3094786,0.3210769999999256,0.6504714999999981,6.010259999999825,0.2994195801986339,0.653222135589191,6.057474957907187,-0.0138717199999989,-0.0462990400000009,-0.003318000000002,6.09994705789343,1.0,3762.95,0.0,5.176528736786533,0.0
173.8487991,174.4134931,0.3660769999999256,0.7004714999999981,6.0202599999998245,0.3153545179093828,0.6645174374626082,6.048578453393064,-0.0142717199999989,-0.0458990400000009,-0.004918000000002,6.093138206499879,1.0,3761.0,0.0,5.150920907833768,0.0
173.95979119999998,174.5244852,0.3860769999999256,0.7904714999999981,6.085259999999825,0.3322612381248046,0.6946276659552836,6.057347442082623,-0.0142717199999989,-0.0458990400000009,-0.002918000000002,6.106092298579806,1.0,3760.02,0.0,5.138149519548991,0.0
174.0737843,174.6384783,0.3860769999999256,0.6404714999999981,6.185259999999825,0.3451262847451649,0.6816812432806133,6.08792586304325,-0.0146717199999989,-0.0466990400000009,-0.002918000000002,6.13568600759308,1.0,3761.97,0.0,5.163626481680584,0.0
174.1771911,174.7418851,0.3460769999999258,0.6904714999999981,6.1452599999998245,0.3453535600944123,0.6837826176467746,6.101632002642203,-0.0146717199999989,-0.0462990400000009,-0.005318000000002,6.149531758218122,1.0,3765.4,0.0,5.209076788644816,0.0
174.2907711,174.8554651,0.3410769999999257,0.7604714999999981,6.115259999999824,0.3443312175116201,0.7021156489439428,6.10488987385389,-0.0146717199999989,-0.0466990400000009,-0.004518000000002,6.154771380297465,1.0,3766.86,0.0,5.228674112933977,0.0
174.4021678,174.9668618,0.3410769999999257,0.7104714999999981,6.075259999999824,0.3435532733082491,0.7041131754983079,6.097806638474402,-0.0142717199999989,-0.0466990400000009,-0.004518000000002,6.147930547406469,1.0,3761.49,0.0,5.157331134085031,0.0
174.5147527,175.0794467,0.2960769999999257,0.7354714999999981,6.135259999999825,0.3322037272237791,0.7116096094907649,6.1067601350955565,-0.0138717199999989,-0.0470990400000009,-0.004118000000002,6.15705017847778,1.0,3761.97,0.49,5.163626481680584,0.0026926604633974944
174.6166096,175.1813036,0.3560769999999256,0.6754714999999981,6.155259999999824,0.3379108055321453,0.7029705333693632,6.118354378145064,-0.0138717199999989,-0.0474990400000009,-0.004118000000002,6.167869290107229,1.0,3764.91,0.0,5.202533487729188,0.0
174.7297561,175.2944501,0.4260769999999256,0.6404714999999981,6.195259999999824,0.3589875711979329,0.688029687973731,6.1367392225857165,-0.0142717199999989,-0.0466990400000009,-0.002918000000002,6.1856143764245255,1.0,3768.82,0.0,5.255223154525405,0.0
174.8447156,175.4094096,0.3210769999999256,0.6554714999999981,6.140259999999825,0.3499247753018419,0.6802464179509355,6.137580889859285,-0.0146717199999989,-0.0462990400000009,-0.003718000000002,6.185069257257433,1.0,3769.79,0.0,5.268465363623446,0.0
174.9481475,175.5128415,0.4310769999999257,0.5904714999999982,6.090259999999825,0.3693248008279965,0.6587850753157071,6.126268489310695,-0.0138717199999989,-0.0458990400000009,-0.002518000000002,6.172646449221476,1.0,3766.37,0.0,5.222080005622559,0.0
175.0612921,175.6259861,0.5010769999999256,0.730471499999998,6.120259999999825,0.4008211157666403,0.6759222329713104,6.124832116537943,-0.0154717199999989,-0.0454990400000009,-0.004918000000002,6.175038209407615,1.0,3765.4,0.0,5.209076788644816,0.0
175.1731204,175.7378144,0.4560769999999257,0.7504714999999981,6.125259999999825,0.414030434039603,0.6937437737694003,6.12493440517037,-0.0150717199999989,-0.0462990400000009,-0.004518000000002,6.177986977292405,1.0,3763.93,0.0,5.189497558358847,0.0
175.2781017,175.8427957,0.4160769999999256,0.7054714999999981,6.175259999999825,0.4145196804160139,0.6965473714413533,6.136965102146855,-0.0154717199999989,-0.0458990400000009,-0.004118000000002,6.190262148817481,1.0,3765.4,0.0,5.209076788644816,0.0
175.39126389999998,175.9559579,0.3610769999999257,0.6554714999999981,6.225259999999825,0.4017438216134305,0.6867278876571934,6.158072635286576,-0.0142717199999989,-0.0466990400000009,-0.002918000000002,6.209255339519872,1.0,3771.26,0.0,5.28866523686519,0.0
175.49663,176.061324,0.3910769999999257,0.7404714999999981,6.165259999999825,0.3991938408537555,0.6995756864106734,6.159790826740003,-0.0146717199999989,-0.0458990400000009,-0.004118000000002,6.212228657477349,1.0,3768.33,0.0,5.248559860429807,0.0
175.61129499999998,176.175989,0.4760769999999257,0.7904714999999981,6.175259999999825,0.4175733154216576,0.7213049872451719,6.163488844351048,-0.0146717199999989,-0.0462990400000009,-0.004518000000002,6.219585443807072,1.0,3770.28,0.0,5.275180939168968,0.0
175.7256787,176.2903727,0.4560769999999257,0.7804714999999981,6.155259999999824,0.4267778993557201,0.735449169515067,6.1615216796669205,-0.0146717199999989,-0.0454990400000009,-0.004118000000002,6.219917544897549,1.0,3766.86,0.0,5.228674112933977,0.0
175.8307122,176.3954062,0.5060769999999257,0.7054714999999981,6.160259999999824,0.4457349221905484,0.7282827910704759,6.161220066028618,-0.0154717199999989,-0.0454990400000009,-0.004118000000002,6.220105155595306,1.0,3766.37,0.49,5.222080005622559,0.0026926604633974944
175.94466119999998,176.5093552,0.5260769999999257,0.7454714999999981,6.215259999999825,0.464941276250772,0.7323918761046198,6.17413870260788,-0.0158717199999989,-0.0458990400000009,-0.004118000000002,6.234786040401568,1.0,3768.33,0.0,5.248559860429807,0.0
176.0496758,176.6143698,0.4860769999999257,0.7704714999999981,6.215259999999825,0.4699939236892471,0.7414950852691882,6.183969045793669,-0.0154717199999989,-0.0454990400000009,-0.004118000000002,6.245973295581517,1.0,3768.33,0.0,5.248559860429807,0.0
176.1656423,176.7303363,0.3910769999999257,0.7154714999999982,6.225259999999825,0.4511282630161813,0.7352739592263395,6.1938399466664285,-0.0150717199999989,-0.0466990400000009,-0.003718000000002,6.253622773219469,1.0,3768.33,0.0,5.248559860429807,0.0
176.2690684,176.8337624,0.4910769999999256,0.7004714999999981,6.235259999999824,0.4606782971662688,0.7269541799488662,6.203741709618116,-0.0142717199999989,-0.0470990400000009,-0.003318000000002,6.263154003605584,1.0,3773.71,0.0,5.322689454588842,0.0
176.3816209,176.9463149,0.3660769999999256,0.6554714999999981,6.185259999999825,0.4380631737157132,0.7098657289440384,6.199323523429188,-0.0146717199999989,-0.0466990400000009,-0.003718000000002,6.255191511491684,1.0,3767.84,0.0,5.241913969612608,0.0
176.4940298,177.0587238,0.4560769999999257,0.7504714999999981,6.135259999999825,0.4423695090138222,0.7195728318352475,6.184008675383446,-0.0150717199999989,-0.0462990400000009,-0.004518000000002,6.241429254588907,1.0,3770.28,0.0,5.275180939168968,0.0
176.5974965,177.1621905,0.3710769999999257,0.7554714999999981,6.050259999999825,0.4253265197447201,0.7281546677780342,6.15203508838463,-0.0154717199999989,-0.0458990400000009,-0.003718000000002,6.209560982655761,1.0,3767.35,0.0,5.235285410754699,0.0
176.7103311,177.2750251,0.3460769999999258,0.6654714999999981,5.910259999999824,0.4063813495820492,0.7131698037218939,6.09423700701713,-0.0138717199999989,-0.0454990400000009,-0.002918000000002,6.149266758559589,1.0,3760.02,0.0,5.138149519548991,0.0
176.8231977,177.3878917,0.3660769999999256,0.725471499999998,5.860259999999824,0.3967463036715121,0.7161106130798394,6.038303113330834,-0.0142717199999989,-0.0450990400000009,-0.003318000000002,6.093547942545741,1.0,3756.11,0.0,5.087836023263135,0.0
176.9340331,177.4987271,0.3860769999999256,0.7154714999999982,5.820259999999824,0.3941957295579233,0.7159578284813992,5.986178332030492,-0.0138717199999989,-0.0450990400000009,-0.002918000000002,6.041714732444496,1.0,3751.71,0.0,5.0324140980754475,0.0
177.0455892,177.6102832,0.3960769999999256,0.7154714999999982,5.840259999999825,0.3946454608466492,0.7158415681448727,5.951295500701338,-0.0150717199999989,-0.0442990400000009,-0.003318000000002,6.007170076426917,1.0,3751.22,0.0,5.026318706053752,0.0
177.1505871,177.7152811,0.3960769999999256,0.7154714999999982,5.890259999999825,0.3949876806221215,0.7157531006816121,5.9367045233619455,-0.0146717199999989,-0.0446990400000009,-0.005318000000002,5.992727122661666,1.0,3757.09,0.0,5.100351211145222,0.0
177.2656074,177.8303014,0.3560769999999256,0.6954714999999981,5.900259999999824,0.3856858013437771,0.7109046375322849,5.927992196791181,-0.0150717199999989,-0.0442990400000009,-0.004118000000002,5.982911534214779,1.0,3756.6,0.0,5.094085717391444,0.0
177.3674387,177.9321327,0.3010769999999256,0.7154714999999982,5.950259999999824,0.3654594562014877,0.7119963789944282,5.933315476002148,-0.0138717199999989,-0.0450990400000009,-0.002918000000002,5.987047017987655,1.0,3754.64,0.0,5.069181114946919,0.0
177.4815322,178.0462262,0.4310769999999257,0.6654714999999981,6.000259999999825,0.381145804042095,0.7008742705931965,5.949319048044972,-0.0138717199999989,-0.0450990400000009,-0.002918000000002,6.00257394811169,1.0,3756.6,0.49,5.094085717391444,0.0026926604633974944
177.594974,178.159668,0.4310769999999257,0.7404714999999981,6.060259999999825,0.3930822171193353,0.710340274317862,5.9758402840040254,-0.0138717199999989,-0.0454990400000009,-0.002518000000002,6.030734949793328,1.0,3758.55,0.0,5.119114118097449,0.0
177.6989642,178.2636582,0.4360769999999256,0.7904714999999981,6.185259999999825,0.4033604305445135,0.7294962226539549,6.025903579879319,-0.0150717199999989,-0.0454990400000009,-0.004518000000002,6.08328680318443,1.0,3763.44,0.0,5.183004793070961,0.0
177.812975,178.377669,0.4160769999999256,0.7804714999999981,6.285259999999824,0.4064004183323768,0.7416822309290848,6.087904605598935,-0.0150717199999989,-0.0462990400000009,-0.004118000000002,6.146367733757019,1.0,3767.84,0.49,5.241913969612608,0.0026926604633974944
177.9249643,178.4896583,0.5210769999999256,0.6454714999999981,6.455259999999825,0.4338146835589854,0.7186823607116223,6.175723566262821,-0.0154717199999989,-0.0470990400000009,-0.004918000000002,6.232516432562645,1.0,3778.59,0.0,5.391826426731725,0.0
178.0289869,178.5936809,0.4660769999999257,0.8054714999999981,6.3952599999998245,0.441527223354606,0.7394299313894627,6.228205336593381,-0.0154717199999989,-0.0458990400000009,-0.005318000000002,6.287467266488799,1.0,3784.46,0.0,5.477492734364857,0.0
178.1405553,178.7052493,0.2910769999999256,0.730471499999998,5.720259999999825,0.4055610106678282,0.7372883536535905,6.106777334681329,-0.0146717199999989,-0.0434990400000009,-0.002918000000002,6.164479156034574,1.0,3773.22,0.0,5.315848486713096,0.0
178.2549374,178.8196314,0.3110769999999256,0.7904714999999981,5.600259999999825,0.3829739254019567,0.7500021689620435,5.985690706941682,-0.0142717199999989,-0.0430990400000009,-0.005718000000002,6.044639403649614,1.0,3732.65,0.0,4.805958238828641,0.0
178.357975,178.922669,0.3310769999999257,0.725471499999998,5.640259999999825,0.3705675905014162,0.744137935346664,5.903113001190285,-0.0146717199999989,-0.0438990400000009,-0.004918000000002,5.961359300593598,1.0,3734.6,0.0,4.8281657584540545,0.0
178.4689407,179.0336347,0.2910769999999256,0.8254714999999981,5.600259999999825,0.3515647906329557,0.7635813114990504,5.830713803563528,-0.0146717199999989,-0.0430990400000009,-0.003318000000002,5.890999718243896,1.0,3736.07,0.0,4.845045820992788,0.0
178.581517,179.146211,0.3560769999999256,0.7854714999999981,5.425259999999825,0.3526434668765736,0.7688143191864015,5.733787142981196,-0.0134717199999989,-0.0418990400000009,-0.004918000000002,5.795838841197471,1.0,3724.83,0.0,4.718954163877357,0.0
178.6931097,179.2578037,0.2910769999999256,0.730471499999998,5.325259999999824,0.3379255582375228,0.7596481912862934,5.636125778410463,-0.0130717199999989,-0.0406990400000009,-0.002518000000002,5.6971196974872855,1.0,3713.59,0.0,4.599367665767011,0.0
178.8075087,179.3722027,0.2910769999999256,0.6304714999999981,5.1452599999998245,0.3267260719750792,0.7287675701121765,5.518780768258116,-0.0126717199999989,-0.0394990400000009,-0.003718000000002,5.576270551672606,1.0,3708.21,0.0,4.5442777941789325,0.0
178.9105259,179.4752199,0.3710769999999257,0.6254714999999981,4.900259999999824,0.3373284816932564,0.7040738983812642,5.370918910652739,-0.0130717199999989,-0.0362990400000009,-0.003718000000002,5.427364047468206,1.0,3692.08,0.0,4.386830125872661,0.0
179.0230254,179.5877194,0.1810769999999257,0.370471499999998,4.585259999999825,0.2999754362945925,0.624323835234372,5.183101472767055,-0.0098717199999989,-0.0354990400000009,-0.000918000000002,5.229178366686481,1.0,3656.89,0.0,4.0787219313713825,0.0
179.137489,179.702183,0.3610769999999257,0.5654714999999981,4.575259999999824,0.3145822064722611,0.610254759370237,5.037792577891889,-0.0102717199999989,-0.0346990400000009,-0.001318000000002,5.08436101135881,1.0,3634.41,0.0,3.9035454240869796,0.0
179.2409853,179.8056793,0.3210769999999256,0.5704714999999981,4.475259999999825,0.3161348337809092,0.6007442838390038,4.903315101630448,-0.0098717199999989,-0.0330990400000009,-0.002918000000002,4.950084232977469,1.0,3632.94,0.0,3.8926090690721247,0.0
179.3574661,179.9221601,0.3510769999999257,0.5154714999999981,4.575259999999824,0.3244880110241704,0.5803592088848967,4.824891159843309,-0.0114717199999989,-0.0334990400000009,-0.001718000000002,4.870491144121919,1.0,3628.54,0.0,3.8602336917124864,0.0
179.46245199999998,180.027146,0.3260769999999258,0.5454714999999981,4.545259999999825,0.3248678703170625,0.5720190500607348,4.758043311136089,-0.0106717199999989,-0.0338990400000009,-0.002518000000002,4.803303142363972,1.0,3629.03,0.0,3.86381276169102,0.0
179.5754782,180.1401722,0.2710769999999256,0.3454714999999981,4.555259999999825,0.3120087742034452,0.5178612217274117,4.709566495781272,-0.0094717199999989,-0.0346990400000009,-0.001318000000002,4.748215064456794,1.0,3632.94,0.0,3.8926090690721247,0.0
179.6784006,180.2430946,0.2660769999999257,0.3954714999999982,4.495259999999824,0.3010284517868388,0.4886030746527715,4.658334979898023,-0.0086717199999989,-0.0342990400000009,-0.000918000000002,4.693552586078784,1.0,3628.05,0.0,3.856661167586708,0.0
179.7898738,180.3545678,0.2510769999999256,0.4304714999999981,4.385259999999825,0.2890871964073361,0.474706301812162,4.593054433366016,-0.0090717199999989,-0.0338990400000009,-0.000918000000002,4.626560980682092,1.0,3619.26,0.0,3.7936654434584574,0.0
179.9014541,180.4661481,0.3310769999999257,0.475471499999998,4.225259999999825,0.2991251622741387,0.474889227966458,4.505130517266028,-0.0106717199999989,-0.0314990400000009,-0.002918000000002,4.539955574578431,1.0,3614.86,0.0,3.762887659058098,0.0
180.0148827,180.5795767,0.2410769999999256,0.6404714999999981,4.135259999999825,0.2852483297651626,0.5144728661979459,4.416710298312919,-0.0098717199999989,-0.0318990400000009,-0.001718000000002,4.45571305167996,1.0,3604.11,0.0,3.689718166549288,0.0
180.1208885,180.6855825,0.3360769999999258,0.5954714999999982,4.175259999999825,0.2973992905513083,0.5338361747109233,4.358989860358219,-0.0110717199999989,-0.0314990400000009,-0.003718000000002,4.401615612721785,1.0,3599.22,0.0,3.657350745316904,0.0
180.2330381,180.7977321,0.3060769999999257,0.5104714999999982,4.1052599999998245,0.299473759679395,0.5282506804439626,4.298333904393814,-0.0102717199999989,-0.0314990400000009,-0.002918000000002,4.341014589676863,1.0,3598.24,0.0,3.6509308203492754,0.0
180.3464593,180.9111533,0.2860769999999257,0.6704714999999981,4.155259999999824,0.2962711675050415,0.5622495947066651,4.264131054038245,-0.0102717199999989,-0.0314990400000009,-0.002518000000002,4.311231246112405,1.0,3593.35,0.0,3.6192234498657863,0.0
180.449984,181.014678,0.3310769999999257,0.5704714999999981,4.1452599999998245,0.3045917531867272,0.5642151005588794,4.235714069892144,-0.0102717199999989,-0.0314990400000009,-0.002518000000002,4.283968778794997,1.0,3593.84,0.0,3.6223763706694583,0.0
180.560841,181.125535,0.3360769999999258,0.6704714999999981,4.165259999999825,0.3121185288745877,0.5896164604001415,4.218871515551613,-0.0110717199999989,-0.0314990400000009,-0.001718000000002,4.271292826671381,1.0,3597.75,0.0,3.647729123655641,0.0
180.6758165,181.2405105,0.4460769999999256,0.5854714999999981,4.165259999999825,0.3441422690609435,0.588625577674907,4.206055295490241,-0.0114717199999989,-0.0314990400000009,-0.002118000000002,4.260964106956198,1.0,3601.66,0.49,3.6734315045020116,0.0026926604633974944
180.7799636,181.3446576,0.3810769999999257,0.6954714999999981,4.175259999999825,0.3529717832940243,0.6141678672200666,4.198693457650031,-0.0114717199999989,-0.0318990400000009,-0.002918000000002,4.258029826133276,1.0,3600.68,0.0,3.6669562256996477,0.0
180.892404,181.457098,0.3310769999999257,0.5954714999999982,4.195259999999824,0.3477376771881794,0.6096983655808311,4.197872664796788,-0.0106717199999989,-0.0318990400000009,-0.002918000000002,4.256147142542918,1.0,3604.11,0.0,3.689718166549288,0.0
181.0058253,181.5705193,0.3510769999999257,0.5604714999999981,4.255259999999825,0.3485359664282953,0.5979303277680206,4.211591521820842,-0.0106717199999989,-0.0318990400000009,-0.002118000000002,4.268079327218752,1.0,3600.2,0.0,3.663792812440511,0.0
181.1173768,181.6820708,0.4660769999999257,0.550471499999998,4.235259999999824,0.3766349995742599,0.5865849521659792,4.217249642501399,-0.0110717199999989,-0.0314990400000009,-0.002918000000002,4.274474280679444,1.0,3602.15,0.49,3.6766775529903377,0.0026926604633974944
181.2189464,181.7836404,0.3960769999999256,0.6554714999999981,4.255259999999825,0.3812827502174574,0.6030527790353046,4.226336293033422,-0.0102717199999989,-0.0314990400000009,-0.002918000000002,4.286136681409855,1.0,3601.66,0.49,3.6734315045020116,0.0026926604633974944
181.33339,181.898084,0.4160769999999256,0.5954714999999982,4.245259999999824,0.389600566968071,0.6012404195177063,4.230860141881233,-0.0106717199999989,-0.0318990400000009,-0.002118000000002,4.291090325780029,1.0,3602.64,0.0,3.679929227995128,0.0
181.4473925,182.0120865,0.3710769999999257,0.6904714999999981,4.235259999999824,0.3851723744772996,0.6225717538775849,4.231911959747344,-0.0106717199999989,-0.0322990400000009,-0.002118000000002,4.294768000933147,1.0,3602.64,0.0,3.679929227995128,0.0
181.5524075,182.1171015,0.3510769999999257,0.5604714999999981,4.135259999999825,0.3770216289167718,0.6077262396000901,4.2088066105935695,-0.0110717199999989,-0.0318990400000009,-0.003718000000002,4.269136865497011,1.0,3598.73,0.0,3.654138022581126,0.0
181.6683421,182.2330361,0.3760769999999256,0.550471499999998,4.075259999999824,0.3767958085505681,0.5940390805127391,4.176881328642411,-0.0110717199999989,-0.0310990400000009,-0.000518000000002,4.235704798977295,1.0,3597.26,0.49,3.644532917589664,0.0026926604633974944
181.7713706,182.3360646,0.4010769999999257,0.5604714999999981,3.950259999999824,0.3826004027644111,0.586014507912035,4.122705863006149,-0.0106717199999989,-0.0302990400000009,-0.001718000000002,4.181686227414026,1.0,3586.51,0.0,3.5757643816161475,0.0
181.8863443,182.4510383,0.2710769999999256,0.7054714999999981,3.8852599999998247,0.3559399277319167,0.6145715647814675,4.065942714238013,-0.0106717199999989,-0.0302990400000009,-0.002518000000002,4.1275030703631135,1.0,3568.43,0.0,3.4656402271196702,0.0
181.9892366,182.5539306,0.3310769999999257,0.5704714999999981,3.950259999999824,0.3499962652574737,0.6040291257337579,4.038287925752483,-0.0106717199999989,-0.0310990400000009,-0.002518000000002,4.098184712980512,1.0,3567.45,0.0,3.459859152199254,0.0
182.1023739,182.6670679,0.3610769999999257,0.6354714999999981,4.055259999999825,0.3526451949405708,0.6115456524295734,4.042345222700967,-0.0114717199999989,-0.0310990400000009,-0.003318000000002,4.103523073898027,1.0,3571.36,0.0,3.483036733126628,0.0
182.2139413,182.7786353,0.3110769999999256,0.730471499999998,4.085259999999825,0.3427080176675523,0.6399757353653069,4.052604310213903,-0.0106717199999989,-0.0310990400000009,-0.002918000000002,4.117112996068276,1.0,3576.25,0.0,3.512451068573752,0.0
182.328315,182.893009,0.5110769999999256,0.475471499999998,4.240259999999824,0.3829578391260865,0.600649809586677,4.097464758408874,-0.0102717199999989,-0.0302990400000009,-0.002118000000002,4.158924662302423,1.0,3583.58,0.0,3.5574581417102897,0.0
182.4332581,182.9979521,0.4910769999999256,0.5854714999999981,4.265259999999825,0.4088045055437038,0.597021325037782,4.137577422998691,-0.0106717199999989,-0.0302990400000009,-0.002118000000002,4.20036933109592,1.0,3600.2,0.0,3.663792812440511,0.0
182.5448017,183.1094957,0.4210769999999257,0.6454714999999981,4.265259999999825,0.4117383339951858,0.6086036893477015,4.16810086536004,-0.0114717199999989,-0.0318990400000009,-0.002518000000002,4.232374242689779,1.0,3606.06,0.0,3.7027825668452383,0.0
182.6507089,183.2154029,0.4660769999999257,0.5004714999999982,4.265259999999825,0.4247283846249874,0.5827539083792943,4.191327458335444,-0.0114717199999989,-0.0310990400000009,-0.003318000000002,4.252907497399179,1.0,3602.64,0.0,3.679929227995128,0.0
182.7638739,183.3285679,0.4810769999999258,0.5104714999999982,4.245259999999824,0.4381989281708267,0.5654742765162458,4.204220422007998,-0.0106717199999989,-0.0314990400000009,-0.002118000000002,4.264651077741384,1.0,3603.13,0.0,3.6831865449316914,0.0
182.8783455,183.4430395,0.4210769999999257,0.475471499999998,4.255259999999825,0.4341058075594294,0.5439584626450183,4.216421801816985,-0.0114717199999989,-0.0314990400000009,-0.002118000000002,4.273470658853006,1.0,3600.68,0.0,3.6669562256996477,0.0
182.9807105,183.5454045,0.3760769999999256,0.5954714999999982,4.235259999999824,0.4202336019348155,0.5562730263348534,4.220925209172402,-0.0106717199999989,-0.0318990400000009,-0.002918000000002,4.278112385322519,1.0,3601.17,0.0,3.6701910671721305,0.0
183.1004859,183.6651799,0.3510769999999257,0.5604714999999981,4.205259999999825,0.4037012166819112,0.5572767017926454,4.2171803277603255,-0.0110717199999989,-0.0318990400000009,-0.002118000000002,4.272954705067681,1.0,3594.82,0.0,3.628698347537055,0.0
183.2097634,183.7744574,0.3510769999999257,0.5604714999999981,4.205259999999825,0.3911210175472285,0.5580404413820915,4.214330687301371,-0.0110717199999989,-0.0318990400000009,-0.002118000000002,4.269071084734376,1.0,3597.26,0.0,3.644532917589664,0.0
183.3189184,183.8836124,0.3510769999999257,0.5604714999999981,4.205259999999825,0.3815482058901526,0.5586216035057231,4.212162273978822,-0.0110717199999989,-0.0318990400000009,-0.002118000000002,4.266139724815837,1.0,3594.33,0.0,3.6255346650667284,0.0
183.4284917,183.9931857,0.3510769999999257,0.5604714999999981,4.205259999999825,0.3742638440099653,0.5590638346256116,4.210512235524803,-0.0110717199999989,-0.0318990400000009,-0.002118000000002,4.263922968537715,1.0,3587.49,0.0,3.5819283438125677,0.0
183.5376647,184.1023587,0.3510769999999257,0.5604714999999981,4.205259999999825,0.3687208614566311,0.5594003472017853,4.209256650682452,-0.0110717199999989,-0.0318990400000009,-0.002118000000002,4.262244171025078,1.0,3589.93,0.0,3.59736579286565,0.0
183.6474106,184.2121046,0.3510769999999257,0.5604714999999981,4.205259999999825,0.3645029689230195,0.5596564140157889,4.208301222466521,-0.0110717199999989,-0.0318990400000009,-0.002118000000002,4.260971355819694,1.0,3592.38,0.0,3.612997744929047,0.0
183.756265,184.320959,0.3510769999999257,0.5604714999999981,4.205259999999825,0.3612933940679813,0.5598512662081779,4.207574196267251,-0.0110717199999989,-0.0318990400000009,-0.002118000000002,4.260005513372731,1.0,3587.98,0.0,3.5850181040056275,0.0
183.8658028,184.4304968,0.3510769999999257,0.5604714999999981,4.205259999999825,0.3588510912667592,0.5599995375764399,4.207020970932669,-0.0110717199999989,-0.0318990400000009,-0.002118000000002,4.259272125335083,1.0,3574.78,0.0,3.503558127847413,0.0
183.9749559,184.5396499,0.3510769999999257,0.5604714999999981,4.205259999999825,0.3569926385924138,0.5601123636030643,4.206599998110605,-0.0110717199999989,-0.0318990400000009,-0.002118000000002,4.258714964396458,1.0,3582.11,0.0,3.5483424171935067,0.0
184.0845325,184.6492265,0.3510769999999257,0.5604714999999981,4.205259999999825,0.3555784624546094,0.5601982177530128,4.206279661882598,-0.0110717199999989,-0.0318990400000009,-0.002118000000002,4.25829152126794,1.0,3576.25,0.0,3.512451068573752,0.0
184.193573,184.758267,0.3510769999999257,0.5604714999999981,4.205259999999825,0.3545023553380049,0.5602635478482392,4.206035904343881,-0.0110717199999989,-0.0318990400000009,-0.002118000000002,4.257969609052833,1.0,3567.45,0.0,3.459859152199254,0.0
184.3034405,184.8681345,0.3510769999999257,0.5604714999999981,4.205259999999825,0.3536834994010037,0.5603132603122826,4.205850418805603,-0.0110717199999989,-0.0318990400000009,-0.002118000000002,4.257724828214899,1.0,3569.4,0.0,3.4713807847886677,0.0
184.4126366,184.9773306,0.3510769999999257,0.5604714999999981,4.205259999999825,0.353060396890839,0.5603510886526929,4.205709274925127,-0.0110717199999989,-0.0318990400000009,-0.002118000000002,4.25753866589585,1.0,3568.43,0.0,3.4656402271196702,0.0
184.5235209,185.0882149,0.4160769999999256,0.5704714999999981,4.195259999999824,0.3681249710714739,0.5627704460911778,4.203211300272739,-0.0102717199999989,-0.0322990400000009,-0.002518000000002,4.256666748062442,1.0,3570.38,0.0,3.4771992828090785,0.0
184.6333409,185.1980349,0.3410769999999257,0.5554714999999981,4.1452599999998245,0.3616589582028074,0.5610255803033363,4.189357623324867,-0.0102717199999989,-0.0330990400000009,-0.000518000000002,4.242200396010684,1.0,3569.89,0.0,3.47428767084509,0.0
184.7401393,185.3048333,0.1510769999999257,0.6404714999999981,4.165259999999825,0.3113178199323245,0.580017701293218,4.1835969123971655,-0.0106717199999989,-0.0334990400000009,-0.000918000000002,4.235070535922628,1.0,3566.96,0.49,3.4569756197169195,0.0026926604633974944
184.8496551,185.4143491,0.1510769999999257,0.6404714999999981,4.165259999999825,0.273011094410185,0.5944696185687802,4.179213341029865,-0.0106717199999989,-0.0334990400000009,-0.000918000000002,4.230100865808564,1.0,3558.16,0.0,3.40597080843738,0.0
184.97452,185.539214,0.1510769999999257,0.6404714999999981,4.165259999999825,0.2438618683369849,0.6054667006245953,4.17587769406313,-0.0106717199999989,-0.0334990400000009,-0.000918000000002,4.226584087909295,1.0,3558.16,0.0,3.40597080843738,0.0
185.0838887,185.6485827,0.1510769999999257,0.6404714999999981,4.165259999999825,0.2216809753192442,0.6138348507763283,4.173339457599209,-0.0106717199999989,-0.0334990400000009,-0.000918000000002,4.224061778336172,1.0,3562.07,0.0,3.4284521894009585,0.0
