time,world_time,Fx,Fy,Fz,LPF_Fx,LPF_Fy,LPF_Fz,Mx,My,Mz,force_magnitude,touch_count,V_SidePalm[mV],V_ThumpPalm[mV],V_UpperPalm[mV],V_Middle[mV],V_Index[mV],V_Thump[mV]
2.0314706,2.6545169,0.22739049999997363,-0.0006314999999577076,-0.027789999999987713,0.0543593416054399,-0.0001509646367000393,-0.006643400244138089,0.00047956000000014785,-0.00019560000000122622,0.0017834800000005903,0.05476399891262742,,0.0,0.0,0.0,0.0,0.0,0.0
2.1550321,2.7780784,0.2423904999999733,-0.03563149999995763,-0.027789999999987713,0.0993095482835386,-0.00863284291286124,-0.011698647670577957,0.000879560000000148,-0.0005956000000012255,0.0017834800000005903,0.10036817580467897,,0.0,0.0,0.0,0.0,0.0,0.0
2.1640705000000002,2.7871168,0.2923904999999736,-0.010631499999957494,0.012210000000012322,0.1454669445329789,-0.009110636327052297,-0.005983112738160495,0.000879560000000148,-0.0005956000000012255,0.0013834800000005892,0.14587471776864594,,0.0,0.0,0.0,0.0,0.0,0.0
2.20014,2.8231863,0.24739049999997365,0.08936850000004237,0.0022100000000123132,0.16983250672344863,0.014431512586881426,-0.004024489954243539,0.00047956000000014785,-0.00019560000000122622,0.002183480000000588,0.17049206848093357,,0.0,0.0,0.0,0.0,0.0,0.0
2.3098586,2.9329049,0.2923904999999736,0.009368500000042301,-0.007789999999987696,0.1991308803274321,0.013221162854765696,-0.004924662331257293,0.00047956000000014785,-0.00019560000000122622,0.0005834800000005871,0.19963005521786348,,0.0,0.0,0.0,0.0,0.0,0.0
2.4205584,3.0436047,0.24739049999997365,0.059368500000042346,-0.017789999999987705,0.21066769101885763,0.024253017149741915,-0.008000214235157989,0.000879560000000148,-0.00019560000000122622,0.002183480000000588,0.21221000991445,1.0,0.0,0.0,0.0,0.0,0.0,0.0
2.5307148,3.1537611,0.37739049999997354,-0.010631499999957494,0.0022100000000123132,0.2505239828464583,0.015913621332935335,-0.0055593887676278495,0.000879560000000148,-0.00019560000000122622,0.0005834800000005871,0.2510904540771119,1.0,0.0,0.0,0.0,0.0,0.49,0.0
2.6411457,3.264192,0.3573904999999735,0.12436850000004229,0.022210000000012275,0.27607119573412164,0.041840543514127984,0.0010790842125300302,0.000879560000000148,-0.00019560000000122622,0.0013834800000005892,0.2792258953219831,1.0,0.0,0.0,0.0,0.0,0.0,0.0
2.7606745,3.3837208,0.27239049999997356,-0.0006314999999577076,-0.007789999999987696,0.2751912988309605,0.03168729471057832,-0.0010411344352838445,0.00047956000000014785,-0.00019560000000122622,0.0009834800000005882,0.2770115874097298,1.0,0.0,0.0,0.0,0.0,0.0,0.0
2.8706883,3.4937346,0.3373904999999735,0.1343685000000423,0.0022100000000123132,0.2900604671732274,0.05623397856407669,-0.0002639272635968422,0.00047956000000014785,-0.00019560000000122622,0.002183480000000588,0.2954613420051707,1.0,0.0,0.0,0.0,0.0,0.0,0.0
2.9807147,3.603761,0.2923904999999736,0.08936850000004237,-0.007789999999987696,0.2906174783517111,0.06415502526422748,-0.002063089316650535,7.956000000014767e-05,-0.00019560000000122622,0.0005834800000005871,0.29762164290872634,1.0,0.0,0.0,0.0,0.0,0.0,0.0
3.090709,3.7137553,0.2923904999999736,0.1343685000000423,0.012210000000012322,0.29104133198434634,0.08094006359463057,0.001348995787738263,0.00047956000000014785,-0.00019560000000122622,0.0005834800000005871,0.30208967312299945,1.0,0.0,0.0,0.0,0.0,1.96,0.0
3.2006899,3.8237362,0.2923904999999736,-0.010631499999957494,0.0022100000000123132,0.2913638603443465,0.05904921984001877,0.0015548250642416052,0.000879560000000148,-0.00019560000000122622,0.0005834800000005871,0.2972913166566678,1.0,0.0,0.0,0.0,0.0,0.0,0.0
3.3107072,3.9337535,0.3123904999999736,0.024368500000042426,-0.03778999999998772,0.29639043044228314,0.050758543242253915,-0.007850839579061276,0.000879560000000148,-0.00019560000000122622,0.0013834800000005892,0.30080783342847606,1.0,0.0,0.0,0.0,0.0,0.0,0.0
3.4208650000000005,4.0439113,0.2923904999999736,0.06436850000004246,-0.017789999999987705,0.2954342181761087,0.05401210171823237,-0.010226867674309187,0.00047956000000014785,0.00020439999999877397,0.0013834800000005892,0.3005050302803218,1.0,0.0,0.0,0.0,0.0,1.47,0.0
3.5317448,4.1547911,0.3123904999999736,-0.02563149999995762,-0.007789999999987696,0.2994877398316822,0.03497272341312643,-0.009644316853779257,0.000879560000000148,-0.00019560000000122622,0.002183480000000588,0.3016769970349024,1.0,0.0,0.0,0.0,0.0,0.0,0.0
3.6432068,4.2662531,0.3573904999999735,-0.05063149999995753,0.0022100000000123132,0.3133298129169095,0.014508415434645506,-0.0068104567789104556,0.00047956000000014785,-0.00019560000000122622,0.0013834800000005892,0.31373945895042776,1.0,0.0,0.0,0.0,0.0,0.0,0.0
3.7531946,4.3762409,0.22739049999997363,-0.0006314999999577076,-0.007789999999987696,0.2927853993719766,0.010889109285148654,-0.007044623661747851,0.00047956000000014785,-0.00019560000000122622,0.0017834800000005903,0.2930724987250892,1.0,0.0,0.0,0.0,0.0,0.0,0.0
3.8632189,4.4862652,0.24739049999997365,-0.06063149999995754,0.032210000000012284,0.281933420762019,-0.0062084090014936436,0.0023394776847149553,0.00047956000000014785,-0.0005956000000012255,0.0009834800000005882,0.28201147359769024,1.0,0.49,0.0,0.0,0.0,0.0,0.0
3.9736681,4.5967144,0.26739049999997366,-0.045631499999957637,0.022210000000012275,0.2784568305014542,-0.015632783681737962,0.007089669581104157,0.00047956000000014785,-0.00019560000000122622,0.002183480000000588,0.27898540068133465,1.0,0.0,0.0,0.0,0.0,0.0,0.0
4.0845172,4.7075635,0.27239049999997356,-0.020631499999957503,0.022210000000012275,0.27700663037426543,-0.01682776292638897,0.010704293791124565,7.956000000014767e-05,-0.00019560000000122622,0.0005834800000005871,0.2777236554238374,1.0,0.0,0.0,0.0,0.0,0.0,0.0
4.1953797999999995,4.8184261,0.24739049999997365,0.03936850000004233,-0.007789999999987696,0.26992668047289503,-0.0033936403339000533,0.006283099264780878,0.00047956000000014785,-0.00019560000000122622,0.0009834800000005882,0.270021123177805,1.0,0.0,0.0,0.0,0.0,0.0,0.0
4.3061728,4.9292191,0.27239049999997356,-0.0006314999999577076,-0.007789999999987696,0.2705156743285162,-0.002733330734444697,0.0029188232269476847,0.00047956000000014785,-0.00019560000000122622,0.0009834800000005882,0.27054522853553686,1.0,0.0,0.0,0.0,0.0,0.0,0.0
4.4178277999999995,5.0408741,0.3323904999999736,0.009368500000042301,0.0022100000000123132,0.28530729836493013,0.0001596993215482608,0.0027493739142857463,0.00047956000000014785,-0.0005956000000012255,0.00018348000000058956,0.2853205899704561,1.0,0.0,0.0,0.0,0.0,0.0,0.0
4.5290349999999995,5.1520813,0.27239049999997356,0.04936850000004234,0.012210000000012322,0.2822194444098645,0.011923418588960805,0.0050110049199583945,0.00047956000000014785,-0.0005956000000012255,0.00018348000000058956,0.282515650688892,1.0,0.0,0.0,0.0,0.49,0.0,0.0
4.6401837,5.26323,0.27239049999997356,-0.02563149999995762,0.0022100000000123132,0.2798697642482122,0.002945644018168542,0.004341404460476206,0.00047956000000014785,-0.00019560000000122622,0.0005834800000005871,0.2799189338928703,1.0,0.0,0.0,0.0,0.0,0.0,0.0
4.7507176,5.3737639,0.3323904999999736,0.034368500000042435,0.012210000000012322,0.2924252255190189,0.01045750472711382,0.006222449063873155,0.00047956000000014785,-0.0005956000000012255,0.0009834800000005882,0.29267830599024447,1.0,0.0,0.0,0.0,0.0,0.0,0.0
4.861531299999999,5.4845776,0.2923904999999736,-0.08563149999995767,-0.03778999999998772,0.2924169241328475,-0.012513265962454188,-0.004299044813640261,0.00047956000000014785,-0.00019560000000122622,0.0013834800000005892,0.2927161101317662,1.0,0.0,0.0,0.0,0.0,0.0,0.0
4.972401499999999,5.5954478,0.24739049999997365,0.03936850000004233,-0.007789999999987696,0.28165303219052534,-0.00011055503544026533,-0.005133582868237812,0.00047956000000014785,-0.00019560000000122622,0.0009834800000005882,0.2816998339324999,1.0,0.0,0.0,0.0,0.0,0.0,0.0
5.0917565,5.7148028,0.2923904999999736,0.06436850000004246,0.0022100000000123132,0.28421990143366116,0.015303628842383002,-0.0033780463363989217,0.00047956000000014785,-0.0005956000000012255,0.0013834800000005892,0.28465165487619487,1.0,0.0,0.0,0.0,0.0,0.0,0.0
5.202405,5.8254513,0.22739049999997363,0.07436850000004247,-0.007789999999987696,0.27063442250746655,0.02942351295425609,-0.004432755729915459,0.00047956000000014785,-0.00019560000000122622,0.0017834800000005903,0.27226528071695133,1.0,0.0,0.0,0.0,0.0,0.0,0.0
5.313196499999999,5.9362428,0.3373904999999735,0.03936850000004233,0.0022100000000123132,0.2865929450519652,0.031800933946266007,-0.0028447569879949345,0.00047956000000014785,-0.00019560000000122622,0.0009834800000005882,0.2883659275915486,1.0,0.0,0.0,0.0,0.0,0.0,0.0
5.4240531999999995,6.0470995,0.39739049999997356,-0.0006314999999577076,-0.017789999999987705,0.3130799009206887,0.024047726332144727,-0.006417525288628966,0.00047956000000014785,-0.0005956000000012255,0.0017834800000005903,0.3140676712638284,1.0,0.0,0.0,0.0,0.0,0.0,0.0
5.5340478,6.1570941,0.3373904999999735,0.014368500000042417,0.0022100000000123132,0.3188915252408951,0.021733837358492884,-0.00435505304649538,0.00047956000000014785,-0.0005956000000012255,0.0009834800000005882,0.31966096265235083,1.0,0.0,0.0,0.0,0.0,0.0,0.0
5.6440471,6.2670934,0.37739049999997354,-0.010631499999957494,0.0022100000000123132,0.3328761277308721,0.01399666966835845,-0.00278562969234036,0.000879560000000148,-0.00019560000000122622,0.002183480000000588,0.3331819066331302,1.0,0.0,0.0,0.0,0.0,0.0,0.0
5.7540277,6.377074,0.37739049999997354,0.059368500000042346,-0.007789999999987696,0.3435176099762961,0.024843133457586014,-0.003981960564006298,0.00047956000000014785,-0.0005956000000012255,0.002183480000000588,0.3444377819777491,1.0,0.0,0.0,0.0,0.0,0.0,0.0
5.8649027,6.487949,0.3573904999999735,0.04936850000004234,0.012210000000012322,0.34683402454881285,0.030706099491260085,-0.00011115542675825324,0.00047956000000014785,-0.00019560000000122622,0.002183480000000588,0.34819063382897386,1.0,0.0,0.0,0.0,0.0,0.0,0.0
5.9748638,6.5979101,0.22739049999997363,0.024368500000042426,0.0022100000000123132,0.3182801871918922,0.02919105055253308,0.0004437335451344006,0.00047956000000014785,0.00020439999999877397,0.002183480000000588,0.3196163198128743,1.0,0.0,0.0,0.0,0.0,0.0,0.0
6.0865751999999995,6.7096215,0.3273904999999733,0.034368500000042435,0.06221000000001231,0.32045807327801695,0.03042875724283936,0.015209405716635501,0.0016795600000001475,-0.0005956000000012255,0.0017834800000005903,0.32225861046472565,1.0,0.0,0.0,0.0,0.0,0.0,0.0
6.1973968,6.8204431,0.25739049999997343,0.06936850000004235,0.04221000000001229,0.30538131431030424,0.039737584034490715,0.021664092821858175,0.002479560000000148,-0.0005956000000012255,0.0017834800000005903,0.308716950672588,1.0,0.0,0.0,0.0,0.0,0.0,0.0
6.3074027,6.930449,0.3523904999999736,-0.020631499999957503,0.23221000000001235,0.3166191997254759,0.0253059184132952,0.07199661283446138,0.006479560000000149,0.0006043999999987741,0.0037834800000005886,0.3256863819707181,1.0,0.0,0.49,0.0,0.0,0.0,0.0
6.4174026,7.0404489,0.4673904999999734,-0.005631499999957601,0.36221000000001236,0.35266216816927065,0.017910105061740803,0.14137421942491174,0.010479560000000148,0.0014043999999987745,0.005383480000000589,0.38036567489611445,1.0,0.0,0.0,0.0,0.0,182.31,0.0
6.5273799,7.1504262,0.4523904999999733,0.16436850000004233,0.6622100000000123,0.37650294629204384,0.05292204233016884,0.2658837750863009,0.01927956000000015,0.002604399999998774,0.00698348000000059,0.46394977420527805,1.0,0.0,0.0,0.0,0.49,808.9,0.0
6.637392999999999,7.2604393,0.5023904999999735,0.1443685000000423,1.0822100000000123,0.4065972753686029,0.07478297860976112,0.46103245597476694,0.028479560000000147,0.004204399999998774,0.005383480000000589,0.6192453178579915,1.0,0.0,0.49,0.49,0.0,1490.71,0.0
6.756555799999999,7.3796021,0.42739049999997336,0.15936850000004243,1.8322100000000123,0.4115680459188917,0.09500375851098425,0.7888223527267644,0.04927956000000015,0.004204399999998774,0.0013834800000005892,0.8947930904483429,1.0,0.0,0.0,0.49,0.0,2139.78,0.0
6.867429899999999,7.4904762,0.4473904999999734,0.12436850000004229,1.9922100000000125,0.42013166233443644,0.10202361208340405,1.0765008626113053,0.05447956000000015,0.005404399999998775,0.0033834800000005875,1.1600747985890074,1.0,0.0,0.0,0.0,0.0,2513.69,0.0
6.9774192,7.6004655,0.40739049999997334,0.1443685000000423,1.6622100000000124,0.41708579544118657,0.11214646342286137,1.2165188628388606,0.04487956000000015,0.004604399999998774,0.0033834800000005875,1.290912674684007,1.0,0.0,0.0,0.0,0.49,2522.48,0.0
7.087412499999999,7.7104588,0.5623904999999734,0.28436850000004243,1.5922100000000123,0.4518219346905814,0.15331738533158068,1.3063305430237477,0.04127956000000015,0.006604399999998774,0.008983480000000588,1.39073677198425,1.0,0.0,0.0,0.0,0.0,2404.2,0.49
7.1974407,7.820487,0.29739049999997347,0.12436850000004229,0.8222100000000123,0.4149039846752294,0.14639694517759894,1.1905980301155947,0.02247956000000015,0.00020439999999877397,0.00298348000000059,1.2692915549123656,1.0,0.0,0.0,0.0,0.0,2109.48,0.0
7.3082201,7.9312664,0.42739049999997336,0.1293685000000424,1.0922100000000123,0.417888976361335,0.14232617235104544,1.167077660799639,0.028479560000000147,0.0018043999999987738,0.004583480000000587,1.247781311864375,1.0,0.0,0.49,0.0,0.98,1681.82,0.0
7.4182474,8.0412937,0.37239049999997365,0.14936850000004243,1.0322100000000123,0.4070122369238714,0.14400969164657143,1.1348365722540121,0.02767956000000015,0.0038043999999987743,0.00698348000000059,1.2141877111959047,1.0,0.0,0.0,0.0,0.0,1943.79,0.0
7.5282611,8.1513074,0.27239049999997356,-0.020631499999957503,0.032210000000012284,0.3748299382571959,0.10465102547959698,0.871245725211601,0.00047956000000014785,-0.00019560000000122622,0.002183480000000588,0.9542108956867518,1.0,0.0,0.0,0.0,0.0,868.52,0.0
7.6390908,8.2621371,0.2923904999999736,0.06436850000004246,0.022210000000012275,0.3551221950313996,0.09502119677842787,0.6682776019962313,0.00047956000000014785,-0.00019560000000122622,0.0013834800000005892,0.7627160379662653,1.0,0.0,0.0,0.0,0.0,0.0,0.0
7.749091099999999,8.3721374,0.3123904999999736,-0.02563149999995762,-0.017789999999987705,0.3449068746570082,0.06617829806544481,0.5042681858537725,0.00047956000000014785,-0.0005956000000012255,0.0013834800000005892,0.6145134030961074,1.0,0.0,0.0,0.0,0.0,0.0,0.0
7.860762099999999,8.4838084,0.3123904999999736,0.09936850000004238,-0.017789999999987705,0.3371336004096126,0.0741126555910078,0.3794664053803399,0.00047956000000014785,-0.0005956000000012255,0.002183480000000588,0.5129780726855449,1.0,0.0,0.0,0.0,0.0,0.0,0.0
7.9707633,8.5938096,0.27239049999997356,-0.020631499999957503,0.012210000000012322,0.32165629457773626,0.05146338080209256,0.29167110875687735,0.00047956000000014785,-0.00019560000000122622,0.002183480000000588,0.43724511099442476,1.0,0.0,0.0,0.0,0.0,0.0,0.0
8.0824081,8.7054544,0.24739049999997365,0.014368500000042417,-0.007789999999987696,0.3039025199167346,0.04259558158738504,0.22008276751808284,0.00047956000000014785,-0.0005956000000012255,0.002183480000000588,0.37763414800693984,1.0,0.0,0.0,0.0,0.0,0.0,0.0
8.1933624,8.8164087,0.3123904999999736,-0.02563149999995762,0.0022100000000123132,0.30593163286949654,0.026285404888054996,0.16799870861483596,0.000879560000000148,-0.00019560000000122622,0.0013834800000005892,0.35001236063398955,1.0,0.0,0.0,0.0,0.0,0.0,0.0
8.3041077,8.927154,0.25239049999997354,0.06436850000004246,0.012210000000012322,0.2931322382967374,0.03538944387202849,0.1307562924634817,0.00047956000000014785,-0.00019560000000122622,0.002183480000000588,0.3229181473457666,1.0,0.0,0.0,0.0,0.0,0.0,0.0
8.4140908,9.0371371,0.3373904999999735,0.059368500000042346,0.012210000000012322,0.30371249546134826,0.04112181045479634,0.10241694491782405,0.00047956000000014785,-0.0005956000000012255,0.0013834800000005892,0.32314317848399693,1.0,0.0,0.0,0.0,0.0,0.0,0.0
8.524967199999999,9.1480135,0.3373904999999735,0.014368500000042417,0.0022100000000123132,0.31176346572310015,0.03472623833508807,0.07846175087926281,0.00047956000000014785,-0.0005956000000012255,0.0009834800000005882,0.3233552482017626,1.0,0.0,0.0,0.0,0.0,0.0,0.0
8.6354168,9.2584631,0.3573904999999735,-0.0006314999999577076,-0.017789999999987705,0.3226709378589192,0.026273715575558826,0.05545207454640157,0.00047956000000014785,-0.00019560000000122622,0.0009834800000005882,0.328453611398017,1.0,0.0,0.0,0.0,0.0,0.0,0.0
8.746247199999999,9.3692935,0.3323904999999736,0.059368500000042346,0.04221000000001229,0.32499446939907123,0.034185262856070105,0.05228646097049598,0.000879560000000148,0.00020439999999877397,0.0013834800000005892,0.33094397008759907,1.0,0.0,0.0,0.0,0.0,0.0,0.0
8.8571115,9.4801578,0.22739049999997363,0.04936850000004234,0.10221000000001229,0.3016615354611404,0.03781492537313078,0.06422104360371199,0.0016795600000001475,0.0010043999999987743,0.002183480000000588,0.3107313839947587,1.0,0.0,0.0,0.0,0.0,0.0,0.0
8.9679159,9.5909622,0.24739049999997365,0.10936850000004239,0.1822100000000123,0.28868765240131666,0.05492032426286046,0.09242715593653408,0.002879560000000148,0.0014043999999987745,0.0017834800000005903,0.3080577572804125,1.0,0.0,0.0,0.0,0.0,0.0,0.0
9.0796162,9.7026625,0.3123904999999736,0.04936850000004234,0.2822100000000123,0.29435398933991885,0.0535931205686167,0.13779611572728936,0.004079560000000148,0.002204399999998774,0.0013834800000005892,0.32939985294795726,1.0,0.0,0.0,0.0,0.0,107.04,0.0
9.190450199999999,9.8134965,0.30739049999997325,0.14936850000004243,0.3222100000000123,0.29747046138388256,0.07648891686575354,0.1818815868967893,0.004079560000000148,0.0018043999999987738,0.0017834800000005903,0.35695957957635827,1.0,0.49,0.0,0.0,0.0,224.34,0.0
9.301597899999999,9.9246442,0.3273904999999733,0.059368500000042346,0.3122100000000123,0.3046230627457698,0.07239615754277902,0.21303753549083262,0.004479560000000149,0.002204399999998774,0.0017834800000005903,0.3787101867016252,1.0,0.0,0.49,0.0,0.0,218.48,0.0
9.412098,10.0351443,0.3873904999999733,0.07436850000004247,0.4222100000000123,0.3244092165011315,0.07286766025462191,0.26304172411220234,0.006479560000000149,0.0030043999999987744,0.00298348000000059,0.42395988523182354,1.0,0.0,0.0,0.0,0.0,360.7,0.0
9.5229324,10.1459787,0.2923904999999736,0.08936850000004237,0.38221000000001226,0.31675491103078696,0.07681230519140701,0.2915297612884147,0.006479560000000149,0.0014043999999987745,0.00298348000000059,0.43729098505208136,1.0,0.0,0.0,0.0,0.49,642.72,0.49
9.6349226,10.2579689,0.3123904999999736,0.024368500000042426,0.4122100000000123,0.3157115670470648,0.0642752347267796,0.3203792440994843,0.0072795600000001475,0.0010043999999987743,0.00018348000000058956,0.4543654469876125,1.0,0.0,0.0,0.0,0.0,773.22,0.0
9.7454249,10.3684712,0.3523904999999736,0.1043685000000425,0.6022100000000123,0.3244799309237898,0.07385981940849265,0.38775292213316614,0.00967956000000015,0.0038043999999987743,0.0017834800000005903,0.5109743898848276,1.0,0.0,0.0,0.0,0.0,957.97,0.0
9.8569076,10.4799539,0.42239049999997347,0.04436850000004244,0.6822100000000124,0.3478861597292847,0.06680970647009253,0.4581450136405306,0.010079560000000147,0.004604399999998774,0.00298348000000059,0.5791244862147441,1.0,0.49,0.49,0.0,0.0,1085.04,0.0
9.9676095,10.5906558,0.4623904999999735,0.06936850000004235,0.7422100000000122,0.37525924940576905,0.06742140454715533,0.5260528006046363,0.010879560000000149,0.005004399999998774,0.0037834800000005886,0.6496896944539552,1.0,0.0,0.0,0.49,0.0,1393.45,0.0
10.0779403,10.7009866,0.4123904999999737,0.03936850000004233,0.8522100000000123,0.3841357430820123,0.060715155071906834,0.6040230351527326,0.012879560000000151,0.005404399999998775,0.0037834800000005886,0.7183943389000882,1.0,0.0,0.0,0.49,0.0,1599.71,0.0
10.1899598,10.8130061,0.42739049999997336,-0.0006314999999577076,0.9022100000000124,0.3944761051787753,0.04604979403262435,0.6753067830860212,0.01407956000000015,0.005004399999998774,0.0037834800000005886,0.7834355317251407,1.0,0.0,0.0,0.0,0.0,1702.83,0.0
10.3008092,10.9238555,0.4673904999999734,0.07436850000004247,0.9722100000000122,0.4119068179659845,0.05281958525744276,0.7462836418025618,0.015679560000000148,0.005404399999998775,0.0037834800000005886,0.8540470767444411,1.0,0.0,0.0,0.0,0.0,1757.58,0.0
10.4112761,11.0343224,0.43239049999997325,-0.020631499999957503,1.0522100000000123,0.41680359012235396,0.03526057274461669,0.8194175476225731,0.01807956000000015,0.005404399999998775,0.002183480000000588,0.9200074228401386,1.0,0.0,0.0,0.0,0.0,1862.66,0.0
10.5221381,11.1451844,0.4373904999999736,-0.01563149999995761,1.1122100000000124,0.4217250396404212,0.023094455130505582,0.8894116983820883,0.01767956000000015,0.005804399999998775,0.002183480000000588,0.9846006967986569,1.0,0.0,0.0,0.0,0.0,1963.83,0.0
10.6329789,11.2560252,0.4423904999999735,0.059368500000042346,1.0722100000000123,0.4266652672186125,0.03176602758614657,0.9331109528476185,0.01727956000000015,0.006204399999998774,0.00298348000000059,1.0265224698385926,1.0,0.0,0.0,0.0,0.49,2002.93,0.0
10.743869,11.3669153,0.38239049999997343,-0.0006314999999577076,1.0522100000000123,0.4160810642913151,0.0240211645895618,0.9615824403945481,0.018479560000000148,0.004204399999998774,0.0017834800000005903,1.048017775653241,1.0,0.98,0.49,0.0,0.0,1996.09,0.0
10.863321599999999,11.4863679,0.37739049999997354,-0.1256314999999577,1.1022100000000123,0.4068318054118961,-0.01175438591315029,0.9952004743569769,0.01927956000000015,0.004204399999998774,-0.0010165199999994101,1.075208941389184,1.0,0.0,0.0,0.0,0.0,2029.81,0.49
10.9733213,11.5963676,0.29739049999997347,0.04936850000004234,1.1422100000000124,0.3806690707917925,0.002857481492330385,1.0303441634015251,0.01887956000000015,0.005004399999998774,0.0009834800000005882,1.0984198658589321,1.0,0.0,0.0,0.49,0.0,2061.58,0.49
11.0841235,11.7071698,0.30239049999997336,0.004368500000042408,1.2022100000000124,0.3619560129900875,0.0032187013816083864,1.0714299331322876,0.01887956000000015,0.005404399999998775,0.0009834800000005882,1.1309220207380006,1.0,0.0,0.49,0.0,0.98,2089.44,0.0
11.1941142,11.8171605,0.27239049999997356,0.03936850000004233,1.2222100000000122,0.3405447301234038,0.011860571873416697,1.1074749972935198,0.01887956000000015,0.004204399999998774,0.0005834800000005871,1.1587114636570521,1.0,0.0,0.0,0.0,0.0,2121.7,0.0
11.3041511,11.9271974,0.23239049999997352,0.06436850000004246,1.2222100000000122,0.3146896801483451,0.024412971388917418,1.1349032284914986,0.018479560000000148,0.0038043999999987743,0.0005834800000005871,1.177977472621752,1.0,0.0,0.0,0.0,0.0,2153.96,0.0
11.414138,12.0371843,0.29739049999997347,-0.0006314999999577076,1.2022100000000124,0.31055418617133423,0.018425909591895613,1.1509933984185228,0.01927956000000015,0.004604399999998774,0.00018348000000058956,1.1922957770183742,1.0,0.0,0.0,0.0,0.0,2156.89,0.0
11.5241442,12.1471905,0.3173904999999735,-0.055631499999957645,1.2522100000000123,0.3121884563749401,0.0007219508670676198,1.1751899581759029,0.019679560000000148,0.005404399999998775,0.0017834800000005903,1.2159496664353762,1.0,0.0,0.98,0.0,0.0,2167.64,0.0
11.6341593,12.2572056,0.28739049999997324,-0.0006314999999577076,1.2622100000000123,0.30626032577272155,0.0003983986605030662,1.1959927277728604,0.02047956000000015,0.004204399999998774,-0.00021651999999940802,1.234582581583538,1.0,0.0,0.0,0.0,0.0,2199.9,0.0
11.744119399999999,12.3671657,0.3123904999999736,0.014368500000042417,1.2822100000000123,0.3077257882037382,0.0037380523002932997,1.2166035894987701,0.02047956000000015,0.005004399999998774,0.0009834800000005882,1.2549236740702214,1.0,0.0,0.0,0.0,0.0,2230.69,0.49
11.8549848,12.4780311,0.38239049999997343,0.004368500000042408,1.2822100000000123,0.3255749269074384,0.0038887653770270664,1.2322872758442602,0.02087956000000015,0.006604399999998774,0.0009834800000005882,1.2745768261405859,1.0,0.0,0.0,0.0,0.0,2223.36,0.0
11.9658565,12.5889028,0.2923904999999736,-0.0006314999999577076,1.3022100000000123,0.31764194994382805,0.002808163286021565,1.2490028081482303,0.02167956000000015,0.006204399999998774,0.0009834800000005882,1.2887638685606153,1.0,0.0,0.0,0.49,0.0,2251.71,0.0
12.0758297,12.698876,0.40739049999997334,0.03936850000004233,1.3622100000000124,0.339096989143335,0.011548175875147282,1.2760658051250797,0.02087956000000015,0.0070043999999987745,0.0017834800000005903,1.320402994324701,1.0,0.0,0.98,0.98,0.0,2278.1,0.0
12.1949995,12.8180458,0.40739049999997334,0.08936850000004237,1.3422100000000123,0.35542304623934934,0.030151686500928563,1.2918780527098455,0.02087956000000015,0.0070043999999987745,0.00298348000000059,1.340217731963837,1.0,0.0,0.0,0.0,0.0,2327.47,0.0
12.3049876,12.9280339,0.4373904999999736,0.10936850000004239,1.3922100000000124,0.3750179581618016,0.0490890379993124,1.3158631294684868,0.02087956000000015,0.008204399999998774,0.0033834800000005875,1.3691398679792157,1.0,0.0,0.0,0.0,0.49,2349.46,0.0
12.4158356,13.0388819,0.40239049999997345,0.1143685000000425,1.4122100000000124,0.38156156201680236,0.06469456494400636,1.3388955448413318,0.02207956000000015,0.006604399999998774,0.002583480000000589,1.39370581269433,1.0,0.0,0.0,0.0,0.0,2353.86,0.0
12.525846999999999,13.1488933,0.3873904999999733,0.034368500000042435,1.4222100000000124,0.3829550117476581,0.05744490005546492,1.3588124671782031,0.02287956000000015,0.005404399999998775,0.002583480000000589,1.41291393174671,1.0,0.0,0.0,0.0,0.0,2368.52,0.0
12.6358418,13.2588881,0.42739049999997336,0.1043685000000425,1.5222100000000123,0.39357763619904196,0.06866232558003428,1.3978738277194211,0.02287956000000015,0.008204399999998774,0.0033834800000005875,1.4538463154312529,1.0,0.0,0.0,0.0,0.0,2391.5,0.0
12.7458422,13.3688885,0.4123904999999737,0.06936850000004235,1.6422100000000124,0.3980749871874587,0.06883114167626629,1.456284154692482,0.02407956000000015,0.010204399999998774,0.0033834800000005875,1.5112792464323563,1.0,0.0,0.0,0.0,0.98,2419.84,0.0
12.855763399999999,13.4788097,0.3623904999999734,0.01936850000004231,1.7222100000000125,0.38954435275444727,0.05700673988469787,1.5198556489580255,0.02487956000000015,0.010204399999998774,0.002583480000000589,1.5700177593978941,1.0,0.0,0.0,0.0,0.0,2448.68,0.0
12.9658888,13.5889351,0.37739049999997354,0.07436850000004247,1.6722100000000122,0.3866388864587897,0.061157194054866935,1.556277057123131,0.02527956000000015,0.009004399999998774,0.00018348000000058956,1.6047517282852792,1.0,0.0,0.0,0.0,0.0,2478.01,0.0
13.0758485,13.6988948,0.3673904999999733,-0.02563149999995762,1.7322100000000122,0.3820374206329595,0.04040972981332313,1.598335097988936,0.02647956000000015,0.008204399999998774,0.0013834800000005892,1.6438554141075705,1.0,0.0,0.0,0.0,0.0,2474.58,0.0
13.1866655,13.8097118,0.42239049999997347,0.05436850000004245,1.8222100000000125,0.3916841157505796,0.0437466746591799,1.651854010499819,0.02687956000000015,0.011404399999998774,0.0017834800000005903,1.6982202124811099,1.0,0.0,0.0,0.0,0.0,2494.62,0.0
13.2973617,13.920408,0.38239049999997343,0.15436850000004232,1.9022100000000122,0.38946240977193514,0.07019162109591294,1.7117034182640418,0.02647956000000015,0.011004399999998775,0.002183480000000588,1.7568541272382976,1.0,0.0,0.0,0.0,0.49,2548.88,0.0
13.409186199999999,14.0322325,0.28739049999997324,0.14936850000004243,1.9422100000000122,0.36506138241320923,0.08911942594089381,1.766807681717833,0.02727956000000015,0.009404399999998776,0.002183480000000588,1.80632817316971,1.0,0.0,0.0,0.0,0.0,2575.76,0.49
13.520025,14.1430713,0.4423904999999735,0.09436850000004249,2.0122100000000125,0.38354746656776556,0.09037425501200078,1.825472878593997,0.02767956000000015,0.011004399999998775,0.00418348000000059,1.8675190482460358,1.0,0.49,0.98,0.0,0.0,2600.68,0.0
13.6300093,14.2530556,0.4623904999999735,0.2493685000000423,2.1022100000000123,0.40239546324111386,0.12838297778891955,1.891628886507333,0.02887956000000015,0.011404399999998774,0.00418348000000059,1.9382115834170308,1.0,0.49,0.0,0.0,0.0,2634.9,0.0
13.7413289,14.3643752,0.1873904999999736,0.13936850000004242,1.9872100000000121,0.3509969736661688,0.13100914622862414,1.914478242128511,0.02807956000000015,0.0070043999999987745,-0.0006165199999994125,1.950791944698828,1.0,0.0,0.0,0.0,0.0,2665.69,0.0
13.8522078,14.4752541,0.2073904999999736,0.22436850000004238,2.0872100000000122,0.31666680877900677,0.15332737413930742,1.9557710165946656,0.02927956000000015,0.007804399999998775,-0.00021651999999940802,1.9871656752255125,1.0,0.0,0.0,0.0,0.0,2677.42,0.0
13.9629988,14.5860451,0.16739049999997357,0.15936850000004243,2.1672100000000123,0.2809812288514393,0.15477154891505746,2.006317032930614,0.03127956000000015,0.0070043999999987745,-0.00021651999999940802,2.03180036419623,1.0,0.0,0.0,0.0,0.0,2718.48,0.0
14.0738495,14.6968958,0.24739049999997365,0.19936850000004247,2.1372100000000125,0.27295112247314846,0.16543277222293562,2.0376079422283895,0.030879560000000153,0.009004399999998774,0.0005834800000005871,2.062453985818091,1.0,0.0,0.0,0.0,0.0,2735.09,0.0
14.1850314,14.8080777,0.3373904999999735,0.17936850000004245,2.2022100000000124,0.28835582115591224,0.16876420861432512,2.07695725315988,0.03207956000000015,0.011004399999998775,0.00298348000000059,2.103659161831392,1.0,0.0,0.0,0.0,0.0,2747.31,0.0
14.295880499999999,14.9189268,0.3223904999999734,0.09936850000004238,2.3872100000000125,0.29649205698685493,0.15217466318249837,2.1511254134370716,0.03487956000000015,0.011004399999998775,0.00298348000000059,2.1767878197715587,1.0,0.0,0.0,0.0,0.0,2773.7,0.0
14.4072076,15.0302539,0.3573904999999735,0.09436850000004249,2.4672100000000126,0.31105026969578475,0.1383556823045141,2.2266877171269406,0.03607956000000015,0.010204399999998774,0.0017834800000005903,2.2525613764574217,1.0,0.0,0.0,0.0,0.0,2860.7,0.0
14.5183883,15.1414346,0.3523904999999736,0.16936850000004244,2.3472100000000125,0.32093295037573055,0.1457695203991515,2.255499439453799,0.03567956000000015,0.009404399999998776,0.0017834800000005903,2.282876350810677,1.0,0.49,0.49,0.0,0.0,2865.59,0.0
14.6291849,15.2522312,0.2223904999999733,0.06936850000004235,2.3272100000000124,0.297375665781108,0.1275053045815169,2.2726423669615428,0.03527956000000015,0.009004399999998774,0.0005834800000005871,2.2955594562989967,1.0,0.0,0.0,0.0,0.0,2861.19,0.0
14.7408523,15.3638986,0.27739049999997345,0.05436850000004245,2.3772100000000123,0.29259806753607065,0.11002142313451214,2.2976400149952605,0.036479560000000154,0.008204399999998774,0.0009834800000005882,2.318807448060707,1.0,0.0,0.0,0.0,0.0,2865.1,0.0
14.8517493,15.4747956,0.13739049999997333,-0.07563149999995766,2.3272100000000124,0.25549457735752285,0.06563975077477728,2.304708933512706,0.037679560000000153,0.007404399999998775,0.0005834800000005871,2.3197563070620477,1.0,0.0,0.0,0.0,0.49,2874.88,0.0
14.9625323,15.5855786,0.19239049999997349,0.04936850000004234,2.4172100000000123,0.240409091825913,0.061749990739895885,2.331603126120403,0.036479560000000154,0.007404399999998775,-0.0018165199999994122,2.344777757170895,1.0,0.0,0.0,0.0,0.0,2882.7,0.0
15.073009599999999,15.6960559,0.2173904999999734,0.06436850000004246,2.4072100000000125,0.23490633117257617,0.0623759642936254,2.3496774954759454,0.03687956000000015,0.008604399999998775,0.002183480000000588,2.362214232048531,1.0,0.0,0.98,0.49,0.0,2888.07,0.0
15.1838211,15.8068674,0.23739049999997341,0.05436850000004245,2.3972100000000123,0.23550018967543399,0.06046172211143974,2.3610404840387313,0.03567956000000015,0.007404399999998775,0.0005834800000005871,2.373526516904265,1.0,0.0,0.0,0.0,0.0,2891.01,0.0
15.2947153,15.9177616,0.3223904999999734,0.09936850000004238,2.2672100000000124,0.25627194602028947,0.0697626684131268,2.338609629034388,0.03367956000000015,0.009404399999998776,0.0009834800000005882,2.353643375117289,1.0,0.0,0.0,0.0,0.0,2878.79,0.49
15.405850799999998,16.0288971,-0.0376095000000265,-0.055631499999957645,2.1372100000000125,0.18601746346397838,0.039786286655323765,2.2904635928812076,0.03487956000000015,0.004204399999998774,-0.0034165199999994095,2.298349171826092,1.0,0.0,0.0,0.0,0.0,2843.11,0.0
15.5250531,16.1480994,0.02739049999997345,-0.12063149999995759,2.0572100000000124,0.14809654198847927,0.0014372559597404903,2.234702636569811,0.03447956000000015,0.0038043999999987743,-0.003816519999999414,2.239604993150735,1.0,0.0,0.0,0.0,0.0,2807.43,0.0
15.635026599999998,16.2580729,0.18239049999997325,-0.1306314999999576,2.2122100000000122,0.15629476037732853,-0.03013473416570247,2.229325609319751,0.03447956000000015,0.008604399999998775,-0.003016519999999412,2.2350008560833983,1.0,0.0,0.0,0.0,0.0,2813.29,0.49
15.7459152,16.3689615,0.007390499999973432,-0.1306314999999576,2.1472100000000123,0.120698121307715,-0.054159211987892975,2.209695279740674,0.03567956000000015,0.005404399999998775,-0.004216519999999412,2.2136518439082913,1.0,0.0,0.0,0.0,0.0,2844.09,0.49
15.8567092,16.4797555,0.09739049999997329,-0.10063149999995757,2.1572100000000125,0.11512626606891695,-0.0652687481348934,2.1971482944854412,0.03527956000000015,0.006204399999998774,-0.0026165199999994143,2.2011303220351017,1.0,0.0,0.0,0.0,0.0,2836.27,0.0
15.967578900000001,16.5906252,0.2923904999999736,0.009368500000042301,2.2422100000000125,0.1575025616779509,-0.04742617481781365,2.207920620696917,0.03487956000000015,0.009804399999998775,0.00018348000000058956,2.214039242265508,1.0,0.0,0.0,0.0,0.0,2847.51,0.0
16.0775241,16.7005704,0.19239049999997349,-0.07063149999995755,2.2722100000000123,0.16584277535071457,-0.05297357542884015,2.2232894612207694,0.03687956000000015,0.009004399999998774,-0.0018165199999994122,2.230095525802669,1.0,0.0,0.0,0.0,0.0,2859.24,0.0
16.187547900000002,16.8105942,0.007390499999973432,-0.17563149999995753,2.237210000000012,0.1279636143305701,-0.08229583833066069,2.2266172665725,0.03687956000000015,0.006604399999998774,-0.0034165199999994095,2.2318090741364682,1.0,0.0,0.0,0.49,0.0,2877.32,0.49
16.2975593,16.9206056,0.15739049999997334,-0.1406314999999576,2.297210000000012,0.1349983239182068,-0.09624139964681526,2.2434929694327703,0.037679560000000153,0.006604399999998774,-0.0026165199999994143,2.249610557043368,1.0,0.0,0.0,1.47,0.0,2879.77,0.0
16.4083785,17.0314248,0.12739049999997354,-0.11063149999995758,2.2872100000000124,0.13317961865459496,-0.09968145708471664,2.253943841384679,0.03807956000000015,0.006204399999998774,-0.0034165199999994095,2.260074344756702,1.0,0.0,0.0,0.0,0.49,2911.05,0.0
16.5192114,17.1422577,-0.14760950000002637,-0.19063149999995765,2.2472100000000124,0.06605495152892908,-0.12142372183130709,2.252334067959026,0.03887956000000015,0.003404399999998774,-0.005416519999999411,2.25657167635635,1.0,0.0,0.0,0.0,0.0,2915.93,0.49
16.6292098,17.2522561,0.06239049999997359,-0.09563149999995768,2.2872100000000124,0.06517893792036104,-0.11525790488955372,2.260671411443579,0.037679560000000153,0.005004399999998774,-0.0034165199999994095,2.264545850519759,1.0,0.98,0.0,0.0,0.49,2924.24,0.49
16.7392062,17.3622525,0.022390499999973557,-0.16563149999995752,2.2472100000000124,0.05495005274847492,-0.1273000766799358,2.2574533637979988,0.03727956000000015,0.005804399999998775,-0.00221651999999941,2.2617074319068498,1.0,0.0,0.0,0.0,0.0,2932.55,0.0
16.8508736,17.4739199,0.13239049999997343,-0.20563149999995756,2.2922100000000123,0.0734627510635881,-0.1460257692602937,2.265762188750499,0.03807956000000015,0.0070043999999987745,-0.00221651999999941,2.2716510729100414,1.0,0.0,0.0,0.0,0.49,2939.39,0.0
16.961732400000002,17.5847787,0.04739049999997347,-0.08063149999995756,2.277210000000012,0.06722999111103957,-0.13039279681086796,2.2684988707242266,0.03807956000000015,0.0070043999999987745,-0.0018165199999994122,2.2732376205848,1.0,0.0,0.0,0.0,0.49,2941.84,0.49
17.0717289,17.6947752,0.22739049999997363,-0.17563149999995753,2.3222100000000125,0.1055175176981031,-0.1412074355949997,2.2813389041658905,0.03847956000000015,0.008604399999998775,0.00018348000000058956,2.2881391308373953,1.0,0.0,0.98,0.0,0.0,2946.24,0.49
17.1817272,17.8047735,0.26739049999997366,-0.15063149999995762,2.3222100000000125,0.14421442342477034,-0.14346032626677727,2.291109434861922,0.03847956000000015,0.008604399999998775,-0.0010165199999994101,2.300121976689416,1.0,0.0,0.0,0.0,0.0,2957.97,1.47
17.300939600000003,17.9239859,0.13239049999997343,-0.18063149999995765,2.2922100000000123,0.141387829118653,-0.1523463638577819,2.2913725329082366,0.03847956000000015,0.0070043999999987745,-0.0018165199999994122,2.3007798715587464,1.0,0.0,0.0,0.0,0.0,2949.66,0.0
17.4109233,18.0339696,0.13739049999997333,-0.1256314999999577,2.3522100000000123,0.1404322387176833,-0.14595998267479293,2.3059161688827032,0.03887956000000015,0.008604399999998775,-0.0014165199999994146,2.314794787476499,1.0,0.0,0.0,0.0,0.0,2949.66,0.0
17.521742600000003,18.1447889,0.13739049999997333,-0.08063149999995756,2.3572100000000122,0.13970508910487842,-0.13034273698384782,2.318178329737963,0.03847956000000015,0.007404399999998775,-0.0018165199999994122,2.3260390171862837,1.0,0.0,0.0,0.0,0.0,2959.92,0.0
17.6317352,18.2547815,-0.0026095000000263546,-0.11063149999995758,2.3472100000000125,0.10568375855416398,-0.1256306233965467,2.3251185602275894,0.03887956000000015,0.006204399999998774,-0.0034165199999994095,2.330907211682172,1.0,0.0,0.49,0.0,0.0,2962.85,0.0
17.741743900000003,18.3647902,0.06239049999997359,-0.12063149999995759,2.3672100000000125,0.09533419236313954,-0.12443554683687089,2.335180822957361,0.03887956000000015,0.006604399999998774,-0.003816519999999414,2.3404363459530235,1.0,0.0,0.0,0.0,0.0,2968.72,0.98
17.8517492,18.4747955,0.03739049999997324,-0.18563149999995754,2.3972100000000123,0.08148233414104916,-0.1390648814962481,2.3500093458040334,0.04007956000000015,0.006604399999998774,-0.0034165199999994095,2.355530160581465,1.0,0.0,0.0,0.0,0.0,2980.45,0.0
17.9625996,18.5856459,0.10739049999997352,-0.1156314999999577,2.5872100000000122,0.08767586834012883,-0.13346296237593486,2.406713875634763,0.04367956000000015,0.0070043999999987745,-0.0034165199999994095,2.412005617611256,1.0,0.0,0.0,0.0,0.0,3010.75,0.0
18.0726191,18.6956654,0.08239049999997361,-0.1556314999999575,2.5972100000000125,0.08641236285897148,-0.1387625114318428,2.4522533502341157,0.04407956000000015,0.0070043999999987745,-0.004216519999999412,2.457695795815297,1.0,0.0,0.0,0.0,0.0,3044.97,0.0
18.182579200000003,18.8056255,-0.11260950000002667,-0.24563149999995781,2.5372100000000124,0.03883474888607223,-0.16431031512901875,2.4725628510544166,0.04327956000000015,0.005404399999998775,-0.005416519999999411,2.4783206148101957,1.0,0.0,0.0,0.0,0.0,3046.92,0.0
18.29259,18.9156363,-0.0326095000000266,-0.22063149999995746,2.6072100000000122,0.021755485104410437,-0.17777430121472965,2.5047512246484454,0.04407956000000015,0.005804399999998775,-0.005016519999999414,2.5111462921706496,1.0,0.0,0.0,0.0,0.0,3044.48,0.49
18.403088,19.0261343,0.03739049999997324,-0.20563149999995756,2.6072100000000122,0.025493148356455435,-0.18443376581389725,2.5292447350185423,0.04407956000000015,0.006204399999998774,-0.004616519999999409,2.5360884535450325,1.0,0.0,0.49,0.0,0.0,3052.3,0.0
18.5137278,19.1367741,0.10239049999997363,-0.19563149999995755,2.5372100000000124,0.04387601574336969,-0.1871106650591473,2.531148889150336,0.04367956000000015,0.006604399999998774,-0.005016519999999414,2.538434597302709,1.0,0.0,0.49,0.0,0.0,3054.74,0.49
18.6250985,19.2481448,-0.0026095000000263546,-0.20563149999995756,2.507210000000012,0.03276331741164249,-0.19153820443904923,2.5254261247737357,0.04327956000000015,0.006204399999998774,-0.004616519999999409,2.53289112091642,1.0,0.0,0.0,0.0,0.0,3059.14,0.49
18.735592,19.3586383,0.057390499999973255,-0.21563149999995757,2.567210000000012,0.038650623306562326,-0.19729788078347169,2.5354148619770247,0.04367956000000015,0.006204399999998774,-0.004216519999999412,2.543373516960812,1.0,0.0,0.0,0.0,0.0,3064.03,0.49
18.8467412,19.4697875,0.03739049999997324,-0.16063149999995763,2.5572100000000124,0.03834938172748202,-0.18853251759351253,2.5406251471610117,0.044479560000000154,0.006604399999998774,-0.005816519999999409,2.547899394335644,1.0,0.0,0.49,0.0,0.0,3064.52,0.49
18.9659188,19.5889651,0.012390499999973326,-0.19563149999995755,2.567210000000012,0.03214372353366557,-0.1902295806180584,2.546980448270802,0.044479560000000154,0.006204399999998774,-0.004216519999999412,2.5542767892651073,1.0,0.0,0.49,0.0,0.49,3069.4,0.0
19.0761034,19.6991497,0.057390499999973255,-0.22063149999995746,2.5972100000000125,0.03817914782082075,-0.19749737905793116,2.558988185450396,0.044479560000000154,0.0070043999999987745,-0.004216519999999412,2.5668820376748496,1.0,0.0,0.0,0.49,0.0,3085.53,0.0
19.187692700000003,19.810739,0.03739049999997324,-0.2306314999999577,2.6472100000000123,0.03799061586236232,-0.2054183300171128,2.580078247498524,0.04487956000000015,0.006604399999998774,-0.004216519999999412,2.5885215356291083,1.0,0.0,0.0,0.0,0.0,3088.47,0.0
19.298414700000002,19.921461,-0.02760950000002671,-0.22063149999995746,2.5872100000000122,0.022308434295760127,-0.2090551481955291,2.581783144451008,0.044479560000000154,0.006604399999998774,-0.0034165199999994095,2.5903293084469237,1.0,0.0,0.0,0.0,0.0,3092.86,0.0
19.408603600000003,20.0316499,-0.007609500000026692,-0.18063149999995765,2.5972100000000125,0.015156335986842337,-0.20226026977300882,2.585471045707596,0.044479560000000154,0.006204399999998774,-0.004216519999999412,2.5934146331509593,1.0,0.0,0.0,0.0,0.98,3093.84,0.0
19.518450700000002,20.141497,-0.10260950000002644,-0.23563149999995758,2.5872100000000122,-0.01299643780037019,-0.21023790341953624,2.585886755292727,0.04487956000000015,0.005404399999998775,-0.004616519999999409,2.5944516173226453,1.0,0.0,0.0,0.0,0.0,3089.93,0.0
19.6293094,20.2523557,0.13239049999997343,-0.20063149999995766,2.507210000000012,0.02175935989943978,-0.20794142328916754,2.567078508609753,0.04247956000000015,0.0070043999999987745,-0.003816519999999414,2.5755786096776063,1.0,0.0,0.0,0.0,0.0,3087.98,0.0
19.7400905,20.3631368,0.13239049999997343,-0.1256314999999577,2.487210000000012,0.04820653309675843,-0.18826464155204028,2.547985364687582,0.04247956000000015,0.0070043999999987745,-0.003016519999999412,2.555385854182111,1.0,0.0,0.0,0.49,0.0,3080.16,0.0
19.850088300000003,20.4731346,0.17739049999997336,-0.18063149999995765,2.4472100000000125,0.07908889355965602,-0.18643988392517202,2.523894285797017,0.04207956000000015,0.006204399999998774,-0.004216519999999412,2.5320065658053412,1.0,0.49,0.0,0.0,0.0,3072.34,0.0
19.9601009,20.5831472,0.07739049999997327,-0.21063149999995767,2.547210000000012,0.07868288031067999,-0.19222306449866597,2.529468075700885,0.04327956000000015,0.005004399999998774,-0.004616519999999409,2.53798137269941,1.0,0.0,0.0,0.49,0.0,3080.16,0.0
20.0709397,20.693986,0.057390499999973255,-0.19563149999995755,2.547210000000012,0.07359278298953956,-0.19303787562646085,2.5337094108653453,0.04407956000000015,0.006204399999998774,-0.0034165199999994095,2.542117797790287,1.0,0.0,0.0,0.0,0.0,3088.95,0.0
20.1809489,20.8039952,0.022390499999973557,-0.21063149999995767,2.6072100000000122,0.06135250737552514,-0.19724375862243831,2.551280257637629,0.04527956000000015,0.005004399999998774,-0.003816519999999414,2.559628915192258,1.0,0.0,0.0,0.0,0.98,3091.89,0.49
20.2918044,20.9148507,0.007390499999973432,-0.24563149999995781,2.5872100000000122,0.04845249971186626,-0.20881119773294013,2.5598695220918275,0.04527956000000015,0.005804399999998775,-0.003016519999999412,2.5688288637356975,1.0,0.49,0.49,0.0,0.0,3093.84,0.0
20.402624900000003,21.0256712,0.07239049999997338,-0.18563149999995754,2.6272100000000123,0.054175051599533,-0.20326992354875834,2.575967749777175,0.04527956000000015,0.005804399999998775,-0.0026165199999994143,2.584543179350543,1.0,0.0,0.0,0.0,0.0,3101.17,0.0
20.5126282,21.1356745,0.1873904999999736,-0.19563149999995755,2.6172100000000125,0.08602116683619523,-0.2014439032224195,2.5858270076109036,0.04487956000000015,0.0070043999999987745,-0.0026165199999994143,2.59508778282726,1.0,0.0,0.0,0.0,0.0,3104.11,0.0
20.6226303,21.2456766,0.19739049999997338,-0.1156314999999577,2.6272100000000123,0.11264481041770177,-0.1809298283566969,2.595719910876146,0.04407956000000015,0.007404399999998775,-0.0018165199999994122,2.6044550892311604,1.0,0.0,0.0,0.0,0.0,3103.13,0.98
20.733991800000002,21.3570381,0.12239049999997365,-0.1556314999999575,2.5972100000000125,0.11497458791141128,-0.17488208021774326,2.5960761274450297,0.04487956000000015,0.006604399999998774,-0.0026165199999994143,2.6044988303580916,1.0,0.0,0.0,0.0,0.0,3104.11,0.0
20.8451586,21.4682049,0.09739049999997329,-0.1456314999999575,2.5872100000000122,0.11077098467557665,-0.16788951772187768,2.593956615633845,0.044479560000000154,0.006204399999998774,-0.0026165199999994143,2.601743266542161,1.0,0.0,1.47,0.0,0.0,3102.64,0.49
20.9553775,21.5784238,0.17239049999997347,-0.20063149999995766,2.5422100000000123,0.12550157492926323,-0.17571672510078581,2.581586213369172,0.04367956000000015,0.007404399999998775,-0.0014165199999994146,2.590601163793387,1.0,0.0,0.0,0.0,0.0,3102.64,0.49
21.0676036,21.6906499,0.11239049999997341,-0.19063149999995765,2.5372100000000124,0.1223672777581155,-0.17928220977896023,2.570977759006785,0.04327956000000015,0.007404399999998775,-0.0026165199999994143,2.5801245122506606,1.0,0.0,0.0,0.0,0.0,3103.13,0.49
21.1776419,21.8006882,0.08239049999997361,-0.20063149999995766,2.5772100000000124,0.11281054025835258,-0.1843859118252507,2.5724676212354987,0.04367956000000015,0.0070043999999987745,-0.003016519999999412,2.5815332740017194,1.0,0.0,0.0,0.0,0.49,3098.24,0.0
21.2968082,21.9198545,0.2173904999999734,-0.15063149999995762,2.567210000000012,0.137811135079502,-0.17631667584968436,2.5712107489001466,0.04407956000000015,0.007804399999998775,-0.0010165199999994101,2.5809308774925057,1.0,0.0,0.0,0.0,0.0,3099.22,0.0
21.407610700000003,22.030657,0.08239049999997361,-0.1556314999999575,2.567210000000012,0.12456243192664881,-0.17137173514114978,2.570254340975717,0.04407956000000015,0.0070043999999987745,-0.0026165199999994143,2.578971005722493,1.0,0.0,0.49,0.0,0.0,3103.13,0.49
21.517749300000002,22.1407956,0.19739049999997338,-0.21063149999995767,2.5822100000000123,0.141972507681188,-0.18075706552790485,2.5731124276285007,0.04407956000000015,0.007804399999998775,-0.00221651999999941,2.58335767459556,1.0,0.0,0.49,0.0,0.0,3100.68,0.0
21.6293553,22.2524016,0.12739049999997354,-0.2756314999999576,2.5622100000000123,0.13848657341024712,-0.20343748442442794,2.5705061235490176,0.044479560000000154,0.007404399999998775,-0.00221651999999941,2.5822600706138896,1.0,0.0,0.0,0.49,0.0,3104.59,0.0
21.7393283,22.3623746,0.19239049999997349,-0.19063149999995765,2.6172100000000125,0.15137269644250145,-0.20037612134231236,2.581671022585249,0.044479560000000154,0.007804399999998775,-0.0026165199999994143,2.5938561163042233,1.0,0.0,0.0,0.0,0.0,3104.11,0.0
21.8493433,22.4723896,0.19739049999997338,-0.1406314999999576,2.6072100000000122,0.16237358479761274,-0.18609373803853715,2.587776299619878,0.044479560000000154,0.008204399999998774,-0.003816519999999414,2.599535004044287,1.0,0.0,0.0,0.0,0.0,3105.57,0.0
21.9601268,22.5831731,0.09739049999997329,-0.22063149999995746,2.547210000000012,0.14683890896423113,-0.19435023952276112,2.578078632660594,0.04487956000000015,0.0070043999999987745,-0.00221651999999941,2.5895604099865053,1.0,0.0,0.0,0.49,0.0,3106.55,0.0
22.070975,22.6940213,0.14739049999997356,-0.24063149999995748,2.5922100000000126,0.14697077078580426,-0.20541410915764274,2.5814568381025778,0.044479560000000154,0.007404399999998775,-0.003016519999999412,2.5937838712377252,1.0,0.0,0.0,0.0,0.0,3104.59,0.49
22.180994600000002,22.8040409,0.2173904999999734,-0.2506314999999577,2.5522100000000125,0.16380511573915998,-0.2162236530713259,2.574465170186387,0.04367956000000015,0.007404399999998775,-0.003016519999999412,2.5887169981658196,1.0,0.0,0.0,0.0,0.0,3106.06,0.0
22.291809200000003,22.9148555,0.2173904999999734,-0.2256314999999578,2.5522100000000125,0.1766150889266619,-0.218472666838239,2.569144910990649,0.04407956000000015,0.008204399999998774,-0.0018165199999994122,2.584459086435909,1.0,0.0,0.0,0.0,0.0,3101.66,0.49
22.401779100000002,23.0248254,0.03739049999997324,-0.1556314999999575,2.5372100000000124,0.14333244523950833,-0.20345003196542338,2.5615106398329726,0.044479560000000154,0.0070043999999987745,-0.0018165199999994122,2.5735720046935917,1.0,0.0,0.0,0.0,0.0,3099.22,0.0
22.5118373,23.1348836,0.14739049999997356,-0.16563149999995752,2.487210000000012,0.14430255254380528,-0.19440923871272703,2.543748535162007,0.04407956000000015,0.0070043999999987745,-0.003016519999999412,2.5552445653804603,1.0,0.0,0.0,0.0,0.0,3098.24,0.98
22.6226407,23.245687,0.07739049999997327,-0.2556314999999576,2.567210000000012,0.1283067430365843,-0.20904486251922047,2.5493571678080205,0.04487956000000015,0.006204399999998774,-0.0018165199999994122,2.561129505493322,1.0,0.0,0.0,0.0,0.49,3097.26,0.49
22.732642900000002,23.3556892,0.05239049999997336,-0.22063149999995746,2.5572100000000124,0.11015841674929784,-0.211814731906349,2.5512344440693187,0.04487956000000015,0.006604399999998774,-0.0034165199999994095,2.5623812257427576,1.0,0.0,0.0,0.0,0.0,3104.59,0.0
22.842695900000002,23.4657422,0.14739049999997356,-0.19063149999995765,2.5972100000000125,0.11905901520044639,-0.20675072729970576,2.562225232824068,0.04407956000000015,0.0070043999999987745,-0.0034165199999994095,2.573308970189901,1.0,0.0,0.0,0.0,0.0,3106.06,0.49
22.953175400000003,23.5762217,0.05239049999997336,-0.24563149999995781,2.5572100000000124,0.10312142505437434,-0.21604545687326623,2.5610263051893885,0.04527956000000015,0.006604399999998774,-0.00221651999999941,2.572190779007816,1.0,0.49,0.49,0.0,0.0,3108.02,0.0
23.072654200000002,23.6957005,0.17239049999997347,-0.18063149999995765,2.5872100000000122,0.11968069779294996,-0.20757949466606443,2.5672857065746855,0.044479560000000154,0.007404399999998775,-0.00221651999999941,2.5784430603006747,1.0,0.0,0.49,0.0,0.0,3107.04,0.98
23.183511000000003,23.8065573,0.19239049999997349,-0.19063149999995765,2.547210000000012,0.1370625012378433,-0.2035279541154162,2.5624864638989213,0.044479560000000154,0.0070043999999987745,-0.0026165199999994143,2.5742079626590346,1.0,0.0,0.0,0.0,0.49,3108.02,0.98
23.294335800000002,23.9173821,0.10739049999997352,-0.1406314999999576,2.4972100000000124,0.12996919500294524,-0.1884921024196176,2.546881653672125,0.04287956000000015,0.006204399999998774,-0.0034165199999994095,2.5571522094188954,1.0,0.0,0.49,0.0,0.0,3098.24,0.0
23.404298400000002,24.0273447,0.06239049999997359,-0.17063149999995764,2.487210000000012,0.11381401980030134,-0.18422239639315935,2.532616713817011,0.04327956000000015,0.006204399999998774,-0.003816519999999414,2.5418573802519324,1.0,0.0,0.0,0.0,0.49,3093.35,0.49
23.5143001,24.1373464,-0.007609500000026692,-0.1306314999999576,2.527210000000012,0.08478685027579749,-0.1714111054905925,2.5313241998230613,0.04327956000000015,0.005804399999998775,-0.003016519999999412,2.5385375281202878,1.0,0.0,0.0,0.0,0.0,3094.33,0.49
23.6251432,24.2481895,-0.10260950000002644,-0.2606314999999575,2.4572100000000123,0.03998839906408299,-0.19273988529145158,2.5136066649832354,0.04367956000000015,0.004604399999998774,-0.005016519999999414,2.5213024811969733,1.0,0.0,0.0,0.0,0.0,3097.75,0.0
23.735183600000003,24.3582299,0.03739049999997324,-0.20563149999995756,2.507210000000012,0.03936735252659611,-0.19582171891152572,2.5120774960119783,0.04327956000000015,0.005804399999998775,-0.004616519999999409,2.5200058095195392,1.0,0.0,0.0,0.49,0.0,3095.31,0.0
23.8452734,24.4683197,-0.02760950000002671,-0.21563149999995757,2.4772100000000123,0.023356052115399147,-0.20055739017886176,2.503742169221101,0.04327956000000015,0.006204399999998774,-0.0026165199999994143,2.5118705424168972,1.0,0.0,0.0,0.0,0.49,3098.73,0.0
23.9568358,24.5798821,0.10739049999997352,-0.1156314999999577,2.4972100000000124,0.043445093914342564,-0.18025524266002674,2.5021806069829524,0.04287956000000015,0.006604399999998774,-0.0034165199999994095,2.5090410954492612,1.0,0.0,0.0,0.0,0.0,3099.22,0.0
24.066863,24.6899093,0.19239049999997349,-0.1156314999999577,2.5172100000000124,0.07905156916274,-0.16480647016037903,2.5057734919501646,0.04287956000000015,0.006604399999998774,-0.0026165199999994143,2.5124313157087372,1.0,0.0,1.47,0.0,0.0,3100.68,0.0
24.176878900000002,24.7999252,0.042390499999973574,-0.20563149999995756,2.487210000000012,0.07028747575408964,-0.17456598844765217,2.5013357551040416,0.04287956000000015,0.006204399999998774,-0.003816519999999414,2.508404706847062,1.0,0.0,0.0,0.0,0.98,3098.24,0.0
24.2884944,24.9115407,0.10739049999997352,-0.1406314999999576,2.4572100000000123,0.07915722171787068,-0.16645370385469732,2.4907871745991472,0.04247956000000015,0.006604399999998774,-0.004216519999999412,2.497597535718003,1.0,0.0,0.49,0.0,0.0,3098.73,0.0
24.3984811,25.0215274,0.15739049999997334,-0.1156314999999577,2.4672100000000126,0.09785945201795249,-0.15430428890340686,2.485150880698894,0.04247956000000015,0.0070043999999987745,-0.0026165199999994143,2.491858981917261,1.0,0.0,0.49,0.0,0.49,3099.22,0.0
24.508500400000003,25.1315467,0.15739049999997334,-0.09063149999995757,2.4772100000000123,0.11209077906716906,-0.13908284876859883,2.4832525558059952,0.04287956000000015,0.0070043999999987745,-0.003016519999999412,2.489668981509486,1.0,0.0,0.0,0.0,0.49,3102.15,0.98
24.618510800000003,25.2415571,0.022390499999973557,-0.19063149999995765,2.527210000000012,0.09064727939626137,-0.15140592621284316,2.4937609003720387,0.04287956000000015,0.006604399999998774,-0.0034165199999994095,2.4999968223937152,1.0,0.0,1.47,0.0,0.0,3100.68,0.49
24.729059900000003,25.3521062,0.06739049999997349,-0.19063149999995765,2.5172100000000124,0.08508757828365852,-0.16078308297692695,2.4993665770252727,0.04287956000000015,0.0070043999999987745,-0.0018165199999994122,2.5059777297695147,1.0,0.0,0.0,0.0,1.47,3103.13,0.0
24.848525000000002,25.4715713,0.19739049999997338,-0.16563149999995752,2.4622100000000122,0.11193440295252921,-0.16194213208935943,2.490484028882737,0.04287956000000015,0.007404399999998775,-0.0010165199999994101,2.4982524417740444,1.0,0.0,0.49,0.0,0.0,3099.71,0.0
24.959331000000002,25.5823773,0.15739049999997334,-0.1406314999999576,2.507210000000012,0.12280101130886921,-0.15684767154867818,2.494482493100225,0.04327956000000015,0.007404399999998775,-0.00221651999999941,2.5024236629380403,1.0,0.0,0.0,0.0,0.0,3101.66,0.0
25.0701655,25.6932118,0.19739049999997338,-0.09063149999995757,2.4972100000000124,0.1406321673859054,-0.14101821742011197,2.495134523327067,0.04367956000000015,0.007804399999998775,-0.0018165199999994122,2.5030700816490525,1.0,0.0,0.49,0.0,0.0,3102.64,0.0
25.1730151,25.7960614,0.24739049999997365,-0.03563149999995763,2.5772100000000124,0.16615351797793093,-0.11582476134820571,2.5147552589070252,0.04247956000000015,0.008204399999998774,-0.0010165199999994101,2.522898408394272,1.0,0.0,0.0,0.49,0.0,3110.95,0.0
25.292710300000003,25.9157566,0.2223904999999733,-0.22063149999995746,2.5522100000000125,0.17959737476436455,-0.1408795693059845,2.523709085323772,0.04287956000000015,0.007804399999998775,-0.0018165199999994122,2.534010619041649,1.0,0.0,0.0,0.0,0.0,3111.93,0.0
25.4027011,26.0257474,0.20239049999997327,-0.06563149999995765,2.5572100000000124,0.18504623600059988,-0.12289097477562108,2.5317177209746924,0.04327956000000015,0.007804399999998775,-0.0014165199999994146,2.541444258652269,1.0,0.0,0.0,0.0,0.0,3112.9,0.0
25.5135094,26.1365557,0.3423904999999734,-0.055631499999957645,2.5972100000000125,0.22266051890335728,-0.10681211147423786,2.5473741233664215,0.04247956000000015,0.009404399999998776,-0.0006165199999994125,2.5593165998431577,1.0,0.0,0.0,0.0,0.0,3113.88,0.98
25.6235313,26.2465776,0.11739049999997331,-0.1356314999999575,2.5522100000000125,0.19749496045486964,-0.11370159448135411,2.548530174608172,0.04287956000000015,0.008204399999998774,-0.0014165199999994146,2.5586985681945875,1.0,0.0,0.0,0.0,0.98,3112.9,0.0
25.733533700000002,26.35658,0.18239049999997325,-0.1256314999999577,2.5372100000000124,0.19388413007438465,-0.11655352457256932,2.545824005095557,0.04287956000000015,0.007804399999998775,-0.003016519999999412,2.555855169000343,1.0,0.49,0.0,0.0,0.0,3113.39,0.0
25.8442253,26.4672716,0.07239049999997338,-0.18563149999995754,2.5572100000000124,0.16484020018241188,-0.13306711359088808,2.5485459094254614,0.04247956000000015,0.007404399999998775,-0.0026165199999994143,2.5573356058141528,1.0,0.0,0.0,0.0,0.0,3114.86,0.0
25.954430000000002,26.5774763,0.15739049999997334,-0.1156314999999577,2.5572100000000124,0.1630592955400661,-0.12889900421389147,2.5506171228633248,0.04247956000000015,0.0070043999999987745,-0.0026165199999994143,2.5590722917871895,1.0,0.0,0.0,0.0,0.0,3112.41,0.0
26.064368700000003,26.687415,0.11239049999997341,-0.04063149999995752,2.547210000000012,0.15094655395455392,-0.10779801972146369,2.549802625531121,0.04247956000000015,0.0070043999999987745,-0.0026165199999994143,2.5565403780054057,1.0,0.49,0.0,0.0,0.0,3113.39,0.98
26.1760142,26.7990605,0.13239049999997343,-0.08063149999995756,2.5572100000000124,0.14651059521500176,-0.10130366694167542,2.5515734119058986,0.04287956000000015,0.006604399999998774,-0.0034165199999994095,2.557783154176912,1.0,0.0,0.0,0.0,0.0,3111.93,0.0
26.286027,26.9090733,0.15239049999997345,-0.1406314999999576,2.5772100000000124,0.14791622892799228,-0.110705269523213,2.5577020234785284,0.04327956000000015,0.0070043999999987745,-0.0014165199999994146,2.5643662976233808,1.0,0.0,0.49,0.0,0.0,3112.41,0.98
26.396074300000002,27.0191206,0.042390499999973574,-0.17563149999995753,2.5372100000000124,0.12268954115096603,-0.1262263539204912,2.5528032572395896,0.04327956000000015,0.0070043999999987745,-0.00221651999999941,2.558865038665571,1.0,0.0,0.0,0.0,0.0,3113.39,0.0
26.5068866,27.1299329,0.19739049999997338,-0.16063149999995763,2.5372100000000124,0.140547344974466,-0.1344511526201686,2.5490755764568487,0.04327956000000015,0.007404399999998775,-0.0014165199999994146,2.55648527535542,1.0,0.0,0.0,0.0,0.0,3113.39,0.0
26.617717000000003,27.2407633,0.26739049999997366,-0.1256314999999577,2.5922100000000126,0.17087011744888397,-0.13234275095157025,2.559387171991125,0.04367956000000015,0.008604399999998775,-0.00021651999999940802,2.568496427273971,1.0,0.49,0.0,0.0,0.0,3115.35,0.0
26.7277203,27.3507666,0.057390499999973255,-0.19063149999995765,2.5972100000000125,0.14374199516514435,-0.14627709746681788,2.5684289922440344,0.04407956000000015,0.006604399999998774,-0.0026165199999994143,2.5766036246611703,1.0,0.0,0.49,0.0,0.0,3117.3,0.0
26.8382295,27.4612758,0.03239049999997334,-0.11063149999995758,2.5972100000000125,0.1171226158860596,-0.13775575990244607,2.575309300050896,0.04487956000000015,0.006204399999998774,-0.0026165199999994143,2.5816491526671337,1.0,0.0,0.0,0.0,0.0,3119.26,0.49
26.9494027,27.572449,0.10739049999997352,-0.19063149999995765,2.5972100000000125,0.11479608328247438,-0.15039608752651754,2.580544820575862,0.04407956000000015,0.0070043999999987745,-0.0026165199999994143,2.5874714867764608,1.0,0.0,0.98,0.0,0.0,3118.28,0.0
27.060247200000003,27.6832935,0.06239049999997359,-0.16563149999995752,2.5572100000000124,0.10226815004126104,-0.15403822293298175,2.574966463155546,0.04367956000000015,0.0070043999999987745,-0.003016519999999412,2.581596179694453,1.0,0.0,0.0,0.0,0.49,3118.77,0.0
27.179423500000002,27.8024698,0.057390499999973255,-0.21563149999995757,2.6072100000000122,0.09153982362021869,-0.16876254074169686,2.5826745135529725,0.044479560000000154,0.006604399999998774,-0.004216519999999412,2.5898007601786857,1.0,0.49,0.98,0.0,0.0,3117.3,0.0
27.2894152,27.9124615,0.10239049999997363,-0.24563149999995781,2.5772100000000124,0.09413375618986097,-0.18713862072381982,2.581368182114619,0.044479560000000154,0.006604399999998774,-0.003816519999999414,2.5898539957021818,1.0,0.0,0.49,0.0,0.0,3117.3,0.98
27.401048900000003,28.0240952,0.07739049999997327,-0.20563149999995756,2.6272100000000123,0.09013115985090395,-0.19155947710014093,2.592326999823568,0.04487956000000015,0.0070043999999987745,-0.003016519999999412,2.6009571186886586,1.0,0.0,0.0,0.0,0.0,3120.72,0.0
27.511064400000002,28.1341107,0.03739049999997324,-0.10563149999995769,2.6672100000000123,0.07752312413554475,-0.17101777346408834,2.610228321941387,0.04487956000000015,0.0070043999999987745,-0.003016519999999412,2.616973214666382,1.0,0.0,0.0,0.0,0.0,3124.15,0.0
27.621054,28.2441003,0.17239049999997347,-0.1256314999999577,2.7072100000000123,0.1002018556209267,-0.1601678569397178,2.6334124926391875,0.045679560000000154,0.008604399999998775,-0.0018165199999994122,2.6401809617249112,1.0,0.0,0.0,0.49,0.0,3125.61,0.0
27.732696800000003,28.3557431,0.19239049999997349,-0.24063149999995748,2.7322100000000122,0.12224021699461471,-0.17940327205130013,2.6570307504485227,0.04647956000000015,0.008604399999998775,-0.0026165199999994143,2.6658845836799916,1.0,0.0,0.98,0.0,0.0,3133.43,0.0
27.8427036,28.4657499,0.18239049999997325,-0.1456314999999575,2.8072100000000124,0.13661957664927288,-0.17132988598829313,2.6929321848902386,0.04807956000000015,0.008204399999998774,-0.003816519999999414,2.7018331908121755,1.0,0.0,0.49,0.0,0.0,3138.81,0.49
27.954093200000003,28.5771395,0.15739049999997334,-0.08563149999995767,2.797210000000012,0.14158501591732175,-0.15084306776600453,2.71786054985457,0.04607956000000015,0.010604399999998775,-0.0010165199999994101,2.725723007989101,1.0,0.0,0.0,0.0,0.0,3141.25,0.0
28.065223200000002,28.6882695,0.0873904999999735,-0.15063149999995762,2.7672100000000124,0.12862942540719524,-0.15079249096324784,2.7296578923930532,0.04647956000000015,0.009404399999998776,-0.0026165199999994143,2.7368441888268267,1.0,0.0,0.0,0.0,0.0,3140.76,0.49
28.1752948,28.7983411,0.07739049999997327,-0.18063149999995765,2.817210000000012,0.1163803901585496,-0.15792572161885793,2.750587856158837,0.04687956000000015,0.008604399999998775,-0.00221651999999941,2.7575747466226117,1.0,0.0,0.0,0.0,1.47,3141.74,0.0
28.285307800000002,28.9083541,0.17739049999997336,-0.10063149999995757,2.8572100000000122,0.1309652976294235,-0.14422912406970814,2.776076649840928,0.04687956000000015,0.010604399999998775,-0.003016519999999412,2.7829041512788595,1.0,0.0,0.98,0.0,0.49,3148.09,0.0
28.396062500000003,29.0191088,0.0873904999999735,-0.10063149999995757,2.9372100000000123,0.12054842748872957,-0.13380679710357105,2.814596741161047,0.04767956000000015,0.010204399999998774,-0.003816519999999414,2.8203529916795005,1.0,0.0,0.0,0.0,0.0,3150.54,0.98
28.5060813,29.1291276,0.03739049999997324,-0.1306314999999576,2.9972100000000124,0.10066892422204855,-0.13304771939384216,2.85825175981359,0.04847956000000015,0.009804399999998775,-0.005816519999999409,2.8631170165428816,1.0,0.0,0.0,0.0,0.0,3160.31,0.0
28.6160593,29.2391056,0.042390499999973574,-0.07563149999995766,3.047210000000012,0.08673704593111342,-0.11932195739531798,2.9034235920909173,0.04887956000000015,0.011404399999998774,-0.004616519999999409,2.9071686569175226,1.0,0.0,0.49,0.0,0.0,3166.67,0.49
28.7260685,29.3491148,-0.0026095000000263546,-0.10063149999995757,3.0772100000000124,0.06537810872161032,-0.11485386854236926,2.94496848826694,0.05167956000000015,0.009404399999998776,-0.005416519999999411,2.947932344051408,1.0,0.0,0.0,0.0,0.49,3172.04,0.0
28.836095,29.4591413,0.017390499999973663,-0.19063149999995765,3.067210000000012,0.05390632421289981,-0.13296905873041429,2.9741912046718215,0.05207956000000015,0.009404399999998776,-0.005416519999999411,2.9776500775472288,1.0,0.0,0.0,0.0,0.0,3171.55,0.0
28.955303800000003,29.5783501,-0.022609500000026372,-0.16063149999995763,3.067210000000012,0.0356146637142742,-0.13958196513860505,2.9964280196265896,0.051279560000000154,0.009804399999998775,-0.006616519999999411,2.999888732281043,1.0,0.0,0.0,0.0,0.49,3168.62,0.0
29.0653116,29.6883579,0.0873904999999735,-0.17563149999995753,3.0972100000000125,0.047992051386855,-0.14819986685501668,3.0205206800446467,0.05207956000000015,0.010204399999998774,-0.005016519999999414,3.024534942120778,1.0,0.0,0.0,0.0,0.0,3174.98,0.0
29.175319400000003,29.7983657,-0.02760950000002671,-0.19063149999995765,3.1072100000000122,0.029918954411646277,-0.15834345526791352,3.041244388189875,0.05287956000000015,0.009404399999998776,-0.006216519999999413,3.045510666925282,1.0,0.0,0.0,0.0,0.0,3179.37,0.49
29.2852919,29.9083382,-0.022609500000026372,-0.23563149999995758,3.1272100000000123,0.017361647939431204,-0.17681972065985463,3.0617950886752006,0.052479560000000154,0.010604399999998775,-0.005016519999999414,3.066945680227966,1.0,0.0,0.0,0.0,0.98,3177.91,0.0
29.3970367,30.020083,0.017390499999973663,-0.2856314999999574,3.0622100000000123,0.017368545232919932,-0.20283196252503843,3.0618942762245545,0.052479560000000154,0.010204399999998774,-0.005016519999999414,3.0686542702236683,1.0,0.0,0.0,0.49,0.0,3172.04,0.0
29.5069023,30.1299486,0.12239049999997365,-0.17563149999995753,3.2472100000000124,0.042474802157699075,-0.19632949547286602,3.1061953386417205,0.054879560000000153,0.011804399999998775,-0.004216519999999412,3.1126835466218723,1.0,0.0,0.0,0.0,0.0,3175.95,0.49
29.6169343,30.2399806,0.05239049999997336,-0.2656314999999574,3.3022100000000125,0.04484522135403566,-0.21289664026576782,3.153054059373023,0.054879560000000153,0.014604399999998775,-0.004616519999999409,3.160551530135752,1.0,0.0,0.0,0.0,0.0,3188.66,0.0
29.726898600000002,30.3499449,0.15239049999997345,-0.2806314999999575,3.3622100000000126,0.07055469707957138,-0.22908914777548262,3.2030542978409926,0.05607956000000015,0.014204399999998774,-0.0014165199999994146,3.2120113072382144,1.0,0.0,0.0,0.0,0.0,3190.62,0.0
29.8377658,30.4608121,0.16739049999997357,-0.2706314999999577,3.5022100000000123,0.0937039952718345,-0.23902014716052294,3.2745696294264337,0.05847956000000015,0.015404399999998776,-0.0010165199999994101,3.2846182925022678,1.0,0.0,0.49,0.49,0.0,3203.32,0.0
29.947935400000002,30.5709817,0.29739049999997347,-0.29063149999995774,3.6922100000000126,0.1423967255791087,-0.2513582138771098,3.374409576883492,0.061279560000000156,0.018204399999998774,0.0009834800000005882,3.3867532788353762,1.0,0.0,0.0,0.0,0.0,3216.52,0.0
30.0585819,30.6816282,0.2173904999999734,-0.29063149999995774,3.7422100000000125,0.16032452908024686,-0.260746776619706,3.4623349248765636,0.06287956000000014,0.017004399999998775,-0.00221651999999941,3.475838886968493,1.0,0.0,0.0,0.0,0.49,3234.6,0.0
30.1686035,30.7916498,0.17239049999997347,-0.19063149999995765,3.6672100000000123,0.16320898658848398,-0.2439852132582936,3.5113117915226066,0.061279560000000156,0.014604399999998775,-0.0026165199999994143,3.5235601960059704,1.0,0.0,0.0,0.0,0.49,3239.49,0.0
30.2791269,30.9021732,-0.04760950000002673,-0.24563149999995781,3.6372100000000125,0.1128113044988275,-0.2443787699960229,3.541408667698775,0.061279560000000156,0.013404399999998776,-0.005416519999999411,3.551622548258684,1.0,0.0,0.0,0.0,0.0,3240.47,0.0
30.3905625,31.0136088,0.11739049999997331,-0.22063149999995746,3.727210000000013,0.11390599426170196,-0.2387018135624301,3.585825818341876,0.06207956000000015,0.013004399999998775,-0.0034165199999994095,3.5955667050986446,1.0,0.0,0.0,0.0,0.0,3244.87,0.0
30.5011186,31.1241649,0.4123904999999737,-0.2506314999999577,3.672210000000012,0.18526087149430176,-0.2415536912807315,3.6064765809729513,0.06207956000000015,0.016204399999998773,0.002583480000000589,3.6193014664966117,1.0,0.0,0.0,0.0,0.98,3250.24,0.49
30.612427500000003,31.2354738,0.24739049999997365,-0.07063149999995755,3.767210000000012,0.20011340798883115,-0.2006935067796947,3.644901065867014,0.06327956000000015,0.014604399999998775,0.00018348000000058956,3.655903040245861,1.0,0.0,0.0,0.0,0.0,3251.71,0.0
30.7236166,31.3466629,0.37739049999997354,-0.1456314999999575,3.8722100000000124,0.24249277741479136,-0.18753053631249783,3.699240908562753,0.06487956000000014,0.015804399999998775,0.0017834800000005903,3.711920493320429,1.0,0.0,0.0,0.0,1.47,3256.6,0.0
30.834117900000003,31.4571642,0.7123904999999735,-0.05063149999995753,3.9622100000000122,0.3548252223569904,-0.15480383277664314,3.7621055694571695,0.06367956000000015,0.022204399999998774,0.00578348000000059,3.7819708461070505,1.0,0.0,0.0,0.0,0.0,3263.44,0.0
30.944968300000003,31.5680146,0.5673904999999735,0.034368500000042435,3.9822100000000127,0.40564048746635706,-0.1095808201190915,3.8147231235271533,0.06407956000000015,0.022604399999998775,0.00578348000000059,3.837794245446553,1.0,0.0,0.0,0.0,0.0,3272.24,0.49
31.0558148,31.6788611,0.9273904999999734,-0.0006314999999577076,4.0322100000000125,0.5303685968814851,-0.08353569813713928,3.8667149323885157,0.06287956000000014,0.025404399999998772,0.00938348000000059,3.903812678622992,1.0,0.0,0.0,0.0,0.0,3281.04,0.0
31.1755627,31.798609,0.7123904999999735,-0.07563149999995766,4.042210000000012,0.5738822476773245,-0.08164614247559586,3.9086682960090897,0.06407956000000015,0.022204399999998774,0.004983480000000588,3.9514168060338717,1.0,0.0,0.0,0.0,0.0,3285.92,0.0
31.278307400000003,31.9013537,0.6223904999999734,-0.005631499999957601,4.022210000000013,0.5854784957997837,-0.06347429309161068,3.935811260529186,0.06367956000000015,0.021404399999998776,0.006583480000000589,3.9796261549843845,1.0,0.0,0.0,0.0,0.0,3288.86,0.49
31.389110800000005,32.0121571,0.43239049999997325,-0.01563149999995761,3.932210000000012,0.5488817045557564,-0.05203712780533948,3.9349503531855827,0.06447956000000014,0.018204399999998774,0.0037834800000005886,3.973388134866968,1.0,0.0,0.0,0.49,0.0,3290.81,0.0
31.500225900000004,32.1232722,0.42739049999997336,-0.1406314999999576,3.9522100000000124,0.5198383545015326,-0.07321625244971686,3.939076396433541,0.06447956000000014,0.017004399999998775,0.002583480000000589,3.9739043007316486,1.0,0.0,0.0,0.0,0.0,3289.35,0.0
31.610855300000004,32.2339016,0.4773904999999734,-0.06563149999995765,3.9622100000000122,0.5096908882561594,-0.07140306258730306,3.9446066514742517,0.06447956000000014,0.017804399999998777,0.002583480000000589,3.978040325810324,1.0,0.0,0.0,0.0,0.0,3289.35,0.0
31.730338500000002,32.3533848,0.40739049999997334,-0.07563149999995766,3.9972100000000124,0.4852352414653401,-0.07241390109538383,3.957181861925445,0.06487956000000014,0.017804399999998777,0.0033834800000005875,3.987478564329031,1.0,0.0,0.0,0.0,0.49,3293.26,0.0
31.8403456,32.4633919,0.4623904999999735,-0.07063149999995755,3.9622100000000122,0.47977404099652554,-0.07198780523815057,3.9583838746534825,0.06367956000000015,0.018604399999998775,0.00418348000000059,3.988003043333074,1.0,0.0,0.0,0.0,1.47,3293.74,0.49
31.950318100000004,32.5733644,0.39239049999997366,-0.06563149999995765,3.922210000000012,0.4588843742966191,-0.0704682845554861,3.9497362486115826,0.06407956000000015,0.017804399999998777,0.002583480000000589,3.9769280961186726,1.0,0.0,0.0,0.0,0.0,3291.79,0.49
32.0611458,32.6841921,0.43239049999997325,-0.04063149999995752,3.9172100000000123,0.4525508222645724,-0.06333558567817117,3.9419606139240297,0.06327956000000015,0.017404399999998776,0.002583480000000589,3.968358240491129,1.0,0.0,0.49,0.49,0.0,3290.81,0.49
32.1714276,32.7944739,0.39739049999997356,-0.11063149999995758,3.9122100000000124,0.43936434877052655,-0.07464201564406642,3.9348485147586407,0.06407956000000015,0.018604399999998775,0.0017834800000005903,3.960005719133274,1.0,0.0,0.98,0.0,0.0,3289.35,0.0
32.2819853,32.9050316,0.3373904999999735,-0.07063149999995755,3.9122100000000124,0.41498676360254194,-0.07368327290893852,3.929436614273773,0.06367956000000015,0.019404399999998774,0.0009834800000005882,3.9519761315406776,1.0,0.0,0.98,0.0,0.0,3286.9,0.49
32.3921663,33.0152126,0.3523904999999736,-0.01563149999995761,3.9072100000000125,0.40002267461730917,-0.059805577251639375,3.9241231815752218,0.06327956000000015,0.017804399999998777,0.0013834800000005892,3.9449128750144062,1.0,0.0,0.0,0.0,0.0,3285.43,0.0
32.502768100000004,33.1258144,0.3273904999999733,-0.1256314999999577,3.7822100000000125,0.3826594286084821,-0.07554173958546401,3.890197810394093,0.06207956000000015,0.017004399999998775,0.002183480000000588,3.9097025202331652,1.0,0.0,0.0,0.0,0.0,3283.97,0.0
32.6136126,33.2366589,0.28739049999997324,-0.10063149999995757,3.7772100000000126,0.35988470303896714,-0.08153962805121019,3.8631872581394333,0.061279560000000156,0.016204399999998773,0.0017834800000005903,3.880770735546619,1.0,0.98,0.98,0.0,0.0,3280.06,0.49
32.7236512,33.3466975,0.26739049999997366,-0.09063149999995757,3.7722100000000127,0.33777329566038206,-0.08371310571670164,3.8414384873969105,0.06207956000000015,0.017004399999998775,-0.00021651999999940802,3.8571684349771758,1.0,0.0,0.0,0.49,0.49,3280.06,0.0
32.8344818,33.4575281,0.37239049999997365,-0.10063149999995757,3.7872100000000124,0.3460487884189687,-0.08775757008200774,3.828474775759201,0.06207956000000015,0.016204399999998773,0.00018348000000058956,3.84508390853794,1.0,0.0,0.49,0.0,0.0,3279.08,0.0
32.9444526,33.5674989,0.15239049999997345,-0.17563149999995753,3.727210000000013,0.2997533756603258,-0.108764467795953,3.80426669961665,0.061279560000000156,0.015004399999998775,-0.0006165199999994125,3.8176074860423848,1.0,0.0,0.0,0.0,0.0,3273.7,0.0
33.0544549,33.6775012,0.19739049999997338,-0.030631499999957512,3.727210000000013,0.2752827908041558,-0.090086217442179,3.785845738945694,0.060879560000000145,0.015004399999998775,-0.0006165199999994125,3.7969098093817335,1.0,0.0,0.49,0.0,0.49,3266.37,0.0
33.1649642,33.7880105,0.2623904999999733,-0.06563149999995765,3.7772100000000126,0.27220079555852633,-0.0842401405862577,3.783781303169513,0.06207956000000015,0.016204399999998773,0.00018348000000058956,3.794494778571169,1.0,0.0,0.49,0.0,0.0,3272.73,0.0
33.2758211,33.8988674,0.29739049999997347,-0.045631499999957637,3.852210000000013,0.2782225763658725,-0.07501046616031387,3.8001396774491094,0.06247956000000015,0.019004399999998776,0.002183480000000588,3.811049191516199,1.0,0.0,0.0,0.0,0.49,3279.08,0.0
33.3866359,34.0096822,0.3623904999999734,-0.1556314999999575,3.762210000000012,0.2983435265069171,-0.09428350667464241,3.791072314065679,0.061679560000000154,0.019004399999998776,0.0033834800000005875,3.803962083133158,1.0,0.0,0.0,0.49,0.0,3278.59,0.0
33.498337400000004,34.1213837,0.27739049999997345,-0.1306314999999576,3.762210000000012,0.29333455416392595,-0.10297275704281209,3.784172569398161,0.061679560000000154,0.018604399999998775,0.002183480000000588,3.7969211980689073,1.0,0.49,0.0,0.0,0.0,3274.19,0.0
33.609279,34.2323253,0.3673904999999733,-0.10563149999995769,3.7722100000000127,0.3110381629673549,-0.10360834875244179,3.7813128307705894,0.060879560000000145,0.019004399999998776,0.0017834800000005903,3.795498142919267,1.0,0.0,0.98,0.0,0.49,3274.68,0.98
33.720024,34.3430703,0.25239049999997354,-0.1456314999999575,3.672210000000012,0.29701801548711737,-0.11365428661704494,3.7552310109585085,0.06007956000000015,0.017004399999998775,0.0017834800000005903,3.768673101245954,1.0,0.0,0.0,0.0,0.0,3271.26,1.47
33.8308416,34.4538879,0.29739049999997347,-0.020631499999957503,3.5922100000000126,0.2971070606005987,-0.09141651751583453,3.7162596606885625,0.059279560000000155,0.016604399999998777,0.002583480000000589,3.7292379182340354,1.0,0.0,0.0,0.0,0.0,3259.04,0.49
33.9416752,34.5647215,0.2123904999999735,-0.09563149999995768,3.6222100000000124,0.2768549548295666,-0.09242413952605669,3.6937764099228305,0.059279560000000155,0.016204399999998773,0.00018348000000058956,3.7052901443858897,1.0,0.0,0.0,0.49,0.0,3259.04,0.49
34.061041100000004,34.6840874,0.3223904999999734,-0.08063149999995756,3.6322100000000126,0.28774055583360314,-0.08960502386190576,3.6790585148990043,0.059279560000000155,0.017804399999998777,0.002183480000000588,3.6913812108509725,1.0,0.0,0.0,0.0,0.0,3255.62,0.0
34.1712189,34.7942652,0.18239049999997325,-0.09063149999995757,3.6872100000000128,0.2625558639787846,-0.08985041039757104,3.681007186295555,0.06047956000000015,0.015804399999998775,-0.0010165199999994101,3.691452638666488,1.0,0.0,0.49,0.0,0.0,3263.44,0.49
34.2812044,34.9042507,0.06739049999997349,-0.20063149999995766,3.6572100000000125,0.21590017392104058,-0.11633343010648445,3.675318297009996,0.060879560000000145,0.014604399999998775,-0.00221651999999941,3.683491677253518,1.0,0.0,0.0,0.49,0.0,3267.35,0.0
34.3911821,35.0142284,0.06239049999997359,-0.08063149999995756,3.6872100000000128,0.17920257747608823,-0.10779862581767528,3.6781610945107923,0.060879560000000145,0.014204399999998774,-0.0026165199999994143,3.6841014026048584,1.0,0.0,0.49,0.0,0.0,3266.86,0.49
34.5011895,35.1242358,0.15739049999997334,-0.07563149999995766,3.7072100000000123,0.17398824279346697,-0.10010884202815602,3.6851054452059744,0.060879560000000145,0.015804399999998775,-0.0010165199999994101,3.69056849701632,1.0,0.0,0.49,0.49,0.0,3269.31,0.0
34.611216500000005,35.2342628,0.3223904999999734,-0.10563149999995769,3.722210000000012,0.20946487437881361,-0.10142907330984635,3.6939755570583475,0.06047956000000015,0.018204399999998774,0.002583480000000589,3.7012996104956915,1.0,0.49,0.0,0.0,0.0,3273.22,0.0
34.7211923,35.3442386,0.39739049999997356,0.009368500000042301,3.7922100000000123,0.2543898526851097,-0.07494211305158267,3.717459210250924,0.060879560000000145,0.020204399999998776,0.00298348000000059,3.72690669286705,1.0,0.49,0.49,0.0,0.49,3278.1,0.98
34.8320043,35.4550506,0.39239049999997366,-0.020631499999957503,3.7822100000000125,0.2873799042886789,-0.061958768682866754,3.732938354274941,0.060879560000000145,0.019004399999998776,0.0013834800000005892,3.7444966090547567,1.0,0.0,0.0,0.0,0.0,3276.64,0.49
34.9420057,35.565052,0.4173904999999736,-0.05063149999995753,3.802210000000012,0.31845987633939266,-0.05925090328043818,3.74949824157692,0.06047956000000015,0.019804399999998775,0.0013834800000005892,3.7634644180550003,1.0,0.0,0.0,0.0,0.49,3275.66,0.0
35.0528469,35.6758932,0.2123904999999735,-0.07063149999995755,3.842210000000012,0.2931032257215739,-0.06197151713523938,3.771661657141609,0.061279560000000156,0.018604399999998775,0.00018348000000058956,3.7835408846498044,1.0,0.0,0.0,0.0,0.0,3277.13,0.0
35.1637013,35.7867476,0.2623904999999733,-0.04063149999995752,3.762210000000012,0.2857611267810515,-0.05687003188707439,3.7694021702268183,0.06047956000000015,0.019404399999998774,0.0017834800000005903,3.7806462864193815,1.0,0.0,0.49,0.0,0.0,3276.64,0.98
35.2741773,35.8972236,0.30239049999997336,-0.09563149999995768,3.7422100000000125,0.28973649857315287,-0.06613624083721449,3.7629016855084485,0.060879560000000145,0.018604399999998775,-0.00021651999999940802,3.774619230566155,1.0,0.0,0.49,0.0,0.49,3275.66,0.49
35.3850402,36.0080865,0.16239049999997324,-0.1256314999999577,3.767210000000012,0.25929351771631787,-0.08035901231065824,3.7639316192092434,0.061279560000000156,0.016604399999998777,-0.0010165199999994101,3.773707981981696,1.0,0.0,0.0,0.0,0.49,3274.68,0.98
35.4958217,36.118868,0.15739049999997334,-0.17563149999995753,3.722210000000012,0.23493286522349777,-0.1031345887041456,3.7539577647565423,0.061279560000000156,0.016204399999998773,-0.003016519999999412,3.7627156541685727,1.0,0.0,0.0,0.0,0.49,3275.17,0.49
35.6067015,36.2297478,0.25239049999997354,-0.12063149999995759,3.7522100000000123,0.23910623892397148,-0.10731735174028491,3.7535399489663215,0.060879560000000145,0.017404399999998776,-0.0018165199999994122,3.76267869422344,1.0,0.0,0.0,0.0,0.0,3273.22,0.0
35.7178646,36.3409109,0.3423904999999734,-0.12063149999995759,3.7722100000000127,0.26379708761948195,-0.11050019505798334,3.758003159531105,0.061279560000000156,0.018204399999998774,-0.00021651999999940802,3.7688707783088216,1.0,0.0,0.0,0.0,0.0,3276.15,1.47
35.828896300000004,36.4519426,0.2073904999999736,-0.1456314999999575,3.7422100000000125,0.2503126853898093,-0.11889858727923214,3.7542276906615615,0.06207956000000015,0.018204399999998774,0.00018348000000058956,3.7644413752712493,1.0,0.0,0.0,0.49,0.0,3277.61,0.0
35.9400495,36.5630958,0.23239049999997352,-0.1356314999999575,3.7422100000000125,0.2460282575094791,-0.1228987109371687,3.7513547748977993,0.061679560000000154,0.018604399999998775,-0.00021651999999940802,3.761422157082569,1.0,0.0,0.0,0.98,0.49,3275.17,0.0
36.050931,36.6739773,0.23239049999997352,-0.16063149999995763,3.682210000000012,0.24276805306298088,-0.13191900672960677,3.7348252169835483,0.061279560000000156,0.018204399999998774,-0.0018165199999994122,3.7450311551895967,1.0,0.0,0.0,0.0,0.0,3273.22,0.0
36.1620353,36.7850816,0.14239049999997366,-0.1356314999999575,3.672210000000012,0.21877207391490383,-0.13280650506349018,3.719856597055683,0.061279560000000156,0.017404399999998776,-0.00221651999999941,3.7286501432516963,1.0,0.0,0.49,0.0,0.0,3271.75,0.0
36.272521000000005,36.8955673,0.13239049999997343,-0.1406314999999576,3.6672100000000123,0.1981219346836791,-0.13467712662776976,3.707271047731004,0.061279560000000156,0.015804399999998775,-0.003016519999999412,3.7150032100637613,1.0,0.49,0.0,0.0,0.49,3269.79,0.98
36.391994600000004,37.0150409,-0.022609500000026372,-0.1556314999999575,3.6072100000000122,0.1453544907445885,-0.1396864209486267,3.6833507314688565,0.060879560000000145,0.013804399999998775,-0.0034165199999994095,3.6888633527401384,1.0,0.0,0.0,0.0,0.0,3266.86,0.0
36.5020097,37.125056,0.2173904999999734,-0.16563149999995752,3.6272100000000123,0.16257521911717465,-0.14588877951299767,3.6699298840724413,0.060879560000000145,0.015004399999998775,-0.003816519999999414,3.67642483832687,1.0,0.0,0.0,0.0,1.47,3265.4,0.49
36.612033000000004,37.2350793,0.18239049999997325,-0.16563149999995752,3.6422100000000124,0.16731220515008244,-0.15060841945913214,3.6633032455472763,0.06047956000000015,0.015804399999998775,-0.003016519999999412,3.6702134731976246,1.0,0.0,0.49,0.0,0.0,3269.79,0.0
36.7228817,37.345928,0.0923904999999734,-0.1406314999999576,3.5772100000000124,0.14940163032871878,-0.14822336479303444,3.642722033295114,0.06007956000000015,0.015004399999998775,-0.00221651999999941,3.6487963528907907,1.0,0.0,0.0,0.0,0.0,3271.75,0.0
36.832866,37.4559123,0.2223904999999733,-0.21063149999995767,3.6122100000000126,0.16685014686681124,-0.16314248032632195,3.63542791132887,0.06007956000000015,0.015004399999998775,-0.0014165199999994146,3.6429096254046014,1.0,0.0,0.0,0.0,0.0,3269.31,0.98
36.9428466,37.5658929,0.07739049999997327,-0.20063149999995766,3.5822100000000123,0.14546417206163234,-0.17210450128538776,3.6227057852002336,0.05967956000000015,0.015404399999998776,-0.00221651999999941,3.6297075627162454,1.0,0.0,0.49,0.0,0.0,3269.31,0.49
37.0528652,37.6759115,0.11739049999997331,-0.07563149999995766,3.6672100000000123,0.13875295796201517,-0.14904193344470246,3.6333448392292422,0.06007956000000015,0.015804399999998775,-0.0018165199999994122,3.639046661149306,1.0,0.0,0.0,0.0,0.0,3270.77,0.0
37.1628437,37.78589,0.14239049999997366,-0.1356314999999575,3.6872100000000128,0.1396225386623767,-0.1458360724579858,3.646221695012446,0.06007956000000015,0.016204399999998773,-0.00221651999999941,3.6518071228519084,1.0,0.0,0.0,0.0,0.0,3274.19,0.0
37.2737171,37.8967634,0.05239049999997336,-0.1156314999999577,3.7872100000000124,0.11876908968984234,-0.13861545122582175,3.6799259677643503,0.061679560000000154,0.016204399999998773,-0.0026165199999994143,3.6844504974569383,1.0,0.0,0.0,0.0,0.0,3281.04,0.49
37.383702,38.0067483,0.042390499999973574,-0.09563149999995768,3.727210000000013,0.10051023609528237,-0.12833982718594944,3.6912295572317255,0.060879560000000145,0.014204399999998774,-0.003016519999999412,3.694827338724121,1.0,0.0,0.0,0.49,0.0,3281.52,0.98
37.4945248,38.1175711,0.0873904999999735,-0.12063149999995759,3.6472100000000123,0.09737386840983289,-0.12649709589018343,3.6807063640953404,0.06007956000000015,0.013404399999998776,-0.004616519999999409,3.6841664626085624,1.0,0.0,0.49,0.0,0.0,3278.1,0.0
37.6050287,38.228075,0.16239049999997324,-0.07563149999995766,3.7472100000000124,0.11291656384629081,-0.11433730775936282,3.696604538654727,0.06007956000000015,0.016204399999998773,-0.0010165199999994101,3.7000957130240884,1.0,0.0,0.0,0.0,0.0,3279.57,0.0
37.7158666,38.3389129,0.23739049999997341,-0.08063149999995756,3.722210000000012,0.14267295743508424,-0.10627969093684381,3.7027257091532015,0.06007956000000015,0.018204399999998774,-0.00021651999999940802,3.7069972515113876,1.0,0.0,0.0,0.0,0.0,3280.55,0.0
37.8270301,38.4500764,0.25239049999997354,-0.09563149999995768,3.722210000000012,0.16890172854203417,-0.10373416397499531,3.7073835696270634,0.061279560000000156,0.017804399999998777,-0.0006165199999994125,3.7126784809650277,1.0,0.0,0.49,0.0,0.0,3277.61,0.0
37.9379087,38.560955,0.057390499999973255,-0.2306314999999577,3.6072100000000122,0.14224416384535213,-0.1340698888087154,3.6834363541928483,0.060879560000000145,0.013004399999998775,-0.003816519999999414,3.688619187802225,1.0,0.0,0.49,0.0,0.49,3279.57,0.49
38.048395400000004,38.6714417,0.04739049999997347,-0.1406314999999576,3.7072100000000123,0.11956871031717438,-0.13563848936250658,3.689119615954613,0.06047956000000015,0.015004399999998775,-0.003816519999999414,3.6935481609293475,1.0,0.0,0.0,0.0,0.49,3279.08,0.49
38.1603651,38.7834114,0.0873904999999735,-0.2656314999999574,3.682210000000012,0.11187627669798353,-0.16671425757429023,3.6874678223482897,0.061279560000000156,0.014604399999998775,-0.0034165199999994095,3.692929580403665,1.0,0.0,0.49,0.0,0.0,3277.13,0.0
38.2708798,38.8939261,0.2423904999999733,-0.10563149999995769,3.682210000000012,0.1430766445622626,-0.15211198313808555,3.686210901935472,0.05967956000000015,0.018204399999998774,-0.0006165199999994125,3.6921213137140176,1.0,0.0,0.0,0.0,0.0,3277.13,0.98
38.3818183,39.0048646,0.04739049999997347,-0.09563149999995768,3.5772100000000124,0.1202021805051908,-0.13860991565089442,3.66015344894772,0.059279560000000155,0.013404399999998776,-0.004616519999999409,3.6647489058268152,1.0,0.0,0.98,0.0,0.0,3270.77,0.98
38.4925864,39.1156327,-0.04760950000002673,-0.17063149999995764,3.547210000000012,0.08008558607416963,-0.14626490670099693,3.633153501617265,0.05887956000000016,0.011804399999998775,-0.005016519999999414,3.6369783461470995,1.0,0.0,0.49,0.0,0.0,3261.0,0.49
38.603402800000005,39.2264491,0.057390499999973255,-0.16563149999995752,3.4872100000000126,0.07466016180766664,-0.1508946307258438,3.5982646533166225,0.05767956000000015,0.013804399999998775,-0.004616519999999409,3.602200972273872,1.0,0.0,0.0,0.0,0.0,3247.8,0.49
38.7151086,39.3381549,-0.07760950000002653,-0.1406314999999576,3.507210000000012,0.03825899921578106,-0.1484411551889599,3.5764973806979197,0.05847956000000015,0.013404399999998776,-0.005016519999999414,3.5797810047143814,1.0,0.0,0.0,0.0,0.0,3248.78,0.0
38.8263334,39.4493797,0.02739049999997345,-0.10563149999995769,3.5972100000000125,0.03566080596843515,-0.13820719787574612,3.5814488819619834,0.059279560000000155,0.013804399999998775,-0.004216519999999412,3.58429198262833,1.0,0.0,0.0,0.0,0.0,3257.09,0.49
38.937053500000005,39.5600998,0.08239049999997361,0.004368500000042408,3.6872100000000128,0.04683187688379168,-0.1041234473872038,3.6067318412061167,0.05887956000000016,0.016204399999998773,-0.00021651999999940802,3.6085384148375526,1.0,0.0,1.47,0.0,0.0,3264.91,0.0
39.0475662,39.6706125,0.15739049999997334,0.09436850000004249,3.6872100000000128,0.07326171437216653,-0.056672513535729906,3.6259707264086853,0.05807956000000015,0.017404399999998776,-0.0006165199999994125,3.627153534295996,1.0,0.0,0.49,0.0,0.0,3272.24,0.0
39.1584477,39.781494,0.10239049999997363,0.06436850000004246,3.6472100000000123,0.08022516099150101,-0.027736784896844426,3.6310481281849354,0.05887956000000016,0.015804399999998775,-0.00021651999999940802,3.6320401862985836,1.0,0.0,0.49,0.49,0.0,3274.68,0.0
39.2779092,39.9009555,0.23239049999997352,-0.010631499999957494,3.6572100000000125,0.1166013844646456,-0.023647642980324797,3.6373023126255064,0.05847956000000015,0.015004399999998775,-0.0006165199999994125,3.6392476155530358,1.0,0.0,0.0,0.0,0.49,3272.73,0.98
39.3887626,40.0118089,0.14239049999997366,-0.01563149999995761,3.6072100000000122,0.12276645882389639,-0.021731326095371907,3.6301085279172307,0.05847956000000015,0.014204399999998774,-0.00221651999999941,3.6322488596465172,1.0,0.0,0.49,0.0,0.0,3273.22,0.0
39.4987451,40.1217914,0.05239049999997336,0.009368500000042301,3.6072100000000122,0.10594257749850923,-0.014296688014226955,3.6246344694085684,0.05807956000000015,0.013404399999998776,-0.0018165199999994122,3.6262105925938632,1.0,0.0,0.98,0.0,0.0,3272.73,0.98
39.6104221,40.2334684,0.15739049999997334,-0.055631499999957645,3.6372100000000125,0.1182415750122471,-0.024178073406005533,3.6276407408371902,0.059279560000000155,0.014204399999998774,-0.00221651999999941,3.6296477782116545,1.0,0.0,0.49,0.0,0.0,3272.73,0.0
39.7203916,40.3434379,-0.022609500000026372,0.014368500000042417,3.6572100000000125,0.08457010807723221,-0.014963236587850117,3.634709485836879,0.05967956000000015,0.012604399999998774,-0.003816519999999414,3.635724006035382,1.0,0.0,0.0,0.0,0.49,3271.75,0.49
39.830402400000004,40.4534487,-0.11760950000002657,-0.1356314999999575,3.6672100000000123,0.03623761229958564,-0.0438098566170717,3.642478968518638,0.06047956000000015,0.011804399999998775,-0.005016519999999414,3.642922659648786,1.0,0.0,0.0,0.0,0.49,3273.7,1.47
39.9412925,40.5643388,-0.11260950000002667,-0.03563149999995763,3.6972100000000125,0.0006546348907719955,-0.04185476139048631,3.6555628169499244,0.06007956000000015,0.012604399999998774,-0.005816519999999409,3.6558024780155667,1.0,0.0,0.49,0.0,0.0,3275.17,0.49
40.0520625,40.6751088,-0.11260950000002667,0.014368500000042417,3.717210000000012,-0.02642197473088882,-0.028414184620128506,3.670300021373298,0.05967956000000015,0.011804399999998775,-0.005816519999999409,3.67050510604864,1.0,0.0,0.0,0.49,0.0,3278.59,0.49
40.1622004,40.7852467,-0.06260950000002641,-0.030631499999957512,3.7472100000000124,-0.035072864051070476,-0.02894424987869971,3.6886859073317577,0.06007956000000015,0.013404399999998776,-0.004216519999999412,3.6889661964216613,1.0,0.0,0.49,0.49,0.0,3282.5,0.0
40.2729172,40.8959635,-0.04260950000002639,-0.020631499999957503,3.757210000000012,-0.03687455131639238,-0.026957026972117513,3.7050670866754722,0.06047956000000015,0.014204399999998774,-0.003016519999999412,3.7053486381990877,1.0,0.0,0.0,0.98,0.0,3284.95,1.47
40.3829044,41.0059507,0.07239049999997338,-0.07563149999995766,3.757210000000012,-0.010753951511022607,-0.03859301135486631,3.7175322267658095,0.05967956000000015,0.014204399999998774,-0.0026165199999994143,3.7177480986533897,1.0,0.0,0.0,0.0,0.0,3285.44,0.98
40.492920500000004,41.1159668,0.002390499999973539,-0.01563149999995761,3.767210000000012,-0.007611675426918553,-0.03310389620045655,3.729408057310339,0.05967956000000015,0.013404399999998776,-0.00221651999999941,3.7295627442741504,1.0,0.0,0.0,0.0,0.0,3288.37,0.98
40.6029144,41.2259607,-0.11260950000002667,0.03936850000004233,3.7872100000000124,-0.032712163854527875,-0.015778846376351494,3.7432260292490365,0.06047956000000015,0.011804399999998775,-0.004216519999999412,3.7434022177298183,1.0,0.0,0.0,0.0,0.0,3289.83,0.49
40.71376,41.3368063,-0.06760950000002675,0.1143685000000425,3.8272100000000124,-0.04105462414487975,0.01533381690868782,3.763303004124566,0.060879560000000145,0.013404399999998776,-0.004216519999999412,3.7635581713263915,1.0,0.0,0.0,0.98,0.0,3292.28,0.0
40.8237706,41.4468169,0.06239049999997359,0.014368500000042417,3.887210000000012,-0.01632531997074814,0.015103050928602597,3.7929238665444913,0.061679560000000154,0.014204399999998774,-0.003016519999999412,3.7929890687454284,1.0,0.0,0.0,0.0,0.0,3300.1,0.49
40.9348004,41.5578467,-0.02760950000002671,-0.010631499999957494,3.8772100000000123,-0.01902288471927065,0.008951020632753163,3.8130730755972477,0.06207956000000015,0.013404399999998776,-0.003816519999999414,3.8131310324663725,1.0,0.49,0.0,0.0,0.0,3303.52,0.0
41.0459249,41.6689712,0.017390499999973663,0.03936850000004233,3.8372100000000122,-0.010318002066020245,0.016222538799532706,3.8188431817314736,0.06207956000000015,0.014204399999998774,-0.0034165199999994095,3.8188915772235146,1.0,0.49,0.0,0.0,0.0,3301.08,0.49
41.1571084,41.7801547,0.16239049999997324,0.04936850000004234,3.927210000000012,0.03096921293183697,0.024146320258034135,3.8447490524382744,0.061679560000000154,0.016604399999998777,0.00018348000000058956,3.8449495982595963,1.0,0.0,0.0,0.0,0.49,3303.52,0.98
41.267624500000004,41.8906708,0.16239049999997324,0.09936850000004238,3.8772100000000123,0.06238642094168887,0.04212872570110278,3.8525090764381553,0.061279560000000156,0.017004399999998775,0.0005834800000005871,3.8532444873230505,1.0,0.0,0.0,0.0,0.0,3304.5,0.98
41.3784413,42.0014876,0.09739049999997329,-0.010631499999957494,3.8772100000000123,0.07075439889641137,0.029516012627934032,3.8584140106454723,0.061679560000000154,0.017004399999998775,-0.00021651999999940802,3.8591755670751655,1.0,0.0,0.0,0.0,0.49,3304.99,0.98
41.4892769,42.1123232,0.0923904999999734,0.009368500000042301,3.927210000000012,0.07592666515598906,0.02469960419644895,3.8748601888561187,0.06247956000000015,0.017404399999998776,-0.0006165199999994125,3.875682702713323,1.0,0.0,0.49,0.0,0.0,3307.92,0.49
41.6087764,42.2318227,0.10739049999997352,0.01936850000004231,3.9872100000000126,0.08344832215793721,0.02342516522847669,3.901718222781363,0.06327956000000015,0.017004399999998775,-0.00021651999999940802,3.9026808030917817,1.0,0.0,0.0,0.0,0.0,3311.34,1.96
41.7187843,42.3418306,0.11739049999997331,0.024368500000042426,4.027210000000013,0.09156244495615458,0.02365067621990262,3.931717938629224,0.06367956000000015,0.018604399999998775,0.0013834800000005892,3.9328550678547565,1.0,0.0,0.0,0.0,0.49,3318.67,0.0
41.8287677,42.451814,0.28239049999997334,0.09436850000004249,4.017210000000013,0.13718126998195748,0.04055628283257276,3.952155433461279,0.06327956000000015,0.021004399999998775,0.0013834800000005892,3.954743491447779,1.0,0.0,0.0,0.0,0.0,3319.65,0.0
41.9387795,42.5618258,0.37239049999997365,0.07436850000004247,4.0322100000000125,0.19340973547767218,0.048639337592749715,3.971293055875386,0.06327956000000015,0.022204399999998774,0.004983480000000588,3.9762974796389496,1.0,0.0,0.0,0.0,0.0,3318.18,1.47
42.0487857,42.671832,0.23239049999997352,-0.030631499999957512,3.9122100000000124,0.20272836881859554,0.02968907124454335,3.957168824575384,0.06247956000000015,0.019404399999998774,0.0017834800000005903,3.9624696009769638,1.0,0.0,0.49,0.0,0.0,3318.67,1.47
42.1588087,42.781855,-0.012609500000026586,-0.02563149999995762,3.8672100000000125,0.15125029576057314,0.01646428907427567,3.935663517733115,0.06367956000000015,0.014204399999998774,-0.003816519999999414,3.9386031850895793,1.0,0.49,0.0,0.0,0.0,3315.74,0.0
42.2687623,42.8918086,0.012390499999973326,-0.11063149999995758,3.807210000000012,0.11805485851489693,-0.013918877394420177,3.904955776420813,0.06287956000000014,0.014604399999998775,-0.0034165199999994095,3.9067646845656276,1.0,0.0,0.0,0.0,0.49,3317.69,0.0
42.3787974,43.0018437,-0.12760950000002635,-0.09063149999995757,3.727210000000013,0.05932701902821863,-0.032257583970394466,3.8624643646011307,0.06247956000000015,0.011804399999998775,-0.005416519999999411,3.863054648166914,1.0,0.0,0.49,0.0,0.0,3309.38,0.98
42.4888107,43.111857,0.002390499999973539,-0.1156314999999577,3.717210000000012,0.045715932867269236,-0.052188720857972506,3.827740259482253,0.06247956000000015,0.012204399999998776,-0.005016519999999414,3.828368987331809,1.0,0.0,0.49,0.0,0.0,3301.08,0.98
42.5996398,43.2226861,0.007390499999973432,0.009368500000042301,3.797210000000012,0.03655396129233568,-0.037473022546465534,3.8204417804143143,0.06247956000000015,0.013004399999998775,-0.004616519999999409,3.8208004157558695,1.0,0.0,0.0,0.0,0.49,3306.45,1.47
42.7101558,43.3332021,0.13739049999997333,-0.01563149999995761,3.8672100000000125,0.060659664274295234,-0.0322516488070671,3.8316220611416862,0.06207956000000015,0.016604399999998777,-0.0010165199999994101,3.83223790795252,1.0,0.0,0.0,0.0,0.0,3312.81,0.98
42.822126600000004,43.4451729,0.0923904999999734,0.009368500000042301,3.9472100000000125,0.06824514976572268,-0.02230205158697583,3.8592541928880397,0.06327956000000015,0.017804399999998777,-0.00221651999999941,3.859921982021845,1.0,0.0,0.0,0.0,0.0,3317.2,0.49
42.932985,43.5560313,0.19239049999997349,-0.005631499999957601,3.8672100000000125,0.09792299251689918,-0.018316835808524497,3.86115608604781,0.06287956000000014,0.015804399999998775,-0.0010165199999994101,3.8624410338232407,1.0,0.49,0.0,0.0,0.0,3318.67,0.49
43.0434713,43.6665176,0.10239049999997363,0.03936850000004233,3.9372100000000128,0.09899098245226293,-0.004526739587078296,3.8793373235619497,0.06327956000000015,0.015004399999998775,-0.0026165199999994143,3.880602759360837,1.0,0.0,0.49,0.0,0.0,3320.63,0.49
43.1544989,43.7775452,0.057390499999973255,-0.03563149999995763,3.9072100000000125,0.0890460866163534,-0.011962557252456874,3.886000488205832,0.06287956000000014,0.015004399999998775,-0.0026165199999994143,3.887038989083293,1.0,0.0,0.0,0.0,0.49,3320.63,0.49
43.2654919,43.8885382,0.03239049999997334,-0.07063149999995755,3.887210000000012,0.07550215937780672,-0.025987791817848806,3.8862896307372727,0.06327956000000015,0.013804399999998775,-0.0018165199999994122,3.8871098563547606,1.0,0.0,0.0,0.0,0.0,3320.63,0.49
43.376896800000004,43.9999431,0.10239049999997363,-0.005631499999957601,3.8972100000000127,0.08193001143444043,-0.021121473212854763,3.888900223894027,0.06287956000000014,0.015404399999998776,-0.0010165199999994101,3.889820509330391,1.0,0.49,0.49,0.0,0.49,3318.67,0.49
43.4879877,44.111034,0.03739049999997324,-0.020631499999957503,3.8672100000000125,0.07128251948994019,-0.021004341576935932,3.8837150191904297,0.06287956000000014,0.014604399999998775,-0.0014165199999994146,3.8844259202918563,1.0,0.49,0.0,0.0,0.0,3320.63,0.49
43.5984624,44.2215087,0.05239049999997336,-0.1356314999999575,3.8772100000000123,0.06676624576226971,-0.04840679181992598,3.882159947363234,0.06287956000000014,0.013804399999998775,-0.003016519999999412,3.883035771915937,1.0,0.0,1.47,0.0,0.0,3318.67,0.98
43.7093061,44.3323524,-0.0326095000000266,-0.010631499999957494,3.807210000000012,0.04300975588609353,-0.03937633543636077,3.864242621036815,0.06207956000000015,0.013404399999998776,-0.00221651999999941,3.8646825702936134,1.0,0.0,0.0,0.0,0.49,3318.18,1.47
43.820485600000005,44.4435319,0.017390499999973663,0.06436850000004246,3.847210000000012,0.03688528770298593,-0.01457538311298647,3.8601708499409435,0.06207956000000015,0.014204399999998774,-0.0010165199999994101,3.8603745876502202,1.0,0.0,0.0,0.0,0.98,3316.72,0.0
43.9396426,44.5626889,0.10739049999997352,0.014368500000042417,3.8172100000000126,0.05374006800478594,-0.0076561387754735,3.8499007484301093,0.061679560000000154,0.014204399999998774,-0.00221651999999941,3.8502834160789807,1.0,0.49,0.49,0.0,0.0,3318.67,0.49
44.0496653,44.6727116,0.042390499999973574,0.004368500000042408,3.807210000000012,0.0510268717883748,-0.004781562014877241,3.8396952166365477,0.06207956000000015,0.014604399999998775,-0.0006165199999994125,3.8400372344082023,1.0,0.49,0.98,0.0,0.49,3317.69,0.98
44.1596756,44.7827219,-0.012609500000026586,0.09436850000004249,3.8172100000000126,0.035814137427982035,0.018920976531237033,3.834319963175133,0.06247956000000015,0.013004399999998775,-0.003816519999999414,3.8345339007232626,1.0,0.0,0.0,0.49,0.0,3318.67,0.98
44.2696424,44.8926887,0.012390499999973326,-0.010631499999957494,3.9172100000000123,0.030214547697578868,0.011856243540869647,3.8541354252434763,0.06327956000000015,0.014204399999998774,-0.0018165199999994122,3.8542720928237775,1.0,0.0,0.0,0.0,0.0,3320.14,1.47
44.379645000000004,45.0026913,-0.07760950000002653,-0.01563149999995761,3.967210000000012,0.0044384302165229005,0.005285099886676855,3.881166719145733,0.06367956000000015,0.013404399999998776,-0.003816519999999414,3.881172855432756,1.0,0.0,0.49,0.0,0.98,3323.56,0.98
44.489648800000005,45.1126951,-0.12260950000002646,-0.04063149999995752,3.9372100000000128,-0.025933295246529858,-0.0056915949998648015,3.894564270268791,0.06367956000000015,0.013004399999998775,-0.004216519999999412,3.894654771004776,1.0,0.0,0.49,0.0,0.0,3323.07,0.49
44.5996501,45.2226964,-0.17260950000002673,0.009368500000042301,3.977210000000013,-0.060997301524653644,-0.002091370501873801,3.914321328961616,0.06447956000000014,0.012604399999998774,-0.0034165199999994095,3.9147971225834546,1.0,0.0,0.98,0.0,0.49,3324.54,1.47
44.7096698,45.3327161,-0.12760950000002635,0.009368500000042301,4.027210000000013,-0.07692142875078037,0.0006481943232522866,3.9413081812371553,0.06487956000000014,0.013804399999998775,-0.003016519999999412,3.9420587902571764,1.0,0.49,0.0,0.0,0.0,3326.0,0.49
44.820485,45.4435313,-0.0326095000000266,-0.010631499999957494,4.077210000000012,-0.06632834209079054,-0.0020482980848314848,3.9737964927142464,0.06487956000000014,0.015004399999998775,-0.0018165199999994122,3.974350539396041,1.0,0.0,0.0,0.0,0.0,3329.91,1.47
44.9309983,45.5540446,-0.06260950000002641,0.01936850000004231,4.097210000000012,-0.06543932602552589,0.0030715422039691493,4.003299383122039,0.06567956000000015,0.014204399999998774,-0.003816519999999414,4.003835372573088,1.0,0.49,0.98,0.0,0.49,3333.82,0.49
45.0428366,45.6658829,-0.1326095000000267,0.05436850000004245,4.087210000000012,-0.08149684132531695,0.015334450514373082,4.023358822224347,0.06567956000000015,0.013004399999998775,-0.003816519999999414,4.024213350816414,1.0,0.49,0.49,0.0,0.0,3339.2,0.49
45.152974900000004,45.7760212,0.022390499999973557,0.04436850000004244,4.1172100000000125,-0.05666182193979708,0.02227524977459253,4.045794624215991,0.06567956000000015,0.014204399999998774,-0.003016519999999412,4.046252697268557,1.0,0.0,0.49,0.0,0.49,3338.71,1.96
45.263817,45.8868633,-0.0026095000000263546,0.034368500000042435,4.1572100000000125,-0.0437402239271644,0.025166228597917915,4.07242927461846,0.06647956000000015,0.014604399999998775,-0.0018165199999994122,4.072741919520617,1.0,0.0,0.0,0.0,0.49,3340.18,1.47
45.3743969,45.9974432,0.042390499999973574,0.034368500000042435,4.147210000000013,-0.023150052197564122,0.02736609805022184,4.090306147207768,0.06647956000000015,0.015004399999998775,-0.0026165199999994143,4.090463201903288,1.0,0.0,1.96,0.0,0.0,3340.66,0.0
45.4854265,46.1084728,0.06239049999997359,-0.05063149999995753,4.137210000000012,-0.002700965283095597,0.008720208812043528,4.101518852032926,0.06687956000000014,0.015004399999998775,-0.0010165199999994101,4.1015290113367096,1.0,0.0,0.0,0.0,0.49,3345.06,0.0
45.6046922,46.2277385,0.022390499999973557,0.04436850000004244,4.187210000000013,0.003297330743798887,0.01724219032991191,4.1220039399539505,0.06727956000000014,0.015404399999998776,-0.0014165199999994146,4.1220413203306565,1.0,0.49,0.0,0.49,0.0,3347.51,2.44
45.714697,46.3377433,0.08239049999997361,0.009368500000042301,4.277210000000013,0.02220512419275026,0.015359927780082957,4.159107069756116,0.06887956000000015,0.016204399999998773,-0.0006165199999994125,4.159194707226043,1.0,0.0,0.0,0.0,0.0,3352.88,1.96
45.8255033,46.4485496,-0.11760950000002657,-0.055631499999957645,4.357210000000013,-0.011218571686946732,-0.0016110858451722342,4.206465006249363,0.07087956000000015,0.013004399999998775,-0.005416519999999411,4.206480274617813,1.0,0.0,0.98,0.0,0.0,3362.17,0.98
45.935518200000004,46.5585645,-0.07760950000002653,0.01936850000004231,4.477210000000013,-0.02708980268240782,0.0034042356994868485,4.2711885527618865,0.07327956000000015,0.014604399999998775,-0.0034165199999994095,4.271275816366142,1.0,0.49,0.98,0.0,0.49,3366.08,1.96
46.046351900000005,46.6693982,-0.09260950000002666,-0.04063149999995752,4.507210000000012,-0.04275275961497044,-0.007122825016476391,4.327611184651209,0.07367956000000014,0.015804399999998775,-0.003816519999999414,4.3278282196280795,1.0,0.0,0.0,0.98,0.0,3370.97,1.47
46.1563678,46.7794141,-0.07760950000002653,-0.08063149999995756,4.607210000000013,-0.0510855151955405,-0.02469560476932785,4.394451301173332,0.07527956000000015,0.015804399999998775,-0.004616519999999409,4.394817611817549,1.0,0.49,0.0,0.49,0.0,3375.86,2.93
46.2663713,46.8894176,0.03239049999997334,-0.1156314999999577,4.6172100000000125,-0.031129970764817334,-0.04643448740971465,4.447703377249967,0.07527956000000015,0.016604399999998777,-0.003016519999999412,4.448054694886472,1.0,0.0,0.0,0.0,0.0,3377.32,2.93
46.3763298,46.9993761,-0.05260950000002662,-0.04063149999995752,4.637210000000012,-0.03626480738825107,-0.04504724135089033,4.4930063043404305,0.07447956000000014,0.015804399999998775,-0.003016519999999412,4.493378466260224,1.0,0.0,0.49,0.49,0.0,3381.72,1.47
46.4871727,47.110219,-0.05260950000002662,0.02936850000004232,4.547210000000012,-0.040172124224792265,-0.027257620830605286,4.505964089334249,0.07407956000000014,0.015404399999998776,-0.003016519999999412,4.506225599304578,1.0,0.0,0.0,0.0,0.0,3380.74,1.96
46.597169300000004,47.2202156,-0.10760950000002634,-0.12063149999995759,4.637210000000012,-0.05629351604521041,-0.04957932114259052,4.537339372348263,0.07607956000000014,0.015004399999998775,-0.005816519999999409,4.537959414637312,1.0,0.0,0.0,0.0,0.0,3381.72,1.47
46.7071875,47.3302338,-0.057609500000026514,-0.09563149999995768,4.627210000000012,-0.056608111515764954,-0.06058842716145555,4.55882359507884,0.07567956000000015,0.015804399999998775,-0.005016519999999414,4.559577612766652,1.0,0.0,1.47,0.49,0.49,3382.7,2.44
46.8177162,47.4407625,0.007390499999973432,-0.15063149999995762,4.627210000000012,-0.041308781131873515,-0.08211387415960283,4.575171859172012,0.07527956000000015,0.016204399999998773,-0.003016519999999412,4.576095130642236,1.0,0.0,1.47,0.0,0.49,3381.72,1.47
46.928531,47.5515773,-0.012609500000026586,-0.09063149999995757,4.567210000000013,-0.03444801066487158,-0.08415007414475269,4.573268519223574,0.07447956000000014,0.015404399999998776,-0.0026165199999994143,4.5741723676899975,1.0,0.0,0.0,0.0,0.49,3382.21,1.47
47.039350500000005,47.6623968,0.017390499999973663,-0.0006314999999577076,4.607210000000013,-0.022055640229220626,-0.0641843556897746,4.581382475383225,0.07407956000000014,0.016604399999998777,-0.0014165199999994146,4.581885143533146,1.0,0.0,0.49,0.0,0.0,3383.68,2.44
47.158876400000004,47.7819227,0.0873904999999735,-0.010631499999957494,4.637210000000012,0.004108250188876578,-0.05138215869214307,4.594728448419171,0.07407956000000014,0.018204399999998774,-0.0006165199999994125,4.595017575446684,1.0,0.0,0.49,0.0,0.49,3387.1,2.44
47.2615177,47.884564,0.002390499999973539,0.014368500000042417,4.6172100000000125,0.003697609597860682,-0.03566398877461524,4.600102825722548,0.07407956000000014,0.017804399999998777,-0.0010165199999994101,4.600242558782376,1.0,0.0,0.0,0.0,0.49,3388.07,2.44
47.3805416,48.0035879,0.15739049999997334,0.02936850000004232,4.747210000000012,0.04043900526609153,-0.020117502563652356,4.635269858378532,0.07607956000000014,0.020204399999998776,-0.0006165199999994125,4.6354899079869485,1.0,0.0,0.98,0.49,0.49,3387.59,3.42
47.490521300000005,48.1135676,-0.11760950000002657,0.01936850000004231,4.9072100000000125,0.0026563684013540985,-0.010678088419290991,4.7002791136228605,0.07607956000000014,0.021804399999998773,-0.00221651999999941,4.700291993464308,1.0,0.0,0.49,0.0,0.0,3400.78,1.47
47.6005338,48.2235801,-0.06260950000002641,0.15436850000004232,5.047210000000012,-0.012945908895220471,0.028777490774650798,4.783215448104977,0.07767956000000015,0.021404399999998776,-0.0026165199999994143,4.783319533913923,1.0,0.0,1.47,0.0,0.98,3411.53,3.42
47.7105221,48.3335684,-0.0026095000000263546,0.01936850000004231,5.067210000000013,-0.010474915682630544,0.02652820356309431,4.851106397201566,0.07927956000000015,0.022604399999998775,-0.0006165199999994125,4.851190240179496,1.0,0.0,0.49,0.49,0.0,3422.78,2.93
47.8205274,48.4435737,0.16739049999997357,0.08936850000004237,5.097210000000012,0.03204509676681376,0.041550630360183735,4.90993924120715,0.07927956000000015,0.026204399999998775,-0.00221651999999941,4.910219617843581,1.0,0.0,0.0,0.0,0.49,3429.62,3.91
47.9305387,48.553585,0.28739049999997324,0.1293685000000424,5.147210000000013,0.09308725992548451,0.0625441264596937,4.9666605300481725,0.07927956000000015,0.02780439999999878,0.0005834800000005871,4.967926511780688,1.0,0.0,0.0,0.0,0.49,3437.44,1.96
48.040550700000004,48.663597,0.09739049999997329,-0.0006314999999577076,5.147210000000013,0.09411598055022205,0.04744153659838351,5.009822185059241,0.08047956000000014,0.025404399999998772,-0.0018165199999994122,5.010930736210739,1.0,0.0,0.49,0.49,0.0,3440.86,1.96
48.1505134,48.7735597,0.03239049999997334,0.03936850000004233,5.127210000000012,0.07936005854384405,0.04551161888307659,5.0378845901847065,0.07967956000000015,0.025404399999998772,-0.0010165199999994101,5.0387151606700264,1.0,0.0,0.0,0.0,0.49,3442.33,1.96
48.2622256,48.8852719,-0.0326095000000266,0.1443685000000423,5.097210000000012,0.05259292674943192,0.06914407041771028,5.052066757944719,0.07927956000000015,0.025004399999998775,-0.0026165199999994143,5.052813616703872,1.0,0.0,0.0,0.0,0.0,3447.7,1.96
48.3723841,48.9954304,-0.19260950000002675,0.004368500000042408,5.192210000000013,-0.0060244846118968215,0.05365900239586397,5.085569012298258,0.08167956000000015,0.019804399999998775,-0.006616519999999411,5.085855656799674,1.0,0.0,0.49,0.0,0.0,3451.61,2.93
48.4828186,49.1058649,-0.22760950000002644,0.034368500000042435,5.172210000000012,-0.05899598318431472,0.049047468451063544,5.1062811662691265,0.08167956000000015,0.017404399999998776,-0.00781651999999941,5.106857500380066,1.0,0.49,0.98,0.0,0.49,3456.01,2.44
48.5935865,49.2166328,-0.37760950000002635,-0.005631499999957601,5.162210000000012,-0.13516284591911606,0.03597606606326601,5.119651357980615,0.08207956000000015,0.017404399999998776,-0.008616519999999413,5.1215616075098715,1.0,0.0,0.98,0.49,0.49,3459.43,2.93
48.7043989,49.3274452,-0.32760950000002653,0.09936850000004238,5.2422100000000125,-0.18116860873686502,0.051130485318115745,5.148949886671268,0.08207956000000015,0.019804399999998775,-0.008616519999999413,5.152389865564579,1.0,0.0,0.49,0.0,0.0,3463.83,1.96
48.8152341,49.4382804,-0.25260950000002635,0.06936850000004235,5.312210000000013,-0.19824706985450943,0.055490414472148086,5.187978396090004,0.08247956000000015,0.022204399999998774,-0.007416519999999413,5.1920613368007125,1.0,0.0,0.0,0.0,0.98,3467.74,2.44
48.9347778,49.5578241,-0.2976095000000267,-0.005631499999957601,5.287210000000012,-0.22200037653630772,0.040878779296676555,5.211700427815166,0.08207956000000015,0.021804399999998773,-0.007416519999999413,5.216586680106814,1.0,0.49,0.98,0.49,0.0,3465.3,2.93
49.0450601,49.6681064,-0.4326095000000265,-0.010631499999957494,5.252210000000012,-0.272348008858625,0.028564874940612106,5.221384533671332,0.08207956000000015,0.019804399999998775,-0.009416519999999415,5.228560589538178,1.0,0.49,0.49,0.0,0.49,3469.21,2.44
49.1478124,49.7708587,-0.34260950000002666,-0.010631499999957494,5.2422100000000125,-0.2891445258576354,0.01919469837171598,5.226363011832264,0.08207956000000015,0.020604399999998774,-0.009416519999999415,5.234390444428791,1.0,0.0,0.49,0.0,0.0,3472.63,2.93
49.2594103,49.8824566,-0.4026095000000267,0.009368500000042301,5.352210000000013,-0.316269147553174,0.016845674670335806,5.256447643423413,0.08247956000000015,0.022204399999998774,-0.00901651999999941,5.265980609392771,1.0,0.49,0.0,0.0,0.49,3477.03,1.96
49.370234,49.9932803,-0.37260950000002646,0.12436850000004229,5.472210000000012,-0.3297377157863662,0.04254978276843242,5.308027193346314,0.08247956000000015,0.023404399999998778,-0.008616519999999413,5.318429291673398,1.0,0.0,0.0,0.0,0.0,3478.01,2.44
49.4811372,50.1041835,-0.17260950000002673,0.1143685000000425,5.437210000000013,-0.2921750807695827,0.05971856591310222,5.338909276443184,0.08287956000000014,0.025404399999998772,-0.0070165199999994085,5.347231512383629,1.0,0.0,1.47,0.0,0.0,3477.03,2.44
49.5919191,50.2149654,-0.24260950000002657,0.04936850000004234,5.4472100000000125,-0.2803260706441613,0.0572443078917385,5.364799346731708,0.08327956000000014,0.024204399999998773,-0.00781651999999941,5.372423256535337,1.0,0.0,0.49,0.0,0.0,3483.38,2.93
49.702812200000004,50.3258585,-0.2626095000000266,0.1143685000000425,5.522210000000013,-0.2760907964540718,0.07090025865815323,5.402429500468774,0.08367956000000014,0.025004399999998775,-0.007416519999999413,5.40994431414037,1.0,0.0,0.98,0.0,0.0,3485.34,3.91
49.8223238,50.4453701,-0.12260950000002646,0.06936850000004235,5.547210000000012,-0.23939998384759875,0.07053408068610362,5.43704032471968,0.08367956000000014,0.027404399999998774,-0.005816519999999409,5.442765372623769,1.0,0.49,0.0,0.0,0.0,3487.78,4.4
49.9330854,50.5561317,-0.04760950000002673,0.18936850000004246,5.687210000000013,-0.19355108326404763,0.09894230703668218,5.496845192723784,0.08647956000000015,0.027404399999998774,-0.005416519999999411,5.501141579229261,1.0,0.0,0.98,0.0,0.98,3492.18,2.93
50.0430826,50.6661289,0.02739049999997345,0.15936850000004243,5.777210000000013,-0.14073340178880103,0.11338762495986678,5.563868425149385,0.08687956000000015,0.030604399999998776,-0.0018165199999994122,5.566802897197582,1.0,0.98,0.98,0.49,0.98,3501.47,3.91
50.1539239,50.7769702,0.017390499999973663,0.1293685000000424,5.687210000000013,-0.1029327408406874,0.11720796857784051,5.5933541195889465,0.08647956000000015,0.02780439999999878,-0.0034165199999994095,5.595528854733729,1.0,0.49,0.0,0.98,0.0,3504.89,2.93
50.2642496,50.8872959,-0.2676095000000265,0.06436850000004246,5.642210000000013,-0.14229990967852496,0.1045763119225679,5.605033470717071,0.08767956000000014,0.023404399999998778,-0.008216519999999415,5.607814697114064,1.0,0.49,0.98,0.0,0.0,3504.89,3.91
50.3747197,50.997766,-0.13760950000002659,0.1343685000000423,5.6172100000000125,-0.14117863336318642,0.11169834968965639,5.607944358000665,0.08607956000000015,0.026204399999998775,-0.007416519999999413,5.610833079879777,1.0,0.0,1.47,0.0,0.0,3505.38,2.93
50.4855995,51.1086458,0.022390499999973557,0.15436850000004232,5.677210000000012,-0.10207625047298301,0.12189895735390799,5.624502810068641,0.08607956000000015,0.028604399999998774,-0.003016519999999412,5.626749574770912,1.0,0.0,0.49,0.49,0.0,3506.84,4.4
50.595593,51.2186393,0.16239049999997324,0.16436850000004233,5.677210000000012,-0.038853563367577414,0.1320516083069086,5.6371028445579565,0.08567956000000014,0.030604399999998776,0.0005834800000005871,5.638783176073204,1.0,0.98,0.98,0.0,0.0,3506.84,3.91
50.7064496,51.3294959,-0.0026095000000263546,0.03936850000004233,5.647210000000013,-0.030189158206560804,0.10989504175946042,5.639519033076536,0.08607956000000015,0.027404399999998774,-0.003816519999999414,5.6406704592547365,1.0,0.0,2.44,0.0,0.98,3505.38,3.91
50.816459800000004,51.4395061,-0.022609500000026372,0.17936850000004245,5.487210000000013,-0.028377186159788712,0.12650317380108705,5.603108458498434,0.08407956000000015,0.026204399999998775,-0.0026165199999994143,5.604608167871577,1.0,0.0,1.47,0.0,0.0,3503.42,3.91
50.9273078,51.5503541,-0.01760950000002648,0.1293685000000424,5.457210000000012,-0.025803093001724717,0.12718815072694828,5.568230378080722,0.08327956000000014,0.026204399999998775,-0.0034165199999994095,5.569742558563616,1.0,0.0,0.0,0.0,0.49,3493.16,1.96
51.0372815,51.6603278,-0.06260950000002641,0.1293685000000424,5.607210000000013,-0.034601930469823725,0.12770937897067575,5.577548738274142,0.08527956000000014,0.028604399999998774,-0.004216519999999412,5.579117932692657,1.0,0.0,0.98,0.0,0.0,3499.51,3.91
51.1473237,51.77037,0.02739049999997345,0.20436850000004236,5.857210000000013,-0.019782192156835375,0.14603529560839185,5.644403783053791,0.08767956000000014,0.031004399999998773,-0.004616519999999409,5.64632727610098,1.0,0.98,0.98,0.49,0.0,3509.78,3.42
51.258087,51.8811333,0.17239049999997347,0.2193685000000425,6.097210000000012,0.02615807808396283,0.16356612784873498,5.752650380110613,0.09167956000000015,0.03340439999999877,-0.0018165199999994122,5.755034710496129,1.0,0.0,1.47,0.49,0.0,3517.11,3.91
51.368596600000004,51.9916429,-0.022609500000026372,0.1343685000000423,6.087210000000012,0.014499836264986923,0.15658622399920838,5.83262927397362,0.09247956000000014,0.029804399999998774,-0.004616519999999409,5.834748815365755,1.0,0.98,1.47,0.0,0.0,3523.95,4.4
51.4805196,52.1035659,-0.12760950000002635,0.07436850000004247,6.402210000000013,-0.019472427111684842,0.13693148316837792,5.968791660959649,0.09687956000000014,0.030204399999998778,-0.007416519999999413,5.970393898097659,1.0,0.0,1.96,0.0,0.0,3529.32,2.93
51.590608,52.2136543,-0.24260950000002657,0.3643685000000425,7.527210000000013,-0.07281495624098759,0.191301944958453,6.341342822314619,0.11047956000000014,0.031804399999998775,-0.007416519999999413,6.344645556854882,1.0,0.98,1.47,0.0,0.0,3544.97,4.4
51.7016258,52.3246721,0.5423904999999736,0.5793685000000424,8.792210000000011,0.07425435207812334,0.2840720581828597,6.9272403252506525,0.12447956000000016,0.04620439999999877,0.005383480000000589,6.933460115037914,1.0,0.49,3.91,0.0,0.98,3584.56,4.89
51.8206112,52.4436575,0.30739049999997325,0.5243685000000424,9.447210000000013,0.12998723232361148,0.3415166584072027,7.529657279279363,0.13687956000000015,0.045404399999998776,0.0013834800000005892,7.538519022456696,1.0,0.0,1.47,0.49,0.49,3613.39,3.91
51.9306097,52.553656,0.3523904999999736,0.42436850000004234,9.182210000000012,0.18315434001626735,0.36132298962941944,7.92471194456513,0.13407956000000015,0.04380439999999877,0.00298348000000059,7.935058866790768,1.0,0.0,2.44,0.0,0.0,3626.59,4.4
52.0413999,52.6644462,0.1873904999999736,0.3693685000000424,8.352210000000014,0.18416702466074286,0.36324632700115156,8.026908442796362,0.12287956000000014,0.03820439999999878,-0.0010165199999994101,8.037233637022613,1.0,0.0,1.47,0.0,0.0,3618.77,4.4
52.1522463,52.7752926,-0.0376095000000265,0.30936850000004235,7.612210000000013,0.131149744413312,0.3503664432640894,7.92777178442579,0.11327956000000015,0.03260439999999878,-0.0034165199999994095,7.936593876844328,1.0,1.47,1.47,0.0,0.49,3598.73,4.4
52.2622878,52.8853341,-0.07260950000002664,0.3343685000000425,7.182210000000013,0.08243962515884763,0.346542019363905,7.749539854210734,0.10887956000000015,0.030204399999998778,-0.004616519999999409,7.75772232133773,1.0,0.49,1.47,0.49,1.96,3576.73,4.4
52.372304,52.9953503,-0.36760950000002657,0.19436850000004235,7.017210000000013,-0.025147869190051977,0.3101638403177127,7.574471112495898,0.10687956000000015,0.025804399999998777,-0.008216519999999415,7.580860548592111,1.0,0.0,0.98,0.0,0.98,3565.49,2.93
52.4826628,53.1057091,-0.08760950000002676,0.19936850000004247,6.852210000000013,-0.04007977323368037,0.2836774138723691,7.4018093762206645,0.10487956000000015,0.02780439999999878,-0.005416519999999411,7.407351841601148,1.0,0.0,1.47,0.49,0.49,3554.74,4.89
52.5931388,53.2161851,0.04739049999997347,0.15436850000004232,6.792210000000012,-0.019169372565974785,0.25276518393393704,7.256080241826548,0.10407956000000014,0.02900439999999878,-0.004216519999999412,7.260506743945586,1.0,0.0,1.96,0.49,0.49,3550.34,4.4
52.7031522,53.3261985,0.0923904999999734,0.17936850000004245,6.752210000000012,0.007499820836002974,0.235219176450469,7.13562642075545,0.10407956000000014,0.028604399999998774,-0.004216519999999412,7.139506196150113,1.0,0.49,2.93,0.0,0.49,3547.41,4.4
52.8139618,53.4370081,0.017390499999973663,0.2593685000000423,6.652210000000013,0.00986425913656589,0.2409922466903062,7.020062233361839,0.10327956000000015,0.026204399999998775,-0.0034165199999994095,7.0242044622039845,1.0,0.0,1.47,0.98,0.49,3542.03,4.4
52.923951,53.5469973,-0.0026095000000263546,0.12436850000004229,6.5722100000000125,0.006882316909383692,0.2131124975994555,6.912999921866515,0.10287956000000015,0.025804399999998777,-0.005816519999999409,6.91628745951508,1.0,0.0,1.96,0.49,0.0,3531.28,4.89
53.0339468,53.6569931,-0.09760950000002655,0.1443685000000423,6.402210000000013,-0.018097206731016287,0.19667874839343996,6.7908919012967885,0.09967956000000015,0.026204399999998775,-0.004616519999999409,6.793763526504245,1.0,0.0,1.47,0.0,1.47,3517.6,3.91
53.144792800000005,53.7678391,0.042390499999973574,0.2493685000000423,6.432210000000013,-0.003637183497328311,0.2092746141252511,6.705146401813378,0.09967956000000015,0.028204399999998776,-0.00221651999999941,6.708412432384577,1.0,0.0,1.96,0.49,0.49,3512.22,3.91
53.2553069,53.8783532,-0.06260950000002641,0.21436850000004237,6.432210000000013,-0.01773494175035409,0.2104923443398684,6.639898983373584,0.09927956000000014,0.02780439999999878,-0.003016519999999412,6.643258241600287,1.0,0.49,2.44,0.0,0.49,3518.57,4.4
53.3661584,53.9892047,-0.10760950000002634,0.18936850000004246,6.472210000000012,-0.039220104118757815,0.20544253676000526,6.599811720578199,0.10047956000000015,0.024604399999998777,-0.004216519999999412,6.603124987425184,1.0,0.0,2.93,0.0,0.49,3521.02,3.91
53.476929,54.0999753,-0.022609500000026372,0.20936850000004248,6.472210000000012,-0.03524921921563761,0.20638106663216615,6.56930760752883,0.09927956000000014,0.027404399999998774,-0.003016519999999412,6.572643158916792,1.0,0.49,2.44,0.49,0.98,3520.04,3.91
53.596465200000004,54.2195115,0.03739049999997324,0.2693685000000423,6.502210000000012,-0.017884169616093723,0.22143866757545386,6.553267439762071,0.10007956000000015,0.027004399999998777,-0.0034165199999994095,6.557032031648632,1.0,0.0,2.44,0.49,0.0,3519.06,4.89
53.7064643,54.3295106,-0.12760950000002635,0.1293685000000424,6.642210000000013,-0.04411480245744215,0.19942862893750518,6.574529801273379,0.10287956000000015,0.026204399999998775,-0.004616519999999409,6.577701726413834,1.0,0.0,2.44,0.0,0.0,3525.9,3.42
53.817286700000004,54.440333,0.02739049999997345,0.2643685000000424,6.682210000000013,-0.02702094337852985,0.2149529742153514,6.600271530618816,0.10287956000000015,0.02780439999999878,-0.004216519999999412,6.603826102374466,1.0,0.49,3.42,0.0,1.47,3528.84,4.89
53.928116700000004,54.551163,0.16739049999997357,0.2493685000000423,6.682210000000013,0.0194545165136817,0.22318025425854165,6.619859513615994,0.10287956000000015,0.029804399999998774,-0.0010165199999994101,6.623649136549722,1.0,0.0,3.42,0.0,0.0,3532.75,4.89
54.0397775,54.6628238,0.19239049999997349,0.18936850000004246,6.762210000000012,0.060796112588298444,0.21509731016009798,6.653889425670589,0.10367956000000014,0.031804399999998775,-0.0006165199999994125,6.657642789245668,1.0,0.0,2.44,0.0,0.49,3533.72,4.89
54.149778600000005,54.7728249,0.14239049999997366,0.16436850000004233,6.792210000000012,0.08030184030514842,0.2029702216461614,6.686955958138017,0.10447956000000015,0.031004399999998773,-0.0006165199999994125,6.690517564621516,1.0,0.0,1.47,0.49,0.49,3536.17,4.4
54.259802,54.8828483,0.16739049999997357,0.14936850000004243,6.762210000000012,0.10112101349976937,0.19015634288868727,6.704945980451028,0.10367956000000014,0.030604399999998776,-0.0026165199999994143,6.70840409448316,1.0,0.98,2.93,0.0,0.49,3533.72,3.91
54.3698053,54.9928516,0.25739049999997343,0.19936850000004247,6.732210000000013,0.13847836307757608,0.1923585755911933,6.7114636412688755,0.10407956000000014,0.031804399999998775,-0.0014165199999994146,6.715647570169104,1.0,0.49,3.42,0.49,1.47,3535.68,4.4
54.479812100000004,55.1028584,0.28239049999997334,0.21436850000004237,6.722210000000012,0.17288159897412558,0.19762020701225386,6.714032635951066,0.10367956000000014,0.03220439999999877,-0.00021651999999940802,6.719164831294097,1.0,0.49,2.44,0.0,0.98,3534.21,4.89
54.5897053,55.2127516,0.2073904999999736,0.19436850000004235,6.712210000000012,0.18113120104322084,0.19684286296191916,6.713596921660954,0.10407956000000014,0.030204399999998778,-0.00221651999999941,6.718923965280887,1.0,0.0,3.42,0.0,0.0,3536.66,3.42
54.6998322,55.3228785,0.16239049999997324,0.2443685000000424,6.712210000000012,0.17665110108330415,0.2082042098025822,6.713265368019323,0.10447956000000015,0.030604399999998776,-0.00021651999999940802,6.718815855933327,1.0,0.49,3.91,0.98,0.0,3537.15,4.4
54.8123008,55.4353471,0.26739049999997366,0.009368500000042301,6.6172100000000125,0.19834300986042586,0.1606710970625265,6.690302638427724,0.10247956000000015,0.033004399999998775,-0.0006165199999994125,6.6951702401615405,1.0,0.0,3.42,1.47,0.0,3535.19,4.89
54.922367,55.5454133,0.27739049999997345,0.13936850000004242,6.6572100000000125,0.21723988338657935,0.15557855735307186,6.682391604163243,0.10367956000000014,0.031004399999998773,0.0005834800000005871,6.687731708571545,1.0,0.0,3.91,0.0,1.47,3533.24,4.89
55.0323236,55.6553699,0.19739049999997338,0.09436850000004249,6.637210000000012,0.2124947449037932,0.14094585098520565,6.671590615313704,0.10527956000000015,0.030204399999998778,-0.0010165199999994101,6.67646171919405,1.0,0.49,3.91,0.0,0.0,3531.28,4.89
55.1423469,55.7653932,0.2223904999999733,0.08436850000004248,6.6972100000000125,0.2148603966426173,0.1274206265394451,6.677715114287427,0.10567956000000014,0.03140439999999878,0.00018348000000058956,6.68238581299343,1.0,0.49,4.4,0.98,0.49,3537.63,4.4
55.2614293,55.8844756,0.40739049999997334,0.04436850000004244,6.727210000000013,0.26088610861270567,0.10756641575397195,6.689547224248805,0.10527956000000015,0.034204399999998775,0.0037834800000005886,6.69549655820389,1.0,0.0,2.93,0.49,0.49,3539.1,4.89
55.3715348,55.9945811,0.29739049999997347,0.05436850000004245,6.667210000000012,0.26961274706734384,0.09484906971196226,6.68420734943672,0.10567956000000014,0.03260439999999878,-0.00021651999999940802,6.69031503515868,1.0,0.0,4.89,0.0,0.98,3537.63,4.89
55.4815392,56.1045855,0.19739049999997338,0.06936850000004235,6.627210000000012,0.25234749720049304,0.0887577554606121,6.6705817213272125,0.10527956000000015,0.030204399999998778,-0.0018165199999994122,6.675943206723861,1.0,0.0,3.91,0.49,0.49,3535.68,4.89
55.5915053,56.2145516,0.10739049999997352,0.04436850000004244,6.597210000000012,0.21769447990679452,0.07814618329206273,6.6530416813351945,0.10527956000000015,0.029804399999998774,-0.0006165199999994125,6.657061012648783,1.0,0.0,3.91,0.0,0.0,3537.15,4.4
55.701491000000004,56.3245373,0.2923904999999736,0.004368500000042408,6.6172100000000125,0.23555110308503807,0.060509095159843686,6.644475859077903,0.10527956000000015,0.03220439999999877,0.00018348000000058956,6.6489251097174105,1.0,0.0,3.91,1.96,0.98,3536.17,4.4
55.8115065,56.4345528,0.16239049999997324,-0.02563149999995762,6.567210000000013,0.2180615324338389,0.039916563640769294,6.6260048973268475,0.10447956000000015,0.030604399999998776,-0.0014165199999994146,6.629712291146551,1.0,0.98,3.42,0.98,1.47,3533.72,4.4
55.9214888,56.5445351,0.16739049999997357,-0.045631499999957637,6.557210000000013,0.20594825610271195,0.01946568106154665,6.609558980173311,0.10567956000000014,0.028604399999998774,-0.0018165199999994122,6.6127954383392655,1.0,0.98,3.91,0.0,1.47,3529.81,4.89
56.0323299,56.6553762,0.2173904999999734,0.1043685000000425,6.587210000000012,0.20868360716066758,0.039762313233704424,6.604216295022552,0.10527956000000015,0.029804399999998774,-0.0010165199999994101,6.607632159926329,1.0,2.44,4.89,0.0,1.96,3533.24,4.89
56.1423419,56.7653882,0.10739049999997352,0.01936850000004231,6.527210000000013,0.18446875819193212,0.03488702486323025,6.5858073839339175,0.10527956000000015,0.029404399999998776,-0.00021651999999940802,6.588482733189121,1.0,0.49,3.91,0.0,0.98,3530.79,4.89
56.2523693,56.8754156,0.3373904999999735,0.04936850000004234,6.507210000000012,0.22102580521827297,0.038348926103223754,6.567018111547615,0.10447956000000015,0.031804399999998775,0.0013834800000005892,6.570848493467191,1.0,0.49,3.91,0.0,1.96,3526.39,4.89
56.3628729,56.9859192,0.27739049999997345,0.014368500000042417,6.567210000000013,0.23450019266245015,0.03261623201799595,6.567063983868287,0.10447956000000015,0.03220439999999877,0.0013834800000005892,6.571330422918162,1.0,0.49,4.89,0.49,2.93,3528.35,4.89
56.4823576,57.1054039,0.23739049999997341,0.06936850000004235,6.437210000000013,0.23519114150994005,0.04140212716317995,6.536021451009951,0.10327956000000015,0.03220439999999877,0.0005834800000005871,6.540382665963866,1.0,0.49,2.93,0.0,0.98,3526.39,2.93
56.592454000000004,57.2155003,0.2223904999999733,0.034368500000042435,6.4472100000000125,0.23213105569013165,0.03972068778164758,6.514790432106678,0.10287956000000015,0.03260439999999878,0.0017834800000005903,6.519045707334961,1.0,0.98,4.4,0.49,1.47,3524.93,4.4
56.7031976,57.3262439,0.15239049999997345,0.06936850000004235,6.377210000000012,0.21306849983766896,0.046808211456708076,6.4819008359841,0.10167956000000014,0.031004399999998773,-0.0010165199999994101,6.485570725989674,1.0,0.0,3.91,0.49,1.47,3522.97,4.4
56.8131617,57.436208,0.15739049999997334,0.18936850000004246,6.427210000000012,0.19975827178027308,0.0808882782330162,6.468826596576796,0.10087956000000015,0.030604399999998776,-0.0006165199999994125,6.472415609127668,1.0,0.49,4.89,0.49,0.49,3522.97,4.89
56.9231508,57.5461971,0.13739049999997333,0.059368500000042346,6.337210000000012,0.1848488054156896,0.07574381979592375,6.437362698418061,0.09967956000000015,0.030604399999998776,-0.0006165199999994125,6.440461529897151,1.0,0.98,4.89,0.0,0.49,3521.99,4.89
57.033181,57.6562273,0.14239049999997366,0.10936850000004239,6.247210000000012,0.1746988408037939,0.08378204249031762,6.391905322272162,0.09847956000000015,0.029804399999998774,-0.0026165199999994143,6.394841105493805,1.0,1.96,4.4,0.98,2.44,3518.57,4.4
57.1431899,57.7662362,0.02739049999997345,0.06436850000004246,6.187210000000013,0.13948371783653551,0.07914109492214431,6.342971426843687,0.09807956000000015,0.027404399999998774,-0.00221651999999941,6.344998466682433,1.0,1.47,4.4,0.0,1.47,3515.64,4.4
57.2531646,57.8762109,0.12739049999997354,0.04936850000004234,6.207210000000012,0.13659274675600774,0.07202374104038094,6.310516677069012,0.09767956000000015,0.030604399999998776,-0.0006165199999994125,6.312405700626816,1.0,1.96,4.89,1.96,2.44,3509.29,4.89
57.3640212,57.9870675,-0.012609500000026586,0.16436850000004233,6.342210000000012,0.10092487189003335,0.09409942273227581,6.318093194855893,0.09807956000000015,0.02780439999999878,-0.003816519999999414,6.319599840971651,1.0,1.47,4.89,0.0,2.44,3515.15,4.89
57.474847000000004,58.0978933,-0.04260950000002639,0.12436850000004229,6.372210000000012,0.06661194345329166,0.10133546430516546,6.331030208044327,0.09927956000000014,0.027404399999998774,-0.00221651999999941,6.33219152604423,1.0,1.47,3.91,0.98,2.44,3521.02,4.89
57.5848673,58.2079136,0.06239049999997359,0.1143685000000425,6.362210000000013,0.06560277690171193,0.10445110563360176,6.3384839625420115,0.10007956000000015,0.028604399999998774,-0.0018165199999994122,6.339683959095089,1.0,1.47,3.91,1.96,1.47,3521.02,4.4
57.6956851,58.3187314,0.16239049999997324,0.07436850000004247,6.3672100000000125,0.08874058126518236,0.09725964145186783,6.345351129302058,0.10007956000000015,0.031004399999998773,-0.00021651999999940802,6.346716890074232,1.0,1.47,4.89,0.0,2.44,3519.06,4.89
57.8062046,58.4292509,0.11239049999997341,0.09436850000004249,6.417210000000012,0.09439426517653991,0.09656849320332869,6.362529511422911,0.10047956000000015,0.030204399999998778,-0.0014165199999994146,6.363962408351046,1.0,2.44,4.89,0.0,3.42,3521.02,4.89
57.9170539,58.5401002,0.13239049999997343,0.1043685000000425,6.457210000000012,0.10347753958108968,0.0984331411722956,6.385163566152256,0.10087956000000015,0.029804399999998774,-0.00021651999999940802,6.386760560017653,1.0,2.93,5.38,0.98,1.47,3523.95,4.4
58.0281943,58.6512406,0.15739049999997334,0.1193685000000424,6.347210000000012,0.11636582221546093,0.10343788992895026,6.376090492001776,0.10047956000000015,0.030204399999998778,0.0009834800000005882,6.3779910915466385,1.0,2.93,4.4,0.49,1.47,3524.93,4.89
58.1387819,58.7618282,0.15239049999997345,0.1193685000000424,6.387210000000012,0.12497778166809613,0.10724621734297,6.378748690711751,0.10047956000000015,0.029804399999998774,0.0009834800000005882,6.380874239185562,1.0,2.93,4.89,0.49,0.49,3523.95,5.38
58.2581829,58.8812292,0.1873904999999736,0.03936850000004233,6.4072100000000125,0.13989799283051066,0.09101955868993865,6.3855525722905275,0.10167956000000014,0.02900439999999878,-0.0026165199999994143,6.387733374362794,1.0,1.96,4.4,0.98,1.96,3523.46,5.38
58.3690489,58.9920952,0.1873904999999736,0.1343685000000423,6.387210000000012,0.15125141973675316,0.10138243624599469,6.385948792357092,0.10167956000000014,0.028604399999998774,-0.00221651999999941,6.388544229240223,1.0,1.96,4.4,1.47,4.89,3523.95,4.89
58.4800478,59.1030941,0.017390499999973663,0.01936850000004231,6.3672100000000125,0.11925099991450547,0.08177641234965331,6.381469148682392,0.10087956000000015,0.029404399999998776,0.0009834800000005882,6.383107133534777,1.0,3.42,3.91,0.98,3.91,3523.46,5.38
58.589933,59.2129793,0.07739049999997327,0.024368500000042426,6.387210000000012,0.10924394502598195,0.06805263621006959,6.382841540659544,0.10127956000000014,0.028604399999998774,-0.00221651999999941,6.384139059731475,1.0,2.93,3.42,0.98,2.44,3522.97,5.38
58.7015531,59.3245994,-0.04260950000002639,0.09936850000004238,6.352210000000013,0.07294228206234613,0.07553891966267097,6.375518849594558,0.10167956000000014,0.025804399999998777,-0.004616519999999409,6.376383560172003,1.0,3.91,4.4,1.47,2.44,3523.95,4.89
58.811739700000004,59.434786,0.15739049999997334,0.01936850000004231,6.372210000000012,0.09313023858138561,0.062110975089075746,6.37472784519714,0.10087956000000015,0.026204399999998775,-0.0006165199999994125,6.37571063607003,1.0,3.42,4.89,1.47,3.42,3523.46,4.89
58.922381800000004,59.5454281,0.12239049999997365,0.09936850000004238,6.432210000000013,0.1001251154382362,0.07101765555289748,6.3884693695314745,0.10127956000000014,0.028604399999998774,-0.0014165199999994146,6.389648615658269,1.0,3.91,4.89,0.98,3.42,3523.95,4.89
59.0323846,59.6554309,0.19739049999997338,0.01936850000004231,6.267210000000013,0.12337710822499098,0.05867055182459535,6.3594814413145,0.09887956000000014,0.028604399999998774,0.0017834800000005903,6.360948698654071,1.0,3.91,4.89,2.44,1.96,3521.99,4.89
59.1424091,59.7654554,0.2173904999999734,0.07936850000004236,6.277210000000013,0.1458516886449422,0.06361854584985563,6.339813858971409,0.09967956000000015,0.02900439999999878,-0.00021651999999940802,6.3418104513508275,1.0,3.91,5.38,1.96,3.42,3518.57,4.4
59.2523892,59.8754355,0.3873904999999733,0.14936850000004243,6.237210000000013,0.2035932862817017,0.0841176918137431,6.315285665313963,0.09807956000000015,0.03140439999999878,0.002583480000000589,6.319126446496785,1.0,2.93,4.89,1.47,3.42,3517.6,4.89
59.3623746,59.9854209,0.29739049999997347,0.024368500000042426,6.267210000000013,0.2260161877756101,0.06983421590577735,6.3037928302407735,0.09847956000000015,0.030204399999998778,0.002183480000000588,6.308229877029116,1.0,3.91,3.91,0.98,3.91,3516.62,4.89
59.473289300000005,60.0963356,0.20239049999997327,0.01936850000004231,6.207210000000012,0.2203682964500734,0.05777002197382658,6.280704006994954,0.09887956000000014,0.02900439999999878,0.00018348000000058956,6.284834316432028,1.0,4.4,4.89,1.47,3.42,3517.6,4.89
59.583281400000004,60.2063277,0.19739049999997338,-0.030631499999957512,6.257210000000012,0.21487528822602095,0.0366369995678145,6.275087594911253,0.10047956000000015,0.029804399999998774,0.00018348000000058956,6.278872349637046,1.0,4.4,4.4,3.42,4.4,3513.69,4.89
59.6932911,60.3163374,0.20239049999997327,-0.0006314999999577076,6.217210000000012,0.21189070941533458,0.02772769553300674,6.261251537762507,0.09967956000000015,0.030604399999998776,0.0005834800000005871,6.264897231157863,1.0,4.89,4.89,0.98,3.91,3516.62,4.89
59.803792200000004,60.4268385,0.22739049999997363,-0.03563149999995763,6.247210000000012,0.21559604631904547,0.012581222158689558,6.25789480672978,0.09967956000000015,0.031004399999998773,0.0005834800000005871,6.261620186056877,1.0,4.89,4.89,2.93,2.93,3516.13,4.89
59.923301800000004,60.5463481,0.15239049999997345,-0.030631499999957512,6.297210000000012,0.20048630389921135,0.002250908774783322,6.267293387678679,0.10007956000000015,0.029404399999998776,-0.0006165199999994125,6.270499679601489,1.0,4.89,4.89,2.44,3.42,3518.08,4.89
60.0333094,60.6563557,0.06739049999997349,-0.030631499999957512,6.207210000000012,0.16866879054482692,-0.005609868572537955,6.252930019835093,0.09927956000000014,0.028604399999998774,-0.0018165199999994122,6.255206988140692,1.0,3.91,4.89,1.96,3.42,3520.53,4.89
60.1433034,60.7663497,0.11739049999997331,-0.05063149999995753,6.217210000000012,0.156410344775672,-0.016372614784000587,6.244390891066,0.10087956000000015,0.027404399999998774,-0.003016519999999412,6.246370935102696,1.0,3.91,4.89,3.91,3.91,3518.57,4.89
60.2532941,60.8763404,0.07739049999997327,0.024368500000042426,6.257210000000012,0.1375200800734459,-0.0066331569969229,6.247455391656928,0.10047956000000015,0.02780439999999878,-0.0006165199999994125,6.248972286859526,1.0,4.89,4.89,3.91,3.91,3519.06,4.89
60.3632893,60.9863356,0.19739049999997338,-0.005631499999957601,6.287210000000012,0.1518325364374876,-0.006393703656218157,6.256959017953156,0.10047956000000015,0.029804399999998774,-0.00021651999999940802,6.258804210942598,1.0,4.89,4.89,3.91,3.91,3519.06,5.38
60.4740879,61.0971342,0.12739049999997354,-0.020631499999957503,6.267210000000013,0.1459894910673442,-0.009797351720486893,6.25940958926056,0.10047956000000015,0.02900439999999878,-0.0006165199999994125,6.261119494605568,1.0,4.4,5.38,2.93,4.4,3519.06,5.38
60.584085800000004,61.2071321,0.15239049999997345,-0.10563149999995769,6.217210000000012,0.14751969849108576,-0.0327071971352722,6.249321472614422,0.09927956000000014,0.028204399999998776,-0.0010165199999994101,6.2511479497982645,1.0,4.4,4.89,2.93,3.91,3519.06,5.38
60.694040900000005,61.3170872,0.22739049999997363,0.034368500000042435,6.227210000000013,0.16661339054736085,-0.016672267206352488,6.244035565361277,0.09927956000000014,0.031004399999998773,0.0013834800000005892,6.246280343364362,1.0,4.4,4.89,3.91,4.89,3519.06,5.38
60.8040459,61.4270922,0.30739049999997325,0.02936850000004232,6.287210000000012,0.20026717548104034,-0.005665889225085723,6.254356725836974,0.09807956000000015,0.03260439999999878,0.0013834800000005892,6.25756478974833,1.0,4.89,4.89,4.89,3.42,3519.06,4.89
60.9149149,61.5379612,0.2223904999999733,0.10936850000004239,6.277210000000013,0.2055559160175747,0.021833912482824673,6.259819966108804,0.09767956000000015,0.03260439999999878,0.0013834800000005892,6.263232069981006,1.0,4.89,4.89,2.44,5.38,3521.02,5.38
61.0254129,61.6484592,0.15239049999997345,0.1143685000000425,6.277210000000013,0.19284633927229972,0.04395497406265102,6.263977179329332,0.09767956000000015,0.031004399999998773,0.002183480000000588,6.26709915778219,1.0,3.42,6.35,4.4,4.89,3521.02,5.87
61.1357544,61.7588007,0.19239049999997349,0.13936850000004242,6.257210000000012,0.1927373676014447,0.06676426666815019,6.2623594362271895,0.09847956000000015,0.031004399999998773,0.0013834800000005892,6.265680399499913,1.0,4.89,4.89,4.4,4.89,3518.57,4.4
61.254941,61.8779873,0.2173904999999734,0.02936850000004232,6.207210000000012,0.19863087698594364,0.057824538513679205,6.249175565119026,0.09767956000000015,0.031004399999998773,0.0013834800000005892,6.252598911350961,1.0,3.91,4.4,3.91,5.38,3515.64,5.38
61.364907,61.9879533,0.09739049999997329,0.1343685000000423,6.247210000000012,0.17442863354637814,0.07612292543077262,6.248705682578849,0.09847956000000015,0.030204399999998778,0.00018348000000058956,6.251603214813796,1.0,4.89,4.89,3.42,2.93,3515.15,4.89
61.474935800000004,62.0979821,0.28239049999997334,0.13936850000004242,6.207210000000012,0.2002376975966025,0.09124223689296501,6.238785839909722,0.09727956000000014,0.031004399999998773,0.002183480000000588,6.242665219086322,1.0,3.91,4.89,4.89,3.91,3518.08,4.89
61.5848999,62.2079462,0.2123904999999735,0.04936850000004234,6.167210000000012,0.20314291279824165,0.08123201760913847,6.2216751183433034,0.09727956000000014,0.029404399999998776,0.00018348000000058956,6.22552061774091,1.0,5.38,4.89,4.4,4.89,3517.11,5.38
61.6949001,62.3179464,0.13739049999997333,0.02936850000004232,6.217210000000012,0.18742432354898375,0.0688336690828239,6.220607699549063,0.09847956000000015,0.02900439999999878,-0.0010165199999994101,6.223811220044056,1.0,4.89,4.89,3.91,4.89,3518.57,4.89
61.8065905,62.4296368,0.042390499999973574,0.05436850000004245,6.177210000000012,0.15275294036171494,0.065375665922835,6.210233165983777,0.09847956000000015,0.02780439999999878,-0.0014165199999994146,6.212455506027298,1.0,4.89,4.89,3.91,4.89,3515.64,5.38
61.9174717,62.540518,0.2073904999999736,0.04436850000004244,6.127210000000012,0.16581444367370046,0.06035375116140315,6.190385878428328,0.09727956000000014,0.02900439999999878,-0.0006165199999994125,6.192900316399009,1.0,4.89,4.4,3.42,4.89,3515.64,4.89
62.0274273,62.6504736,0.12239049999997365,0.07436850000004247,6.127210000000012,0.15543363626083243,0.0637040781083694,6.175283228332089,0.09687956000000014,0.02900439999999878,-0.00021651999999940802,6.177567545156304,1.0,3.42,5.38,4.4,4.89,3513.69,5.38
62.1374179,62.7604642,0.002390499999973539,0.07936850000004236,6.1172100000000125,0.11884756901363924,0.06744877131525921,6.161400403600913,0.09767956000000015,0.027404399999998774,-0.0018165199999994122,6.162915626138807,1.0,2.44,4.89,5.38,4.89,3514.17,4.89
62.2476588,62.8707051,-0.0026095000000263546,0.024368500000042426,6.1172100000000125,0.0898123793073406,0.05715012126224831,6.150836368405846,0.09847956000000015,0.026604399999998772,-0.0014165199999994146,6.151757507472247,1.0,4.4,4.89,4.4,5.87,3514.17,5.87
62.3590796,62.9821259,0.19739049999997338,-0.005631499999957601,6.137210000000012,0.11552970616137692,0.042141721189527616,6.147578886606851,0.09847956000000015,0.028204399999998776,-0.00021651999999940802,6.14880876306337,1.0,3.42,5.38,4.89,4.89,3513.2,4.89
62.4690984,63.0921447,0.11739049999997331,-0.0006314999999577076,6.177210000000012,0.11597454237014365,0.0319164736870834,6.1546624183071135,0.09847956000000015,0.029804399999998774,-0.00021651999999940802,6.155837736579201,1.0,4.89,4.89,3.42,4.89,3513.2,4.89
62.579103700000005,63.20215,0.24739049999997365,0.04436850000004244,6.077210000000012,0.14739047633927066,0.03489322052578662,6.136146858224684,0.09687956000000014,0.028204399999998776,0.0005834800000005871,6.138015946138854,1.0,4.4,4.89,4.4,4.89,3511.73,5.38
62.6907531,63.3137994,0.15239049999997345,0.01936850000004231,6.097210000000012,0.148585768113586,0.031181923939570318,6.126838721001371,0.09767956000000015,0.027404399999998774,-0.0006165199999994125,6.12871950378121,1.0,4.89,4.4,2.93,4.4,3511.24,5.38
62.8007447,63.423791,0.16239049999997324,0.06936850000004235,6.037210000000012,0.15188588899103567,0.040310700791785135,6.105412327803009,0.09647956000000014,0.028204399999998776,0.0005834800000005871,6.1074343196109675,1.0,4.89,4.89,4.89,2.93,3509.78,4.89
62.919934000000005,63.5429803,0.13239049999997343,0.004368500000042408,6.137210000000012,0.14722537542562195,0.03171845806005324,6.113013791035707,0.09807956000000015,0.02780439999999878,-0.0010165199999994101,6.114868680613155,1.0,4.4,4.89,3.91,5.38,3510.26,4.89
63.030763900000004,63.6538102,0.11739049999997331,0.04436850000004244,6.107210000000013,0.14009313293959563,0.03474254196478582,6.111626352864297,0.09727956000000014,0.028204399999998776,-0.0010165199999994101,6.113330500401918,1.0,4.89,4.89,3.42,4.89,3510.75,4.4
63.1407994,63.7638457,0.042390499999973574,-0.05063149999995753,6.147210000000013,0.1167366127695954,0.014333260524271889,6.120132880754504,0.09887956000000014,0.027404399999998774,-0.003016519999999412,6.121262889078577,1.0,4.4,4.89,3.91,4.89,3511.24,4.89
63.2516204,63.8746667,0.19739049999997338,-0.010631499999957494,6.047210000000012,0.1360175071242991,0.008365254185243903,6.102700139343642,0.09727956000000014,0.027404399999998774,-0.0014165199999994146,6.104221468006121,1.0,4.89,4.89,4.4,4.4,3509.29,4.89
63.3633073,63.9863536,0.2123904999999735,0.06936850000004235,5.997210000000012,0.15427502275999672,0.022948520760969957,6.0774819595138485,0.09567956000000015,0.028204399999998776,-0.00021651999999940802,6.079483068935137,1.0,4.4,4.89,3.42,4.89,3509.29,4.89
63.4732798,64.0963261,0.19239049999997349,0.06436850000004246,5.9472100000000125,0.16338680292558194,0.03285026599987498,6.046339506558147,0.09527956000000015,0.02900439999999878,0.0017834800000005903,6.048635864053342,1.0,4.89,4.89,3.91,4.89,3507.82,4.4
63.5849614,64.2080077,0.11739049999997331,-0.005631499999957601,6.027210000000013,0.15239105445182977,0.02365092186031882,6.041766459831317,0.09687956000000014,0.028204399999998776,-0.00021651999999940802,6.043734305437693,1.0,4.89,4.4,4.4,4.89,3506.84,4.89
63.694922000000005,64.3179683,0.16239049999997324,0.01936850000004231,6.087210000000012,0.1547814941422152,0.022627177980071397,6.052630066375086,0.09767956000000015,0.028604399999998774,0.00018348000000058956,6.054651106422228,1.0,4.89,4.89,4.4,3.91,3506.84,4.89
63.8068074,64.4298537,0.2923904999999736,-0.05063149999995753,6.1572100000000125,0.18767792102639785,0.00511416181677622,6.07763065495285,0.09807956000000015,0.029804399999998774,-0.0006165199999994125,6.080529872857667,1.0,3.42,4.89,3.91,4.89,3509.29,4.89
63.918301799999995,64.5413481,0.04739049999997347,0.02936850000004232,6.177210000000012,0.15414119964831716,0.010912336563382518,6.101435816708795,0.09847956000000015,0.028204399999998776,-0.0010165199999994101,6.103392303787723,1.0,4.89,4.4,3.91,4.89,3513.2,4.89
64.0282821,64.6513284,0.03239049999997334,-0.05063149999995753,6.307210000000013,0.1250358154177253,-0.003800162135799515,6.150627621657151,0.10087956000000015,0.027404399999998774,-0.00221651999999941,6.151899587660817,1.0,4.4,4.89,4.4,3.91,3518.57,4.89
64.1382693,64.7613156,0.03239049999997334,0.04936850000004234,6.507210000000012,0.10288828353342101,0.008910190617489563,6.23587121501229,0.10327956000000015,0.029404399999998776,-0.003016519999999412,6.236726320803579,1.0,4.89,4.89,4.89,4.89,3526.88,5.38
64.2491179,64.8721642,0.12739049999997354,0.20436850000004236,6.527210000000013,0.10874571537422315,0.05563591139012157,6.305517856081566,0.10247956000000015,0.031004399999998773,0.0009834800000005882,6.306700913997106,1.0,4.4,4.4,3.91,4.4,3528.84,4.89
64.3591583,64.9822046,0.017390499999973663,0.014368500000042417,6.507210000000012,0.08690659122449859,0.04577063859760915,6.353733820030797,0.10247956000000015,0.030204399999998778,0.00018348000000058956,6.354492990220309,1.0,5.38,4.89,2.93,2.93,3529.32,4.4
64.4691511,65.0921974,0.03739049999997324,0.09936850000004238,6.507210000000012,0.07506941193231,0.058583594535945305,6.390423409504612,0.10247956000000015,0.030204399999998778,-0.0018165199999994122,6.391132826573171,1.0,4.4,4.89,3.42,3.91,3532.26,5.38
64.5807697,65.203816,0.13239049999997343,0.1293685000000424,6.487210000000013,0.08877243210010936,0.0755052375097374,6.413560943111187,0.10167956000000014,0.030204399999998778,-0.0006165199999994125,6.414619673573299,1.0,4.89,4.89,2.93,4.4,3538.12,4.4
64.6924715,65.3155178,0.18239049999997325,0.15936850000004243,6.467210000000012,0.11115250749204772,0.09555335620360408,6.42638613770036,0.10047956000000015,0.03140439999999878,0.0009834800000005882,6.428057569330793,1.0,4.89,5.38,3.91,4.4,3537.63,4.89
64.8024402,65.4254865,0.27239049999997356,0.15936850000004243,6.4472100000000125,0.14969761432155343,0.11080882730389746,6.431364232406566,0.10047956000000015,0.03140439999999878,0.00018348000000058956,6.434060449033762,1.0,4.89,4.89,4.89,3.91,3538.61,4.89
64.9124441,65.5354904,0.0923904999999734,0.059368500000042346,6.497210000000012,0.1359979346786962,0.09851164547701277,6.44710513879397,0.10127956000000014,0.03140439999999878,-0.0010165199999994101,6.449291794700801,1.0,4.89,4.89,2.44,4.4,3538.61,4.89
65.0224432,65.6454895,0.07739049999997327,0.19936850000004247,6.702210000000012,0.12198740406145593,0.12262220510139533,6.508089798643476,0.10447956000000015,0.031004399999998773,-0.00221651999999941,6.510387850131576,1.0,4.4,5.38,2.44,3.91,3542.03,4.89
65.1333092,65.7563555,0.17739049999997336,0.10936850000004239,6.847210000000012,0.1352319143559545,0.11945381115731109,6.589158932450067,0.10687956000000015,0.031804399999998775,0.0009834800000005882,6.591628958060889,1.0,4.89,4.89,2.93,3.91,3555.72,4.89
65.243318,65.8663643,0.1873904999999736,0.1193685000000424,6.982210000000013,0.14770080102747402,0.11943341690891142,6.6831206293957734,0.10927956000000015,0.031804399999998775,0.00018348000000058956,6.685819412364804,1.0,4.89,5.38,4.89,4.4,3557.18,4.89
65.35410710000001,65.9771534,-0.0026095000000263546,0.059368500000042346,7.162210000000012,0.111768037783753,0.10507446463627049,6.797650404193814,0.11207956000000015,0.030204399999998778,-0.0026165199999994143,6.799381130295974,1.0,4.89,4.4,2.44,3.91,3562.07,4.89
65.4649519,66.0879982,0.012390499999973326,0.08936850000004237,7.162210000000012,0.08801111951189636,0.10131984033620614,6.884801009007878,0.11247956000000014,0.029404399999998776,-0.004216519999999412,6.886108959408019,1.0,4.4,4.4,2.44,4.89,3565.98,4.89
65.5758091,66.1988554,-0.18260950000002651,0.12436850000004229,7.292210000000012,0.02331730555957163,0.10682978892339047,6.98219507126849,0.11327956000000015,0.029404399999998776,-0.00781651999999941,6.983051218041148,1.0,4.89,4.4,2.93,3.91,3567.45,5.38
65.6950163,66.3180626,-0.0026095000000263546,0.1343685000000423,7.452210000000012,0.017119315405399977,0.11341311673519175,7.094555535186623,0.11607956000000015,0.034204399999998775,-0.003816519999999414,7.095482636710112,1.0,4.89,4.89,2.93,5.38,3572.34,5.38
65.80500500000001,66.4280513,0.2123904999999735,-0.010631499999957494,7.737210000000013,0.06380030264574892,0.08375935505463505,7.248186727285924,0.12087956000000015,0.03900439999999877,-0.0010165199999994101,7.248951437399804,1.0,4.89,4.4,3.42,4.4,3580.16,4.89
65.9149974,66.5380437,0.11239049999997341,-0.06563149999995765,8.237210000000012,0.07541614031994523,0.04804639201245737,7.4846198849473105,0.13047956000000016,0.041004399999998775,-0.005016519999999414,7.485154031291198,1.0,4.4,4.89,3.91,4.89,3595.31,4.89
66.0251181,66.6481644,0.2073904999999736,0.04436850000004244,8.497210000000013,0.10696556433285118,0.04716716535922953,7.726686866507436,0.13287956000000015,0.044604399999998774,-0.0010165199999994101,7.727571177705164,1.0,4.89,4.89,3.42,3.91,3614.86,4.89
66.135035,66.7580813,0.10739049999997352,0.08436850000004248,8.582210000000014,0.10706714827364659,0.056060413133074395,7.931205851534887,0.13407956000000015,0.04300439999999878,-0.0034165199999994095,7.932126600324867,1.0,4.4,6.35,4.4,5.38,3628.05,4.89
66.2450252,66.8680715,0.25739049999997343,0.07436850000004247,8.577210000000012,0.14300303138119524,0.060437093549115084,8.085637809707947,0.13487956000000015,0.043404399999998775,-0.00021651999999940802,8.087128124312091,1.0,4.89,4.89,3.42,4.89,3632.45,4.89
66.35499420000001,66.9780405,0.3673904999999733,0.034368500000042435,8.447210000000013,0.19664447664223075,0.05420520795183828,8.172074253654003,0.13287956000000015,0.04300439999999878,-0.0010165199999994101,8.17461955457241,1.0,4.89,4.89,4.4,4.89,3631.96,4.89
66.4650075,67.0880538,0.3123904999999736,-0.02563149999995762,8.007210000000011,0.22431439963011063,0.035119666206664596,8.132662262902832,0.12567956000000013,0.042204399999998775,-0.0010165199999994101,8.135830985417513,1.0,3.42,5.38,3.91,4.89,3621.21,5.38
66.5758396,67.1988859,0.13239049999997343,0.01936850000004231,8.062210000000011,0.20233932740106247,0.03135423614467897,8.115820140536192,0.12767956000000014,0.037804399999998774,-0.004216519999999412,8.118402604273221,1.0,4.89,4.89,4.89,4.4,3613.39,4.89
66.686654,67.3097003,0.28239049999997334,0.034368500000042435,8.437210000000011,0.2214761384693381,0.032074817693172206,8.192650708036242,0.13287956000000015,0.042204399999998775,-0.00021651999999940802,8.195706564886768,1.0,4.4,5.38,4.4,3.91,3620.23,5.87
66.79753480000001,67.4205811,0.5123904999999735,0.04936850000004234,8.487210000000012,0.2910213180453278,0.03620899737145786,8.26306723456183,0.13127956000000016,0.04860439999999878,0.006583480000000589,8.268269747772916,1.0,4.89,4.89,2.44,4.4,3629.52,5.38
66.9079942,67.5310405,0.12239049999997365,0.06436850000004246,7.787210000000013,0.2507089028682063,0.04294072988810517,8.149310125232422,0.11967956000000014,0.041004399999998775,0.0005834800000005871,8.153278750139503,1.0,4.89,4.89,3.91,4.89,3621.21,4.89
67.0188355,67.6418818,0.12739049999997354,0.1143685000000425,8.052210000000013,0.22122874785842223,0.060016054299767405,8.126097638882111,0.12527956000000015,0.03900439999999877,-0.00221651999999941,8.129330041417813,1.0,3.91,4.89,3.42,5.38,3610.95,5.87
67.1308459,67.7538922,-0.10760950000002634,0.059368500000042346,8.172210000000014,0.14261758930837815,0.05986125176673797,8.13712113190509,0.12967956000000014,0.03460439999999878,-0.0070165199999994085,8.138590999770145,1.0,4.89,4.89,3.91,4.4,3619.26,4.4
67.2408613,67.8639076,-0.057609500000026514,-0.08563149999995767,8.062210000000011,0.0947518572466616,0.02508015847391265,8.119213084694326,0.12887956000000014,0.035404399999998774,-0.006616519999999411,8.119804680130695,1.0,4.4,4.89,4.4,5.38,3621.7,4.89
67.3517006,67.9747469,-0.012609500000026586,-0.08563149999995767,8.082210000000014,0.06908634926019308,-0.0013862632221855152,8.110367230002273,0.12887956000000014,0.03500439999999878,-0.006616519999999411,8.110661591440897,1.0,4.4,4.89,4.89,4.4,3619.26,5.87
67.4708511,68.0938974,0.05239049999997336,-0.12063149999995759,8.042210000000011,0.06509508589022239,-0.029892698455078838,8.094073751828937,0.12887956000000014,0.03580439999999878,-0.005816519999999409,8.094390702435492,1.0,2.44,4.89,3.91,4.89,3618.28,5.38
67.5738448,68.1968911,0.12239049999997365,-0.18063149999995765,8.207210000000014,0.07879196851292418,-0.06592789784280009,8.121119789206444,0.13047956000000016,0.03820439999999878,-0.005416519999999411,8.12176959120712,1.0,4.89,4.89,4.89,4.4,3620.72,5.87
67.6847006,68.3077469,0.10739049999997352,-0.09063149999995757,8.137210000000014,0.08562865404956105,-0.07183347238767317,8.124966270326066,0.12927956000000015,0.03820439999999878,-0.005816519999999409,8.125734994945741,1.0,4.89,4.4,3.91,5.38,3621.7,4.89
67.7955484,68.4185947,-0.012609500000026586,-0.1356314999999575,8.112210000000012,0.06214411368982753,-0.08708485174050387,8.121916791758292,0.12967956000000014,0.036604399999998774,-0.0070165199999994085,8.122621377025661,1.0,4.89,4.89,4.89,4.89,3621.21,5.38
67.9063694,68.5294157,0.057390499999973255,-0.09563149999995768,8.092210000000012,0.06100772799901321,-0.08912798974458602,8.114815168598177,0.12927956000000015,0.03700439999999878,-0.005016519999999414,8.115533929566347,1.0,4.4,4.89,3.91,4.89,3621.7,4.89
68.0258732,68.6489195,0.022390499999973557,-0.04063149999995752,8.062210000000011,0.051776000690021855,-0.07753455355137091,8.102239523045528,0.12767956000000014,0.03700439999999878,-0.0034165199999994095,8.102775922487483,1.0,4.4,4.89,4.89,4.89,3620.23,5.38
68.1361858,68.7592321,0.18239049999997325,-0.05063149999995753,8.007210000000011,0.08300034025835898,-0.07110318426272036,8.079522029105219,0.12607956000000015,0.037804399999998774,-0.0034165199999994095,8.08026119244247,1.0,4.89,4.89,4.89,5.38,3619.26,4.89
68.2467174,68.8697637,0.2123904999999735,0.06436850000004246,7.992210000000012,0.1139319926087328,-0.03871769954500051,8.058649457839511,0.12567956000000013,0.038604399999998776,-0.0018165199999994122,8.059547793985399,1.0,4.4,4.89,4.89,4.89,3618.77,6.35
68.3575359,68.9805822,0.057390499999973255,0.12436850000004229,8.102210000000014,0.10041534036687849,0.0002692345274561102,8.069062920107378,0.12807956000000015,0.03580439999999878,-0.00221651999999941,8.069687709057893,1.0,4.89,4.89,3.91,4.89,3621.21,5.38
68.46755160000001,69.0905979,0.007390499999973432,-0.02563149999995762,8.112210000000012,0.07817708030193869,-0.005922523158144907,8.07937754123342,0.12887956000000014,0.03580439999999878,-0.004616519999999409,8.079757928672867,1.0,4.4,4.89,5.38,4.89,3622.19,5.38
68.577532,69.2005783,0.13739049999997333,0.07436850000004247,8.092210000000012,0.09233247601544528,0.013271625918912842,8.08244523319826,0.12767956000000014,0.03820439999999878,-0.00221651999999941,8.082983506715262,1.0,4.89,4.4,4.89,4.89,3621.7,5.38
68.6875225,69.3105688,0.15739049999997334,0.08436850000004248,8.102210000000014,0.10788506660278413,0.030267847244146398,8.0871701434752,0.12807956000000015,0.03820439999999878,-0.00221651999999941,8.087946356133266,1.0,4.89,4.89,4.89,5.38,3621.21,5.38
68.7983628,69.4214091,0.19739049999997338,0.009368500000042301,8.082210000000014,0.12928198700878757,0.02527170731669518,8.085984385347311,0.12807956000000015,0.03820439999999878,-0.00221651999999941,8.08705731223887,1.0,4.89,4.89,4.89,4.89,3621.7,5.38
68.9092648,69.5323111,0.03739049999997324,-0.005631499999957601,7.982210000000012,0.10731466325100279,0.01788407237491066,8.06117636890428,0.12767956000000014,0.036204399999998776,-0.0034165199999994095,8.061910488685308,1.0,4.4,4.89,4.4,4.89,3622.19,4.89
69.0200459,69.6430922,-0.07260950000002664,-0.045631499999957637,8.002210000000012,0.06430249232373547,0.002700215986930916,8.04708003246762,0.12727956000000015,0.035404399999998774,-0.004216519999999412,8.047337395103085,1.0,4.89,4.89,3.91,5.38,3621.21,5.87
69.1300408,69.7530871,0.15739049999997334,-0.04063149999995752,7.997210000000012,0.08655585299026733,-0.007658543731181508,8.03515824096454,0.12647956000000016,0.037404399999998776,-0.00221651999999941,8.035628072921202,1.0,4.89,4.89,3.91,3.91,3621.21,5.38
69.2400369,69.8630832,0.14239049999997366,0.024368500000042426,7.922210000000013,0.09990352868569055,-2.2475763370166657e-06,8.008157148067848,0.12527956000000015,0.037404399999998776,-0.004216519999999412,8.00878028311422,1.0,4.89,4.89,4.4,4.4,3621.21,4.89
69.35089980000001,69.9739461,0.12739049999997354,-0.030631499999957512,8.032210000000013,0.10647448773354967,-0.007324391621998676,8.01390715607067,0.12687956000000014,0.036604399999998774,-0.003816519999999414,8.014617793093533,1.0,4.89,5.38,4.89,4.4,3620.72,5.38
69.4617916,70.0848379,0.19739049999997338,-0.06563149999995765,7.997210000000012,0.1282086172077162,-0.02126312706760105,8.009915580298225,0.12727956000000015,0.03700439999999878,-0.003016519999999412,8.010969802315026,1.0,4.89,4.89,4.89,4.89,3621.21,5.38
69.5718836,70.1949299,0.05239049999997336,-0.02563149999995762,7.952210000000012,0.11008374860864345,-0.02230741817250629,7.99612064448529,0.12527956000000015,0.037404399999998776,-0.00221651999999941,7.99690949140836,1.0,4.89,4.89,3.91,3.91,3621.21,6.35
69.6825394,70.3055857,-0.07760950000002653,-0.07563149999995766,7.952210000000012,0.06521432170578412,-0.03505492512576597,7.9856234877276835,0.12727956000000015,0.03460439999999878,-0.005816519999999409,7.9859667068726985,1.0,3.42,5.38,4.89,4.89,3621.21,5.87
69.7938713,70.4169176,0.0923904999999734,-0.02563149999995762,7.887210000000013,0.07171098343714205,-0.03280218727828702,7.962097032585662,0.12567956000000013,0.03700439999999878,-0.003816519999999414,7.962487526203427,1.0,5.38,4.89,5.38,5.38,3620.72,6.84
69.9047675,70.5278138,0.13239049999997343,-0.005631499999957601,7.962210000000012,0.0862168601966913,-0.02630683821393534,7.962124038262095,0.12647956000000016,0.037404399999998776,-0.0034165199999994095,7.962634274999077,1.0,4.89,4.89,4.4,6.35,3619.75,5.87
70.015548,70.6385943,0.022390499999973557,0.059368500000042346,8.002210000000012,0.0709587077348882,-0.005825529728595135,7.971706876980925,0.12727956000000015,0.037404399999998776,-0.004216519999999412,7.972024812273542,1.0,5.38,5.38,4.89,4.89,3621.7,7.33
70.1275224,70.7505687,0.02739049999997345,-0.1356314999999575,8.112210000000012,0.060543412956085764,-0.03685658458975855,8.005295163478499,0.12967956000000014,0.03580439999999878,-0.0070165199999994085,8.005608944177341,1.0,5.38,5.87,5.38,5.38,3623.17,7.33
70.2384037,70.86145,-0.1526095000000267,-0.06563149999995765,8.232210000000013,0.009587669380266818,-0.04373543597735316,8.059540794293405,0.13207956000000015,0.036604399999998774,-0.00781651999999941,8.05966516219153,1.0,4.89,5.38,4.4,3.91,3626.59,7.33
70.3488685,70.9719148,-0.17260950000002673,-0.07563149999995766,8.522210000000012,-0.033967880081512455,-0.05136042048670575,8.170145210059788,0.13687956000000015,0.036604399999998774,-0.008616519999999413,8.170377253415701,1.0,4.89,4.89,3.91,4.89,3630.01,8.31
70.46006,71.0831063,-0.08260950000002643,-0.17063149999995764,8.592210000000012,-0.04559601069115876,-0.07987303361219339,8.271042846926726,0.13927956000000014,0.036204399999998776,-0.006616519999999411,8.271554175207168,1.0,4.89,5.38,4.89,4.4,3635.39,6.84
70.570564,71.1936103,-0.01760950000002648,-0.06063149999995754,8.302210000000013,-0.03890563314678583,-0.07527320600884055,8.278493580008275,0.13407956000000015,0.03580439999999878,-0.005816519999999409,8.278927204539947,1.0,4.89,5.87,4.89,4.4,3634.41,8.31
70.68174760000001,71.3047939,-0.04760950000002673,0.01936850000004231,8.162210000000012,-0.04098635539139869,-0.052648422532578024,8.250695150219988,0.13087956000000014,0.035404399999998774,-0.006616519999999411,8.250964925364007,1.0,4.89,5.87,5.38,4.89,3631.48,8.8
70.7928456,71.4158919,0.042390499999973574,-0.055631499999957645,8.122210000000013,-0.021054515828147394,-0.0533615487497454,8.219979846933198,0.13047956000000016,0.035404399999998774,-0.005016519999999414,8.220180012111028,1.0,4.89,5.38,4.89,3.91,3628.54,8.31
70.9033996,71.5264459,-0.14260950000002648,-0.11063149999995758,8.102210000000014,-0.050113112860317964,-0.06705234429194058,8.191826114300294,0.13087956000000014,0.033004399999998775,-0.008216519999999415,8.192253806364148,1.0,4.89,5.87,4.89,4.89,3626.59,8.31
71.0147651,71.6378114,-0.12760950000002635,-0.15063149999995762,8.052210000000013,-0.0686391840097957,-0.08703254520722455,8.158449873644356,0.13087956000000014,0.03220439999999877,-0.008216519999999415,8.159202800658555,1.0,4.89,5.38,5.38,4.89,3627.08,8.8
71.1255407,71.748587,-0.0026095000000263546,-0.1306314999999576,8.012210000000014,-0.05285431107452918,-0.0974551902923032,8.123490175469762,0.13007956000000015,0.03460439999999878,-0.006216519999999413,8.124246655737862,1.0,4.89,6.84,4.89,4.4,3627.57,9.78
71.2364228,71.8594691,-0.007609500000026692,-0.18063149999995765,8.012210000000014,-0.0420382121562685,-0.11733908796119781,8.096887845679053,0.13007956000000015,0.03380439999999878,-0.006216519999999413,8.097847149604025,1.0,4.89,6.35,5.38,4.89,3626.59,8.8
71.3472258,71.9702721,-0.06760950000002675,-0.1156314999999577,7.942210000000013,-0.048151213232347084,-0.11693087672411272,8.059910989336938,0.12887956000000014,0.03380439999999878,-0.005816519999999409,8.060902959675271,1.0,4.89,7.33,4.89,5.87,3626.59,8.8
71.4580674,72.0811137,-0.14260950000002648,-0.18563149999995754,7.852210000000013,-0.07073214901405073,-0.13335425698476,8.01025856748486,0.12847956000000016,0.03140439999999878,-0.00901651999999941,8.0116807670254,1.0,5.38,8.31,5.38,6.35,3622.19,9.78
71.5697901,72.1928364,-0.24260950000002657,-0.2656314999999574,7.752210000000013,-0.1118206713423179,-0.16497608744684938,7.948570193385216,0.12567956000000013,0.030604399999998776,-0.008616519999999413,7.951068424503754,1.0,4.89,7.33,5.38,5.87,3621.7,10.75
71.6809338,72.3039801,-0.22260950000002655,-0.20563149999995756,7.812210000000012,-0.13830554112830998,-0.17469505749654254,7.9159723041435335,0.12647956000000016,0.030604399999998776,-0.00781651999999941,7.919107544779777,1.0,6.35,7.82,5.38,6.84,3621.7,9.78
71.7914646,72.4145109,-0.2876095000000265,-0.19563149999995755,7.772210000000013,-0.1739977310102669,-0.17970006531369376,7.881604886855108,0.12767956000000014,0.027404399999998774,-0.01021651999999941,7.885573087377276,1.0,6.84,9.29,5.87,6.35,3620.72,9.78
71.9026051,72.5256514,-0.04760950000002673,-0.20563149999995756,7.772210000000013,-0.1437837114078926,-0.18589916209403387,7.855453248926324,0.12647956000000016,0.03140439999999878,-0.005416519999999411,7.858967998420698,1.0,5.87,8.8,4.89,7.33,3616.81,8.8
72.01305740000001,72.6361037,0.06739049999997349,-0.19063149999995765,7.7822100000000125,-0.09330099073055159,-0.18703046165501164,7.8379439211897735,0.12647956000000016,0.033004399999998775,-0.005016519999999414,7.840730219831181,1.0,6.35,8.31,5.87,5.87,3616.32,9.78
72.1324564,72.7555027,-0.07760950000002653,-0.19563149999995755,7.872210000000012,-0.08954982652219942,-0.18908660200192345,7.846135474854174,0.12887956000000014,0.031804399999998775,-0.006616519999999411,7.848924436141038,1.0,5.38,8.31,4.89,6.35,3617.79,7.82
72.2425972,72.8656435,-0.24260950000002657,-0.12063149999995759,8.102210000000014,-0.12613984711056728,-0.172721915375347,7.907351939872964,0.12927956000000015,0.037804399999998774,-0.00901651999999941,7.910243916725497,1.0,7.33,8.8,5.38,6.35,3628.06,9.78
72.3526259,72.9756722,-0.0376095000000265,-0.07563149999995766,8.137210000000014,-0.10497602812503089,-0.14951175023649793,7.962301169551474,0.12927956000000015,0.04020439999999877,-0.003816519999999414,7.964396627779186,1.0,5.38,8.8,5.38,5.38,3631.96,9.78
72.4625995,73.0856458,-0.20260950000002653,-0.12063149999995759,8.082210000000014,-0.12831601484293956,-0.14260771779776868,7.990966241644906,0.12847956000000016,0.03580439999999878,-0.009816519999999412,7.993268632790292,1.0,6.84,9.29,4.89,7.33,3634.9,9.29
72.5725996,73.1956459,-0.3076095000000265,-0.18063149999995765,7.982210000000012,-0.1711774176160769,-0.15169757760220148,7.988872998828013,0.12847956000000016,0.03260439999999878,-0.012216519999999412,7.992146498579426,1.0,5.38,8.8,4.89,6.35,3635.39,9.78
72.6834381,73.3064844,-0.4176095000000264,-0.19563149999995755,7.942210000000013,-0.23008878703938426,-0.16220029911293649,7.977717871882842,0.12767956000000014,0.031004399999998773,-0.011816519999999414,7.982683272578994,1.0,6.84,8.8,5.38,6.84,3632.45,9.78
72.79345190000001,73.4164982,-0.23260950000002634,-0.1406314999999576,7.872210000000012,-0.23069138168127484,-0.1570441218803711,7.952495452961459,0.12527956000000015,0.031804399999998775,-0.01141651999999941,7.957390608683973,1.0,4.89,9.29,5.87,7.82,3630.99,9.78
72.90429160000001,73.5273379,-0.32260950000002664,-0.09563149999995768,7.942210000000013,-0.25266507184607434,-0.14236299099898647,7.950036641132916,0.12687956000000014,0.03140439999999878,-0.011016519999999412,7.955324597720265,1.0,8.31,9.29,5.87,7.82,3631.48,9.78
73.0142605,73.6373068,-0.3926095000000265,-0.1306314999999576,8.192210000000014,-0.28611979830034356,-0.13955849333194484,8.00792993193616,0.13207956000000015,0.03140439999999878,-0.011016519999999412,8.01425498139656,1.0,7.82,9.29,5.38,7.82,3632.94,9.78
73.1259309,73.7489772,-0.2876095000000265,-0.09063149999995757,8.262210000000014,-0.2864759222526779,-0.1278621421463813,8.06871741902704,0.13367956000000014,0.03260439999999878,-0.009416519999999415,8.074813804016484,1.0,7.82,9.29,4.89,7.33,3635.87,9.78
73.2367799,73.8598262,-0.1676095000000264,-0.15063149999995762,8.082210000000014,-0.2580600453684233,-0.13330532161825548,8.071942917973782,0.13087956000000014,0.03260439999999878,-0.009816519999999412,8.077167063198235,1.0,5.38,8.8,5.38,6.35,3636.36,9.78
73.3468007,73.969847,-0.2976095000000267,-0.07563149999995766,7.952210000000012,-0.2675146281879713,-0.1195179779471671,8.043319899028166,0.12967956000000014,0.03140439999999878,-0.010616519999999414,8.048654770919772,1.0,4.89,9.29,4.89,7.33,3631.48,9.78
73.4575667,74.080613,-0.25260950000002635,-0.1256314999999577,7.892210000000012,-0.26395144962579975,-0.12097945955558995,8.007195986106403,0.12807956000000015,0.030604399999998776,-0.009416519999999415,8.012458671176558,1.0,6.35,9.78,5.87,5.87,3630.01,9.78
73.5675987,74.190645,-0.17760950000002662,-0.11063149999995758,7.882210000000012,-0.2433107828671285,-0.11850570507418477,7.977317183277565,0.12767956000000014,0.031804399999998775,-0.008216519999999415,7.981906613197754,1.0,5.87,7.33,6.35,4.89,3628.05,9.78
73.6781235,74.3011698,-0.17260950000002673,-0.08063149999995756,7.7822100000000125,-0.22640913047920525,-0.10945160276267818,7.930675401736732,0.12607956000000015,0.03140439999999878,-0.008616519999999413,7.934661497217366,1.0,5.38,7.82,4.89,6.84,3627.08,9.78
73.79764420000001,74.4206905,-0.3926095000000265,-0.20563149999995756,7.812210000000012,-0.2661405293799232,-0.1324441019633835,7.902355391703626,0.12847956000000016,0.028204399999998776,-0.01141651999999941,7.9079449263579775,1.0,6.35,8.31,5.38,5.38,3626.59,9.78
73.9084309,74.5314772,-0.2576095000000267,-0.1306314999999576,7.692210000000013,-0.26410112518182394,-0.13201078637049563,7.8521186178083795,0.12487956000000014,0.030204399999998778,-0.00901651999999941,7.857667786320152,1.0,5.38,7.82,4.89,5.87,3625.61,9.78
74.0184648,74.6415111,-0.14760950000002637,-0.16563149999995752,7.582210000000012,-0.23625296069196644,-0.14004806082656482,7.787595013006513,0.12407956000000014,0.030604399999998776,-0.008616519999999413,7.7924363973908,1.0,4.89,7.33,4.89,5.87,3618.77,9.78
74.1284424,74.7514887,-0.18260950000002651,-0.21063149999995767,7.642210000000013,-0.2234291039140822,-0.15692154182825,7.752839675442575,0.12527956000000015,0.029404399999998776,-0.00901651999999941,7.757645774839306,1.0,4.89,8.31,4.4,4.89,3616.32,9.78
74.2384572,74.8615035,-0.23260950000002634,-0.2856314999999574,7.722210000000012,-0.22562374391403445,-0.18769058707982617,7.745517430271179,0.12647956000000016,0.02900439999999878,-0.009816519999999412,7.751075673281148,1.0,5.87,7.33,4.89,4.89,3618.28,9.78
74.3484728,74.9715191,-0.22260950000002655,-0.21063149999995767,7.892210000000012,-0.2249031671326663,-0.19317477802960736,7.780585348714871,0.12887956000000014,0.03220439999999877,-0.01021651999999941,7.786231842045907,1.0,5.38,6.84,4.89,5.87,3622.68,9.29
74.4592933,75.0823396,-0.23260950000002634,-0.21063149999995767,8.112210000000012,-0.22674542167215717,-0.197347933517183,7.859862617131959,0.13247956000000013,0.03460439999999878,-0.009416519999999415,7.865608689306966,1.0,5.38,6.35,4.89,5.38,3629.52,9.29
74.5693205,75.1923668,-0.11260950000002667,-0.21563149999995757,8.057210000000012,-0.19946040512297064,-0.20171875215825652,7.907039934567232,0.13167956000000014,0.036204399999998776,-0.009416519999999415,7.91212711191024,1.0,4.89,6.35,4.89,5.38,3634.9,8.8
74.6801688,75.3032151,-0.09260950000002666,-0.2306314999999577,7.987210000000013,-0.1739169244039906,-0.20863055338424952,7.926205167826279,0.13127956000000016,0.03500439999999878,-0.00901651999999941,7.930857593405367,1.0,4.89,7.82,4.89,4.89,3634.41,7.82
74.7901706,75.4132169,-0.1626095000000265,-0.2706314999999577,8.052210000000013,-0.17121380291979119,-0.2234523275434352,7.956327533167262,0.13167956000000014,0.034204399999998775,-0.009816519999999412,7.961305981058025,1.0,4.89,4.89,4.89,4.89,3633.43,9.29
74.9009441,75.5239904,-0.14760950000002637,-0.31063149999995776,7.867210000000012,-0.16557102379852656,-0.24429313846756884,7.935023343113265,0.12847956000000016,0.03460439999999878,-0.007416519999999413,7.940509326055631,1.0,4.89,5.87,4.89,4.89,3632.94,7.82
75.0109466,75.6339929,-0.06760950000002675,-0.16563149999995752,7.882210000000012,-0.14215261389858486,-0.22548850557083394,7.922397931939012,0.12847956000000016,0.03340439999999877,-0.00781651999999941,7.926880939169852,1.0,4.89,4.89,4.89,5.38,3632.94,9.29
75.122601,75.7456473,-0.21760950000002666,-0.18063149999995765,7.852210000000013,-0.16019112759230345,-0.21476511435957107,7.905618999798699,0.12727956000000015,0.03260439999999878,-0.008216519999999415,7.910157837975381,1.0,4.89,5.38,3.42,5.87,3630.99,7.82
75.2326109,75.8556572,-0.32260950000002664,-0.16563149999995752,7.912210000000013,-0.19901841276346055,-0.2030193689248036,7.907194626007643,0.12967956000000014,0.030604399999998776,-0.00781651999999941,7.912303839359409,1.0,4.4,4.89,4.89,5.38,3631.48,7.33
75.3434743,75.9665206,-0.20760950000002643,-0.2706314999999577,7.882210000000012,-0.20107217422603121,-0.21918253726203185,7.901221870681307,0.12847956000000016,0.03140439999999878,-0.009416519999999415,7.906818453311118,1.0,4.89,4.89,4.89,4.89,3631.48,7.33
75.4539498,76.0769961,0.002390499999973539,-0.17563149999995753,7.792210000000012,-0.15243295221715658,-0.20877134720879473,7.875161795535629,0.12687956000000014,0.033004399999998775,-0.006216519999999413,7.879403187183719,1.0,4.89,4.89,4.89,5.38,3630.99,7.33
75.5648143,76.1878606,-0.1876095000000264,-0.2606314999999575,7.772210000000013,-0.16084216006633814,-0.22116889135107617,7.85055042512915,0.12807956000000015,0.030604399999998776,-0.00901651999999941,7.855312078870689,1.0,5.38,5.38,4.4,5.38,3629.03,5.87
75.67646620000001,76.2995125,-0.3976095000000264,-0.2306314999999577,7.912210000000013,-0.2174431029925737,-0.22343099630279228,7.865290591906794,0.13007956000000015,0.029404399999998776,-0.011016519999999412,7.871467398667507,1.0,5.87,4.89,5.38,5.87,3630.5,5.38
75.7873004,76.4103467,-0.23260950000002634,-0.16063149999995763,7.992210000000012,-0.22106873975335278,-0.20841832307248692,7.89563159322787,0.13007956000000015,0.031804399999998775,-0.00781651999999941,7.901475042108693,1.0,4.4,4.89,4.4,4.89,3633.92,5.38
75.8982862,76.5213325,-0.08260950000002643,-0.15063149999995762,8.022210000000012,-0.18796905831467595,-0.19460396558748602,7.925891075719883,0.13127956000000016,0.03260439999999878,-0.007416519999999413,7.930507702189196,1.0,4.89,4.89,4.89,4.89,3635.88,4.89
76.0093062,76.6323525,-0.14760950000002637,-0.23563149999995758,7.912210000000013,-0.17832081435782215,-0.2044118940557234,7.922620515742283,0.12927956000000015,0.03140439999999878,-0.0070165199999994085,7.92726298111304,1.0,4.89,5.38,4.89,6.84,3634.41,4.89
76.1203553,76.7434016,-0.24260950000002657,-0.24063149999995748,8.012210000000014,-0.19368948905702785,-0.2130704524930252,7.94403752911365,0.13127956000000016,0.031004399999998773,-0.009416519999999415,7.949254487048635,1.0,5.38,5.38,4.89,4.89,3632.94,5.87
76.2318346,76.8548809,-0.1626095000000265,-0.1456314999999575,8.132210000000011,-0.18625959316321053,-0.19694868374681934,7.989021517563706,0.13367956000000014,0.031804399999998775,-0.00781651999999941,7.9936190945135,1.0,4.89,4.89,3.91,4.89,3636.36,5.87
76.3423481,76.9653944,-0.18260950000002651,-0.2306314999999577,8.102210000000014,-0.1853870120256994,-0.20500080428368356,8.016080041919636,0.13327956000000016,0.03220439999999877,-0.008216519999999415,8.020843653409976,1.0,4.89,5.38,3.91,4.89,3636.85,4.89
76.4531572,77.0762035,-0.19760950000002664,-0.21063149999995767,8.382210000000011,-0.1883088860664571,-0.20634686276861264,8.103606053179028,0.13687956000000015,0.03220439999999877,-0.00781651999999941,8.108419718383221,1.0,4.89,4.89,3.91,4.89,3636.36,4.89
76.5639882,77.1870345,-0.21760950000002666,-0.15063149999995762,8.472210000000011,-0.1953134094835049,-0.19302770283267567,8.191723489317994,0.13647956000000014,0.03140439999999878,-0.008216519999999415,8.196324831741913,1.0,4.4,4.4,4.89,4.4,3636.85,4.89
76.6748233,77.2978696,-0.22260950000002655,-0.10563149999995769,8.432210000000012,-0.2018387370978106,-0.17213500922936956,8.249213526877458,0.13607956000000015,0.030204399999998778,-0.006216519999999413,8.253477639711255,1.0,4.89,4.89,4.89,4.4,3639.3,5.87
76.78646450000001,77.4095108,-0.1626095000000265,0.02936850000004232,8.342210000000012,-0.19246070459284892,-0.12396413976517565,8.271445005547722,0.13367956000000014,0.031004399999998773,-0.005016519999999414,8.274612420564509,1.0,4.89,4.89,4.89,4.89,3638.81,5.38
76.8973365,77.5203828,-0.13760950000002659,-0.08063149999995756,8.242210000000014,-0.17934812791118698,-0.1136051592111805,8.264456166289243,0.13247956000000013,0.031004399999998773,-0.005816519999999409,8.267182567701099,1.0,4.89,5.87,4.89,4.89,3637.34,4.89
77.0085125,77.6315588,-0.17260950000002673,-0.08063149999995756,8.032210000000013,-0.17773721023179953,-0.10572256778786054,8.208936042581913,0.13047956000000016,0.031004399999998773,-0.006616519999999411,8.21154058191525,1.0,4.4,4.4,4.89,4.89,3636.36,5.87
77.11910280000001,77.7421491,-0.21760950000002666,-0.1556314999999575,7.892210000000012,-0.18726896912279276,-0.11765365855585849,8.133220394197082,0.12887956000000014,0.029404399999998776,-0.00781651999999941,8.136226768641052,1.0,4.4,4.89,4.4,4.4,3633.92,5.38
77.2298141,77.8528604,-0.1326095000000267,-0.18063149999995765,7.712210000000012,-0.17420222819027015,-0.13270896648047897,8.032574818249088,0.12567956000000013,0.030204399999998778,-0.006616519999999411,8.035559488726355,1.0,4.89,4.89,4.89,4.89,3628.54,4.4
77.3415001,77.9645464,-0.25260950000002635,-0.20063149999995766,7.5322100000000125,-0.19294605289999905,-0.14894633876424945,7.912958994005997,0.12327956000000015,0.030204399999998778,-0.00781651999999941,7.916712274169206,1.0,4.89,4.89,5.38,4.89,3623.17,6.35
77.45233640000001,78.0753827,-0.1676095000000264,-0.2756314999999576,7.542210000000012,-0.18688916690786625,-0.17923134168193022,7.82432876884247,0.12407956000000014,0.030204399999998778,-0.00781651999999941,7.8286124005141895,1.0,4.89,4.89,4.89,4.89,3616.81,5.38
77.5631813,78.1862276,-0.1526095000000267,-0.29063149999995774,7.522210000000013,-0.17869436491057894,-0.205862354239229,7.752105094762313,0.12407956000000014,0.029404399999998776,-0.006616519999999411,7.7568965691946365,1.0,4.89,4.89,3.42,4.89,3616.32,5.38
77.6740121,78.2970584,-0.04260950000002639,-0.3556314999999577,7.457210000000012,-0.14616229492962668,-0.2416657504073333,7.681608292152026,0.12167956000000016,0.03220439999999877,-0.0070165199999994085,7.686798534203807,1.0,3.42,4.89,4.4,4.89,3616.81,4.89
77.7852053,78.4082516,-0.01760950000002648,-0.17063149999995764,7.427210000000012,-0.11543082068636229,-0.22468449972367965,7.620792542738865,0.12167956000000016,0.03260439999999878,-0.006216519999999413,7.624977795262404,1.0,4.89,4.89,4.89,4.89,3616.81,4.89
77.9043362,78.5273825,-0.1526095000000267,-0.19563149999995755,7.432210000000013,-0.12431865254059904,-0.21773917027216455,7.575710523650271,0.12167956000000016,0.03140439999999878,-0.0070165199999994085,7.579858535077404,1.0,4.89,3.91,3.42,4.4,3616.81,4.89
78.0143571,78.6374034,-0.20760950000002643,-0.2256314999999578,7.682210000000013,-0.14422993128643108,-0.2196258887047109,7.601169992782432,0.12527956000000015,0.03260439999999878,-0.00901651999999941,7.605709898704019,1.0,4.89,4.89,2.44,4.89,3617.79,4.89
78.1243523,78.7473986,-0.1576095000000266,-0.19563149999995755,7.7822100000000125,-0.14742841383621164,-0.2138898567587169,7.644448914270326,0.12487956000000014,0.03380439999999878,-0.00781651999999941,7.648861563064093,1.0,4.4,4.89,4.4,2.93,3628.05,4.89
78.2351582,78.8582045,-0.11760950000002657,-0.17063149999995764,7.882210000000012,-0.1402999870834469,-0.20354863409400725,7.701287419307527,0.12647956000000016,0.03460439999999878,-0.008616519999999413,7.705254314271628,1.0,4.4,4.89,4.4,4.89,3631.48,5.38
78.3451625,78.9682088,-0.22260950000002655,-0.08063149999995756,7.922210000000013,-0.1599766707180325,-0.17416440528330104,7.754100558080781,0.12647956000000016,0.03500439999999878,-0.005816519999999409,7.757705926372203,1.0,4.89,4.89,3.42,4.4,3633.43,5.38
78.4551723,79.0782186,-0.10260950000002644,-0.04063149999995752,7.992210000000012,-0.1462626341597856,-0.14224239968559593,7.8110223401814824,0.12767956000000014,0.034204399999998775,-0.007416519999999413,7.813686431975235,1.0,4.89,4.89,3.91,3.42,3635.87,4.89
78.565154,79.1882003,-0.10260950000002644,-0.1156314999999577,8.122210000000013,-0.1358270371056487,-0.13588087188896472,7.885413998159607,0.13007956000000015,0.035404399999998774,-0.006616519999999411,7.88775421255795,1.0,4.89,3.91,4.89,4.89,3634.41,5.87
78.6760354,79.2990817,0.06239049999997359,-0.06063149999995754,8.372210000000013,-0.08844170301423006,-0.11789196596673049,8.001786098824358,0.13487956000000015,0.03500439999999878,-0.003816519999999414,8.003143208878015,1.0,3.42,4.4,3.91,4.4,3636.36,5.38
78.7860415,79.4090878,-0.057609500000026514,-0.010631499999957494,8.542210000000011,-0.08107104216385347,-0.09225057676952501,8.130978336212266,0.13807956000000016,0.03460439999999878,-0.005016519999999414,8.131905765977926,1.0,4.89,4.89,4.4,4.4,3637.83,5.87
78.89603,79.5190763,-0.18260950000002651,-0.1256314999999577,8.572210000000013,-0.10534454398387993,-0.10023052759855378,8.23645795272649,0.13927956000000014,0.033004399999998775,-0.006616519999999411,8.237741391828303,1.0,4.4,4.4,3.91,4.4,3639.79,4.89
79.006282,79.6293283,0.002390499999973539,-0.1456314999999575,8.552210000000013,-0.07958970348352455,-0.11108395801005883,8.311940760497087,0.13887956000000015,0.035404399999998774,-0.003816519999999414,8.313064018317233,1.0,3.91,4.4,3.91,4.89,3640.27,5.38
79.1252921,79.7483384,0.05239049999997336,-0.21563149999995757,8.462210000000013,-0.04803888246718586,-0.13607680313348586,8.347863707686747,0.13807956000000016,0.036204399999998776,-0.0026165199999994143,8.349110917498535,1.0,4.4,4.89,3.42,4.89,3640.76,4.89
79.2352663,79.8583126,-0.12260950000002646,-0.09563149999995768,8.322210000000013,-0.06586552725752123,-0.12640806125829196,8.341731003551835,0.13647956000000014,0.034204399999998775,-0.004216519999999412,8.342948723398095,1.0,4.89,5.38,2.93,4.4,3639.3,4.89
79.3468791,79.9699254,-0.11260950000002667,-0.09063149999995757,8.122210000000013,-0.07704001160187827,-0.11785541585353682,8.289252921918505,0.13287956000000015,0.033004399999998775,-0.005016519999999414,8.290448664937749,1.0,4.89,4.89,4.89,4.89,3640.27,5.38
79.4568984,80.0799447,0.06239049999997359,-0.16563149999995752,8.072210000000013,-0.04370814061172171,-0.12927663388457075,8.23736724360032,0.13247956000000013,0.03260439999999878,-0.0026165199999994143,8.23849755450372,1.0,4.89,4.4,4.89,4.4,3637.34,5.38
79.5668609,80.1899072,-0.10260950000002644,-0.1356314999999575,8.062210000000011,-0.05778893605398518,-0.13079581053453274,8.195494639249928,0.13127956000000016,0.033004399999998775,-0.005416519999999411,8.19674200442822,1.0,4.89,4.89,4.4,4.89,3636.36,5.38
79.6768675,80.2999138,-0.3326095000000264,-0.17063149999995764,7.912210000000013,-0.12348677706204941,-0.14031881985875475,8.127773399899286,0.13007956000000015,0.02900439999999878,-0.008616519999999413,8.129922434773048,1.0,4.4,4.89,4.89,5.38,3636.36,5.38
79.7868711,80.4099174,-0.35260950000002644,-0.20563149999995756,7.902210000000012,-0.17826021907372314,-0.1559322878398836,8.073850839771179,0.12887956000000014,0.02780439999999878,-0.010616519999999414,8.077323750288146,1.0,4.89,4.89,3.91,4.4,3634.9,4.89
79.89690350000001,80.5199498,-0.4226095000000267,-0.2706314999999577,7.912210000000013,-0.2366736797632334,-0.1833519630492042,8.035209429393383,0.12967956000000014,0.02780439999999878,-0.011016519999999412,8.040784970838295,1.0,4.89,4.89,3.91,3.91,3634.9,5.38
80.0077081,80.6307544,-0.3026095000000266,-0.2256314999999578,7.852210000000013,-0.2524361138855346,-0.19345919176819687,7.991462093880264,0.12807956000000015,0.029404399999998776,-0.01021651999999941,7.997788247284268,1.0,4.89,4.89,4.89,4.89,3636.36,4.89
80.1177338,80.7407801,-0.5626095000000264,-0.20563149999995756,7.9072100000000125,-0.326585302407991,-0.1963690699790151,7.971321022233863,0.13007956000000015,0.025804399999998777,-0.013016519999999414,7.980424651038368,1.0,4.89,4.89,4.89,4.4,3635.87,6.35
80.2285475,80.8515938,-0.5426095000000264,-0.19563149999995755,7.877210000000013,-0.3782274473170697,-0.196192748547603,7.9488231025474745,0.12927956000000015,0.024604399999998777,-0.014216519999999414,7.960234689510046,1.0,5.38,4.89,4.89,4.89,3636.36,6.84
80.3385609,80.9616072,-0.46260950000002676,-0.1256314999999577,7.912210000000013,-0.39839958655402824,-0.1793245723752992,7.9400704759047045,0.12887956000000014,0.027004399999998777,-0.01021651999999941,7.952081406471992,1.0,4.89,4.89,5.38,4.89,3635.87,7.82
80.4493685,81.0724148,-0.18260950000002651,-0.06063149999995754,7.932210000000013,-0.34681340757971846,-0.15095013603142754,7.93819137235867,0.12807956000000015,0.031004399999998773,-0.0070165199999994085,7.947197477566201,1.0,4.89,5.38,5.38,4.89,3635.87,9.78
80.5598584,81.1829047,-0.19760950000002664,-0.1406314999999576,8.032210000000013,-0.3111451356818516,-0.1484833915502951,7.960667204450296,0.13047956000000016,0.030204399999998778,-0.007416519999999413,7.968129074822724,1.0,4.89,5.38,5.38,5.38,3636.85,8.31
80.6713162,81.2943625,-0.3026095000000266,-0.15063149999995762,8.252210000000012,-0.3091046303140022,-0.14899691239228607,8.03036261571811,0.13447956000000014,0.030204399999998778,-0.010616519999999414,8.0376905571381,1.0,4.89,5.87,4.89,5.38,3638.32,7.82
80.7827359,81.4057822,-0.4126095000000265,-0.09063149999995757,8.272210000000012,-0.3338482170913293,-0.13504423895088316,8.088177979942047,0.13447956000000014,0.030204399999998778,-0.01021651999999941,8.09619136469416,1.0,5.38,4.89,5.38,4.89,3641.25,8.31
80.8935433,81.5165896,-0.3076095000000265,-0.08063149999995756,8.347210000000011,-0.3275756622323761,-0.12203648064822173,8.150101455483373,0.13527956000000016,0.029404399999998776,-0.010616519999999414,8.157594771240367,1.0,4.89,6.35,4.89,5.38,3640.76,8.8
81.00525,81.6282963,-0.2926095000000264,-0.07063149999995755,8.367210000000014,-0.3192167485687897,-0.10974774869468652,8.202002821357679,0.13207956000000015,0.030204399999998778,-0.009816519999999412,8.208945984867345,1.0,5.38,6.84,5.38,5.87,3640.27,8.8
81.1153287,81.738375,-0.3076095000000265,-0.055631499999957645,8.322210000000013,-0.316441951952182,-0.0968108685294991,8.23073921574199,0.13287956000000015,0.031004399999998773,-0.009416519999999415,8.237388900056485,1.0,4.89,4.89,4.89,4.89,3639.3,9.29
81.2261006,81.8491469,-0.20260950000002653,0.004368500000042408,8.242210000000014,-0.2892294820317026,-0.07262320960214426,8.23348138957935,0.13207956000000015,0.030604399999998776,-0.008216519999999415,8.238879997693784,1.0,4.89,5.38,4.89,5.87,3640.76,9.29
81.3365876,81.9596339,-0.2976095000000267,-0.07563149999995766,8.127210000000012,-0.29123278586101786,-0.07334236315246023,8.208076446237262,0.13087956000000014,0.027404399999998774,-0.009416519999999415,8.213568931047458,1.0,4.89,5.38,4.89,4.89,3638.32,9.29
81.4482486,82.0712949,-0.35760950000002634,-0.08563149999995767,8.037210000000012,-0.30710061885548956,-0.07628017008779478,8.16722958799156,0.13007956000000015,0.02780439999999878,-0.009416519999999415,8.173357241514335,1.0,4.89,5.87,4.89,6.35,3637.34,9.78
81.5590601,82.1821064,-0.31760950000002675,-0.03563149999995763,8.067210000000014,-0.30961284280515733,-0.0665628118731296,8.143319182979615,0.13047956000000016,0.02780439999999878,-0.008216519999999415,8.149474709221334,1.0,5.38,6.84,5.87,5.38,3635.87,8.31
81.6702646,82.2933109,-0.06260950000002641,-0.06563149999995765,7.982210000000012,-0.25056490945160365,-0.06634017504241344,8.104804868998325,0.12927956000000015,0.030204399999998778,-0.006616519999999411,8.108948498862976,1.0,4.89,7.33,4.89,4.89,3636.36,9.29
81.78078860000001,82.4038349,-0.1626095000000265,-0.09563149999995768,8.082210000000014,-0.2295385334665683,-0.07334247786264242,8.099403402347741,0.13167956000000014,0.030204399999998778,-0.0070165199999994085,8.102987259731265,1.0,4.89,5.87,4.89,4.89,3637.34,9.29
81.891921,82.5149673,-0.21760950000002666,-0.10563149999995769,8.057210000000012,-0.22668681184569786,-0.08106140184789307,8.089316764727805,0.13167956000000014,0.027004399999998777,-0.00901651999999941,8.092898342475374,1.0,4.89,5.87,4.89,5.87,3636.85,8.8
82.0110562,82.6341025,-0.22260950000002655,-0.2306314999999577,8.012210000000014,-0.22571210099607672,-0.11681721424730376,8.070883835630376,0.13167956000000014,0.026604399999998772,-0.009416519999999415,8.074884401793023,1.0,4.89,8.31,5.87,5.38,3633.92,9.78
82.121117,82.7441633,-0.3626095000000267,-0.2856314999999574,7.892210000000012,-0.2584384131214856,-0.15717348870515452,8.02817056455271,0.13007956000000015,0.027004399999998777,-0.009816519999999412,8.033866848067566,1.0,4.89,7.82,4.89,4.89,3636.36,9.78
82.2319173,82.8549636,-0.2726095000000264,-0.2606314999999575,7.902210000000012,-0.2618261138062154,-0.18190587364557334,7.998058781706306,0.13007956000000015,0.02780439999999878,-0.009816519999999412,8.00441046775882,1.0,5.87,7.33,5.38,4.89,3635.87,9.29
82.3419014,82.9649477,-0.4026095000000267,-0.18563149999995754,7.952210000000012,-0.2954813992402192,-0.18279651153806323,7.987098299245667,0.13087956000000014,0.028604399999998774,-0.010616519999999414,7.994652154017738,1.0,4.89,6.35,4.89,4.89,3636.36,9.78
82.4527284,83.0757747,-0.2826095000000266,-0.1406314999999576,8.022210000000012,-0.2924042787452622,-0.17271666094625107,7.99549200494425,0.13087956000000014,0.031004399999998773,-0.00781651999999941,8.002701025799,1.0,5.87,5.38,5.38,5.38,3637.83,8.31
82.5627209,83.1857672,-0.17260950000002673,-0.17563149999995753,8.062210000000011,-0.26376647153536953,-0.17341347427770215,8.01144142360715,0.13167956000000014,0.03220439999999877,-0.008616519999999413,8.01765792912468,1.0,4.89,5.87,4.89,6.35,3638.81,8.8
82.6727338,83.2957801,-0.11260950000002667,-0.16563149999995752,8.112210000000012,-0.2276313055907306,-0.1715531371126547,8.03553087970683,0.13247956000000013,0.031804399999998775,-0.008616519999999413,8.040584742968644,1.0,5.38,6.84,4.89,5.38,3639.3,9.78
82.7827276,83.4057739,-0.0326095000000266,-0.17063149999995764,8.022210000000012,-0.1810099342026735,-0.17133281310331677,8.032346427188065,0.13047956000000016,0.03380439999999878,-0.005416519999999411,8.036212332653164,1.0,5.87,8.31,5.38,5.87,3638.81,9.78
82.89275740000001,83.5158037,0.07739049999997327,0.03936850000004233,7.932210000000013,-0.11923744382239243,-0.12096314218170141,8.008408090922195,0.12727956000000015,0.035404399999998774,-0.00221651999999941,8.010209098427072,1.0,5.38,9.29,4.89,4.89,3637.83,9.78
83.0027158,83.6257621,0.14739049999997356,0.02936850000004232,8.092210000000012,-0.05549810783519106,-0.08502527718089832,8.028441542639612,0.12927956000000015,0.037804399999998774,-0.0006165199999994125,8.02908356796182,1.0,5.87,8.8,6.84,5.87,3636.36,7.82
83.1135914,83.7366377,-0.6326095000000267,-0.18563149999995754,8.657210000000013,-0.19346075496021575,-0.10907592148598089,8.178753184350164,0.14047956000000014,0.025804399999998777,-0.012216519999999412,8.1817680406423,1.0,5.87,8.8,4.89,6.35,3640.76,9.78
83.2241186,83.8471649,-0.5826095000000264,-0.030631499999957512,9.167210000000011,-0.28648957352101645,-0.09032321587778551,8.415050926358479,0.14807956000000014,0.029404399999998776,-0.013416519999999411,8.420410717552288,1.0,5.38,8.8,5.38,4.4,3647.61,9.29
83.334905,83.9579513,-0.17760950000002662,0.02936850000004232,9.577210000000012,-0.260461005438561,-0.06171004659083265,8.692873447897192,0.15327956000000015,0.03820439999999878,-0.009816519999999412,8.696993552162743,1.0,6.84,8.8,4.89,5.87,3652.98,9.78
83.4461049,84.0691512,0.2423904999999733,0.2193685000000425,9.682210000000012,-0.14025072065997007,0.005483810373709437,8.929381497259463,0.15127956000000015,0.046604399999998776,0.00018348000000058956,8.930484547907886,1.0,4.89,8.31,6.84,5.87,3657.38,9.29
83.5566158,84.1796621,0.4523904999999733,0.3443685000000425,9.732210000000013,0.0014244441482452325,0.08649664339995042,9.121303450160145,0.14887956000000016,0.04820439999999877,0.005383480000000589,9.121713672784514,1.0,5.38,8.31,5.38,6.35,3663.73,9.78
83.6674216,84.2904679,0.5323904999999736,0.2643685000000424,9.392210000000013,0.12835571529167702,0.12901819559724687,9.186065617822814,0.14647956000000015,0.04860439999999878,0.004983480000000588,9.18786821952675,1.0,5.38,8.8,6.35,5.38,3665.69,9.29
83.7869988,84.4100451,0.9823904999999735,0.22436850000004238,9.047210000000014,0.33251889979099425,0.15181237463821312,9.152871179343348,0.14367956000000015,0.051404399999998775,0.01498348000000059,9.160167391563627,1.0,5.38,6.35,5.87,7.82,3658.36,9.78
83.8969495,84.5199958,1.4323904999999735,0.5093685000000423,9.127210000000012,0.5954511508651976,0.2372887492522072,9.146736689054954,0.14207956000000016,0.053804399999998774,0.02298348000000059,9.169168996288178,1.0,8.8,9.78,8.31,8.8,3648.58,9.78
84.00700690000001,84.6300532,1.4373904999999736,0.29436850000004244,9.032210000000013,0.7967228341179471,0.25093407599037476,9.119358256740155,0.14247956000000014,0.05540439999999878,0.02378348000000059,9.157534067622839,1.0,9.78,9.29,9.29,8.8,3640.27,10.75
84.1178163,84.7408626,1.7373904999999734,0.5293685000000423,8.862210000000012,1.0215962346640508,0.31749583635176704,9.057885108427527,0.13647956000000014,0.05740439999999877,0.02418348000000059,9.120841250139902,1.0,9.78,9.78,9.78,9.78,3639.79,9.78
84.2286539,84.8517002,1.9423904999999735,0.6243685000000425,8.782210000000013,1.2417187552518998,0.39085596332554035,8.991982982388269,0.13407956000000015,0.06220439999999878,0.02698348000000059,9.085724616494366,1.0,10.26,10.26,8.8,9.29,3630.5,9.78
84.3386248,84.9616711,1.8623904999999734,0.7443685000000424,8.732210000000013,1.390094819324976,0.4753656888545184,8.929882374449464,0.13167956000000014,0.05980439999999877,0.02138348000000059,9.049924605562053,1.0,9.78,10.26,9.78,9.78,3622.19,9.78
84.44862140000001,85.0716677,1.8473904999999735,0.5243685000000424,9.042210000000011,1.4994146551163006,0.4870801648360863,8.95673510474836,0.14087956000000015,0.06220439999999878,0.02698348000000059,9.094426597184997,1.0,9.78,9.78,8.8,8.8,3626.1,9.78
84.55860630000001,85.1816526,1.9823904999999735,0.3393685000000424,9.707210000000014,1.614873519665218,0.4517686243454691,9.136141549596742,0.15127956000000015,0.06980439999999878,0.02898348000000059,9.288756310116382,1.0,9.29,9.78,8.31,9.78,3635.88,10.26
84.6694178,85.2924641,2.0323904999999733,0.3493685000000424,10.197210000000013,1.714683969794363,0.42728913492206216,9.389797627411042,0.16247956000000016,0.07260439999999878,0.03418348000000059,9.554633253287445,1.0,9.78,9.78,9.29,10.26,3655.91,10.26
84.7793407,85.402387,2.1023904999999736,0.3443685000000425,10.487210000000012,1.8073680164810497,0.40746635815756865,9.652141982358179,0.16727956000000016,0.07460439999999878,0.03738348000000059,9.828349445742663,1.0,9.78,9.78,8.8,9.78,3663.73,9.78
84.8903139,85.5133602,2.4673904999999734,0.5793685000000424,11.147210000000012,1.9651511589117148,0.4485608069191611,10.00954879176477,0.16847956000000014,0.07940439999999878,0.03298348000000059,10.21048935602969,1.0,9.78,9.29,9.78,9.78,3673.51,11.24
85.0019307,85.624977,2.3723904999999736,0.3743685000000425,10.987210000000012,2.06250466513732,0.4308246000138045,10.243265765837357,0.17087956000000015,0.07900439999999878,0.03418348000000059,10.457725798626862,1.0,8.8,9.78,9.78,10.26,3684.26,9.78
85.1127917,85.735838,1.9723904999999735,0.2443685000000424,10.872210000000013,2.040962223011591,0.3862509224192377,10.393619428262232,0.17447956000000014,0.06740439999999878,0.02738348000000059,10.599152861921572,1.0,9.78,9.78,9.78,9.78,3680.84,9.78
85.2235805,85.8466268,2.0873904999999735,0.3343685000000425,10.707210000000014,2.0520612380054617,0.37384805456150794,10.468585519692354,0.16887956000000015,0.07180439999999877,0.03298348000000059,10.674361829895798,1.0,9.78,9.78,8.8,9.78,3679.86,9.78
85.3352658,85.9583121,2.0873904999999735,0.30936850000004235,10.507210000000011,2.0605069532900844,0.35843375126839006,10.477818980718109,0.16727956000000016,0.07100439999999877,0.03338348000000059,10.684514694233977,1.0,9.29,9.78,9.29,8.8,3676.44,9.78
85.4453139,86.0683602,2.0023904999999735,0.3793685000000424,10.117210000000014,2.04661379532045,0.3634383541771662,10.39161279897856,0.16047956000000016,0.06980439999999878,0.03218348000000059,10.597468189543104,1.0,9.78,10.26,9.78,9.78,3671.07,9.78
85.5553015,86.1783478,2.1223904999999736,0.41936850000004244,9.797210000000014,2.064728763955504,0.3768088595537239,10.249516516148326,0.15567956000000016,0.06660439999999877,0.03298348000000059,10.462202378091371,1.0,9.29,9.78,8.8,9.78,3660.8,9.78
85.6657978,86.2888441,1.7523904999999735,0.30436850000004245,9.602210000000014,1.9900620457469125,0.35949146832146084,10.094773217572802,0.15487956000000014,0.06100439999999877,0.03058348000000059,10.295340080635679,1.0,8.8,9.78,8.8,9.78,3652.49,9.78
85.776645,86.3996913,1.8023904999999734,0.2393685000000425,9.467210000000012,1.945197807069923,0.3307752050226679,9.94474969713966,0.15327956000000015,0.06100439999999877,0.03258348000000059,10.13860213656926,1.0,9.78,9.29,8.8,8.8,3646.63,9.78
85.8877802,86.5108265,1.9973904999999734,0.42436850000004234,9.592210000000012,1.9576748473345458,0.35314935826853516,9.860472535928903,0.15407956000000014,0.06260439999999878,0.03578348000000059,10.059131369504028,1.0,8.8,9.78,9.29,9.78,3646.63,9.78
85.9994661,86.6225124,1.9173904999999736,0.4743685000000424,9.512210000000014,1.9480445831057742,0.38212766973933976,9.777217861002125,0.15247956000000015,0.061804399999998774,0.03378348000000059,9.97671731358803,1.0,8.8,9.78,9.29,9.78,3646.14,9.78
86.1102823,86.7333286,1.9373904999999736,0.3393685000000424,9.352210000000014,1.9454976475783838,0.37190578133756513,9.675616661738243,0.15087956000000016,0.05980439999999877,0.03298348000000059,9.876276261417155,1.0,10.26,9.78,9.29,9.29,3644.67,10.26
86.220796,86.8438423,1.6423904999999734,0.29436850000004244,9.362210000000012,1.873037694421734,0.3533699341346961,9.600694535322006,0.15127956000000015,0.05740439999999877,0.02978348000000059,9.788078262643637,1.0,9.78,9.78,9.29,9.29,3636.36,9.78
86.33165890000001,86.9547052,1.6073904999999735,0.3943685000000423,9.392210000000013,1.809532813663299,0.36317093746248563,9.550854801142165,0.14887956000000016,0.06140439999999878,0.02818348000000059,9.727544888924541,1.0,9.78,8.8,9.29,10.26,3637.83,9.78
86.44245910000001,87.0655054,1.9673904999999734,0.5243685000000424,9.592210000000012,1.8472698338845512,0.4017063792155242,9.56074106016299,0.15047956000000015,0.06540439999999878,0.03218348000000059,9.74584749900022,1.0,9.78,9.78,8.31,9.78,3645.16,9.78
86.5533294,87.1763757,1.9673904999999734,0.4793685000000425,9.622210000000013,1.8759855468243705,0.4202720701899891,9.57543565425872,0.15127956000000015,0.06620439999999878,0.03218348000000059,9.766520278672688,1.0,9.78,9.78,8.8,9.78,3646.63,9.78
86.67288260000001,87.2959289,1.9423904999999735,0.4643685000000424,9.812210000000011,1.891860130564528,0.430813640271524,9.63203827197387,0.15487956000000014,0.06460439999999879,0.03098348000000059,9.825522704621521,1.0,9.78,9.78,9.29,9.78,3648.58,10.26
86.7828189,87.4058652,1.7823904999999733,0.3343685000000425,10.712210000000013,1.8656906246120777,0.40775773280748023,9.89026112629856,0.16887956000000015,0.07100439999999877,0.02858348000000059,10.072950561866278,1.0,9.78,9.78,9.78,9.78,3658.85,9.78
86.8936187,87.516665,2.3523904999999736,0.5893685000000424,11.02721000000001,1.9820397455539758,0.4511730985903412,10.162056967432928,0.17167956000000015,0.08060439999999877,0.03818348000000059,10.363370133658231,1.0,9.78,9.78,9.29,9.78,3674.98,9.78
87.0036901,87.6267364,2.2123904999999735,0.3643685000000425,11.147210000000012,2.037106757368463,0.43042183225470415,10.397564916230065,0.17367956000000015,0.08060439999999877,0.03498348000000059,10.603981473098493,1.0,9.29,9.78,9.29,8.8,3680.84,9.78
87.1144789,87.7375252,1.9873904999999734,0.28436850000004243,11.017210000000013,2.0252217269136374,0.39550672814681537,10.54569554958012,0.17407956000000016,0.07940439999999878,0.03418348000000059,10.745680212978908,1.0,9.29,9.78,7.82,9.78,3685.73,9.78
87.2253152,87.8483615,2.1023904999999736,0.3693685000000424,10.917210000000011,2.0436694795571,0.38925819589594507,10.63450876262875,0.17167956000000015,0.07740439999999878,0.03578348000000059,10.836091708137811,1.0,9.78,9.78,8.31,8.31,3685.24,10.26
87.3361483,87.9591946,2.1373904999999733,0.3393685000000424,10.77721000000001,2.066074166498134,0.377331703708289,10.668622524240533,0.17007956000000016,0.07540439999999878,0.03338348000000059,10.873387155841863,1.0,9.78,9.29,7.82,8.8,3683.77,9.78
87.44615350000001,88.0691998,2.0373904999999737,0.32936850000004236,10.567210000000014,2.059217128822109,0.36586575339432165,10.644379127756242,0.16647956000000014,0.07300439999999878,0.03298348000000059,10.847904864468248,1.0,9.29,9.78,8.31,9.29,3680.35,9.78
87.5570038,88.1800501,1.9773904999999736,0.3693685000000424,10.377210000000012,2.039655882118467,0.36670311027289704,10.58051041784035,0.16367956000000014,0.07100439999999877,0.03298348000000059,10.781552206921434,1.0,9.29,9.78,7.33,7.82,3675.95,10.26
87.6669712,88.2900175,2.0723904999999734,0.3743685000000425,10.297210000000014,2.0474813289851768,0.36853557705896234,10.51278540650369,0.16207956000000015,0.07180439999999877,0.03298348000000059,10.716653174722882,1.0,9.78,9.78,6.84,9.29,3670.58,9.29
87.7777944,88.4008407,2.2873904999999737,0.5193685000000423,10.257210000000011,2.1048333493267157,0.4045932768463418,10.451688259401747,0.16007956000000015,0.07420439999999878,0.03698348000000059,10.669198968049265,1.0,8.31,9.29,6.35,6.84,3669.11,9.78
87.8878325,88.5108788,2.3023904999999734,0.42936850000004245,10.257210000000011,2.152060813271103,0.4105159729078007,10.405196826656528,0.16207956000000015,0.06980439999999878,0.03738348000000059,10.633344258016507,1.0,8.31,8.8,6.84,6.84,3665.2,9.78
87.9979373,88.6209836,2.1873904999999736,0.5343685000000424,10.212210000000013,2.1605066300915423,0.4401238141716395,10.359061931682584,0.16207956000000015,0.06860439999999877,0.03738348000000059,10.591112404979272,1.0,7.33,9.78,5.38,8.8,3660.8,9.29
88.1078878,88.7309341,2.2823904999999733,0.3493685000000424,10.177210000000013,2.189643849634778,0.41842810073786174,10.315588913786307,0.16247956000000016,0.07140439999999877,0.03978348000000059,10.553719576621384,1.0,7.33,9.29,5.38,7.33,3658.85,9.78
88.2183325,88.8413788,2.4273904999999734,0.43436850000004235,10.127210000000012,2.2464789037938226,0.4222387683287245,10.270555573669757,0.16087956000000014,0.07380439999999877,0.044183480000000594,10.521847025808224,1.0,7.33,9.29,5.87,6.84,3659.33,9.29
88.329617,88.9526633,2.5273904999999734,0.43936850000004246,10.127210000000012,2.3136328500629117,0.4263337544232658,10.236287778811386,0.15927956000000015,0.07540439999999878,0.04578348000000059,10.503154046556405,1.0,8.8,9.29,6.35,8.8,3660.8,9.78
88.4408468,89.0638931,2.4823904999999735,0.4643685000000424,10.047210000000014,2.35397558531993,0.43542623510158895,10.191087369962263,0.15887956000000014,0.07420439999999878,0.04538348000000059,10.468479299530633,1.0,7.33,9.29,5.38,7.33,3656.4,9.78
88.5519836,89.1750299,2.3473904999999733,0.5043685000000424,9.837210000000013,2.3524013731061015,0.4519073815376458,10.106490428400434,0.15727956000000015,0.07100439999999877,0.04218348000000059,10.38648936267829,1.0,7.82,9.29,5.38,7.33,3654.45,9.78
88.6625092,89.2855555,2.4123904999999737,0.3893685000000424,9.757210000000011,2.36674220722818,0.4369570101495486,10.022992418925478,0.15567956000000016,0.06900439999999877,0.04058348000000059,10.307898773951544,1.0,6.84,8.8,6.35,5.87,3650.54,9.78
88.7733684,89.3964147,2.4223904999999735,0.4943685000000424,9.727210000000014,2.38004533359688,0.4506816415165608,9.952283495064302,0.15407956000000014,0.06980439999999878,0.04258348000000059,10.242835373962897,1.0,6.84,8.8,6.84,6.84,3650.54,9.29
88.8841653,89.5072116,2.3073904999999737,0.4043685000000423,9.687210000000011,2.362676670795307,0.439610150488933,9.888915761281451,0.15487956000000014,0.06900439999999877,0.04138348000000059,10.176745701296362,1.0,8.8,8.31,5.38,7.82,3648.58,8.8
89.0036782,89.6267245,2.2823904999999733,0.4643685000000424,9.707210000000014,2.343483681710641,0.44552881278424183,9.845477686475444,0.15407956000000014,0.06820439999999878,0.03938348000000059,10.130342667666818,1.0,5.87,9.78,5.87,7.82,3646.63,9.78
89.113804,89.7368503,2.3073904999999737,0.3793685000000424,9.617210000000014,2.3348553458996126,0.42971271209683637,9.790908647106592,0.15327956000000015,0.06700439999999878,0.03738348000000059,10.074626277793149,1.0,5.87,8.8,6.84,6.35,3644.67,9.78
89.2236759,89.8467222,2.2923904999999736,0.3943685000000423,9.677210000000013,2.324703817737789,0.4212634228822695,9.763728164201002,0.15327956000000015,0.06900439999999877,0.03898348000000059,10.045501399933952,1.0,5.38,8.8,5.87,7.82,3646.14,9.78
89.3345564,89.9576027,2.4273904999999734,0.4993685000000425,9.737210000000012,2.3492518109011797,0.439935005767943,9.75738880549186,0.15367956000000016,0.07020439999999878,0.04018348000000059,10.04585303405641,1.0,6.35,8.31,5.87,5.87,3648.58,9.29
89.4453676,90.0684139,2.3773904999999735,0.41936850000004244,9.737210000000012,2.3559785677931817,0.4350184339996955,9.752564916275198,0.15447956000000015,0.06980439999999878,0.03858348000000059,10.042529486936157,1.0,5.87,8.31,5.87,5.38,3650.05,9.29
89.5562595,90.1793058,2.3823904999999734,0.3743685000000425,9.697210000000013,2.362292530976731,0.42051962916556695,9.739331923677248,0.15407956000000014,0.07060439999999878,0.04018348000000059,10.030545801698967,1.0,5.87,9.29,4.89,6.35,3651.03,8.8
89.66698650000001,90.2900328,2.3173904999999735,0.43436850000004235,9.677210000000013,2.3515583761169463,0.42383030177739967,9.724481229077613,0.15287956000000014,0.06980439999999878,0.03978348000000059,10.013740265039498,1.0,5.87,8.31,5.38,5.87,3651.03,9.78
89.7769947,90.400041,2.3523904999999736,0.5493685000000423,9.597210000000011,2.351757301342123,0.45384111490159285,9.694056122408801,0.15127956000000015,0.07020439999999878,0.03978348000000059,9.98556249123717,1.0,5.87,7.82,5.87,6.35,3650.05,9.29
89.8880468,90.5110931,2.3873904999999733,0.4743685000000424,9.557210000000012,2.3602756748816365,0.45874833459121556,9.661342068323867,0.14967956000000016,0.07140439999999877,0.04058348000000059,9.956047501749511,1.0,5.87,9.29,4.89,6.35,3645.65,9.78
89.9995121,90.6225584,2.1373904999999733,0.3793685000000424,9.637210000000014,2.3069933637904434,0.43977201172317404,9.655573123070383,0.15327956000000015,0.06780439999999878,0.03698348000000059,9.937087608440782,1.0,5.38,8.8,4.89,5.38,3646.63,9.78
90.1098613,90.7329076,2.1823904999999737,0.42936850000004245,9.677210000000013,2.277206149118753,0.43728497709484093,9.660745574796787,0.15287956000000014,0.06820439999999878,0.03538348000000059,9.935134174118273,1.0,5.38,8.31,4.89,5.38,3650.54,9.78
90.2212723,90.8443186,2.1723904999999735,0.3993685000000424,9.587210000000013,2.252149211049465,0.42822076935146014,9.643166364449254,0.15087956000000016,0.06860439999999877,0.03578348000000059,9.91192244867665,1.0,5.87,7.33,4.89,5.87,3649.56,9.78
90.3312916,90.9543379,1.8973904999999736,0.2443685000000424,9.657210000000013,2.167341578534267,0.38426955628578574,9.646523596973418,0.15327956000000015,0.06740439999999878,0.03218348000000059,9.894465630689535,1.0,4.89,8.31,4.89,5.87,3648.09,9.29
90.4412464,91.0642927,1.7323904999999735,0.3943685000000423,9.857210000000013,2.0633633812933843,0.3866837817315165,9.69688970353348,0.15327956000000015,0.06860439999999877,0.03218348000000059,9.921525221094297,1.0,5.38,7.82,4.89,6.35,3652.49,9.78
90.5520267,91.175073,1.7373904999999734,0.3993685000000424,10.057210000000012,1.985437209319005,0.38971615526307407,9.783026873217349,0.15607956000000014,0.07180439999999877,0.03338348000000059,9.990067787353311,1.0,5.38,8.31,5.87,4.89,3657.38,9.78
90.6620508,91.2850971,1.7273904999999736,0.2743685000000424,10.207210000000014,1.923749279427323,0.36214146504589095,9.884430913808513,0.15967956000000014,0.06940439999999878,0.03178348000000059,10.076404726918035,1.0,4.89,7.82,5.38,5.38,3661.78,9.78
90.7728634,91.3959097,1.5773904999999735,0.3593685000000424,10.292210000000011,1.8409497112442341,0.3614785677208609,9.981913449999956,0.15807956000000015,0.06660439999999877,0.02858348000000059,10.156690342702282,1.0,5.87,8.8,4.89,5.38,3667.16,9.29
90.8837217,91.506768,1.5423904999999736,0.4843685000000424,10.222210000000011,1.7695769751207844,0.3908562937412275,10.039358076086195,0.15887956000000014,0.06500439999999878,0.02898348000000059,10.201611730168516,1.0,6.84,7.33,4.89,4.89,3669.11,9.29
90.9936911,91.6167374,1.5323904999999733,0.3843685000000423,10.072210000000013,1.7128758349003976,0.3893053397821009,10.047211565807302,0.15807956000000015,0.06300439999999878,0.02818348000000059,10.19960599834428,1.0,5.38,7.33,4.89,5.87,3665.69,9.29
91.1041955,91.7272418,1.8373904999999735,0.5043685000000424,9.942210000000014,1.7426419650379168,0.4168120194036738,10.022110183010637,0.15487956000000014,0.06500439999999878,0.03218348000000059,10.181022826722081,1.0,4.89,7.33,5.38,6.35,3660.8,9.78
91.216294,91.8393403,1.8273904999999735,0.4743685000000424,9.772210000000012,1.7629017145110193,0.4305713118558441,9.962369739080314,0.15127956000000015,0.06420439999999877,0.03298348000000059,10.12630361621467,1.0,4.89,6.84,5.38,5.38,3655.91,9.78
91.32634,91.9493863,1.7573904999999734,0.45436850000004236,9.622210000000013,1.7615842188712856,0.43626020158333734,9.881052096271642,0.15047956000000015,0.06140439999999878,0.03178348000000059,10.046327311654547,1.0,5.87,7.33,4.4,4.89,3652.49,9.78
91.4454052,92.0684515,1.7173904999999734,0.3343685000000425,9.632210000000011,1.7510193911368783,0.41190225429386607,9.821564595619481,0.15087956000000016,0.05900439999999878,0.02738348000000059,9.984931821557712,1.0,4.89,8.31,5.38,4.4,3647.61,9.78
91.555395,92.1784413,1.9823904999999735,0.5343685000000424,9.582210000000014,1.8063303260454162,0.4411786949784089,9.764345150532233,0.14767956000000015,0.06540439999999878,0.03218348000000059,9.939814088121393,1.0,5.87,7.82,4.89,5.38,3648.09,9.78
91.6654819,92.2885282,2.0523904999999734,0.6443685000000423,9.447210000000013,1.8651527880721557,0.48975268563287766,9.688531701936641,0.14447956000000015,0.06820439999999878,0.03498348000000059,9.878577790115806,1.0,4.89,7.33,5.38,4.89,3648.09,9.78
91.7753567,92.398403,2.0323904999999733,0.3893685000000424,9.317210000000014,1.9051321711686238,0.4657551209210721,9.599764566805275,0.14487956000000016,0.06420439999999877,0.03338348000000059,9.798057774904981,1.0,5.87,6.35,4.89,4.89,3643.7,9.78
91.8870399,92.5100862,1.9923904999999735,0.3893685000000424,9.212210000000013,1.9259919049959546,0.44749434740268856,9.507116848067167,0.14207956000000016,0.06300439999999878,0.03018348000000059,9.710559549885366,1.0,5.38,7.33,4.89,4.89,3641.25,9.29
91.99706210000001,92.6201084,1.7223904999999735,0.3793685000000424,9.342210000000012,1.87731951839438,0.4312083714664865,9.467694674813842,0.14407956000000016,0.06140439999999878,0.02698348000000059,9.6616516025608,1.0,4.89,7.33,4.89,5.38,3639.79,9.78
92.1071575,92.7302038,1.7523904999999735,0.44936850000004247,9.332210000000014,1.8474543341086047,0.43554968137413164,9.435306084611051,0.14287956000000016,0.06260439999999878,0.02778348000000059,9.62433332505998,1.0,5.38,7.82,4.89,4.89,3641.74,9.29
92.2178657,92.840912,1.5623904999999736,0.4593685000000425,9.40221000000001,1.7793077653747775,0.44124374202452843,9.427394226511552,0.14487956000000016,0.05980439999999877,0.02458348000000059,9.603978033391275,1.0,5.38,6.84,4.89,4.89,3644.18,9.78
92.32790250000001,92.9509488,1.4823904999999735,0.3693685000000424,9.522210000000012,1.708327548272199,0.42406144621980857,9.450060622076203,0.14727956000000014,0.05980439999999877,0.023383480000000588,9.61258845906091,1.0,5.38,7.33,5.38,4.89,3646.14,9.78
92.43789290000001,93.0609392,1.0923904999999734,0.3643685000000425,9.597210000000011,1.5610833475932782,0.40979141622736914,9.485237743818708,0.14807956000000014,0.055004399999998774,0.016583480000000587,9.62157187156598,1.0,5.38,7.33,4.89,4.89,3647.61,9.78
92.5487552,93.1718015,1.4673904999999734,0.5093685000000423,9.392210000000013,1.5386853955754434,0.4335960374093133,9.462998789662644,0.13967956000000015,0.061804399999998774,0.02778348000000059,9.597077907538882,1.0,4.89,9.29,5.38,5.87,3654.94,9.78
92.6587619,93.2818082,1.2873904999999735,0.5093685000000423,9.467210000000012,1.4786115355316336,0.4517099919423977,9.464005509913935,0.14367956000000015,0.055804399999998776,0.02938348000000059,9.589459540636748,1.0,5.87,9.29,4.89,4.89,3650.05,9.78
92.7692284,93.3922747,1.2973904999999735,0.5593685000000423,9.317210000000014,1.435289337917581,0.47744653597672715,9.428912982875397,0.14047956000000014,0.055004399999998774,0.02538348000000059,9.54947175067251,1.0,5.38,8.31,4.89,5.38,3646.14,9.78
92.8804303,93.5034766,1.2473904999999734,0.5043685000000424,9.237210000000012,1.390370763405323,0.48388242595028774,9.38308500003132,0.13927956000000014,0.05220439999999878,0.023383480000000588,9.497871191992898,1.0,4.89,9.29,4.89,6.35,3646.14,9.29
92.9909707,93.614017,1.2623904999999735,0.5593685000000423,9.187210000000011,1.3597761569586757,0.5019279172338929,9.336259666349092,0.13767956000000015,0.05300439999999877,0.02458348000000059,9.448103904415367,1.0,5.38,9.29,4.89,8.31,3641.74,8.8
93.1029205,93.7259668,1.3723904999999734,0.44936850000004247,9.077210000000012,1.3627917067838011,0.4893632088753728,9.274331972334405,0.13367956000000014,0.05420439999999877,0.02578348000000059,9.38668797389919,1.0,4.89,8.31,4.4,5.87,3637.83,9.78
93.2134303,93.8364766,0.9873904999999734,0.44936850000004247,8.967210000000012,1.2730493365499573,0.47980218481251863,9.200912246318307,0.13367956000000014,0.050204399999998775,0.02018348000000059,9.300948925474827,1.0,5.87,7.82,4.89,5.87,3632.94,9.78
93.3242358,93.9472821,1.1073904999999735,0.44436850000004235,8.827210000000012,1.2334473950177414,0.47133150649895184,9.111576024856378,0.13207956000000015,0.05180439999999877,0.02178348000000059,9.206756406141752,1.0,5.87,9.78,5.38,5.38,3631.96,9.29
93.43517010000001,94.0582164,1.1273904999999735,0.30936850000004235,8.977210000000014,1.2080937281500235,0.4326130798376827,9.07945485600661,0.13727956000000016,0.052604399999998774,0.01818348000000059,9.169686200470771,1.0,6.84,7.82,4.89,5.38,3630.01,10.26
93.5458847,94.168931,1.2173904999999734,0.5043685000000424,9.077210000000012,1.2103161886170146,0.4497667313607148,9.078918206962266,0.13807956000000016,0.05780439999999878,0.01618348000000059,9.170273234630375,1.0,6.35,9.78,5.38,8.31,3635.88,9.78
93.6654149,94.2884612,1.4573904999999734,0.32936850000004236,9.422210000000014,1.2693810875217473,0.4209846644439951,9.160984589894204,0.14287956000000016,0.06380439999999878,0.02098348000000059,9.258088090385293,1.0,6.84,7.82,5.38,5.87,3648.58,9.78
93.7754142,94.3984605,1.5223904999999736,0.4643685000000424,9.712210000000013,1.3298648152161634,0.4313558837216064,9.29275900601776,0.14807956000000014,0.06420439999999877,0.02258348000000059,9.397338892957695,1.0,6.84,8.8,5.38,6.84,3655.43,9.78
93.8854271,94.5084734,1.6623904999999735,0.4993685000000425,9.992210000000014,1.4093574821998238,0.4476147909396284,9.459967818690895,0.15167956000000016,0.06540439999999878,0.02658348000000059,9.574844053266244,1.0,7.33,9.29,4.89,6.84,3659.82,9.78
93.9964652,94.6195115,1.6523904999999734,0.6443685000000423,10.247210000000013,1.4674562806808547,0.49465018636271607,9.648163748863876,0.15447956000000015,0.06500439999999878,0.02578348000000059,9.771651368498029,1.0,8.31,9.78,4.89,6.84,3663.73,9.78
94.107104,94.7301503,1.9223904999999735,0.7743685000000424,10.502210000000012,1.576211592076779,0.561518869813919,9.852329674495596,0.15567956000000016,0.07260439999999878,0.02898348000000059,9.993405147350968,1.0,7.33,9.78,5.38,7.33,3673.51,9.78
94.2187955,94.8418418,2.0873904999999735,0.8193685000000425,10.722210000000011,1.6984126025732413,0.6231596865152563,10.060280849984242,0.15767956000000016,0.07340439999999877,0.02978348000000059,10.221652710987449,1.0,6.84,7.82,6.84,8.31,3683.28,9.29
94.3295891,94.9526354,1.7523904999999735,0.7243685000000424,10.442210000000014,1.7113164088684185,0.6473543844718612,10.151583772203002,0.15527956000000015,0.06860439999999877,0.02938348000000059,10.315150247786631,1.0,9.29,10.26,6.35,9.29,3685.24,9.78
94.440414,95.0634603,1.7573904999999734,0.6793685000000425,10.042210000000011,1.7223307531747138,0.6550075900463801,10.125437181884328,0.15047956000000015,0.06540439999999878,0.02778348000000059,10.291741169045954,1.0,9.78,9.78,6.84,8.31,3674.98,9.78
94.55043500000001,95.1734813,1.7473904999999736,0.6693685000000424,9.542210000000011,1.7283214666751472,0.6584406693084257,9.986012511048777,0.14367956000000015,0.06140439999999878,0.02818348000000059,10.155839949408033,1.0,8.31,9.29,6.84,8.8,3659.34,9.78
94.6612957,95.284342,1.7173904999999734,0.5943685000000425,9.232210000000013,1.725708340130399,0.6431237544028496,9.805810575606694,0.13847956000000014,0.05900439999999878,0.02578348000000059,9.977254055267558,1.0,8.31,9.78,6.84,8.31,3646.63,10.26
94.7712817,95.394328,1.8323904999999736,0.7093685000000425,9.217210000000012,1.7512114810776112,0.658960039364111,9.665101356186508,0.13727956000000016,0.05980439999999877,0.02738348000000059,9.8445494671059,1.0,8.8,9.29,7.33,8.8,3641.74,9.78
94.8812838,95.5043301,1.8023904999999734,0.6193685000000424,9.212210000000013,1.76344619524831,0.6494953958852634,9.556834405979284,0.13727956000000016,0.06260439999999878,0.02698348000000059,9.739849619789892,1.0,8.8,9.78,7.33,7.33,3640.76,9.29
94.9921145,95.6151608,1.8223904999999734,0.5843685000000425,9.242210000000014,1.7775372570899048,0.6339263409725602,9.481621169005718,0.13887956000000015,0.06380439999999878,0.02898348000000059,9.6676078374466,1.0,8.8,9.78,6.35,8.8,3641.25,9.78
95.102107,95.7251533,1.9173904999999736,0.7143685000000424,9.452210000000012,1.810970185052937,0.6531566201709195,9.47459021660007,0.14087956000000015,0.06260439999999878,0.03018348000000059,9.668199747322017,1.0,8.8,9.78,6.84,8.31,3645.16,9.78
95.2121073,95.8351536,1.8323904999999736,0.5393685000000423,9.422210000000014,1.8160908660730422,0.6259547480829902,9.462068347447534,0.14207956000000016,0.059404399999998775,0.02698348000000059,9.655088958277394,1.0,9.78,9.78,6.84,9.78,3646.14,10.26
95.32292100000001,95.9459673,1.8723904999999736,0.5643685000000425,9.482210000000013,1.8295497002499124,0.6112321106036817,9.466883354985661,0.14087956000000015,0.06220439999999878,0.02978348000000059,9.66140451775114,1.0,8.8,9.78,7.82,8.8,3642.72,9.78
95.4334236,96.0564699,1.7523904999999735,0.5943685000000425,9.502210000000012,1.8111042360621408,0.607200742672724,9.475328444662273,0.14247956000000014,0.061804399999998774,0.02658348000000059,9.665952639549321,1.0,9.78,9.78,8.8,8.8,3646.14,9.78
95.5442993,96.1673456,1.8423904999999734,0.5493685000000423,9.592210000000012,1.8185834434562702,0.5933755273042131,9.50326982477261,0.14207956000000016,0.06580439999999878,0.02818348000000059,9.693888673780531,1.0,9.78,9.78,9.78,8.31,3650.05,9.78
95.6551066,96.2781529,1.6023904999999736,0.43436850000004235,9.732210000000013,1.7669009586293853,0.5553637488222891,9.557999627435418,0.14407956000000016,0.06740439999999878,0.023383480000000588,9.735796052155518,1.0,9.29,9.78,9.29,8.8,3654.45,9.78
95.7659912,96.3890375,1.6023904999999736,0.41436850000004233,9.90221000000001,1.727573545134517,0.5216578160965446,9.64028560343871,0.14607956000000014,0.06940439999999878,0.02298348000000059,9.80773897220001,1.0,9.29,9.78,9.78,9.78,3662.76,10.26
95.8771362,96.5001825,1.5323904999999733,0.5243685000000424,10.062210000000011,1.6809136282687733,0.522305824664601,9.741149678254269,0.14927956000000014,0.07140439999999877,0.02258348000000059,9.898902517669901,1.0,9.78,9.78,9.78,9.78,3668.62,10.26
95.9964909,96.6195372,1.9273904999999734,0.4793685000000425,10.497210000000013,1.7398357049090818,0.5120413470410209,9.92189135965301,0.15487956000000014,0.07820439999999877,0.02698348000000059,10.086284884629876,1.0,9.78,9.78,9.29,9.29,3676.44,9.78
96.1063023,96.7293486,1.7273904999999736,0.4693685000000425,10.792210000000011,1.7368605887762443,0.501840094703841,10.129947317470993,0.16007956000000015,0.07740439999999878,0.02498348000000059,10.290012674444784,1.0,9.78,9.78,9.78,10.26,3689.64,10.26
96.2163637,96.83941,1.8973904999999736,0.5643685000000425,10.52721000000001,1.7752364236598592,0.5167879616707548,10.224915831400514,0.15607956000000014,0.07740439999999878,0.02778348000000059,10.390738083333702,1.0,9.78,9.29,9.78,9.29,3695.01,10.75
96.3263175,96.9493638,1.7973904999999735,0.4793685000000425,10.252210000000012,1.780532515641386,0.5078425690547478,10.231440699566672,0.15327956000000015,0.07220439999999878,0.02818348000000059,10.39762371424114,1.0,9.78,10.75,9.78,9.78,3691.1,11.24
96.4371245,97.0601708,1.7023904999999735,0.5943685000000425,10.072210000000013,1.761852102334807,0.5285272178768601,10.193375450614678,0.15087956000000016,0.06740439999999878,0.02538348000000059,10.3580097956959,1.0,9.78,9.78,9.78,9.78,3678.89,10.26
96.5471382,97.1701845,1.7673904999999734,0.5343685000000424,9.932210000000012,1.7631760963038934,0.5299236185635547,10.1309419630877,0.14927956000000014,0.06620439999999878,0.02578348000000059,10.296873022793871,1.0,9.29,9.78,9.78,9.78,3673.51,11.73
96.657964,97.2810103,1.8123904999999736,0.5593685000000423,9.852210000000014,1.7749411550131338,0.5369626301693073,10.0643090738604,0.14727956000000014,0.06540439999999878,0.02538348000000059,10.23372181096137,1.0,9.29,9.78,9.78,10.26,3670.58,11.24
96.7688085,97.3918548,1.6073904999999735,0.43936850000004246,9.762210000000014,1.7348869606115354,0.5136320483703427,9.992090108007975,0.14687956000000016,0.06260439999999878,0.023383480000000588,10.154581004343008,1.0,10.26,9.78,9.29,9.78,3670.58,12.22
96.8788061,97.5018524,1.5923904999999734,0.45436850000004236,9.642210000000013,1.7008221523633855,0.4994646690356209,9.908448740790984,0.14487956000000016,0.06220439999999878,0.02298348000000059,10.065764620656859,1.0,9.78,10.26,9.78,9.78,3667.64,12.22
96.9895562,97.6126025,1.6623904999999735,0.5143685000000424,9.602210000000014,1.691634788250617,0.5030275374871385,9.835240157655461,0.14247956000000014,0.06460439999999879,0.02178348000000059,9.992327752783568,1.0,9.78,11.24,9.78,9.78,3663.24,11.24
97.0999186,97.7229649,1.8673904999999735,0.5143685000000424,9.762210000000014,1.7336504607351386,0.5057386764985461,9.817781770926498,0.14567956000000015,0.06580439999999878,0.023383480000000588,9.98249239571212,1.0,9.78,10.26,8.8,10.26,3666.18,13.2
97.2121413,97.8351876,1.6123904999999734,0.3693685000000424,9.90221000000001,1.704662391186649,0.47313840072151425,9.83796494896318,0.14887956000000016,0.06500439999999878,0.02458348000000059,9.995763510167274,1.0,10.75,10.26,9.78,9.78,3667.64,13.2
97.3221619,97.9452082,1.5323904999999733,0.4993685000000425,9.972210000000011,1.6634795511733997,0.4794088954300719,9.870057198147519,0.14887956000000016,0.06620439999999878,0.02258348000000059,10.020729823764993,1.0,9.78,10.26,9.78,9.78,3671.55,14.17
97.43219930000001,98.0552456,1.5223904999999736,0.4643685000000424,10.112210000000012,1.629751194318014,0.47581338025656217,9.927945574647925,0.15167956000000016,0.06660439999999877,0.02098348000000059,10.07206983004901,1.0,10.26,10.26,9.78,9.78,3675.46,13.69
97.5430015,98.1660478,1.5673904999999735,0.5143685000000424,10.162210000000012,1.6148434198719084,0.48503026013841616,9.983948177763349,0.15087956000000016,0.07060439999999878,0.02218348000000059,10.125324431356145,1.0,9.78,11.24,9.78,9.78,3678.89,13.69
97.6535479,98.2765942,1.5523904999999734,0.4843685000000424,10.242210000000014,1.599913598240943,0.48487206159704027,10.045687531951883,0.15287956000000014,0.06940439999999878,0.02218348000000059,10.183843205173927,1.0,9.78,10.75,10.26,10.26,3684.26,14.66
97.7643404,98.3873867,1.4973904999999736,0.3793685000000424,10.192210000000014,1.5754047110194909,0.4596506730806227,10.080714786360055,0.15247956000000015,0.06660439999999877,0.02058348000000059,10.213422019514523,1.0,9.78,10.26,9.78,10.26,3685.24,13.2
97.8752131,98.4982594,1.4373904999999736,0.3893685000000424,10.092210000000012,1.5424114169143455,0.4428492119146533,10.083462800217635,0.15047956000000015,0.06580439999999878,0.017783480000000587,10.21035603918365,1.0,10.75,11.73,10.26,9.78,3682.31,14.66
97.9860099,98.6090562,1.6673904999999736,0.3743685000000425,9.872210000000013,1.5722885695262052,0.4264784030534631,10.032961292317626,0.14767956000000015,0.06620439999999878,0.02218348000000059,10.164363603653578,1.0,9.78,10.75,10.26,9.78,3675.95,14.66
98.0969117,98.719958,1.7023904999999735,0.4643685000000424,9.682210000000012,1.603390375811655,0.4355363044318521,9.949111662198316,0.14407956000000016,0.06500439999999878,0.02298348000000059,10.086891267214797,1.0,10.26,12.22,9.78,10.26,3673.02,13.69
98.2163213,98.8393676,1.5323904999999733,0.5943685000000425,9.607210000000013,1.5864173426234107,0.47350628812437356,9.86737760008531,0.14367956000000015,0.06140439999999878,0.02418348000000059,10.005302039045848,1.0,9.78,10.26,9.78,9.78,3669.11,13.69
98.3263315,98.9493778,1.7323904999999735,0.5543685000000425,9.382210000000011,1.6213132803475379,0.4928369839903902,9.751394780623057,0.14007956000000016,0.06380439999999878,0.02578348000000059,9.897537330739533,1.0,10.26,9.78,9.78,9.78,3663.73,12.22
98.4363104,99.0593567,1.6323904999999734,0.3793685000000424,9.40221000000001,1.6239613697229747,0.4657115232403438,9.667919636440203,0.14167956000000015,0.06300439999999878,0.02498348000000059,9.814418365338692,1.0,10.26,9.29,9.78,9.78,3657.87,14.66
98.5462971,99.1693434,1.4673904999999734,0.43436850000004235,9.362210000000012,1.586531972308683,0.4582187471249521,9.594837539521778,0.14247956000000014,0.06100439999999877,0.02218348000000059,9.73591061633121,1.0,9.78,10.26,9.78,11.24,3659.82,14.66
98.6571692,99.2802155,1.4773904999999736,0.4843685000000424,9.242210000000014,1.5604409149577803,0.46447003444537677,9.510539378955038,0.14007956000000016,0.05980439999999877,0.023383480000000588,9.648889445973897,1.0,10.75,9.78,9.78,10.26,3660.8,14.17
98.7671578,99.3902041,1.5123904999999733,0.5293685000000423,9.332210000000014,1.5489541161646254,0.47998448143746897,9.46790845273383,0.13967956000000015,0.06220439999999878,0.02498348000000059,9.60577609700293,1.0,9.78,10.26,9.78,9.78,3657.38,14.66
98.8771289,99.5001752,1.4673904999999734,0.5043685000000424,9.372210000000013,1.5294557445366557,0.48581365721550923,9.445031046319446,0.14167956000000015,0.06020439999999878,0.02298348000000059,9.58038941014255,1.0,9.78,9.78,9.78,9.78,3659.82,14.66
98.9872476,99.6102939,1.2773904999999734,0.41936850000004244,9.492210000000014,1.4691977270089671,0.469929462409204,9.45630951599918,0.14247956000000014,0.06100439999999877,0.017783480000000587,9.58129246621066,1.0,9.78,10.75,9.29,9.78,3660.8,13.69
99.0971641,99.7202104,1.2873904999999735,0.42936850000004245,9.772210000000012,1.425735396087839,0.46023307134869235,9.531827808641692,0.14687956000000016,0.06300439999999878,0.01738348000000059,9.648848494676237,1.0,10.26,11.24,9.78,10.26,3665.69,13.2
99.2082764,99.8313227,1.3773904999999735,0.3843685000000423,9.752210000000012,1.4141781994533265,0.44209709755166904,9.58451176344105,0.14647956000000015,0.06380439999999878,0.01898348000000059,9.698361488778016,1.0,11.24,9.78,9.78,10.26,3670.58,13.69
99.3188447,99.941891,1.4123904999999735,0.3543685000000425,9.872210000000013,1.4137508369853575,0.4211249425897178,9.653288105110526,0.14927956000000014,0.06420439999999877,0.01938348000000059,9.765347351047804,1.0,9.78,10.26,9.78,10.26,3670.58,13.69
99.42936830000001,100.0524146,1.3373904999999735,0.28936850000004233,9.952210000000012,1.395496346831655,0.38962761323140893,9.724747543379252,0.15087956000000016,0.06380439999999878,0.01858348000000059,9.83208698667143,1.0,9.78,9.29,9.78,10.26,3671.07,13.2
99.5402149,100.1632612,1.1723904999999735,0.2193685000000425,10.042210000000011,1.3421612825167617,0.34892594232790064,9.800639236859638,0.15287956000000014,0.06300439999999878,0.01458348000000059,9.898266296306092,1.0,9.78,10.26,8.31,9.78,3674.49,13.2
99.6510248,100.2740711,1.4123904999999735,0.2543685000000424,9.922210000000014,1.3589500842646496,0.3263213026932751,9.829701605968209,0.15207956000000014,0.06260439999999878,0.016983480000000592,9.928558031581844,1.0,8.8,9.78,9.29,9.78,3675.46,13.69
99.7619218,100.3849681,1.5423904999999736,0.42936850000004245,9.752210000000012,1.4028028407483264,0.3509554795822937,9.811176677792318,0.14807956000000014,0.06420439999999877,0.02258348000000059,9.91716760781607,1.0,10.26,10.26,9.78,9.78,3673.02,12.71
99.87279290000001,100.4958392,1.3973904999999736,0.5143685000000424,9.65221000000001,1.4015089815957902,0.3900205425451974,9.773174545152674,0.14607956000000014,0.06260439999999878,0.02098348000000059,9.880854423536514,1.0,9.78,10.26,9.29,10.75,3670.58,11.73
99.9922499,100.6152962,1.4073904999999736,0.29936850000004234,9.672210000000014,1.4029150010561093,0.3683495169397146,9.749038241305364,0.14807956000000014,0.06220439999999878,0.01978348000000059,9.85634813190222,1.0,9.78,9.78,10.26,9.29,3669.6,12.22
100.1021901,100.7252364,1.2023904999999735,0.2593685000000423,9.737210000000012,1.3549781705677109,0.34229681760384717,9.746210614778708,0.15047956000000015,0.05860439999999877,0.015383480000000588,9.845900380446773,1.0,9.78,10.26,10.26,9.78,3669.6,12.71
100.2122675,100.8353138,1.4073904999999736,0.3743685000000425,9.687210000000011,1.3675077165247562,0.3499637849540054,9.73210609161839,0.14767956000000015,0.05780439999999878,0.01938348000000059,9.833943307953826,1.0,9.78,9.78,10.26,9.78,3667.64,11.73
100.3222562,100.9453025,1.4673904999999734,0.30936850000004235,9.787210000000012,1.3913854174288491,0.3402591888412262,9.745279078966199,0.15007956000000014,0.058204399999998775,0.01898348000000059,9.849984468127898,1.0,10.26,9.78,9.78,10.26,3665.69,10.75
100.4322196,101.0552659,1.1923904999999735,0.15436850000004232,9.762210000000014,1.3438142449556638,0.2958206768717744,9.749326537941714,0.15007956000000014,0.06420439999999877,0.01578348000000059,9.845949143745624,1.0,9.78,12.22,8.8,9.78,3667.16,10.75
100.5430202,101.1660665,1.3473904999999735,0.28936850000004233,9.762210000000014,1.3446691745574801,0.294278237382573,9.752406422611866,0.14927956000000014,0.06460439999999879,0.01858348000000059,9.84906929114641,1.0,9.78,10.75,9.29,9.78,3670.58,12.22
100.6530027,101.276049,1.6823904999999735,0.40936850000004243,9.672210000000014,1.425403896971884,0.32179139602853024,9.733234888478766,0.14527956000000014,0.06740439999999878,0.02298348000000059,9.842316158626529,1.0,9.29,9.78,9.29,9.78,3671.07,10.75
100.7638765,101.3869228,1.4323904999999735,0.3643685000000425,9.602210000000014,1.427074094894249,0.3319697602933436,9.701912442415136,0.14487956000000016,0.06500439999999878,0.02098348000000059,9.81192383961255,1.0,10.26,9.78,9.29,9.78,3669.11,9.78
100.87388010000001,101.4969264,1.3073904999999735,0.31936850000004235,9.592210000000012,1.3984628669870771,0.32895733799363136,9.675687281108065,0.14607956000000014,0.06260439999999878,0.01818348000000059,9.781760357029707,1.0,9.78,9.78,9.29,9.29,3669.11,10.26
100.9838496,101.6068959,1.3223904999999734,0.29936850000004234,9.712210000000013,1.3802772181416467,0.3218839125330175,9.684418300885088,0.14807956000000014,0.06300439999999878,0.01738348000000059,9.787580511984892,1.0,9.78,9.29,9.78,9.78,3669.6,10.26
101.0938544,101.7169007,1.3273904999999735,0.2293685000000425,9.712210000000013,1.3676342661368173,0.299767434871687,9.691062107314925,0.14767956000000015,0.06380439999999878,0.016583480000000587,9.791678547049854,1.0,9.78,9.78,9.78,9.78,3670.09,9.78
101.2130481,101.8360944,1.3673904999999735,0.3993685000000424,9.532210000000013,1.367575992080933,0.323577788969939,9.653087363575516,0.14287956000000016,0.06260439999999878,0.01978348000000059,9.754848144817638,1.0,9.78,9.78,9.78,9.29,3669.6,10.26
101.3230206,101.9460669,1.1623904999999735,0.20936850000004248,9.522210000000012,1.3185249180188658,0.29627523343824474,9.621800184405668,0.14527956000000014,0.058204399999998775,0.01498348000000059,9.716240310017785,1.0,9.78,10.26,9.29,9.78,3670.09,9.78
101.433061,102.0561073,0.8923904999999734,0.29936850000004234,9.612210000000012,1.216654407162313,0.2970147011543959,9.619507581547737,0.14607956000000014,0.06100439999999877,0.010583480000000589,9.700690273925032,1.0,9.78,9.78,9.29,8.8,3669.11,10.26
101.5446918,102.1677381,1.0423904999999736,0.21436850000004237,9.792210000000011,1.1749953613405335,0.27725752976446566,9.660793342213788,0.14927956000000014,0.06340439999999878,0.01218348000000059,9.735934153328335,1.0,9.78,10.26,9.78,9.78,3674.49,9.78
101.6546792,102.2777255,1.3473904999999735,0.3643685000000425,9.732210000000013,1.216207664552439,0.29808203645501596,9.677866010143717,0.14687956000000016,0.06620439999999878,0.01858348000000059,9.75854008005646,1.0,9.78,9.29,9.78,9.78,3679.86,9.78
101.7655518,102.3885981,1.1773904999999736,0.19436850000004235,9.702210000000012,1.2069281409660872,0.27328856637924404,9.683685616770369,0.14887956000000016,0.060604399999998775,0.01738348000000059,9.762434599136364,1.0,9.29,9.78,9.29,9.78,3675.46,10.26
101.8755412,102.4985875,1.2223904999999735,0.31436850000004246,9.65221000000001,1.2106245295871998,0.2831090212567435,9.676161143213813,0.14687956000000016,0.06300439999999878,0.01578348000000059,9.75570894087129,1.0,9.78,9.29,9.29,9.29,3675.46,9.78
101.9855206,102.6085669,1.2623904999999735,0.28936850000004233,9.572210000000013,1.2229995587515905,0.2846053948663666,9.651310871525965,0.14567956000000015,0.06140439999999878,0.016983480000000592,9.732652757102192,1.0,9.78,9.78,8.31,9.29,3674.98,9.78
102.0963505,102.7193968,1.3823904999999734,0.30436850000004245,9.332210000000014,1.2611031146351233,0.28932990790954927,9.57502750312722,0.14087956000000015,0.06340439999999878,0.01858348000000059,9.662051777288095,1.0,9.29,9.78,8.8,9.78,3671.55,9.78
102.2063892,102.8294355,1.1073904999999735,0.22436850000004238,9.452210000000012,1.2243570037465048,0.27380041409286116,9.545667091818832,0.14447956000000015,0.05980439999999877,0.01458348000000059,9.627760745220746,1.0,9.78,9.78,8.8,9.78,3670.58,9.78
102.3163574,102.9394037,1.0573904999999735,0.2193685000000425,9.522210000000012,1.1844424549248753,0.2607880718340164,9.540059504574643,0.14527956000000014,0.05860439999999877,0.01338348000000059,9.616841981558414,1.0,9.78,9.29,9.29,9.78,3671.55,9.78
102.4263701,103.0494164,1.2973904999999735,0.30936850000004235,9.562210000000011,1.211443500992783,0.2724015741132051,9.545354740512632,0.14607956000000014,0.05980439999999877,0.01458348000000059,9.625777635905786,1.0,9.78,10.26,9.29,8.8,3672.04,9.78
102.5372368,103.1602831,1.1923904999999735,0.32436850000004247,9.482210000000013,1.20688874347399,0.2848246431352948,9.530259534160066,0.14447956000000015,0.05900439999999878,0.01578348000000059,9.610595835061956,1.0,9.78,9.29,8.31,9.29,3673.02,9.78
102.6479449,103.2709912,1.1073904999999735,0.2743685000000424,9.372210000000013,1.1831029696349513,0.2823250265877054,9.4924766513308,0.14327956000000014,0.058204399999998775,0.012983480000000588,9.570086364994685,1.0,9.29,9.29,9.29,9.29,3670.58,9.78
102.7586286,103.3816749,1.2773904999999734,0.2443685000000424,9.412210000000012,1.2056430848651218,0.2732512447237534,9.473288328515135,0.14247956000000014,0.06140439999999878,0.01498348000000059,9.55360838877161,1.0,7.82,9.78,8.31,9.78,3671.07,10.26
102.8697508,103.4927971,1.2973904999999735,0.30936850000004235,9.472210000000011,1.2275759672007167,0.28188533549454153,9.473030546294169,0.14407956000000016,0.06300439999999878,0.01898348000000059,9.556396278338296,1.0,9.78,9.78,9.29,9.78,3671.07,9.78
102.988924,103.6119703,1.3673904999999735,0.2293685000000425,9.612210000000012,1.2609996412321325,0.26933080660840736,9.50630240008074,0.14687956000000016,0.06220439999999878,0.016983480000000592,9.593354184035777,1.0,9.78,9.78,9.29,9.78,3674.0,9.78
103.0988974,103.7219437,1.2473904999999734,0.30936850000004235,9.712210000000013,1.2577462777134467,0.2789021064303876,9.555526099237781,0.14847956000000015,0.06100439999999877,0.01578348000000059,9.641980663602666,1.0,9.29,9.29,8.8,9.29,3674.98,11.24
103.20971660000001,103.8327629,1.4273904999999736,0.3843685000000423,9.742210000000014,1.2983009544948583,0.3041146096613814,9.600154234246814,0.14807956000000014,0.06140439999999878,0.01738348000000059,9.692318215245452,1.0,10.26,9.78,8.8,9.78,3675.46,9.78
103.3197591,103.9428054,1.4223904999999735,0.30936850000004235,9.792210000000011,1.3279654567224233,0.30537059009889667,9.646066552386198,0.14847956000000015,0.06140439999999878,0.01898348000000059,9.741834703207045,1.0,9.78,9.78,9.78,9.29,3675.46,9.78
103.4305398,104.0535861,1.5473904999999735,0.30436850000004245,9.812210000000011,1.3804205983590094,0.3051310332220568,9.685784343693864,0.14847956000000015,0.06420439999999877,0.01978348000000059,9.788415823224623,1.0,9.78,9.78,9.29,8.31,3675.46,9.78
103.5413984,104.1644447,1.4823904999999735,0.29436850000004244,9.782210000000013,1.404797239937153,0.3025581719109842,9.70883559337525,0.14727956000000014,0.06340439999999878,0.01938348000000059,9.814605713522846,1.0,9.78,9.78,7.82,9.78,3675.46,9.78
103.6513989,104.2744452,1.4173904999999736,0.3543685000000425,9.762210000000014,1.4078077497239785,0.3149438050983133,9.721595130834833,0.14727956000000014,0.06340439999999878,0.02058348000000059,9.828047829982525,1.0,9.29,9.78,8.8,9.29,3674.98,9.78
103.7613997,104.384446,1.3823904999999734,0.3843685000000423,9.742210000000014,1.4017315725731383,0.3315402799115398,9.726523264222559,0.14847956000000015,0.061804399999998774,0.01898348000000059,9.832600122460734,1.0,9.29,9.78,7.82,8.8,3675.46,9.78
103.87224450000001,104.4952908,1.5373904999999735,0.3493685000000424,9.622210000000013,1.4341618191218013,0.3358022447078175,9.70158642489175,0.14487956000000016,0.06380439999999878,0.02138348000000059,9.812765279503095,1.0,9.29,10.26,7.82,9.78,3674.49,10.26
103.9822146,104.6052609,1.5673904999999735,0.3943685000000423,9.752210000000012,1.4660110976778515,0.3498029310952515,9.713688356206378,0.14767956000000015,0.06380439999999878,0.02258348000000059,9.82991821484883,1.0,9.78,9.78,7.33,8.8,3674.98,9.78
104.0922188,104.7152651,1.5873904999999735,0.32936850000004236,9.772210000000012,1.4950277206005027,0.3449179327315669,9.727678377892817,0.14807956000000014,0.06340439999999878,0.02098348000000059,9.847933940142328,1.0,7.33,9.78,6.84,9.29,3674.98,10.26
104.2030528,104.8260991,1.5473904999999735,0.32936850000004236,9.672210000000014,1.5075454212642792,0.3412007285140475,9.714418261475574,0.14687956000000016,0.06340439999999878,0.02178348000000059,9.836616963834848,1.0,8.31,9.78,8.31,9.29,3674.98,9.78
104.3130652,104.9361115,1.6923904999999735,0.3893685000000424,9.642210000000013,1.551733972584933,0.3527155822330035,9.697156354965472,0.14567956000000015,0.06580439999999878,0.02578348000000059,9.82685748224077,1.0,8.8,9.78,6.35,8.8,3674.98,9.78
104.4239282,105.0469745,1.5373904999999735,0.3493685000000424,9.65221000000001,1.5483050618518366,0.3519154380471951,9.686411604136008,0.14767956000000015,0.06260439999999878,0.01978348000000059,9.815684530629165,1.0,8.8,9.78,5.87,8.8,3671.55,9.29
104.5344345,105.1574808,1.4823904999999735,0.2693685000000423,9.692210000000014,1.532547709700015,0.33218199622007927,9.687797752552653,0.14727956000000014,0.06420439999999877,0.02058348000000059,9.81389182004182,1.0,9.78,9.78,7.33,7.82,3673.51,9.78
104.6455991,105.2686454,1.3623904999999734,0.17936850000004245,9.832210000000014,1.4918703995717815,0.29565082608347487,9.722320543482798,0.15047956000000015,0.06420439999999877,0.01858348000000059,9.840559102526134,1.0,8.8,9.78,7.33,8.31,3674.98,9.78
104.7647502,105.3877965,1.5023904999999735,0.28436850000004243,9.672210000000014,1.4943853055722507,0.2929537045340991,9.710341256084181,0.14767956000000015,0.06420439999999877,0.02098348000000059,9.829025212304678,1.0,9.78,9.78,5.87,9.29,3675.46,10.26
104.8747178,105.4977641,1.4923904999999735,0.19936850000004247,9.602210000000014,1.4939084328904988,0.2705814853671491,9.684491698219164,0.14567956000000015,0.06460439999999879,0.01978348000000059,9.80277288316733,1.0,9.29,9.78,5.38,9.29,3675.46,9.78
104.9855816,105.6086279,1.6223904999999736,0.3493685000000424,9.592210000000012,1.5246229991374518,0.2894160903418632,9.662431091652813,0.14607956000000014,0.06460439999999879,0.02218348000000059,9.786256258845189,1.0,9.29,9.78,6.84,8.8,3675.46,9.78
105.0955777,105.718624,1.3573904999999735,0.2693685000000423,9.532210000000013,1.4846448621961694,0.2846235690546631,9.631300799026743,0.14567956000000015,0.06300439999999878,0.01978348000000059,9.749212071969717,1.0,9.78,9.78,6.84,9.29,3674.49,9.78
105.2063603,105.8294066,1.3073904999999735,0.31436850000004246,9.492210000000014,1.4422709264966636,0.2917343096629571,9.59805013878162,0.14527956000000014,0.06100439999999877,0.01818348000000059,9.710191594372272,1.0,8.8,9.29,5.87,8.8,3673.02,9.78
105.3166556,105.9397019,1.3723904999999734,0.4043685000000423,9.482210000000013,1.425565505753634,0.3186603264885785,9.57035771682181,0.14447956000000015,0.06100439999999877,0.02098348000000059,9.681194566932492,1.0,9.29,9.78,8.31,7.33,3670.58,9.78
105.4289301,106.0519764,1.4273904999999736,0.3843685000000423,9.552210000000013,1.4260017838112695,0.3343683400167584,9.566019374023519,0.14527956000000014,0.06340439999999878,0.01898348000000059,9.677500190567386,1.0,9.29,9.78,6.84,7.82,3672.04,9.78
105.5389395,106.1619858,1.2523904999999735,0.20936850000004248,9.632210000000011,1.3844987523158538,0.3044862253105821,9.581842721298512,0.14727956000000014,0.060604399999998775,0.016583480000000587,9.686137444423826,1.0,7.82,9.78,6.84,6.84,3673.51,9.78
105.6489195,106.2719658,1.3423904999999734,0.2393685000000425,9.712210000000013,1.374432470426121,0.28891936269000107,9.613007960994572,0.14847956000000015,0.06300439999999878,0.01818348000000059,9.715063616469214,1.0,9.29,9.29,5.87,8.31,3675.46,9.78
105.7597652,106.3828115,1.4323904999999735,0.3893685000000424,9.587210000000013,1.3882877560619924,0.3129324545694283,9.606840772064396,0.14567956000000015,0.05660439999999878,0.01858348000000059,9.711676437904702,1.0,9.29,9.29,5.87,8.8,3675.46,9.78
105.8706208,106.4936671,1.7073904999999736,0.4993685000000425,9.917210000000011,1.4645715720743584,0.35750133797102707,9.681036777988878,0.14927956000000014,0.058204399999998775,0.02178348000000059,9.797716580568796,1.0,8.31,9.78,6.84,6.84,3665.69,9.78
105.9806268,106.6036731,1.3423904999999734,0.3593685000000424,10.157210000000013,1.4353633042064784,0.35794769654171477,9.794869426400615,0.15287956000000014,0.05740439999999877,0.01098348000000059,9.90595080993034,1.0,8.8,8.8,5.87,8.8,3670.58,9.78
106.0914192,106.7144655,1.6173904999999735,0.4993685000000425,10.417210000000011,1.4788782202545105,0.3917553611772554,9.943644436065568,0.15607956000000014,0.06340439999999878,0.01738348000000059,10.060646983382927,1.0,6.35,9.78,5.87,8.31,3678.89,9.78
106.2014723,106.8245186,1.5023904999999735,0.4593685000000425,10.737210000000012,1.4844990005712189,0.40791877042383495,10.133352016532786,0.16167956000000014,0.06260439999999878,0.016983480000000592,10.24963209568666,1.0,6.84,9.78,4.89,7.33,3687.19,9.78
106.3115435,106.9345898,1.4323904999999735,0.42436850000004234,10.847210000000011,1.472042087098141,0.4118511971054697,10.304004924112785,0.16447956000000016,0.06460439999999879,0.02098348000000059,10.416767578807065,1.0,7.82,9.78,5.87,6.84,3693.55,9.78
106.4222693,107.0453156,1.3423904999999734,0.3993685000000424,10.857210000000013,1.4410479386497337,0.40886711819227306,10.436252593641726,0.16687956000000015,0.06660439999999877,0.02138348000000059,10.543204431296926,1.0,7.33,9.29,6.35,6.35,3696.48,9.78
106.5327948,107.1558411,1.2723904999999736,0.28936850000004233,11.357210000000013,1.4007291596248321,0.38030011030192473,10.656414114269438,0.17447956000000014,0.06780439999999878,0.017783480000000587,10.754805071563121,1.0,7.33,8.31,5.87,7.33,3700.39,9.78
106.6443343,107.2673806,1.8123904999999736,0.5193685000000423,11.302210000000013,1.4991397767227679,0.41354541343516593,10.810796285731394,0.16927956000000016,0.07700439999999878,0.02538348000000059,10.92207655213556,1.0,6.84,9.29,5.38,7.33,3704.3,9.78
106.754777,107.3778233,1.6923904999999735,0.5493685000000423,11.042210000000011,1.5453377580901742,0.44601490341159944,10.866117405769886,0.16407956000000015,0.07420439999999878,0.02098348000000059,10.984512076401924,1.0,5.87,8.8,6.35,6.35,3704.79,9.29
106.8652601,107.4883064,1.7223904999999735,0.5393685000000423,10.857210000000013,1.5876634950037904,0.4683317550261048,10.863988026076965,0.16207956000000015,0.06900439999999877,0.01978348000000059,10.9893696742296,1.0,6.35,8.31,5.38,4.89,3702.83,9.78
106.9763327,107.599379,1.5573904999999735,0.6143685000000425,11.107210000000013,1.5804265168677976,0.5032428938247164,10.922131995884119,0.16407956000000015,0.06780439999999878,0.016583480000000587,11.047351208363006,1.0,6.35,8.8,4.89,5.38,3700.88,10.26
107.0957952,107.7188415,1.7323904999999735,0.6893685000000425,11.407210000000013,1.6167546047641972,0.5477375644798462,11.038093396782678,0.16687956000000015,0.07460439999999878,0.01618348000000059,11.169306949299312,1.0,5.38,9.29,6.84,5.87,3704.79,9.29
107.2056436,107.8286899,2.0323904999999733,0.7393685000000425,11.072210000000013,1.7161153679122045,0.5935483238832231,11.04624921722684,0.15927956000000015,0.08100439999999878,0.02378348000000059,11.194506390987215,1.0,5.87,8.8,4.89,6.35,3704.79,9.78
107.3157994,107.9388457,1.3973904999999736,0.44936850000004247,11.317210000000014,1.6399218858934232,0.5590810954850319,11.111024349663973,0.16887956000000015,0.06980439999999878,0.011383480000000588,11.245300243301052,1.0,5.38,7.82,5.87,5.87,3704.79,9.78
107.4272811,108.0503274,1.1173904999999735,0.3443685000000425,11.77721000000001,1.51500698353229,0.5077524985341455,11.270280841642586,0.18007956000000014,0.06780439999999878,0.007783480000000589,11.382982430339387,1.0,4.89,7.82,4.89,6.35,3708.21,9.29
107.5372783,108.1603246,1.6073904999999735,0.30936850000004235,11.90221000000001,1.5370919304864465,0.460327370635796,11.421348071758151,0.18047956000000015,0.07660439999999878,0.016983480000000592,11.533505307025123,1.0,4.4,7.33,5.38,5.87,3713.59,9.78
107.6472886,108.2703349,1.7173904999999734,0.44436850000004235,11.352210000000014,1.580193605935329,0.4565122873296506,11.404820116277854,0.17247956000000014,0.07420439999999878,0.02218348000000059,11.522818109532835,1.0,5.87,8.31,4.89,5.87,3712.61,7.82
107.7581268,108.3811731,1.7723904999999736,0.5243685000000424,11.022210000000012,1.6261396618170203,0.4727338051353709,11.31335440415511,0.16807956000000016,0.07220439999999878,0.026183480000000592,11.439396632876576,1.0,4.89,7.82,4.4,5.87,3705.77,9.78
107.86811900000001,108.4911653,1.4223904999999735,0.5593685000000423,10.897210000000012,1.5774319528800322,0.4934444547580784,11.213872078276669,0.16087956000000014,0.07220439999999878,0.017783480000000587,11.335021216735834,1.0,4.89,8.8,3.91,5.38,3703.81,9.78
107.978157,108.6012033,1.8323904999999736,0.6293685000000424,11.252210000000012,1.6383816352903402,0.5259380796355559,11.223037035402855,0.16327956000000016,0.08380439999999878,0.02378348000000059,11.354182733446363,1.0,5.38,8.31,4.89,4.89,3707.23,9.78
108.0881297,108.711176,2.1173904999999733,0.7193685000000425,11.827210000000012,1.752892164572733,0.5721790188897384,11.36746894690009,0.17327956000000014,0.09380439999999877,0.03018348000000059,11.516048368646944,1.0,4.89,9.29,4.89,5.38,3713.59,9.78
108.1981339,108.8211802,2.2623904999999733,0.5093685000000423,11.937210000000011,1.8746914220742363,0.557163710630421,11.503669661231186,0.17567956000000015,0.09580439999999878,0.02298348000000059,11.66873236487893,1.0,5.87,7.33,5.38,5.38,3718.48,9.29
108.308626,108.9316723,2.9123904999999737,0.6143685000000425,11.942210000000014,2.122760882586534,0.5708389287543569,11.608505897058553,0.17647956000000015,0.10300439999999877,0.03538348000000059,11.81479496264172,1.0,6.84,8.31,4.4,5.38,3721.9,9.78
108.4194854,109.0425317,2.1873904999999736,-0.045631499999957637,11.602210000000014,2.138211059488412,0.4234672196182599,11.6070008173876,0.18127956000000015,0.09180439999999877,0.02418348000000059,11.809900041738127,1.0,5.38,6.84,5.38,5.38,3725.32,9.29
108.5303376,109.1533839,2.3973904999999736,0.16936850000004244,11.522210000000012,2.200169776954078,0.3627230851832981,11.586730959995242,0.17567956000000015,0.09300439999999878,0.02858348000000059,11.799349533904795,1.0,5.87,7.82,4.89,5.38,3723.36,9.78
108.6414862,109.2645325,2.6923904999999735,0.3643685000000425,11.682210000000012,2.317838696409075,0.3631164334810769,11.609555914211796,0.17647956000000015,0.09300439999999878,0.03498348000000059,11.84423987818743,1.0,4.89,6.84,4.89,4.89,3723.36,9.78
108.7606435,109.3836898,2.5323904999999733,0.20936850000004248,12.182210000000012,2.3691288548961804,0.32636187936722005,11.746453010049644,0.19047956000000016,0.09220439999999877,0.03418348000000059,11.98742849508226,1.0,5.38,6.35,4.89,5.38,3723.85,9.29
108.8706589,109.4937052,2.7023904999999733,0.42936850000004245,12.40221000000001,2.4487974585106236,0.350986356109222,11.903216455430481,0.18967956000000016,0.09540439999999878,0.03698348000000059,12.157563999412625,1.0,4.4,5.87,4.89,5.38,3725.81,9.29
108.9815061,109.6045524,2.6073904999999735,0.4043685000000423,12.797210000000014,2.486710270693042,0.36374774321814773,12.116932070121152,0.19407956000000015,0.09700439999999878,0.03378348000000059,12.374816490881674,1.0,5.38,6.84,4.89,5.38,3730.69,8.31
109.0922975,109.7153438,2.0773904999999733,0.5843685000000425,12.642210000000013,2.3888594227421933,0.4164887288053164,12.242503553661962,0.18887956000000014,0.08740439999999877,0.02698348000000059,12.480344765441048,1.0,4.89,7.33,4.89,5.38,3734.12,9.78
109.2023123,109.8253586,2.5123904999999733,0.6893685000000425,12.77721000000001,2.4183904191010757,0.48172260928664745,12.370328992170274,0.18807956000000015,0.09740439999999878,0.03338348000000059,12.613711121871559,1.0,4.89,7.33,5.38,4.89,3734.6,9.78
109.3123153,109.9353616,2.5523904999999734,0.7093685000000425,12.787210000000012,2.4504241064043737,0.5361430038869738,12.469987408478076,0.18727956000000015,0.09620439999999877,0.03178348000000059,12.71977254472211,1.0,4.89,6.35,4.89,4.4,3737.05,8.31
109.42324,110.0462863,2.3573904999999735,0.7693685000000423,12.367210000000014,2.4281837507548483,0.5918972434629893,12.445417726557409,0.18327956000000015,0.09140439999999878,0.03258348000000059,12.693889910612835,1.0,4.89,6.35,5.87,4.89,3734.6,9.78
109.5332421,110.1562884,2.3523904999999736,0.7143685000000424,12.082210000000014,2.410064826660959,0.6211748820228495,12.358590295852647,0.17927956000000014,0.08660439999999878,0.03258348000000059,12.606705549171346,1.0,4.4,6.84,4.89,5.38,3730.21,8.8
109.64370650000001,110.2667528,2.3523904999999736,0.7843685000000424,11.812210000000011,2.396277362255768,0.6601874952474606,12.227974139290529,0.17287956000000015,0.08500439999999877,0.03298348000000059,12.4780344716986,1.0,4.89,6.84,4.89,5.38,3723.85,8.8
109.7539745,110.3770208,2.6073904999999735,0.7593685000000425,11.627210000000012,2.4467454828326387,0.6838974308785313,12.084357132106872,0.17167956000000015,0.08860439999999878,0.03738348000000059,12.348520820326067,1.0,4.89,6.35,4.89,4.89,3723.85,9.29
109.86403,110.4870763,2.8123904999999736,0.8343685000000424,11.707210000000014,2.5341555654637444,0.7198686268964516,11.994197385812674,0.17367956000000015,0.09340439999999878,0.04578348000000059,12.28010285786712,1.0,6.35,6.35,4.89,5.38,3721.9,9.29
109.9739826,110.5970289,2.6773904999999734,0.8493685000000424,11.707210000000014,2.568396911238034,0.7508265070185325,11.92559097814901,0.17207956000000016,0.08940439999999877,0.03938348000000059,12.222116155372104,1.0,4.89,5.87,4.4,4.4,3724.34,9.29
110.0848454,110.7078917,2.5773904999999737,0.8193685000000425,11.477210000000014,2.5705468935977596,0.7672119655614356,11.818402266392866,0.16807956000000016,0.08780439999999878,0.03938348000000059,12.119032868284735,1.0,5.87,4.89,4.89,4.89,3722.87,9.78
110.1953334,110.8183797,2.6273904999999735,0.6993685000000425,11.707210000000014,2.5841357683242916,0.7509934950442015,11.791820951902011,0.17287956000000015,0.08900439999999878,0.03938348000000059,12.094990296004662,1.0,5.38,4.89,4.89,5.87,3720.92,8.8
110.3061922,110.9292385,2.6423904999999737,0.7593685000000425,11.667210000000011,2.5980619827408655,0.7529956004766707,11.762031803708835,0.17167956000000015,0.08740439999999877,0.03898348000000059,12.069064611309308,1.0,5.87,4.89,4.89,4.89,3724.34,8.31
110.4172761,111.0403224,2.4573904999999736,0.6693685000000424,11.667210000000011,2.5644334486356293,0.7330039380181159,11.739363966576446,0.17127956000000014,0.08700439999999877,0.03538348000000059,12.038533134289443,1.0,4.89,5.87,4.89,5.38,3723.36,8.31
110.5365062,111.1595525,2.6173904999999733,0.7893685000000424,11.657210000000013,2.577093214305398,0.7464782937155479,11.719724467418079,0.16887956000000015,0.08780439999999878,0.03618348000000059,12.022918982942759,1.0,4.89,5.38,4.89,4.89,3721.9,9.29
110.6465741,111.2696204,2.5573904999999737,0.8293685000000424,11.547210000000014,2.5723831381259488,0.7662937962944363,11.678483637804439,0.16887956000000015,0.08820439999999878,0.03978348000000059,11.982960455163827,1.0,4.89,4.89,4.89,4.89,3722.39,8.31
110.7564964,111.3795427,2.4973904999999736,0.8193685000000425,11.442210000000014,2.554455606264312,0.7789816876062584,11.622000717938514,0.16727956000000016,0.08420439999999878,0.03818348000000059,11.92488811694954,1.0,4.89,4.89,4.89,4.89,3718.96,9.29
110.86653390000001,111.4895802,2.4473904999999734,0.7643685000000424,11.327210000000012,2.528860919215176,0.7754882995490142,11.551528867361935,0.16567956000000014,0.08420439999999878,0.03618348000000059,11.850499517951441,1.0,4.89,4.89,4.4,4.89,3716.03,8.8
110.9765301,111.5995764,2.5423904999999736,0.8393685000000424,11.227210000000014,2.532095263234206,0.7907593229125311,11.47399809936583,0.16207956000000015,0.08820439999999878,0.03738348000000059,11.77664804233857,1.0,4.89,5.38,4.89,4.89,3715.05,6.84
111.0865303,111.7095766,2.4773904999999736,0.8343685000000424,11.257210000000011,2.5190176944171503,0.8011844117110184,11.422173338219599,0.16247956000000016,0.08900439999999878,0.03938348000000059,11.724051790003749,1.0,4.89,4.89,4.89,5.87,3714.57,8.8
111.1965552,111.8196015,2.5923904999999734,0.9443685000000425,11.207210000000014,2.536557993608307,0.8354136023226201,11.370784799406739,0.16127956000000016,0.08900439999999878,0.04058348000000059,11.680187896446837,1.0,4.89,5.87,4.89,4.89,3714.57,7.82
111.3065394,111.9295857,2.5373904999999737,0.8393685000000424,11.427210000000013,2.536757010274937,0.8363590491810491,11.384273651202243,0.16567956000000014,0.08580439999999878,0.03738348000000059,11.693430598151412,1.0,4.89,5.38,4.89,4.89,3717.01,7.82
111.4173609,112.0404072,2.4173904999999736,0.8443685000000424,11.472210000000011,2.5082215837365074,0.8382737662564839,11.405295470600299,0.16687956000000015,0.08340439999999878,0.03658348000000059,11.707888075652722,1.0,5.38,5.87,4.4,4.89,3717.99,7.33
111.5273923,112.1504386,2.3473904999999733,0.8793685000000424,11.982210000000013,2.4697737513881535,0.8480977592102394,11.54321105625926,0.17327956000000014,0.08820439999999878,0.03338348000000059,11.83489643729802,1.0,4.89,4.89,5.38,4.89,3721.9,7.33
111.6465154,112.2695617,2.5073904999999734,0.8293685000000424,12.327210000000012,2.478766306872556,0.8436203945031648,11.730631667063637,0.17927956000000014,0.09220439999999877,0.03538348000000059,12.019305183013888,1.0,4.89,5.38,5.87,5.38,3730.21,6.35
111.75651260000001,112.3795589,2.6173904999999733,0.8443685000000424,12.247210000000013,2.511905421606868,0.8437992345262162,11.854123449112846,0.17887956000000016,0.09220439999999877,0.03938348000000059,12.146683034561002,1.0,4.89,5.38,5.38,4.4,3733.14,8.31
111.8673907,112.490437,2.4223904999999735,0.8793685000000424,12.132210000000011,2.4905062329757954,0.8523023243762605,11.920602047891403,0.17687956000000016,0.08980439999999877,0.03778348000000059,12.207775953580619,1.0,4.89,4.89,4.4,4.4,3730.69,7.33
111.9773591,112.6004054,2.4673904999999734,0.8093685000000425,12.15221000000001,2.4849802500288694,0.8420386835218929,11.975969601888643,0.17807956000000014,0.08740439999999877,0.03698348000000059,12.26001647196861,1.0,4.89,4.89,4.89,4.89,3728.74,7.82
112.0882442,112.7112905,2.4623904999999735,0.8043685000000425,12.232210000000013,2.479580007104902,0.8330333540362542,12.037225720038045,0.18047956000000015,0.08900439999999878,0.03698348000000059,12.318159952513875,1.0,4.89,4.89,4.89,4.89,3728.74,7.82
112.1982462,112.8212925,2.4623904999999735,0.6843685000000423,12.187210000000011,2.4754707312611615,0.7974939467818691,12.073080545591,0.17967956000000015,0.08820439999999878,0.03738348000000059,12.350029384451371,1.0,4.89,5.87,4.89,4.89,3728.74,9.29
112.3082207,112.931267,2.4773904999999736,0.7393685000000425,12.132210000000011,2.4759296658458365,0.7835986388530749,12.087215868795633,0.17847956000000015,0.08580439999999878,0.03538348000000059,12.363051483994267,1.0,4.89,5.38,4.89,4.89,3728.74,8.31
112.4182314,113.0412777,2.5923904999999734,0.8343685000000424,12.102210000000014,2.503770469518109,0.7957355409019691,12.090800324171806,0.17807956000000014,0.08740439999999877,0.03898348000000059,12.372934740556847,1.0,4.89,4.89,4.4,5.38,3729.23,7.82
112.529024,113.1520703,2.4473904999999734,0.7693685000000423,12.092210000000012,2.490292430537848,0.7894323093091249,12.091137317361486,0.17767956000000015,0.08620439999999878,0.03858348000000059,12.370139909793533,1.0,4.89,4.89,4.89,4.89,3728.74,7.33
112.6390351,113.2620814,2.6473904999999736,0.8393685000000424,11.982210000000013,2.527847858858063,0.8013699164133896,12.06509745529769,0.17527956000000014,0.08700439999999877,0.04058348000000059,12.353088081378539,1.0,4.89,5.87,4.89,4.4,3728.25,8.31
112.7490314,113.3720777,2.5223904999999736,0.7893685000000424,11.852210000000014,2.5265432378012007,0.798500891126219,12.014205171292684,0.17367956000000015,0.08540439999999877,0.03698348000000059,12.302932589570839,1.0,4.89,5.87,4.89,4.89,3727.76,7.82
112.8595449,113.4825912,2.4023904999999734,0.7393685000000425,11.422210000000014,2.4968636289987733,0.7843648658781339,11.872684449252525,0.16847956000000014,0.08180439999999878,0.03658348000000059,12.15772150759194,1.0,5.38,5.87,4.89,4.4,3722.87,8.8
112.9707519,113.5937982,2.3223904999999734,0.6443685000000423,11.452210000000012,2.4551545671856507,0.7508977233357312,11.772166994814986,0.16927956000000016,0.08020439999999877,0.03258348000000059,12.04888157023276,1.0,5.38,4.89,4.89,4.89,3718.48,6.84
113.0810925,113.7041388,2.3173904999999735,0.7143685000000424,11.572210000000013,2.4222210717709265,0.7421651486244466,11.724365830792982,0.16927956000000016,0.08300439999999877,0.03538348000000059,11.99494552562161,1.0,4.89,5.87,4.89,4.89,3719.45,9.29
113.1920769,113.8151232,2.3023904999999734,0.7743685000000424,11.422210000000014,2.393574707979681,0.749863592395256,11.652133296785834,0.16727956000000016,0.08220439999999878,0.03258348000000059,11.919048018023297,1.0,4.89,4.89,4.89,4.89,3719.94,8.31
113.3029387,113.925985,2.2073904999999736,0.6743685000000423,11.382210000000011,2.349066028139897,0.7318159452110238,11.58760618286837,0.16807956000000016,0.08100439999999878,0.03258348000000059,11.845939508180654,1.0,4.89,5.87,4.89,4.89,3719.45,8.8
113.4223813,114.0454276,2.1023904999999736,0.7093685000000425,11.222210000000011,2.2900964612500667,0.7264497212817335,11.500255585873917,0.16527956000000016,0.07900439999999878,0.03058348000000059,11.748538187357806,1.0,4.89,5.38,4.89,4.89,3717.5,9.29
113.5333526,114.1563989,2.1673904999999736,0.6993685000000425,11.322210000000013,2.2607627148331386,0.7199757597101457,11.457692502438762,0.16727956000000016,0.08100439999999878,0.03178348000000059,11.700774787499816,1.0,4.89,5.38,5.38,4.89,3715.54,7.82
113.6432666,114.2663129,2.3873904999999733,0.6543685000000423,11.447210000000013,2.291034001587093,0.7042918703551431,11.455186584509264,0.16847956000000014,0.08340439999999878,0.03458348000000059,11.7032543987131,1.0,4.89,5.38,4.89,5.38,3719.45,8.8
113.7548967,114.377943,2.1373904999999733,0.5643685000000425,11.662210000000012,2.2543044126718517,0.6708421779198026,11.504677027438884,0.17167956000000015,0.08380439999999878,0.03178348000000059,11.742636463688552,1.0,4.89,5.87,4.89,4.89,3720.43,7.33
113.8657161,114.4887624,2.3673904999999733,0.5993685000000424,12.367210000000014,2.2813384587375083,0.6537558789150602,11.710871765132023,0.18127956000000015,0.09540439999999878,0.03378348000000059,11.948908712175236,1.0,4.89,6.35,4.89,4.89,3728.74,8.31
113.9765561,114.5996024,2.8973904999999736,0.7843685000000424,12.382210000000011,2.4286101493214103,0.6849797694801508,11.871360019663264,0.18127956000000015,0.10020439999999878,0.04138348000000059,12.136578317567247,1.0,4.89,4.89,4.89,4.89,3738.51,7.33
114.0865567,114.709603,2.4923904999999733,0.7043685000000424,12.197210000000013,2.4438573028755437,0.6896147855675719,11.949256811276163,0.18007956000000014,0.09100439999999878,0.03818348000000059,12.21608551914734,1.0,4.89,5.38,4.4,4.89,3735.09,8.31
114.19821950000001,114.8212658,2.0323904999999733,0.5843685000000425,12.072210000000013,2.3454931913721433,0.6644549007444607,11.978649659206567,0.18287956000000016,0.08180439999999878,0.03058348000000059,12.22419266389016,1.0,4.89,5.38,4.4,5.87,3731.18,7.33
114.3082368,114.9312831,2.1473904999999736,0.5693685000000424,12.092210000000012,2.2981353119829073,0.6417238097793667,12.00579707898893,0.18127956000000015,0.08140439999999878,0.02938348000000059,12.240604513751748,1.0,4.89,4.89,5.38,4.89,3729.23,6.35
114.4182196,115.0412659,2.3223904999999734,0.6443685000000423,11.852210000000014,2.303933689888422,0.6423560420808317,11.969080978303364,0.17647956000000015,0.08180439999999878,0.03218348000000059,12.205721248553237,1.0,5.38,4.89,4.89,4.89,3728.25,6.84
114.5282584,115.1513047,2.0323904999999733,0.5493685000000423,11.662210000000012,2.2390193288232996,0.6201266984406162,11.895721254223467,0.17447956000000014,0.07780439999999877,0.02778348000000059,12.120476427729528,1.0,4.89,4.89,4.89,4.89,3724.34,7.33
114.6382083,115.2612546,1.8123904999999736,0.5243685000000424,11.637210000000014,2.1370306254925158,0.5972350093834513,11.833922271516691,0.17567956000000015,0.07340439999999877,0.02378348000000059,12.040153897647029,1.0,4.89,4.89,5.38,5.38,3720.43,5.38
114.7482298,115.3712761,1.8423904999999734,0.5193685000000423,11.672210000000014,2.066594775127964,0.5786204578379979,11.795263784864135,0.17407956000000016,0.07860439999999877,0.02498348000000059,11.988905844710862,1.0,4.89,4.89,4.89,4.89,3722.39,7.82
114.8582544,115.4813007,1.8523904999999736,0.6193685000000424,11.742210000000014,2.0153876958303263,0.5883615716648275,11.78258089435248,0.17447956000000014,0.08060439999999877,0.02298348000000059,11.9681731870606,1.0,5.38,4.89,5.38,4.89,3725.32,6.84
114.9683155,115.5913618,1.8123904999999736,0.4993685000000425,11.712210000000013,1.966859749794367,0.567087135032057,11.765758223725578,0.17527956000000014,0.08220439999999878,0.02218348000000059,11.942495202981917,1.0,4.4,4.89,4.89,4.89,3727.76,6.84
115.078748,115.7017943,1.7023904999999735,0.5843685000000425,11.592210000000012,1.9036364652081177,0.5712183701615066,11.724270267199177,0.17247956000000014,0.07940439999999878,0.02298348000000059,11.891536297569406,1.0,4.4,4.89,4.89,4.4,3729.23,5.38
115.1899947,115.813041,1.7123904999999735,0.6593685000000424,11.40221000000001,1.8579177357387124,0.5922912954616286,11.647279433887228,0.16887956000000015,0.07820439999999877,0.02378348000000059,11.80939395153301,1.0,4.89,5.38,4.89,4.89,3726.3,6.35
115.3090796,115.9321259,1.5823904999999736,0.5843685000000425,11.412210000000012,1.7920509597338818,0.5903972939753465,11.591084387666413,0.16847956000000014,0.07700439999999878,0.02138348000000059,11.743647341819347,1.0,4.89,4.89,4.4,4.89,3723.36,8.31
115.41917720000001,116.0422235,1.5223904999999736,0.3593685000000424,12.022210000000012,1.7275866789123118,0.5351681919134845,11.69414807957834,0.17727956000000014,0.08660439999999878,0.017783480000000587,11.833176244521038,1.0,4.89,5.38,4.89,4.89,3726.78,5.87
115.5299035,116.1529498,1.8223904999999734,0.5593685000000423,12.707210000000014,1.7502502171692125,0.5409534503751803,11.936327849620058,0.18687956000000014,0.09980439999999878,0.02378348000000059,12.076089143087222,1.0,4.89,5.87,4.89,4.89,3739.98,6.84
115.6399152,116.2629615,2.5673904999999735,0.6943685000000424,12.872210000000013,1.945593504483187,0.5776284261985958,12.16005723811669,0.18847956000000016,0.10940439999999878,0.03418348000000059,12.328259435853624,1.0,4.4,4.89,4.89,4.89,3748.78,5.87
115.751671,116.3747173,2.5123904999999733,0.7393685000000425,12.552210000000013,2.0810904205823095,0.6162935591881574,12.25380418860378,0.18367956000000016,0.10300439999999877,0.03378348000000059,12.444535836357248,1.0,4.89,4.89,4.89,6.35,3748.78,8.31
115.8615861,116.4846324,2.2123904999999735,0.6843685000000423,12.267210000000013,2.1124786530277593,0.6325673655361085,12.257008944656413,0.18007956000000014,0.09420439999999877,0.03218348000000059,12.453793630891214,1.0,4.89,5.38,4.89,4.89,3747.31,6.35
115.9732313,116.5962776,1.8673904999999735,0.4843685000000424,12.15221000000001,2.053888559625065,0.5971393561988028,12.231955999909522,0.18167956000000016,0.08700439999999877,0.02578348000000059,12.417559390226518,1.0,4.89,4.89,4.89,4.89,3743.4,5.87
116.0832582,116.7063045,1.9723904999999735,0.6143685000000425,12.042210000000011,2.0344058597614323,0.6012581074811164,12.18659584797992,0.17967956000000015,0.08780439999999878,0.026183480000000592,12.369860018449879,1.0,4.89,5.38,4.89,4.89,3740.96,6.84
116.1932419,116.8162882,2.1923904999999735,0.5693685000000424,11.967210000000012,2.0721732292299913,0.5936346664546561,12.134150076262365,0.17727956000000014,0.09180439999999877,0.03098348000000059,12.32411871422911,1.0,4.89,4.89,4.4,4.89,3739.98,6.35
116.3041196,116.9271659,2.1123904999999734,0.5943685000000425,11.797210000000014,2.0817874583214624,0.5938100946646085,12.053602117107914,0.17447956000000014,0.09060439999999878,0.02818348000000059,12.246459629121329,1.0,4.89,4.89,4.4,4.89,3738.03,6.35
116.4140803,117.0371266,2.3923904999999737,0.4643685000000424,11.762210000000014,2.1560393591101623,0.5628661464243573,11.983942726610058,0.17647956000000015,0.09260439999999878,0.03458348000000059,12.189348107732952,1.0,4.89,4.89,4.89,4.89,3734.6,5.38
116.5240867,117.147133,2.0423904999999736,0.4593685000000425,11.817210000000014,2.1288707783847585,0.5381242864199199,11.944084063901622,0.17807956000000014,0.08900439999999878,0.02818348000000059,12.144250189461848,1.0,4.89,4.89,4.89,4.4,3735.09,7.82
116.6357696,117.2588159,2.2223904999999737,0.41936850000004244,11.657210000000013,2.151227343386936,0.5097348578306802,11.875504746659388,0.17567956000000015,0.08820439999999878,0.03218348000000059,12.079537312999737,1.0,3.91,4.89,4.4,4.89,3734.12,5.38
116.7457868,117.3688331,1.8873904999999733,0.41936850000004244,11.307210000000012,2.088155240120641,0.4881321272198779,11.739649782330456,0.17087956000000015,0.08580439999999878,0.02778348000000059,11.933903061959194,1.0,5.87,4.89,4.89,4.89,3728.74,6.35
116.85579320000001,117.4788395,1.9823904999999735,0.44436850000004235,11.27721000000001,2.062871414991488,0.4776701160015709,11.629100211879408,0.16967956000000015,0.08620439999999878,0.02858348000000059,11.82030367429042,1.0,4.89,4.89,4.89,4.89,3727.76,6.35
116.9666084,117.5896547,2.1473904999999736,0.5443685000000424,11.407210000000013,2.083076312795732,0.493614846499565,11.576055753881132,0.17127956000000014,0.08620439999999878,0.03258348000000059,11.772337463672196,1.0,4.89,4.89,4.4,4.89,3728.25,5.87
117.0770766,117.7001229,2.1973904999999734,0.5193685000000423,11.327210000000012,2.1104039450080903,0.49977144340322077,11.516567378851,0.16847956000000014,0.08460439999999878,0.03058348000000059,11.718997418651565,1.0,4.89,4.89,4.89,4.89,3729.23,6.35
117.1884464,117.8114927,1.7373904999999734,0.5493685000000423,11.102210000000014,2.021232386474992,0.5116279780525191,11.41751225428028,0.16687956000000015,0.07700439999999878,0.02698348000000059,11.606322829591717,1.0,4.4,4.89,4.4,4.89,3725.81,6.84
117.2987566,117.9218029,1.7473904999999736,0.6993685000000425,10.812210000000011,1.9557685053859606,0.5565087059885155,11.27281037792675,0.16087956000000014,0.07340439999999877,0.02578348000000059,11.4547364091538,1.0,4.89,4.4,4.89,4.89,3716.03,5.38
117.4096226,118.0326689,1.9073904999999733,0.7193685000000425,11.032210000000013,1.9442033937345635,0.5954415161827198,11.2152931195799,0.16367956000000014,0.07740439999999878,0.02978348000000059,11.398126038674043,1.0,4.89,4.89,4.89,4.89,3712.61,4.89
117.5290853,118.1521316,1.7123904999999735,0.5643685000000425,11.422210000000014,1.8887868469612128,0.5880132872048789,11.264758094531317,0.16847956000000014,0.08180439999999878,0.02498348000000059,11.437134707062429,1.0,4.89,4.89,4.4,4.4,3718.96,5.87
117.6391339,118.2621802,2.0823904999999736,0.6293685000000424,11.537210000000012,1.935069198737546,0.5978995495575199,11.329889690620103,0.17087956000000015,0.08460439999999878,0.02978348000000059,11.509490739250088,1.0,3.42,5.38,4.89,4.89,3724.34,4.89
117.7491047,118.372151,1.7273904999999736,0.4793685000000425,11.882210000000011,1.8854221056142613,0.5695638459386484,11.46192585032426,0.17847956000000015,0.08180439999999878,0.023383480000000588,11.629916753325057,1.0,4.4,4.89,4.89,4.89,3725.81,5.87
117.8591361,118.4821824,1.6323904999999734,0.4043685000000423,12.792210000000011,1.824933072490355,0.530072705185158,11.77993988575905,0.19407956000000015,0.08540439999999877,0.02178348000000059,11.932239584585467,1.0,4.89,4.89,4.89,4.89,3739.49,8.31
117.9691289,118.5921752,1.9773904999999736,0.6293685000000424,13.102210000000014,1.861379121829632,0.5538100822098209,12.096038108132884,0.19607956000000015,0.09140439999999878,0.02778348000000059,12.250941831375393,1.0,4.4,4.89,4.89,4.89,3750.24,5.87
118.0791309,118.7021772,1.8723904999999736,0.5493685000000423,13.172210000000014,1.864011471323161,0.5527482898983126,12.353304772730501,0.19967956000000014,0.08740439999999877,0.02578348000000059,12.505367177543251,1.0,4.89,4.89,4.4,4.4,3751.22,4.89
118.1893733,118.8124196,1.6123904999999734,0.4693685000000425,12.792210000000011,1.8038596605164152,0.5328157488199896,12.458228237789768,0.19447956000000016,0.08180439999999878,0.02458348000000059,12.599414792834283,1.0,4.4,4.4,4.89,4.89,3749.27,4.89
118.2999775,118.9230238,1.3123904999999734,0.3693685000000424,12.417210000000011,1.686370407513079,0.4937425033102877,12.448422531746345,0.18887956000000014,0.07700439999999878,0.01858348000000059,12.571827645167629,1.0,4.89,5.38,4.89,4.89,3744.87,6.35
118.4108028,119.0338491,1.7323904999999735,0.4893685000000425,12.822210000000013,1.6973718430533031,0.4926968662228765,12.537779126127536,0.19247956000000016,0.08660439999999878,0.02258348000000059,12.661742644325676,1.0,4.89,4.89,4.89,5.38,3744.87,4.89
118.5216451,119.1446914,1.8373904999999735,0.5043685000000424,13.022210000000012,1.7308443144366714,0.4954870545886465,12.65358582586679,0.19647956000000016,0.09020439999999878,0.02738348000000059,12.781023578519038,1.0,4.89,4.89,4.4,4.89,3751.71,5.87
118.6324766,119.2555229,1.9673904999999734,0.4993685000000425,12.732210000000013,1.7873923888131331,0.49641494215229126,12.672381502643761,0.19127956000000015,0.09020439999999878,0.02698348000000059,12.807437382042004,1.0,4.89,4.89,4.89,4.89,3752.2,5.38
118.743314,119.3663603,1.4723904999999735,0.43436850000004235,12.132210000000011,1.7120889118413365,0.48158229195645347,12.543249602948132,0.18447956000000015,0.07900439999999878,0.02018348000000059,12.668712663401697,1.0,4.89,5.87,4.89,5.38,3745.85,6.84
118.8541242,119.4771705,1.5873904999999735,0.5193685000000423,11.762210000000014,1.682278855717878,0.4906153579421297,12.35653644393736,0.17847956000000015,0.07900439999999878,0.02178348000000059,12.48017461689524,1.0,4.4,4.89,4.89,4.89,3736.56,7.33
118.9650147,119.588061,1.5073904999999734,0.3993685000000424,11.882210000000011,1.6404705309581173,0.4688021374192954,12.243145281164567,0.18287956000000016,0.07620439999999877,0.01938348000000059,12.36145320675094,1.0,4.89,4.89,4.4,4.89,3732.65,5.87
119.0758,119.6988463,1.9323904999999735,0.4043685000000423,12.112210000000012,1.7102561082737813,0.453398810950711,12.211844256376684,0.18327956000000015,0.08420439999999878,0.02778348000000059,12.339355193026073,1.0,4.89,4.89,4.89,4.89,3735.09,6.84
119.1861693,119.8092156,1.6573904999999733,0.4693685000000425,12.332210000000014,1.6976182027353544,0.4572164804767702,12.240618556865112,0.18807956000000015,0.08100439999999878,0.02498348000000059,12.366232131370838,1.0,4.4,4.89,4.89,4.89,3738.03,6.35
119.297481,119.9205273,1.7673904999999734,0.42936850000004245,12.302210000000013,1.7142977744043737,0.450559219580839,12.255342436259117,0.18607956000000014,0.08380439999999878,0.02498348000000059,12.38286068320445,1.0,4.89,4.89,4.89,5.38,3741.94,7.33
119.4083351,120.0313814,1.9173904999999736,0.4893685000000425,12.102210000000014,1.762848557520785,0.4598368584081824,12.218735021202274,0.18287956000000016,0.08460439999999878,0.02458348000000059,12.353807934861978,1.0,4.89,4.89,4.89,4.89,3740.96,9.29
119.518951,120.1419973,1.8323904999999736,0.5093685000000423,11.90221000000001,1.779473061214354,0.4716777551280121,12.143067428430347,0.17847956000000015,0.08060439999999877,0.02098348000000059,12.281819525285176,1.0,4.89,5.87,4.89,5.38,3739.0,7.33
119.6297148,120.2527611,1.7873904999999735,0.5593685000000423,11.722210000000011,1.7813657821485516,0.49264086113347283,12.042458420053856,0.17407956000000016,0.08060439999999877,0.02178348000000059,12.183462720696202,1.0,5.87,4.89,4.89,4.89,3735.58,6.84
119.7492153,120.3722616,1.9023904999999734,0.4743685000000424,11.722210000000011,1.8102976151863794,0.4882727212121031,11.965900721890074,0.17447956000000014,0.08260439999999877,0.02498348000000059,12.111910162809117,1.0,5.38,4.89,4.4,4.89,3734.12,8.31
119.8599857,120.483032,1.5623904999999736,0.5043685000000424,11.602210000000014,1.7510336285165822,0.49212053340099965,11.87895782766207,0.17487956000000016,0.07540439999999878,0.02058348000000059,12.01740156851575,1.0,4.4,4.89,5.38,4.89,3730.69,7.82
119.9700026,120.5930489,1.6923904999999735,0.4793685000000425,11.672210000000014,1.7370145650295568,0.48907206770077605,11.829533265993637,0.17447956000000014,0.07860439999999877,0.02218348000000059,11.96638075517322,1.0,4.89,4.89,4.89,4.4,3728.74,7.33
120.0808411,120.7038874,1.5923904999999734,0.31936850000004235,11.502210000000012,1.702441137576293,0.4485032039694102,11.751284274802018,0.17527956000000014,0.07260439999999878,0.017783480000000587,11.882430014861947,1.0,4.89,5.87,3.91,5.87,3729.23,7.82
120.191094,120.8141403,1.9623904999999735,0.6093685000000424,11.752210000000012,1.7645839104366665,0.48695921501380457,11.751505576097676,0.17647956000000015,0.07900439999999878,0.02378348000000059,11.893223657155096,1.0,4.89,4.89,4.89,4.89,3730.21,9.29
120.3016672,120.9247135,1.7173904999999734,0.44436850000004235,11.852210000000014,1.753301984764951,0.4767775969310205,11.775579696081083,0.18047956000000015,0.07660439999999878,0.02178348000000059,11.91493440625978,1.0,4.89,6.35,4.89,4.89,3731.67,8.31
120.4116873,121.0347336,1.6723904999999735,0.5193685000000423,11.787210000000012,1.7339595098588167,0.4869592599697728,11.778360004245691,0.17847956000000015,0.07460439999999878,0.02058348000000059,11.915263710565315,1.0,4.89,5.87,4.89,5.87,3732.16,7.82
120.5216691,121.1447154,1.3523904999999734,0.40936850000004243,11.447210000000013,1.6427426817460822,0.4684106283135657,11.699196203632052,0.17527956000000014,0.06780439999999878,0.016983480000000592,11.823248447284953,1.0,4.89,4.89,4.89,5.87,3729.72,9.29
120.6324671,121.2555134,1.3673904999999735,0.3443685000000425,11.877210000000012,1.5769177536627117,0.43875746150817413,11.741751687556174,0.18207956000000014,0.07260439999999878,0.016983480000000592,11.855290397289895,1.0,4.89,6.35,4.4,4.89,3725.81,8.31
120.7424808,121.3655271,1.8673904999999735,0.5393685000000423,12.762210000000014,1.6463573619366692,0.46280925703462816,11.985699618539446,0.19327956000000016,0.08420439999999878,0.02458348000000059,12.107092149540145,1.0,5.87,5.38,4.89,4.89,3737.05,9.29
120.8525099,121.4755562,1.7823904999999733,0.5993685000000424,13.587210000000013,1.678877066241132,0.4954547305163175,12.368552243915103,0.20687956000000016,0.08380439999999878,0.02378348000000059,12.49180484173519,1.0,5.38,5.38,4.89,4.89,3751.22,9.29
120.9624946,121.5855409,1.4223904999999735,0.5643685000000425,13.472210000000011,1.6175620998220819,0.5119290649176438,12.632389602901162,0.20367956000000015,0.07740439999999878,0.016583480000000587,12.745816788020047,1.0,5.38,5.87,4.89,4.89,3754.15,8.8
121.0730389,121.6960852,1.7473904999999736,0.5793685000000424,13.757210000000011,1.6485985167144261,0.5280509490303152,12.901286044092284,0.20807956000000016,0.08660439999999878,0.023383480000000588,13.016908099298204,1.0,5.38,6.84,5.38,5.87,3754.64,8.31
121.1843489,121.8073952,1.7023904999999735,0.43436850000004235,13.822210000000013,1.6614578788911816,0.5056554828640883,13.121439568148157,0.20967956000000015,0.09220439999999877,0.02458348000000059,13.23587194299054,1.0,4.89,6.84,5.38,4.89,3758.06,9.29
121.2949885,121.9180348,1.6073904999999735,0.28436850000004243,14.022210000000012,1.648532681405542,0.45275523111942356,13.336775246697261,0.21767956000000016,0.08980439999999877,0.02138348000000059,13.445899794431199,1.0,5.38,6.35,4.89,4.89,3760.51,9.29
121.4061287,122.029175,1.7173904999999734,0.5193685000000423,14.072210000000013,1.6649936403426153,0.46867961423365656,13.512586236968627,0.21567956000000016,0.09260439999999878,0.02578348000000059,13.62284299310146,1.0,4.89,7.82,4.89,5.87,3765.88,9.78
121.5175223,122.1405686,1.8773904999999735,0.5093685000000423,14.062210000000011,1.7157686439159323,0.4784065862967812,13.64397776778937,0.21247956000000015,0.09540439999999878,0.02578348000000059,13.759755238709294,1.0,4.89,6.35,4.89,6.35,3764.91,9.78
121.6283666,122.2514129,2.1073904999999735,0.5693685000000424,14.047210000000014,1.8093886775366477,0.5001516888409978,13.740373345691987,0.21367956000000016,0.10020439999999878,0.02978348000000059,13.868017117715537,1.0,4.89,7.33,5.38,5.87,3767.35,8.31
121.74002660000001,122.3630729,2.2323904999999735,0.6893685000000425,13.962210000000013,1.9105103187969916,0.5453853343771469,13.793405000365947,0.20887956000000016,0.09900439999999877,0.03058348000000059,13.93576393117018,1.0,6.35,8.31,4.89,5.87,3767.84,9.78
121.8508661,122.4739124,1.5373904999999735,0.41436850000004233,13.857210000000013,1.8213133308412535,0.5140648137046949,13.80865804643095,0.21167956000000016,0.08700439999999877,0.02138348000000059,13.937735896660243,1.0,5.87,8.31,4.89,5.87,3765.4,9.78
121.9608472,122.5838935,1.7723904999999736,0.6493685000000424,13.857210000000013,1.8096179747291616,0.5464101372947522,13.820264741652043,0.21047956000000015,0.08540439999999877,0.02738348000000059,13.948942568594651,1.0,5.38,7.82,4.89,6.35,3765.4,9.78
122.0722349,122.6952812,1.7723904999999736,0.7193685000000425,13.887210000000014,1.8007184779783647,0.5877570832833293,13.83626848924661,0.21047956000000015,0.08540439999999877,0.02658348000000059,13.965327462412084,1.0,6.84,9.78,6.35,8.31,3761.97,9.78
122.1830272,122.8060735,2.1523904999999734,0.8693685000000424,14.552210000000013,1.8847882151844073,0.6550783267006993,14.00741947907496,0.21967956000000016,0.09660439999999877,0.03658348000000059,14.14882873926247,1.0,8.8,9.78,5.87,6.84,3765.88,9.78
122.2942298,122.9172761,2.3023904999999734,0.9393685000000425,15.092210000000012,1.9846190579658962,0.7230399462294417,14.266746489206495,0.22807956000000015,0.10460439999999878,0.04018348000000059,14.422259010167956,1.0,9.29,9.29,5.38,7.82,3771.75,9.78
122.40474400000001,123.0277903,1.6723904999999735,0.31436850000004246,15.282210000000013,1.9099785657665937,0.6253440849248768,14.509500376774755,0.24167956000000015,0.08220439999999878,0.02378348000000059,14.648026301514655,1.0,6.84,9.78,5.38,6.84,3775.66,9.78
122.5155327,123.138579,1.1673904999999736,0.6093685000000424,16.04221000000001,1.7324575244779943,0.6215250059471891,14.875905683904367,0.2512795600000002,0.06980439999999878,0.0017834800000005903,14.989338621952482,1.0,8.31,9.78,5.38,5.87,3774.19,9.78
122.6271825,123.2502288,1.3623904999999734,0.7793685000000423,16.59721000000001,1.6439903290564097,0.6592586334004743,15.287395914699285,0.25807956000000015,0.08540439999999877,0.01338348000000059,15.3896653634999,1.0,8.31,9.78,6.35,8.31,3780.55,9.78
122.7380312,123.3610775,2.0573904999999737,0.8443685000000424,17.927210000000013,1.742816626162362,0.7035104841727118,15.918462540779664,0.27727956000000015,0.09580439999999878,0.02058348000000059,16.02902949201773,1.0,7.82,9.78,5.87,7.33,3786.41,9.78
122.850031,123.4730773,1.9823904999999735,0.8943685000000424,17.98721000000001,1.8000884912916388,0.7491364715402382,16.413011564732546,0.27287956000000013,0.09780439999999878,0.017783480000000587,16.52841409977124,1.0,5.87,6.35,5.38,5.38,3795.21,7.82
122.9600268,123.5830731,2.2873904999999737,1.0493685000000426,18.25721000000001,1.9165815565533646,0.8209091067028442,16.853880522454762,0.27927956000000015,0.10500439999999878,0.02498348000000059,16.982357471492826,1.0,4.89,4.89,4.89,4.4,3799.12,4.89
123.0705197,123.693566,2.3873904999999733,1.1143685000000425,19.22721000000001,2.0291318354247925,0.8910626945069494,17.421242078070133,0.29447956000000014,0.10860439999999878,0.02778348000000059,17.561635580827822,1.0,4.89,4.89,4.4,5.38,3806.94,4.89
123.1813875,123.8044338,3.0273904999999734,0.9893685000000424,19.38221000000001,2.2677727802234484,0.9145634074329406,17.890025625076312,0.2920795600000002,0.11420439999999878,0.02738348000000059,18.056362769805684,1.0,4.89,5.38,4.89,4.89,3817.2,5.87
123.2931265,123.9161728,2.9223904999999735,0.9743685000000424,19.73721000000001,2.4242638748395837,0.9288602468198122,18.331608393242618,0.28967956000000017,0.13420439999999878,0.02138348000000059,18.51452680940503,1.0,4.89,4.89,4.89,4.89,3829.91,5.87
123.4039352,124.0269815,2.6823904999999737,0.5793685000000424,19.447210000000013,2.4859709091904234,0.8453117201502285,18.598301016009664,0.29447956000000014,0.13660439999999877,0.03538348000000059,18.78274218392167,1.0,4.89,4.89,4.89,4.89,3841.64,5.38
123.514729,124.1377753,2.5723904999999734,0.2493685000000423,19.66721000000001,2.506630136634926,0.7028471885115118,18.853831430014917,0.29687956000000015,0.13780439999999877,0.02938348000000059,19.032712586589,1.0,4.89,4.89,4.89,4.4,3848.48,5.87
123.6255748,124.2486211,2.4723904999999733,0.04436850000004244,19.067210000000014,2.4984449041635353,0.5454331014291527,18.904841118533575,0.29047956000000014,0.1298043999999988,0.03098348000000059,19.077021306385156,1.0,4.89,4.89,4.4,4.89,3851.42,7.33
123.736742,124.3597883,2.2723904999999736,0.30436850000004245,18.77721000000001,2.4444049659192255,0.4878048671006925,18.874329977690614,0.2840795600000002,0.13860439999999877,0.02098348000000059,19.03820898436952,1.0,5.38,5.38,4.89,4.89,3852.4,7.82
123.8562676,124.4793139,2.1373904999999733,0.45436850000004236,18.442210000000014,2.371010940088251,0.4798116620139833,18.771028575557185,0.27927956000000015,0.1286043999999988,0.02658348000000059,18.926262861257296,1.0,4.89,5.38,4.89,5.38,3853.37,8.8
123.9667192,124.5897655,2.4323904999999737,0.42436850000004234,18.272210000000012,2.3856841672671933,0.466557573634733,18.65178239179905,0.27607956000000017,0.11940439999999877,0.02938348000000059,18.80952288885846,1.0,4.89,6.84,4.89,5.38,3851.91,9.78
124.0767165,124.6997628,2.8273904999999733,0.3993685000000424,18.15221000000001,2.4912772568215504,0.4504955402346497,18.532356002823022,0.27087956000000013,0.11660439999999878,0.02698348000000059,18.704481484860736,1.0,4.89,5.38,5.38,4.4,3850.93,9.29
124.1867171,124.8097634,2.6173904999999733,0.8143685000000425,17.587210000000013,2.521425538596324,0.5374819997431681,18.306412023481414,0.26167956000000014,0.11260439999999877,0.02458348000000059,18.487054790317426,1.0,4.89,4.89,4.89,4.89,3848.49,8.31
124.2968261,124.9198724,2.4273904999999734,1.1243685000000423,16.967210000000012,2.4989457833473563,0.6777814570691699,17.986266105894135,0.26007956000000015,0.11220439999999877,0.04058348000000059,18.171678132844324,1.0,4.89,5.87,4.89,4.4,3844.09,7.82
124.4075734,125.0306197,2.2873904999999737,0.9193685000000424,16.342210000000012,2.4483719646701583,0.7355345848125404,17.593242617758886,0.25007956000000015,0.09580439999999878,0.03738348000000059,17.778012324502583,1.0,4.89,5.87,5.38,4.89,3839.2,9.78
124.5184221,125.1414684,2.3523904999999736,0.9893685000000424,16.02721000000001,2.4254269022080166,0.7962154158354956,17.218871208073672,0.23807956000000016,0.10540439999999877,0.02658348000000059,17.407072709867013,1.0,4.89,6.84,4.89,6.35,3832.36,8.8
124.6284018,125.2514481,2.5623904999999736,0.9293685000000425,16.807210000000012,2.4581690396318927,0.8280466224510724,17.12046062260336,0.25607956000000015,0.09140439999999878,0.03338348000000059,17.31584327044079,1.0,4.89,4.89,4.89,4.89,3834.8,8.8
124.7400978,125.3631441,2.1673904999999736,0.5943685000000425,16.88221000000001,2.3886563292619156,0.7721841792793707,17.063505090240284,0.26607956000000016,0.07340439999999877,0.03498348000000059,17.247178129500153,1.0,4.89,4.89,4.89,4.89,3826.49,8.31
124.8501005,125.4731468,2.0923904999999734,0.7743685000000424,17.057210000000012,2.3178318426678377,0.7727063569263297,17.062000203445066,0.27287956000000013,0.08220439999999878,0.04058348000000059,17.236045674901156,1.0,4.89,5.38,5.38,4.89,3826.49,6.35
124.9601722,125.5832185,2.4073904999999733,0.5793685000000424,16.97721000000001,2.339241486639959,0.726487545630691,17.041730492820104,0.26247956000000017,0.07940439999999878,0.03418348000000059,17.216864205676032,1.0,4.89,6.84,4.89,5.38,3824.05,8.8
125.0700642,125.6931105,2.5273904999999734,0.6593685000000424,16.732210000000013,2.3842198673988944,0.710442252930829,16.96773738315592,0.24927956000000018,0.09100439999999878,0.02778348000000059,17.149149963616154,1.0,4.89,5.87,4.89,6.35,3824.54,8.8
125.1809266,125.8039729,2.3573904999999735,0.7093685000000425,16.532210000000013,2.377806113317277,0.7101855645363513,16.86362141613224,0.25087956000000017,0.09220439999999877,0.03218348000000059,17.04523548429997,1.0,4.89,5.87,4.89,4.89,3826.0,9.29
125.2917515,125.9147978,2.3773904999999735,0.9193685000000424,16.13721000000001,2.3777067579515467,0.7601922563150351,16.68996751979256,0.24727956000000018,0.08500439999999877,0.03418348000000059,16.87561547040879,1.0,4.89,5.87,4.89,4.89,3825.02,9.78
125.4017384,126.0247847,2.5523904999999734,1.0743685000000425,16.22721000000001,2.4194661683355694,0.835298356854808,16.579341991905984,0.25087956000000017,0.08100439999999878,0.03858348000000059,16.775759916297737,1.0,4.89,5.87,3.91,5.38,3823.56,8.8
125.5122381,126.1352844,2.4623904999999735,1.0393685000000423,16.037210000000012,2.429727539888606,0.8840827986969435,16.449741423090412,0.24887956000000017,0.08140439999999878,0.03858348000000059,16.651701750859626,1.0,4.89,7.82,4.4,4.89,3820.63,9.29
125.6317437,126.25479,2.6273904999999735,1.1593685000000424,15.767210000000013,2.4769802983435,0.9498918341501835,16.286577356059368,0.23927956000000014,0.08500439999999877,0.03858348000000059,16.50122201141094,1.0,4.89,5.87,4.89,4.89,3819.65,9.78
125.74175220000001,126.3647985,2.6423904999999737,1.2593685000000425,15.712210000000013,2.5165228019083803,1.0238744666605435,16.14927069058721,0.23807956000000016,0.09100439999999878,0.03858348000000059,16.376206818853483,1.0,5.87,7.33,4.89,5.87,3819.16,9.29
125.8517653,126.4748116,2.7823904999999733,1.4943685000000424,16.017210000000013,2.580080395661921,1.1363494639960787,16.117700628547322,0.24407956000000014,0.09100439999999878,0.04498348000000059,16.362407478848517,1.0,4.89,6.84,5.38,5.38,3821.6,8.8
125.9634265,126.5864728,2.6423904999999737,1.2393685000000425,15.532210000000013,2.5949760762078684,1.160976908722236,15.977734864436727,0.23767956000000015,0.07340439999999877,0.04058348000000059,16.228671529638966,1.0,4.89,7.33,4.89,4.89,3815.74,9.78
126.074256,126.6973023,2.5973904999999737,1.2393685000000425,15.472210000000011,2.595553261656229,1.1797169848875322,15.856885493878314,0.23567956000000015,0.07500439999999878,0.03898348000000059,16.11115906645127,1.0,5.38,6.84,4.89,4.89,3810.36,9.29
126.1850981,126.8081444,2.4923904999999733,1.3193685000000424,15.292210000000011,2.570891458274673,1.213101688363355,15.721895738070772,0.22967956000000014,0.07380439999999877,0.03538348000000059,15.976830229908172,1.0,5.38,5.38,4.89,4.89,3809.38,9.29
126.2959322,126.9189785,2.5473904999999735,1.2193685000000425,14.932210000000012,2.5652733844373325,1.2145998149541126,15.533115658002618,0.22247956000000016,0.07340439999999877,0.03178348000000059,15.790299626424929,1.0,5.38,7.82,4.89,4.89,3808.41,9.78
126.40594180000001,127.0289881,2.6123904999999734,1.3593685000000424,15.137210000000014,2.576537071268281,1.2492078148669628,15.438471550588753,0.22327956000000015,0.07860439999999877,0.03298348000000059,15.701766373968336,1.0,4.89,8.31,4.89,5.38,3807.43,9.78
126.5175992,127.1406455,2.6423904999999737,1.2243685000000424,14.927210000000013,2.592279809106124,1.243269797218485,15.316250783766113,0.22287956000000014,0.08020439999999877,0.03378348000000059,15.583747061236302,1.0,5.38,8.31,4.89,5.38,3809.38,9.78
126.6284465,127.2514928,2.6873904999999736,1.2993685000000426,14.787210000000012,2.6150167068069017,1.2566805973536053,15.189779762822166,0.22087956000000014,0.07900439999999878,0.03538348000000059,15.464377379761723,1.0,4.89,8.8,4.89,5.87,3808.9,10.26
126.7400966,127.3631429,2.4623904999999735,1.1943685000000426,14.647210000000012,2.5785303095574066,1.2417844403629037,15.060074541706792,0.22207956000000015,0.07340439999999877,0.03498348000000059,15.329601832904816,1.0,6.84,8.31,4.89,5.87,3805.47,9.78
126.8509151,127.4739614,2.4623904999999735,1.2693685000000423,14.617210000000014,2.5507662491339325,1.2483786090756697,14.954204573930749,0.21967956000000016,0.07580439999999877,0.03538348000000059,15.221468130515198,1.0,5.38,8.31,5.87,6.84,3802.54,9.78
126.9625972,127.5856435,2.5573904999999737,1.3743685000000423,14.747210000000013,2.552349824154469,1.2784974026030635,14.90472102578439,0.22007956000000015,0.08300439999999877,0.03778348000000059,15.175630269935526,1.0,5.38,8.8,5.38,6.84,3805.47,9.78
127.0735169,127.6965632,2.6323904999999734,1.3743685000000423,15.047210000000014,2.571484125898018,1.3014160809712951,14.938784044355511,0.22327956000000015,0.08380439999999878,0.03778348000000059,15.214252631971345,1.0,7.33,9.78,4.89,5.38,3809.87,9.78
127.1836165,127.8066628,2.6373904999999733,1.2793685000000425,14.967210000000012,2.587239520709079,1.2961454474769756,14.945579474390367,0.22487956000000014,0.08180439999999878,0.03978348000000059,15.223145114720968,1.0,6.35,9.78,4.89,7.82,3811.34,9.78
127.2944323,127.9174786,2.6973904999999734,1.3093685000000423,15.087210000000013,2.6135719079963584,1.2993065137007982,14.97943727462113,0.22447956000000016,0.08460439999999878,0.03898348000000059,15.261143358186565,1.0,7.33,9.29,5.38,9.29,3810.85,9.78
127.4051182,128.0281645,2.7123904999999735,1.1943685000000426,15.057210000000012,2.63719520624186,1.274220323494275,14.998029406422841,0.22047956000000016,0.08340439999999878,0.03458348000000059,15.281339014122917,1.0,8.8,9.78,6.84,8.31,3811.34,9.78
127.5150801,128.1381264,2.7023904999999733,1.3593685000000424,15.197210000000013,2.652780612160158,1.2945756101652566,15.045644966120529,0.22207956000000015,0.08300439999999877,0.03418348000000059,15.332468928167948,1.0,8.8,9.78,6.84,8.31,3811.83,9.78
127.62509399999999,128.2481403,2.6123904999999734,1.2093685000000423,14.917210000000011,2.6431250640858197,1.2742062349772703,15.014941659705224,0.22127956000000015,0.07740439999999878,0.03378348000000059,15.298960248265406,1.0,9.29,9.78,6.35,9.78,3808.9,9.78
127.7351291,128.3581754,2.6923904999999735,1.2043685000000424,14.967210000000012,2.6549023224154276,1.257511019950355,15.003531061657764,0.21807956000000014,0.08100439999999878,0.03218348000000059,15.288419951878375,1.0,9.78,9.78,7.33,9.78,3808.9,9.78
127.84511810000001,128.4681644,2.7273904999999736,1.1493685000000424,14.977210000000014,2.672231144893388,1.2316587693767698,14.997238821735376,0.21807956000000014,0.07980439999999878,0.03258348000000059,15.283159846448234,1.0,9.29,9.78,7.33,9.78,3808.9,9.78
127.9551356,128.5781819,2.5773904999999737,1.0893685000000424,14.927210000000013,2.649558803639721,1.1976432526327523,14.980497926038591,0.21967956000000016,0.07660439999999878,0.03138348000000059,15.260073044601329,1.0,9.29,9.78,8.8,9.78,3807.92,9.78
128.0655953,128.6886416,2.8323904999999736,1.1443685000000423,15.327210000000012,2.693266041359635,1.1849075381798304,15.063381951832111,0.22607956000000015,0.07780439999999877,0.03498348000000059,15.348067098835532,1.0,9.29,9.78,9.29,9.78,3807.43,9.78
128.1767764,128.7998227,2.7973904999999735,0.9793685000000424,15.287210000000012,2.71815774535216,1.135771946368959,15.11688966359333,0.22967956000000014,0.07500439999999878,0.03858348000000059,15.401256849492237,1.0,9.78,9.78,9.29,9.78,3806.45,9.78
128.2873184,128.9103647,2.5223904999999736,0.8493685000000424,15.212210000000013,2.671358171204354,1.067305133647473,15.139676678568348,0.23287956000000015,0.07980439999999878,0.04098348000000059,15.410551731159947,1.0,9.78,9.78,9.78,9.29,3807.92,10.26
128.3984441,129.0214904,2.5373904999999737,0.6643685000000423,15.482210000000013,2.639332231672645,0.9709802207166812,15.221561743383948,0.23367956000000015,0.08340439999999878,0.03778348000000059,15.479173722321837,1.0,9.29,9.78,9.29,9.78,3810.36,9.78
128.517615,129.1406613,2.5823904999999736,0.7593685000000425,15.79721000000001,2.6257198993913917,0.9203929102786812,15.359174617386916,0.23047956000000017,0.09780439999999878,0.03498348000000059,15.609156704535122,1.0,9.78,10.26,7.82,9.78,3815.74,9.78
128.6284451,129.2514914,2.6173904999999733,0.7293685000000425,15.937210000000011,2.6237286962985347,0.8747271451156008,15.497358151103144,0.23367956000000015,0.09900439999999877,0.03618348000000059,15.742211074488411,1.0,9.78,9.78,9.78,9.78,3817.2,9.78
128.7393195,129.3623658,2.5923904999999734,0.6943685000000424,15.842210000000012,2.616237074098434,0.8316111081600899,15.57979747665744,0.23567956000000015,0.09220439999999877,0.03498348000000059,15.81980919217308,1.0,9.29,9.78,9.78,9.78,3818.67,9.78
128.8492722,129.4723185,2.5373904999999737,0.7593685000000425,15.892210000000013,2.597388231003242,0.8143409908269541,15.654481947108925,0.23847956000000015,0.08740439999999877,0.03458348000000059,15.889379531758138,1.0,9.78,9.78,8.8,8.8,3818.18,9.78
128.959354,129.5824003,2.4573904999999736,0.7643685000000424,16.08221000000001,2.5639207621178044,0.8023947059129619,15.756733427893472,0.24087956000000016,0.08980439999999877,0.03418348000000059,15.984122598885167,1.0,9.29,9.78,8.8,9.78,3820.63,9.78
129.0701168,129.6931631,2.4123904999999737,0.9793685000000424,16.252210000000012,2.527696358362916,0.8447015697792689,15.875180681585402,0.24047956000000015,0.09260439999999878,0.03258348000000059,16.09733304914361,1.0,9.78,9.78,8.31,9.78,3821.11,10.75
129.1801083,129.8031546,2.4173904999999736,0.9893685000000424,16.392210000000013,2.501326946114677,0.8792852444661282,15.998780274970926,0.24087956000000016,0.09500439999999878,0.03418348000000059,16.216989527014377,1.0,9.78,9.78,9.29,9.29,3825.51,11.24
129.2902073,129.9132536,2.5723904999999734,0.9793685000000424,16.252210000000012,2.5183152020064044,0.9032108696639848,16.0593644814168,0.24167956000000015,0.09300439999999878,0.03498348000000059,16.280690675727712,1.0,9.29,9.78,9.29,10.26,3825.51,9.78
129.4002089,130.0232552,2.5473904999999735,0.9343685000000425,16.032210000000013,2.5252658620204,0.9106593262664109,16.052873006480716,0.23607956000000016,0.09180439999999877,0.03098348000000059,16.27577954644873,1.0,9.78,9.78,8.8,9.29,3823.56,10.75
129.5109769,130.1340232,2.6873904999999736,0.9393685000000425,15.952210000000012,2.564022927854685,0.9175224616313298,16.028808787631135,0.23207956000000016,0.09860439999999877,0.02818348000000059,16.258498460577584,1.0,9.78,9.78,9.29,10.26,3823.07,9.78
129.6218201,130.2448664,2.6673904999999736,1.2643685000000424,15.722210000000011,2.5887336926631153,1.0004385125841204,15.955514132697635,0.22447956000000016,0.09500439999999878,0.02498348000000059,16.19508723618693,1.0,9.78,9.78,9.29,9.78,3822.09,10.75
129.7320837,130.35513,2.4023904999999734,0.9943685000000424,15.737210000000012,2.544187006386313,0.9989874322284887,15.903326952832202,0.23047956000000017,0.08540439999999877,0.03098348000000059,16.136501218724415,1.0,9.29,9.78,8.31,8.8,3813.78,9.78
129.842653,130.4656993,2.3773904999999735,1.0293685000000425,15.877210000000012,2.5043130966616323,1.0062502459402844,15.897083506598968,0.23167956000000015,0.09060439999999878,0.02778348000000059,16.124558526029382,1.0,9.78,9.78,9.29,9.78,3810.36,9.78
129.9527094,130.5757557,2.6473904999999736,1.1593685000000424,15.92221000000001,2.5385167834651226,1.0428542706399262,15.903090176350492,0.22887956000000015,0.10060439999999878,0.03138348000000059,16.138150130881222,1.0,9.78,9.78,9.29,9.78,3811.83,10.26
130.0631806,130.6862269,2.4623904999999735,1.2743685000000424,15.882210000000011,2.5203182454961435,1.0981994195371236,15.898098619363644,0.23167956000000015,0.09420439999999877,0.03098348000000059,16.134050506139637,1.0,9.78,9.78,9.78,9.78,3807.43,10.75
130.174309,130.7973553,2.3573904999999735,1.1693685000000424,15.827210000000012,2.48136919100868,1.1152129023195148,15.881152182832977,0.23607956000000016,0.08700439999999877,0.03458348000000059,16.11247614533184,1.0,9.78,9.78,8.31,9.78,3809.38,9.78
130.2857472,130.9087935,2.3773904999999735,1.1543685000000425,15.917210000000011,2.4565123338214647,1.124573330789839,15.889772064494391,0.23487956000000015,0.08980439999999877,0.03218348000000059,16.117815431507058,1.0,9.78,10.26,8.31,9.78,3810.36,10.26
130.39651560000001,131.0195619,2.6473904999999736,1.1893685000000425,16.08221000000001,2.5021431382759984,1.1400630840446149,15.935775743073737,0.23487956000000015,0.09700439999999878,0.03618348000000059,16.171252661855245,1.0,9.78,9.78,9.29,10.75,3813.29,10.26
130.5073373,131.1303836,2.3473904999999733,1.1143685000000425,15.972210000000011,2.465148402223303,1.133920608121088,15.94448561537885,0.23527956000000017,0.09260439999999878,0.03458348000000059,16.173724188619296,1.0,9.78,9.78,8.8,9.78,3816.72,9.78
130.6192464,131.2422927,2.3223904999999734,1.1243685000000423,15.972210000000011,2.4310210944693074,1.1316371076740417,15.9511133297927,0.23647956000000014,0.09300439999999878,0.03418348000000059,16.174933773129023,1.0,9.78,9.78,8.8,8.8,3817.2,10.26
130.7294162,131.3524625,2.5323904999999733,1.1743685000000426,16.032210000000013,2.4552541831145342,1.1418523556845144,15.970500074616531,0.23647956000000014,0.09300439999999878,0.03418348000000059,16.198425001808364,1.0,9.78,9.78,6.35,9.78,3817.69,9.78
130.8485013,131.4715476,2.3773904999999735,1.1043685000000423,15.822210000000013,2.436640307209065,1.1328915692143608,15.935050261089684,0.23367956000000015,0.09220439999999877,0.03418348000000059,16.160027416986868,1.0,9.78,8.8,8.8,9.78,3816.72,9.78
130.9593415,131.5823878,2.3873904999999733,1.0393685000000423,15.622210000000013,2.4248667850342978,1.1105342039444357,15.860263536839945,0.23007956000000016,0.09180439999999877,0.03498348000000059,16.08294825587982,1.0,9.29,9.78,7.82,9.78,3814.27,10.26
131.069332,131.6923783,2.5223904999999736,1.1893685000000425,15.682210000000012,2.4481805335701923,1.129380111884792,15.817698552668926,0.22847956000000016,0.09660439999999877,0.03538348000000059,16.04583045109157,1.0,8.8,9.78,8.31,9.78,3814.76,9.78
131.18021530000001,131.8032616,2.4523904999999737,1.1493685000000424,15.582210000000014,2.4491869564563897,1.1341584804520766,15.761403313075796,0.22687956000000015,0.09340439999999878,0.03498348000000059,15.99083070399703,1.0,9.78,9.78,9.29,9.29,3814.76,10.26
131.2909619,131.9140082,2.5423904999999736,1.0993685000000424,15.432210000000012,2.471467936806597,1.125841684315743,15.682707273620695,0.22727956000000016,0.09100439999999878,0.03578348000000059,15.916123293405382,1.0,9.78,9.29,8.8,9.78,3815.25,9.78
131.4018325,132.0248788,2.4273904999999734,1.1343685000000425,15.452210000000012,2.46093090713973,1.1278800811994718,15.6276052353391,0.22767956000000014,0.08900439999999878,0.03538348000000059,15.86033857768743,1.0,9.78,10.26,9.29,9.78,3814.76,9.78
131.5118526,132.1348989,2.4373904999999736,1.0393685000000423,15.442210000000014,2.4553034027662344,1.1067207483405441,15.583285165108288,0.22927956000000016,0.09260439999999878,0.03698348000000059,15.81430119074273,1.0,10.26,9.78,8.31,8.8,3813.78,10.26
131.6226682,132.2457145,2.4723904999999733,1.2093685000000423,15.432210000000012,2.459388196790498,1.1312594348621432,15.547169555580977,0.22607956000000015,0.09300439999999878,0.03658348000000059,15.781090564389428,1.0,9.29,9.78,9.29,9.78,3812.81,9.78
131.7326679,132.3557142,2.5623904999999736,1.0393685000000423,15.342210000000012,2.4840116414212616,1.1092922430990186,15.49817249327131,0.22767956000000014,0.09140439999999878,0.03498348000000059,15.735126111553967,1.0,9.78,9.78,8.8,9.78,3814.76,10.26
131.8426504,132.4656967,2.4873904999999734,1.0943685000000425,15.342210000000012,2.4848193819720614,1.1057246145078983,15.460888532642473,0.22647956000000016,0.09220439999999877,0.03698348000000059,15.698281068414726,1.0,9.78,10.26,9.78,9.78,3813.29,9.78
131.9526433,132.5756896,2.4623904999999735,1.1043685000000423,15.272210000000012,2.479457595719122,1.105400425538752,15.415783566474026,0.22527956000000016,0.09060439999999878,0.03658348000000059,15.652987032452343,1.0,7.82,9.78,9.78,9.78,3812.32,10.26
132.0634814,132.6865277,2.4123904999999737,1.0243685000000424,15.352210000000014,2.46342472202087,1.08602915839564,15.40058584617772,0.22727956000000016,0.09020439999999878,0.03538348000000059,15.634128216803093,1.0,10.26,9.78,9.78,9.78,3812.81,9.78
132.1735183,132.7965646,2.4023904999999734,0.9943685000000424,15.402210000000014,2.448834050359316,1.0641170158852606,15.400974111881194,0.22807956000000015,0.09300439999999878,0.03578348000000059,15.630711334566016,1.0,9.29,9.78,9.29,9.29,3814.76,10.75
132.2851906,132.9082369,2.4873904999999734,0.9743685000000424,15.372210000000013,2.458051248162697,1.0426619848545606,15.39409784315525,0.22727956000000016,0.09300439999999878,0.03618348000000059,15.623937031295672,1.0,9.78,9.78,8.8,9.78,3815.25,9.78
132.3959914,133.0190377,2.5323904999999733,0.9943685000000424,15.332210000000014,2.475822583312212,1.0311170784467547,15.379303107195307,0.22687956000000015,0.09260439999999878,0.03578348000000059,15.611401729392865,1.0,9.78,10.75,9.78,9.78,3815.74,9.78
132.50601650000002,133.1290628,2.5373904999999737,0.9793685000000424,15.492210000000014,2.4905408385390824,1.0187462069574837,15.406294315515709,0.22847956000000016,0.09140439999999878,0.03618348000000059,15.639518599973364,1.0,8.31,9.78,9.29,10.26,3815.25,9.78
132.6165178,133.2395641,2.4623904999999735,1.0543685000000425,15.222210000000011,2.483811296764222,1.027261973430884,15.362287630138251,0.22447956000000016,0.09020439999999878,0.03618348000000059,15.595655387032934,1.0,9.78,9.78,9.29,8.31,3812.81,10.26
132.7277257,133.350772,2.6223904999999736,1.0743685000000425,15.442210000000014,2.516939656339942,1.0385231288864503,15.38139364998179,0.22727956000000016,0.09380439999999877,0.03738348000000059,15.620524515476069,1.0,9.78,9.78,9.78,9.78,3813.29,9.78
132.8386438,133.4616901,2.6173904999999733,1.0293685000000425,15.612210000000012,2.5409531561346608,1.0363346487216794,15.436571965781098,0.23327956000000016,0.08580439999999878,0.03778348000000059,15.678590067367368,1.0,9.78,10.75,9.78,9.78,3813.78,9.78
132.9490653,133.5721116,2.3523904999999736,0.9243685000000424,15.622210000000013,2.4958758910824455,1.0095683320699034,15.480950078838017,0.23607956000000016,0.08700439999999877,0.03578348000000059,15.713320464633814,1.0,9.78,9.78,9.78,9.78,3815.25,9.78
133.0602047,133.683251,2.3123904999999736,0.9493685000000425,15.802210000000013,2.4520123829171485,0.9951771273534527,15.557749583648391,0.23607956000000016,0.09140439999999878,0.03418348000000059,15.78120129610855,1.0,9.78,9.78,9.78,9.78,3819.65,10.26
133.17153820000001,133.7945845,2.4173904999999736,0.9343685000000425,15.752210000000012,2.443735771710794,0.9806403857267694,15.604236750883588,0.23407956000000016,0.09340439999999878,0.03618348000000059,15.824844538436492,1.0,9.78,9.78,9.78,9.78,3820.63,10.26
133.2823673,133.9054136,2.4373904999999736,0.8493685000000424,15.662210000000012,2.4422188886725498,0.9492588931867985,15.61809567486105,0.23607956000000016,0.09020439999999878,0.03658348000000059,15.83636442039639,1.0,9.78,9.78,9.78,9.78,3821.6,10.26
133.3932485,134.0162948,2.4173904999999736,0.9593685000000424,15.622210000000013,2.4362834830097566,0.9516756677233682,15.619079234005802,0.23487956000000015,0.08980439999999877,0.03578348000000059,15.83656528115469,1.0,9.78,11.24,9.78,9.78,3820.14,11.24
133.5040601,134.1271064,2.4423904999999735,1.0943685000000425,15.632210000000011,2.4377434095359813,0.9857874200365755,15.62221823846826,0.23447956000000014,0.08940439999999877,0.03498348000000059,15.841971861437226,1.0,9.78,9.78,9.29,9.78,3821.6,9.78
133.6148723,134.2379186,2.5323904999999733,1.0243685000000424,15.652210000000014,2.4603694802051326,0.9950105058965438,15.629387985711237,0.23447956000000014,0.09180439999999877,0.03658348000000059,15.853114290065031,1.0,9.78,9.78,9.78,9.78,3820.63,9.78
133.7257318,134.3487781,2.4473904999999734,0.9993685000000424,15.552210000000013,2.457266761231989,0.9960523158674379,15.610938030723245,0.23127956000000016,0.09220439999999877,0.03498348000000059,15.834508718330412,1.0,9.78,9.78,8.8,7.33,3821.6,9.78
133.8374114,134.4604577,2.5273904999999734,0.9993685000000424,15.507210000000011,2.4740303475310648,0.9968450736391601,15.586141095687944,0.23007956000000016,0.09540439999999878,0.03698348000000059,15.812726536433745,1.0,9.78,9.78,9.29,9.78,3820.63,9.78
133.9482074,134.5712537,2.5323904999999733,0.9793685000000424,15.622210000000013,2.4879817635497785,0.9926671724667648,15.594763627811467,0.23167956000000015,0.09340439999999878,0.03698348000000059,15.823150570552025,1.0,9.78,9.78,9.78,9.29,3820.63,9.78
134.0593872,134.6824335,2.4323904999999737,0.9643685000000424,15.502210000000012,2.474692270428552,0.9859021703950019,15.572638014511764,0.23167956000000015,0.08940439999999877,0.03578348000000059,15.79883412324863,1.0,9.78,9.78,9.78,9.78,3819.16,9.78
134.1698675,134.7929138,2.5123904999999733,0.9693685000000424,15.562210000000011,2.4837043045249345,0.9819496770542887,15.57014512231481,0.23407956000000016,0.08740439999999877,0.03738348000000059,15.797545105823449,1.0,9.78,9.78,9.29,9.78,3820.14,10.26
134.2818685,134.9049148,2.3823904999999734,0.7893685000000424,15.392210000000013,2.4594845077017613,0.9359117555480221,15.527608445991408,0.23407956000000016,0.08620439999999878,0.03618348000000059,15.749019617418147,1.0,9.78,9.78,9.29,9.29,3818.67,10.26
134.3923835,135.0154298,2.4573904999999736,0.9793685000000424,15.702210000000012,2.4589839200343526,0.9463004042238812,15.569348208730815,0.23447956000000014,0.09300439999999878,0.03418348000000059,15.790715310546613,1.0,9.78,9.78,10.26,9.78,3819.65,9.78
134.5032206,135.1262669,2.4123904999999737,0.9143685000000424,16.502210000000012,2.4478454264024077,0.9386668518555279,15.792355558564122,0.25047956000000016,0.09900439999999877,0.03738348000000059,16.00848327539004,1.0,9.78,9.78,9.29,9.78,3825.02,9.78
134.6140657,135.237112,2.2523904999999735,0.8543685000000424,16.86221000000001,2.4011205143556102,0.9185147219059986,16.04811199100135,0.26327956000000013,0.09260439999999878,0.03698348000000059,16.252721233520823,1.0,9.78,9.78,9.29,9.78,3832.36,9.78
134.7252062,135.3482525,2.0823904999999736,0.8643685000000424,17.287210000000012,2.324925802042357,0.9055706764281524,16.3443273208141,0.27127956000000014,0.09140439999999878,0.03818348000000059,16.533673935484483,1.0,9.78,9.78,8.8,9.78,3832.36,9.78
134.8368872,135.4599335,2.0623904999999736,1.0343685000000424,18.217210000000012,2.262164841636311,0.9363607265383477,16.79205345424883,0.28527956000000015,0.09220439999999877,0.03978348000000059,16.969596942511302,1.0,9.29,9.78,8.8,9.29,3835.78,10.26
134.9468904,135.5699367,1.9923904999999735,1.0993685000000424,18.692210000000014,2.197673336523327,0.9753289122890605,17.246299602501782,0.29527956000000016,0.09100439999999878,0.04058348000000059,17.413095203336646,1.0,9.78,9.78,8.31,8.8,3843.11,10.26
135.0582314,135.6812777,1.7073904999999736,0.8143685000000425,18.72221000000001,2.080467682840081,0.9368501630160162,17.599126644425855,0.29607956000000013,0.08740439999999877,0.03658348000000059,17.74641633270856,1.0,9.78,9.78,8.8,9.78,3844.09,9.78
135.1690968,135.7921431,1.7573904999999734,1.0043685000000424,18.88721000000001,2.003233748498362,0.9529909091982283,17.90705227518855,0.28727956000000016,0.10140439999999877,0.02858348000000059,18.043936885016883,1.0,9.78,9.78,9.29,9.78,3848.97,9.78
135.2802384,135.9032847,2.0523904999999734,1.1343685000000425,18.462210000000013,2.0149850250340577,0.9963505324805054,18.039766739548007,0.27087956000000013,0.11380439999999878,0.02738348000000059,18.179275647065488,1.0,9.29,9.78,8.8,10.75,3851.91,9.78
135.3907048,136.0137511,1.5123904999999733,0.8743685000000424,17.54721000000001,1.894836173277477,0.9671898464653371,17.92201749292093,0.26607956000000016,0.09700439999999878,0.02018348000000059,18.047841182236457,1.0,9.78,9.29,7.82,9.78,3848.48,9.78
135.5102339,136.1332802,1.6373904999999733,0.9943685000000424,17.91721000000001,1.8332919253931725,0.9736870999208206,17.920868227010725,0.26647956000000017,0.10020439999999878,0.01818348000000059,18.04069133548231,1.0,9.78,9.78,8.8,9.29,3842.62,9.78
135.620295,136.2433413,1.6123904999999734,1.1593685000000424,18.872210000000013,1.7804838439470307,1.0180755798999048,18.148293349966416,0.28087956000000014,0.10460439999999878,0.01818348000000059,18.263820852203413,1.0,9.78,9.78,8.31,9.78,3849.95,9.78
135.7302395,136.3532858,1.6073904999999735,1.1193685000000424,19.482210000000013,1.7391046297175572,1.042290384150463,18.467175760851518,0.29727956000000016,0.10580439999999877,0.02498348000000059,18.578144006874837,1.0,9.78,9.78,8.8,9.29,3855.82,9.78
135.8402814,136.4633277,1.7573904999999734,1.3993685000000424,19.45221000000001,1.7434759990985766,1.127652487137599,18.702655311223822,0.29687956000000015,0.10060439999999878,0.02778348000000059,18.817561595000267,1.0,9.78,9.78,6.35,9.78,3858.75,9.78
135.9502288,136.5732751,1.7073904999999736,1.4143685000000423,19.072210000000013,1.7348494998714585,1.196194021137221,18.79100002909497,0.29127956000000016,0.09780439999999878,0.026183480000000592,18.90878803670018,1.0,9.78,9.78,7.33,8.8,3858.75,9.78
136.0619115,136.6849578,1.8023904999999734,1.5193685000000423,19.15221000000001,1.7509956638420705,1.2734512147959982,18.877349881880026,0.28847956000000013,0.10580439999999877,0.02898348000000059,19.001105293486876,1.0,9.78,9.78,8.8,9.78,3858.75,9.78
136.17190300000001,136.7949493,1.9373904999999736,1.4443685000000424,18.67221000000001,1.7955546958693478,1.314310226463953,18.828309711265963,0.28127956000000015,0.10500439999999878,0.02938348000000059,18.959342673747905,1.0,9.78,9.29,7.82,9.78,3858.75,9.78
136.2827269,136.9057732,1.6873904999999736,1.2443685000000424,17.752210000000012,1.7696972635107324,1.2975901515209523,18.57106030196246,0.26807956000000016,0.09460439999999877,0.02498348000000059,18.700263349614293,1.0,9.29,9.78,8.31,8.8,3854.35,9.78
136.3935897,137.016636,1.9673904999999734,1.4743685000000424,17.247210000000013,1.8169572597524617,1.3398502927028462,18.254584324299145,0.25567956000000014,0.09980439999999878,0.02898348000000059,18.393650571421954,1.0,9.78,9.78,7.82,9.78,3848.97,10.75
136.5036065,137.1266528,2.0723904999999734,1.3393685000000424,17.287210000000012,1.8780204209839135,1.339735116676958,18.023326504139927,0.25727956000000013,0.10100439999999877,0.03098348000000059,18.170364585206396,1.0,9.29,9.78,7.33,9.29,3844.57,9.78
136.6135699,137.2366162,2.1023904999999736,1.3093685000000423,17.41721000000001,1.9316577091348037,1.3324757576037245,17.878429975475623,0.26167956000000014,0.10340439999999877,0.03218348000000059,18.031778934366038,1.0,8.31,10.26,8.31,9.29,3846.04,9.78
136.7244192,137.3474655,2.0673904999999735,1.3593685000000424,17.25721000000001,1.9641056132719614,1.3389046619362657,17.729922852886922,0.25927956000000013,0.09740439999999878,0.03058348000000059,17.88855893925397,1.0,9.29,10.26,6.84,9.29,3844.57,9.78
136.8344378,137.4574841,2.0373904999999737,1.3643685000000425,16.86721000000001,1.9816248948257837,1.3449919763662643,17.52368511350252,0.2552795600000001,0.09180439999999877,0.03058348000000059,17.686587590529516,1.0,8.8,9.78,7.33,7.82,3843.11,9.29
136.9452794,137.5683257,2.0923904999999734,1.3143685000000425,16.13221000000001,2.0081042128702835,1.3376712131288477,17.19104293614524,0.24287956000000016,0.09620439999999877,0.03178348000000059,17.359545041174616,1.0,9.78,9.78,6.84,9.29,3838.22,10.26
137.0557844,137.6788307,2.0823904999999736,1.2893685000000423,16.57721000000001,2.0258628864238535,1.326124100635412,17.044301738669564,0.24647956000000015,0.09820439999999878,0.03138348000000059,17.21542759630704,1.0,9.78,9.78,7.33,8.31,3836.75,9.78
137.1752764,137.7983227,2.0323904999999733,1.3093685000000423,16.75721000000001,2.0274233596021642,1.322118553267591,16.975670384701655,0.25047956000000016,0.09540439999999878,0.03018348000000059,17.147356296467155,1.0,9.29,10.26,7.33,9.29,3840.66,9.78
137.2852417,137.908288,2.2523904999999735,1.3193685000000424,17.662210000000012,2.0812033795893004,1.3214611331686692,17.13979263903363,0.26567956000000015,0.09300439999999878,0.03058348000000059,17.316181990922846,1.0,8.31,9.78,6.35,8.8,3842.13,9.78
137.3952334,138.0182797,1.9473904999999734,1.2843685000000424,18.95721000000001,2.0492144441113247,1.3125938712669676,17.574259387488116,0.28647956000000013,0.09380439999999877,0.02938348000000059,17.741949597706455,1.0,8.8,9.78,5.38,9.29,3847.51,10.26
137.5052719,138.1283182,2.1123904999999734,1.4093685000000424,19.532210000000013,2.0643171366307387,1.3357285453278516,18.042321624882057,0.2956795600000002,0.10580439999999877,0.03418348000000059,18.209089642348342,1.0,9.29,9.78,7.33,8.31,3857.28,9.78
137.6152483,138.2382946,1.7373904999999734,1.6093685000000424,19.38721000000001,1.9861629625534076,1.40114415316074,18.36382690590404,0.29247956000000014,0.07780439999999877,0.02458348000000059,18.523989496913472,1.0,9.78,10.26,8.31,8.8,3859.73,9.78
137.7261093,138.3491556,1.5123904999999733,1.6993685000000425,18.337210000000013,1.8729042330321848,1.4724368375292545,18.357463942277516,0.28527956000000015,0.06620439999999878,0.02898348000000059,18.511410613420097,1.0,9.29,9.78,7.82,7.82,3851.91,9.78
137.8360791,138.4591254,1.5173904999999734,1.2343685000000424,18.522210000000012,1.7879161070580327,1.4155248817299089,18.396847677437464,0.28887956000000015,0.07500439999999878,0.02698348000000059,18.537647077326458,1.0,8.8,9.29,5.87,8.31,3841.64,9.78
137.9461877,138.569234,2.3823904999999734,1.3343685000000425,19.13221000000001,1.9300295049423823,1.3961238624352779,18.572641352617172,0.29087956000000015,0.10340439999999877,0.03338348000000059,18.72477456585672,1.0,8.8,9.78,5.38,9.29,3857.28,9.78
138.056239,138.6792853,2.2823904999999733,1.2543685000000424,19.13721000000001,2.0142639461295495,1.3622362190595836,18.707605565998154,0.29527956000000016,0.10580439999999877,0.03258348000000059,18.864979532831736,1.0,7.82,9.78,8.8,7.33,3861.68,9.78
138.1661023,138.7891486,1.8573904999999735,1.2243685000000424,17.822210000000013,1.9767622156395723,1.3292779449156713,18.495945360193424,0.2764795600000002,0.08900439999999878,0.026183480000000592,18.64871479430366,1.0,8.31,8.31,5.87,8.31,3856.79,9.78
138.2768118,138.8998581,1.6723904999999735,1.1793685000000425,16.372210000000013,1.903999958353148,1.2934410092211217,17.988251081301744,0.25407956000000015,0.07900439999999878,0.02418348000000059,18.134921627889575,1.0,8.8,9.78,6.35,9.29,3842.62,9.78
138.3960842,139.0191305,1.7523904999999735,0.8843685000000424,14.427210000000013,1.8677566221661177,1.1956492709112727,17.136958487242147,0.22127956000000015,0.07740439999999878,0.02418348000000059,17.27985642799548,1.0,7.82,9.78,5.87,8.8,3824.54,9.78
138.5069552,139.1300015,1.7223904999999735,0.6493685000000424,12.177210000000013,1.833005800594027,1.0650569065053275,15.951294784074731,0.18487956000000014,0.07300439999999878,0.02458348000000059,16.091552497119594,1.0,8.31,9.29,5.87,8.8,3793.74,9.78
138.61693,139.2399763,1.6023904999999736,0.5893685000000424,10.172210000000014,1.7778755471118683,0.9513401567423816,14.569762820583056,0.15567956000000016,0.06540439999999878,0.02378348000000059,14.708632778164437,1.0,7.82,9.29,5.87,8.8,3743.89,9.78
138.7285906,139.3516369,1.2673904999999734,0.3793685000000424,8.012210000000014,1.6558404090545273,0.8146062004975524,13.002132449614036,0.12527956000000015,0.052604399999998774,0.02218348000000059,13.132434616606824,1.0,6.84,9.29,5.38,6.84,3664.71,9.78
138.8386324,139.4616787,1.3773904999999735,0.3593685000000424,7.027210000000013,1.589274946881297,0.7057783397337035,11.573784077520136,0.11247956000000014,0.04980439999999878,0.02538348000000059,11.703691545605619,1.0,6.35,9.29,5.87,5.87,3601.17,9.78
138.9494194,139.5724657,1.1073904999999735,0.3443685000000425,6.272210000000013,1.4740769889086756,0.6193807068613907,10.30640449778178,0.09887956000000014,0.03820439999999878,0.01898348000000059,10.429693624510678,1.0,5.87,9.29,4.89,4.89,3545.94,8.8
139.060295,139.6833413,0.9623904999999735,0.3793685000000424,5.427210000000012,1.3517546375110598,0.5620040550564426,9.139997807685525,0.08367956000000014,0.029804399999998774,0.01578348000000059,9.256492266643383,1.0,5.38,7.82,4.89,4.89,3475.56,9.78
139.1702927,139.793339,0.9623904999999735,0.3493685000000424,4.927210000000012,1.2586743278240893,0.5111719896237419,8.132900450719267,0.07607956000000014,0.027404399999998774,0.014183480000000588,8.245582308594644,1.0,4.89,7.82,5.38,5.87,3404.69,9.78
139.28028940000002,139.9033357,1.0323904999999736,0.3543685000000425,3.972210000000012,1.204579544196457,0.47368698274183296,7.138257343266819,0.061679560000000154,0.023404399999998778,0.015383480000000588,7.254661200539847,1.0,6.35,7.33,4.89,4.89,3349.46,9.29
139.3912163,140.0142626,0.8473904999999735,0.31436850000004246,3.1622100000000124,1.1191909229866903,0.43560074858771314,6.187754504440803,0.04767956000000015,0.021004399999998775,0.012983480000000588,6.303224741471101,1.0,4.89,5.38,4.89,4.89,3258.55,9.29
139.5012136,140.1242599,0.8923904999999734,0.3843685000000423,2.612210000000012,1.064972643553756,0.4233533094810119,5.332994762312733,0.03887956000000015,0.017004399999998775,0.01258348000000059,5.454743613683547,1.0,4.89,5.87,4.4,4.89,3159.82,8.8
139.6111855,140.2342318,0.8323904999999734,0.3893685000000424,2.2422100000000125,1.0093722020543663,0.4152289952815531,4.594120338256033,0.03127956000000015,0.015404399999998776,0.00938348000000059,4.721989945264638,1.0,4.89,5.87,5.38,5.38,3032.26,5.87
139.7212192,140.3442655,0.6473904999999736,0.28436850000004243,1.9822100000000122,0.9228378613633718,0.3839458485992356,3.969724304472495,0.03007956000000015,0.011404399999998774,0.00858348000000059,4.093623723126241,1.0,4.89,4.89,4.4,4.89,2943.3,5.87
139.831199,140.4542453,0.6723904999999735,0.15436850000004232,1.9722100000000125,0.862966610495215,0.3290637250392093,3.492204080722668,0.03247956000000015,0.010604399999998775,0.010583480000000589,3.612268490489368,1.0,5.38,4.89,4.89,4.89,2873.41,6.35
139.9421007,140.565147,0.4573904999999736,0.02936850000004232,1.8922100000000124,0.7660107115574009,0.2574194166119656,3.1097139379915744,0.03127956000000015,0.009004399999998774,0.00858348000000059,3.2129982792414604,1.0,4.89,4.89,4.89,4.4,2608.02,4.89
140.0525928,140.6756391,0.5423904999999736,0.17936850000004245,1.9922100000000125,0.7125526846392475,0.2387607811864499,2.842566549201301,0.03127956000000015,0.009004399999998774,0.010183480000000588,2.940224927732155,1.0,4.89,4.89,4.4,4.89,2684.75,4.89
140.1719673,140.7950136,0.7523904999999735,0.2693685000000423,1.7122100000000122,0.7220762021740978,0.24607777746708392,2.5723466508590827,0.02687956000000015,0.007804399999998775,0.01258348000000059,2.6830795005916706,1.0,4.89,5.38,4.4,3.91,2596.77,5.38
140.2827868,140.9058331,0.6423904999999734,0.17936850000004245,1.4522100000000124,0.7030267594508834,0.23013044280673794,2.304569893040138,0.02287956000000015,0.004204399999998774,0.010583480000000589,2.4203820023123352,1.0,4.4,4.89,1.96,4.4,2127.57,4.89
140.3928038,141.0158501,0.7623904999999735,0.17436850000004234,1.2822100000000123,0.7172180904496941,0.21680014757623128,2.0601673754790455,0.019679560000000148,0.003404399999998774,0.010183480000000588,2.192189250098084,1.0,2.44,4.4,0.49,3.91,1881.23,4.4
140.5027938,141.1258401,0.5623904999999734,0.08436850000004248,0.8622100000000124,0.6802054365384511,0.18514140558847847,1.773787011293081,0.012879560000000151,0.0010043999999987743,0.00938348000000059,1.9087370529729293,1.0,0.0,0.49,0.98,0.0,981.43,0.49
140.6135695,141.2366158,0.37739049999997354,0.08936850000004237,0.4322100000000123,0.6078153385417159,0.16224620068137835,1.4530733357134349,0.004879560000000148,-0.0013956000000012268,0.00298348000000059,1.583409433584217,1.0,0.0,0.0,0.0,0.0,400.78,0.0
140.7238957,141.346942,0.4173904999999736,0.2593685000000423,0.46221000000001233,0.5622929053334134,0.18546398790718438,1.2162002977001587,0.008079560000000149,-0.012195600000001227,-0.0010165199999994101,1.3526689788431914,1.0,0.0,0.0,0.0,0.0,227.27,0.0
140.8344573,141.4575036,0.39739049999997356,0.2393685000000425,0.1672100000000123,0.5228717941476769,0.1983502509081918,0.9654315895374123,0.002479560000000148,-0.004195600000001225,-0.00221651999999941,1.115704212247712,1.0,0.0,0.0,0.0,0.0,222.87,0.0
140.9444522,141.5674985,0.26739049999997366,-0.0006314999999577076,0.04221000000001229,0.4617971452842614,0.15078222598689606,0.7447287995651549,7.956000000014767e-05,-0.0009956000000012257,0.0017834800000005903,0.8891641400596481,1.0,0.0,0.0,0.0,0.0,208.7,0.0
141.0544776,141.6775239,0.3123904999999736,-0.02563149999995762,0.0522100000000123,0.42608040747361264,0.10860925044566208,0.5791771780429052,7.956000000014767e-05,-0.0005956000000012255,0.0009834800000005882,0.727177204318859,1.0,0.0,0.0,0.0,0.0,218.48,0.0
141.1644977,141.787544,0.3373904999999735,0.03936850000004233,0.0522100000000123,0.4048784444306756,0.0920567488834117,0.453201867526012,7.956000000014767e-05,-0.0005956000000012255,0.0033834800000005875,0.6146486252393737,1.0,0.0,0.0,0.0,0.0,209.19,0.0
141.2745122,141.8975585,0.24739049999997365,-0.08563149999995767,0.06221000000001231,0.3672298136829176,0.049579089437108446,0.3597324372208885,0.00047956000000014785,-0.0005956000000012255,0.002183480000000588,0.5164525617671808,1.0,0.0,0.0,0.0,0.0,208.21,0.0
141.3845251,142.0075714,0.3123904999999736,-0.0006314999999577076,0.0522100000000123,0.35412007960915737,0.037575885330427265,0.28621697718087363,0.00047956000000014785,-0.0009956000000012257,0.0017834800000005903,0.4568732165134198,1.0,0.0,0.0,0.0,0.0,189.15,0.0
141.4950268,142.1180731,0.27239049999997356,0.004368500000042408,0.0522100000000123,0.3345820332209172,0.029637419989975163,0.23027591891048724,7.956000000014767e-05,-0.0005956000000012255,0.002583480000000589,0.40724748304682545,1.0,0.0,0.0,0.0,0.0,198.92,0.0
141.614641,142.2376873,0.27239049999997356,0.024368500000042426,0.07221000000001232,0.3197146979570265,0.028377846605754986,0.1924891191882769,0.00047956000000014785,-0.0005956000000012255,-0.00021651999999940802,0.3742657495331507,1.0,0.0,0.0,0.0,0.0,208.21,0.0
141.724633,142.3476793,0.2923904999999736,-0.08563149999995767,0.04221000000001229,0.3131826510560246,0.001123088740524674,0.15656381018847065,0.00047956000000014785,-0.0005956000000012255,0.0013834800000005892,0.35013834538869093,1.0,0.0,0.0,0.0,0.0,187.68,0.0
141.8353479,142.4583942,0.2073904999999736,-0.03563149999995763,0.04221000000001229,0.2878922731447625,-0.0076633611987276876,0.12922670581551415,7.956000000014767e-05,-0.0005956000000012255,0.0017834800000005903,0.3156584064099199,1.0,0.0,0.0,0.0,0.0,180.84,0.0
141.9453307,142.568377,0.27239049999997356,0.04936850000004234,0.032210000000012284,0.2841864622957265,0.005970517196800413,0.10603416147940536,0.00047956000000014785,-0.0005956000000012255,0.0009834800000005882,0.3033823261635363,1.0,0.0,0.0,0.0,0.0,192.08,0.0
142.0562012,142.6792475,0.3323904999999736,-0.010631499999957494,0.04221000000001229,0.2957099857161288,0.002001685059406566,0.09077653463686142,0.00047956000000014785,-0.0009956000000012257,0.0013834800000005892,0.3093360335233958,1.0,0.0,0.0,0.0,0.0,163.73,0.0
142.1662144,142.7892607,0.20239049999997327,0.014368500000042417,0.04221000000001229,0.2734012885520474,0.00495806150402215,0.07916635370618394,0.00047956000000014785,-0.0005956000000012255,0.00018348000000058956,0.2846755319920034,1.0,0.0,0.0,0.0,0.0,122.19,0.0
142.2761977,142.899244,0.2923904999999736,0.03936850000004233,0.06221000000001231,0.2779407967193449,0.01318412539410708,0.07511281486662574,0.00047956000000014785,-0.0005956000000012255,0.0033834800000005875,0.2882131894979474,1.0,0.0,0.0,0.0,0.0,124.63,0.0
142.3870115,143.0100578,0.37739049999997354,0.06436850000004246,0.06221000000001231,0.30171496667451875,0.025420119879651405,0.07202830376785042,0.00047956000000014785,-0.0005956000000012255,0.002183480000000588,0.3112333210852841,1.0,0.0,0.49,0.0,0.0,113.88,0.0
142.4970065,143.1200528,0.26739049999997366,0.04936850000004234,0.06221000000001231,0.2935094549693844,0.03114515314120546,0.06968116732854468,0.00047956000000014785,-0.0005956000000012255,0.0017834800000005903,0.30327097751166837,1.0,0.0,0.0,0.0,0.49,107.04,0.0
142.607013,143.2300593,0.3573904999999735,-0.02563149999995762,0.06221000000001231,0.3087806802357464,0.017572284075371952,0.06789513080985485,0.00047956000000014785,-0.0005956000000012255,0.0017834800000005903,0.31664497855194723,1.0,0.0,0.0,0.0,0.0,108.02,0.0
142.7170049,143.3400512,0.3123904999999736,0.024368500000042426,0.04221000000001229,0.30964363372631754,0.01919696858538242,0.06175491475037653,0.00047956000000014785,-0.0005956000000012255,0.002183480000000588,0.3163247903752286,1.0,0.0,0.0,0.0,0.0,59.14,0.0
142.8274907,143.450537,0.24739049999997365,0.06436850000004246,0.07221000000001232,0.29476157241663287,0.029995549471614036,0.06425427840276753,0.00047956000000014785,-0.0005956000000012255,0.0005834800000005871,0.30317112305542937,1.0,0.0,0.0,0.0,0.0,51.81,0.0
142.9386809,143.5617272,0.25239049999997354,0.03936850000004233,0.07221000000001232,0.28463246148329885,0.03223622100198044,0.06615615111962446,7.956000000014767e-05,-0.0005956000000012255,0.002583480000000589,0.2939922590911072,1.0,0.0,0.0,0.0,0.0,16.62,0.0
143.0495209,143.6725672,0.3123904999999736,-0.0006314999999577076,0.0522100000000123,0.29126822110397366,0.024378954872846397,0.06282222295291488,7.956000000014767e-05,-0.0009956000000012257,0.0017834800000005903,0.2989617730789529,1.0,0.0,0.0,0.0,0.0,16.62,0.0
143.1605851,143.7836314,0.26739049999997366,-0.05063149999995753,0.06221000000001231,0.28556007939070105,0.00644716378917907,0.06267586663356325,0.00047956000000014785,-0.0005956000000012255,0.0013834800000005892,0.29242843418658215,1.0,0.0,0.0,0.0,0.0,62.56,0.0
143.2720431,143.8950894,0.3123904999999736,0.004368500000042408,0.0522100000000123,0.29197408524986074,0.0059502441949279864,0.06017392561346682,0.00047956000000014785,-0.00019560000000122622,0.0033834800000005875,0.29816970534782244,1.0,0.0,0.0,0.0,0.0,82.6,0.0
143.3822231,144.0052694,0.2073904999999736,-0.03563149999995763,0.07221000000001232,0.27175376819698477,-0.003990172125191221,0.0630512361394861,0.00047956000000014785,-0.00019560000000122622,0.002583480000000589,0.27900087881862745,1.0,0.0,0.0,0.0,0.0,16.13,0.0
143.5012168,144.1242631,0.24739049999997365,0.014368500000042417,0.08221000000001233,0.2659295529437247,0.00039860106224606567,0.06763127703579629,7.956000000014767e-05,-0.0005956000000012255,0.00298348000000059,0.27439510863925537,1.0,0.0,0.0,0.0,0.0,19.06,0.0
143.6120423,144.2350886,0.27239049999997356,-0.02563149999995762,0.08221000000001233,0.26747408900888725,-0.005824082627989974,0.07111642607141115,7.956000000014767e-05,-0.0005956000000012255,0.00018348000000058956,0.276828203560913,1.0,0.0,0.0,0.0,0.0,20.04,0.0
143.7220283,144.3450746,0.18239049999997325,-0.045631499999957637,0.06221000000001231,0.24713424244558338,-0.015340333304044444,0.0689872805824887,0.00047956000000014785,-0.0009956000000012257,0.002183480000000588,0.2570406670104919,1.0,0.0,0.0,0.0,0.0,55.23,0.0
143.832886,144.4559323,0.3373904999999735,0.014368500000042417,0.07221000000001232,0.2687106527900271,-0.008238222097656688,0.06975769493891815,0.00047956000000014785,-0.0005956000000012255,0.0009834800000005882,0.27773984091117354,1.0,0.0,0.0,0.0,0.0,71.36,0.0
143.9437035,144.5667498,0.2923904999999736,-0.010631499999957494,0.0522100000000123,0.2743714913195622,-0.00881035246830953,0.06556279170605599,7.956000000014767e-05,-0.0005956000000012255,0.002183480000000588,0.28223362169633176,1.0,0.0,0.0,0.0,0.0,65.98,0.0
144.0545522,144.6775985,0.3123904999999736,0.07436850000004247,0.04221000000001229,0.283460209979132,0.011074153065897742,0.05998013815725048,0.00047956000000014785,-0.0005956000000012255,0.002583480000000589,0.2899481755088371,1.0,0.0,0.0,0.0,0.0,35.19,0.0
144.1645244,144.7875707,0.25239049999997354,0.08936850000004237,0.0522100000000123,0.2760327713731251,0.029790982268386355,0.05812263050230965,0.00047956000000014785,-0.00019560000000122622,0.002183480000000588,0.28365442649983674,1.0,0.0,0.0,0.0,0.0,160.8,0.0
144.2753434,144.8983897,0.2923904999999736,-0.08563149999995767,0.08221000000001233,0.27994320456323657,0.002198404115062138,0.06388089017851523,0.00047956000000014785,-0.0009956000000012257,0.002183480000000588,0.2871476952576614,1.0,0.0,0.0,0.0,0.0,181.33,0.0
144.3861942,145.0092405,0.37739049999997354,0.014368500000042417,0.07221000000001232,0.3032386844587134,0.005107753448401385,0.06587202404759084,0.00047956000000014785,-0.0005956000000012255,0.00018348000000058956,0.3103528837463367,1.0,0.0,0.0,0.0,0.0,168.13,0.0
144.4961966,145.1192429,0.27239049999997356,-0.020631499999957503,0.032210000000012284,0.29586420312857664,-0.0010454010187751243,0.057824874037660484,0.00047956000000014785,-0.0005956000000012255,0.002183480000000588,0.30146382140095856,1.0,0.0,0.0,0.0,0.0,167.16,0.0
144.6062133,145.2292596,0.3123904999999736,0.07436850000004247,0.0522100000000123,0.2998149337752188,0.016982836780434662,0.05648259783929657,0.00047956000000014785,-0.0009956000000012257,0.0017834800000005903,0.3055612788270553,1.0,0.0,0.0,0.0,0.0,158.36,0.0
144.7161824,145.3392287,0.26739049999997366,-0.05063149999995753,0.0522100000000123,0.29206363865976004,0.0008191411534360631,0.055461202462232254,0.00047956000000014785,-0.0009956000000012257,-0.00021651999999940802,0.29728401403029536,1.0,0.0,0.0,0.0,0.0,179.37,0.0
144.8270765,145.4501228,0.27239049999997356,-0.0006314999999577076,0.07221000000001232,0.2873606327520434,0.0004723549068503417,0.05946512350043148,0.00047956000000014785,-0.0005956000000012255,0.0017834800000005903,0.29344924141618484,1.0,0.0,0.0,0.0,0.0,167.64,0.0
144.9378953,145.5609416,0.22739049999997363,-0.02563149999995762,0.04221000000001229,0.27302433931676917,-0.00576796017270741,0.05534016158336173,7.956000000014767e-05,-0.0005956000000012255,0.00018348000000058956,0.27863612958118844,1.0,0.0,0.0,0.0,0.0,81.13,0.0
145.0486895,145.6717358,0.20239049999997327,0.03936850000004233,0.0522100000000123,0.2561388097967325,0.005022236679804548,0.05459187384579338,0.00047956000000014785,-0.0009956000000012257,0.0009834800000005882,0.2619400416800564,1.0,0.0,0.0,0.0,0.0,0.98,0.0
145.1593724,145.7824187,0.2923904999999736,0.08936850000004237,0.022210000000012275,0.26480503820791407,0.025185820211076633,0.04685075298890938,7.956000000014767e-05,-0.0005956000000012255,0.0017834800000005903,0.27009447764741007,1.0,0.0,0.0,0.0,0.0,0.0,0.0
145.269544,145.8925903,0.24739049999997365,-0.1306314999999576,0.0522100000000123,0.2606419670534616,-0.01206343574903079,0.04813191970002752,7.956000000014767e-05,-0.0005956000000012255,0.0009834800000005882,0.26532328048171466,1.0,0.0,0.0,0.0,0.0,0.0,0.0
145.3800581,146.0031044,0.2923904999999736,-0.010631499999957494,0.06221000000001231,0.2682316831933672,-0.011721121164468436,0.0514973864903102,7.956000000014767e-05,-0.0005956000000012255,0.002183480000000588,0.2733817868209794,1.0,0.0,0.0,0.0,0.0,0.0,0.0
145.4912443,146.1142906,0.20239049999997327,-0.03563149999995763,0.06221000000001231,0.25249187273991175,-0.017437069944360242,0.05405831413355394,0.00047956000000014785,-0.0005956000000012255,0.002583480000000589,0.25880204507482996,1.0,0.0,0.0,0.0,0.0,0.0,0.0
145.6017011,146.2247474,0.22739049999997363,0.024368500000042426,0.06221000000001231,0.24649120826388513,-0.007443146461988906,0.05600703352453597,0.00047956000000014785,-0.0005956000000012255,0.002183480000000588,0.25288357792641086,1.0,0.0,0.0,0.0,0.0,0.0,0.0
145.7212309,146.3442772,0.3323904999999736,-0.010631499999957494,0.0522100000000123,0.26702605445643895,-0.008205345406664993,0.055099325232206633,0.00047956000000014785,-0.00019560000000122622,0.0013834800000005892,0.27277495686528896,1.0,0.0,0.0,0.0,0.0,0.0,0.0
145.83224380000001,146.4552901,0.24739049999997365,0.014368500000042417,0.07221000000001232,0.2623320333240199,-0.002808904597520632,0.059189755636303715,7.956000000014767e-05,-0.0009956000000012257,0.002583480000000589,0.26894128137055867,1.0,0.0,0.0,0.0,0.0,0.0,0.0
145.9420519,146.5650982,0.22739049999997363,0.04936850000004234,0.06221000000001231,0.253979007378873,0.00966448088078433,0.05991176686851772,0.00047956000000014785,-0.0005956000000012255,0.0009834800000005882,0.26112862384112606,1.0,0.0,0.0,0.0,0.0,0.0,0.0
146.0537149,146.6767612,0.29739049999997347,0.03936850000004233,0.08221000000001233,0.26435683827766915,0.016765441221512946,0.06524232057235668,7.956000000014767e-05,-0.00019560000000122622,0.0017834800000005903,0.27280428581161237,1.0,0.0,0.0,0.0,0.0,0.0,0.0
146.1637136,146.7867599,0.2923904999999736,0.10936850000004239,0.04221000000001229,0.2710584876166445,0.03890287135096557,0.059736277963020695,0.00047956000000014785,-0.0005956000000012255,0.0017834800000005903,0.28027586412898214,1.0,0.0,0.0,0.0,0.0,0.0,0.0
146.2745925,146.8976388,0.26739049999997366,-0.02563149999995762,0.07221000000001232,0.2701816286807648,0.02347546370835273,0.06271821132127536,0.00047956000000014785,-0.0009956000000012257,0.0017834800000005903,0.2783572954033233,1.0,0.0,0.0,0.0,0.0,0.0,0.0
146.3845728,147.0076191,0.27239049999997356,-0.020631499999957503,0.0522100000000123,0.2707096753256481,0.0129313754223467,0.06020614749769981,7.956000000014767e-05,-0.0005956000000012255,0.0009834800000005882,0.277625159129619,1.0,0.0,0.0,0.0,0.0,0.0,0.0
146.4954112,147.1184575,0.3123904999999736,-0.0006314999999577076,0.06221000000001231,0.2806737775500962,0.009689072079712967,0.06068518291342796,0.00047956000000014785,-0.0005956000000012255,0.0017834800000005903,0.28732270872181853,1.0,0.0,0.0,0.0,0.0,0.0,0.0
146.6054045,147.2284508,0.2923904999999736,-0.010631499999957494,0.08221000000001233,0.2834747446887809,0.004831292536166077,0.06583084592487472,0.00047956000000014785,-0.0005956000000012255,0.0013834800000005892,0.2910583662070619,1.0,0.0,0.0,0.0,0.0,0.0,0.0
146.7162358,147.3392821,0.24739049999997365,-0.03563149999995763,0.0522100000000123,0.2748485453373859,-0.004841630307054935,0.06257468431484815,7.956000000014767e-05,-0.0005956000000012255,0.0017834800000005903,0.28192331470669496,1.0,0.0,0.0,0.0,0.0,0.0,0.0
146.8262375,147.4492838,0.3123904999999736,-0.045631499999957637,0.08221000000001233,0.2838232207879424,-0.01459274330728201,0.0672686483672629,7.956000000014767e-05,-0.0005956000000012255,0.0013834800000005892,0.29205074879005494,1.0,0.0,0.0,0.0,0.0,0.0,0.0
146.9362517,147.559298,0.3373904999999735,-0.06063149999995754,0.06221000000001231,0.2966288658327491,-0.02559864066072101,0.06605934193336523,7.956000000014767e-05,-0.00019560000000122622,0.0013834800000005892,0.3049718201827327,1.0,0.0,0.0,0.0,0.0,0.0,0.0
147.0470777,147.670124,0.3573904999999735,-0.020631499999957503,0.07221000000001232,0.31115437339881413,-0.024411209805075128,0.06752970117415656,7.956000000014767e-05,-0.0005956000000012255,0.0009834800000005882,0.31933244712998854,1.0,0.0,0.0,0.0,0.0,0.0,0.0
147.15790810000001,147.7809544,0.24739049999997365,-0.06063149999995754,0.04221000000001229,0.2959111588574239,-0.03306993181743715,0.061476843708813345,0.00047956000000014785,-0.0005956000000012255,0.0017834800000005903,0.3040336110352791,1.0,0.0,0.0,0.0,0.0,0.0,0.0
147.267903,147.8909493,0.3373904999999735,-0.03563149999995763,0.08221000000001233,0.3058270949881624,-0.03368229319523997,0.06643325448847384,7.956000000014767e-05,-0.0005956000000012255,0.002583480000000589,0.314766717118756,1.0,0.0,0.0,0.0,0.0,0.0,0.0
147.3780326,148.0010789,0.3123904999999736,-0.07063149999995755,0.06221000000001231,0.30739612436771846,-0.042515267988592904,0.06542365499586085,0.00047956000000014785,-0.0005956000000012255,0.002583480000000589,0.317143784302094,1.0,0.0,0.0,0.0,0.0,0.0,0.0
147.4970646,148.1201109,0.24739049999997365,-0.06063149999995754,0.06221000000001231,0.29305134640533953,-0.04684608411551681,0.06465540755491068,0.00047956000000014785,-0.0005956000000012255,0.002183480000000588,0.3037333846534358,1.0,0.0,0.0,0.0,0.0,0.0,0.0
