time,world_time,Fx,Fy,Fz,LPF_Fx,LPF_Fy,LPF_Fz,Mx,My,Mz,force_magnitude,touch_count,V_SidePalm[mV],V_ThumpPalm[mV],V_UpperPalm[mV],V_Middle[mV],V_Index[mV],V_Thump[mV],CalF1,CalF2,CalF3,CalF4,CalF5,CalF6
2.0316669,2.6128614,0.2473904999999736,-0.0106314999999574,-0.0477899999999876,0.0591404860776536,-0.0025415368728068,-0.0114245447163518,0.0004795600000001,-0.0001956000000012,0.0005834800000005,0.0602874508098734,,0.0,0.0,0.0,0.0,0.0,0.0,0.0,0.0,0.0,0.0,0.0,0.0
2.1619109,2.7431054,0.2273904999999736,-0.0506314999999575,-0.0477899999999876,0.0993618672783831,-0.0140377899415238,-0.0201179694917964,0.0004795600000001,-0.0001956000000012,0.0005834800000005,0.1023453609694265,,0.0,0.0,0.0,0.0,0.0,0.0,0.0,0.0,0.0,0.0,0.0,0.0
2.1709463,2.7521408,0.3123904999999736,0.0993685000000423,-0.0577899999999876,0.1502879007663875,0.0130728028718956,-0.0291237405128617,0.0004795600000001,0.0002043999999987,0.0021834800000005,0.1536409566266609,,0.0,0.0,0.0,0.0,0.0,0.0,0.0,0.0,0.0,0.0,0.0,0.0
2.2160612,2.7972557,0.3373904999999735,0.0143685000000424,-0.0177899999999877,0.1950161286695119,0.0133825486299907,-0.0264143279727301,0.0004795600000001,0.0002043999999987,0.0021834800000005,0.197251361899807,,0.0,0.0,0.0,0.0,0.0,0.0,0.0,0.0,0.0,0.0,0.0,0.0
2.3256414,2.9068359,0.2923904999999736,0.0643685000000424,-0.0177899999999877,0.2182941755306082,0.0255711086076648,-0.0243526200720583,0.0004795600000001,-0.0001956000000012,0.0021834800000005,0.2211318131124217,1.0,0.0,0.0,0.0,0.0,0.0,0.0,0.0,0.0,0.0,0.0,0.0,0.0
2.4356142,3.0168087,0.2923904999999736,0.1143685000000425,-0.0277899999999877,0.2360074371380114,0.0467987664577983,-0.0251743505741242,0.0004795600000001,-0.0001956000000012,0.0017834800000005,0.2419160657196062,1.0,0.0,0.0,0.0,0.0,0.0,0.0,0.0,0.0,0.0,0.0,0.0,0.0
2.5456253,3.1268198,0.2473904999999736,0.0143685000000424,-0.0677899999999877,0.238728640541978,0.0390460769974523,-0.0353619294082375,0.0004795600000001,-0.0001956000000012,0.0021834800000005,0.244471728417388,1.0,0.0,0.0,0.0,0.0,0.0,0.0,0.0,0.0,0.0,0.0,0.0,0.0
2.6558354,3.2370299,0.3123904999999736,-0.0256314999999576,-0.0277899999999877,0.2563380401500071,0.023584435010585,-0.0335518049865252,0.0008795600000001,-0.0001956000000012,0.0013834800000005,0.2595980354713205,1.0,0.0,0.0,0.0,0.0,0.0,0.0,0.0,0.0,0.0,0.0,0.0,0.0
2.7669817,3.3481762,0.3173904999999735,-0.0006314999999577,-0.0477899999999876,0.2709330716963431,0.0177954408198278,-0.0369555483556711,0.0004795600000001,0.0002043999999987,0.0009834800000005,0.2740202905024665,1.0,0.0,0.0,0.0,0.0,0.0,0.0,0.0,0.0,0.0,0.0,0.0,0.0
2.8783775,3.459572,0.2923904999999736,0.0343685000000424,-0.0277899999999877,0.2760626249324344,0.0217573503341855,-0.0347644578128919,0.0004795600000001,-0.0005956000000012,0.0017834800000005,0.2790923193231494,1.0,0.0,0.0,0.0,0.0,0.0,0.0,0.0,0.0,0.0,0.0,0.0,0.0
2.9889813,3.5701758,0.2673904999999736,0.0493685000000423,-0.0377899999999877,0.2739894908232753,0.0283579951140044,-0.035487735528056,0.0008795600000001,-0.0001956000000012,0.0021834800000005,0.2777297181458851,1.0,0.0,0.0,0.0,0.98,0.0,0.0,0.0,0.0,0.0,0.005653267166882679,0.0,0.0
3.0994795,3.680674,0.2073904999999736,0.0143685000000424,-0.0377899999999877,0.258068520981783,0.0250137052523453,-0.0360381084807335,0.0004795600000001,-0.0001956000000012,0.0021834800000005,0.2617704953485884,1.0,0.0,0.0,0.0,0.49,0.0,0.0,0.0,0.0,0.0,0.0035482837879861114,0.0,0.0
3.2111535,3.792348,0.2723904999999735,0.0243685000000424,-0.0377899999999877,0.2614922935224822,0.0248594642760708,-0.0364569108033935,0.0004795600000001,-0.0001956000000012,0.0021834800000005,0.265189213357308,1.0,0.0,0.0,0.0,0.49,0.0,0.0,0.0,0.0,0.0,0.0035482837879861114,0.0,0.0
3.3220162,3.9032107,0.2473904999999736,0.0643685000000424,-0.0177899999999877,0.2581211579150601,0.0343043846637789,-0.031994450933343,0.0008795600000001,0.0002043999999987,0.0021834800000005,0.2623489429387853,1.0,0.0,0.0,0.0,0.0,0.0,0.0,0.0,0.0,0.0,0.0,0.0,0.0
3.4328013,4.0139958,0.2723904999999735,0.0743685000000424,-0.0077899999999876,0.2615323472166306,0.0438820008424845,-0.0262082020941939,0.0004795600000001,-0.0001956000000012,0.0017834800000005,0.2664801465317635,1.0,0.0,0.0,0.0,0.0,0.0,0.0,0.0,0.0,0.0,0.0,0.0,0.0
3.5439657,4.1251602,0.2923904999999736,0.0393685000000423,-0.0377899999999877,0.268909211546771,0.0428030158623257,-0.028976914545973,0.0004795600000001,-0.0001956000000012,0.0017834800000005,0.2738319261850619,1.0,0.0,0.0,0.0,0.0,0.0,0.0,0.0,0.0,0.0,0.0,0.0,0.0
3.6544425,4.235637,0.2673904999999736,0.0243685000000424,-0.0077899999999876,0.2685461525809282,0.0383961116816811,-0.0239120295777329,0.0008795600000001,-0.0001956000000012,0.0021834800000005,0.2723289970179776,1.0,0.0,0.0,0.0,0.0,0.0,0.0,0.0,0.0,0.0,0.0,0.0,0.0
3.7655308,4.3467253,0.3373904999999735,0.0143685000000424,-0.0177899999999877,0.2850038911362148,0.0326521375430728,-0.0224485141840146,0.0004795600000001,0.0002043999999987,0.0021834800000005,0.2877452273070486,1.0,0.0,0.0,0.0,0.0,0.0,0.0,0.0,0.0,0.0,0.0,0.0,0.0
3.88486,4.4660545,0.3123904999999736,0.0243685000000424,-0.0477899999999876,0.2915508578152969,0.0306718741506387,-0.0285065794253507,0.0004795600000001,-0.0001956000000012,0.0013834800000005,0.294542512427802,1.0,0.0,0.0,0.0,0.0,0.0,0.0,0.0,0.0,0.0,0.0,0.0,0.0
3.9956774,4.5768719,0.2473904999999736,0.0143685000000424,-0.0377899999999877,0.2809940052823111,0.0267744347907109,-0.0307258481735338,0.0004795600000001,-0.0001956000000012,0.0013834800000005,0.2839341105061887,1.0,0.0,0.0,0.0,0.0,0.0,0.0,0.0,0.0,0.0,0.0,0.0,0.0
4.105677200000001,4.6868717,0.2523904999999735,0.0643685000000424,-0.0377899999999877,0.2741561307239819,0.0357615676438928,-0.0324145846963302,0.0004795600000001,0.0002043999999987,0.0013834800000005,0.2783723747697126,1.0,0.0,0.0,0.0,0.0,0.0,0.0,0.0,0.0,0.0,0.0,0.0,0.0
4.2165267,4.7977212,0.2923904999999736,0.0643685000000424,-0.0277899999999877,0.2785151884173925,0.0426002614689727,-0.0313090443184701,7.956000000014767e-05,-0.0001956000000012,0.0013834800000005,0.2834885336526618,1.0,0.0,0.49,0.0,0.0,0.0,0.0,0.0,0.05401493744611888,0.0,0.0,0.0,0.0
4.3265117,4.9077062,0.2723904999999735,0.0493685000000423,-0.0277899999999877,0.2770510374088437,0.0442182577809451,-0.0304677913539307,0.0004795600000001,-0.0001956000000012,0.0013834800000005,0.2822070480347458,1.0,0.0,0.0,0.0,0.0,0.0,0.0,0.0,0.0,0.0,0.0,0.0,0.0
4.4372204,5.0184149,0.1873904999999736,0.0493685000000423,-0.0477899999999876,0.2556170382684369,0.045449460386765,-0.0346087904596621,0.0004795600000001,-0.0001956000000012,0.0029834800000005,0.2619226834003815,1.0,0.0,0.0,0.0,0.0,0.0,0.0,0.0,0.0,0.0,0.0,0.0,0.0
4.548186,5.1293805,0.2923904999999736,0.0343685000000424,-0.0277899999999877,0.264407999932532,0.0428004767617751,-0.0329787093439893,0.0008795600000001,-0.0001956000000012,0.0017834800000005,0.2698723151961913,1.0,0.0,0.0,0.0,0.0,0.0,0.0,0.0,0.0,0.0,0.0,0.0,0.0
4.658176,5.2393705,0.3123904999999736,0.0743685000000424,-0.0377899999999877,0.2758785631805542,0.050347040751993,-0.0341288831301963,0.0004795600000001,-0.0001956000000012,0.0009834800000005,0.2825041358967414,1.0,0.0,0.0,0.0,0.0,0.0,0.0,0.0,0.0,0.0,0.0,0.0,0.0
4.7690272,5.3502217,0.2723904999999735,0.0493685000000423,-0.0377899999999877,0.2750447164808259,0.0501131135166417,-0.0350040995644029,0.0004795600000001,-0.0001956000000012,0.0021834800000005,0.2817555805954239,1.0,0.0,0.0,0.0,0.0,0.0,0.0,0.0,0.0,0.0,0.0,0.0,0.0
4.8790021,5.4601966,0.2273904999999736,-0.0256314999999576,-0.0477899999999876,0.2636526317955707,0.0320058165058989,-0.0380606614238965,0.0004795600000001,-0.0001956000000012,0.0013834800000005,0.2683015029606888,1.0,0.0,0.0,0.0,0.0,0.0,0.0,0.0,0.0,0.0,0.0,0.0,0.0
4.989016800000001,5.5702113,0.2923904999999736,0.0893685000000423,-0.0177899999999877,0.2705226267810051,0.0457187803608675,-0.0332148133831445,0.0004795600000001,0.0002043999999987,0.0029834800000005,0.2763619407701743,1.0,0.0,0.0,0.49,0.0,0.0,0.0,0.0,0.0,0.00754893254491928,0.0,0.0,0.0
5.0998682,5.6810627,0.2023904999999732,0.0393685000000423,0.0722100000000123,0.2542351497140402,0.0442006999686591,-0.0080122501960921,0.0008795600000001,-0.0005956000000012,0.0025834800000005,0.2581732158475093,1.0,0.0,0.0,0.0,188.17,0.0,0.0,0.0,0.0,0.0,0.20001733454746037,0.0,0.0
5.2098573,5.7910518,0.2073904999999736,0.1143685000000425,0.0622100000000123,0.2430365978123802,0.0609748194310316,0.0087748859714836,0.0004795600000001,-0.0001956000000012,0.0025834800000005,0.2507223865247699,1.0,0.49,0.0,0.0,207.23,0.0,0.0,0.06888849700996072,0.0,0.0,0.2141721426588316,0.0,0.0
5.3206721,5.9018666,0.2073904999999736,0.0643685000000424,0.1122100000000123,0.2345151406367913,0.0617861032856808,0.0335017971549986,0.0004795600000001,-0.0001956000000012,0.0029834800000005,0.2448208409423869,1.0,0.0,0.0,0.0,208.21,0.0,0.0,0.0,0.0,0.0,0.2148914559374038,0.0,0.0
5.431545300000001,6.0127398,0.1373904999999733,0.0743685000000424,0.1122100000000123,0.2112967937019677,0.0647940161105844,0.0523175616025145,0.0008795600000001,-0.0005956000000012,0.0017834800000005,0.2271161086416009,1.0,0.0,0.0,0.0,208.7,0.0,0.0,0.0,0.0,0.0,0.21525081875275143,0.0,0.0
5.5420388,6.1232333,0.2873904999999732,0.0593685000000423,0.1222100000000123,0.2294875438638161,0.0634970072925431,0.0690258538772013,0.0008795600000001,-0.0009956000000012,0.0021834800000005,0.2479132332636419,1.0,0.0,0.0,0.0,203.81,0.0,0.0,0.0,0.0,0.0,0.21165566627166296,0.0,0.0
5.6532067,6.2344012,0.1573904999999733,0.0143685000000424,0.1622100000000123,0.2122522247271878,0.0517524827390604,0.0913021971338532,0.0004795600000001,-0.0013956000000012,0.0009834800000005,0.2367813708313354,1.0,0.0,0.0,0.0,207.23,0.0,0.0,0.0,0.0,0.0,0.2141721426588316,0.0,0.0
5.764039100000001,6.3452336,0.2673904999999736,-0.0006314999999577,0.2122100000000123,0.2254334277285818,0.0392297132638005,0.1202060807999056,0.0012795600000001,-0.0009956000000012,0.0017834800000005,0.2584737948061489,1.0,0.0,0.0,0.0,197.95,0.0,0.0,0.0,0.0,0.0,0.2073206946384723,0.0,0.0
5.8745323,6.4557268,0.2923904999999736,-0.1306314999999576,0.4022100000000123,0.2414399995268809,-0.0013768367781764,0.187621154771216,0.0036795600000001,-0.0017956000000012,0.0009834800000005,0.3057725736045314,1.0,0.0,0.0,0.0,171.07,0.0,0.0,0.0,0.0,0.0,0.1870213362178743,0.0,0.0
5.985389100000001,6.5665836,0.0873904999999735,-0.0256314999999576,0.4072100000000123,0.2046133538713624,-0.0071750892275877,0.2401154544474891,0.0040795600000001,-0.0037956000000012,0.0009834800000005,0.315552749873037,1.0,0.0,0.0,0.49,0.0,0.0,0.0,0.0,0.0,0.00754893254491928,0.0,0.0,0.0
6.1048602,6.6860547,0.2073904999999736,0.0193685000000423,0.2522100000000122,0.2052772507144293,-0.0008296524821679,0.2430067429281083,0.0024795600000001,-0.0025956000000012,0.0009834800000005,0.3181064524536457,1.0,0.0,0.0,0.0,1.47,0.0,0.0,0.0,0.0,0.0,0.007424069492693063,0.0,0.0
6.2148754,6.7960699,0.2473904999999736,0.0643685000000424,0.2922100000000123,0.2153447271658564,0.0147564368347755,0.2547691369563206,0.0032795600000001,-0.0025956000000012,0.0005834800000005,0.3339137869146231,1.0,0.0,0.0,0.0,97.75,0.0,0.0,0.0,0.0,0.0,0.12669506248088544,0.0,0.0
6.3248597,6.9060542,0.2123904999999735,-0.0056314999999576,0.3622100000000123,0.2146384978216651,0.0098825532599141,0.2804536513778818,0.0052795600000001,-0.0037956000000012,0.0021834800000005,0.3533010050612118,1.0,0.0,0.0,0.0,856.79,0.0,0.0,0.0,0.0,0.0,0.635456071419889,0.0,0.0
6.4356925,7.016887,0.2973904999999734,-0.0056314999999576,0.3722100000000122,0.2344209617106371,0.0061738067606608,0.3023886693281427,0.0048795600000001,-0.0041956000000012,0.0021834800000005,0.3826620055836519,1.0,0.0,0.0,0.0,1125.61,0.0,0.0,0.0,0.0,0.0,0.814054787065507,0.0,0.0
6.5457295,7.126924,0.1123904999999734,0.0143685000000424,0.3222100000000123,0.2052486983381554,0.0081328073748087,0.3071271016068292,0.0036795600000001,-0.0037956000000012,0.0017834800000005,0.3694864371891267,1.0,0.0,0.0,0.0,902.25,0.0,0.0,0.0,0.0,0.0,0.6648318878588003,0.0,0.0
6.6567401,7.2379346,0.2223904999999733,0.0743685000000424,0.2722100000000123,0.2093465698511147,0.023966928157728,0.2987799162401712,0.0040795600000001,-0.0033956000000012,0.0025834800000005,0.3656088597151731,1.0,0.0,0.0,0.0,499.02,0.0,0.0,0.0,0.0,0.0,0.4091617536287521,0.0,0.0
6.767713700000001,7.3489082,0.2323904999999735,0.0593685000000423,0.2922100000000123,0.2148553878135795,0.032429929633806,0.2972093303044441,0.0048795600000001,-0.0033956000000012,0.0021834800000005,0.3681683365372332,1.0,0.0,0.0,0.0,243.89,0.0,0.0,0.0,0.0,0.0,0.24059260575096555,0.0,0.0
6.878229200000001,7.4594237,0.2373904999999734,0.0093685000000423,0.3122100000000123,0.2202425691666142,0.0269169282930652,0.3007953487541676,0.0044795600000001,-0.0037956000000012,0.0025834800000005,0.3737768747983029,1.0,0.0,0.0,0.0,179.37,0.0,0.0,0.0,0.0,0.0,0.1933672758374303,0.0,0.0
6.9890017,7.5701962,0.3473904999999733,0.0243685000000424,0.2922100000000123,0.2506382004994809,0.0263077081007642,0.2987429591172697,0.0044795600000001,-0.0033956000000012,0.0021834800000005,0.3908439057696508,1.0,0.0,0.0,0.0,183.28,0.0,0.0,0.0,0.0,0.0,0.19633159361843813,0.0,0.0
7.0998847000000005,7.6810792,0.3023904999999733,0.0693685000000423,0.3222100000000123,0.2630099615335374,0.0366017014586832,0.3043529247570566,0.0044795600000001,-0.0033956000000012,0.0013834800000005,0.4039116576972221,1.0,0.0,0.0,0.0,177.91,0.0,0.0,0.0,0.0,0.0,0.19225634850862364,0.0,0.0
7.2106987,7.7918932,0.2073904999999736,0.0193685000000423,0.3872100000000122,0.2497137274806021,0.0324819801640569,0.3241605071211395,0.0056795600000001,-0.0041956000000012,0.0029834800000005,0.4104778424040315,1.0,0.0,0.0,0.0,189.64,0.0,0.0,0.0,0.0,0.0,0.2011207735929602,0.0,0.0
7.3223688,7.9035633,0.2723904999999735,0.1043685000000425,0.4272100000000123,0.2551347737595342,0.0496669720110822,0.3487952327832522,0.0052795600000001,-0.0041956000000012,0.0029834800000005,0.4349927301718977,1.0,0.0,0.0,0.0,197.46,0.0,0.0,0.0,0.0,0.0,0.20695685574602718,0.0,0.0
7.432371500000001,8.013566,0.2773904999999734,0.1093685000000423,0.4972100000000123,0.2604551658840132,0.0639390535374388,0.3842748549769175,0.0052795600000001,-0.0041956000000012,0.0021834800000005,0.4686067222847569,1.0,0.0,0.0,0.0,273.22,0.0,0.0,0.0,0.0,0.0,0.2611155988992348,0.0,0.0
7.5424043,8.1235988,0.3873904999999733,0.0993685000000423,0.5972100000000123,0.2907999744358697,0.0724087186428524,0.4351785395552778,0.0068795600000001,-0.0061956000000012,0.0017834800000005,0.5283824457311831,1.0,0.0,0.0,0.0,522.97,0.0,0.0,0.0,0.0,0.0,0.42432395055326705,0.0,0.0
7.6523604,8.2335549,0.2223904999999733,0.1243685000000422,0.5772100000000123,0.2744461954085579,0.0848300797135206,0.4691321861545673,0.0080795600000001,-0.0085956000000012,0.0009834800000005,0.5500925964640846,1.0,0.0,0.0,0.0,582.6,0.0,0.0,0.0,0.0,0.0,0.46191354083118363,0.0,0.0
7.7631887,8.3443832,0.2373904999999734,-0.0356314999999576,0.5072100000000123,0.2655877637452184,0.0560328689154588,0.4782349626136239,0.0084795600000001,-0.0085956000000012,0.0013834800000005,0.5498956465695444,1.0,0.0,0.0,0.0,472.14,0.0,0.0,0.0,0.0,0.0,0.3920783913636814,0.0,0.0
7.874886900000001,8.4560814,0.1873904999999736,-0.0656314999999576,0.5272100000000123,0.2468941429803274,0.0269481226701928,0.4899427990774436,0.0088795600000001,-0.0097956000000012,0.0021834800000005,0.5492967008104804,1.0,0.0,0.0,0.0,499.02,0.0,0.0,0.0,0.0,0.0,0.4091617536287521,0.0,0.0
7.985767200000001,8.5669617,0.0673904999999734,0.0143685000000424,0.5772100000000123,0.2039825004614398,0.0239408730005966,0.5108046538422689,0.0100795600000001,-0.0113956000000012,0.0017834800000005,0.5505482905989739,1.0,0.0,0.0,0.0,552.79,0.0,0.0,0.0,0.0,0.0,0.443144055715643,0.0,0.0
8.097632899999999,8.6788274,0.3473904999999733,0.0043685000000424,0.5772100000000123,0.2382652186746844,0.0192619558516113,0.5266793315276457,0.0084795600000001,-0.0085956000000012,0.0021834800000005,0.5783878072986431,1.0,0.0,0.0,0.0,573.8,0.0,0.0,0.0,0.0,0.0,0.4563761386652637,0.0,0.0
8.208221799999999,8.7894163,0.2173904999999734,0.0043685000000424,0.5872100000000123,0.2332749663846538,0.0157015676457669,0.5411496250759487,0.0080795600000001,-0.0085956000000012,0.0021834800000005,0.5894969600329893,1.0,0.0,0.49,0.0,667.16,0.0,0.0,0.0,0.05401493744611888,0.0,0.5150813591829528,0.0,0.0
8.3190502,8.9002447,0.2123904999999735,0.0743685000000424,0.5772100000000123,0.2282823838341414,0.029726321612136,0.5497701181876558,0.0088795600000001,-0.0089956000000012,0.0013834800000005,0.5960232242267539,1.0,0.0,0.0,0.0,695.99,0.0,0.0,0.0,0.0,0.0,0.5332330042416444,0.0,0.0
8.4298748,9.0110693,0.1623904999999732,-0.0056314999999576,0.6072100000000124,0.2125304530262671,0.0212737789446269,0.5635015368582438,0.0080795600000001,-0.0073956000000012,0.0037834800000005,0.6026240529349438,1.0,0.0,0.0,0.0,718.96,0.0,0.0,0.0,0.0,0.0,0.547719629752154,0.0,0.0
8.5407453,9.1219398,0.2623904999999733,0.0793685000000423,0.6272100000000123,0.2244498574248998,0.0351617416665719,0.5787315051774188,0.0080795600000001,-0.0081956000000012,0.0021834800000005,0.6217268223745903,1.0,0.0,0.0,0.0,766.37,0.0,0.0,0.0,0.0,0.0,0.5777175564824105,0.0,0.0
8.6507462,9.2319407,0.2123904999999735,-0.0006314999999577,0.6172100000000124,0.221566980920368,0.0266051086897449,0.5879300673184262,0.0084795600000001,-0.0093956000000012,0.0005834800000005,0.628857315215152,1.0,0.0,0.49,0.0,796.19,0.0,0.0,0.0,0.05401493744611888,0.0,0.5966721159646621,0.0,0.0
8.7607213,9.3419158,0.3123904999999736,0.0543685000000424,0.5872100000000123,0.2432789992300909,0.0332421479344018,0.5877579300244734,0.0076795600000001,-0.0077956000000012,0.0009834800000005,0.6369843767097754,1.0,0.0,0.0,0.0,799.61,0.0,0.0,0.0,0.0,0.0,0.598850974226354,0.0,0.0
8.8724376,9.4536321,0.2873904999999732,0.0443685000000424,0.5872100000000123,0.2538241721334397,0.0359019827681288,0.5876269433940928,0.0080795600000001,-0.0077956000000012,0.0029834800000005,0.6411092631748456,1.0,0.0,0.0,0.0,793.74,0.0,0.0,0.0,0.0,0.0,0.5951119004323866,0.0,0.0
8.982907899999999,9.5641024,0.2123904999999735,0.0743685000000424,0.6272100000000123,0.2439191535092177,0.0450976815795628,0.5970895590083286,0.0092795600000001,-0.0089956000000012,0.0013834800000005,0.6465649973585528,1.0,0.0,0.0,0.0,796.19,0.0,0.0,0.0,0.0,0.0,0.5966721159646621,0.0,0.0
9.0937289,9.6749234,0.2123904999999735,0.0493685000000423,0.7472100000000124,0.2363820011371144,0.046118651573708,0.6329769348390126,0.0092795600000001,-0.0093956000000012,0.0021834800000005,0.6772467648669541,1.0,0.0,0.0,0.0,809.87,0.0,0.0,0.0,0.0,0.0,0.605394187541853,0.0,0.0
9.2045688,9.7857633,0.3523904999999736,0.1043685000000425,0.7522100000000123,0.2641146707905132,0.0600436986142509,0.6614804603589934,0.0096795600000001,-0.0105956000000012,0.0009834800000005,0.7147854254997131,1.0,0.0,0.0,0.49,910.56,0.0,0.0,0.0,0.0,0.00754893254491928,0.6702314849806861,0.0,0.0
9.3156626,9.8968571,0.1723904999999734,-0.0706314999999575,0.7472100000000124,0.2421873451833341,0.028804848438763,0.6819747260869978,0.0100795600000001,-0.0113956000000012,0.0013834800000005,0.7242747796810043,1.0,0.0,0.0,0.49,955.52,0.0,0.0,0.0,0.0,0.00754893254491928,0.6996212222156069,0.0,0.0
9.4262945,10.007489,0.3673904999999733,0.1843685000000423,0.7822100000000123,0.2721180637610991,0.0659934630757429,0.7059366923764999,0.0088795600000001,-0.0093956000000012,0.0021834800000005,0.7594405779501725,1.0,0.0,0.0,0.0,1001.96,0.0,0.0,0.0,0.0,0.0,0.730319540246986,0.0,0.0
9.5371137,10.1183082,0.3773904999999735,0.0443685000000424,0.8072100000000124,0.2972842000910976,0.0608238594421823,0.7301468081228479,0.0100795600000001,-0.0101956000000012,0.0029834800000005,0.7906907100208204,1.0,0.0,0.0,0.0,1032.75,0.0,0.0,0.0,0.0,0.0,0.7508836555198144,0.0,0.0
9.6565854,10.2377799,0.2073904999999736,0.0993685000000423,0.8322100000000123,0.2757944617272216,0.0700382341990163,0.7545457514058478,0.0112795600000001,-0.0121956000000012,0.0033834800000005,0.8064162884848864,1.0,0.0,0.0,0.0,1057.67,0.0,0.0,0.0,0.0,0.0,0.7676600961173458,0.0,0.0
9.7665673,10.3477618,0.2423904999999733,0.1193685000000424,0.8222100000000123,0.2678090033791079,0.0818309905813868,0.7707213788124722,0.0100795600000001,-0.0109956000000012,0.0021834800000005,0.8200179370410383,1.0,0.0,0.0,0.0,1060.12,0.0,0.0,0.0,0.0,0.0,0.7693161448747876,0.0,0.0
9.8783971,10.4595916,0.2973904999999734,0.0993685000000423,0.7772100000000124,0.274880673831541,0.0860234588920569,0.772272530578627,0.0092795600000001,-0.0097956000000012,0.0033834800000005,0.824235574221443,1.0,0.0,0.0,0.0,1045.94,0.0,0.0,0.0,0.0,0.0,0.7597480581159349,0.0,0.0
9.9882926,10.5694871,0.1973904999999733,0.1643685000000423,0.8222100000000123,0.2563560880182568,0.1047524069029971,0.784210443372647,0.0104795600000001,-0.0109956000000012,0.0017834800000005,0.8316715277744687,1.0,0.0,0.0,0.0,1043.01,0.0,0.0,0.0,0.0,0.0,0.7577760021105268,0.0,0.0
10.0990894,10.6802839,0.3973904999999735,0.1543685000000423,0.8522100000000123,0.290071382980172,0.1166134923651862,0.8004662285867427,0.0104795600000001,-0.0101956000000012,0.0029834800000005,0.8593522542784875,1.0,0.0,0.0,0.0,1066.96,0.0,0.0,0.0,0.0,0.0,0.773946040413637,0.0,0.0
10.2099169,10.7911114,0.1723904999999734,0.2243685000000423,0.8822100000000124,0.2619389178228714,0.1423731053205234,0.8200076676282657,0.0104795600000001,-0.0113956000000012,0.0021834800000005,0.8725220184946476,1.0,0.0,0.0,0.0,1077.22,0.0,0.0,0.0,0.0,0.0,0.7809090032254595,0.0,0.0
10.3199225,10.901117,0.3423904999999734,0.0743685000000424,0.9322100000000124,0.2811714496932165,0.1261161131798686,0.8468304456876992,0.0112795600000001,-0.0117956000000012,0.0029834800000005,0.9011572903049776,1.0,0.0,0.0,0.0,1127.08,0.0,0.0,0.0,0.0,0.0,0.8150698975600299,0.0,0.0
10.429938,11.0111325,0.1823904999999732,0.1093685000000423,0.9522100000000122,0.2575571501139227,0.1221124752709935,0.8720221893669324,0.0124795600000001,-0.0129956000000012,0.0025834800000005,0.9174256596258428,1.0,0.0,0.0,0.0,1200.39,0.0,0.0,0.0,0.0,0.0,0.8663547933152677,0.0,0.0
10.540758,11.1219525,0.3173904999999735,0.0393685000000423,0.9122100000000124,0.2718607446170089,0.1023319302722085,0.8816293757998687,0.0116795600000001,-0.0117956000000012,0.0029834800000005,0.9282512831610936,1.0,0.0,0.0,0.0,1233.14,0.0,0.0,0.0,0.0,0.0,0.8897105476784097,0.0,0.0
10.6524134,11.2336079,0.2923904999999736,0.0743685000000424,0.9422100000000124,0.276768530940267,0.0956470702687134,0.8961116116257575,0.0120795600000001,-0.0121956000000012,0.0029834800000005,0.9427434445597244,1.0,0.0,0.0,0.0,1239.49,0.0,0.49,0.0,0.0,0.0,0.8942729017363632,0.0,0.010519114903947972
10.7632659,11.3444604,0.3373904999999735,0.0993685000000423,0.9522100000000122,0.2912606505534935,0.0965367049281472,0.9095223365995408,0.0120795600000001,-0.0117956000000012,0.0017834800000005,0.9598869635184744,1.0,0.0,0.0,0.0,1247.31,0.0,0.0,0.0,0.0,0.0,0.8999069062031633,0.0,0.0
10.8741209,11.4553154,0.3673904999999733,0.1643685000000423,0.9522100000000122,0.3094600409960686,0.1127523855305636,0.9197271308944852,0.0116795600000001,-0.0105956000000012,0.0033834800000005,0.9769220095378764,1.0,0.0,0.0,0.0,1256.6,0.0,0.0,0.0,0.0,0.0,0.9066224764391252,0.0,0.0
10.9849651,11.5661596,0.3823904999999734,0.1493685000000424,0.9822100000000122,0.3268945940421952,0.1215057321950483,0.9346641121060824,0.0120795600000001,-0.0113956000000012,0.0029834800000005,0.9976074984829042,1.0,0.0,0.0,0.0,1275.66,0.0,0.0,0.0,0.0,0.0,0.9204785160676041,0.0,0.0
11.0949218,11.6761163,0.2523904999999735,0.1043685000000425,1.0022100000000125,0.3090838521728321,0.1174089530461385,0.950811444532324,0.0120795600000001,-0.0113956000000012,0.0033834800000005,1.0066578827898942,1.0,0.0,0.49,0.0,1333.82,0.0,0.0,0.0,0.05401493744611888,0.0,0.9634364188728238,0.0,0.0
11.2049615,11.786156,0.1223904999999736,0.0293685000000423,0.9422100000000124,0.2644534577358161,0.0963622467755116,0.9487552070833882,0.0120795600000001,-0.0113956000000012,0.0025834800000005,0.9896250587368411,1.0,0.0,0.0,0.0,1362.17,0.0,0.0,0.0,0.0,0.0,0.9847664143579878,0.0,0.0
11.3158546,11.8970491,0.3123904999999736,-0.0106314999999574,0.9922100000000122,0.2759131539675937,0.0707846187276629,0.9591433892306138,0.0128795600000001,-0.0121956000000012,0.0041834800000005,1.0005471362637317,1.0,0.0,0.0,0.0,1410.07,0.49,0.0,0.0,0.0,0.0,1.0214265862999412,0.005926265570176409,0.0
11.4258957,12.0070902,0.4223904999999734,0.0743685000000424,1.0122100000000125,0.3109296216319565,0.0716413714343883,0.9718293458675752,0.0128795600000001,-0.0113956000000012,0.0053834800000005,1.0228694898170494,1.0,0.0,0.0,0.0,1407.14,0.0,0.0,0.0,0.0,0.0,1.0191608951594062,0.0,0.0
11.5366055,12.1178,0.3573904999999735,0.0093685000000423,1.0022100000000125,0.3220364302211285,0.0567545916830282,0.9790920606959522,0.0128795600000001,-0.0121956000000012,0.0029834800000005,1.0322547211732778,1.0,0.0,0.0,0.0,1423.26,0.0,0.0,0.0,0.0,0.0,1.0316646550622608,0.0,0.0
11.6469646,12.2281591,0.3923904999999736,0.0093685000000423,1.0622100000000123,0.3388550788121718,0.045426604167532,0.9989620044982224,0.0132795600000001,-0.0125956000000012,0.0045834800000005,1.0558463085288992,1.0,0.0,0.0,0.0,1454.06,0.0,0.0,0.0,0.0,0.0,1.055823139648317,0.0,0.0
11.7575278,12.3387223,0.2873904999999732,-0.0256314999999576,1.0522100000000123,0.3265520994870342,0.0284396510702129,1.0116913224657147,0.0132795600000001,-0.0117956000000012,0.0037834800000005,1.0634681092467286,1.0,0.0,0.0,0.0,1506.35,0.0,0.0,0.0,0.0,0.0,1.097682411235525,0.0,0.0
11.8680363,12.4492308,0.2973904999999734,0.0543685000000424,0.9922100000000122,0.3195808084776105,0.0346381297067989,1.0070341716047992,0.0128795600000001,-0.0109956000000012,0.0041834800000005,1.0570948471904271,1.0,0.0,0.0,0.0,1494.62,0.0,0.0,0.0,0.0,0.0,1.0881966173254538,0.0,0.0
11.987823,12.5690175,0.3823904999999734,0.0243685000000424,1.0322100000000125,0.3345959189487903,0.0321831005415918,1.013052635243058,0.0132795600000001,-0.0105956000000012,0.0033834800000005,1.0673639598143456,1.0,0.0,0.0,0.0,1506.84,0.0,0.0,0.0,0.0,0.0,1.0980798979320587,0.0,0.0
12.0904371,12.6716316,0.2923904999999736,0.0493685000000423,1.0322100000000125,0.3245064086735603,0.0362913944227696,1.0176323416735529,0.0132795600000001,-0.0113956000000012,0.0045834800000005,1.0687361963550028,1.0,0.0,0.0,0.0,1520.04,0.0,0.0,0.0,0.0,0.0,1.1088254070031096,0.0,0.0
12.2013088,12.7825033,0.3373904999999735,0.0043685000000424,1.0122100000000125,0.3275864437747992,0.0286599959124553,1.0163360917276074,0.0128795600000001,-0.0109956000000012,0.0037834800000005,1.068210337367538,1.0,0.0,0.0,0.0,1533.72,0.0,0.0,0.0,0.0,0.0,1.1200393829885087,0.0,0.0
12.3125487,12.8937432,0.2923904999999736,-0.0006314999999577,1.0222100000000125,0.3191725991736315,0.02165765222423,1.0177402919309524,0.0132795600000001,-0.0117956000000012,0.0029834800000005,1.0668343375533136,1.0,0.0,0.0,0.0,1525.9,0.0,0.0,0.0,0.0,0.0,1.1136192818323953,0.0,0.0
12.4233125,13.004507,0.4173904999999736,0.1893685000000424,1.0522100000000123,0.3426522978540468,0.0617501418629105,1.0259805246406128,0.0136795600000001,-0.0121956000000012,0.0021834800000005,1.0834480671386957,1.0,0.0,0.0,0.0,1541.06,0.0,0.0,0.0,0.0,0.0,1.126089378049252,0.0,0.0
12.5425226,13.1237171,0.3673904999999733,0.0393685000000423,1.0622100000000123,0.3485661437761719,0.0563996486993245,1.034641442432903,0.0120795600000001,-0.0105956000000012,0.0021834800000005,1.093234737538117,1.0,0.0,0.0,0.0,1560.61,0.0,0.0,0.0,0.0,0.0,1.1423185585202922,0.0,0.0
12.6525356,13.2337301,0.2473904999999736,-0.0256314999999576,0.9722100000000122,0.32437937527801,0.0367895100416786,1.0197167551388857,0.0132795600000001,-0.0117956000000012,0.0029834800000005,1.0706996347556286,1.0,0.0,0.0,0.0,1547.9,0.0,0.0,0.0,0.0,0.0,1.1317483556493038,0.0,0.0
12.762539,13.3437335,0.2873904999999732,-0.0756314999999576,0.9722100000000122,0.3155369174495605,0.0099144555056157,1.0083599221526336,0.0136795600000001,-0.0113956000000012,0.0021834800000005,1.0566227213652035,1.0,0.0,0.0,0.0,1468.72,0.0,0.0,0.0,0.0,0.0,1.067449202263476,0.0,0.0
12.8733184,13.4545129,0.3323904999999736,-0.0006314999999577,0.9522100000000122,0.3195658881019558,0.0073933686621315,0.9949368776568716,0.0132795600000001,-0.0113956000000012,0.0029834800000005,1.045024597442649,1.0,0.0,0.0,0.0,1453.08,0.0,0.0,0.0,0.0,0.0,1.0550489223021235,0.0,0.0
12.9849648,13.5661593,0.3773904999999735,0.0243685000000424,1.0522100000000123,0.3333892792786614,0.0114513964301992,1.0086284312717382,0.0136795600000001,-0.0113956000000012,0.0033834800000005,1.0623609830880625,1.0,0.0,0.0,0.0,1470.19,0.0,0.0,0.0,0.0,0.0,1.0686196101636838,0.0,0.0
13.0957902,13.6769847,0.3123904999999736,-0.0106314999999574,1.0222100000000125,0.3283693694050846,0.0061723205203236,1.0118752033841971,0.0136795600000001,-0.0113956000000012,0.0033834800000005,1.063840198304195,1.0,0.0,0.0,0.0,1546.43,0.0,0.0,0.0,0.0,0.0,1.1305304436832735,0.0,0.0
13.2058281,13.7870226,0.1973904999999733,-0.1006314999999575,1.0022100000000125,0.2970579245334318,-0.019359904284269,1.0095646666975413,0.0136795600000001,-0.0121956000000012,0.0021834800000005,1.0525393259475504,1.0,0.0,0.0,0.0,1566.47,0.0,0.0,0.0,0.0,0.0,1.1472162671845276,0.0,0.0
13.3157322,13.8969267,0.1473904999999735,0.0143685000000424,1.0022100000000125,0.2612788455595011,-0.0112968855992427,1.007806480496248,0.0140795600000001,-0.0137956000000012,0.0021834800000005,1.04118593771304,1.0,0.0,0.0,0.0,1548.88,0.0,0.0,0.0,0.0,0.0,1.1325608245373224,0.0,0.0
13.4259288,14.0071233,0.1323904999999734,-0.1106314999999575,1.0222100000000125,0.2304671555142654,-0.0350435427263159,1.0112497458790404,0.0136795600000001,-0.0125956000000012,0.0025834800000005,1.0377712696919643,1.0,0.0,0.0,0.0,1560.61,0.0,0.0,0.0,0.0,0.0,1.1423185585202922,0.0,0.0
13.5358298,14.1170243,0.0923904999999734,-0.0156314999999576,0.9622100000000122,0.1974589336015693,-0.0304029536875406,0.9995264403826264,0.0132795600000001,-0.0121956000000012,0.0025834800000005,1.019297540012709,1.0,0.0,0.0,0.0,1570.38,0.0,0.0,0.0,0.0,0.0,1.1504928029004735,0.0,0.0
13.647585,14.2287795,0.2373904999999734,-0.1256314999999577,1.0122100000000125,0.2070048629991976,-0.0531680255774689,1.0025585369302592,0.0140795600000001,-0.0125956000000012,0.0033834800000005,1.0250860803956243,1.0,0.0,0.0,0.0,1565.0,0.0,0.0,0.0,0.0,0.0,1.145986210150419,0.0,0.0
13.7575377,14.3387322,0.3473904999999733,-0.0156314999999576,1.1522100000000124,0.240565063615421,-0.0441946479889174,1.038333800200992,0.0140795600000001,-0.0121956000000012,0.0009834800000005,1.066752922369088,1.0,0.0,0.0,0.0,1638.81,0.0,0.0,0.0,0.0,0.0,1.2089942199933474,0.0,0.0
13.8675463,14.4487408,0.4573904999999736,0.0193685000000423,1.1922100000000124,0.292398750445688,-0.0289994183067214,1.0751190173047092,0.0148795600000001,-0.0117956000000012,0.0033834800000005,1.114548741372297,1.0,0.0,0.0,0.0,1713.59,0.0,0.0,0.0,0.0,0.0,1.275610085705415,0.0,0.0
13.9783267,14.5595212,0.2973904999999734,0.0293685000000423,1.1722100000000124,0.2935920642350954,-0.015046145808371,1.0983293180654816,0.0152795600000001,-0.0129956000000012,0.0033834800000005,1.1369916348011084,1.0,0.0,0.0,0.0,1732.65,0.0,0.0,0.0,0.0,0.0,1.2930732167576546,0.0,0.0
14.0883541,14.6695486,0.3673904999999733,0.0193685000000423,1.1822100000000124,0.3112341133958588,-0.0068190761298665,1.1183816010033216,0.0144795600000001,-0.0125956000000012,0.0021834800000005,1.1609007617377656,1.0,0.0,0.0,0.0,1744.87,0.0,0.0,0.0,0.0,0.0,1.3043781423129788,0.0,0.0
14.1987958,14.7799903,0.1923904999999734,-0.1556314999999575,1.1022100000000123,0.2828236891335765,-0.0423937610190273,1.1145156629661306,0.0144795600000001,-0.0129956000000012,0.0017834800000005,1.1506222808138638,1.0,0.0,0.0,0.0,1694.53,0.0,0.0,0.0,0.0,0.0,1.2583487532891264,0.0,0.0
14.3183362,14.8995307,0.1623904999999732,-0.0456314999999576,1.1422100000000124,0.2540332653087163,-0.0431677659105846,1.121136194287189,0.0152795600000001,-0.0133956000000012,0.0025834800000005,1.1503663425352295,1.0,0.0,0.0,0.0,1703.32,0.0,0.0,0.0,0.0,0.0,1.2662845269825875,0.0,0.0
14.4213375,15.002532,0.2773904999999734,-0.0306314999999575,1.1422100000000124,0.2596169809852315,-0.0401708809875448,1.1261740397718076,0.0140795600000001,-0.0129956000000012,0.0021834800000005,1.1564093757623874,1.0,0.0,0.0,0.0,1761.97,0.0,0.0,0.0,0.0,0.0,1.3203435799606984,0.0,0.0
14.5321777,15.1133722,0.2373904999999734,-0.0306314999999575,1.1122100000000124,0.2543035801502599,-0.0378904230536876,1.122835835193573,0.0144795600000001,-0.0125956000000012,0.0029834800000005,1.1518968303764343,1.0,0.0,0.0,0.0,1763.93,0.0,0.0,0.0,0.0,0.0,1.322184574286099,0.0,0.0
14.6430453,15.2242398,0.3473904999999733,-0.0156314999999576,1.1422100000000124,0.2765566807640031,-0.0325692667078989,1.1274673692419763,0.0140795600000001,-0.0121956000000012,0.0033834800000005,1.1613470728057638,1.0,0.0,0.0,0.0,1789.83,0.0,0.0,0.0,0.0,0.0,1.3467298413738447,0.0,0.0
14.754143,15.3353375,0.3673904999999733,0.0243685000000424,1.2122100000000122,0.2982711614005092,-0.0189578822801054,1.147725707272458,0.0144795600000001,-0.0121956000000012,0.0033834800000005,1.1860014275530275,1.0,0.0,0.0,0.0,1813.29,0.0,0.0,0.0,0.0,0.0,1.3693210839436822,0.0,0.0
14.8733287,15.4545232,0.2173904999999734,-0.0406314999999575,1.1622100000000124,0.2789360550423009,-0.0241391171578126,1.1511882820778716,0.0144795600000001,-0.0125956000000012,0.0025834800000005,1.1847457451171206,1.0,0.0,0.0,0.0,1798.14,0.0,0.0,0.0,0.0,0.0,1.354692506363763,0.0,0.0
14.9841702,15.5653647,0.3273904999999733,-0.1006314999999575,1.1222100000000124,0.290519440125479,-0.0424251738274216,1.1442608144193311,0.0148795600000001,-0.0117956000000012,0.0045834800000005,1.1813273263074462,1.0,0.0,0.0,0.0,1784.46,0.0,0.0,0.0,0.0,0.0,1.3416070821912873,0.0,0.0
15.0941593,15.6753538,0.2773904999999734,-0.0306314999999575,1.0822100000000123,0.2873808721501246,-0.039605810906058,1.1294271190014666,0.0144795600000001,-0.0125956000000012,0.0045834800000005,1.166088334163088,1.0,0.0,0.0,0.0,1782.01,0.0,0.0,0.0,0.0,0.0,1.339275780548083,0.0,0.0
15.2050132,15.7862077,0.3573904999999735,0.0893685000000423,1.1522100000000124,0.304117179409927,-0.0087735702237439,1.1348735312788318,0.0132795600000001,-0.0113956000000012,0.0029834800000005,1.1749477291964976,1.0,0.0,0.0,0.0,1811.34,0.0,0.0,0.0,0.0,0.0,1.3674300161117035,0.0,0.0
15.315906,15.8971005,0.3973904999999735,0.0093685000000423,1.1422100000000124,0.3264148404671332,-0.0044365772854954,1.1366273671224238,0.0136795600000001,-0.0121956000000012,0.0029834800000005,1.182576890940647,1.0,0.0,0.0,0.0,1784.95,0.0,0.0,0.0,0.0,0.0,1.342073784931335,0.0,0.0
15.4258637,16.0070582,0.4873904999999734,0.0643685000000424,1.1622100000000124,0.3648972347039534,0.012011773460704,1.1427430803107916,0.0132795600000001,-0.0109956000000012,0.0033834800000005,1.1996482910396946,1.0,0.0,0.0,0.0,1797.17,0.0,0.0,0.0,0.0,0.0,1.353760827378955,0.0,0.0
15.5358522,16.1170467,0.4023904999999734,0.1843685000000423,1.2522100000000125,0.3738602706097189,0.0532148939778248,1.1689119382089108,0.0132795600000001,-0.0113956000000012,0.0037834800000005,1.2283966973941096,1.0,0.0,0.0,0.0,1840.18,0.0,0.0,0.0,0.0,0.0,1.3956500061225912,0.0,0.0
15.645849,16.2270435,0.4173904999999736,0.1493685000000424,1.2622100000000125,0.3842664863908895,0.0762011080736521,1.19121551382895,0.0136795600000001,-0.0117956000000012,0.0033834800000005,1.2539783657709656,1.0,0.0,0.0,0.0,1867.55,0.0,0.0,0.0,0.0,0.0,1.4229441009379453,0.0,0.0
15.7566933,16.3378878,0.3973904999999735,0.1593685000000424,1.2722100000000125,0.387403876646906,0.0960828738825169,1.2105778308207784,0.0132795600000001,-0.0121956000000012,0.0029834800000005,1.2746812804655587,1.0,0.0,0.0,0.0,1919.84,0.0,0.0,0.0,0.0,0.0,1.476552799333287,0.0,0.0
15.867511899999998,16.4487064,0.3573904999999735,0.2093685000000424,1.1222100000000124,0.3802289621545084,0.1231646211371711,1.189452862528267,0.0132795600000001,-0.0113956000000012,0.0025834800000005,1.254807435321311,1.0,0.0,0.0,0.0,1932.06,0.0,0.0,0.0,0.0,0.0,1.489370858062304,0.0,0.0
15.9775571,16.5587516,0.3973904999999735,0.1593685000000424,1.2722100000000125,0.3843315517447351,0.1318194199020668,1.2092365540462304,0.0136795600000001,-0.0121956000000012,0.0021834800000005,1.2756724284750514,1.0,0.0,0.0,0.0,1890.52,0.0,0.0,0.0,0.0,0.0,1.4462508089816812,0.0,0.0
16.0875005,16.668695,0.2623904999999733,0.1793685000000424,1.2522100000000125,0.355180662470465,0.1431863709755311,1.2195096667249254,0.0136795600000001,-0.0133956000000012,0.0017834800000005,1.278225123779704,1.0,0.0,0.0,0.0,1959.43,0.0,0.0,0.0,0.0,0.0,1.5184975169948498,0.0,0.0
16.198336700000002,16.7795312,0.2673904999999736,0.0593685000000423,1.2322100000000122,0.3341937899699381,0.1231491034511718,1.222545773136598,0.0152795600000001,-0.0149956000000012,0.0013834800000005,1.2733692937830174,1.0,0.0,0.0,0.0,1949.17,0.0,0.0,0.0,0.0,0.0,1.5075104264945722,0.0,0.0
16.3084062,16.8896007,0.2473904999999736,0.0243685000000424,1.2522100000000125,0.3134428364694449,0.0995348866435565,1.2296372208511237,0.0148795600000001,-0.0145956000000012,0.0009834800000005,1.2728555692990589,1.0,0.0,0.0,0.0,2000.98,0.0,0.0,0.0,0.0,0.0,1.5638630927027026,0.0,0.0
16.4200081,17.0012026,0.3673904999999733,0.1193685000000424,1.3022100000000123,0.3263394151333366,0.1042762551867258,1.2469862679441683,0.0140795600000001,-0.0133956000000012,0.0017834800000005,1.293192059868394,1.0,0.0,0.0,0.0,1983.87,0.0,0.0,0.0,0.0,0.0,1.5450096458208888,0.0,0.0
16.530877800000003,17.1120723,0.3173904999999735,0.0643685000000424,1.3222100000000123,0.3242001123272271,0.0947360180312623,1.2649690444790729,0.0148795600000001,-0.0141956000000012,0.0017834800000005,1.3092850375054716,1.0,0.0,0.0,0.0,2048.88,0.0,0.0,0.0,0.0,0.0,1.617987085004492,0.0,0.0
16.641520200000002,17.2227147,0.2823904999999733,0.1193685000000424,1.2822100000000125,0.3142052224840346,0.1006245907813592,1.2690906194383038,0.0132795600000001,-0.0137956000000012,-0.0006165199999994,1.3112746586632624,1.0,0.0,0.0,0.0,2046.43,0.0,0.0,0.0,0.0,0.0,1.6151691251939768,0.0,0.0
16.7524185,17.333613,0.2073904999999736,0.1243685000000422,1.2572100000000124,0.2886703914862488,0.1063007437968418,1.2662504715406109,0.0140795600000001,-0.0153956000000012,-0.0002165199999994,1.30308123297414,1.0,0.0,0.0,0.0,1983.87,0.0,0.0,0.0,0.0,0.0,1.5450096458208888,0.0,0.0
16.863267,17.4444615,0.2323904999999735,0.0893685000000423,1.2922100000000123,0.275216276882429,0.1022529686052796,1.2724562843403575,0.0136795600000001,-0.0149956000000012,0.0005834800000005,1.3058884577967933,1.0,0.0,0.0,0.0,2017.11,0.0,0.0,0.0,0.0,0.0,1.5818641274786138,0.0,0.0
16.9738905,17.555085,0.4173904999999736,0.1943685000000423,1.3422100000000123,0.3092040519299157,0.1242738517919348,1.289131413942484,0.0136795600000001,-0.0129956000000012,0.0013834800000005,1.3315070177743826,1.0,0.0,0.0,0.0,2009.78,0.0,0.0,0.0,0.0,0.0,1.5736561373412388,0.0,0.0
17.0855548,17.6667493,0.2023904999999732,0.0493685000000423,1.2722100000000125,0.2836695007615476,0.1063671863589831,1.2850862277058297,0.0148795600000001,-0.0149956000000012,0.0021834800000005,1.320313968961713,1.0,0.0,0.0,0.0,2007.33,0.0,0.0,0.0,0.0,0.0,1.5709230102371012,0.0,0.0
17.1966766,17.7778711,0.2173904999999734,0.1343685000000423,1.3872100000000125,0.267825026855795,0.1130611026554668,1.3094996531751268,0.0152795600000001,-0.0161956000000012,0.0013834800000005,1.3413807809901537,1.0,0.0,0.0,0.0,2048.39,0.0,0.0,0.0,0.0,0.0,1.6174230544434123,0.0,0.0
17.307518700000003,17.8887132,0.3323904999999736,0.1243685000000422,1.4072100000000125,0.2832598696067528,0.1157642176709238,1.3328580174051212,0.0148795600000001,-0.0153956000000012,0.0001834800000005,1.3675335470779888,1.0,0.0,0.0,0.0,2087.49,0.0,0.0,0.0,0.0,0.0,1.6631350222124126,0.0,0.0
17.418382400000002,17.9995769,0.2873904999999732,0.0493685000000423,1.3322100000000123,0.284247326640318,0.0998918417448838,1.3327031041634043,0.0152795600000001,-0.0153956000000012,0.0021834800000005,1.3663354224333522,1.0,0.0,0.0,0.0,2105.57,0.0,0.0,0.0,0.0,0.0,1.6847697699242237,0.0,0.0
17.5288766,18.1100711,0.0723904999999733,-0.0206314999999575,1.2222100000000122,0.2336014218607063,0.0710798662870799,1.3062889294539777,0.0144795600000001,-0.0153956000000012,0.0013834800000005,1.3289141202127213,1.0,0.0,0.0,0.0,2075.76,0.0,0.0,0.0,0.0,0.0,1.6492694336601286,0.0,0.0
17.639714700000003,18.2209092,0.2873904999999732,0.0493685000000423,1.2822100000000125,0.2464600895412578,0.065889607341706,1.3005326874311949,0.0156795600000001,-0.0149956000000012,0.0021834800000005,1.325318560637153,1.0,0.0,0.0,0.0,2038.61,0.0,0.0,0.0,0.0,0.0,1.6062111466083955,0.0,0.0
17.751427200000002,18.3326217,0.3573904999999735,0.0643685000000424,1.2622100000000125,0.2729788054795125,0.065525975643794,1.291371372172596,0.0144795600000001,-0.0149956000000012,-0.0002165199999994,1.321533617654892,1.0,0.0,0.0,0.0,2072.82,0.0,0.0,0.0,0.0,0.0,1.6458148559131847,0.0,0.0
17.862039900000003,18.4432344,0.2673904999999736,0.1343685000000423,1.3372100000000122,0.2716428806868855,0.0819832783827499,1.3023294272751418,0.0148795600000001,-0.0149956000000012,0.0005834800000005,1.332881483744542,1.0,0.0,0.0,0.0,2091.4,0.0,0.0,0.0,0.0,0.0,1.6677865061050479,0.0,0.0
17.9733777,18.5545722,0.3573904999999735,0.1843685000000423,1.4072100000000125,0.2921414684910985,0.1064592052013449,1.3274018858014482,0.0148795600000001,-0.0153956000000012,0.0025834800000005,1.3633326690186365,1.0,0.0,0.0,0.0,2113.39,0.0,0.0,0.0,0.0,0.0,1.6942281538804786,0.0,0.0
18.0838557,18.6650502,0.1923904999999734,0.0943685000000424,1.4272100000000123,0.2682952789111329,0.1035688347844262,1.3512617364755752,0.0156795600000001,-0.0161956000000012,0.0005834800000005,1.381527104579419,1.0,0.0,0.0,0.0,2133.92,0.0,0.0,0.0,0.0,0.0,1.7193567042846625,0.0,0.0
18.1950577,18.7762522,0.2873904999999732,0.1243685000000422,1.3872100000000125,0.2728601294488633,0.1085411450029032,1.3598554285473523,0.0148795600000001,-0.0157956000000012,0.0009834800000005,1.3912011418019663,1.0,0.0,0.0,0.0,2135.39,0.0,0.0,0.0,0.0,0.0,1.7211727599536273,0.0,0.0
18.3142233,18.8954178,0.2623904999999733,0.1093685000000423,1.3472100000000122,0.270357288900579,0.1087389301914597,1.356832447507458,0.0148795600000001,-0.0161956000000012,0.0009834800000005,1.3877721387929407,1.0,0.0,0.0,0.0,2121.7,0.0,0.0,0.0,0.0,0.0,1.7043472040301286,0.0,0.0
18.4250422,19.0062367,0.2023904999999732,0.1243685000000422,1.3872100000000125,0.2541093370482664,0.1124752917561289,1.364094420866416,0.0152795600000001,-0.0157956000000012,0.0009834800000005,1.3921120053607825,1.0,0.0,0.0,0.0,2122.19,0.0,0.0,0.0,0.0,0.0,1.7049460823586116,0.0,0.0
18.5350928,19.1162873,0.3773904999999735,0.0743685000000424,1.4472100000000123,0.2835805895869984,0.1033655879182082,1.383963800452888,0.0152795600000001,-0.0145956000000012,0.0001834800000005,1.4164950393560112,1.0,0.0,0.49,0.0,2135.39,0.0,0.0,0.0,0.05401493744611888,0.0,1.7211727599536273,0.0,0.0
18.6458987,19.2270932,0.2973904999999734,0.1293685000000424,1.4472100000000123,0.2868819484286365,0.1095817718862843,1.399083261320551,0.0164795600000001,-0.0161956000000012,0.0021834800000005,1.432390794850099,1.0,0.0,0.0,0.0,2161.78,0.0,0.0,0.0,0.0,0.0,1.7541672136249182,0.0,0.0
18.7559133,19.3371078,0.2823904999999733,0.1443685000000423,1.4272100000000123,0.2858082352372897,0.1178977905276592,1.4058071613784864,0.0156795600000001,-0.0157956000000012,0.0017834800000005,1.439402657814621,1.0,0.0,0.0,0.0,2164.22,0.0,0.0,0.0,0.0,0.0,1.7572559882860272,0.0,0.0
18.8659056,19.4471001,0.3423904999999734,0.2043685000000423,1.5072100000000124,0.2993346343570617,0.1385692382577735,1.430048242445591,0.0164795600000001,-0.0165956000000012,0.0021834800000005,1.4675968904432644,1.0,0.0,0.49,0.0,2149.07,0.0,0.0,0.0,0.05401493744611888,0.0,1.7381829020887956,0.0,0.0
18.9761585,19.557353,0.1873904999999736,0.0693685000000423,1.4472100000000123,0.2725735803981544,0.1220263018980704,1.4341508845588309,0.0164795600000001,-0.0165956000000012,0.0033834800000005,1.4649148558079628,1.0,0.0,0.0,0.0,2168.13,0.0,0.0,0.0,0.0,0.0,1.762219327480024,0.0,0.0
19.086739100000003,19.6679336,0.3423904999999734,0.1093685000000423,1.4472100000000123,0.2892638193592158,0.1190003629193137,1.437272760439011,0.0164795600000001,-0.0157956000000012,0.0041834800000005,1.4709138762909213,1.0,0.0,0.49,0.0,2158.36,0.0,0.0,0.0,0.05401493744611888,0.0,1.7498488675915786,0.0,0.0
19.1967451,19.7779396,0.3723904999999736,0.2193685000000425,1.4872100000000124,0.3091358528411677,0.1429940911088097,1.4492106182832458,0.0160795600000001,-0.0153956000000012,0.0033834800000005,1.488698660491363,1.0,0.0,0.0,0.0,2150.05,0.0,0.0,0.0,0.0,0.0,1.739409137515519,0.0,0.0
19.3067277,19.8879222,0.3573904999999735,0.1393685000000424,1.5372100000000124,0.3206714748172652,0.1421273673644001,1.4702475061559133,0.0176795600000001,-0.0169956000000012,0.0021834800000005,1.511508555276184,1.0,0.0,0.0,0.0,2172.04,0.0,0.0,0.0,0.0,0.0,1.7671996403041057,0.0,0.0
19.4184131,19.9996076,0.3773904999999735,0.1493685000000424,1.5772100000000124,0.3342305675033482,0.1438584124280735,1.495817662964759,0.0176795600000001,-0.0169956000000012,0.0017834800000005,1.5394400916947983,1.0,0.0,0.49,0.0,2194.04,0.0,0.0,0.0,0.05401493744611888,0.0,1.7955436285755413,0.0,0.0
19.5283994,20.1095939,0.3873904999999733,0.1593685000000424,1.8672100000000125,0.346938833373323,0.1475662109009871,1.5846016839266917,0.0212795600000001,-0.0205956000000012,0.0025834800000005,1.6288354236709808,1.0,0.0,0.0,0.0,2242.91,0.0,0.0,0.0,0.0,0.0,1.860545933254203,0.0,0.0
19.6392111,20.2204056,0.3673904999999733,0.1743685000000423,2.0322100000000125,0.3518279520153013,0.1539734917194182,1.6916056852322352,0.0228795600000001,-0.0241956000000012,-0.0006165199999994,1.7346528581481573,1.0,0.0,0.0,0.49,2362.17,0.0,0.0,0.0,0.0,0.00754893254491928,2.0323853364270903,0.0,0.0
19.7492672,20.3304617,0.2273904999999736,0.0743685000000424,2.0522100000000125,0.3220802802233289,0.1349433434134324,1.7778107515426549,0.0240795600000001,-0.0237956000000012,0.0013834800000005,1.811782680439625,1.0,0.49,0.0,0.0,2420.33,0.0,0.0,0.06888849700996072,0.0,0.0,2.1239808499996906,0.0,0.0
19.8608995,20.442094,0.2023904999999732,0.0793685000000423,2.1022100000000123,0.29346757366856,0.1216577756444286,1.8553607352202643,0.0248795600000001,-0.0245956000000012,0.0005834800000005,1.8823621566974675,1.0,0.0,0.0,0.0,2476.54,0.0,0.0,0.0,0.0,0.0,2.2181233754955847,0.0,0.0
19.9708173,20.5520118,0.3623904999999734,0.1493685000000424,2.1622100000000124,0.3099440970804717,0.1282822244731227,1.928715268525492,0.0248795600000001,-0.0233956000000012,0.0013834800000005,1.9576680667248372,1.0,0.0,0.0,0.0,2502.44,0.0,0.0,0.0,0.0,0.0,2.263538693665987,0.0,0.0
20.0900538,20.6712483,0.3473904999999733,0.1143685000000425,2.4122100000000124,0.3188959301966149,0.1249560481305041,2.044298176662186,0.0252795600000001,-0.0257956000000012,-0.0010165199999994,2.072791273467904,1.0,0.0,0.0,0.0,2554.25,0.0,0.0,0.0,0.0,0.0,2.3586110466080146,0.0,0.0
20.2001249,20.7813194,0.0923904999999734,0.1943685000000423,2.6872100000000123,0.2647481709210612,0.1415495961584464,2.197990892175812,0.0292795600000001,-0.0301956000000012,-0.0022165199999994,2.218398486355977,1.0,0.0,0.0,0.0,2614.37,0.0,0.0,0.0,0.0,0.0,2.4767181789500805,0.0,0.0
20.3100854,20.8912799,0.3373904999999735,0.3843685000000423,2.6472100000000123,0.2821138444272799,0.199597209151009,2.305379964885136,0.0264795600000001,-0.0273956000000012,-0.0002165199999994,2.331137930198941,1.0,0.0,0.0,0.0,2674.98,0.0,0.0,0.0,0.0,0.0,2.6053988211032086,0.0,0.0
20.4200872,21.0012817,0.3373904999999735,0.5293685000000423,2.7522100000000123,0.2953281282389723,0.2784314183678916,2.4121979125055644,0.0260795600000001,-0.0281956000000012,-0.0022165199999994,2.446107423470951,1.0,0.0,0.49,0.0,2680.35,0.0,0.0,0.0,0.05401493744611888,0.0,2.6173115105516715,0.0,0.0
20.5301136,21.1113081,0.2823904999999733,0.5243685000000424,2.9122100000000124,0.29223529475205,0.3372244542857888,2.531729413913772,0.0292795600000001,-0.0325956000000012,-0.0022165199999994,2.570753902135196,1.0,0.0,0.0,0.0,2698.92,0.0,0.0,0.0,0.0,0.0,2.659192417428974,0.0,0.0
20.6409062,21.2221007,0.3423904999999734,0.4593685000000425,2.922210000000012,0.3042252588682428,0.3664238707348152,2.6250766186974226,0.0272795600000001,-0.0305956000000012,-0.0030165199999994,2.6679292935176577,1.0,0.0,0.0,0.0,2727.76,0.0,0.0,0.0,0.0,0.0,2.7264357137542454,0.0,0.0
20.7519632,21.3331577,0.2073904999999736,0.3843685000000423,2.8122100000000123,0.2810762102641839,0.3707136639856835,2.6698122052765,0.0284795600000001,-0.0301956000000012,0.0005834800000005,2.710042373854242,1.0,0.49,0.0,0.0,2717.99,0.0,0.0,0.06888849700996072,0.0,0.0,2.7033469162133508,0.0,0.0
20.8634124,21.4446069,0.1323904999999734,0.1943685000000423,2.777210000000012,0.2455318171778385,0.3285570786861046,2.6954864239050136,0.0292795600000001,-0.0309956000000012,-0.0022165199999994,2.726514751226855,1.0,0.0,0.0,0.49,2700.39,0.0,0.0,0.0,0.0,0.00754893254491928,2.662554070077001,0.0,0.0
20.9736332,21.5548277,0.1373904999999733,0.2443685000000424,2.7672100000000124,0.2196798541356952,0.3084311908056846,2.7126324628737137,0.0292795600000001,-0.0309956000000012,-0.0034165199999994,2.7389348141953294,1.0,0.0,0.0,0.0,2740.47,0.0,0.0,0.0,0.0,0.0,2.7569628554443546,0.0,0.0
21.085099900000003,21.6662944,0.1573904999999733,0.1793685000000424,2.547210000000012,0.2047891340755066,0.2775778222699631,2.6730870281762846,0.0272795600000001,-0.0277956000000012,-0.0030165199999994,2.695251805871921,1.0,0.0,0.0,0.0,2701.37,0.0,0.0,0.0,0.0,0.0,2.6647990146584393,0.0,0.0
21.1959564,21.7771509,0.1023904999999736,0.0293685000000423,2.4122100000000124,0.1803100009118828,0.2182415908138252,2.610722490116658,0.0256795600000001,-0.0265956000000012,0.0001834800000005,2.626026086845048,1.0,0.0,0.0,0.0,2648.09,0.0,0.0,0.0,0.0,0.0,2.547031972409248,0.0,0.0
21.3059203,21.8871148,0.1323904999999734,0.1643685000000423,2.3222100000000125,0.1688544980670719,0.2053628392965558,2.5417514952523668,0.0252795600000001,-0.0257956000000012,-0.0002165199999994,2.5556185945674814,1.0,0.0,0.0,0.0,2618.77,0.0,0.0,0.0,0.0,0.0,2.4857191870609965,0.0,0.0
21.4167954,21.9979899,0.2073904999999736,0.1843685000000423,2.2722100000000123,0.1780668076982075,0.2003439908327905,2.477315653749465,0.0244795600000001,-0.0241956000000012,-0.0002165199999994,2.4917741372321007,1.0,0.0,0.0,0.0,2626.1,0.0,0.0,0.0,0.0,0.0,2.5008280746306157,0.0,0.0
21.5267835,22.107978,0.1373904999999733,0.1443685000000423,2.1222100000000124,0.1683428425131335,0.1869626454040682,2.3924250820756625,0.0224795600000001,-0.0221956000000012,0.0005834800000005,2.4056167850982897,1.0,0.0,0.0,0.0,2573.8,0.0,0.0,0.0,0.0,0.0,2.3960523435119567,0.0,0.0
21.637577200000003,22.2187717,0.0423904999999735,0.0893685000000423,2.092210000000013,0.1382330252046751,0.1636320599631239,2.320656498068603,0.0228795600000001,-0.0237956000000012,-0.0006165199999994,2.330521487206896,1.0,0.0,0.0,0.0,2548.88,0.0,0.0,0.0,0.0,0.0,2.3484819015600467,0.0,0.0
21.7476283,22.3288228,0.1323904999999734,0.0893685000000423,2.0522100000000125,0.1368363273503636,0.1458788195029038,2.2564824235523138,0.0224795600000001,-0.0233956000000012,0.0001834800000005,2.2653294988285526,1.0,0.0,0.0,0.0,2553.76,0.0,0.0,0.0,0.0,0.0,2.357684051425205,0.0,0.0
21.858509700000003,22.4397042,0.1623904999999732,0.1343685000000423,2.0122100000000125,0.1429452369156475,0.1431271944796777,2.1980873361732467,0.0220795600000001,-0.0217956000000012,0.0009834800000005,2.207375516762314,1.0,0.0,0.49,0.0,2550.34,0.0,0.0,0.0,0.05401493744611888,0.0,2.3512293100772887,0.0,0.0
21.9699465,22.551141,0.2823904999999733,0.0543685000000424,2.0322100000000125,0.1762806343542484,0.1219087874060668,2.1584331607277365,0.0212795600000001,-0.0205956000000012,0.0017834800000005,2.169048252995834,1.0,0.0,0.0,0.0,2508.8,0.0,0.0,0.0,0.0,0.0,2.274899384677324,0.0,0.0
22.0810116,22.6622061,0.1873904999999736,0.0493685000000423,2.0022100000000123,0.1789365279902032,0.1045675076988612,2.12108688566048,0.0220795600000001,-0.0213956000000012,0.0017834800000005,2.1311879835519942,1.0,0.0,0.0,0.0,2500.0,0.0,0.0,0.0,0.0,0.0,2.259202361940534,0.0,0.0
22.1912276,22.7724221,0.0523904999999733,-0.0306314999999575,1.982210000000012,0.1486847858798984,0.0722472082834615,2.0878873629507897,0.0224795600000001,-0.0221956000000012,0.0005834800000005,2.094421272100364,1.0,0.0,0.0,0.0,2493.65,0.0,0.0,0.0,0.0,0.0,2.2479742773263864,0.0,0.0
22.3026163,22.8838108,0.0273904999999734,-0.0406314999999575,1.982210000000012,0.1196885106576024,0.0452627376764665,2.0626244259652777,0.0220795600000001,-0.0229956000000012,0.0005834800000005,2.0665898426136704,1.0,0.0,0.0,0.0,2479.47,0.0,0.0,0.0,0.0,0.0,2.223194051462001,0.0,0.0
22.4131275,22.994322,0.0523904999999733,0.0193685000000423,1.922210000000012,0.1036004350752671,0.0390725331100253,2.029057343139133,0.0224795600000001,-0.0221956000000012,0.0009834800000005,2.0320761340900235,1.0,0.0,0.0,0.0,2485.83,0.0,0.0,0.0,0.0,0.0,2.2342588986815217,0.0,0.0
22.5239984,23.1051929,0.0623904999999735,-0.0456314999999576,2.0522100000000125,0.0937489024109907,0.0188234221261249,2.0345921530075057,0.0236795600000001,-0.0229956000000012,0.0001834800000005,2.0368378450440088,1.0,0.0,0.0,0.0,2501.96,0.0,0.0,0.0,0.0,0.0,2.262684677877858,0.0,0.0
22.6351382,23.2163327,0.1923904999999734,0.2243685000000423,2.0022100000000123,0.1173298888631357,0.0679604577695063,2.0268509654149978,0.0212795600000001,-0.0205956000000012,0.0013834800000005,2.031381245026296,1.0,0.0,0.0,0.0,2526.88,0.0,0.0,0.0,0.0,0.0,2.3076600451636073,0.0,0.0
22.7456146,23.3268091,0.0823904999999736,-0.1056314999999576,2.0222100000000123,0.1089773755668539,0.0264620463039944,2.025741509108018,0.0236795600000001,-0.0233956000000012,0.0005834800000005,2.028843259101911,1.0,0.0,0.49,0.0,2526.88,0.0,0.0,0.0,0.05401493744611888,0.0,2.3076600451636073,0.0,0.0
22.8576157,23.4388102,-0.0126095000000265,-0.0406314999999575,1.9322100000000124,0.0799111546663372,0.0104228494023765,2.0033821262205405,0.0220795600000001,-0.0221956000000012,-0.0002165199999994,2.0050023371781154,1.0,0.0,0.0,0.0,2533.72,0.0,0.0,0.0,0.0,0.0,2.3202372713078194,0.0,0.0
22.9681013,23.5492958,-0.0426095000000263,-0.0056314999999576,2.0222100000000123,0.0506217071268324,0.0065849412073786,2.007883065452753,0.0228795600000001,-0.0229956000000012,0.0013834800000005,2.008531882548815,1.0,0.0,0.0,0.0,2531.77,0.0,0.0,0.0,0.0,0.0,2.3166412413900295,0.0,0.0
23.079358000000003,23.6605525,0.1173904999999733,-0.0856314999999576,1.9972100000000124,0.0665832693749226,-0.0154600651989054,2.005331592058206,0.0224795600000001,-0.0221956000000012,0.0025834800000005,2.0064962346048163,1.0,0.0,0.0,0.0,2543.5,0.0,0.0,0.0,0.0,0.0,2.3383995460502733,0.0,0.0
23.189832300000003,23.7710268,0.1573904999999733,-0.0906314999999575,1.9972100000000124,0.0882913938119227,-0.0334303396972768,2.003390066809476,0.0228795600000001,-0.0221956000000012,0.0017834800000005,2.00561330211594,1.0,0.0,0.0,0.0,2542.03,0.0,0.0,0.0,0.0,0.0,2.335656033337632,0.0,0.0
23.3009839,23.8821784,0.1823904999999732,-0.0506314999999575,1.9172100000000123,0.1107864648814854,-0.037542401322118,1.9827880993074216,0.0224795600000001,-0.0209956000000012,0.0021834800000005,1.986235564945182,1.0,0.0,0.0,0.0,2527.86,0.0,0.0,0.0,0.0,0.0,2.3094557887651486,0.0,0.0
23.4115016,23.9926961,0.0773904999999732,-0.0356314999999576,1.9072100000000125,0.102802918237111,-0.0370855865574484,1.96472060872122,0.0224795600000001,-0.0209956000000012,0.0013834800000005,1.967757823275582,1.0,0.0,0.0,0.0,2515.15,0.0,0.0,0.0,0.0,0.0,2.286326429081908,0.0,0.0
23.522337800000003,24.1035323,0.0973904999999732,-0.1256314999999577,1.8972100000000125,0.101509040560321,-0.0582531267870869,1.9485817100360605,0.0224795600000001,-0.0209956000000012,0.0009834800000005,1.952093284856799,1.0,0.0,0.0,0.0,2503.42,0.0,0.0,0.0,0.0,0.0,2.2652837832204655,0.0,0.0
23.6423913,24.2235858,0.0923904999999734,-0.0506314999999575,1.9072100000000125,0.0993291875705829,-0.0564311218479589,1.938691503898816,0.0224795600000001,-0.0217956000000012,0.0025834800000005,1.9420544550310388,1.0,0.0,0.0,0.0,2507.82,0.0,0.0,0.0,0.0,0.0,2.2731433642190058,0.0,0.0
23.7526526,24.3338471,0.0723904999999733,-0.0656314999999576,1.9372100000000123,0.0928892997122372,-0.0586305387051442,1.93833733969,0.0228795600000001,-0.0217956000000012,0.0017834800000005,1.941447296350429,1.0,0.0,0.0,0.0,2520.53,0.0,0.0,0.0,0.0,0.0,2.2960746039322304,0.0,0.0
23.862645,24.4438395,0.0973904999999732,-0.0006314999999577,1.9372100000000123,0.093965344155939,-0.0447654495401934,1.9380678409936447,0.0220795600000001,-0.0213956000000012,0.0029834800000005,1.940860733712919,1.0,0.0,0.0,0.0,2524.93,0.0,0.0,0.0,0.0,0.0,2.3040930683658924,0.0,0.0
23.9726524,24.5538469,0.0923904999999734,-0.0556314999999576,1.9472100000000123,0.0935888662843943,-0.0473630573947183,1.940253340143515,0.0232795600000001,-0.0217956000000012,0.0009834800000005,1.9430865032304248,1.0,0.0,0.0,0.0,2530.3,0.0,0.0,0.0,0.0,0.0,2.3139358934993863,0.0,0.0
24.083642,24.6648365,0.0773904999999732,0.0343685000000424,1.9322100000000124,0.0897165298134116,-0.0278245382025492,1.9383305215802529,0.0224795600000001,-0.0217956000000012,0.0013834800000005,1.9406051817764276,1.0,0.0,0.0,0.0,2534.7,0.0,0.0,0.0,0.0,0.0,2.32204766101811,0.0,0.0
24.1935339,24.7747284,0.0423904999999735,-0.1056314999999576,1.9372100000000123,0.0784029005216945,-0.0464248544674205,1.9380626528022848,0.0228795600000001,-0.0229956000000012,0.0005834800000005,1.940203372873464,1.0,0.0,0.0,0.0,2526.88,0.0,0.0,0.0,0.0,0.0,2.3076600451636073,0.0,0.0
24.3035661,24.8847606,-0.0376095000000265,-0.0306314999999575,1.962210000000012,0.0506692981485607,-0.0426493389969293,1.9438352505809369,0.0228795600000001,-0.0225956000000012,0.0013834800000005,1.9449631938144216,1.0,0.0,0.0,0.0,2529.33,0.0,0.0,0.0,0.0,0.0,2.312153315839736,0.0,0.0
24.4143202,24.9955147,0.0923904999999734,-0.0306314999999575,1.9922100000000125,0.0606430528288605,-0.039776387772513,1.955399583869924,0.0224795600000001,-0.0229956000000012,0.0013834800000005,1.9567440490466053,1.0,0.0,0.0,0.0,2543.01,0.0,0.0,0.0,0.0,0.0,2.337484503669539,0.0,0.0
24.5259981,25.1071926,0.1923904999999734,0.0493685000000423,1.9722100000000125,0.0921382317673826,-0.0184656584025195,1.959418235277723,0.0208795600000001,-0.0213956000000012,0.0001834800000005,1.9616702717409784,1.0,0.0,0.0,0.0,2537.15,0.0,0.0,0.0,0.0,0.0,2.3265829013342967,0.0,0.0
24.6359798,25.2171743,0.0923904999999734,-0.0056314999999576,1.9522100000000124,0.0921985383106709,-0.0153975601274233,1.9576950545651008,0.0220795600000001,-0.0225956000000012,0.0005834800000005,1.9599254021500805,1.0,0.0,0.0,0.0,2536.66,0.0,0.0,0.0,0.0,0.0,2.3256747921012266,0.0,0.0
24.7468256,25.3280201,0.0623904999999735,0.0743685000000424,1.9522100000000124,0.0850727114308346,0.0060616649811187,1.9563838126494173,0.0208795600000001,-0.0213956000000012,0.0013834800000005,1.9582420004711392,1.0,0.0,0.0,0.0,2540.57,0.0,0.0,0.0,0.0,0.0,2.3329359696880867,0.0,0.0
24.8568116,25.4380061,-0.0376095000000265,-0.0556314999999576,1.8872100000000125,0.0557446425797535,-0.0086865317550135,1.9398473130508849,0.0220795600000001,-0.0225956000000012,0.0009834800000005,1.9406675446765769,1.0,0.0,0.98,0.0,2535.19,0.0,0.0,0.0,0.08575705582568133,0.0,2.322953649009562,0.0,0.0
24.9668078,25.5480023,0.0723904999999733,-0.0156314999999576,1.9322100000000124,0.0597239550392506,-0.0103467765817142,1.9380215581970972,0.0220795600000001,-0.0225956000000012,0.0009834800000005,1.9389692020833824,1.0,0.0,0.0,0.0,2546.92,0.0,0.0,0.0,0.0,0.0,2.3448012061693384,0.0,0.0
25.0785345,25.659729,0.1023904999999736,-0.0256314999999576,1.9072100000000125,0.0699237008186216,-0.0140007001257367,1.9306558326393832,0.0212795600000001,-0.0217956000000012,0.0009834800000005,1.9319723827334208,1.0,0.0,0.0,0.0,2537.63,0.0,0.0,0.0,0.0,0.0,2.3274729932417895,0.0,0.0
25.1887812,25.7699757,-0.0176095000000264,-0.0656314999999576,1.8672100000000125,0.0489982568571588,-0.026343415796467,1.9154886480389468,0.0220795600000001,-0.0225956000000012,0.0013834800000005,1.9162963146384584,1.0,0.0,0.0,0.0,2530.79,0.49,0.0,0.0,0.0,0.0,2.3148371513505883,0.005926265570176409,0.0
25.3009839,25.8821784,0.0323904999999733,0.0093685000000423,1.9122100000000124,0.0450280526124786,-0.0178062243563348,1.9147048635415624,0.0216795600000001,-0.0221956000000012,0.0005834800000005,1.9153170237894337,1.0,0.0,0.0,0.0,2540.08,0.0,0.0,0.0,0.0,0.0,2.3320241379791833,0.0,0.0
25.4109792,25.9921737,0.0823904999999736,0.0343685000000424,1.9322100000000124,0.0539598155522336,-0.0053334796090463,1.9188895928622456,0.0212795600000001,-0.0217956000000012,0.0005834800000005,1.9196555361038623,1.0,0.0,0.0,0.0,2535.68,0.0,0.0,0.0,0.0,0.0,2.3238601664882697,0.0,0.0
25.5226433,26.1038378,-0.0326095000000266,0.0243685000000424,1.8922100000000124,0.0332647953264327,0.0017669931720436,1.9125116434655367,0.0216795600000001,-0.0221956000000012,0.0009834800000005,1.9128017292088135,1.0,0.0,0.0,0.0,2511.73,0.0,0.0,0.0,0.0,0.0,2.280161497643894,0.0,0.0
25.6326576,26.2138521,0.0973904999999732,-0.1006314999999575,1.8972100000000125,0.0485945082477682,-0.0227121063075729,1.908853675061988,0.0216795600000001,-0.0221956000000012,-0.0002165199999994,1.9096071896603304,1.0,0.0,0.0,0.0,2518.57,0.0,0.0,0.0,0.0,0.0,2.292516093586013,0.0,0.0
25.7426739,26.3238684,-0.0326095000000266,-0.0306314999999575,1.8672100000000125,0.029182103489991,-0.0246052945763544,1.8988984537207263,0.0216795600000001,-0.0225956000000012,-0.0002165199999994,1.899282062577398,1.0,0.0,0.0,0.0,2528.84,0.0,0.0,0.0,0.0,0.0,2.311253617875831,0.0,0.0
25.8531997,26.4343942,0.0123904999999733,-0.0756314999999576,1.8772100000000125,0.0251679493796958,-0.0368034775763096,1.8937136721898435,0.0216795600000001,-0.0221956000000012,0.0021834800000005,1.8942384733386743,1.0,0.0,1.47,0.0,2491.69,0.0,0.0,0.0,0.11241876799942194,0.0,2.244525123757361,0.0,0.0
25.964871,26.5460655,0.0373904999999732,-0.1306314999999576,1.9772100000000123,0.0280898383964204,-0.0592337441137883,1.9136740724978305,0.0240795600000001,-0.0229956000000012,0.0017834800000005,1.914796629204602,1.0,0.0,0.0,0.0,2542.03,0.0,0.0,0.0,0.0,0.0,2.335656033337632,0.0,0.0
26.075686,26.6568805,0.1123904999999734,0.0093685000000423,1.9922100000000125,0.0482425205079099,-0.0428338821024732,1.932448653280192,0.0232795600000001,-0.0217956000000012,0.0025834800000005,1.933525246746303,1.0,0.0,0.0,0.0,2560.12,0.0,0.0,0.0,0.0,0.0,2.369759104236881,0.0,0.0
26.1868488,26.7680433,0.1323904999999734,0.0693685000000423,1.962210000000012,0.0683587028577318,-0.0160110921545403,1.9395633181979477,0.0232795600000001,-0.0217956000000012,0.0021834800000005,1.9408336179661057,1.0,0.49,0.49,0.0,2551.32,0.0,0.0,0.06888849700996072,0.05401493744611888,0.0,2.3530761829204376,0.0,0.0
26.297372900000003,26.8785674,0.1073904999999735,-0.0906314999999575,1.9772100000000123,0.0776895359150917,-0.0338496396787629,1.948563029427704,0.0236795600000001,-0.0225956000000012,0.0025834800000005,1.950404917382428,1.0,0.0,0.0,0.0,2563.54,0.49,0.0,0.0,0.0,0.0,2.376291105402094,0.005926265570176409,0.0
26.4168266,26.9980211,0.0273904999999734,-0.0906314999999575,2.007210000000012,0.0656651880389292,-0.0474237535585976,1.9625830113858973,0.0228795600000001,-0.0221956000000012,0.0017834800000005,1.964253803840612,1.0,0.0,0.0,0.0,2545.94,0.0,0.0,0.0,0.0,0.0,2.342964117704506,0.0,0.0
26.5276906,27.1088851,-0.0026095000000263,-0.0556314999999576,2.0522100000000125,0.0493436306734506,-0.0493858746349696,1.9840089904445743,0.0236795600000001,-0.0229956000000012,0.0009834800000005,1.985236870669694,1.0,0.0,0.0,0.0,2562.56,0.0,0.0,0.0,0.0,0.0,2.3744165700941626,0.0,0.0
26.6377135,27.218908,0.0423904999999735,0.0393685000000423,2.0622100000000123,0.0476814345592469,-0.0281685002514208,2.0027035066724506,0.0232795600000001,-0.0229956000000012,0.0005834800000005,2.003469071197799,1.0,0.0,0.0,0.0,2596.29,0.0,0.0,0.0,0.0,0.0,2.440259351808133,0.0,0.0
26.7476967,27.3288912,0.0573904999999732,-0.0256314999999576,2.152210000000012,0.0500024567873614,-0.0275620120150064,2.038444113879107,0.0236795600000001,-0.0245956000000012,-0.0002165199999994,2.039243564560022,1.0,0.0,0.0,0.0,2604.11,0.0,0.0,0.0,0.0,0.0,2.455925675900519,0.0,0.0
26.8576723,27.4388668,0.0573904999999732,-0.0506314999999575,2.172210000000012,0.0517686218856842,-0.0330769397628089,2.070421815228994,0.0240795600000001,-0.0245956000000012,-0.0006165199999994,2.071333041095067,1.0,0.0,0.0,0.0,2619.75,0.0,0.0,0.0,0.0,0.0,2.48773091579691,0.0,0.0
26.967685000000003,27.5488795,0.0973904999999732,0.0493685000000423,2.172210000000012,0.0626748614035913,-0.0133677618337394,2.094755016076725,0.0244795600000001,-0.0237956000000012,0.0025834800000005,2.0957350530749363,1.0,0.0,0.0,0.0,2624.63,0.0,0.0,0.0,0.0,0.0,2.4977865396162473,0.0,0.0
27.0776691,27.6588636,0.0523904999999733,0.0243685000000424,2.1822100000000124,0.0602163105198335,-0.0043466358503096,2.115661761724344,0.0244795600000001,-0.0249956000000012,0.0001834800000005,2.1165229947530437,1.0,0.0,0.0,0.0,2632.45,0.0,0.0,0.0,0.0,0.0,2.514033733030698,0.0,0.0
27.1885636,27.7697581,0.0973904999999732,-0.0256314999999576,2.2022100000000124,0.0691030690469333,-0.0094349363788551,2.136351743274921,0.0240795600000001,-0.0245956000000012,0.0013834800000005,2.137489888436896,1.0,0.0,0.0,0.0,2634.9,0.0,0.0,0.0,0.0,0.0,2.519158171093241,0.0,0.0
27.29864,27.8798345,0.1823904999999732,0.0493685000000423,2.2022100000000124,0.0961852477605546,0.0046224498606518,2.1520956352794616,0.0252795600000001,-0.0241956000000012,0.0005834800000005,2.1542489624735537,1.0,0.0,0.0,0.0,2644.67,0.0,0.0,0.0,0.0,0.0,2.539757971651857,0.0,0.0
27.4085242,27.9897187,0.0523904999999733,-0.0006314999999577,2.172210000000012,0.0857157969521796,0.0033664551939847,2.156904119464249,0.0244795600000001,-0.0249956000000012,0.0005834800000005,2.15860925399424,1.0,0.0,0.0,0.0,2639.78,0.0,0.0,0.0,0.0,0.0,2.529414405219447,0.0,0.0
27.519379500000003,28.100574,0.0073904999999734,-0.0756314999999576,2.172210000000012,0.0669915689243025,-0.0155185766456006,2.160563100770045,0.0240795600000001,-0.0253956000000012,0.0001834800000005,2.161657144169056,1.0,0.0,0.49,0.49,2647.12,0.0,0.0,0.0,0.05401493744611888,0.00754893254491928,2.544965527536272,0.0,0.0
27.629846800000003,28.2110413,0.0973904999999732,-0.0006314999999577,2.212210000000012,0.074258652987985,-0.0119597134350137,2.172909665108062,0.0244795600000001,-0.0241956000000012,0.0013834800000005,2.17421107416209,1.0,0.0,0.49,0.49,2642.23,0.0,0.0,0.0,0.05401493744611888,0.00754893254491928,2.534588420166623,0.0,0.0
27.7410536,28.3222481,0.1073904999999735,0.0543685000000424,2.172210000000012,0.082179060347765,0.0038965251158279,2.1727424051098745,0.0236795600000001,-0.0229956000000012,0.0009834800000005,2.174299459557092,1.0,0.0,0.0,0.0,2638.81,0.0,0.0,0.0,0.0,0.0,2.5273705275769194,0.0,0.0
27.851861,28.4330555,0.0273904999999734,-0.0156314999999576,2.2222100000000125,0.0690814592253953,-0.0007717903509515,2.184567991003009,0.0248795600000001,-0.0245956000000012,0.0009834800000005,2.1856601179012207,1.0,0.0,0.0,0.0,2636.85,0.0,0.0,0.0,0.0,0.0,2.5232485779842952,0.0,0.0
27.9627481,28.5439426,0.0773904999999732,-0.0106314999999574,2.1622100000000124,0.0710677954438339,-0.0031288251652504,2.17922315174832,0.0240795600000001,-0.0241956000000012,0.0001834800000005,2.180383903401426,1.0,0.0,0.0,0.0,2650.54,0.0,0.0,0.0,0.0,0.0,2.552263212212241,0.0,0.0
28.073198100000003,28.6543926,-0.0126095000000265,-0.0356314999999576,2.1822100000000124,0.0510641335157733,-0.0108988243711565,2.179937179398716,0.0240795600000001,-0.0249956000000012,0.0005834800000005,2.1805624128259247,1.0,0.0,0.0,0.0,2631.96,0.0,0.0,0.0,0.0,0.0,2.5130108146987085,0.0,0.0
28.1927322,28.7739267,-0.0726095000000266,-0.0006314999999577,2.2022100000000124,0.0214990580536404,-0.0084443463130673,2.1852616580536406,0.0240795600000001,-0.0245956000000012,-0.0002165199999994,2.1853837261774407,1.0,0.0,0.0,0.0,2627.08,0.0,0.0,0.0,0.0,0.0,2.5028589936685166,0.0,0.0
28.3028392,28.8840337,-0.0676095000000267,-0.0656314999999576,2.2622100000000125,0.0001970135653789,-0.022115348499653,2.203656715040786,0.0252795600000001,-0.0265956000000012,-0.0002165199999994,2.2037676931105863,1.0,0.0,0.0,0.0,2614.37,0.0,0.0,0.0,0.0,0.0,2.4767181789500805,0.0,0.0
28.4135431,28.9947376,0.0073904999999734,0.0443685000000424,2.3122100000000123,0.0019166684605142,-0.0062219042623622,2.229607161956958,0.0244795600000001,-0.0253956000000012,-0.0010165199999994,2.2296166671337025,1.0,0.0,0.0,0.0,2660.8,0.0,0.0,0.0,0.0,0.0,2.574357046714312,0.0,0.0
28.5235401,29.1047346,-0.0176095000000264,0.0343685000000424,2.342210000000013,-0.0027512031594172,0.0034815250858436,2.256525683790215,0.0252795600000001,-0.0257956000000012,-0.0006165199999994,2.2565300467178906,1.0,0.0,0.0,0.0,2666.67,0.0,0.0,0.0,0.0,0.0,2.587134992148518,0.0,0.0
28.6335596,29.2147541,0.0073904999999734,0.0493685000000423,2.2722100000000123,-0.0003267557594495,0.0144511379087252,2.260275132877561,0.0248795600000001,-0.0249956000000012,-0.0002165199999994,2.2603213529188406,1.0,0.0,0.0,0.0,2672.04,0.0,0.0,0.0,0.0,0.0,2.5989136718654344,0.0,0.0
28.7443843,29.3255788,0.0473904999999734,-0.0056314999999576,2.2922100000000123,0.0110803989207192,0.0096502382474968,2.2679093935482304,0.0252795600000001,-0.0257956000000012,0.0009834800000005,2.2679569924676213,1.0,0.0,0.0,0.0,2664.22,0.0,0.0,0.0,0.0,0.0,2.581789478607502,0.0,0.0
28.8543915,29.435586,-0.0676095000000267,0.0293685000000423,2.3222100000000125,-0.0077309898414799,0.0143640311564891,2.28089034576697,0.0256795600000001,-0.0265956000000012,-0.0006165199999994,2.280948676101232,1.0,0.0,0.0,0.0,2686.22,0.0,0.0,0.0,0.0,0.0,2.6304341152388124,0.0,0.0
28.9643568,29.5455513,0.1673904999999735,0.0893685000000423,2.3222100000000125,0.0341330673145852,0.0322943912366233,2.290768107588475,0.0240795600000001,-0.0241956000000012,0.0013834800000005,2.2912499900129037,1.0,0.0,0.0,0.0,2687.19,0.0,0.0,0.0,0.0,0.0,2.632612814073069,0.0,0.0
29.0743548,29.6555493,0.0523904999999733,0.1193685000000424,2.3022100000000125,0.0384976384826131,0.0531100859259814,2.293503374621229,0.0244795600000001,-0.0249956000000012,-0.0002165199999994,2.294441212756337,1.0,0.0,0.0,0.0,2680.84,0.0,0.0,0.0,0.0,0.0,2.6184028806519444,0.0,0.0
29.1843843,29.7655788,-0.0126095000000265,0.0843685000000424,2.3022100000000125,0.0262801078502663,0.0605826356089997,2.2955847563113,0.0244795600000001,-0.0249956000000012,0.0005834800000005,2.2965344049708385,1.0,0.0,0.49,0.0,2683.77,0.0,0.0,0.0,0.05401493744611888,0.0,2.624944167440638,0.0,0.0
29.2943943,29.8755888,-0.0626095000000264,0.1093685000000423,2.3022100000000125,0.0050304049897325,0.0722452489017699,2.297168568673268,0.0240795600000001,-0.0265956000000012,0.0001834800000005,2.298309838525613,1.0,0.0,0.0,0.0,2693.06,0.0,0.0,0.0,0.0,0.0,2.6458598334868033,0.0,0.0
29.4057554,29.9869499,0.0523904999999733,0.1443685000000423,2.342210000000013,0.0163521778128191,0.0894868330670994,2.3079360481936906,0.0240795600000001,-0.0257956000000012,-0.0006165199999994,2.309728141917033,1.0,0.0,0.0,0.0,2704.79,0.0,0.0,0.0,0.0,0.0,2.672657611950446,0.0,0.0
29.516575,30.0977695,0.0273904999999734,0.0593685000000423,2.2522100000000123,0.0189909684682004,0.0822868279843067,2.2946143338297142,0.0240795600000001,-0.0253956000000012,-0.0006165199999994,2.2961678335783438,1.0,0.0,0.0,0.0,2698.93,0.0,0.0,0.0,0.0,0.0,2.659215262492866,0.0,0.0
29.6274081,30.2086026,0.0173904999999736,0.0293685000000423,2.342210000000013,0.0186083649197097,0.0696363194182687,2.305992421640287,0.0256795600000001,-0.0269956000000012,-0.0006165199999994,2.307118665541403,1.0,0.0,0.0,0.0,2708.21,0.0,0.0,0.0,0.0,0.0,2.6805540662839342,0.0,0.0
29.7385498,30.3197443,0.1423904999999736,0.0743685000000424,2.3122100000000123,0.0481993784646008,0.0707675813697719,2.3074787786605446,0.0244795600000001,-0.0245956000000012,0.0005834800000005,2.309066812508044,1.0,0.49,0.0,0.0,2710.65,0.0,0.0,0.06888849700996072,0.0,0.0,2.6862111080410123,0.0,0.0
29.849028200000003,30.4302227,-0.0626095000000264,0.0093685000000423,2.2422100000000125,0.0217097156274328,0.0560896874452776,2.291875805645497,0.0244795600000001,-0.0257956000000012,0.0005834800000005,2.292664841029654,1.0,0.0,0.0,0.0,2688.17,0.0,0.0,0.0,0.0,0.0,2.634816937896777,0.0,0.0
29.9689791,30.5501736,0.0473904999999734,0.0193685000000423,2.2522100000000123,0.0278488926396771,0.047311222326932,2.282393408275606,0.0248795600000001,-0.0253956000000012,-0.0006165199999994,2.2830535654511617,1.0,0.0,0.0,0.0,2695.5,0.0,0.0,0.0,0.0,0.0,2.651398069983689,0.0,0.0
30.0794086,30.6606031,0.0473904999999734,0.0443685000000424,2.2522100000000123,0.0325204550401197,0.0466077432976086,2.2751778464941346,0.0248795600000001,-0.0253956000000012,0.0005834800000005,2.275887540039929,1.0,0.0,0.0,0.0,2691.1,0.0,0.0,0.0,0.0,0.0,2.641424657667462,0.0,0.0
30.1902292,30.7714237,0.0173904999999736,-0.0656314999999576,2.2722100000000123,0.0289035299948679,0.0197761414147278,2.274468361351147,0.0256795600000001,-0.0257956000000012,-0.0002165199999994,2.274737970976612,1.0,0.0,0.0,0.0,2694.53,0.0,0.0,0.0,0.0,0.0,2.649194143895615,0.0,0.0
30.3010477,30.8822422,0.0873904999999735,-0.0556314999999576,2.2922100000000123,0.04288526266169,0.0017494000191028,2.2787096282288486,0.0256795600000001,-0.0257956000000012,0.0005834800000005,2.279113813730426,1.0,0.0,0.0,0.0,2700.88,0.0,0.0,0.0,0.0,0.0,2.6636761574784336,0.0,0.0
30.4119339,30.9931284,0.2373904999999734,0.1543685000000423,2.2922100000000123,0.089383144677518,0.0382340983305082,2.2819369896221757,0.0228795600000001,-0.0237956000000012,-0.0010165199999994,2.28400692149422,1.0,0.0,0.0,0.0,2686.22,0.0,0.0,0.0,0.0,0.0,2.6304341152388124,0.0,0.0
30.5218986,31.1030931,0.2123904999999735,0.2843685000000424,2.3872100000000125,0.1187889415245976,0.097074305028705,2.3071032632042403,0.0228795600000001,-0.0249956000000012,-0.0014165199999994,2.3121980236158395,1.0,0.0,0.0,0.0,2680.35,0.0,0.0,0.0,0.0,0.0,2.6173115105516715,0.0,0.0
30.6319052,31.2130997,0.0173904999999736,0.0993685000000423,2.3972100000000123,0.0945489116152703,0.0976227489089745,2.328643929531257,0.0252795600000001,-0.0277956000000012,-0.0034165199999994,2.332606320906927,1.0,0.0,0.49,0.0,2727.76,0.0,0.0,0.0,0.05401493744611888,0.0,2.7264357137542454,0.0,0.0
30.7427603,31.3239548,0.0073904999999734,0.2193685000000425,2.4772100000000123,0.0737130637201998,0.1267269501512031,2.3641597218602675,0.0256795600000001,-0.0289956000000012,-0.0022165199999994,2.3687010208390715,1.0,0.0,0.0,0.0,2757.58,0.0,0.0,0.0,0.0,0.0,2.7989632061477137,0.0,0.0
30.852741400000003,31.4339359,-0.0226095000000263,0.1043685000000425,2.6472100000000123,0.0506864590661789,0.1213820011338287,2.431824935494588,0.0264795600000001,-0.0305956000000012,-0.0034165199999994,2.435379893204585,1.0,0.0,0.49,0.0,2763.93,0.0,0.0,0.0,0.05401493744611888,0.0,2.8148231682487332,0.0,0.0
30.9635598,31.5447543,0.0423904999999735,0.1943685000000423,2.842210000000013,0.048703250124624,0.1388299509138504,2.529930449626548,0.0284795600000001,-0.0329956000000012,-0.0030165199999994,2.5342047750312187,1.0,0.0,0.0,0.0,2782.5,0.0,0.0,0.0,0.0,0.0,2.862081453681642,0.0,0.0
31.0744071,31.6556016,0.0123904999999733,0.1043685000000425,2.8222100000000125,0.0400224248981563,0.1305916921367994,2.5998019874570084,0.0296795600000001,-0.0333956000000012,-0.0018165199999994,2.6033874776020745,1.0,0.49,0.0,0.0,2808.9,0.0,0.0,0.06888849700996072,0.0,0.0,2.9316195576566897,0.0,0.0
31.1843788,31.7655733,0.1423904999999736,0.3443685000000425,2.8322100000000123,0.0644942527183672,0.1816965822969418,2.655360801680417,0.0276795600000001,-0.0313956000000012,-0.0030165199999994,2.662351243497551,1.0,0.0,0.0,0.0,2820.14,0.0,0.0,0.0,0.0,0.0,2.962107097477037,0.0,0.0
31.2945129,31.8757074,0.1323904999999734,0.3143685000000424,2.922210000000012,0.0807253410870927,0.2134127625941508,2.719153030153437,0.0292795600000001,-0.0325956000000012,-0.0030165199999994,2.728709363293261,1.0,0.0,0.49,0.0,2820.14,0.0,0.0,0.0,0.05401493744611888,0.0,2.962107097477037,0.0,0.0
31.405309000000003,31.9865035,0.1023904999999736,0.3243685000000424,3.0222100000000123,0.0859045538258903,0.2399375331220798,2.791600987960828,0.0292795600000001,-0.0333956000000012,-0.0026165199999994,2.8032098901353435,1.0,0.0,0.0,0.0,2846.53,0.0,0.0,0.0,0.0,0.0,3.035878556640294,0.0,0.0
31.5152555,32.09645,0.1923904999999734,0.3043685000000424,3.0722100000000125,0.1113607884718238,0.2553402211784778,2.858682599299053,0.0296795600000001,-0.0329956000000012,-0.0026165199999994,2.872223190717555,1.0,0.0,0.0,0.0,2847.51,0.0,0.0,0.0,0.0,0.0,3.038679374834068,0.0,0.0
31.625762400000003,32.2069569,-0.0276095000000267,0.2293685000000425,3.2672100000000124,0.0781389371453668,0.2491314936211701,2.956344025479516,0.0348795600000001,-0.0377956000000012,-0.0034165199999994,2.967851443654239,1.0,0.0,0.0,0.0,2872.92,0.0,0.0,0.0,0.0,0.0,3.1129099495995716,0.0,0.0
31.7365659,32.3177604,-0.0276095000000267,0.1093685000000423,3.2522100000000123,0.0528590093602196,0.215720140402585,3.027072923909256,0.0344795600000001,-0.0373956000000012,-0.0042165199999994,3.0352099994086714,1.0,0.0,0.49,0.0,2897.85,0.0,0.0,0.0,0.05401493744611888,0.0,3.1889012832960315,0.0,0.0
31.847778700000003,32.4289732,-0.1876095000000264,0.1393685000000424,3.3872100000000125,-0.0046267248532415,0.1974677292298315,3.113166293438784,0.0368795600000001,-0.0417956000000012,-0.0062165199999994,3.1194261140910884,1.0,0.0,0.0,0.0,2868.04,0.0,0.0,0.0,0.0,0.0,3.098408586724221,0.0,0.0
31.958624500000003,32.539819,0.0923904999999734,0.2743685000000424,3.2722100000000123,0.0185659435625818,0.21585141398368,3.151186840362064,0.0312795600000001,-0.0341956000000012,-0.0046165199999994,3.1586254969606906,1.0,0.0,0.49,0.0,2847.51,0.0,0.0,0.0,0.05401493744611888,0.0,3.038679374834068,0.0,0.0
32.0695152,32.6507097,-0.0026095000000263,0.1043685000000425,3.402210000000012,0.0135038008157799,0.1892006180867225,3.2111957399670947,0.0340795600000001,-0.0369956000000012,-0.0014165199999994,3.2167930158628,1.0,0.0,0.49,0.0,2848.48,0.0,0.0,0.0,0.05401493744611888,0.0,3.0414560495415244,0.0,0.0
32.1802881,32.7614826,0.0573904999999732,0.0643685000000424,3.547210000000012,0.0239952332761906,0.1593585985194792,3.2915223760641634,0.0376795600000001,-0.0389956000000012,-0.0014165199999994,3.295465139593066,1.0,0.0,0.0,0.0,2917.89,0.0,0.0,0.0,0.0,0.0,3.252418021409856,0.0,0.0
32.291906999999995,32.8731015,-0.0426095000000263,0.0093685000000423,3.737210000000013,0.0080728906598477,0.123502381998329,3.398067222039912,0.0408795600000001,-0.0437956000000012,-0.0026165199999994,3.40032040481848,1.0,0.0,0.0,0.0,2979.96,0.0,0.0,0.0,0.0,0.0,3.464471592143439,0.0,0.0
32.4027968,32.9839913,0.0073904999999734,0.0393685000000423,3.587210000000012,0.0079097602432803,0.1033895697562293,3.4432831694050665,0.0380795600000001,-0.0401956000000012,-0.0014165199999994,3.444844111443896,1.0,0.0,0.0,0.0,2991.69,0.0,0.0,0.0,0.0,0.0,3.5074138765583527,0.0,0.0
32.5136303,33.0948248,0.1373904999999733,0.0593685000000423,3.507210000000012,0.0388630664005734,0.0928660150399428,3.458565340041325,0.0356795600000001,-0.0381956000000012,-0.0030165199999994,3.460030151026812,1.0,0.0,0.0,0.0,2959.92,0.0,0.0,0.0,0.0,0.0,3.393310279127343,0.0,0.0
32.6244178,33.2056123,0.0123904999999733,0.1143685000000425,3.5772100000000124,0.0325346081749963,0.0980063393952348,3.486928203047283,0.0368795600000001,-0.0405956000000012,-0.0022165199999994,3.4884569707103035,1.0,0.0,0.0,0.0,2929.13,0.0,0.0,0.0,0.0,0.0,3.2890456099800622,0.0,0.0
32.7350132,33.3162077,0.1123904999999734,0.1693685000000424,3.882210000000012,0.0516247359636308,0.1150659793802801,3.5814231719706457,0.0396795600000001,-0.0441956000000012,-0.0034165199999994,3.5836430109181268,1.0,0.0,0.49,0.0,2974.1,0.0,0.0,0.0,0.05401493744611888,0.0,3.4433808412954328,0.0,0.0
32.8469613,33.4281558,-0.2276095000000264,0.1493685000000424,4.082210000000012,-0.0151282252228928,0.1232662447224889,3.701139880700149,0.0428795600000001,-0.0497956000000012,-0.0050165199999994,3.7032228999609913,1.0,0.0,0.0,0.0,3036.66,0.0,0.0,0.0,0.0,0.0,3.6816466516690287,0.0,0.0
32.957432399999995,33.5386269,0.1223904999999736,0.2493685000000423,3.872210000000013,0.0177466194233667,0.153411899760187,3.742035428462724,0.0388795600000001,-0.0437956000000012,-0.0026165199999994,3.7452208614925753,1.0,0.0,0.0,0.0,3044.48,0.0,0.0,0.0,0.0,0.0,3.7136161996528174,0.0,0.0
33.068707,33.6499015,0.0473904999999734,0.2293685000000425,3.737210000000013,0.0248332032110571,0.1715698737284338,3.740881874931696,0.0372795600000001,-0.0429956000000012,-0.0046165199999994,3.744896542195177,1.0,0.0,0.0,0.0,3036.17,0.0,0.0,0.0,0.0,0.0,3.6796607808646513,0.0,0.0
33.1791719,33.7603664,0.1123904999999734,0.2893685000000423,3.842210000000012,0.0457644074882725,0.1997304862700776,3.765105095184204,0.0376795600000001,-0.0425956000000012,-0.0042165199999994,3.770676733150229,1.0,0.0,0.0,0.0,3018.57,0.0,0.0,0.0,0.0,0.0,3.6096472107341593,0.0,0.0
33.2900251,33.8712196,0.1023904999999736,0.1893685000000424,3.892210000000012,0.0593012839480417,0.1972533786012709,3.795490440836772,0.0388795600000001,-0.0433956000000012,-0.0030165199999994,3.8010752720948338,1.0,0.0,0.0,0.0,3031.28,0.0,0.0,0.0,0.0,0.0,3.6599529050986352,0.0,0.0
33.4016131,33.9828076,0.0773904999999732,0.1493685000000424,3.992210000000013,0.0636256417147104,0.1858061524699263,3.842517672480255,0.0392795600000001,-0.0437956000000012,-0.0046165199999994,3.847533523168104,1.0,0.0,0.0,0.0,3053.27,0.0,0.0,0.0,0.0,0.0,3.7501854586371035,0.0,0.0
33.5124483,34.0936428,0.1223904999999736,0.2993685000000423,3.9822100000000127,0.0776738055822609,0.212954051977188,3.875912132456843,0.0392795600000001,-0.0441956000000012,-0.0030165199999994,3.8825349331143535,1.0,0.0,0.49,0.0,3059.63,0.0,0.0,0.0,0.05401493744611888,0.0,3.7770751226856567,0.0,0.0
33.6233241,34.2045186,-0.0376095000000265,0.0843685000000424,3.832210000000012,0.0501144986210967,0.1822147469250837,3.8654648220058463,0.0392795600000001,-0.0449956000000012,-0.0046165199999994,3.870081648639173,1.0,0.0,0.0,0.0,3061.58,0.0,0.0,0.0,0.0,0.0,3.785393390500654,0.0,0.0
33.7341273,34.3153218,0.0623904999999735,0.1143685000000425,3.9422100000000126,0.053049165427772,0.1659956115027782,3.8838113111826393,0.0404795600000001,-0.0457956000000012,-0.0038165199999994,3.88771900448849,1.0,0.0,0.0,0.49,3068.92,0.0,0.0,0.0,0.0,0.00754893254491928,3.817020608968732,0.0,0.0
33.8450208,34.4262153,-0.0126095000000265,0.1493685000000424,3.992210000000013,0.0373529871646194,0.1620207803902688,3.90972480077436,0.0416795600000001,-0.0465956000000012,-0.0022165199999994,3.9132587439011104,1.0,0.0,0.0,0.0,3080.65,0.0,0.0,0.0,0.0,0.0,3.868628574867662,0.0,0.0
33.9558465,34.537041,-0.0526095000000266,0.1993685000000424,3.9422100000000126,0.0158468047539269,0.1709490225483718,3.917490622309684,0.0412795600000001,-0.0465956000000012,-0.0038165199999994,3.921250752682805,1.0,0.0,0.0,0.0,3088.47,0.0,0.0,0.0,0.0,0.0,3.9037858594573565,0.0,0.0
34.0674879,34.6486824,-0.0376095000000265,0.2293685000000425,3.792210000000012,0.00306768895496,0.1849146206327554,3.8875413845681135,0.0388795600000001,-0.0449956000000012,-0.0046165199999994,3.8919379291516263,1.0,0.0,0.0,0.0,3079.67,0.0,0.0,0.0,0.0,0.0,3.864265653634528,0.0,0.0
34.178301399999995,34.7594959,-0.1876095000000264,0.0993685000000423,3.792210000000012,-0.0425150704425096,0.164464202543634,3.864751728450301,0.0388795600000001,-0.0449956000000012,-0.0026165199999994,3.868483155927221,1.0,0.0,0.0,0.0,3071.85,0.0,0.0,0.0,0.0,0.0,3.8297873414599284,0.0,0.0
34.2894892,34.8706837,0.0573904999999732,0.1143685000000425,3.7772100000000126,-0.0186319221492876,0.1524884629787361,3.8438242458968954,0.0380795600000001,-0.0441956000000012,-0.0046165199999994,3.8468928647948366,1.0,0.0,0.0,0.0,3060.12,0.0,0.0,0.0,0.0,0.0,3.7791620694697614,0.0,0.0
34.400161999999995,34.9813565,-0.0376095000000265,0.1593685000000424,3.792210000000012,-0.0231686492211409,0.1541331855273883,3.8314854875740254,0.0392795600000001,-0.0441956000000012,-0.0046165199999994,3.83465446509564,1.0,0.49,0.0,0.0,3051.81,0.49,0.0,0.06888849700996072,0.0,0.0,3.744064066926436,0.005926265570176409,0.0
34.5108051,35.0919996,0.0423904999999735,0.2243685000000423,3.8122100000000128,-0.0074962610260624,0.1709234448046446,3.82687754303084,0.0376795600000001,-0.0433956000000012,-0.0054165199999994,3.8307000335796353,1.0,0.0,0.0,0.0,3052.79,0.0,0.0,0.0,0.0,0.0,3.748170846013255,0.0,0.0
34.630311299999995,35.2115058,0.0873904999999735,0.1793685000000424,3.757210000000012,0.0151871046222325,0.1729422962528954,3.810223013618112,0.0372795600000001,-0.0429956000000012,-0.0042165199999994,3.814176070855293,1.0,0.0,0.0,0.49,3040.08,0.0,0.0,0.0,0.0,0.00754893254491928,3.6955638600117773,0.0,0.0
34.7403088,35.3215033,0.0623904999999735,0.1643685000000423,3.737210000000013,0.0264714172662329,0.1708926683248846,3.79276872529512,0.0376795600000001,-0.0437956000000012,-0.0046165199999994,3.7967090543780215,1.0,0.0,0.0,0.0,3047.41,0.0,0.0,0.0,0.0,0.0,3.725730431055125,0.0,0.0
34.8511448,35.4323393,-0.0876095000000267,0.1543685000000423,3.707210000000012,-0.0008004500823997,0.1669424465226721,3.7723152939704017,0.0376795600000001,-0.0429956000000012,-0.0046165199999994,3.776007560677588,1.0,0.0,0.0,0.0,3040.08,0.0,0.0,0.0,0.0,0.0,3.6955638600117773,0.0,0.0
34.9611173,35.5423118,-0.0876095000000267,0.1493685000000424,3.717210000000012,-0.0215527805399893,0.1627412676590895,3.759141975387589,0.0380795600000001,-0.0433956000000012,-0.0038165199999994,3.7627247618805706,1.0,0.0,0.0,0.0,3039.1,0.0,0.0,0.0,0.0,0.0,3.6915657251124037,0.0,0.0
35.0711431,35.6523376,0.1023904999999736,0.3043685000000424,3.6872100000000128,0.0080767559910948,0.1965982806101836,3.7419461170626023,0.0360795600000001,-0.0417956000000012,-0.0046165199999994,3.747115805646539,1.0,0.0,0.0,0.0,3014.66,0.0,0.0,0.0,0.0,0.0,3.594431976226338,0.0,0.0
35.1819533,35.7631478,-0.1376095000000265,0.1743685000000423,3.6872100000000128,-0.0267505958843786,0.1912840909760485,3.72886105288639,0.0380795600000001,-0.0441956000000012,-0.0042165199999994,3.733859926346153,1.0,0.0,0.0,0.0,3011.24,0.0,0.0,0.0,0.0,0.0,3.581221701199626,0.0,0.0
35.2919655,35.87316,0.0973904999999732,0.3043685000000424,3.677210000000012,0.0029262298337227,0.2183177358309799,3.716513495586804,0.0360795600000001,-0.0421956000000012,-0.0046165199999994,3.722921401195336,1.0,0.0,0.0,0.0,3014.17,0.0,0.0,0.0,0.0,0.0,3.592533680383784,0.0,0.0
35.401971499999995,35.983166,-0.1426095000000264,0.0243685000000424,3.657210000000013,-0.0318651376764885,0.1719527699918214,3.702336566581416,0.0388795600000001,-0.0441956000000012,-0.0026165199999994,3.7064645141094874,1.0,0.0,0.0,0.0,3011.24,0.0,0.0,0.0,0.0,0.0,3.581221701199626,0.0,0.0
35.5128024,36.0939969,-0.0676095000000267,0.1143685000000425,3.627210000000012,-0.040410085693288,0.1581868342839384,3.6843770181550624,0.0384795600000001,-0.0425956000000012,-0.0022165199999994,3.687992687286093,1.0,0.0,0.49,0.0,3011.24,0.0,0.0,0.0,0.05401493744611888,0.0,3.581221701199626,0.0,0.0
35.622797899999995,36.2039924,0.0923904999999734,0.1293685000000424,3.647210000000012,-0.0086631463835836,0.1512976033009455,3.675491973985028,0.0380795600000001,-0.0413956000000012,-0.0026165199999994,3.678614856939801,1.0,0.0,0.0,0.0,2990.71,0.0,0.0,0.0,0.0,0.0,3.5037885222260936,0.0,0.0
35.733036299999995,36.3142308,-0.0426095000000263,0.0793685000000423,3.697210000000013,-0.0167782674308371,0.1341024315690252,3.680683824986475,0.0380795600000001,-0.0425956000000012,-0.0038165199999994,3.683164182048877,1.0,0.0,0.0,0.0,2997.07,0.0,0.0,0.0,0.0,0.0,3.5274410131669,0.0,0.0
35.8445514,36.4257459,-0.0826095000000264,0.2043685000000423,3.647210000000012,-0.032515699115697,0.1509000428021828,3.672681665321581,0.0372795600000001,-0.0429956000000012,-0.0042165199999994,3.675924197857728,1.0,0.0,0.0,0.0,2999.02,0.0,0.0,0.0,0.0,0.0,3.534752480843758,0.0,0.0
35.9553033,36.5364978,0.0273904999999734,0.1943685000000423,3.677210000000012,-0.0181946894780357,0.1612914914945431,3.6737641964373866,0.0368795600000001,-0.0421956000000012,-0.0038165199999994,3.677348142748925,1.0,0.0,0.49,0.0,3000.49,0.0,0.0,0.0,0.05401493744611888,0.0,3.5402828697647464,0.0,0.0
36.0653526,36.6465471,0.0123904999999733,0.0843685000000424,3.527210000000012,-0.010883078997816,0.1429024947160392,3.638729357128572,0.0368795600000001,-0.0405956000000012,-0.0034165199999994,3.641550617365335,1.0,0.0,0.0,0.0,2963.83,0.0,0.0,0.0,0.0,0.0,3.40698276165519,0.0,0.0
36.1761781,36.7573726,-0.0276095000000267,-0.0106314999999574,3.647210000000012,-0.014881650763548,0.1061990842093749,3.6407567160678527,0.0384795600000001,-0.0433956000000012,-0.0042165199999994,3.6423356757181966,1.0,0.0,0.49,0.0,2980.94,0.0,0.0,0.0,0.05401493744611888,0.0,3.468021987610713,0.0,0.0
36.2953674,36.8765619,0.0223904999999735,0.0443685000000424,3.677210000000012,-0.0059714738840215,0.091418036414065,3.649471136916167,0.0380795600000001,-0.0425956000000012,-0.0022165199999994,3.650620836935319,1.0,0.0,0.0,0.0,2993.16,0.0,0.0,0.0,0.0,0.0,3.512864975146364,0.0,0.0
36.4053865,36.986581,-0.1326095000000267,0.0793685000000423,3.677210000000012,-0.0362452088108515,0.0885375076931329,3.6561023125111074,0.0392795600000001,-0.0425956000000012,-0.0022165199999994,3.6573537872318727,1.0,0.0,0.0,0.0,3010.75,0.0,0.0,0.0,0.0,0.0,3.5793364395319034,0.0,0.0
36.5161379,37.0973324,-0.0826095000000264,0.1093685000000423,3.6872100000000128,-0.0473289275372132,0.0935173068790783,3.663538829915154,0.0396795600000001,-0.0441956000000012,-0.0038165199999994,3.665037826866707,1.0,0.0,0.0,0.0,2998.53,0.0,0.0,0.0,0.0,0.0,3.53291258965897,0.0,0.0
36.6261576,37.2073521,-0.1076095000000263,-0.0056314999999576,3.627210000000012,-0.0617394338278362,0.0698150683822636,3.654854160698615,0.0396795600000001,-0.0449956000000012,-0.0038165199999994,3.656042236823664,1.0,0.0,0.0,0.0,3029.33,0.0,0.0,0.0,0.0,0.0,3.6521493885492466,0.0,0.0
36.7361864,37.3173809,-0.1726095000000267,0.0093685000000423,3.647210000000012,-0.0882437240284933,0.0553648795680162,3.653026768865173,0.0404795600000001,-0.0445956000000012,-0.0038165199999994,3.654511841377111,1.0,0.0,0.0,0.0,3007.82,0.0,0.0,0.0,0.0,0.0,3.5681019522626967,0.0,0.0
36.8469924,37.4281869,-0.1026095000000264,0.0743685000000424,3.667210000000012,-0.0916779665472612,0.0599078323070477,3.656417372722097,0.0396795600000001,-0.0433956000000012,-0.0022165199999994,3.658057107463733,1.0,0.0,0.0,0.0,3017.11,0.0,0.0,0.0,0.0,0.0,3.603951715182293,0.0,0.0
36.9570035,37.538198,-0.0626095000000264,0.0493685000000423,3.677210000000012,-0.084728939639859,0.0573883287870246,3.661388000470727,0.0400795600000001,-0.0437956000000012,-0.0018165199999994,3.662817836513916,1.0,0.0,0.0,0.0,3015.64,0.0,0.0,0.0,0.0,0.0,3.598234210488568,0.0,0.0
37.0678222,37.6490167,-0.1126095000000266,-0.0056314999999576,3.8172100000000126,-0.0913939889922709,0.0423229834847877,3.698638375055664,0.0408795600000001,-0.0453956000000012,-0.0034165199999994,3.700009449391903,1.0,0.0,0.0,0.0,3035.68,0.0,0.0,0.0,0.0,0.0,3.6776769336834216,0.0,0.0
37.1786812,37.7598757,-0.0726095000000266,0.1193685000000424,4.162210000000012,-0.0869034212068395,0.0607412707545759,3.809458520659555,0.0428795600000001,-0.0489956000000012,-0.0026165199999994,3.810933734298724,1.0,0.0,0.0,0.0,3056.21,0.0,0.0,0.0,0.0,0.0,3.762570089333329,0.0,0.0
37.2886636,37.8698581,0.1073904999999735,0.0293685000000423,4.442210000000013,-0.0404560558387049,0.0532413832810225,3.96072233254624,0.0480795600000001,-0.0509956000000012,0.0005834800000005,3.961286752165037,1.0,0.0,0.0,0.49,3092.38,0.0,0.0,0.0,0.0,0.00754893254491928,3.9215967012616297,0.0,0.0
37.398674,37.9798685,0.7823904999999736,0.6243685000000425,4.482210000000013,0.1562513572577066,0.1897734461326489,4.085387726474952,0.0396795600000001,-0.0417956000000012,-0.0010165199999994,4.092776725297156,1.0,0.0,0.0,0.0,3108.02,0.0,0.0,0.0,0.0,0.0,3.994442102979667,0.0,0.0
37.5103641,38.0915586,1.3023904999999736,0.7693685000000423,4.432210000000012,0.4302441985932073,0.3283298305286752,4.168298096270199,0.0376795600000001,-0.0389956000000012,0.0049834800000005,4.2032867576942525,1.0,0.0,0.0,0.0,3117.3,0.0,0.0,0.0,0.0,0.0,4.038921778118068,0.0,0.0
37.6203312,38.2015257,1.1523904999999734,0.5943685000000425,4.502210000000012,0.6028784884482361,0.3919282962255819,4.248122148906408,0.0428795600000001,-0.0421956000000012,0.0065834800000005,4.30855103871883,1.0,0.0,0.0,0.0,3111.93,0.0,0.0,0.0,0.0,0.0,4.013066021821735,0.0,0.0
37.7303432,38.3115377,1.2073904999999734,0.6943685000000424,4.5722100000000125,0.7473914515691067,0.4642288116481552,4.325597690794799,0.0408795600000001,-0.0417956000000012,0.0045834800000005,4.414170109324304,1.0,0.0,0.0,0.0,3110.46,0.0,0.0,0.0,0.0,0.0,4.006044382779935,0.0,0.0
37.840865,38.4220595,0.9023904999999734,0.5743685000000425,4.637210000000012,0.7844450937492883,0.4905584997549038,4.400090864276312,0.0436795600000001,-0.0441956000000012,0.0025834800000005,4.496309749191773,1.0,0.0,0.0,0.0,3129.03,0.0,0.0,0.0,0.0,0.0,4.096548400304196,0.0,0.0
37.9520783,38.5332728,0.7273904999999734,0.4543685000000423,4.627210000000012,0.7708057809733414,0.4819070188910351,4.454385334291279,0.0448795600000001,-0.0473956000000012,0.0033834800000005,4.5461989214273935,1.0,0.0,0.0,0.0,3139.3,0.0,0.0,0.0,0.0,0.0,4.148343282338414,0.0,0.0
38.062872,38.6440665,0.6523904999999734,0.5043685000000424,4.557210000000012,0.7424977526707686,0.4872765982031383,4.478966313394306,0.0432795600000001,-0.0469956000000012,0.0009834800000005,4.566166951875341,1.0,0.0,0.0,0.0,3143.69,0.0,0.0,0.0,0.0,0.0,4.170878956088664,0.0,0.0
38.1820004,38.7631949,0.7273904999999734,0.4243685000000423,4.472210000000012,0.7388862547909031,0.4722379629040776,4.477351167872422,0.0428795600000001,-0.0453956000000012,0.0009834800000005,4.562415486513176,1.0,0.0,0.0,0.0,3142.72,0.0,0.0,0.0,0.0,0.0,4.165878785107687,0.0,0.0
38.2920355,38.87323,0.2873904999999732,0.2793685000000423,4.497210000000012,0.6309529331785713,0.4261311245829543,4.4820985651449945,0.0448795600000001,-0.0485956000000012,0.0025834800000005,4.546305850567006,1.0,0.0,0.0,0.0,3141.25,0.0,0.0,0.0,0.0,0.0,4.15832371372714,0.0,0.0
38.4028671,38.9840616,0.3773904999999735,0.2493685000000423,4.382210000000012,0.570337001890925,0.3838747423120249,4.45821948209098,0.0420795600000001,-0.0465956000000012,-0.0010165199999994,4.510916211148975,1.0,0.0,0.0,0.0,3137.34,0.0,0.0,0.0,0.0,0.0,4.138359132110854,0.0,0.0
38.5137888,39.0949833,0.3873904999999733,0.3793685000000424,4.342210000000012,0.5266023190795865,0.3827974925360053,4.430486577389799,0.0412795600000001,-0.0449956000000012,0.0001834800000005,4.478063781946728,1.0,0.0,0.49,0.0,3132.45,0.0,0.0,0.0,0.05401493744611888,0.0,4.113654727126991,0.0,0.0
38.6237329,39.2049274,0.1973904999999733,0.2493685000000423,4.312210000000013,0.44790185563059,0.3509003280311867,4.402211707180822,0.0420795600000001,-0.0481956000000012,-0.0006165199999994,4.438830367036975,1.0,0.0,0.0,0.0,3131.96,0.0,0.0,0.0,0.0,0.0,4.111195213714179,0.0,0.0
38.7345235,39.315718,0.3773904999999735,0.2293685000000425,4.2822100000000125,0.4310456067205089,0.3218472666417297,4.373524432233635,0.0420795600000001,-0.0461956000000012,0.0001834800000005,4.406484078884473,1.0,0.0,0.49,0.0,3130.01,0.0,0.0,0.0,0.05401493744611888,0.0,4.10143591507563,0.0,0.0
38.8445333,39.4257278,0.3173904999999735,0.3143685000000424,4.272210000000013,0.4038755324587213,0.3200594134523357,4.349304485352172,0.0416795600000001,-0.0457956000000012,0.0001834800000005,4.379726359050618,1.0,0.0,0.0,0.0,3133.92,0.0,0.0,0.0,0.0,0.0,4.121050652169653,0.0,0.0
38.9545486,39.5357431,0.2923904999999736,0.1793685000000424,4.212210000000012,0.3772242301249856,0.2864262342951789,4.316531058311548,0.0416795600000001,-0.0457956000000012,-0.0002165199999994,4.342439232142935,1.0,0.0,0.0,0.0,3130.99,0.0,0.0,0.0,0.0,0.0,4.1063348930887456,0.0,0.0
39.0645533,39.6457478,0.2023904999999732,0.1993685000000424,4.212210000000012,0.3354289640077998,0.2656144540407466,4.291592355747463,0.0424795600000001,-0.0465956000000012,-0.0006165199999994,4.312867790229695,1.0,0.0,0.0,0.0,3129.03,0.0,0.0,0.0,0.0,0.0,4.096548400304196,0.0,0.0
39.174539,39.7557335,0.2773904999999734,0.2193685000000425,4.212210000000012,0.32155444993946,0.2545590246645484,4.272615430178801,0.0408795600000001,-0.0449956000000012,-0.0002165199999994,4.292253507834319,1.0,0.0,0.0,0.0,3128.06,0.0,0.0,0.0,0.0,0.0,4.091722002942507,0.0,0.0
39.2845441,39.8657386,0.1823904999999732,0.1893685000000424,4.162210000000012,0.2882863024402294,0.2389747588325275,4.246222214568716,0.0416795600000001,-0.0461956000000012,0.0001834800000005,4.262701141650746,1.0,0.49,0.0,0.0,3111.44,0.0,0.0,0.06888849700996072,0.0,0.0,4.010722811975754,0.0,0.0
39.3961981,39.9773926,0.2123904999999735,0.2543685000000424,4.142210000000013,0.2701428626251566,0.2426547438570151,4.221357343332323,0.0412795600000001,-0.0445956000000012,-0.0002165199999994,4.236946578734426,1.0,0.0,0.0,0.0,3111.93,0.0,0.0,0.0,0.0,0.0,4.013066021821735,0.0,0.0
39.5062257,40.0874202,0.2323904999999735,0.1443685000000423,4.172210000000012,0.2611178876312364,0.2191587072814441,4.20960831588746,0.0416795600000001,-0.0445956000000012,0.0013834800000005,4.2233890731741885,1.0,0.0,0.49,0.0,3111.93,0.0,0.0,0.0,0.05401493744611888,0.0,4.013066021821735,0.0,0.0
39.6167164,40.1979109,0.2573904999999734,0.2043685000000423,4.142210000000013,0.2602268286927858,0.2156230013921256,4.19349626161537,0.0412795600000001,-0.0445956000000012,-0.0002165199999994,4.207091890758144,1.0,0.0,0.0,0.0,3112.9,0.0,0.0,0.0,0.0,0.0,4.017712500741582,0.0,0.0
39.7287309,40.3099254,0.2273904999999736,0.1393685000000424,4.142210000000013,0.2523770671219142,0.1973938120015168,4.181235910304231,0.0420795600000001,-0.0457956000000012,-0.0002165199999994,4.193494037034416,1.0,0.0,0.0,0.0,3114.37,0.0,0.0,0.0,0.0,0.0,4.024774104544635,0.0,0.0
39.8392197,40.4204142,0.2623904999999733,0.1593685000000424,4.042210000000012,0.254770850584555,0.1883035864875142,4.148000762176956,0.0404795600000001,-0.0445956000000012,-0.0006165199999994,4.1600813393505,1.0,0.0,0.0,0.0,3112.41,0.0,0.0,0.0,0.0,0.0,4.0153640000563495,0.0,0.0
39.9500325,40.531227,-0.0676095000000267,0.0743685000000424,4.042210000000012,0.1777034990271646,0.1610665810399756,4.122710716287277,0.0428795600000001,-0.0477956000000012,-0.0002165199999994,4.129680935288386,1.0,0.0,0.49,0.0,3111.44,0.0,0.0,0.0,0.05401493744611888,0.0,4.010722811975754,0.0,0.0
40.0609432,40.6421377,0.0573904999999732,0.1393685000000424,4.052210000000012,0.1489418075154487,0.1558794980288894,4.105857010789078,0.0408795600000001,-0.0465956000000012,-0.0018165199999994,4.111513574461057,1.0,0.0,0.0,0.0,3107.04,0.0,0.0,0.0,0.0,0.0,3.9898005641065826,0.0,0.0
40.171732,40.7529265,-0.0626095000000264,0.1243685000000422,4.062210000000013,0.0983689392895883,0.1483465663269113,4.095422877570939,0.0420795600000001,-0.0473956000000012,-0.0014165199999994,4.099289169854862,1.0,0.0,0.49,0.0,3105.08,0.0,0.0,0.0,0.05401493744611888,0.0,3.98054889298527,0.0,0.0
40.2825938,40.8637883,0.1023904999999736,0.1643685000000423,4.042210000000012,0.0993303224275948,0.1521767253076846,4.082701954798497,0.0404795600000001,-0.0465956000000012,-0.0022165199999994,4.086744366900676,1.0,0.0,0.0,0.0,3112.41,0.0,0.0,0.0,0.0,0.0,4.0153640000563495,0.0,0.0
40.3942405,40.975435,-0.0976095000000265,0.1293685000000424,4.112210000000013,0.0522504352596657,0.1467242542901526,4.08975606615855,0.0424795600000001,-0.0497956000000012,-0.0030165199999994,4.092720708216294,1.0,0.0,0.49,0.0,3118.77,0.49,0.0,0.0,0.05401493744611888,0.0,4.046056410692408,0.005926265570176409,0.0
40.5050688,41.0862633,0.0623904999999735,0.1693685000000424,4.092210000000012,0.0546744909837163,0.1521375248003171,4.090342696769614,0.0400795600000001,-0.0465956000000012,-0.0014165199999994,4.093536185675316,1.0,0.0,0.0,0.0,3118.77,0.0,0.0,0.0,0.0,0.0,4.046056410692408,0.0,0.0
40.6159057,41.1971002,0.0123904999999733,0.1193685000000424,4.062210000000013,0.0445661974959633,0.1443038527111337,4.083617372387192,0.0400795600000001,-0.0469956000000012,-0.0026165199999994,4.086409254092032,1.0,0.0,0.0,0.0,3112.9,0.0,0.0,0.0,0.0,0.0,4.017712500741582,0.0,0.0
40.7267444,41.3079389,0.0573904999999732,0.2393685000000425,4.052210000000012,0.0476319396473155,0.1670297433555495,4.076109213143405,0.0404795600000001,-0.0473956000000012,-0.0006165199999994,4.079808090377846,1.0,0.0,0.0,0.0,3115.35,0.0,0.0,0.0,0.0,0.0,4.029495309510039,0.0,0.0
40.8379092,41.4191037,-0.0026095000000263,0.2043685000000423,4.0322100000000125,0.035621360575018,0.1759558428520571,4.065614789130652,0.0396795600000001,-0.0465956000000012,-0.0022165199999994,4.069576507888857,1.0,0.0,0.0,0.0,3118.77,0.0,0.0,0.0,0.0,0.0,4.046056410692408,0.0,0.0
40.9492217,41.5304162,-0.0076095000000266,0.1293685000000424,3.952210000000013,0.025286711071647,0.1648188020144552,4.038504555096925,0.0404795600000001,-0.0465956000000012,-0.0022165199999994,4.041945533625226,1.0,0.0,0.0,0.0,3113.88,0.0,0.0,0.0,0.0,0.0,4.022417547898317,0.0,0.0
41.0597125,41.640907,0.0273904999999734,0.1693685000000424,3.972210000000012,0.0257896370119157,0.1659064401831568,4.022656362814951,0.0392795600000001,-0.0457956000000012,-0.0030165199999994,4.026158748182573,1.0,0.0,0.0,0.0,3113.88,0.0,0.0,0.0,0.0,0.0,4.022417547898317,0.0,0.0
41.1787662,41.7599607,0.2123904999999735,0.2993685000000423,4.0722100000000125,0.0703979212411992,0.1978115096603451,4.034502517740223,0.0376795600000001,-0.0441956000000012,-0.0034165199999994,4.039962354567352,1.0,0.0,0.0,0.0,3108.99,0.0,0.0,0.0,0.0,0.0,3.999046639996676,0.0,0.0
41.2887589,41.8699534,0.2323904999999735,0.3593685000000424,4.002210000000012,0.1091234173648075,0.2364328752258519,4.026782758105849,0.0376795600000001,-0.0441956000000012,-0.0026165199999994,4.035193651571568,1.0,0.0,0.0,0.0,3097.75,0.0,0.0,0.0,0.0,0.0,3.9463158627606836,0.0,0.0
41.399573,41.9807675,0.0973904999999732,0.1893685000000424,4.012210000000012,0.1063185787147166,0.2251817963533982,4.023299035012718,0.0384795600000001,-0.0449956000000012,-0.0018165199999994,4.030998090637494,1.0,0.0,0.0,0.0,3105.08,0.0,0.0,0.0,0.0,0.0,3.98054889298527,0.0,0.0
41.509583,42.0907775,0.1673904999999735,0.3243685000000424,3.9822100000000127,0.1209182626577406,0.2488930943462611,4.013476404381738,0.0380795600000001,-0.0441956000000012,-0.0026165199999994,4.023004082422286,1.0,0.0,0.0,0.0,3105.08,0.0,0.0,0.0,0.0,0.0,3.98054889298527,0.0,0.0
41.6195647,42.2007592,0.1223904999999736,0.2993685000000423,3.952210000000013,0.1212702116292708,0.2609596046824773,3.998830227849633,0.0380795600000001,-0.0449956000000012,-0.0018165199999994,4.009170683653739,1.0,0.0,0.0,0.0,3108.99,0.0,0.0,0.0,0.0,0.0,3.999046639996676,0.0,0.0
41.7304929,42.3116874,0.2323904999999735,0.2843685000000424,3.952210000000013,0.14783431925399,0.2665556702048877,3.987685325615805,0.0380795600000001,-0.0445956000000012,-0.0034165199999994,3.999317587714096,1.0,0.49,0.0,0.0,3105.08,0.0,0.0,0.06888849700996072,0.0,0.0,3.98054889298527,0.0,0.0
41.8403796,42.4215741,0.2073904999999736,0.1993685000000424,3.952210000000013,0.1620716544719812,0.2504940918334586,3.979204692767409,0.0380795600000001,-0.0441956000000012,-0.0022165199999994,3.9903739797378543,1.0,0.0,0.0,0.0,3107.53,0.0,0.0,0.0,0.0,0.0,3.9921200208372336,0.0,0.0
41.9512465,42.532441,0.1623904999999732,0.1243685000000422,3.952210000000013,0.1621478767986636,0.2203428580235072,3.972751416462211,0.0384795600000001,-0.0449956000000012,-0.0014165199999994,3.982159806692191,1.0,0.0,0.0,0.0,3101.66,0.0,0.0,0.0,0.0,0.0,3.9645051450100706,0.0,0.0
42.0612725,42.642467,0.1473904999999735,0.2393685000000425,3.922210000000012,0.158620019273392,0.2248910751718287,3.9606691257654063,0.0380795600000001,-0.0441956000000012,-0.0022165199999994,3.970218662743595,1.0,0.0,0.0,0.0,3106.06,0.0,0.0,0.0,0.0,0.0,3.985169507191941,0.0,0.0
42.1712559,42.7524504,0.0873904999999735,0.1593685000000424,3.972210000000012,0.1415920881567645,0.2092274302674388,3.963428055117971,0.0396795600000001,-0.0453956000000012,0.0009834800000005,3.971471564181359,1.0,0.0,0.0,0.0,3113.39,0.0,0.0,0.0,0.0,0.0,4.0200636816619815,0.0,0.0
42.2812843,42.8624788,0.2823904999999733,0.2443685000000424,3.9822100000000127,0.1752509655807963,0.2176281568324246,3.967918014715481,0.0384795600000001,-0.0425956000000012,0.0005834800000005,3.977744120363567,1.0,0.0,0.49,0.0,3110.46,0.0,0.0,0.0,0.05401493744611888,0.0,4.006044382779935,0.0,0.0
42.3920901,42.9732846,0.0923904999999734,0.1843685000000423,3.932210000000012,0.1554425727319557,0.209677195611831,3.959381755856951,0.0392795600000001,-0.0445956000000012,-0.0006165199999994,3.9679756562244735,1.0,0.0,0.49,0.0,3110.46,0.0,0.0,0.0,0.05401493744611888,0.0,4.006044382779935,0.0,0.0
42.5029024,43.0840969,0.1773904999999733,0.2093685000000424,4.012210000000012,0.1606893832886573,0.209603399695936,3.972010729230018,0.0396795600000001,-0.0445956000000012,0.0005834800000005,3.980781819716344,1.0,0.0,0.0,0.0,3110.95,0.0,0.0,0.0,0.0,0.0,4.008382267304608,0.0,0.0
42.6137486,43.1949431,0.1573904999999733,0.1243685000000422,3.992210000000013,0.1599007614086488,0.1892273812199002,3.9768395108192536,0.0396795600000001,-0.0445956000000012,0.0001834800000005,3.984548625643252,1.0,0.0,0.0,0.0,3113.88,0.0,0.0,0.0,0.0,0.0,4.022417547898317,0.0,0.0
42.7331933,43.3143878,0.1623904999999732,0.0293685000000423,3.977210000000013,0.1604959514038072,0.1510119609059702,3.976928078934184,0.0388795600000001,-0.0441956000000012,-0.0002165199999994,3.983029061878512,1.0,0.0,0.0,0.0,3112.41,0.0,0.0,0.0,0.0,0.0,4.0153640000563495,0.0,0.0
42.8437366,43.4249311,0.0173904999999736,0.0943685000000424,3.992210000000013,0.1262855595076525,0.1374709324060985,3.9805813325556185,0.0400795600000001,-0.0457956000000012,0.0005834800000005,3.984955965238139,1.0,0.0,0.98,0.0,3114.37,0.0,0.0,0.0,0.08575705582568133,0.0,4.024774104544635,0.0,0.0
42.9545797,43.5357742,0.1373904999999733,0.1893685000000424,4.052210000000012,0.1289402757501086,0.1498774208272548,3.997704682925809,0.0396795600000001,-0.0445956000000012,0.0009834800000005,4.0025906070782815,1.0,0.49,0.98,0.0,3112.9,0.0,0.0,0.06888849700996072,0.08575705582568133,0.0,4.017712500741582,0.0,0.0
43.0645664,43.6457609,0.1373904999999733,0.1643685000000423,4.022210000000013,0.1309603628981689,0.153341617981424,4.003562855989268,0.0392795600000001,-0.0445956000000012,-0.0006165199999994,4.00863814908661,1.0,0.0,0.0,0.0,3115.84,0.0,0.0,0.0,0.0,0.0,4.031859968084,0.0,0.0
43.1745637,43.7557582,0.1673904999999735,0.0593685000000423,4.052210000000012,0.1396692503294831,0.1308766653027553,4.0151923071730655,0.0404795600000001,-0.0457956000000012,-0.0006165199999994,4.019751915801538,1.0,0.0,0.0,0.0,3118.28,0.0,0.0,0.0,0.0,0.0,4.043675464818104,0.0,0.0
43.2845916,43.8657861,0.1173904999999733,0.0293685000000423,4.062210000000013,0.1343433541301947,0.1066104051316739,4.026432226280855,0.0412795600000001,-0.0469956000000012,0.0013834800000005,4.030083173845708,1.0,0.0,0.49,0.0,3120.72,0.0,0.0,0.0,0.05401493744611888,0.0,4.05555882371102,0.0,0.0
43.3945997,43.9757942,0.0973904999999732,0.0943685000000424,4.062210000000013,0.1255095074173332,0.1036838892792006,4.034985161533128,0.0412795600000001,-0.0461956000000012,0.0009834800000005,4.0382679751523085,1.0,0.0,0.0,0.0,3123.17,0.0,0.0,0.0,0.0,0.0,4.067559818765003,0.0,0.0
43.5054622,44.0866567,0.0223904999999735,-0.0706314999999575,4.052210000000012,0.1008581638026492,0.0620125362855087,4.039102883594164,0.0424795600000001,-0.0469956000000012,0.0017834800000005,4.040837787900041,1.0,0.0,0.0,0.0,3124.63,0.0,0.0,0.0,0.0,0.0,4.07474455166468,0.0,0.0
43.6154761,44.1966706,0.0723904999999733,-0.0406314999999575,4.042210000000012,0.0940527631312991,0.0374747379509104,4.039845662215581,0.0416795600000001,-0.0461956000000012,0.0005834800000005,4.041114110336303,1.0,0.0,0.0,0.49,3119.75,0.0,0.0,0.0,0.0,0.00754893254491928,4.0508265336346145,0.0,0.0
43.7254947,44.3066892,0.0073904999999734,0.0193685000000423,4.022210000000013,0.0733355231153054,0.0331463109763414,4.035629729769791,0.0416795600000001,-0.0461956000000012,0.0001834800000005,4.036432099352562,1.0,0.49,0.49,0.0,3119.26,0.0,0.0,0.06888849700996072,0.05401493744611888,0.0,4.048440098550324,0.0,0.0
43.8370928,44.4182873,0.1073904999999735,0.0993685000000423,4.0722100000000125,0.0814766113394803,0.0489772036257695,4.044374507609957,0.0404795600000001,-0.0453956000000012,0.0013834800000005,4.045491609492677,1.0,0.0,0.0,0.0,3119.75,0.0,0.0,0.0,0.0,0.0,4.0508265336346145,0.0,0.0
43.9471297,44.5283242,0.0723904999999733,0.0293685000000423,4.0322100000000125,0.0793045107892402,0.0442896013783983,4.0414664941941325,0.0416795600000001,-0.0461956000000012,0.0005834800000005,4.042487130210261,1.0,0.0,0.0,0.0,3123.17,0.0,0.0,0.0,0.0,0.0,4.067559818765003,0.0,0.0
44.0579521,44.6391466,0.0973904999999732,0.0443685000000424,4.022210000000013,0.0836280971562109,0.0443084626638353,4.036863090155611,0.0416795600000001,-0.0457956000000012,0.0009834800000005,4.037972326200157,1.0,0.0,0.0,0.0,3123.17,0.0,0.0,0.0,0.0,0.0,4.067559818765003,0.0,0.0
44.1688132,44.7500077,0.0573904999999732,-0.0256314999999576,4.027210000000013,0.077355810025825,0.0275888093699937,4.03455544922375,0.0408795600000001,-0.0453956000000012,0.0009834800000005,4.035391274289057,1.0,0.0,0.0,0.0,3115.84,0.0,0.0,0.0,0.0,0.0,4.031859968084,0.0,0.0
44.2787952,44.8599897,0.0273904999999734,0.0793685000000423,4.062210000000013,0.0654112417341977,0.0399671184514335,4.041166469352524,0.0420795600000001,-0.0461956000000012,0.0009834800000005,4.041893421915237,1.0,0.0,0.0,0.0,3118.77,0.0,0.0,0.0,0.0,0.0,4.046056410692408,0.0,0.0
44.3893081,44.9705026,0.2723904999999735,0.0193685000000423,4.057210000000012,0.1148911285602136,0.035042869914228,4.045001791246024,0.0416795600000001,-0.0449956000000012,0.0013834800000005,4.046784830620132,1.0,0.0,0.0,0.0,3123.17,0.0,0.0,0.0,0.0,0.0,4.067559818765003,0.0,0.0
44.5087617,45.0899562,0.1223904999999736,-0.0156314999999576,4.087210000000012,0.1166839074754279,0.0229287957343218,4.055091968444333,0.0416795600000001,-0.0449956000000012,-0.0002165199999994,4.056835187246247,1.0,0.0,0.0,0.0,3126.59,0.0,0.49,0.0,0.0,0.0,4.08442899925375,0.0,0.010519114903947972
44.6188019,45.1999964,0.0623904999999735,-0.0006314999999577,4.007210000000012,0.103704676223982,0.0172965368486382,4.043645438007019,0.0412795600000001,-0.0441956000000012,0.0009834800000005,4.045012022030671,1.0,0.0,0.0,0.0,3120.72,0.0,0.0,0.0,0.0,0.0,4.05555882371102,0.0,0.0
44.729608,45.3108025,0.0123904999999733,-0.0056314999999576,4.002210000000012,0.0818753627795734,0.0118154240167693,4.033739997237971,0.0412795600000001,-0.0461956000000012,-0.0010165199999994,4.034588150554201,1.0,0.0,0.0,0.0,3122.19,0.0,0.0,0.0,0.0,0.0,4.0627510894575405,0.0,0.0
44.8412935,45.422488,0.0323904999999733,0.0043685000000424,3.927210000000012,0.0700456488727263,0.0100351830368908,4.00827323186701,0.0416795600000001,-0.0457956000000012,0.0001834800000005,4.00889777858281,1.0,0.0,0.49,0.0,3118.77,0.0,0.0,0.0,0.05401493744611888,0.0,4.046056410692408,0.0,0.0
44.951356,45.5325505,0.0923904999999734,0.0143685000000424,4.002210000000012,0.0753873469452001,0.0110710937591269,4.006823772490778,0.0416795600000001,-0.0473956000000012,0.0001834800000005,4.007548198711239,1.0,0.0,0.0,0.0,3123.17,0.0,0.0,0.0,0.0,0.0,4.067559818765003,0.0,0.0
45.0621532,45.6433477,0.1723904999999734,0.0593685000000423,3.987210000000013,0.0985766513959569,0.0226169376026777,4.002134958494604,0.0404795600000001,-0.0441956000000012,-0.0002165199999994,4.003412682708538,1.0,0.0,0.49,0.0,3127.57,0.0,0.0,0.0,0.05401493744611888,0.0,4.089288165258707,0.0,0.0
45.1721268,45.7533213,0.0523904999999733,0.0643685000000424,4.0322100000000125,0.0875355182739701,0.0325979501908001,4.009324614416863,0.0416795600000001,-0.0465956000000012,-0.0010165199999994,4.010412566941842,1.0,0.0,0.0,0.0,3126.59,0.0,0.0,0.0,0.0,0.0,4.08442899925375,0.0,0.0
45.2821421,45.8633366,0.1523904999999734,0.0243685000000424,3.997210000000013,0.1030395701427104,0.0306306406763551,4.006428528329256,0.0404795600000001,-0.0441956000000012,0.0005834800000005,4.007870374871668,1.0,0.0,0.0,0.0,3130.01,0.0,0.0,0.0,0.0,0.0,4.10143591507563,0.0,0.0
45.3946475,45.975842,0.1073904999999735,-0.0006314999999577,3.967210000000012,0.1040796913545125,0.023157200122149,3.99705305583277,0.0408795600000001,-0.0445956000000012,0.0001834800000005,3.998474955431387,1.0,0.0,0.0,0.0,3128.54,0.0,0.0,0.0,0.0,0.0,4.094108927751107,0.0,0.0
45.5046506,46.0858451,0.1073904999999735,0.0493685000000423,4.022210000000013,0.1048711640772027,0.0294232006981853,4.00306700505992,0.0408795600000001,-0.0445956000000012,-0.0006165199999994,4.004548555429642,1.0,0.0,0.0,0.0,3130.01,0.0,0.49,0.0,0.0,0.0,4.10143591507563,0.0,0.010519114903947972
45.615501,46.1966955,0.1673904999999735,0.0843685000000424,4.012210000000012,0.1198168629448842,0.0425582713997456,4.005252704045785,0.0412795600000001,-0.0449956000000012,0.0001834800000005,4.007270456355118,1.0,0.0,0.0,0.0,3130.5,0.0,0.0,0.0,0.0,0.0,4.1038839683929424,0.0,0.0
45.7263058,46.3075003,0.0373904999999732,-0.0656314999999576,3.907210000000013,0.1001122454669469,0.0166947250258575,3.9818148874213177,0.0420795600000001,-0.0441956000000012,0.0001834800000005,3.983108205061239,1.0,0.0,0.0,0.0,3118.77,0.0,0.0,0.0,0.0,0.0,4.046056410692408,0.0,0.0
45.8363413,46.4175358,0.1523904999999734,-0.0006314999999577,3.947210000000013,0.1126097398508251,0.0125527657755321,3.97354233911102,0.0412795600000001,-0.0437956000000012,0.0001834800000005,3.975157512117698,1.0,0.0,0.0,0.49,3120.23,0.0,0.0,0.0,0.0,0.00754893254491928,4.053166934723816,0.0,0.0
45.9462926,46.5274871,-0.0326095000000266,-0.0306314999999575,3.947210000000013,0.0778940315572258,0.0022292550955774,3.967247403231968,0.0420795600000001,-0.0449956000000012,0.0009834800000005,3.9680126522204175,1.0,0.0,0.0,0.0,3121.21,0.0,0.0,0.0,0.0,0.0,4.057953475628019,0.0,0.0
46.0571559,46.6383504,-0.0076095000000266,-0.1406314999999576,3.947210000000013,0.0574537946942402,-0.0319226403804876,3.962457317246969,0.0420795600000001,-0.0445956000000012,-0.0006165199999994,3.963002395217252,1.0,0.0,0.0,0.0,3122.68,0.0,0.0,0.0,0.0,0.0,4.065154062008194,0.0,0.0
46.1671598,46.7483543,-0.0926095000000266,0.0343685000000424,3.967210000000012,0.0215800800987562,-0.0160752644111317,3.963593480390614,0.0416795600000001,-0.0445956000000012,-0.0010165199999994,3.963684824980152,1.0,0.0,0.0,0.0,3122.19,0.0,0.0,0.0,0.0,0.0,4.0627510894575405,0.0,0.0
46.2780628,46.8592573,0.0823904999999736,-0.0406314999999575,3.8972100000000127,0.0361172502469414,-0.0219456099133263,3.947724029874822,0.0416795600000001,-0.0441956000000012,-0.0006165199999994,3.947950237985653,1.0,0.0,0.0,0.0,3124.15,0.0,0.0,0.0,0.0,0.0,4.072379706328635,0.0,0.0
46.3905094,46.9717039,-0.0376095000000265,-0.1556314999999575,3.947210000000013,0.0184923380270626,-0.05390418763336,3.947601147320097,0.0424795600000001,-0.0457956000000012,-0.0010165199999994,3.948012467854309,1.0,0.0,0.0,0.0,3128.54,0.0,0.0,0.0,0.0,0.0,4.094108927751107,0.0,0.0
46.5004756,47.0816701,0.1473904999999735,0.0243685000000424,3.987210000000013,0.0493063747568275,-0.0351925362431722,3.9570699296721625,0.0416795600000001,-0.0441956000000012,-0.0002165199999994,3.957533583118978,1.0,0.0,0.0,0.0,3126.1,0.0,0.0,0.0,0.0,0.0,4.082003659980097,0.0,0.0
46.6121579,47.1933524,0.0273904999999734,-0.0206314999999575,4.052210000000012,0.0440672265844544,-0.0317116153459746,3.979813850738864,0.0428795600000001,-0.0461956000000012,-0.0006165199999994,3.980184145682157,1.0,0.0,0.0,0.0,3131.48,0.0,0.0,0.0,0.0,0.0,4.108788694749758,0.0,0.0
46.7221582,47.3033527,0.0073904999999734,0.0193685000000423,4.092210000000012,0.03529939015604,-0.0195005447896421,4.006682962125766,0.0424795600000001,-0.0453956000000012,0.0005834800000005,4.006885907682097,1.0,0.0,0.0,0.0,3137.83,0.0,0.0,0.0,0.0,0.0,4.14085072903857,0.0,0.0
46.8321626,47.4133571,0.0673904999999734,-0.0706314999999575,4.017210000000013,0.0429710017779164,-0.0317237689827826,4.009199526572829,0.0428795600000001,-0.0461956000000012,-0.0006165199999994,4.009555305564953,1.0,0.0,0.0,0.0,3143.69,0.49,0.0,0.0,0.0,0.0,4.170878956088664,0.005926265570176409,0.0
46.9426578,47.5238523,0.0623904999999735,0.0243685000000424,3.987210000000013,0.0476133731067941,-0.0183145068937245,4.003942771401817,0.0412795600000001,-0.0441956000000012,0.0013834800000005,4.004267744684693,1.0,0.0,0.0,0.0,3129.52,0.0,0.0,0.0,0.0,0.0,4.0989907275650115,0.0,0.0
47.0534992,47.6346937,0.1223904999999736,0.0843685000000424,4.017210000000013,0.0654893854514617,0.0062326076462965,4.00711439823551,0.0420795600000001,-0.0445956000000012,0.0009834800000005,4.007654364531854,1.0,0.0,0.0,0.0,3132.45,0.49,0.0,0.0,0.0,0.0,4.113654727126991,0.005926265570176409,0.0
47.1643187,47.7455132,0.1423904999999736,-0.0006314999999577,4.007210000000012,0.0838731523879965,0.0045916931298181,4.0071372525279045,0.0416795600000001,-0.0445956000000012,0.0005834800000005,4.008017558586063,1.0,0.0,0.0,0.0,3133.43,0.0,0.0,0.0,0.0,0.0,4.118582440700471,0.0,0.0
47.2755119,47.8567064,0.0923904999999734,-0.0056314999999576,4.042210000000012,0.0859092858606428,0.002147764963778,4.015521646162985,0.0420795600000001,-0.0457956000000012,0.0005834800000005,4.016441099916058,1.0,0.0,0.0,0.0,3136.36,0.0,0.0,0.0,0.0,0.0,4.133384784686406,0.0,0.0
47.3946848,47.9758793,0.1373904999999733,-0.0806314999999575,3.977210000000013,0.0982162419808984,-0.017641216290986,4.0063629703993096,0.0420795600000001,-0.0453956000000012,-0.0002165199999994,4.0076055061954206,1.0,0.0,0.0,0.0,3141.74,0.49,0.0,0.0,0.0,0.0,4.160839065479157,0.005926265570176409,0.0
47.5055213,48.0867158,0.0123904999999733,-0.0056314999999576,3.977210000000013,0.0776989783886112,-0.0147702068581007,3.999393742235649,0.0416795600000001,-0.0449956000000012,0.0005834800000005,4.000175695602248,1.0,0.0,0.0,0.0,3141.25,0.0,0.0,0.0,0.0,0.0,4.15832371372714,0.0,0.0
47.6163503,48.1975448,0.1123904999999734,0.0493685000000423,4.102210000000013,0.0859922372278536,0.0005626143293867,4.023972711358839,0.0424795600000001,-0.0473956000000012,-0.0014165199999994,4.0248914722212,1.0,0.0,0.0,0.0,3138.32,0.0,0.0,0.0,0.0,0.0,4.143345282505551,0.0,0.0
47.7263647,48.3075592,-0.0176095000000264,0.1243685000000422,4.0322100000000125,0.0612254935649125,0.0301593056244759,4.025941894711478,0.0420795600000001,-0.0469956000000012,-0.0022165199999994,4.02652036929792,1.0,0.49,0.0,0.0,3145.16,0.0,0.0,0.06888849700996072,0.0,0.0,4.178479161007153,0.0,0.0
47.8371971,48.4183916,0.2373904999999734,0.1943685000000423,4.052210000000012,0.1033390109006372,0.0694146997232467,4.032221475031268,0.0408795600000001,-0.0445956000000012,0.0001834800000005,4.034142706377022,1.0,0.0,0.49,0.0,3142.72,0.0,0.0,0.0,0.05401493744611888,0.0,4.165878785107687,0.0,0.0
47.9471628,48.5283573,0.2423904999999733,0.1743685000000423,4.212210000000012,0.1365802738236563,0.0945046638248081,4.075249032092079,0.0404795600000001,-0.0445956000000012,-0.0010165199999994,4.078632120729916,1.0,0.0,0.0,0.0,3148.09,0.0,0.0,0.0,0.0,0.0,4.1937097864841,0.0,0.0
48.0571805,48.638375,0.1973904999999733,0.0793685000000423,4.482210000000013,0.1511173976605047,0.0908862545247431,4.172535991198068,0.0448795600000001,-0.0493956000000012,-0.0018165199999994,4.176260693129736,1.0,0.0,0.0,0.0,3152.49,0.0,0.0,0.0,0.0,0.0,4.216789112250635,0.0,0.0
48.1674832,48.7486777,0.2223904999999733,0.1443685000000423,4.512210000000012,0.1681557476238985,0.1036715716405334,4.253737516674973,0.0448795600000001,-0.0489956000000012,-0.0002165199999994,4.258322088686287,1.0,0.0,0.0,0.0,3174.49,0.0,0.0,0.0,0.0,0.0,4.336075024801959,0.0,0.0
48.2780255,48.85922,0.2773904999999734,0.2693685000000423,4.6972100000000125,0.194269104248724,0.1432826192949767,4.3597528172863935,0.0464795600000001,-0.0497956000000012,-0.0018165199999994,4.366430466833782,1.0,0.49,0.49,0.0,3176.44,0.0,0.0,0.06888849700996072,0.05401493744611888,0.0,4.346973387594027,0.0,0.0
48.3880306,48.9692251,0.4323904999999732,0.1893685000000424,4.917210000000012,0.2511937439993196,0.1542997819839831,4.493016983667747,0.0496795600000001,-0.0505956000000012,0.0021834800000005,4.502677907120553,1.0,0.0,0.98,0.0,3190.13,0.0,0.0,0.0,0.08575705582568133,0.0,4.425058032613665,0.0,0.0
48.4988605,49.080055,0.2823904999999733,0.0843685000000424,4.977210000000013,0.2586515538744959,0.1375822038693661,4.608766821843823,0.0520795600000001,-0.0525956000000012,0.0013834800000005,4.618068980350083,1.0,0.0,0.0,0.0,3207.23,0.0,0.0,0.0,0.0,0.0,4.52664783069855,0.0,0.0
48.6097242,49.1909187,0.5223904999999736,0.2693685000000423,5.217210000000012,0.3217002540932615,0.1690866699323015,4.754219558738704,0.0512795600000001,-0.0525956000000012,0.0013834800000005,4.768090285232244,1.0,0.49,0.0,0.0,3215.54,0.0,0.0,0.06888849700996072,0.0,0.0,4.57773926368168,0.0,0.0
48.7196783,49.3008728,0.4173904999999736,0.2343685000000424,5.382210000000012,0.344575698606344,0.1846927629805204,4.904345210080683,0.0536795600000001,-0.0549956000000012,-0.0002165199999994,4.919903024289074,1.0,0.0,0.0,0.0,3230.69,0.0,0.0,0.0,0.0,0.0,4.673965489629702,0.0,0.0
48.8297005,49.410895,0.3523904999999736,0.1793685000000424,5.672210000000012,0.3464438833305741,0.1834199594546341,5.087908834867202,0.0576795600000001,-0.0605956000000012,-0.0002165199999994,5.102987610972932,1.0,0.0,0.49,0.0,3245.36,0.0,0.49,0.0,0.05401493744611888,0.0,4.771165242004669,0.0,0.010519114903947972
48.940548,49.5217425,0.3623904999999734,0.2593685000000423,5.897210000000013,0.3502560372375446,0.2015760066947032,5.2813781244687465,0.0580795600000001,-0.0625956000000012,0.0005834800000005,5.296816692289186,1.0,0.0,0.0,0.0,3259.04,0.0,0.0,0.0,0.0,0.0,4.865624203237698,0.0,0.0
49.0518646,49.6330591,0.2473904999999736,0.2943685000000424,6.082210000000012,0.325665287500309,0.2237587225161909,5.472822769212191,0.0604795600000001,-0.0661956000000012,-0.0006165199999994,5.487067970108638,1.0,0.0,0.0,0.0,3273.7,0.0,0.0,0.0,0.0,0.0,4.971235456509532,0.0,0.0
49.1627244,49.7439189,0.0673904999999734,0.2193685000000425,6.342210000000012,0.2639228338718383,0.2227092081104473,5.680656066846912,0.0632795600000001,-0.0701956000000012,-0.0014165199999994,5.69114294350623,1.0,0.0,0.0,0.0,3289.83,0.0,0.0,0.0,0.0,0.0,5.093081691360589,0.0,0.0
49.2735637,49.8547582,0.1723904999999734,0.2793685000000423,6.522210000000013,0.2420413682658237,0.2362540211213215,5.881835613625147,0.0632795600000001,-0.0705956000000012,-0.0026165199999994,5.8915524416029,1.0,0.0,0.0,0.0,3304.99,0.0,0.0,0.0,0.0,0.0,5.213433231082433,0.0,0.0
49.3843395,49.965534,0.1923904999999734,0.2893685000000423,6.597210000000012,0.2301719695483295,0.248951420975597,6.052851028274121,0.0636795600000001,-0.0713956000000012,-0.0026165199999994,6.062339607449472,1.0,0.0,0.0,0.0,3317.2,0.0,0.0,0.0,0.0,0.0,5.3148009946992065,0.0,0.0
49.4955473,50.0767418,0.2723904999999735,0.2893685000000423,6.707210000000012,0.2402646142230228,0.2586134156736347,6.209280267299658,0.0644795600000001,-0.0717956000000012,-0.0034165199999994,6.219306184896433,1.0,0.0,0.0,0.49,3324.54,0.0,0.0,0.0,0.0,0.00754893254491928,5.3777651908779305,0.0,0.0
49.6060668,50.1872613,0.1073904999999735,0.3193685000000423,7.082210000000012,0.2085000973871312,0.2731373574529389,6.417960425606225,0.0672795600000001,-0.0769956000000012,-0.0062165199999994,6.4271527390668455,1.0,0.0,0.49,0.0,3330.89,0.0,0.0,0.0,0.05401493744611888,0.0,5.433525007758207,0.0,0.0
49.7177234,50.2989179,0.2173904999999734,0.4343685000000423,7.192210000000013,0.2106254123525384,0.3116808267498285,6.6030503792425606,0.0680795600000001,-0.0761956000000012,-0.0038165199999994,6.613757049734096,1.0,0.0,0.0,0.0,3336.75,0.0,0.0,0.0,0.0,0.0,5.486081815627228,0.0,0.0
49.8285403,50.4097348,0.0873904999999735,0.2643685000000424,7.312210000000013,0.1811652163536277,0.300370473274463,6.772580109277646,0.0728795600000001,-0.0805956000000012,-0.0034165199999994,6.781657953142048,1.0,0.0,0.0,0.0,3348.0,0.0,0.0,0.0,0.0,0.0,5.590074231974586,0.0,0.0
49.9393664,50.5205609,0.2523904999999735,0.3093685000000423,7.332210000000012,0.1981921349130069,0.3025215165614547,6.906363677203288,0.0724795600000001,-0.0781956000000012,-0.0026165199999994,6.915826677420201,1.0,0.0,0.0,0.0,3362.66,0.0,0.0,0.0,0.0,0.0,5.732084799705252,0.0,0.0
50.0502209,50.6314154,0.3023904999999733,0.4593685000000425,7.177210000000012,0.22310150677547,0.3400169209539951,6.971111447156237,0.0672795600000001,-0.0721956000000012,-0.0014165199999994,6.982963597036236,1.0,0.0,0.0,0.0,3361.68,0.0,0.0,0.0,0.0,0.0,5.7223507600559005,0.0,0.0
50.1609911,50.7421856,0.2823904999999733,0.2493685000000423,7.067210000000013,0.2372749688863926,0.3183467611160502,6.994084500392075,0.0688795600000001,-0.0745956000000012,-0.0026165199999994,7.005345249864405,1.0,0.49,0.0,0.0,3358.75,0.0,0.0,0.06888849700996072,0.0,0.0,5.6934582148581825,0.0,0.0
50.2805496,50.8617441,0.1973904999999733,0.3943685000000423,6.797210000000012,0.2277402984892184,0.336520306947714,6.947020228928608,0.0648795600000001,-0.0733956000000012,-0.0062165199999994,6.958893706738696,1.0,0.0,0.0,0.0,3355.33,0.0,0.0,0.0,0.0,0.0,5.660126533719866,0.0,0.0
50.3913802,50.9725747,0.1023904999999736,0.2443685000000424,6.747210000000012,0.1977745236822203,0.3144907518280955,6.899254150351922,0.0660795600000001,-0.0737956000000012,-0.0030165199999994,6.909249382266597,1.0,0.0,0.0,0.0,3343.11,0.0,0.0,0.0,0.0,0.0,5.544360439130543,0.0,0.0
50.5013935,51.082588,0.2473904999999736,0.3693685000000424,6.797210000000012,0.209635581227476,0.3276096739440877,6.874859759083083,0.0660795600000001,-0.0713956000000012,-0.0022165199999994,6.885853025038964,1.0,0.0,0.0,0.98,3348.0,0.0,0.0,0.0,0.0,0.011866072241428612,5.590074231974586,0.0,0.0
50.6113782,51.1925727,0.2273904999999736,0.3343685000000425,6.857210000000013,0.2138800228146626,0.3292254201358918,6.870640456679286,0.0656795600000001,-0.0713956000000012,-0.0038165199999994,6.881848176644193,1.0,0.0,0.0,0.0,3347.51,0.0,0.0,0.0,0.0,0.0,5.585457280507223,0.0,0.0
50.7222299,51.3034244,0.2723904999999735,0.3593685000000424,6.592210000000012,0.2278673750427195,0.3364313411192909,6.804079644736883,0.0632795600000001,-0.0685956000000012,-0.0034165199999994,6.816201977627935,1.0,0.0,0.0,0.0,3346.53,0.49,0.0,0.0,0.0,0.0,5.576247743377292,0.005926265570176409,0.0
50.8322366,51.4134311,0.0973904999999732,0.2143685000000423,6.542210000000012,0.1966759355496019,0.3072513372152908,6.741477814518169,0.0652795600000001,-0.0709956000000012,-0.0026165199999994,6.7513411950134445,1.0,0.0,0.98,0.0,3340.18,0.0,0.0,0.0,0.08575705582568133,0.0,5.517349076276867,0.0,0.0
50.9422332,51.5234277,0.4723904999999735,0.4443685000000423,6.402210000000013,0.2625874938361379,0.3400301854599882,6.660373392718992,0.0596795600000001,-0.0661956000000012,-0.0030165199999994,6.674215043687324,1.0,0.0,0.0,0.0,3337.24,0.0,0.49,0.0,0.0,0.0,5.4905254820766345,0.0,0.010519114903947972
51.0530797,51.6342742,0.1323904999999734,0.2843685000000424,6.512210000000012,0.2314629619672065,0.3267238574724422,6.624953863414852,0.0632795600000001,-0.0701956000000012,-0.0026165199999994,6.637042810934677,1.0,0.0,0.0,0.0,3339.2,0.0,0.0,0.0,0.0,0.0,5.508376953136489,0.0,0.0
51.1630561,51.7442506,0.3573904999999735,0.3093685000000423,6.372210000000012,0.2615668495854491,0.3225749339003192,6.564533617142262,0.0616795600000001,-0.0657956000000012,-0.0026165199999994,6.577657137261999,1.0,0.0,0.0,0.0,3336.75,0.0,0.0,0.0,0.0,0.0,5.486081815627228,0.0,0.0
51.2739255,51.85512,0.0023904999999735,0.0893685000000423,6.5322100000000125,0.1996088710279921,0.2668252512839696,6.556806422971181,0.0660795600000001,-0.0713956000000012,-0.0038165199999994,6.565268454863971,1.0,0.49,0.49,0.0,3340.66,0.0,0.0,0.06888849700996072,0.05401493744611888,0.0,5.52175494293282,0.0,0.0
51.3839085,51.965103,0.3223904999999734,0.2393685000000425,6.472210000000012,0.2289607063604316,0.2602615165526648,6.536583036968297,0.0624795600000001,-0.0673956000000012,-0.0034165199999994,6.545767858795257,1.0,0.0,0.0,0.0,3340.66,0.0,0.0,0.0,0.0,0.0,5.52175494293282,0.0,0.0
51.4949258,52.0761203,0.2923904999999736,0.2493685000000423,6.472210000000012,0.2441240567220994,0.2576574622588495,6.52119419747527,0.0640795600000001,-0.0677956000000012,-0.0014165199999994,6.530846628432891,1.0,0.0,0.0,0.0,3337.24,0.0,0.0,0.0,0.0,0.0,5.4905254820766345,0.0,0.0
51.6055474,52.1867419,0.2823904999999733,0.1943685000000423,6.442210000000013,0.2532719264095638,0.2425277786560574,6.502312454517717,0.0632795600000001,-0.0661956000000012,-0.0018165199999994,6.511761178690698,1.0,0.0,0.0,0.0,3339.69,0.0,0.0,0.0,0.0,0.0,5.512859130844318,0.0,0.0
51.7164615,52.297656,0.1723904999999734,0.1093685000000423,6.402210000000013,0.2339366371704149,0.2106950912025485,6.478382239664099,0.0628795600000001,-0.0661956000000012,-0.0014165199999994,6.486027691496752,1.0,0.0,0.0,0.0,3332.84,0.0,0.0,0.0,0.0,0.0,5.45089501698526,0.0,0.0
51.8264873,52.4076818,0.2273904999999736,0.3093685000000423,6.422210000000012,0.2323717357930745,0.2342836823538798,6.464953860006007,0.0636795600000001,-0.0681956000000012,-0.0026165199999994,6.473369592369909,1.0,0.0,0.0,0.0,3336.27,0.0,0.0,0.0,0.0,0.0,5.481736241552753,0.0,0.0
51.9369852,52.5181797,0.1623904999999732,0.1493685000000424,6.412210000000012,0.2156422158595308,0.2139840946179761,6.452345059270463,0.0644795600000001,-0.0673956000000012,-0.0022165199999994,6.459492822343116,1.0,0.0,0.0,0.0,3339.2,0.0,0.0,0.0,0.0,0.0,5.508376953136489,0.0,0.0
52.0564972,52.6376917,0.1673904999999735,0.1543685000000423,6.462210000000012,0.2041072946316932,0.1997325560847126,6.454703344612352,0.0660795600000001,-0.0689956000000012,-0.0010165199999994,6.461017578418424,1.0,0.0,0.0,0.0,3337.24,0.49,0.0,0.0,0.0,0.0,5.4905254820766345,0.005926265570176409,0.0
52.1673773,52.7485718,0.0873904999999735,0.1843685000000423,6.432210000000013,0.1762053017582954,0.1960596674937124,6.449326148099607,0.0644795600000001,-0.0689956000000012,-0.0038165199999994,6.45471110632744,1.0,0.0,0.0,0.0,3341.64,0.0,0.0,0.0,0.0,0.0,5.530773551313834,0.0,0.0
52.2772688,52.8584633,0.1323904999999734,0.1843685000000423,6.462210000000012,0.1657310568968982,0.1932648094519081,6.4524061259643295,0.0652795600000001,-0.0681956000000012,-0.0014165199999994,6.457426955388241,1.0,0.0,0.0,0.49,3342.13,0.49,0.0,0.0,0.0,0.00754893254491928,5.535294628184749,0.005926265570176409,0.0
52.3872364,52.9684309,0.3073904999999732,0.1593685000000424,6.392210000000013,0.1995957700633556,0.1851616518236963,6.43801580721918,0.0628795600000001,-0.0657956000000012,-0.0018165199999994,6.443769924720877,1.0,0.0,0.0,0.0,3341.15,0.0,0.0,0.0,0.0,0.0,5.526260330323573,0.0,0.0
52.4980958,53.0792903,0.1673904999999735,0.1043685000000425,6.472210000000012,0.1918968676163711,0.1658474652619768,6.446190176008974,0.0648795600000001,-0.0697956000000012,-0.0030165199999994,6.451177999002152,1.0,0.0,0.0,0.0,3343.11,0.0,0.49,0.0,0.0,0.0,5.544360439130543,0.0,0.010519114903947972
52.6081205,53.189315,0.3273904999999733,0.1243685000000422,6.422210000000012,0.2242875991909222,0.1559316189882146,6.440457541710575,0.0652795600000001,-0.0673956000000012,-0.0010165199999994,6.446247974095298,1.0,0.0,0.0,0.0,3339.2,0.49,0.0,0.0,0.0,0.0,5.508376953136489,0.005926265570176409,0.0
52.7180671,53.2992616,0.2123904999999735,0.1293685000000424,6.412210000000012,0.2214435116893131,0.1495815135124618,6.43370476281542,0.0636795600000001,-0.0661956000000012,-0.0010165199999994,6.439252195179794,1.0,0.0,0.0,0.0,3342.13,0.49,0.0,0.0,0.0,0.0,5.535294628184749,0.005926265570176409,0.0
52.8289034,53.4100979,0.4323904999999732,0.2043685000000423,6.347210000000012,0.2718719130438958,0.1626787383921791,6.413027564959904,0.0620795600000001,-0.0629956000000012,-0.0006165199999994,6.420848951498749,1.0,0.0,0.0,0.0,3337.73,0.0,0.0,0.0,0.0,0.0,5.494976807411141,0.0,0.0
52.9389282,53.5201227,0.4873904999999734,0.2593685000000423,6.452210000000012,0.3233931880781144,0.1857931243537342,6.422394409094899,0.0628795600000001,-0.0637956000000012,-0.0002165199999994,6.433214762863577,1.0,0.0,0.0,0.0,3332.84,0.0,0.0,0.0,0.0,0.0,5.45089501698526,0.0,0.0
53.0489225,53.630117,0.4373904999999736,0.3043685000000424,6.442210000000013,0.3506450689652357,0.214139424444335,6.42713146924088,0.0628795600000001,-0.0653956000000012,-0.0026165199999994,6.440250506028272,1.0,0.0,0.0,0.0,3342.62,0.0,0.0,0.0,0.0,0.0,5.53982358330486,0.0,0.0
53.1597529,53.7409474,0.1623904999999732,0.1243685000000422,6.292210000000012,0.3056414543763732,0.1926790364857175,6.394877517398683,0.0632795600000001,-0.0677956000000012,-0.0026165199999994,6.405076141020145,1.0,0.49,0.0,0.0,3341.64,0.0,0.0,0.06888849700996072,0.0,0.0,5.530773551313834,0.0,0.0
53.2697247,53.8509192,0.2323904999999735,0.1893685000000424,6.382210000000012,0.2881302845963179,0.1918876288247901,6.3918492558593165,0.0636795600000001,-0.0669956000000012,-0.0010165199999994,6.401216824372289,1.0,0.0,0.0,0.49,3340.18,0.0,0.0,0.0,0.0,0.00754893254491928,5.517349076276867,0.0,0.0
53.3802794,53.9614739,0.1523904999999734,0.1943685000000423,6.352210000000013,0.2556807085572029,0.1924806990000817,6.382373205407598,0.0632795600000001,-0.0661956000000012,-0.0010165199999994,6.39039194238669,1.0,0.0,0.0,0.0,3345.06,0.0,0.0,0.0,0.0,0.0,5.56249400321453,0.0,0.0
53.4911572,54.0723517,0.3023904999999733,0.1293685000000424,6.392210000000013,0.2668470216149459,0.177393271931167,6.384724762212089,0.0636795600000001,-0.0657956000000012,-0.0006165199999994,6.392760436233743,1.0,0.0,0.0,0.0,3342.13,0.0,0.0,0.0,0.0,0.0,5.535294628184749,0.0,0.0
53.6022365,54.183431,0.3473904999999733,0.2793685000000423,6.412210000000012,0.286101521937618,0.2017711868303791,6.391295306847949,0.0632795600000001,-0.0661956000000012,-0.0018165199999994,6.400876611217137,1.0,0.0,0.49,0.0,3344.09,0.0,0.0,0.0,0.05401493744611888,0.0,5.553457943165922,0.0,0.0
53.712794,54.2939885,0.1473904999999735,0.1443685000000423,6.362210000000013,0.2529416501490034,0.1880486598889249,6.384342254145016,0.0624795600000001,-0.0673956000000012,-0.0038165199999994,6.392117629935137,1.0,0.49,0.0,0.0,3341.64,0.0,0.0,0.06888849700996072,0.0,0.0,5.530773551313834,0.0,0.0
53.8322673,54.4134618,0.0923904999999734,0.0893685000000423,6.362210000000013,0.2145607379468735,0.1644584548404298,6.3790513789168655,0.0644795600000001,-0.0677956000000012,-0.0010165199999994,6.3847771604417,1.0,0.0,0.0,0.0,3336.75,0.0,0.0,0.0,0.0,0.0,5.486081815627228,0.0,0.0
53.9423181,54.5235126,0.0223904999999735,0.0693685000000423,6.207210000000012,0.1686210544026823,0.1417265142430211,6.337971455971569,0.0624795600000001,-0.0665956000000012,-0.0022165199999994,6.341797981766506,1.0,0.49,0.0,0.0,3339.69,0.0,0.0,0.06888849700996072,0.0,0.0,5.512859130844318,0.0,0.0
54.0522978,54.6334923,-0.0776095000000265,0.0393685000000423,6.262210000000012,0.1097578616990502,0.1172570915437913,6.319860132650305,0.0640795600000001,-0.0673956000000012,-0.0018165199999994,6.32190067226501,1.0,0.49,0.49,0.0,3332.84,0.0,0.0,0.06888849700996072,0.05401493744611888,0.0,5.45089501698526,0.0,0.0
54.1623163,54.7435108,0.1623904999999732,0.1493685000000424,6.442210000000013,0.1223400740825744,0.1249335556955714,6.349108752248062,0.0644795600000001,-0.0673956000000012,-0.0014165199999994,6.351516152458263,1.0,0.0,0.49,0.0,3340.18,0.0,0.0,0.0,0.05401493744611888,0.0,5.517349076276867,0.0,0.0
54.2722929,54.8534874,0.2423904999999733,0.0993685000000423,6.472210000000012,0.1510389955956684,0.1188220444595456,6.378536994758655,0.0652795600000001,-0.0673956000000012,0.0001834800000005,6.381431316714524,1.0,0.0,0.98,0.0,3346.04,0.0,0.0,0.0,0.08575705582568133,0.0,5.571655111092104,0.0,0.0
54.3831254,54.9643199,0.2623904999999733,0.2043685000000423,6.432210000000013,0.1776583770834348,0.1392725426107919,6.391367914374495,0.0636795600000001,-0.0657956000000012,-0.0022165199999994,6.395353247238886,1.0,0.0,0.0,0.0,3347.51,0.0,0.0,0.0,0.0,0.0,5.585457280507223,0.0,0.0
54.4930968,55.0742913,0.3023904999999733,0.2293685000000425,6.522210000000013,0.2074764920829296,0.160810632042813,6.422646660095563,0.0636795600000001,-0.0665956000000012,-0.0026165199999994,6.42800876435166,1.0,0.0,0.0,0.0,3347.51,0.49,0.0,0.0,0.0,0.0,5.585457280507223,0.005926265570176409,0.0
54.6040091,55.1852036,0.2923904999999736,0.2193685000000425,6.442210000000013,0.2277757990612341,0.1748093133772296,6.427323417817673,0.0620795600000001,-0.0653956000000012,-0.0038165199999994,6.433733475044553,1.0,0.0,1.47,0.0,3337.24,0.0,0.0,0.0,0.11241876799942194,0.0,5.4905254820766345,0.0,0.0
54.7143583,55.2955528,0.0673904999999734,0.0943685000000424,6.382210000000012,0.1894345347596792,0.1555793558662937,6.416538729406594,0.0640795600000001,-0.0693956000000012,-0.0042165199999994,6.421219482692222,1.0,0.0,0.0,0.0,3336.75,0.0,0.0,0.0,0.0,0.0,5.486081815627228,0.0,0.0
54.8256106,55.4068051,-0.0476095000000267,0.1293685000000424,6.472210000000012,0.1327674459365485,0.1493134614344477,6.429847348789536,0.0648795600000001,-0.0701956000000012,-0.0026165199999994,6.432951005036636,1.0,0.0,0.98,0.0,3344.09,0.0,0.0,0.0,0.08575705582568133,0.0,5.553457943165922,0.0,0.0
54.9359214,55.5171159,0.1023904999999736,0.0943685000000424,6.462210000000012,0.1255056175791789,0.1361784715025425,6.437583874336593,0.0652795600000001,-0.0697956000000012,-0.0018165199999994,6.44024707408522,1.0,0.0,0.0,0.0,3344.09,0.0,0.0,0.0,0.0,0.0,5.553457943165922,0.0,0.0
55.0464834,55.6276779,-0.0676095000000267,0.0243685000000424,6.372210000000012,0.0793400537334423,0.1094494901431646,6.421955777441016,0.0648795600000001,-0.0689956000000012,-0.0034165199999994,6.423378397885887,1.0,0.0,0.0,0.0,3344.57,0.0,0.0,0.0,0.0,0.0,5.557925481549454,0.0,0.0
55.1572833,55.7384778,0.1723904999999734,0.0093685000000423,6.402210000000013,0.1015844350736548,0.0855244065033411,6.417235406707935,0.0652795600000001,-0.0689956000000012,-0.0018165199999994,6.418609201895917,1.0,0.49,0.49,0.0,3341.15,0.0,0.0,0.06888849700996072,0.05401493744611888,0.0,5.526260330323573,0.0,0.0
55.2673097,55.8485042,0.1923904999999734,0.1693685000000424,6.402210000000013,0.1232922808419524,0.1055679427108175,6.413643474696717,0.0648795600000001,-0.0689956000000012,-0.0026165199999994,6.415697015723482,1.0,0.0,0.0,0.0,3343.6,0.0,0.0,0.0,0.0,0.0,5.548905218206437,0.0,0.0
55.3777867,55.9589812,-0.0776095000000265,-0.0306314999999575,6.342210000000012,0.075265258895426,0.0730084820790566,6.396566786562858,0.0660795600000001,-0.0693956000000012,-0.0010165199999994,6.397426181880584,1.0,0.0,0.49,0.0,3348.0,0.0,0.0,0.0,0.05401493744611888,0.0,5.590074231974586,0.0,0.0
55.4886375,56.069832,0.1373904999999733,0.1143685000000425,6.362210000000013,0.0901167465500236,0.0828958931317358,6.388353548554959,0.0648795600000001,-0.0669956000000012,0.0005834800000005,6.389526885336786,1.0,0.0,0.0,0.0,3342.62,0.0,0.0,0.0,0.0,0.0,5.53982358330486,0.0,0.0
55.6081456,56.1893401,0.1123904999999734,0.0793685000000423,6.392210000000013,0.0954414482091576,0.0820526443230897,6.389275461130403,0.0648795600000001,-0.0673956000000012,0.0005834800000005,6.390515051596373,1.0,0.49,1.96,0.0,3346.53,0.0,0.0,0.06888849700996072,0.1362540725452074,0.0,5.576247743377292,0.0,0.0
55.7181143,56.2993088,0.1273904999999735,0.1093685000000423,6.402210000000013,0.1030790998272641,0.0885826969417723,6.392367556081256,0.0660795600000001,-0.0673956000000012,0.0021834800000005,6.3938122561629,1.0,0.0,0.0,0.0,3345.06,0.0,0.0,0.0,0.0,0.0,5.56249400321453,0.0,0.0
55.828991,56.4101855,0.2423904999999733,0.0743685000000424,6.377210000000012,0.1363824963698695,0.0851846904850268,6.38874403280775,0.0660795600000001,-0.0665956000000012,0.0021834800000005,6.390767319621779,1.0,0.0,0.0,0.49,3347.51,0.0,0.0,0.0,0.0,0.00754893254491928,5.585457280507223,0.0,0.0
55.9389691,56.5201636,0.1623904999999732,0.0543685000000424,6.347210000000012,0.1425998975093388,0.0778178575454283,6.378815022239377,0.0648795600000001,-0.0657956000000012,0.0009834800000005,6.380883280367176,1.0,0.0,0.49,0.0,3343.11,0.0,0.0,0.0,0.05401493744611888,0.0,5.544360439130543,0.0,0.0
56.0489648,56.6301593,0.2023904999999732,0.0793685000000423,6.347210000000012,0.1568932729387602,0.0781885498254412,6.371259613370681,0.0648795600000001,-0.0665956000000012,0.0013834800000005,6.373670685671292,1.0,0.0,0.0,0.0,3342.62,0.0,0.0,0.0,0.0,0.0,5.53982358330486,0.0,0.0
56.1589907,56.7401852,0.2623904999999733,0.0143685000000424,6.427210000000012,0.1821131471386401,0.0629319059034856,6.384634957458233,0.0664795600000001,-0.0661956000000012,0.0033834800000005,6.387541715177997,1.0,0.0,0.0,0.0,3344.57,0.0,0.0,0.0,0.0,0.0,5.557925481549454,0.0,0.0
56.2689822,56.8501767,0.2873904999999732,-0.1156314999999577,6.4072100000000125,0.2072804588227532,0.02024503384974,6.390031684451164,0.0672795600000001,-0.0645956000000012,0.0029834800000005,6.393424745650419,1.0,0.0,0.0,0.0,3345.06,0.0,0.0,0.0,0.0,0.0,5.56249400321453,0.0,0.0
56.3789694,56.9601639,0.4823904999999735,-0.0306314999999575,6.477210000000013,0.2730475014540016,0.0080826309206961,6.410872290525328,0.0676795600000001,-0.0637956000000012,0.0049834800000005,6.416689472960207,1.0,0.0,0.0,0.0,3340.66,0.0,0.0,0.0,0.0,0.0,5.52175494293282,0.0,0.0
56.4889712,57.0701657,0.4323904999999732,0.0893685000000423,6.487210000000013,0.3111395962882035,0.0275146051015865,6.429121371409145,0.0660795600000001,-0.0625956000000012,0.0033834800000005,6.436704631267624,1.0,0.0,0.0,0.0,3342.62,0.0,0.0,0.0,0.0,0.0,5.53982358330486,0.0,0.0
56.5998166,57.1810111,0.5823904999999734,0.0243685000000424,6.527210000000013,0.3759840842314293,0.026762505950824,6.452570166627857,0.0672795600000001,-0.0617956000000012,0.0061834800000005,6.463570377011143,1.0,0.0,0.0,0.0,3345.06,0.0,0.0,0.0,0.0,0.0,5.56249400321453,0.0,0.0
56.7103372,57.2915317,0.6473904999999736,0.2093685000000424,6.587210000000012,0.4408657484551856,0.0704157879029,6.48475679138121,0.0668795600000001,-0.0625956000000012,0.0061834800000005,6.5001070479424925,1.0,0.0,0.0,0.0,3344.09,0.0,0.0,0.0,0.0,0.0,5.553457943165922,0.0,0.0
56.8211718,57.4023663,0.4423904999999735,0.0693685000000423,6.537210000000012,0.4412302513261787,0.0701654261645218,6.497296109803093,0.0668795600000001,-0.0637956000000012,0.0045834800000005,6.512638793928051,1.0,0.0,0.0,0.98,3347.51,0.0,0.0,0.0,0.0,0.011866072241428612,5.585457280507223,0.0,0.0
56.9320044,57.5131989,0.3973904999999735,0.0443685000000424,6.537210000000012,0.4307500420903531,0.0639984846179514,6.50683781357707,0.0672795600000001,-0.0645956000000012,0.0053834800000005,6.521394002587994,1.0,0.0,0.0,0.0,3348.48,0.0,0.0,0.0,0.0,0.0,5.594604865069541,0.0,0.0
57.0430526,57.6242471,0.3973904999999735,0.0443685000000424,6.4472100000000125,0.4227752025773031,0.0593057949956736,6.492583354013362,0.0668795600000001,-0.0645956000000012,0.0037834800000005,6.506603926630677,1.0,0.0,0.0,0.0,3349.46,0.0,0.0,0.0,0.0,0.0,5.603879293428978,0.0,0.0
57.1540449,57.7352394,0.3723904999999736,-0.0956314999999576,6.377210000000012,0.4107303754667165,0.0222669154202678,6.465002520324278,0.0676795600000001,-0.0645956000000012,0.0041834800000005,6.478074779180357,1.0,0.0,0.0,0.0,3351.91,0.0,0.0,0.0,0.0,0.0,5.627209695891744,0.0,0.0
57.2731811,57.8543756,0.3923904999999736,-0.0306314999999575,6.427210000000012,0.4063460957562711,0.0096211670965039,6.455967945342308,0.0676795600000001,-0.0649956000000012,0.0037834800000005,6.468750406970425,1.0,0.0,0.0,0.0,3347.51,0.0,0.0,0.0,0.0,0.0,5.585457280507223,0.0,0.0
57.3831559,57.9643504,0.3623904999999734,0.0243685000000424,6.427210000000012,0.3958381930726168,0.0131466235560863,6.44909315077203,0.0656795600000001,-0.0641956000000012,0.0017834800000005,6.46124316027037,1.0,0.0,0.0,0.0,3351.91,0.0,0.0,0.0,0.0,0.0,5.627209695891744,0.0,0.0
57.4931621,58.0743566,0.3523904999999736,0.0893685000000423,6.287210000000012,0.3854517081943814,0.0313680137171754,6.410393814199121,0.0640795600000001,-0.0633956000000012,0.0017834800000005,6.422048413454766,1.0,0.0,0.0,0.0,3346.04,0.49,0.0,0.0,0.0,0.0,5.571655111092104,0.005926265570176409,0.0
57.6031676,58.1843621,0.3123904999999736,0.0443685000000424,6.267210000000013,0.3679858986097838,0.0344758738735464,6.376164689110693,0.0656795600000001,-0.0653956000000012,0.0013834800000005,6.3868676477689,1.0,0.0,0.98,0.0,3348.48,0.0,0.0,0.0,0.08575705582568133,0.0,5.594604865069541,0.0,0.0
57.7131441,58.2943386,0.2423904999999733,0.0293685000000423,6.257210000000012,0.3379614113198448,0.0332549192554047,6.347727711396421,0.0652795600000001,-0.0665956000000012,0.0025834800000005,6.356805086143984,1.0,0.49,0.0,0.0,3348.97,0.0,0.49,0.06888849700996072,0.0,0.0,5.599237979314928,0.0,0.010519114903947972
57.8240128,58.4052073,0.3473904999999733,-0.0106314999999574,6.227210000000013,0.3402155030808952,0.0227635537140032,6.318917081914081,0.0644795600000001,-0.0637956000000012,0.0017834800000005,6.32811013305077,1.0,0.0,0.49,0.0,3348.0,0.0,0.0,0.0,0.05401493744611888,0.0,5.590074231974586,0.0,0.0
57.9340128,58.5152073,0.2973904999999734,0.0593685000000423,6.267210000000013,0.3299778767432509,0.0315142305435621,6.3065561304706925,0.0656795600000001,-0.0641956000000012,0.0017834800000005,6.31526157594792,1.0,0.0,0.49,0.0,3346.53,0.0,0.0,0.0,0.05401493744611888,0.0,5.576247743377292,0.0,0.0
58.043974,58.6251685,0.5673904999999735,0.1843685000000423,6.307210000000013,0.3867330793091333,0.0680551478168683,6.306712442704976,0.0648795600000001,-0.0629956000000012,0.0029834800000005,6.318925210251034,1.0,0.0,0.0,0.0,3350.44,0.98,0.0,0.0,0.0,0.0,5.613186616276374,0.009006928992634852,0.0
58.1541295,58.735324,0.4923904999999735,0.0693685000000423,6.297210000000012,0.4119912489533521,0.0683691141434009,6.304440815134408,0.0664795600000001,-0.0633956000000012,0.0037834800000005,6.31825807612474,1.0,0.0,0.0,0.0,3350.44,0.0,0.0,0.0,0.0,0.0,5.613186616276374,0.0,0.0
58.2648556,58.8460501,0.4073904999999733,-0.0756314999999576,6.227210000000013,0.4108914066820275,0.0339447271280556,6.285978230891188,0.0656795600000001,-0.0629956000000012,0.0029834800000005,6.299484606840693,1.0,0.0,0.0,0.0,3348.0,0.0,0.0,0.0,0.0,0.0,5.590074231974586,0.0,0.0
58.3752633,58.9564578,0.1273904999999735,-0.1356314999999575,6.167210000000012,0.3431184670395029,-0.0065936949195426,6.25758582736119,0.0668795600000001,-0.0657956000000012,0.0033834800000005,6.266989240937618,1.0,0.0,0.0,0.0,3346.04,0.0,0.0,0.0,0.0,0.0,5.571655111092104,0.0,0.0
58.4861711,59.0673656,0.3073904999999732,-0.0106314999999574,6.277210000000013,0.3345774384337787,-0.0075589613915477,6.262277127587884,0.0664795600000001,-0.0657956000000012,0.0033834800000005,6.271213122109356,1.0,0.0,0.0,0.0,3345.55,0.49,0.0,0.0,0.0,0.0,5.567070538731797,0.005926265570176409,0.0
58.5973459,59.1785404,0.1873904999999736,0.0443685000000424,6.217210000000012,0.2993913375800359,0.0048546733578769,6.251503505190619,0.0652795600000001,-0.0645956000000012,0.0029834800000005,6.258670371275513,1.0,0.0,0.0,0.0,3348.0,0.0,0.0,0.0,0.0,0.0,5.590074231974586,0.0,0.0
58.7078768,59.2890713,0.3473904999999733,0.0143685000000424,6.277210000000013,0.3108658840837846,0.0071290223408664,6.257648828468515,0.0672795600000001,-0.0653956000000012,0.0033834800000005,6.265369684326704,1.0,0.0,0.0,0.0,3348.97,0.0,0.0,0.0,0.0,0.0,5.599237979314928,0.0,0.0
58.81899,59.4001845,0.5223904999999736,0.0143685000000424,6.237210000000013,0.3614323714900259,0.0088596717704606,6.25276277888098,0.0648795600000001,-0.0621956000000012,0.0025834800000005,6.2632063850638175,1.0,0.0,0.0,0.0,3347.51,0.0,0.49,0.0,0.0,0.0,5.585457280507223,0.0,0.010519114903947972
58.9303476,59.5115421,0.2723904999999735,-0.0506314999999575,6.1972100000000125,0.3401462689065143,-0.005362122582322,6.239482485797837,0.0652795600000001,-0.0645956000000012,0.0033834800000005,6.248749469068797,1.0,0.0,0.0,0.0,3348.0,0.0,0.0,0.0,0.0,0.0,5.590074231974586,0.0,0.0
59.0411718,59.6223663,0.1823904999999732,0.0193685000000423,6.227210000000013,0.3024336127831473,0.0005499113903817,6.236548659416207,0.0648795600000001,-0.0661956000000012,0.0017834800000005,6.243877447052408,1.0,0.0,0.0,0.49,3346.53,0.0,0.0,0.0,0.0,0.00754893254491928,5.576247743377292,0.0,0.0
59.1520716,59.7332661,0.0323904999999733,-0.1656314999999575,6.207210000000012,0.2378778559860137,-0.0391769554322983,6.229535040951712,0.0668795600000001,-0.0685956000000012,0.0001834800000005,6.234198227089888,1.0,0.0,0.0,0.0,3346.04,0.0,0.0,0.0,0.0,0.0,5.571655111092104,0.0,0.0
59.2628626,59.8440571,0.2473904999999736,0.0793685000000423,6.237210000000013,0.2401519222531878,-0.0108378079849784,6.231369795353125,0.0648795600000001,-0.0661956000000012,-0.0002165199999994,6.236005125902564,1.0,0.0,0.0,0.0,3347.51,0.0,0.49,0.0,0.0,0.0,5.585457280507223,0.0,0.010519114903947972
59.3736688,59.9548633,0.0823904999999736,-0.0656314999999576,6.167210000000012,0.202437914656461,-0.0239366358694584,6.216031932808579,0.0656795600000001,-0.0677956000000012,-0.0002165199999994,6.219373526451291,1.0,0.49,0.0,0.0,3348.48,0.0,0.0,0.06888849700996072,0.0,0.0,5.594604865069541,0.0,0.0
59.4848573,60.0660518,0.0923904999999734,-0.0606314999999575,6.187210000000013,0.1761302852431469,-0.032708808209267,6.209141841572269,0.0656795600000001,-0.0661956000000012,0.0001834800000005,6.21172553742338,1.0,0.0,0.49,0.0,3347.51,0.0,0.0,0.0,0.05401493744611888,0.0,5.585457280507223,0.0,0.0
59.6039092,60.1851037,0.1673904999999735,-0.0656314999999576,6.267210000000013,0.1740409764479601,-0.0405792155025399,6.22302345430619,0.0668795600000001,-0.0669956000000012,0.0005834800000005,6.225588955838533,1.0,0.0,0.0,0.0,3347.51,0.0,0.0,0.0,0.0,0.0,5.585457280507223,0.0,0.0
59.7140605,60.295255,0.2323904999999735,0.0693685000000423,6.372210000000012,0.1879898515473109,-0.0142954198921547,6.258687575719824,0.0668795600000001,-0.0673956000000012,-0.0014165199999994,6.26152654819768,1.0,0.0,0.0,0.0,3350.44,0.0,0.0,0.0,0.0,0.0,5.613186616276374,0.0,0.0
59.8240341,60.4052286,0.2373904999999734,0.1243685000000422,6.562210000000013,0.1997994334109721,0.0188531918122487,6.331246803771832,0.0720795600000001,-0.0701956000000012,0.0009834800000005,6.334426678611403,1.0,0.0,0.0,0.0,3358.26,0.0,0.0,0.0,0.0,0.0,5.688656838533032,0.0,0.0
59.9340313,60.5152258,0.2123904999999735,-0.0356314999999576,6.3672100000000125,0.202809418832036,0.0058282326583386,6.339844065614306,0.0704795600000001,-0.0673956000000012,0.0013834800000005,6.343089815300415,1.0,0.0,0.0,0.0,3345.55,0.0,0.0,0.0,0.0,0.0,5.567070538731797,0.0,0.0
60.0448836,60.6260781,0.1823904999999732,0.2643685000000424,6.612210000000013,0.1979281287869111,0.0676341511606114,6.404955109694685,0.0696795600000001,-0.0709956000000012,-0.0026165199999994,6.4083695180421945,1.0,0.0,0.0,0.0,3347.02,0.0,0.0,0.0,0.0,0.0,5.580848458760618,0.0,0.0
60.1548549,60.7360494,0.0973904999999732,0.4343685000000423,6.647210000000013,0.1738938823807037,0.1553046463968394,6.462867891177188,0.0672795600000001,-0.0737956000000012,-0.0074165199999994,6.467071979986844,1.0,0.0,0.0,0.0,3357.77,0.0,0.0,0.0,0.0,0.0,5.683864128569913,0.0,0.0
60.2665426,60.8477371,0.0423904999999735,0.5493685000000423,7.147210000000013,0.1424570488933517,0.2495084571645498,6.626464815712255,0.0676795600000001,-0.0821956000000012,-0.0098165199999994,6.632690587902355,1.0,0.0,0.0,0.0,3359.24,0.0,0.0,0.0,0.0,0.0,5.6982682831555325,0.0,0.0
60.3773681,60.9585626,0.4173904999999736,0.6693685000000424,7.677210000000012,0.2081818763926056,0.3498790333098673,6.877653042190388,0.0708795600000001,-0.0817956000000012,-0.0062165199999994,6.88969276530956,1.0,0.0,0.0,0.0,3369.01,0.0,0.0,0.0,0.0,0.0,5.79602960349406,0.0,0.0
60.4882243,61.0694188,0.6623904999999735,0.5243685000000424,8.167210000000011,0.316763728892215,0.3915920007661302,7.185930948212201,0.0780795600000001,-0.0825956000000012,-0.0014165199999994,7.203560726993257,1.0,0.49,0.49,0.0,3390.03,0.0,0.0,0.06888849700996072,0.05401493744611888,0.0,6.019139976218994,0.0,0.0
60.598217,61.1794115,0.7873904999999735,0.5193685000000423,7.992210000000012,0.4292704581500986,0.4221378959156824,7.378677779788053,0.0756795600000001,-0.0761956000000012,-0.0010165199999994,7.403199261626454,1.0,0.0,0.0,0.0,3405.18,0.0,0.0,0.0,0.0,0.0,6.191872572144005,0.0,0.0
60.7081871,61.2893816,0.5173904999999734,0.6043685000000425,8.087210000000013,0.4503361906991873,0.4657014381849881,7.548057525190641,0.0780795600000001,-0.0817956000000012,-0.0074165199999994,7.575807080289736,1.0,0.0,0.0,0.49,3405.18,0.0,0.0,0.0,0.0,0.00754893254491928,6.191872572144005,0.0,0.0
60.8190743,61.4002688,0.3923904999999736,0.6343685000000423,7.977210000000013,0.4364838547604296,0.5060225176970673,7.650649524324225,0.0780795600000001,-0.0801956000000012,-0.0058165199999994,7.679779624958355,1.0,0.0,0.0,0.0,3405.18,0.0,0.0,0.0,0.0,0.0,6.191872572144005,0.0,0.0
60.929054,61.5102485,0.5523904999999734,0.4893685000000425,8.722210000000011,0.4641921755694239,0.5020412544644532,7.906813796570227,0.0848795600000001,-0.0857956000000012,-0.0038165199999994,7.936323091374079,1.0,0.0,0.0,0.0,3412.51,0.0,0.0,0.0,0.0,0.0,6.279387254703305,0.0,0.0
61.039078,61.6202725,0.4423904999999735,0.3593685000000424,8.90221000000001,0.4589803275377301,0.4679343018973018,8.14477044935477,0.0888795600000001,-0.0865956000000012,0.0021834800000005,8.171102197662286,1.0,0.49,0.0,0.0,3434.51,0.0,0.49,0.06888849700996072,0.0,0.0,6.559139822888348,0.0,0.010519114903947972
61.1495386,61.7307331,0.9723904999999736,0.3743685000000425,9.372210000000011,0.5817147379400387,0.4455667210708353,8.438198740481972,0.0940795600000001,-0.0833956000000012,0.0093834800000005,8.46995393866661,1.0,0.0,0.0,0.0,3455.03,0.0,0.0,0.0,0.0,0.0,6.846114987167151,0.0,0.0
61.2690513,61.8502458,0.6673904999999736,0.3743685000000425,9.797210000000014,0.6021961477488167,0.4285462720156315,8.76308019903802,0.0964795600000001,-0.0917956000000012,0.0029834800000005,8.79419505596699,1.0,0.0,0.0,0.0,3472.63,0.0,0.0,0.0,0.0,0.0,7.115509152442415,0.0,0.0
61.3790383,61.9602328,0.3823904999999734,0.2493685000000423,10.842210000000012,0.5496500198640293,0.3857125313048359,9.260111196782235,0.1116795600000001,-0.1105956000000012,0.0001834800000005,9.284425059092989,1.0,0.49,0.0,0.0,3507.33,0.49,0.0,0.06888849700996072,0.0,0.0,7.723233577213614,0.005926265570176409,0.0
61.4890654,62.0702599,0.8323904999999734,0.3043685000000424,10.482210000000013,0.6172411740476811,0.3662666530238111,9.552262743657424,0.1060795600000001,-0.0973956000000012,0.0053834800000005,9.579188976730894,1.0,0.0,0.0,0.49,3527.37,0.0,0.0,0.0,0.0,0.00754893254491928,8.131248787614108,0.0,0.0
61.599046,62.1802405,0.7173904999999734,0.1843685000000423,9.897210000000012,0.6411825938563179,0.3227825855820368,9.634724877050807,0.1016795600000001,-0.0941956000000012,0.0045834800000005,9.661429872057294,1.0,0.0,0.0,0.0,3520.04,0.0,0.0,0.0,0.0,0.0,7.976440791436206,0.0,0.0
61.7090265,62.290221,0.6073904999999735,0.1893685000000424,9.442210000000014,0.6331043497190285,0.2908889846922465,9.58870280503929,0.0952795600000001,-0.0913956000000012,-0.0010165199999994,9.613982473585896,1.0,0.0,0.0,0.49,3495.6,0.0,0.0,0.0,0.0,0.00754893254491928,7.505088554074451,0.0,0.0
61.8190462,62.4002407,0.7273904999999734,0.6693685000000424,9.257210000000011,0.6556441350301313,0.3813672468152471,9.50945705541968,0.0900795600000001,-0.0901956000000012,-0.0026165199999994,9.539658468604314,1.0,0.0,0.0,0.0,3496.09,0.0,0.0,0.0,0.0,0.0,7.513923600314342,0.0,0.0
61.9290517,62.5102462,0.6523904999999734,0.3593685000000424,9.222210000000011,0.6548663300731792,0.3761082874786898,9.440788571860708,0.0940795600000001,-0.0917956000000012,0.0013834800000005,9.470944842662185,1.0,0.0,0.49,0.0,3497.07,0.0,0.0,0.0,0.05401493744611888,0.0,7.531664113398412,0.0,0.0
62.0408642,62.6220587,0.6773904999999734,0.2343685000000424,9.362210000000012,0.6602508956000139,0.3422243674088753,9.422003796636396,0.0968795600000001,-0.0925956000000012,0.0065834800000005,9.451307015784623,1.0,0.0,0.0,0.0,3495.6,0.0,0.49,0.0,0.0,0.0,7.505088554074451,0.0,0.010519114903947972
62.150739,62.7319335,0.7573904999999734,0.3943685000000423,8.912210000000012,0.6834728197305089,0.3546897989737073,9.30013390699855,0.0904795600000001,-0.0865956000000012,0.0045834800000005,9.331957492236585,1.0,0.0,0.0,0.49,3495.11,0.0,0.0,0.0,0.0,0.00754893254491928,7.4962768474186685,0.0,0.0
62.2615579,62.8427524,0.1223904999999736,0.2393685000000425,7.787210000000013,0.5493420381586827,0.3271214094178848,8.938458518257244,0.0796795600000001,-0.0845956000000012,-0.0042165199999994,8.961295987411273,1.0,0.0,0.0,0.0,3474.1,0.0,0.0,0.0,0.0,0.0,7.139085569815154,0.0,0.0
62.3724849,62.9536794,-0.0076095000000266,0.0593685000000423,6.6972100000000125,0.4161987497607593,0.2631131422787713,8.4026718700611,0.0696795600000001,-0.0745956000000012,-0.0026165199999994,8.417086460341151,1.0,0.0,0.0,0.0,3395.89,0.0,0.0,0.0,0.0,0.0,6.084697995063626,0.0,0.0
62.4825752,63.0637697,0.0873904999999735,0.0593685000000423,5.957210000000012,0.3375947624726561,0.2144065137700655,7.818066544958494,0.0644795600000001,-0.0629956000000012,0.0013834800000005,7.828288757972285,1.0,0.0,0.49,0.0,3343.11,0.0,0.0,0.0,0.05401493744611888,0.0,5.544360439130543,0.0,0.0
62.5940553,63.1752498,0.1023904999999736,0.0593685000000423,4.857210000000013,0.281367484504537,0.1773435566440881,7.110252399811185,0.0540795600000001,-0.0553956000000012,0.0017834800000005,7.118026944838036,1.0,0.0,0.0,0.49,3280.06,0.0,0.0,0.0,0.0,0.00754893254491928,5.018547440341345,0.0,0.0
62.7048959,63.2860904,0.3723904999999736,0.2493685000000423,4.4922100000000125,0.3031271938735487,0.1945616396334796,6.484390452417262,0.0464795600000001,-0.0469956000000012,-0.0010165199999994,6.4943867968179,1.0,0.0,0.0,0.0,3212.12,0.0,0.0,0.0,0.0,0.0,4.556571540664635,0.0,0.0
62.8149293,63.3961238,0.2523904999999735,0.1843685000000423,4.482210000000013,0.2909982207009464,0.192124895972834,6.005754752294803,0.0460795600000001,-0.0457956000000012,0.0005834800000005,6.015869187807802,1.0,0.0,0.0,0.0,3166.67,0.0,0.0,0.0,0.0,0.0,4.292912495570353,0.0,0.0
62.9254465,63.506641,0.2623904999999733,0.1893685000000424,4.622210000000012,0.2841593384163418,0.1914659596044068,5.675008385070073,0.0468795600000001,-0.0473956000000012,-0.0010165199999994,5.685343077942798,1.0,0.0,0.49,0.0,3174.0,0.0,0.0,0.0,0.05401493744611888,0.0,4.333345042517427,0.0,0.0
63.0451547,63.6263492,0.2523904999999735,0.0893685000000423,4.877210000000012,0.2765647681071882,0.167058824373683,5.484288918134133,0.0508795600000001,-0.0501956000000012,0.0017834800000005,5.4937984727625535,1.0,0.0,0.0,0.0,3186.71,0.0,0.0,0.0,0.0,0.0,4.405288620224355,0.0,0.0
63.1479759,63.7291704,0.2223904999999733,0.0243685000000424,5.047210000000012,0.2636140179823363,0.1329476715928119,5.379802045466226,0.0516795600000001,-0.0517956000000012,0.0001834800000005,5.38789731548972,1.0,0.0,0.0,0.0,3203.81,0.0,0.0,0.0,0.0,0.0,4.505954899968289,0.0,0.0
63.2587513,63.8399458,0.2623904999999733,0.0493685000000423,5.1972100000000125,0.2633215271704349,0.1129674668801631,5.3361520980236765,0.0536795600000001,-0.0505956000000012,-0.0018165199999994,5.343839358409567,1.0,0.0,0.0,0.49,3204.79,0.0,0.0,0.0,0.0,0.00754893254491928,4.511864870949213,0.0,0.0
63.3703943,63.9515888,0.0023904999999735,-0.0206314999999575,5.402210000000013,0.2009440802611793,0.0810296687805452,5.351943716667686,0.0568795600000001,-0.0573956000000012,-0.0018165199999994,5.356327648398054,1.0,0.0,0.0,0.0,3219.45,0.0,0.0,0.0,0.0,0.0,4.602185791678124,0.0,0.0
63.4815585,64.062753,0.0073904999999734,0.0043685000000424,5.692210000000013,0.1546736987440269,0.0627032626131278,5.43328682964944,0.0584795600000001,-0.0593956000000012,-0.0030165199999994,5.435849650741598,1.0,0.0,0.0,0.0,3240.47,0.0,0.49,0.0,0.0,0.0,4.73830827768949,0.0,0.010519114903947972
63.5915967,64.1727912,0.1323904999999734,0.1793685000000424,5.817210000000013,0.1493467391191083,0.0905929303547255,5.525066436833261,0.0588795600000001,-0.0601956000000012,-0.0010165199999994,5.527826938222393,1.0,0.0,0.49,0.0,3248.78,0.0,0.0,0.0,0.05401493744611888,0.0,4.794424446256295,0.0,0.0
63.7032463,64.2844408,0.2273904999999736,0.0593685000000423,5.937210000000013,0.1680036639154244,0.0831285047253096,5.623592332772921,0.0612795600000001,-0.0605956000000012,-0.0010165199999994,5.6267154099535945,1.0,0.0,0.0,0.0,3261.49,0.0,0.0,0.0,0.0,0.0,4.882949965751126,0.0,0.0
63.8137608,64.3949553,0.4123904999999737,0.0693685000000423,5.942210000000013,0.2264261024367971,0.0798390761988173,5.699760187693543,0.0604795600000001,-0.0581956000000012,-0.0002165199999994,5.704814567991613,1.0,0.0,0.0,0.0,3262.95,0.0,0.0,0.0,0.0,0.0,4.893335464861671,0.0,0.0
63.92480199999999,64.5059965,0.1223904999999736,-0.0456314999999576,6.037210000000012,0.2015556401615847,0.0498444286079048,5.780430002931475,0.0628795600000001,-0.0621956000000012,-0.0002165199999994,5.784157688197527,1.0,0.0,0.0,0.0,3267.84,0.0,0.0,0.0,0.0,0.0,4.928455102127947,0.0,0.0
64.0354307,64.6166252,0.2023904999999732,0.0493685000000423,6.247210000000012,0.2017552194366539,0.0497306544362723,5.892017133067684,0.0640795600000001,-0.0633956000000012,-0.0006165199999994,5.895680130648518,1.0,0.0,0.0,0.49,3276.15,0.0,0.0,0.0,0.0,0.00754893254491928,4.98935081611586,0.0,0.0
64.1462173,64.7274118,0.3423904999999734,0.0893685000000423,7.147210000000013,0.2353750991498313,0.0592063677466564,6.192080054932466,0.0744795600000001,-0.0741956000000012,0.0013834800000005,6.196834856438729,1.0,0.49,0.0,0.49,3308.9,0.0,0.0,0.06888849700996072,0.0,0.00754893254491928,5.245448619585266,0.0,0.0
64.26576510000001,64.8469596,0.4023904999999734,0.2293685000000425,7.497210000000012,0.2753013371772924,0.0998848546468256,6.504080796051484,0.0760795600000001,-0.0733956000000012,0.0017834800000005,6.510670841933658,1.0,0.0,0.0,0.0,3348.0,0.0,0.0,0.0,0.0,0.0,5.590074231974586,0.0,0.0
64.3757696,64.9569641,0.3523904999999736,0.0793685000000423,7.732210000000012,0.2937300584121549,0.0949802718663533,6.797673953782624,0.0788795600000001,-0.0777956000000012,0.0021834800000005,6.804679991093873,1.0,0.0,0.0,0.0,3368.04,0.0,0.0,0.0,0.0,0.0,5.786162592385889,0.0,0.0
64.4866069,65.0678014,0.2873904999999732,0.2143685000000423,8.11721000000001,0.2922145411792209,0.1235208902157925,7.113118577445578,0.0824795600000001,-0.0841956000000012,-0.0006165199999994,7.120189789970326,1.0,0.49,0.0,0.0,3382.21,0.0,0.0,0.06888849700996072,0.0,0.0,5.933999784218944,0.0,0.0
64.59748180000001,65.1786763,0.3673904999999733,0.2143685000000423,8.357210000000013,0.3101858971771814,0.1452386675824824,7.410527618839312,0.0848795600000001,-0.0869956000000012,-0.0002165199999994,7.418438457717972,1.0,0.0,0.0,0.0,3412.02,0.0,0.0,0.0,0.0,0.0,6.273452827469904,0.0,0.0
64.7074461,65.2886406,0.4073904999999733,0.2843685000000424,8.27721000000001,0.3334233596501777,0.1784986590416447,7.617714302631889,0.0836795600000001,-0.0845956000000012,0.0005834800000005,7.627096702190324,1.0,0.0,0.0,0.0,3415.93,0.0,0.0,0.0,0.0,0.0,6.321151385285644,0.0,0.0
64.8174654,65.3986599,0.3223904999999734,0.1393685000000424,8.387210000000014,0.3307858748537134,0.1691443118617145,7.801667807625083,0.0852795600000001,-0.0877956000000012,-0.0010165199999994,7.810508925401179,1.0,0.0,0.0,0.0,3416.42,0.0,0.0,0.0,0.0,0.0,6.327184958786112,0.0,0.0
64.9282582,65.5094527,0.5023904999999735,0.3593685000000424,8.177210000000013,0.3718092000999313,0.2146187781416604,7.891443881482904,0.0820795600000001,-0.0841956000000012,-0.0014165199999994,7.903112667538275,1.0,0.0,0.0,0.0,3417.89,0.0,0.0,0.0,0.0,0.0,6.34536154091662,0.0,0.0
65.03830160000001,65.6194961,0.4623904999999735,0.3143685000000424,7.982210000000012,0.3934633141650825,0.2384646697050635,7.913142177773523,0.0800795600000001,-0.0809956000000012,-0.0002165199999994,7.926506033805159,1.0,0.49,0.0,0.0,3418.87,0.0,0.0,0.06888849700996072,0.0,0.0,6.357542912559899,0.0,0.0
65.1491144,65.7303089,0.5023904999999735,0.2143685000000423,8.227210000000014,0.419503144786497,0.2327043062757292,7.988222359380442,0.0824795600000001,-0.0845956000000012,-0.0010165199999994,8.002613988288493,1.0,0.0,0.0,0.0,3413.49,0.0,0.0,0.0,0.0,0.0,6.291292988042623,0.0,0.0
65.25932060000001,65.8405151,0.5673904999999735,0.3493685000000424,8.487210000000012,0.4548566853309583,0.260593724522243,8.107508959363004,0.0832795600000001,-0.0841956000000012,-0.0002165199999994,8.124438763360951,1.0,0.0,0.0,0.0,3419.84,0.0,0.0,0.0,0.0,0.0,6.369650527734973,0.0,0.0
65.3707851,65.9519796,0.8323904999999734,0.4293685000000424,8.802210000000013,0.5451088708848852,0.300940553763483,8.273582261377143,0.0852795600000001,-0.0849956000000012,0.0005834800000005,8.296979711545124,1.0,0.0,0.49,0.0,3435.48,0.49,0.0,0.0,0.05401493744611888,0.0,6.572107773927167,0.005926265570176409,0.0
65.480796,66.0619905,0.5823904999999734,0.3343685000000425,8.65221000000001,0.5540213136328216,0.3089317457818022,8.36409595735432,0.0856795600000001,-0.0877956000000012,0.0001834800000005,8.388115379710873,1.0,0.0,0.0,0.0,3450.64,0.0,0.0,0.0,0.0,0.0,6.782402881502593,0.0,0.0
65.59075920000001,66.1719537,0.7573904999999734,0.4343685000000423,8.397210000000012,0.6026381866937176,0.338918307983951,8.372012108451724,0.0820795600000001,-0.0817956000000012,0.0017834800000005,8.40051338595508,1.0,0.0,0.0,0.0,3448.68,0.0,0.49,0.0,0.0,0.0,6.754379252720294,0.0,0.010519114903947972
65.7016851,66.2828796,0.6523904999999734,0.3693685000000424,8.122210000000013,0.6145318365809203,0.3461976463457302,8.312295109953162,0.0800795600000001,-0.0781956000000012,0.0013834800000005,8.342167115531677,1.0,0.0,0.0,0.0,3438.42,0.0,0.0,0.0,0.0,0.0,6.611760206071007,0.0,0.0
65.8116025,66.392797,0.6273904999999735,0.2843685000000424,8.002210000000012,0.6176057929572234,0.3314169422821111,8.238167024484747,0.0792795600000001,-0.0789956000000012,0.0001834800000005,8.26793021429389,1.0,0.0,0.49,0.0,3415.93,0.0,0.0,0.0,0.05401493744611888,0.0,6.321151385285644,0.0,0.0
65.93087510000001,66.5120696,0.4973904999999734,0.2093685000000424,7.902210000000012,0.5888674587873177,0.3022403805241505,8.15785407095892,0.0788795600000001,-0.0789956000000012,-0.0006165199999994,8.184662312807966,1.0,0.0,0.0,0.0,3413.49,0.49,0.0,0.0,0.0,0.0,6.291292988042623,0.005926265570176409,0.0
66.04083080000001,66.6220253,0.4273904999999733,0.2893685000000423,7.852210000000013,0.5502652253425176,0.2991632645034087,8.084787647942415,0.0776795600000001,-0.0769956000000012,0.0005834800000005,8.10901238063994,1.0,0.0,0.0,0.0,3413.98,0.0,0.0,0.0,0.0,0.0,6.297264377138425,0.0,0.0
66.1508209,66.7320154,0.4373904999999736,0.2743685000000424,7.872210000000012,0.52328170688631,0.2932358969411531,8.033969425623614,0.0784795600000001,-0.0785956000000012,-0.0010165199999994,8.056331408766136,1.0,0.49,0.0,0.49,3408.6,0.0,0.0,0.06888849700996072,0.0,0.00754893254491928,6.23237147596219,0.0,0.0
66.2624711,66.8436656,0.4073904999999733,0.1093685000000423,7.932210000000013,0.4955770767271705,0.2492810675158868,8.009643099857817,0.0824795600000001,-0.0809956000000012,0.0021834800000005,8.02883056719341,1.0,0.49,0.0,0.0,3413.49,0.49,0.0,0.06888849700996072,0.0,0.0,6.291292988042623,0.005926265570176409,0.0
66.3724428,66.9536373,0.6523904999999734,0.1293685000000424,7.882210000000012,0.5330644583196544,0.2206151020495198,7.979179296809707,0.0800795600000001,-0.0769956000000012,0.0033834800000005,8.000008186909097,1.0,0.0,0.49,0.0,3416.42,0.49,0.0,0.0,0.05401493744611888,0.0,6.327184958786112,0.005926265570176409,0.0
66.482456,67.0636505,0.1623904999999732,-0.0256314999999576,8.002210000000012,0.4444521709789674,0.1617480730400057,7.984684952772183,0.0840795600000001,-0.0849956000000012,-0.0010165199999994,7.998680764128956,1.0,0.49,0.0,0.0,3414.47,0.0,0.0,0.06888849700996072,0.0,0.0,6.303248170166852,0.0,0.0
66.5932726,67.1744671,0.3473904999999733,0.3143685000000424,7.682210000000013,0.421248877395715,0.1982330885753499,7.912376130350694,0.0768795600000001,-0.0761956000000012,-0.0022165199999994,7.926061001673952,1.0,0.0,0.0,0.0,3416.91,0.0,0.0,0.0,0.0,0.0,6.333231147213223,0.0,0.0
66.70354250000001,67.284737,0.0773904999999732,-0.0006314999999577,7.732210000000012,0.3390470483802127,0.1506930721560551,7.869306115440378,0.0812795600000001,-0.0829956000000012,-0.0014165199999994,7.878047984210206,1.0,0.49,0.49,0.0,3412.02,0.0,0.0,0.06888849700996072,0.05401493744611888,0.0,6.273452827469904,0.0,0.0
66.8141191,67.3953136,0.3373904999999735,0.1143685000000425,7.702210000000012,0.3386510385236559,0.1420094207875926,7.829360582007073,0.0776795600000001,-0.0773956000000012,-0.0018165199999994,7.837967741996117,1.0,0.49,0.49,0.0,3410.56,0.0,0.0,0.06888849700996072,0.05401493744611888,0.0,6.255843052356862,0.0,0.0
66.924954,67.5061485,0.2023904999999732,0.0193685000000423,7.832210000000013,0.3060769724964871,0.1126912227630624,7.830041755961371,0.0828795600000001,-0.0825956000000012,0.0009834800000005,7.836832033728877,1.0,0.0,0.49,0.49,3415.93,0.0,0.0,0.0,0.05401493744611888,0.00754893254491928,6.321151385285644,0.0,0.0
67.03494280000001,67.6161373,0.1123904999999734,-0.1306314999999576,7.752210000000013,0.2597748221305226,0.0545231682179416,7.811435512472504,0.0828795600000001,-0.0829956000000012,0.0001834800000005,7.815943992864971,1.0,0.98,0.0,0.0,3415.93,0.0,0.0,0.09983426901483061,0.0,0.0,6.321151385285644,0.0,0.0
67.1449467,67.7261412,0.2023904999999732,0.0443685000000424,7.862210000000013,0.2460566854032121,0.052095621427083,7.823573520491085,0.0824795600000001,-0.0829956000000012,-0.0002165199999994,7.82761524838394,1.0,0.49,0.98,0.0,3420.82,0.0,0.0,0.06888849700996072,0.08575705582568133,0.0,6.381934377721127,0.0,0.0
67.2558047,67.8369992,0.4523904999999733,0.1143685000000425,7.852210000000013,0.2953822742577163,0.0669824028849802,7.830419277776474,0.0828795600000001,-0.0797956000000012,0.0021834800000005,7.836274841786456,1.0,0.49,0.0,0.0,3421.8,0.0,0.0,0.06888849700996072,0.0,0.0,6.394270260255136,0.0,0.0
67.3658132,67.9470077,0.5223904999999736,0.0093685000000423,7.862210000000013,0.3496502304404487,0.0532093832199311,7.838019079567811,0.0824795600000001,-0.0785956000000012,0.0049834800000005,7.845994494885829,1.0,0.98,0.98,0.0,3420.33,0.0,0.0,0.09983426901483061,0.08575705582568133,0.0,6.375785970991769,0.0,0.0
67.476313,68.0575075,0.3423904999999734,0.0243685000000424,7.892210000000012,0.3479147394371866,0.0463147617509044,7.850973810551241,0.0824795600000001,-0.0809956000000012,0.0009834800000005,7.85881540036634,1.0,0.0,0.0,0.0,3421.31,0.98,0.0,0.0,0.0,0.0,6.3880957925345125,0.009006928992634852,0.0
67.5874977,68.1686922,0.2223904999999733,0.0543685000000424,7.852210000000013,0.3179072632614831,0.0482400660564305,7.851269330568721,0.0828795600000001,-0.0829956000000012,0.0009834800000005,7.857850993314683,1.0,0.0,0.0,0.0,3426.2,0.0,0.0,0.0,0.0,0.0,6.450306769036197,0.0,0.0
67.69814960000001,68.2793441,0.1373904999999733,0.0293685000000423,7.7822100000000125,0.2747534270209987,0.0437286818698047,7.834760198738553,0.0812795600000001,-0.0841956000000012,-0.0014165199999994,7.839698273212791,1.0,0.0,0.0,0.0,3422.78,0.0,0.0,0.0,0.0,0.0,6.406658534777124,0.0,0.0
67.8096383,68.3908328,0.1473904999999735,0.0593685000000423,7.702210000000012,0.2443063992964217,0.0474674933697954,7.803073116239072,0.0804795600000001,-0.0825956000000012,-0.0014165199999994,7.807040978311625,1.0,0.0,0.0,0.0,3426.69,0.0,0.0,0.0,0.0,0.0,6.4566140023627,0.0,0.0
67.92125680000001,68.5024513,0.1523904999999734,0.0393685000000423,7.682210000000013,0.2223332396049332,0.0455313705007808,7.774179915234026,0.0800795600000001,-0.0817956000000012,-0.0010165199999994,7.777491789102772,1.0,0.0,0.0,0.49,3424.73,0.0,0.0,0.0,0.0,0.00754893254491928,6.4314659539016965,0.0,0.0
68.031666,68.6128605,0.0773904999999732,0.0443685000000424,7.632210000000012,0.1876836306924445,0.0452533779074555,7.740240981461938,0.0800795600000001,-0.0833956000000012,-0.0018165199999994,7.742648349534209,1.0,0.0,0.0,0.0,3421.8,0.0,0.0,0.0,0.0,0.0,6.394270260255136,0.0,0.0
68.14301060000001,68.7242051,0.0823904999999736,0.1943685000000423,7.777210000000012,0.1625125472038251,0.0809004249932781,7.749078692393262,0.0796795600000001,-0.0841956000000012,-0.0010165199999994,7.751204795879543,1.0,0.0,0.49,0.49,3426.69,0.49,0.49,0.0,0.05401493744611888,0.00754893254491928,6.4566140023627,0.005926265570176409,0.010519114903947972
68.2538459,68.8350404,0.1673904999999735,0.1443685000000423,7.747210000000012,0.1636786570561763,0.0960729267923101,7.748631967977949,0.0792795600000001,-0.0845956000000012,-0.0038165199999994,7.750955946540269,1.0,0.49,0.0,0.0,3426.69,0.0,0.0,0.06888849700996072,0.0,0.0,6.4566140023627,0.0,0.0
68.3646708,68.9458653,0.2073904999999736,0.2393685000000425,7.642210000000013,0.174128288869227,0.1303287686790527,7.723191027781958,0.0776795600000001,-0.0817956000000012,-0.0026165199999994,7.726253031097394,1.0,0.0,0.0,0.0,3425.71,0.0,0.0,0.0,0.0,0.0,6.444013047818252,0.0,0.0
68.4754743,69.0566688,0.0773904999999732,0.1393685000000424,7.542210000000012,0.1510024216439062,0.1324897817508351,7.679926205754198,0.0772795600000001,-0.0821956000000012,-0.0046165199999994,7.682553078205237,1.0,0.0,0.0,0.0,3423.26,0.0,0.0,0.0,0.0,0.0,6.41274548592736,0.0,0.0
68.5863425,69.167537,0.0273904999999734,0.2343685000000424,7.502210000000012,0.1214520988505257,0.1568446252805061,7.637441863015976,0.0756795600000001,-0.0809956000000012,-0.0042165199999994,7.640017608601666,1.0,0.0,0.0,0.49,3419.84,0.0,0.0,0.0,0.0,0.00754893254491928,6.369650527734973,0.0,0.0
68.6971661,69.2783606,0.2823904999999733,0.3043685000000424,7.402210000000013,0.1599255862016558,0.1921112731872494,7.58120798693861,0.0740795600000001,-0.0785956000000012,-0.0034165199999994,7.585327776413445,1.0,0.0,0.0,0.0,3414.47,0.0,0.0,0.0,0.0,0.0,6.303248170166852,0.0,0.0
68.8079819,69.3891764,0.0223904999999735,0.2743685000000424,7.362210000000013,0.127046830345225,0.2117754574510303,7.528854936204739,0.0748795600000001,-0.0825956000000012,-0.0066165199999994,7.532904246828962,1.0,0.0,0.0,0.0,3413.0,0.0,0.0,0.0,0.0,0.0,6.285333961094647,0.0,0.0
68.9275308,69.5087253,0.1173904999999733,0.4743685000000424,7.372210000000012,0.1247384148226215,0.2745502211422805,7.491407832662963,0.0728795600000001,-0.0793956000000012,-0.0070165199999994,7.497474828990473,1.0,0.0,0.0,0.0,3411.53,0.0,0.0,0.0,0.0,0.0,6.267530638187115,0.0,0.0
69.0375106,69.6187051,0.1473904999999735,0.3493685000000424,7.512210000000012,0.1301535594141121,0.2924360711613473,7.496380741031643,0.0748795600000001,-0.0801956000000012,-0.0042165199999994,7.503211513695624,1.0,0.0,0.0,0.0,3414.47,0.0,0.0,0.0,0.0,0.0,6.303248170166852,0.0,0.0
69.14836340000001,69.7295579,0.0623904999999735,0.1593685000000424,7.692210000000013,0.113954310567202,0.260625307046908,7.54319513998236,0.0788795600000001,-0.0841956000000012,-0.0026165199999994,7.548556421954044,1.0,0.0,0.0,0.0,3416.91,0.0,0.0,0.0,0.0,0.0,6.333231147213223,0.0,0.0
69.25848160000001,69.8396761,0.2173904999999734,0.1243685000000422,7.817210000000013,0.1386814788338695,0.228052133056227,7.60870037164625,0.0812795600000001,-0.0853956000000012,-0.0018165199999994,7.613380436668907,1.0,0.0,0.0,0.0,3422.29,0.0,0.0,0.0,0.0,0.0,6.400457825919169,0.0,0.0
69.3691854,69.9503799,0.2923904999999736,0.2143685000000423,7.922210000000013,0.1754267306777548,0.2247809617289081,7.683647112975719,0.0820795600000001,-0.0829956000000012,0.0001834800000005,7.688935815529491,1.0,0.0,0.0,0.49,3428.15,0.49,0.0,0.0,0.0,0.00754893254491928,6.475487559549229,0.005926265570176409,0.0
69.47918,70.0603745,0.4273904999999733,0.1743685000000423,7.912210000000013,0.2356604898224083,0.2127294985926253,7.738286722168191,0.0820795600000001,-0.0809956000000012,0.0025834800000005,7.7447963885772575,1.0,0.0,0.0,0.0,3427.66,0.0,0.0,0.0,0.0,0.0,6.469139784721428,0.0,0.0
69.5891745,70.170369,0.2623904999999733,-0.0156314999999576,7.982210000000012,0.2420504918425424,0.1581381522881181,7.796598343740683,0.0852795600000001,-0.0853956000000012,0.0013834800000005,7.801957565215943,1.0,0.0,0.0,0.98,3428.15,0.0,0.0,0.0,0.0,0.011866072241428612,6.475487559549229,0.0,0.0
69.6991491,70.2803436,0.4173904999999736,0.0693685000000423,7.952210000000012,0.2839667873805334,0.1369171256712446,7.833798434247499,0.0824795600000001,-0.0829956000000012,0.0009834800000005,7.840139115095845,1.0,0.0,0.0,0.0,3433.53,0.0,0.0,0.0,0.0,0.0,6.54609526752186,0.0,0.0
69.80916570000001,70.3903602,0.3173904999999735,0.1093685000000423,8.012210000000014,0.2919569673220982,0.1303314277039968,7.876449007816331,0.0840795600000001,-0.0841956000000012,0.0017834800000005,7.882935628593331,1.0,0.0,0.0,0.0,3434.99,0.0,0.0,0.0,0.0,0.0,6.565549902423556,0.0,0.0
69.9200383,70.5012328,0.3673904999999733,-0.0056314999999576,7.912210000000013,0.3099898982112172,0.0978285076931087,7.884997931321325,0.0836795600000001,-0.0829956000000012,0.0017834800000005,7.891695415489123,1.0,0.0,0.0,0.0,3434.99,0.0,0.0,0.0,0.0,0.0,6.565549902423556,0.0,0.0
70.03002670000001,70.6112212,0.2173904999999734,-0.0456314999999576,7.902210000000012,0.2878533431668167,0.0635333565548363,7.889112600672248,0.0828795600000001,-0.0833956000000012,0.0009834800000005,7.894618018666456,1.0,0.0,0.0,0.0,3431.09,0.0,0.0,0.0,0.0,0.0,6.513863632085082,0.0,0.0
70.14086230000001,70.7220568,0.3123904999999736,0.0593685000000423,7.962210000000012,0.2937191277546512,0.0625377175101105,7.906587062008705,0.0828795600000001,-0.0821956000000012,0.0009834800000005,7.912287966273963,1.0,0.0,0.0,0.49,3434.99,0.0,0.0,0.0,0.0,0.00754893254491928,6.565549902423556,0.0,0.0
70.2525351,70.8337296,0.3673904999999733,-0.0306314999999575,7.982210000000012,0.3113308014632074,0.0402649430461733,7.924665271606189,0.0840795600000001,-0.0825956000000012,0.0021834800000005,7.930880644706452,1.0,0.0,0.0,0.0,3436.46,0.0,0.0,0.0,0.0,0.0,6.585266908916045,0.0,0.0
70.3642045,70.945399,0.4823904999999735,0.1543685000000423,8.032210000000013,0.352223858067088,0.0675422225756692,7.950374615789983,0.0832795600000001,-0.0825956000000012,0.0005834800000005,7.958459658088357,1.0,0.0,0.0,0.0,3437.93,0.0,0.0,0.0,0.0,0.0,6.6051148721260455,0.0,0.0
70.47421820000001,71.0554127,0.1573904999999733,-0.0256314999999576,8.012210000000014,0.3056475364208165,0.0452683711432674,7.965156811060132,0.0844795600000001,-0.0853956000000012,0.0005834800000005,7.971147512543204,1.0,0.0,0.49,0.0,3436.46,0.0,0.0,0.0,0.05401493744611888,0.0,6.585266908916045,0.0,0.0
70.585026,71.1662205,0.0773904999999732,-0.0206314999999575,8.007210000000011,0.251081043024446,0.0295145309114659,7.975209929652076,0.0856795600000001,-0.0869956000000012,-0.0002165199999994,7.97921589003094,1.0,0.0,0.0,0.0,3437.93,0.0,0.0,0.0,0.0,0.0,6.6051148721260455,0.0,0.0
70.6955082,71.2767027,0.1973904999999733,0.0193685000000423,8.067210000000014,0.2382459308748653,0.0270890489311127,7.997203211041441,0.0852795600000001,-0.0857956000000012,0.0005834800000005,8.000797093967698,1.0,0.0,0.0,0.0,3440.37,0.0,0.0,0.0,0.0,0.0,6.638352710311391,0.0,0.0
70.80658170000001,71.3877762,0.1923904999999734,-0.0056314999999576,8.082210000000014,0.2272838588824418,0.0192669653486334,8.017524697997937,0.0864795600000001,-0.0857956000000012,0.0009834800000005,8.020768756887904,1.0,0.0,0.0,0.0,3440.86,0.0,0.0,0.0,0.0,0.0,6.645072081154897,0.0,0.0
70.91756020000001,71.4987547,0.1223904999999736,-0.0206314999999575,8.11721000000001,0.2022083437327995,0.009728948996072,8.041355189529344,0.0856795600000001,-0.0869956000000012,0.0013834800000005,8.043903042111724,1.0,0.0,0.0,0.0,3440.86,0.0,0.0,0.0,0.0,0.0,6.645072081154897,0.0,0.0
71.0280571,71.6092516,0.1123904999999734,-0.0006314999999577,8.02721000000001,0.1807367393793314,0.007252208823721,8.037973679793016,0.0840795600000001,-0.0857956000000012,0.0001834800000005,8.040008659232871,1.0,0.0,0.49,0.49,3440.86,0.0,0.0,0.0,0.05401493744611888,0.00754893254491928,6.645072081154897,0.0,0.0
71.13885780000001,71.7200523,0.1373904999999733,0.0343685000000424,8.037210000000012,0.1703745077393378,0.0137345541069514,8.037791116621973,0.0840795600000001,-0.0861956000000012,0.0009834800000005,8.039608332830092,1.0,0.0,0.0,0.0,3441.84,0.0,0.0,0.0,0.0,0.0,6.6585559666784775,0.0,0.0
71.25838610000001,71.8395806,0.0073904999999734,-0.0406314999999575,7.977210000000013,0.1314120033562224,0.0007379561534853,8.023308763079092,0.0856795600000001,-0.0889956000000012,-0.0022165199999994,8.02438490894518,1.0,0.0,0.0,0.0,3441.35,0.0,0.0,0.0,0.0,0.0,6.651806481711575,0.0,0.0
71.36839400000001,71.9495885,0.0423904999999735,0.0043685000000424,7.947210000000012,0.110130769922228,0.0016058638856401,8.005116804057199,0.0840795600000001,-0.0869956000000012,0.0001834800000005,8.005874493887687,1.0,0.0,0.0,0.0,3439.88,0.0,0.0,0.0,0.0,0.0,6.631648314756842,0.0,0.0
71.47922360000001,72.0604181,-0.1076095000000263,-0.0556314999999576,8.037210000000012,0.058078385526372,-0.0120771414116455,8.012788914376081,0.0864795600000001,-0.0897956000000012,-0.0010165199999994,8.013008495100841,1.0,0.0,0.0,0.0,3440.86,0.0,0.0,0.0,0.0,0.0,6.645072081154897,0.0,0.0
71.59006620000001,72.1712607,0.1473904999999735,0.0143685000000424,7.932210000000013,0.0794290916472311,-0.0057551197991635,7.993525942823775,0.0828795600000001,-0.0845956000000012,-0.0002165199999994,7.993922635389994,1.0,0.49,0.0,0.0,3440.37,0.49,0.0,0.06888849700996072,0.0,0.0,6.638352710311391,0.005926265570176409,0.0
71.7000526,72.2812471,-0.1426095000000264,-0.1256314999999577,7.927210000000012,0.0263491623936104,-0.0344124344264647,7.977672637651201,0.0852795600000001,-0.0889956000000012,-0.0018165199999994,7.977790371245078,1.0,0.0,0.0,0.0,3440.37,0.0,0.0,0.0,0.0,0.0,6.638352710311391,0.0,0.0
71.8108608,72.3920553,-0.0726095000000266,-0.0106314999999574,7.937210000000012,0.0026923793095601,-0.028727430267596,7.967999751834343,0.0852795600000001,-0.0881956000000012,-0.0002165199999994,7.968051992763869,1.0,0.0,0.0,0.98,3438.42,0.0,0.0,0.0,0.0,0.011866072241428612,6.611760206071007,0.0,0.0
71.9217138,72.5029083,-0.0026095000000263,0.0043685000000424,7.887210000000013,0.0014249267618914,-0.0208156090650014,7.948686378064631,0.0844795600000001,-0.0869956000000012,-0.0006165199999994,7.948713761158294,1.0,0.0,0.0,0.0,3439.88,0.0,0.0,0.0,0.0,0.0,6.631648314756842,0.0,0.0
72.03256780000001,72.6137623,-0.0076095000000266,-0.0456314999999576,7.872210000000012,-0.0007348182167268,-0.0267480270533377,7.930404147452702,0.0852795600000001,-0.0877956000000012,0.0001834800000005,7.930449289847585,1.0,0.0,0.0,0.0,3439.39,0.0,0.49,0.0,0.0,0.0,6.624958840338014,0.0,0.010519114903947972
72.1425919,72.7237864,-0.0576095000000265,-0.0256314999999576,7.877210000000013,-0.0143311217375838,-0.0264811131958704,7.917687702250324,0.0852795600000001,-0.0893956000000012,-0.0022165199999994,7.917744955526944,1.0,0.0,0.49,0.0,3438.91,0.49,0.0,0.0,0.05401493744611888,0.0,6.61842030138732,0.005926265570176409,0.0
72.2525404,72.8337349,0.1473904999999735,-0.0106314999999574,7.812210000000012,0.0243296001528145,-0.0226921486699521,7.892472495597529,0.0828795600000001,-0.0849956000000012,0.0001834800000005,7.892542616724875,1.0,0.0,0.0,0.0,3438.9,0.49,0.0,0.0,0.0,0.0,6.61828423317103,0.005926265570176409,0.0
72.3625432,72.9437377,-0.1126095000000266,-0.0606314999999575,7.882210000000012,-0.0084066809334696,-0.0317618246644937,7.890019171892669,0.0852795600000001,-0.0873956000000012,-0.0002165199999994,7.890087579908363,1.0,0.0,0.49,0.0,3436.95,0.0,0.49,0.0,0.05401493744611888,0.0,6.591868276246928,0.0,0.010519114903947972
72.47256,73.0537545,-0.0326095000000266,-0.0156314999999576,7.947210000000012,-0.0141925396630725,-0.0279057540342507,7.903691052476007,0.0856795600000001,-0.0881956000000012,-0.0010165199999994,7.903753058660145,1.0,0.0,0.0,0.0,3438.42,0.0,0.0,0.0,0.0,0.0,6.611760206071007,0.0,0.0
72.5834681,73.1646626,0.0223904999999735,-0.0106314999999574,7.752210000000013,-0.005447099769985,-0.0237762188248668,7.8674784126414705,0.0812795600000001,-0.0853956000000012,-0.0014165199999994,7.867516225141011,1.0,0.0,0.0,0.0,3437.93,0.0,0.0,0.0,0.0,0.0,6.6051148721260455,0.0,0.0
72.6934655,73.27466,-0.1676095000000264,-0.1856314999999575,7.867210000000012,-0.0442131929430239,-0.0624688929693113,7.867414246660621,0.0848795600000001,-0.0901956000000012,-0.0014165199999994,7.867786480172015,1.0,0.49,0.49,0.0,3438.91,0.0,0.0,0.06888849700996072,0.05401493744611888,0.0,6.61842030138732,0.0,0.0
72.80449610000001,73.3856906,-0.1826095000000265,-0.0256314999999576,7.837210000000012,-0.0772978298660433,-0.0536626480810017,7.860193703312683,0.0840795600000001,-0.0889956000000012,-0.0010165199999994,7.860756941153785,1.0,0.0,0.0,0.0,3439.39,0.0,0.0,0.0,0.0,0.0,6.624958840338014,0.0,0.0
72.9150699,73.4962644,0.2223904999999733,0.0843685000000424,7.842210000000013,-0.0056551697797492,-0.0206653050489515,7.855894569128518,0.0836795600000001,-0.0857956000000012,0.0013834800000005,7.855923785083518,1.0,0.0,0.0,0.0,3440.37,0.0,0.0,0.0,0.0,0.0,6.638352710311391,0.0,0.0
73.03424890000001,73.6154434,-0.0426095000000263,-0.0656314999999576,7.947210000000012,-0.0144893693626012,-0.031414798770276,7.877724182505471,0.0860795600000001,-0.0897956000000012,0.0009834800000005,7.877800145157137,1.0,0.0,0.0,0.0,3440.37,0.0,0.0,0.0,0.0,0.0,6.638352710311391,0.0,0.0
73.1450466,73.7262411,-0.1526095000000267,-0.0556314999999576,7.977210000000013,-0.0475079843175297,-0.0372039761312532,7.901506985824355,0.0856795600000001,-0.0909956000000012,-0.0022165199999994,7.901737390691048,1.0,0.0,0.0,0.0,3440.86,0.0,0.0,0.0,0.0,0.0,6.645072081154897,0.0,0.0
73.25505340000001,73.8362479,-0.1126095000000266,0.0143685000000424,8.007210000000011,-0.0630709719094351,-0.0248752031725772,7.926776054920468,0.0860795600000001,-0.0913956000000012,-0.0022165199999994,7.927065998721783,1.0,0.0,0.49,0.0,3441.35,0.0,0.0,0.0,0.05401493744611888,0.0,6.651806481711575,0.0,0.0
73.36589880000001,73.9470933,-0.2226095000000265,-0.1406314999999576,7.957210000000013,-0.1012098094937077,-0.0525475821075854,7.934051509334704,0.0860795600000001,-0.0909956000000012,-0.0006165199999994,7.9348710151268,1.0,0.0,0.0,0.0,3442.33,0.0,0.49,0.0,0.0,0.0,6.66532059102709,0.0,0.010519114903947972
73.4767795,74.057974,-0.2426095000000265,-0.1306314999999576,7.937210000000012,-0.1350124269255589,-0.0712141067275809,7.934806569343953,0.0856795600000001,-0.0909956000000012,-0.0030165199999994,7.936274635956425,1.0,0.0,0.49,0.0,3440.37,0.0,0.0,0.0,0.05401493744611888,0.0,6.638352710311391,0.0,0.0
73.58704900000001,74.1682435,-0.2226095000000265,-0.0506314999999575,7.937210000000012,-0.1559531400111637,-0.0662936859086045,7.9353811268037315,0.0856795600000001,-0.0921956000000012,-0.0034165199999994,7.937190300245015,1.0,0.0,0.0,0.0,3442.33,0.0,0.49,0.0,0.0,0.0,6.66532059102709,0.0,0.010519114903947972
73.69755450000001,74.278749,-0.3526095000000264,-0.1206314999999575,7.9072100000000125,-0.2029652634354852,-0.0792835328823571,7.92864661544405,0.0856795600000001,-0.0913956000000012,-0.0042165199999994,7.931640305090753,1.0,0.0,0.0,0.0,3440.86,0.0,0.0,0.0,0.0,0.0,6.645072081154897,0.0,0.0
73.8084644,74.3896589,-0.2526095000000263,-0.0406314999999575,7.887210000000013,-0.2148330767968766,-0.0700434852145816,7.918740893200175,0.0840795600000001,-0.0909956000000012,-0.0034165199999994,7.92196419294784,1.0,0.0,0.0,0.0,3441.35,0.0,0.0,0.0,0.0,0.0,6.651806481711575,0.0,0.0
73.9184603,74.4996548,-0.4376095000000264,-0.0956314999999576,7.877210000000013,-0.2680893900137413,-0.0761604849868829,7.908812633177671,0.0832795600000001,-0.0933956000000012,-0.0046165199999994,7.913721602837827,1.0,0.0,0.0,0.0,3441.84,0.0,0.0,0.0,0.0,0.0,6.6585559666784775,0.0,0.0
74.02845830000001,74.6096528,-0.4726095000000265,-0.0906314999999575,7.917210000000012,-0.3169813996796152,-0.0796198856587371,7.91082008437586,0.0848795600000001,-0.0953956000000012,-0.0054165199999994,7.917568499312124,1.0,0.0,0.0,0.0,3442.33,0.0,0.0,0.0,0.0,0.0,6.66532059102709,0.0,0.0
74.13843940000001,74.7196339,-0.4976095000000264,-0.0806314999999575,7.992210000000012,-0.3601618518482856,-0.079861719374514,7.930276931634878,0.0852795600000001,-0.0957956000000012,-0.0054165199999994,7.938852981770637,1.0,0.0,0.0,0.0,3445.75,0.0,0.0,0.0,0.0,0.0,6.712961136379162,0.0,0.0
74.24927650000001,74.830471,-0.3826095000000267,-0.2606314999999575,7.857210000000012,-0.3655281242920304,-0.1230760412435457,7.912809753820494,0.0856795600000001,-0.0933956000000012,-0.0050165199999994,7.922204031816738,1.0,0.49,0.0,0.0,3441.84,0.0,0.0,0.06888849700996072,0.0,0.0,6.6585559666784775,0.0,0.0
74.35929250000001,74.940487,-0.1226095000000264,-0.0406314999999575,7.897210000000013,-0.3074566724054561,-0.1033670781119966,7.90908051998316,0.0844795600000001,-0.0893956000000012,-0.0014165199999994,7.915729216554918,1.0,0.0,0.0,0.0,3443.3,0.0,0.49,0.0,0.0,0.0,6.678756651452795,0.0,0.010519114903947972
74.47007640000001,75.0512709,-0.2576095000000267,-0.0956314999999576,7.752210000000013,-0.2955403457653708,-0.101517832285509,7.871579489009624,0.0836795600000001,-0.0873956000000012,-0.0010165199999994,7.877779739117112,1.0,0.0,0.0,0.0,3438.42,0.0,0.0,0.0,0.0,0.0,6.611760206071007,0.0,0.0
74.5801017,75.1612962,-0.1426095000000264,-0.0756314999999576,7.867210000000012,-0.2589811223722732,-0.0953295175598613,7.870534931098389,0.0844795600000001,-0.0893956000000012,-0.0038165199999994,7.875371676327621,1.0,0.0,0.0,0.0,3438.42,0.0,0.0,0.0,0.0,0.0,6.611760206071007,0.0,0.0
74.69145470000001,75.2726492,-0.2226095000000265,0.0443685000000424,7.847210000000012,-0.2502862233097475,-0.0619336973380735,7.8649589378291,0.0832795600000001,-0.0901956000000012,-0.0054165199999994,7.869184079063246,1.0,0.49,0.49,0.0,3443.79,0.0,0.0,0.06888849700996072,0.05401493744611888,0.0,6.685566713621049,0.0,0.0
74.80258280000001,75.3837773,-0.2376095000000266,-0.1506314999999576,7.897210000000013,-0.2472557610308447,-0.0831375477827923,7.872668787210174,0.0856795600000001,-0.0901956000000012,-0.0006165199999994,7.876989342148914,1.0,0.0,0.0,0.0,3446.24,0.0,0.0,0.0,0.0,0.0,6.719848569561932,0.0,0.0
74.91346460000001,75.4946591,-0.2026095000000265,-0.1556314999999575,7.977210000000013,-0.2365827498242192,-0.1004677507283937,7.897660119292607,0.0864795600000001,-0.0909956000000012,-0.0002165199999994,7.901841590813861,1.0,0.0,0.0,0.0,3444.77,0.0,0.0,0.0,0.0,0.0,6.699232977024908,0.0,0.0
75.0240934,75.6052879,-0.1926095000000267,-0.0556314999999576,7.947210000000012,-0.2260706268081086,-0.089749321112141,7.90950537620476,0.0856795600000001,-0.0901956000000012,-0.0002165199999994,7.913244477782643,1.0,0.0,0.0,0.0,3444.28,0.0,0.0,0.0,0.0,0.0,6.692392136690128,0.0,0.0
75.1347487,75.7159432,-0.2426095000000265,-0.0806314999999575,7.967210000000013,-0.2300243639150177,-0.0875696401116835,7.923300083358752,0.0860795600000001,-0.0905956000000012,-0.0018165199999994,7.927122041498832,1.0,0.0,0.49,0.0,3445.75,0.0,0.0,0.0,0.05401493744611888,0.0,6.712961136379162,0.0,0.0
75.24645100000001,75.8276455,-0.1726095000000267,-0.0656314999999576,8.037210000000012,-0.2162989259535145,-0.0823251692453921,7.950531071772737,0.0860795600000001,-0.0905956000000012,-0.0014165199999994,7.953898854152199,1.0,0.0,1.47,0.98,3444.77,0.0,0.0,0.0,0.11241876799942194,0.011866072241428612,6.699232977024908,0.0,0.0
75.35756090000001,75.9387554,-0.1676095000000264,-0.0406314999999575,7.957210000000013,-0.2046593669658754,-0.0723579964334361,7.952127717811445,0.0860795600000001,-0.0885956000000012,0.0009834800000005,7.955089966588674,1.0,0.0,0.0,0.49,3444.28,0.0,0.0,0.0,0.0,0.00754893254491928,6.692392136690128,0.0,0.0
75.4681204,76.0493149,-0.2226095000000265,-0.1906314999999576,8.017210000000013,-0.2089504759324621,-0.1006321318227576,7.967686107497691,0.0872795600000001,-0.0901956000000012,-0.0002165199999994,7.9710607220720195,1.0,0.0,0.0,0.0,3444.28,0.0,0.0,0.0,0.0,0.0,6.692392136690128,0.0,0.0
75.5789496,76.1601441,-0.2576095000000267,-0.1856314999999575,8.077210000000012,-0.2205827671296597,-0.1209518447878617,7.9938685851583315,0.0880795600000001,-0.0921956000000012,-0.0026165199999994,7.997826021031805,1.0,0.0,0.0,0.0,3446.73,0.49,0.0,0.0,0.0,0.0,6.726751648340719,0.005926265570176409,0.0
75.6897873,76.2709818,-0.0576095000000265,-0.0006314999999577,8.067210000000014,-0.1816228303668866,-0.0921883972189846,8.011401380166063,0.0852795600000001,-0.0889956000000012,-0.0038165199999994,8.013990118986857,1.0,0.0,0.0,0.0,3447.21,0.0,0.0,0.0,0.0,0.0,6.73352907353727,0.0,0.0
75.80059990000001,76.3817944,-0.1776095000000266,-0.1156314999999577,8.047210000000014,-0.1806634147519525,-0.097792640282624,8.019961689404898,0.0860795600000001,-0.0905956000000012,-0.0010165199999994,8.022592359670629,1.0,0.0,0.98,0.49,3449.17,0.0,0.0,0.0,0.08575705582568133,0.00754893254491928,6.761361106693763,0.0,0.0
75.9201256,76.5013201,-0.1126095000000266,0.0143685000000424,8.137210000000014,-0.1643946348355187,-0.0709797094896409,8.04799074500881,0.0860795600000001,-0.0913956000000012,-0.0030165199999994,8.049982530842499,1.0,0.0,0.0,0.0,3454.55,0.0,0.0,0.0,0.0,0.0,6.839084169530111,0.0,0.0
76.0301049,76.6112994,-0.2326095000000263,-0.0006314999999577,8.087210000000013,-0.1807018911107233,-0.0541624618430541,8.057366391219087,0.0868795600000001,-0.0929956000000012,-0.0034165199999994,8.059574424749162,1.0,0.0,0.0,0.0,3456.01,0.0,0.0,0.0,0.0,0.0,6.860519482940758,0.0,0.0
76.14013940000001,76.7213339,-0.1176095000000265,-0.0856314999999576,7.967210000000013,-0.1656191992608404,-0.0616853627345423,8.035813854643497,0.0852795600000001,-0.0885956000000012,-0.0026165199999994,8.03775709446484,1.0,0.0,0.0,0.0,3452.59,0.0,0.0,0.0,0.0,0.0,6.810540361571883,0.0,0.0
76.2509375,76.832132,-0.1076095000000263,-0.0556314999999576,7.967210000000013,-0.1517515616130592,-0.0602381431170922,8.019413607623434,0.0856795600000001,-0.0897956000000012,-0.0010165199999994,8.021075475300934,1.0,0.0,0.0,0.0,3449.17,0.0,0.0,0.0,0.0,0.0,6.761361106693763,0.0,0.0
76.3609385,76.942133,-0.1676095000000264,-0.1356314999999575,8.047210000000014,-0.155542516336037,-0.0782614696921998,8.026058536011373,0.0872795600000001,-0.0917956000000012,-0.0030165199999994,8.027947057343338,1.0,0.0,0.0,0.49,3450.15,0.0,0.0,0.0,0.0,0.00754893254491928,6.775372861332015,0.0,0.0
76.4717763,77.0529708,-0.1676095000000264,-0.1156314999999577,7.987210000000013,-0.1584272159481058,-0.0871950453838197,8.016771512851157,0.0860795600000001,-0.0889956000000012,-0.0022165199999994,8.018810862462987,1.0,0.0,0.0,0.0,3449.66,0.0,0.0,0.0,0.0,0.0,6.768358956364415,0.0,0.0
76.5817493,77.1629438,-0.0926095000000266,-0.1206314999999575,8.057210000000012,-0.1426930155091611,-0.0951882713917384,8.02643862531598,0.0872795600000001,-0.0897956000000012,-0.0018165199999994,8.028271240413462,1.0,0.0,0.0,0.0,3447.7,0.49,0.0,0.0,0.0,0.0,6.740463294985128,0.005926265570176409,0.0
76.691812,77.2730065,-0.1226095000000264,-0.2356314999999575,8.007210000000011,-0.1378919060512052,-0.1287622396977404,8.021841883534094,0.0880795600000001,-0.0909956000000012,-0.0026165199999994,8.024060137894546,1.0,0.0,0.0,0.0,3450.64,0.0,0.0,0.0,0.0,0.0,6.782402881502593,0.0,0.0
76.8017787,77.3829732,-0.1626095000000265,-0.1356314999999575,7.9072100000000125,-0.1438008254349467,-0.1304043859938475,7.994438303719172,0.0872795600000001,-0.0909956000000012,-0.0030165199999994,7.996794843764249,1.0,0.0,0.0,0.0,3449.66,0.0,0.0,0.0,0.0,0.0,6.768358956364415,0.0,0.0
76.91287410000001,77.4940686,-0.4126095000000265,-0.0356314999999576,7.967210000000013,-0.2080614808589437,-0.1077482429945759,7.987929181028441,0.0888795600000001,-0.0925956000000012,-0.0054165199999994,7.99136483116691,1.0,0.0,0.0,0.0,3447.7,0.0,0.0,0.0,0.0,0.0,6.740463294985128,0.0,0.0
77.0234971,77.6046916,-0.3276095000000265,-0.1556314999999575,7.827210000000012,-0.2366402984029684,-0.1191950814717195,7.949508099830801,0.0860795600000001,-0.0905956000000012,-0.0050165199999994,7.953922625192604,1.0,0.0,0.0,0.0,3443.79,0.0,0.0,0.0,0.0,0.0,6.685566713621049,0.0,0.0
77.1334649,77.7146594,-0.2426095000000265,-0.0106314999999574,7.877210000000013,-0.2380672791639336,-0.0932421730998473,7.932224716812924,0.0856795600000001,-0.0913956000000012,-0.0066165199999994,7.936344189251797,1.0,0.0,0.0,0.0,3447.21,0.0,0.0,0.0,0.0,0.0,6.73352907353727,0.0,0.0
77.2443305,77.825525,-0.0976095000000265,-0.0056314999999576,7.837210000000012,-0.2044898324424868,-0.072298208829924,7.909510762409473,0.0848795600000001,-0.0889956000000012,-0.0038165199999994,7.912484036207823,1.0,0.0,0.0,0.0,3449.17,0.0,0.0,0.0,0.0,0.0,6.761361106693763,0.0,0.0
77.35482730000001,77.9360218,-0.0676095000000267,-0.0606314999999575,7.847210000000012,-0.1717676002018843,-0.0695091978083579,7.894617315119038,0.0872795600000001,-0.0893956000000012,-0.0034165199999994,7.896791638965562,1.0,0.0,0.0,0.0,3447.7,0.0,0.0,0.0,0.0,0.0,6.740463294985128,0.0,0.0
77.46563280000001,78.0468273,-0.2576095000000267,-0.0206314999999575,7.867210000000012,-0.1922887264370951,-0.0578246310737995,7.888065398460061,0.0856795600000001,-0.0897956000000012,-0.0050165199999994,7.890620658266148,1.0,0.98,0.0,0.0,3447.7,0.0,0.0,0.09983426901483061,0.0,0.0,6.740463294985128,0.0,0.0
77.5851689,78.1663634,-0.0176095000000264,0.1393685000000424,7.887210000000013,-0.1505303955425867,-0.0106841886441883,7.887860909279121,0.0832795600000001,-0.0873956000000012,-0.0058165199999994,7.889304359447849,1.0,0.0,0.0,0.0,3450.15,0.0,0.0,0.0,0.0,0.0,6.775372861332015,0.0,0.0
77.69598380000001,78.2771783,-0.0276095000000267,0.1343685000000423,7.957210000000013,-0.1211452675304429,0.023991704380367,7.904439310366784,0.0848795600000001,-0.0877956000000012,-0.0058165199999994,7.905404011750178,1.0,0.0,0.0,0.0,3448.68,0.0,0.0,0.0,0.0,0.0,6.754379252720294,0.0,0.0
77.8059551,78.3871496,-0.1226095000000264,0.3493685000000424,8.212210000000013,-0.1214953028793421,0.1017753777685489,7.97801411693925,0.0852795600000001,-0.0945956000000012,-0.0094165199999994,7.979588246659325,1.0,0.0,0.0,0.0,3456.01,0.0,0.0,0.0,0.0,0.0,6.860519482940758,0.0,0.0
77.9159942,78.4971887,0.0373904999999732,0.2943685000000424,8.082210000000014,-0.0835125039718579,0.1478161548557237,8.00292289545542,0.0828795600000001,-0.0905956000000012,-0.0066165199999994,8.004723532050345,1.0,0.98,0.0,0.49,3469.7,0.0,0.0,0.09983426901483061,0.0,0.00754893254491928,7.069030970758587,0.0,0.0
78.0259978,78.6071923,-0.1326095000000267,0.3193685000000423,8.212210000000013,-0.0952494955299769,0.188826982189827,8.05295448960537,0.0852795600000001,-0.0973956000000012,-0.0070165199999994,8.055731134245786,1.0,0.0,0.49,0.0,3467.74,0.0,0.0,0.0,0.05401493744611888,0.0,7.0383155912005915,0.0,0.0
78.1359566,78.7171511,-0.0226095000000263,0.3593685000000424,8.272210000000012,-0.0778843798754941,0.2295961639478898,8.105369103181657,0.0836795600000001,-0.0941956000000012,-0.0046165199999994,8.108994307183844,1.0,0.0,0.0,0.0,3472.14,0.0,0.0,0.0,0.0,0.0,7.107688910507301,0.0,0.0
78.24600740000001,78.8272019,0.1623904999999732,0.5093685000000423,8.322210000000013,-0.0204449341890732,0.2964777618475939,8.157206485940304,0.0820795600000001,-0.0933956000000012,-0.0062165199999994,8.16261812857068,1.0,0.0,0.0,0.0,3477.03,0.49,0.0,0.0,0.0,0.0,7.186602631763936,0.005926265570176409,0.0
78.3568169,78.9380114,0.3473904999999733,0.8143685000000425,8.512210000000014,0.0674887834537922,0.4202832838440081,8.242072640383455,0.0860795600000001,-0.1005956000000012,-0.0086165199999994,8.253057262852856,1.0,0.0,0.0,0.0,3480.45,0.0,0.0,0.0,0.0,0.0,7.242969115200899,0.0,0.0
78.4668163,79.0480108,-0.0176095000000264,0.5393685000000423,8.582210000000014,0.0471454240772869,0.4487514649913483,8.32338493321966,0.0932795600000001,-0.1057956000000012,-0.0058165199999994,8.335606595496897,1.0,0.0,0.0,0.0,3470.19,0.0,0.0,0.0,0.0,0.0,7.076756581177669,0.0,0.0
78.576811,79.1580055,0.4023904999999734,0.3593685000000424,8.622210000000013,0.1320693256287325,0.4273838215424353,8.39482122402945,0.0896795600000001,-0.0945956000000012,-0.0022165199999994,8.4067307927103,1.0,0.0,0.0,0.0,3470.19,0.0,0.0,0.0,0.0,0.0,7.076756581177669,0.0,0.0
78.6868257,79.2680202,0.5773904999999735,0.6793685000000425,9.092210000000012,0.2385265691889725,0.4876225791669429,8.561537048590228,0.0892795600000001,-0.0989956000000012,-0.0054165199999994,8.57872877169488,1.0,0.0,0.98,0.0,3484.85,0.0,0.0,0.0,0.08575705582568133,0.0,7.316961112327707,0.0,0.0
78.8059999,79.3871944,0.0523904999999733,0.5143685000000424,9.772210000000012,0.1940293972748434,0.4940163847442149,8.850957163054808,0.0964795600000001,-0.1125956000000012,-0.0082165199999994,8.866856393200118,1.0,0.0,0.0,0.0,3513.2,0.0,0.0,0.0,0.0,0.0,7.837880463689784,0.0,0.0
78.91596390000001,79.4971584,-0.1776095000000266,0.5843685000000425,10.582210000000014,0.1051864343065752,0.515615710564626,9.264825659623057,0.1056795600000001,-0.1261956000000012,-0.0102165199999994,9.279758523267349,1.0,0.0,0.0,0.0,3534.21,0.0,0.0,0.0,0.0,0.0,8.282019178072074,0.0,0.0
79.0260094,79.6072039,0.3673904999999733,0.7743685000000424,11.182210000000012,0.1678682102706734,0.5774724340085776,9.723190236628184,0.1068795600000001,-0.1205956000000012,-0.0054165199999994,9.741769989366452,1.0,0.49,0.0,0.0,3550.83,0.0,0.0,0.06888849700996072,0.0,0.0,8.676516784107866,0.0,0.0
79.1359905,79.717185,0.4673904999999734,0.5743685000000425,11.592210000000012,0.239471177262876,0.5767304161622264,10.169992912133358,0.1128795600000001,-0.1197956000000012,-0.0006165199999994,10.189147179745175,1.0,0.0,0.0,0.0,3564.52,0.0,0.0,0.0,0.0,0.0,9.03558438445623,0.0,0.0
79.24601340000001,79.8272079,0.7623904999999735,0.5393685000000423,11.467210000000012,0.364478818728788,0.5677987802157194,10.480102027579102,0.1120795600000001,-0.1129956000000012,0.0013834800000005,10.501798835084587,1.0,0.0,0.0,0.0,3577.71,0.0,0.0,0.0,0.0,0.0,9.415704072685541,0.0,0.0
79.3560058,79.9372003,0.5123904999999735,0.3443685000000425,10.992210000000014,0.3998381745930666,0.5143861577568016,10.602525137654943,0.1096795600000001,-0.1133956000000012,-0.0022165199999994,10.62252338099374,1.0,0.0,0.0,0.0,3577.22,0.0,0.0,0.0,0.0,0.0,9.400920390275767,0.0,0.0
79.4668097,80.0480042,0.7573904999999734,0.4093685000000424,10.807210000000012,0.4853136408003871,0.4892809280633733,10.65145653256229,0.1072795600000001,-0.1045956000000012,0.0013834800000005,10.673727156976488,1.0,0.49,0.0,0.0,3567.94,0.0,0.0,0.06888849700996072,0.0,0.0,9.130714099988541,0.0,0.0
79.5768092,80.1580037,0.3173904999999735,-0.0056314999999576,10.557210000000012,0.4451704009806535,0.3709685370801289,10.62892621815302,0.1100795600000001,-0.1109956000000012,0.0001834800000005,10.64471074723749,1.0,0.0,0.0,0.0,3566.47,0.0,0.0,0.0,0.0,0.0,9.089543308808723,0.0,0.0
79.6876656,80.2688601,0.4523904999999733,-0.1806314999999576,9.947210000000013,0.4468964178064064,0.2391045636722107,10.465957031750984,0.1056795600000001,-0.1001956000000012,0.0057834800000005,10.478222367895944,1.0,0.0,0.0,0.98,3553.27,0.0,0.0,0.0,0.0,0.011866072241428612,8.73810258119831,0.0,0.0
79.79851450000001,80.379709,0.2823904999999733,-0.1106314999999575,9.52721000000001,0.4075700898280724,0.1554976312942113,10.24154277266782,0.1020795600000001,-0.1021956000000012,0.0025834800000005,10.250828808240096,1.0,0.0,0.0,0.0,3534.21,0.0,0.0,0.0,0.0,0.0,8.282019178072074,0.0,0.0
79.90849320000001,80.4896877,0.2123904999999735,-0.1956314999999575,9.367210000000014,0.3609109989782941,0.0715576760381944,10.03252720752202,0.1020795600000001,-0.1021956000000012,0.0041834800000005,10.039271857054826,1.0,0.0,0.49,0.0,3534.21,0.49,0.0,0.0,0.05401493744611888,0.0,8.282019178072074,0.005926265570176409,0.0
80.0189936,80.6001881,0.1423904999999736,-0.0706314999999575,9.15221000000001,0.3086720951905146,0.0375663263870224,9.822081019995093,0.0980795600000001,-0.0989956000000012,0.0021834800000005,9.827001844640886,1.0,0.0,0.0,0.0,3525.9,0.0,0.0,0.0,0.0,0.0,8.099656901151974,0.0,0.0
80.1298659,80.7110604,0.1673904999999735,-0.1056314999999576,8.872210000000013,0.2748977092969747,0.0033338515838656,9.595007491166816,0.0956795600000001,-0.0953956000000012,0.0045834800000005,9.598945182710986,1.0,0.0,0.0,0.49,3508.31,0.0,0.0,0.0,0.0,0.00754893254491928,7.742109860681978,0.0,0.0
80.24074470000001,80.8219392,0.2323904999999735,-0.1206314999999575,8.747210000000013,0.2647360538589952,-0.0263009611896859,9.392335376744374,0.0940795600000001,-0.0929956000000012,0.0045834800000005,9.39610242323998,1.0,0.0,0.0,0.0,3503.91,0.0,0.0,0.0,0.0,0.0,7.658165317565663,0.0,0.0
80.35153150000001,80.932726,0.0623904999999735,-0.1906314999999576,8.792210000000011,0.2163638875434904,-0.0655853635521179,9.248871070361549,0.0952795600000001,-0.0949956000000012,0.0053834800000005,9.251633955573253,1.0,0.49,0.0,0.0,3500.49,0.0,0.0,0.06888849700996072,0.0,0.0,7.594321117166256,0.0,0.0
80.471006,81.0522005,0.4173904999999736,-0.1106314999999575,8.917210000000011,0.2644207513891991,-0.0763539678657267,9.16958509570117,0.0964795600000001,-0.0917956000000012,0.0089834800000005,9.173714574232136,1.0,0.0,0.0,0.0,3497.07,0.0,0.0,0.0,0.0,0.0,7.531664113398412,0.0,0.0
80.5818555,81.16305,0.3523904999999736,-0.0256314999999576,9.002210000000012,0.285450555253821,-0.0642283955230536,9.129572870021278,0.0968795600000001,-0.0921956000000012,0.0073834800000005,9.134260128511489,1.0,0.49,0.49,0.0,3496.09,0.0,0.0,0.06888849700996072,0.05401493744611888,0.0,7.513923600314342,0.0,0.0
80.6918428,81.2730373,0.2023904999999732,-0.1106314999999575,9.062210000000013,0.2655944490518858,-0.0753213928462189,9.113469289339545,0.0980795600000001,-0.0953956000000012,0.0069834800000005,9.117649708741968,1.0,0.0,0.0,0.0,3503.42,0.0,0.0,0.0,0.0,0.0,7.648943803272958,0.0,0.0
80.8027491,81.3839436,0.1673904999999735,-0.1506314999999576,9.182210000000012,0.2421180856439302,-0.0933248179722151,9.12990225277906,0.0984795600000001,-0.0977956000000012,0.0049834800000005,9.133588880300318,1.0,0.0,0.0,0.49,3507.33,0.0,0.0,0.0,0.0,0.00754893254491928,7.723233577213614,0.0,0.0
80.91300960000001,81.4942041,0.0123904999999733,-0.1156314999999577,9.367210000000014,0.1872000468330993,-0.0986573914457337,9.18663238397101,0.1004795600000001,-0.1021956000000012,0.0033834800000005,9.189069142010307,1.0,0.0,0.0,0.49,3520.53,0.0,0.0,0.0,0.0,0.00754893254491928,7.986580748429039,0.0,0.0
81.0235451,81.6047396,0.1673904999999735,0.0443685000000424,9.507210000000011,0.1824644315661863,-0.0644660189322628,9.263268778810636,0.0992795600000001,-0.1021956000000012,0.0017834800000005,9.265289936363116,1.0,0.0,0.0,0.0,3528.35,0.0,0.0,0.0,0.0,0.0,8.152466302161214,0.0,0.0
81.13353860000001,81.7147331,0.1673904999999735,0.1693685000000424,9.702210000000012,0.17886089933707,-0.0085661880519649,9.368200848476452,0.1008795600000001,-0.1053956000000012,0.0029834800000005,9.369912045386783,1.0,0.0,0.49,0.0,3535.68,0.0,0.0,0.0,0.05401493744611888,0.0,8.315258676577514,0.0,0.0
81.2435471,81.8247416,0.1823904999999732,0.1543685000000423,9.822210000000013,0.1797046758719981,0.0303845261036214,9.47673501573352,0.1012795600000001,-0.1069956000000012,0.0021834800000005,9.478487408251729,1.0,0.0,0.49,0.0,3543.99,0.0,0.0,0.0,0.05401493744611888,0.0,8.509052577078053,0.0,0.0
81.35434120000001,81.9355357,0.3673904999999733,0.2093685000000424,10.017210000000013,0.2245723278991157,0.0731719379741077,9.605939464903296,0.1016795600000001,-0.1081956000000012,0.0001834800000005,9.608842795381324,1.0,0.0,0.0,0.49,3546.92,0.0,0.0,0.0,0.0,0.00754893254491928,8.57987427305016,0.0,0.0
81.46437610000001,82.0455706,0.1223904999999736,0.1243685000000422,10.067210000000014,0.2001450238180816,0.08541084595044,9.716209518356935,0.1052795600000001,-0.1109956000000012,0.0021834800000005,9.71864601926498,1.0,0.0,0.0,0.0,3547.9,0.0,0.0,0.0,0.0,0.0,8.603864529830773,0.0,0.0
81.5743822,82.1555767,0.3673904999999733,0.1643685000000423,10.207210000000014,0.2401262630155721,0.1042862435103511,9.83358673029004,0.1056795600000001,-0.1089956000000012,0.0025834800000005,9.83707091694025,1.0,0.0,0.0,0.0,3548.39,0.0,0.0,0.0,0.0,0.0,8.6159173955414,0.0,0.0
81.6843781,82.2655726,0.5723904999999734,0.2543685000000424,10.232210000000013,0.3195564290141868,0.1401644910600039,9.92888050241352,0.1040795600000001,-0.1049956000000012,0.0045834800000005,9.935010338549516,1.0,0.0,0.0,0.49,3553.76,0.0,0.0,0.0,0.0,0.00754893254491928,8.750591456867923,0.0,0.0
81.7951986,82.3763931,0.4973904999999734,0.1643685000000423,10.252210000000012,0.362068948287435,0.1459506342374578,10.006174754417986,0.1048795600000001,-0.1057956000000012,0.0033834800000005,10.013786932369795,1.0,0.0,0.0,0.0,3554.25,0.49,0.0,0.0,0.0,0.0,8.763121383294395,0.005926265570176409,0.0
81.9060321,82.4872266,0.4723904999999735,0.3193685000000423,10.082210000000014,0.3884421121442574,0.1874074277511522,10.02435152912338,0.1024795600000001,-0.1041956000000012,0.0045834800000005,10.03362508756938,1.0,0.0,0.0,0.0,3557.19,0.0,0.0,0.0,0.0,0.0,8.839175351232985,0.0,0.0
82.0169022,82.5980967,0.2823904999999733,0.1393685000000424,9.982210000000013,0.3630897081856073,0.1759233750577375,10.01427729217244,0.1036795600000001,-0.1057956000000012,0.0029834800000005,10.022401551255196,1.0,0.0,0.0,0.0,3551.32,0.0,0.0,0.0,0.0,0.0,8.688804440819295,0.0,0.0
82.12740980000001,82.7086043,0.3523904999999736,0.2293685000000425,10.427210000000011,0.360531985181917,0.1886998182419712,10.112991838843742,0.1080795600000001,-0.1105956000000012,0.0029834800000005,10.121175567406382,1.0,0.0,0.0,0.98,3555.23,0.0,0.98,0.0,0.0,0.011866072241428612,8.788305263624924,0.0,0.016149049564667978
82.2468597,82.8280542,0.4623904999999735,0.2993685000000423,10.797210000000014,0.3848819989354297,0.2151559660437105,10.27655913279377,0.1116795600000001,-0.1113956000000012,0.0061834800000005,10.2860144785352,1.0,0.0,0.0,0.0,3564.52,0.0,0.0,0.0,0.0,0.0,9.03558438445623,0.0,0.0
82.35774830000001,82.9389428,0.7023904999999735,0.1893685000000424,10.647210000000012,0.4607846996727108,0.2089912860073563,10.365165900036986,0.1100795600000001,-0.1077956000000012,0.0085834800000005,10.377507602134967,1.0,0.0,0.0,0.0,3566.96,0.49,0.0,0.0,0.0,0.0,9.103219275907431,0.005926265570176409,0.0
82.4677125,83.048907,0.4023904999999734,0.1343685000000423,10.372210000000011,0.4468251444239781,0.1911521699663533,10.366849843016984,0.1064795600000001,-0.1061956000000012,0.0053834800000005,10.378235280115478,1.0,0.0,0.0,0.0,3562.07,0.49,0.0,0.0,0.0,0.0,8.968825988323916,0.005926265570176409,0.0
82.5785697,83.1597642,0.2773904999999734,0.2593685000000423,10.227210000000014,0.4063205687445113,0.2074597764291174,10.333467929839914,0.1044795600000001,-0.1065956000000012,0.0029834800000005,10.343533990878113,1.0,0.0,0.49,0.0,3560.61,0.0,0.0,0.0,0.05401493744611888,0.0,8.929580188401257,0.0,0.0
82.68855950000001,83.269754,0.3873904999999733,0.3193685000000423,10.197210000000013,0.4017951990676826,0.2342123651837986,10.300894487437446,0.1040795600000001,-0.1069956000000012,0.0017834800000005,10.31138797908982,1.0,0.0,0.0,0.0,3559.63,0.0,0.0,0.0,0.0,0.0,8.90345788548352,0.0,0.0
82.7985603,83.3797548,0.2423904999999733,0.1893685000000424,10.157210000000012,0.3636883542780587,0.2234921152769979,10.266545672794727,0.1048795600000001,-0.1089956000000012,0.0005834800000005,10.275416195765922,1.0,0.0,0.0,0.0,3559.63,0.49,0.0,0.0,0.0,0.0,8.90345788548352,0.005926265570176409,0.0
82.90854370000001,83.4897382,0.1923904999999734,0.2093685000000424,10.077210000000012,0.3227383648238713,0.2201157630215434,10.22128361252596,0.1036795600000001,-0.1077956000000012,0.0009834800000005,10.22874624227972,1.0,0.0,0.0,0.0,3558.65,0.0,0.0,0.0,0.0,0.0,8.87751068783464,0.0,0.0
83.01853200000001,83.5997265,0.2373904999999734,0.2293685000000425,9.792210000000011,0.3023353412179699,0.2223276966344233,10.118710465990898,0.0988795600000001,-0.1025956000000012,0.0009834800000005,10.125667274693251,1.0,0.0,0.0,0.0,3550.83,0.49,0.0,0.0,0.0,0.0,8.676516784107866,0.005926265570176409,0.0
83.1285331,83.7097276,0.0323904999999733,0.0943685000000424,9.832210000000014,0.2378030769483676,0.1917381263515541,10.050220460027948,0.1008795600000001,-0.1073956000000012,0.0001834800000005,10.054861764721943,1.0,0.0,0.49,0.0,3544.48,0.0,0.0,0.0,0.05401493744611888,0.0,8.520803228754332,0.0,0.0
83.2385591,83.8197536,0.0273904999999734,0.1893685000000424,10.047210000000014,0.1875024304903142,0.191171650054967,10.04950078781188,0.1024795600000001,-0.1113956000000012,-0.0022165199999994,10.053067683322146,1.0,0.0,0.0,0.0,3549.36,0.0,0.0,0.0,0.0,0.0,8.639891649603202,0.0,0.0
83.3488174,83.9300119,0.1573904999999733,0.0943685000000424,10.137210000000014,0.1803039559897352,0.1680301577660679,10.070468308562656,0.1036795600000001,-0.1101956000000012,0.0013834800000005,10.07348378686486,1.0,0.0,0.0,0.0,3559.63,0.0,0.0,0.0,0.0,0.0,8.90345788548352,0.0,0.0
83.4599561,84.0411506,-0.1676095000000264,-0.0356314999999576,10.067210000000014,0.0971327311440234,0.1193433673045717,10.069689386364002,0.1072795600000001,-0.1149956000000012,0.0017834800000005,10.070865004786375,1.0,0.0,0.49,0.0,3559.63,0.0,0.0,0.0,0.05401493744611888,0.0,8.90345788548352,0.0,0.0
83.5707371,84.1519316,0.1973904999999733,0.0943685000000424,10.052210000000011,0.121100075012129,0.1133729448667056,10.065510812789409,0.1052795600000001,-0.1089956000000012,0.0041834800000005,10.06687769743808,1.0,0.0,0.0,0.0,3556.7,0.0,0.0,0.0,0.0,0.0,8.82639447722409,0.0,0.0
83.6819258,84.2631203,0.1373904999999733,0.0343685000000424,10.052210000000011,0.1249944187811612,0.0944863616239774,10.06233115741221,0.1048795600000001,-0.1085956000000012,0.0029834800000005,10.063551043179933,1.0,0.0,0.0,0.49,3558.65,0.0,0.0,0.0,0.0,0.00754893254491928,8.87751068783464,0.0,0.0
83.7923844,84.3735789,-0.0226095000000263,-0.1056314999999576,9.90221000000001,0.089708635763273,0.0466467412292515,10.02405303807992,0.1052795600000001,-0.1089956000000012,0.0021834800000005,10.024562976411346,1.0,0.0,0.0,0.0,3552.3,0.0,0.0,0.0,0.0,0.0,8.713499924558054,0.0,0.0
83.9032143,84.4844088,0.0673904999999734,0.0143685000000424,9.782210000000012,0.0843733241915322,0.0389303944979608,9.966238712846962,0.1028795600000001,-0.1061956000000012,0.0033834800000005,9.966671887591184,1.0,0.98,0.0,0.0,3551.81,0.0,0.0,0.09983426901483061,0.0,0.0,8.701132084089803,0.0,0.0
84.02275010000001,84.6039446,-0.0126095000000265,-0.0056314999999576,9.932210000000012,0.0611888795023746,0.028277551720456,9.958103903230723,0.1048795600000001,-0.1081956000000012,0.0021834800000005,9.95833204138349,1.0,0.0,0.49,0.0,3552.79,0.0,0.0,0.0,0.05401493744611888,0.0,8.725908174393005,0.0,0.0
84.13271950000001,84.713914,0.1023904999999736,0.0093685000000423,9.782210000000012,0.0710384245067919,0.023757206315063,9.916055195074344,0.1020795600000001,-0.1045956000000012,0.0033834800000005,9.916338109119172,1.0,0.0,0.49,0.0,3548.88,0.0,0.0,0.0,0.05401493744611888,0.0,8.628009019444313,0.0,0.0
84.2427316,84.8239261,0.0023904999999735,-0.0706314999999575,9.762210000000014,0.0546276422675557,0.0011929042431895,9.87927738987403,0.1028795600000001,-0.1069956000000012,0.0013834800000005,9.87942849300487,1.0,0.0,0.0,0.0,3551.32,0.0,0.0,0.0,0.0,0.0,8.688804440819295,0.0,0.0
84.3535772,84.9347717,-0.0426095000000263,0.0293685000000423,9.842210000000012,0.03138240100523,0.0079284839383998,9.870416162564252,0.1048795600000001,-0.1089956000000012,0.0029834800000005,9.870469235966446,1.0,0.0,0.0,0.0,3549.85,0.0,0.0,0.0,0.0,0.0,8.652060595375389,0.0,0.0
84.4635853,85.0447798,0.1323904999999734,-0.0456314999999576,9.742210000000014,0.0555291167131069,-0.0048754171185369,9.839767553291864,0.1028795600000001,-0.1057956000000012,0.0029834800000005,9.839925444601212,1.0,0.0,0.0,0.0,3549.85,0.0,0.0,0.0,0.0,0.0,8.652060595375389,0.0,0.0
84.5735808,85.1547753,-0.1576095000000266,-0.1356314999999575,9.672210000000014,0.0045767907574426,-0.0361336032623783,9.799711709806914,0.1032795600000001,-0.1073956000000012,0.0033834800000005,9.799779394436648,1.0,0.0,0.0,0.0,3546.92,0.0,0.0,0.0,0.0,0.0,8.57987427305016,0.0,0.0
84.6844492,85.2656437,-0.0426095000000263,-0.0456314999999576,9.802210000000011,-0.0067034329035245,-0.038404144086605,9.80030894412425,0.1032795600000001,-0.1065956000000012,0.0005834800000005,9.800386482918798,1.0,0.0,0.0,0.0,3547.9,0.0,0.0,0.0,0.0,0.0,8.603864529830773,0.0,0.0
84.79527660000001,85.3764711,0.0523904999999733,-0.0406314999999575,9.742210000000014,0.0074233986286219,-0.0389366096072439,9.786419971847195,0.1024795600000001,-0.1049956000000012,0.0013834800000005,9.786500244305142,1.0,0.0,0.0,0.0,3553.27,0.0,0.0,0.0,0.0,0.0,8.73810258119831,0.0,0.0
84.9052671,85.4864616,-0.0676095000000267,0.0643685000000424,9.872210000000011,-0.010513757797005,-0.0142407769197282,9.806928697790893,0.1020795600000001,-0.1085956000000012,-0.0006165199999994,9.80694467315814,1.0,0.0,0.0,0.0,3551.32,0.0,0.0,0.0,0.0,0.0,8.688804440819295,0.0,0.0
85.0160918,85.5972863,-0.0626095000000264,0.0143685000000424,9.912210000000012,-0.0229676212899974,-0.0074015226097785,9.83209695359512,0.1036795600000001,-0.1101956000000012,-0.0006165199999994,9.832126565451604,1.0,0.0,0.0,0.0,3558.65,0.0,0.0,0.0,0.0,0.0,8.87751068783464,0.0,0.0
85.126086,85.7072805,0.0923904999999734,0.0293685000000423,9.882210000000011,0.0046095709065279,0.0013886169074274,9.844076839335347,0.1028795600000001,-0.1057956000000012,0.0013834800000005,9.844078016510204,1.0,0.0,0.0,0.0,3556.21,0.0,0.0,0.0,0.0,0.0,8.813655988719587,0.0,0.0
85.23607510000001,85.8172696,0.0173904999999736,0.0893685000000423,10.127210000000012,0.0076649443307721,0.0224208434931409,9.91176186663596,0.1056795600000001,-0.1101956000000012,-0.0002165199999994,9.911790188784936,1.0,0.0,0.49,0.49,3564.03,0.0,0.49,0.0,0.05401493744611888,0.00754893254491928,9.022141241470015,0.0,0.010519114903947972
85.3469407,85.9281352,0.0873904999999735,0.0993685000000423,10.047210000000014,0.0267239143198708,0.0408157366210297,9.944141721341222,0.1048795600000001,-0.1105956000000012,-0.0006165199999994,9.944261393691924,1.0,0.0,0.0,0.49,3563.54,0.0,0.0,0.0,0.0,0.00754893254491928,9.008744082836275,0.0,0.0
85.45777100000001,86.0389655,0.0223904999999735,0.0143685000000424,9.862210000000012,0.0256879803238013,0.0344933336622415,9.924555351511748,0.1024795600000001,-0.1073956000000012,0.0001834800000005,9.924648537233988,1.0,0.49,0.0,0.0,3562.07,0.0,0.0,0.06888849700996072,0.0,0.0,8.968825988323916,0.0,0.0
85.5685081,86.1497026,-0.1426095000000264,-0.1506314999999576,9.802210000000011,-0.0145447480630873,-0.0097620950944342,9.89530781145768,0.1056795600000001,-0.1109956000000012,0.0005834800000005,9.89532331617781,1.0,0.0,0.49,0.0,3556.7,0.0,0.0,0.0,0.05401493744611888,0.0,8.82639447722409,0.0,0.0
85.6877607,86.2689552,0.0573904999999732,-0.0106314999999574,9.842210000000012,0.002651892618614,-0.0099699326173421,9.882614396070805,0.1040795600000001,-0.1069956000000012,0.0021834800000005,9.88261978088385,1.0,0.0,0.49,0.49,3557.18,0.0,0.0,0.0,0.05401493744611888,0.00754893254491928,8.838914091888391,0.0,0.0
85.79861100000001,86.3798055,-0.2076095000000264,-0.1906314999999576,9.632210000000011,-0.0476126121333149,-0.0531583853289854,9.82275341636621,0.1040795600000001,-0.1081956000000012,0.0013834800000005,9.823012646510184,1.0,0.0,0.0,0.0,3556.21,0.0,0.0,0.0,0.0,0.0,8.813655988719587,0.0,0.0
85.9094477,86.4906422,-0.0826095000000264,-0.1456314999999575,9.552210000000011,-0.0559788709817456,-0.0752647513808608,9.758078058383555,0.1020795600000001,-0.1073956000000012,0.0005834800000005,9.758528875312273,1.0,0.49,0.49,0.0,3550.34,0.0,0.49,0.06888849700996072,0.05401493744611888,0.0,8.664268904833214,0.0,0.010519114903947972
86.0194819,86.6006764,-0.2026095000000265,-0.1356314999999575,9.532210000000012,-0.0910319820511446,-0.0896958587041464,9.70408266744405,0.1020795600000001,-0.1089956000000012,0.0001834800000005,9.704924141146744,1.0,0.0,0.0,0.0,3548.88,0.0,0.0,0.0,0.0,0.0,8.628009019444313,0.0,0.0
86.1294651,86.7106596,-0.1326095000000267,0.0443685000000424,9.542210000000011,-0.1009713880566279,-0.0576468053271756,9.665385836986422,0.0996795600000001,-0.1065956000000012,0.0001834800000005,9.666085130661132,1.0,0.0,0.0,0.49,3548.39,0.0,0.0,0.0,0.0,0.00754893254491928,8.6159173955414,0.0,0.0
86.23961580000001,86.8208103,-0.1276095000000263,-0.0506314999999575,9.512210000000014,-0.1073394211400474,-0.0559697459128696,9.628768046672208,0.0988795600000001,-0.1053956000000012,-0.0002165199999994,9.629528984348298,1.0,0.49,0.0,0.0,3547.41,0.0,0.0,0.06888849700996072,0.0,0.0,8.591850221972692,0.0,0.0
86.3502749,86.9314694,-0.2126095000000267,-0.0706314999999575,9.602210000000014,-0.1325049939215923,-0.0594747441381915,9.622419153770233,0.1008795600000001,-0.1081956000000012,0.0005834800000005,9.62351521999361,1.0,0.49,0.98,0.0,3547.9,0.0,0.0,0.06888849700996072,0.08575705582568133,0.0,8.603864529830773,0.0,0.0
86.4610845,87.042279,-0.1426095000000264,0.1143685000000425,9.582210000000014,-0.1349205490906601,-0.0179162608510302,9.612806865106188,0.0984795600000001,-0.1049956000000012,-0.0010165199999994,9.613770351573956,1.0,0.0,0.0,0.49,3546.43,0.0,0.0,0.0,0.0,0.00754893254491928,8.567936485555908,0.0,0.0
86.5711124,87.1523069,-0.1626095000000265,-0.1406314999999576,9.712210000000011,-0.1415397928197458,-0.0472522252166944,9.636569902552104,0.1020795600000001,-0.1053956000000012,-0.0022165199999994,9.637725134725128,1.0,0.0,0.0,0.0,3545.94,0.0,0.0,0.0,0.0,0.0,8.556036663379793,0.0,0.0
86.68194410000001,87.2631386,-0.2326095000000263,-0.1306314999999576,9.882210000000011,-0.1633106641733021,-0.067184643153054,9.69529194225546,0.1044795600000001,-0.1093956000000012,-0.0014165199999994,9.696900019845105,1.0,0.0,0.0,0.0,3550.34,0.0,0.0,0.0,0.0,0.0,8.664268904833214,0.0,0.0
86.7919653,87.3731598,-0.0026095000000263,-0.1206314999999575,10.032210000000012,-0.1248938900350333,-0.0799615003615926,9.775834637724175,0.1068795600000001,-0.1085956000000012,0.0005834800000005,9.776959404100843,1.0,0.0,0.0,0.0,3557.18,0.0,0.0,0.0,0.0,0.0,8.838914091888391,0.0,0.0
86.90281540000001,87.4840099,-0.0576095000000265,-0.1956314999999575,10.202210000000012,-0.108809070560926,-0.1076132493301895,9.87776274804584,0.1100795600000001,-0.1121956000000012,0.0033834800000005,9.878948169311844,1.0,0.0,0.49,0.49,3563.54,0.0,0.0,0.0,0.05401493744611888,0.00754893254491928,9.008744082836275,0.0,0.0
87.012815,87.5940095,0.1023904999999736,-0.1256314999999577,10.15221000000001,-0.0583202875948676,-0.1119206423096257,9.943371346125586,0.1096795600000001,-0.1105956000000012,0.0057834800000005,9.944172223622813,1.0,0.0,0.0,0.0,3566.47,0.0,0.0,0.0,0.0,0.0,9.089543308808723,0.0,0.0
87.1227934,87.7039879,0.0323904999999733,-0.1956314999999575,10.262210000000014,-0.0366352185609061,-0.1319323275351458,10.019592029500576,0.1112795600000001,-0.1105956000000012,0.0037834800000005,10.02052756674614,1.0,0.0,0.0,0.49,3568.91,0.0,0.0,0.0,0.0,0.00754893254491928,9.15811773639657,0.0,0.0
87.2333026,87.8144971,0.2973904999999734,-0.0956314999999576,10.162210000000012,0.0432160423328228,-0.1232543524898133,10.053685885565162,0.1084795600000001,-0.1073956000000012,0.0033834800000005,10.054534258101404,1.0,0.0,0.0,0.0,3569.4,0.0,0.0,0.0,0.0,0.0,9.172033107022308,0.0,0.0
87.3441057,87.9253002,0.1123904999999734,-0.0756314999999576,10.112210000000012,0.0597526961275069,-0.1118697655931671,10.067676497876231,0.1080795600000001,-0.1101956000000012,0.0021834800000005,10.068475321270734,1.0,0.0,0.0,0.0,3566.47,0.0,0.0,0.0,0.0,0.0,9.089543308808723,0.0,0.0
87.4549551,88.0361496,0.0673904999999734,-0.1506314999999576,10.132210000000011,0.0615785683157417,-0.1211360382027893,10.083103697723816,0.1084795600000001,-0.1101956000000012,0.0029834800000005,10.084019339473668,1.0,0.0,0.0,0.49,3565.98,0.0,0.0,0.0,0.0,0.00754893254491928,9.07591461725553,0.0,0.0
87.56714840000001,88.1483429,0.1623904999999732,-0.0956314999999576,9.922210000000014,0.0856783888110045,-0.1150389941105476,10.044640897049508,0.1060795600000001,-0.1053956000000012,0.0049834800000005,10.045665010697636,1.0,0.0,0.0,0.0,3565.49,0.0,0.0,0.0,0.0,0.0,9.062332937982731,0.0,0.0
87.6786194,88.2598139,0.3523904999999736,-0.1106314999999575,10.132210000000011,0.1494378456151846,-0.1139853508053895,10.065574923674934,0.1100795600000001,-0.1073956000000012,0.0073834800000005,10.067329480751784,1.0,0.0,0.0,0.0,3567.94,0.0,0.0,0.0,0.0,0.0,9.130714099988541,0.0,0.0
87.78866550000001,88.36986,0.1773904999999733,-0.3256314999999574,10.082210000000014,0.1561201295649613,-0.1645808916197364,10.069551658835758,0.1112795600000001,-0.1105956000000012,0.0081834800000005,10.072106580785556,1.0,0.0,0.0,0.0,3566.47,0.49,0.0,0.0,0.0,0.0,9.089543308808723,0.005926265570176409,0.0
87.89917290000001,88.4803674,0.2973904999999734,-0.1206314999999575,10.042210000000011,0.1898918320996088,-0.1540744720797332,10.063015437785571,0.1072795600000001,-0.1077956000000012,0.0045834800000005,10.065986168873646,1.0,0.0,0.0,0.0,3564.03,0.0,0.0,0.0,0.0,0.0,9.022141241470015,0.0,0.0
88.0186151,88.5998096,-0.0526095000000266,-0.1456314999999575,9.932210000000012,0.1319201369259764,-0.1520561186153194,10.031745452995375,0.1060795600000001,-0.1105956000000012,0.0029834800000005,10.033765037084947,1.0,0.0,0.0,0.0,3563.05,0.0,0.0,0.0,0.0,0.0,8.995392655125098,0.0,0.0
88.1294877,88.7106822,0.1123904999999734,-0.2256314999999578,9.872210000000011,0.1272514361443214,-0.1696448450152286,9.99360735053483,0.1056795600000001,-0.1077956000000012,0.0037834800000005,9.995857150745245,1.0,0.0,0.0,0.0,3561.58,0.0,0.0,0.0,0.0,0.0,8.955610251892304,0.0,0.0
88.2394525,88.820647,0.2773904999999734,-0.2056314999999575,9.947210000000013,0.1631432639051614,-0.1782477148429136,9.982515728733084,0.1052795600000001,-0.1053956000000012,0.0057834800000005,9.985439812387222,1.0,0.0,0.0,0.0,3559.63,0.0,0.0,0.0,0.0,0.0,8.90345788548352,0.0,0.0
88.3494616,88.9306561,0.1523904999999734,-0.1756314999999575,9.962210000000011,0.1605727380198459,-0.1776222897861875,9.977661497598763,0.1068795600000001,-0.1073956000000012,0.0049834800000005,9.980534166200169,1.0,0.0,0.0,0.0,3564.52,0.0,0.0,0.0,0.0,0.0,9.03558438445623,0.0,0.0
88.4594871,89.0406816,0.2273904999999736,-0.1606314999999576,9.962210000000011,0.176546006686695,-0.1735605187529385,9.973967705482178,0.1072795600000001,-0.1085956000000012,0.0037834800000005,9.97703981831025,1.0,1.96,0.0,0.49,3565.98,0.0,0.0,0.14468943432626716,0.0,0.00754893254491928,9.07591461725553,0.0,0.0
88.5694581,89.1506526,0.1873904999999736,-0.1806314999999576,9.942210000000014,0.1791384611496321,-0.1752508878980541,9.966375796581366,0.1068795600000001,-0.1085956000000012,0.0065834800000005,9.969526066000077,1.0,0.0,0.0,0.0,3567.94,0.0,0.0,0.0,0.0,0.0,9.130714099988541,0.0,0.0
88.679449,89.2606435,0.0273904999999734,-0.1706314999999576,10.002210000000012,0.1428620148686121,-0.1741465898523544,9.974942221760926,0.1072795600000001,-0.1097956000000012,0.0041834800000005,9.977485099839456,1.0,0.0,0.0,0.0,3566.96,0.0,0.0,0.0,0.0,0.0,9.103219275907431,0.0,0.0
88.7894685,89.370663,0.1473904999999735,-0.1056314999999576,10.022210000000012,0.1439445819512776,-0.1577675626968036,9.986241925593006,0.1060795600000001,-0.1089956000000012,0.0029834800000005,9.988525338756665,1.0,0.0,0.0,0.0,3565.49,0.0,0.0,0.0,0.0,0.0,9.062332937982731,0.0,0.0
88.9003222,89.4815167,0.1473904999999735,-0.1806314999999576,9.942210000000014,0.1447683535527888,-0.1632333520693044,9.975715775710514,0.1048795600000001,-0.1053956000000012,0.0057834800000005,9.97810143470078,1.0,0.98,0.0,0.0,3565.49,0.0,0.0,0.09983426901483061,0.0,0.0,9.062332937982731,0.0,0.0
89.010344,89.5915385,0.2573904999999734,-0.0706314999999575,10.012210000000014,0.1716914911995291,-0.1410962104123987,9.984439983646988,0.1048795600000001,-0.1057956000000012,0.0057834800000005,9.986912831090082,1.0,0.0,0.98,0.0,3562.56,0.0,0.0,0.0,0.08575705582568133,0.0,8.982086706824868,0.0,0.0
89.1203414,89.7015359,0.1773904999999733,-0.0906314999999575,9.942210000000014,0.1730538804206962,-0.1290322568508831,9.974344601003216,0.1052795600000001,-0.1081956000000012,0.0041834800000005,9.976680168693328,1.0,0.0,0.0,0.0,3567.94,0.0,0.0,0.0,0.0,0.0,9.130714099988541,0.0,0.0
89.2316708,89.8128653,0.2423904999999733,-0.1506314999999576,9.952210000000012,0.1896293001918686,-0.134195711950193,9.96905316474166,0.1060795600000001,-0.1073956000000012,0.0061834800000005,9.971759561985175,1.0,0.98,0.0,0.0,3564.52,0.0,0.0,0.09983426901483061,0.0,0.0,9.03558438445623,0.0,0.0
89.34250510000001,89.9236996,0.4023904999999734,0.0393685000000423,9.952210000000012,0.240491401910073,-0.0927039333231927,9.965026684541703,0.1060795600000001,-0.1053956000000012,0.0081834800000005,9.96835929114087,1.0,0.0,0.0,0.0,3565.49,0.49,0.0,0.0,0.0,0.0,9.062332937982731,0.005926265570176409,0.0
89.4536526,90.0348471,0.2523904999999735,-0.0956314999999576,9.862210000000012,0.2433359672629159,-0.0934037892848753,9.94044761339431,0.1048795600000001,-0.1065956000000012,0.0065834800000005,9.943864209423475,1.0,0.0,0.0,0.0,3565.01,0.0,0.0,0.0,0.0,0.0,9.049073767162012,0.0,0.0
89.5641817,90.1453762,0.2073904999999736,-0.0756314999999576,9.717210000000012,0.234742943657648,-0.0891551951512169,9.887081049330792,0.1024795600000001,-0.1045956000000012,0.0045834800000005,9.89026918614734,1.0,0.0,0.0,0.0,3562.56,0.0,0.0,0.0,0.0,0.0,8.982086706824868,0.0,0.0
89.6755133,90.2567078,0.1773904999999733,-0.0906314999999575,9.702210000000012,0.2210324277095559,-0.0895081164895598,9.842886289551782,0.1028795600000001,-0.1057956000000012,0.0041834800000005,9.845774603659336,1.0,0.0,0.0,0.0,3561.09,0.0,0.0,0.0,0.0,0.0,8.942439251663787,0.0,0.0
89.78663920000001,90.3678337,0.1173904999999733,-0.1506314999999576,9.732210000000013,0.1962560762216434,-0.1041201028492468,9.816428323052005,0.1012795600000001,-0.1057956000000012,0.0021834800000005,9.818942023705446,1.0,0.0,0.0,0.0,3562.56,0.0,0.0,0.0,0.0,0.0,8.982086706824868,0.0,0.0
89.8973587,90.4785532,0.0823904999999736,-0.0956314999999576,9.752210000000012,0.1690356877052598,-0.102090841019762,9.80107646903826,0.1028795600000001,-0.1073956000000012,0.0049834800000005,9.80306562027785,1.0,0.0,0.0,0.0,3562.56,0.0,0.0,0.0,0.0,0.0,8.982086706824868,0.0,0.0
90.00864560000001,90.5898401,0.3973904999999735,-0.0606314999999575,9.922210000000014,0.2236255551305739,-0.0921796860628388,9.830034314636135,0.1056795600000001,-0.1065956000000012,0.0097834800000005,9.833009717800245,1.0,0.0,0.98,0.0,3564.52,0.0,0.0,0.0,0.08575705582568133,0.0,9.03558438445623,0.0,0.0
90.1194765,90.700671,0.1823904999999732,-0.1806314999999576,9.922210000000014,0.2137680173356188,-0.1133247311259756,9.852069578063636,0.1068795600000001,-0.1093956000000012,0.0085834800000005,9.855040042076306,1.0,0.0,0.0,0.49,3565.49,0.0,0.0,0.0,0.0,0.00754893254491928,9.062332937982731,0.0,0.0
90.2299404,90.8111349,0.2173904999999734,-0.1606314999999576,9.952210000000012,0.2146339979839372,-0.1246337559509823,9.876008869302948,0.1080795600000001,-0.1097956000000012,0.0101834800000005,9.879127112896338,1.0,0.0,0.0,0.0,3563.54,0.0,0.0,0.0,0.0,0.0,9.008744082836275,0.0,0.0
90.3495052,90.9306997,-0.1326095000000267,-0.2856314999999574,10.002210000000012,0.1316229314390272,-0.1631214296509145,9.906178161223918,0.1072795600000001,-0.1117956000000012,0.0061834800000005,9.90839537759781,1.0,0.0,0.0,0.0,3564.03,0.0,0.0,0.0,0.0,0.0,9.022141241470015,0.0,0.0
90.4597035,91.040898,-0.0926095000000266,-0.2406314999999574,10.012210000000014,0.078018548935733,-0.1816507718704258,9.931525838216068,0.1068795600000001,-0.1129956000000012,0.0057834800000005,9.93349331162268,1.0,0.0,0.0,0.0,3565.98,0.0,0.0,0.0,0.0,0.0,9.07591461725553,0.0,0.0
90.5703148,91.1515093,-0.2276095000000264,-0.1206314999999575,10.077210000000012,0.0049559560995987,-0.1670636741503259,9.966352689456189,0.1072795600000001,-0.1145956000000012,0.0017834800000005,9.967754048096896,1.0,0.0,0.0,0.98,3567.45,0.0,0.0,0.0,0.0,0.011866072241428612,9.116942783850078,0.0,0.0
90.680334,91.2615285,-0.2526095000000263,-0.0856314999999576,9.997210000000011,-0.0566169267335982,-0.1475967246853568,9.973729352442886,0.1052795600000001,-0.1121956000000012,0.0009834800000005,9.974982078445624,1.0,0.98,0.0,1.47,3569.4,0.49,0.0,0.09983426901483061,0.0,0.015460318318594974,9.172033107022308,0.005926265570176409,0.0
90.7903429,91.3715374,-0.3726095000000264,-0.2056314999999575,9.977210000000014,-0.1321572339802675,-0.1614703569449353,9.97456142638426,0.1076795600000001,-0.1173956000000012,0.0005834800000005,9.976743650078316,1.0,0.0,0.0,0.0,3569.4,0.0,0.0,0.0,0.0,0.0,9.172033107022308,0.0,0.0
90.9011797,91.4823742,-0.0926095000000266,-0.0756314999999576,9.862210000000012,-0.122703062494857,-0.1409499581257539,9.94770300632414,0.1044795600000001,-0.1117956000000012,0.0005834800000005,9.949458177924646,1.0,0.0,0.0,0.0,3569.4,0.0,0.49,0.0,0.0,0.0,9.172033107022308,0.0,0.010519114903947972
91.0120105,91.593205,-0.0576095000000265,0.0143685000000424,9.822210000000013,-0.107141976169914,-0.1038199587507081,9.917702996649735,0.1024795600000001,-0.1109956000000012,-0.0026165199999994,9.918825067347832,1.0,0.0,0.0,0.0,3568.91,0.0,0.0,0.0,0.0,0.0,9.15811773639657,0.0,0.0
91.1220236,91.7032181,0.0623904999999735,0.0393685000000423,9.762210000000014,-0.0666140131048955,-0.0695897233486601,9.880531272579749,0.1040795600000001,-0.1105956000000012,0.0005834800000005,9.881000879706672,1.0,0.0,0.0,0.0,3567.45,0.0,0.0,0.0,0.0,0.0,9.116942783850078,0.0,0.0
91.2328223,91.8140168,0.1223904999999736,0.1643685000000423,9.472210000000011,-0.0214311189521555,-0.01366032003403,9.782919122815652,0.0996795600000001,-0.1073956000000012,-0.0006165199999994,9.782952134236124,1.0,0.0,0.0,0.0,3556.7,0.0,0.0,0.0,0.0,0.0,8.82639447722409,0.0,0.0
91.3428445,91.924039,0.1073904999999735,0.0343685000000424,9.762210000000014,0.0093646196155744,-0.0021786836633872,9.777968457411934,0.1024795600000001,-0.1081956000000012,-0.0010165199999994,9.777973184505353,1.0,0.0,0.0,0.49,3557.67,0.0,0.0,0.0,0.0,0.00754893254491928,8.851736707685516,0.0,0.0
91.4536628,92.0348573,-0.0876095000000267,-0.0956314999999576,9.712210000000011,-0.0138177441818219,-0.0245192544754073,9.762248423154118,0.1044795600000001,-0.1105956000000012,0.0017834800000005,9.762288993841011,1.0,0.0,0.49,0.0,3563.05,0.0,0.0,0.0,0.05401493744611888,0.0,8.995392655125098,0.0,0.0
91.5652742,92.1464687,-0.0526095000000266,0.0193685000000423,9.917210000000011,-0.0230911936267057,-0.0140275697399988,9.799293107481232,0.1040795600000001,-0.1129956000000012,-0.0018165199999994,9.799330353767296,1.0,0.0,0.0,0.49,3567.45,0.0,0.49,0.0,0.0,0.00754893254491928,9.116942783850078,0.0,0.010519114903947972
91.6753811,92.2565756,-0.1076095000000263,-0.0356314999999576,9.947210000000013,-0.0432959052925892,-0.0191921453270235,9.834653709131892,0.1044795600000001,-0.1149956000000012,-0.0022165199999994,9.834767737592944,1.0,0.0,0.0,0.0,3571.85,0.0,0.0,0.0,0.0,0.0,9.242348944083961,0.0,0.0
91.7853618,92.3665563,-0.0426095000000263,0.0793685000000423,10.067210000000014,-0.0431318151490775,0.0043694889021426,9.890247970360024,0.1048795600000001,-0.1141956000000012,-0.0006165199999994,9.89034298500926,1.0,0.0,0.0,0.49,3573.8,0.0,0.0,0.0,0.0,0.00754893254491928,9.299211743100743,0.0,0.0
91.8953614,92.4765559,0.0023904999999735,-0.0906314999999575,10.087210000000011,-0.0322493768772146,-0.0183411837450632,9.937333166322484,0.1064795600000001,-0.1169956000000012,-0.0002165199999994,9.937402421147238,1.0,0.0,0.0,0.0,3574.78,0.0,0.0,0.0,0.0,0.0,9.328095543292314,0.0,0.0
92.0059756,92.5871701,-0.0626095000000264,0.0393685000000423,10.057210000000012,-0.0395071836194326,-0.0045452669735074,9.965990589356675,0.1076795600000001,-0.1161956000000012,-0.0006165199999994,9.966069932734529,1.0,0.0,0.49,0.0,3576.25,0.0,0.0,0.0,0.05401493744611888,0.0,9.371812509342819,0.0,0.0
92.1254632,92.7066577,0.1123904999999734,-0.0056314999999576,10.267210000000013,-0.0031949451004827,-0.0048049388250048,10.03799926536272,0.1084795600000001,-0.1149956000000012,-0.0006165199999994,10.038000923816146,1.0,0.0,0.0,0.0,3577.71,0.0,0.0,0.0,0.0,0.0,9.415704072685541,0.0,0.0
92.2354451,92.8166396,0.1573904999999733,0.0693685000000423,10.172210000000014,0.0351941655575189,0.0129267575261681,10.07008331096386,0.1052795600000001,-0.1081956000000012,0.0013834800000005,10.070153108076475,1.0,0.0,0.0,0.0,3578.2,0.0,0.49,0.0,0.0,0.0,9.430541670810229,0.0,0.010519114903947972
92.3462233,92.9274178,-0.0226095000000263,-0.0556314999999576,10.022210000000012,0.0213757817548113,-0.003462589173614,10.058638850159792,0.1072795600000001,-0.1117956000000012,0.0017834800000005,10.058662159129977,1.0,0.0,0.49,0.49,3577.22,0.0,0.0,0.0,0.05401493744611888,0.00754893254491928,9.400920390275767,0.0,0.0
92.4570528,93.0382473,0.0723904999999733,-0.1006314999999575,10.032210000000012,0.0335712186617813,-0.0266915192170342,10.052320842617371,0.1084795600000001,-0.1133956000000012,0.0037834800000005,10.052412336690145,1.0,0.0,0.0,0.0,3578.2,0.98,0.0,0.0,0.0,0.0,9.430541670810229,0.009006928992634852,0.0
92.5670814,93.1482759,0.1023904999999736,-0.1056314999999576,10.022210000000012,0.0500229649893724,-0.045562691854881,10.045122628180687,0.1076795600000001,-0.1125956000000012,0.0037834800000005,10.045350510116762,1.0,0.0,0.49,0.0,3578.2,0.0,0.0,0.0,0.05401493744611888,0.0,9.430541670810229,0.0,0.0
92.6770845,93.258279,0.0273904999999734,-0.2006314999999576,9.842210000000012,0.0446125107455405,-0.0826330105986615,9.996614898652268,0.1068795600000001,-0.1105956000000012,0.0049834800000005,9.997055962757845,1.0,0.0,0.0,0.0,3575.76,0.0,0.0,0.0,0.0,0.0,9.35718761368945,0.0,0.0
92.7870529,93.3682474,-0.0226095000000263,-0.2256314999999578,9.852210000000014,0.0285426034911775,-0.1168178324554578,9.962093864504675,0.1072795600000001,-0.1113956000000012,0.0045834800000005,9.962819643624758,1.0,0.0,0.49,0.49,3569.89,0.0,0.0,0.0,0.05401493744611888,0.00754893254491928,9.185997370544946,0.0,0.0
92.8972696,93.4784641,-0.0626095000000264,-0.2056314999999575,9.782210000000012,0.0067520347042961,-0.1380493812373286,9.91909132728383,0.1040795600000001,-0.1089956000000012,0.0001834800000005,9.92005423274641,1.0,0.0,0.0,0.0,3571.36,0.0,0.0,0.0,0.0,0.0,9.228186308244473,0.0,0.0
93.0079673,93.5891618,-0.0526095000000266,-0.2006314999999576,9.562210000000013,-0.0074387689713887,-0.153010088796397,9.833776268024865,0.1032795600000001,-0.1077956000000012,0.0013834800000005,9.834969400670564,1.0,0.0,0.0,0.0,3568.91,0.0,0.0,0.0,0.0,0.0,9.15811773639657,0.0,0.0
93.1187068,93.6999013,0.1173904999999733,-0.1006314999999575,9.772210000000012,0.0224025694942568,-0.1404886087820743,9.81905840692277,0.1036795600000001,-0.1085956000000012,0.0013834800000005,9.820088946790564,1.0,0.0,0.49,0.0,3565.01,0.0,0.0,0.0,0.05401493744611888,0.0,9.049073767162012,0.0,0.0
93.2287043,93.8098988,-0.1476095000000263,-0.1056314999999576,9.712210000000011,-0.0182400438193538,-0.1321557651335257,9.79351552341659,0.1056795600000001,-0.1125956000000012,-0.0002165199999994,9.794424135846796,1.0,0.0,0.0,0.0,3569.4,0.0,0.0,0.0,0.0,0.0,9.172033107022308,0.0,0.0
93.3395456,93.9207401,-0.2826095000000266,-0.2556314999999576,9.582210000000014,-0.0814394720213729,-0.1616735314939844,9.74300141165502,0.1032795600000001,-0.1105956000000012,-0.0018165199999994,9.744683023367182,1.0,0.0,0.0,0.0,3570.87,0.0,0.0,0.0,0.0,0.0,9.21407368999395,0.0,0.0
93.4495522,94.0307467,-0.2076095000000264,-0.2106314999999576,9.622210000000011,-0.1116013286128327,-0.1733772875186419,9.714125352148756,0.1052795600000001,-0.1113956000000012,0.0005834800000005,9.716313390254284,1.0,0.0,0.0,0.49,3566.47,0.0,0.0,0.0,0.0,0.00754893254491928,9.089543308808723,0.0,0.0
93.5600467,94.1412412,-0.2226095000000265,-0.2406314999999574,9.712210000000011,-0.1381386338627547,-0.1894548928305485,9.71366747338184,0.1072795600000001,-0.1121956000000012,0.0041834800000005,9.716496859569258,1.0,0.0,0.0,0.0,3565.98,0.0,0.0,0.0,0.0,0.0,9.07591461725553,0.0,0.0
93.6712024,94.2523969,-0.2126095000000267,-0.2356314999999575,9.642210000000013,-0.1559414323614141,-0.2004937443362288,9.696585048188949,0.1060795600000001,-0.1113956000000012,0.0017834800000005,9.69991118869685,1.0,0.0,0.0,0.0,3568.91,0.0,0.0,0.0,0.0,0.0,9.15811773639657,0.0,0.0
93.7816948,94.3628893,-0.1876095000000264,-0.1306314999999576,9.622210000000011,-0.1635119126882163,-0.1837926701699883,9.678805155662989,0.1032795600000001,-0.1097956000000012,-0.0022165199999994,9.681930857658902,1.0,0.0,0.0,0.0,3565.01,0.0,0.0,0.0,0.0,0.0,9.049073767162012,0.0,0.0
93.9012012,94.4823957,-0.1426095000000264,-0.1056314999999576,9.542210000000011,-0.1585150399442128,-0.1651076778349782,9.646151096991527,0.1028795600000001,-0.1093956000000012,-0.0026165199999994,9.64886617946168,1.0,0.0,0.0,0.0,3563.54,0.0,0.0,0.0,0.0,0.0,9.008744082836275,0.0,0.0
94.0120889,94.5932834,-0.3276095000000265,-0.2606314999999575,9.367210000000014,-0.198938292093104,-0.1879433375504193,9.579468212793817,0.1012795600000001,-0.1081956000000012,-0.0010165199999994,9.583376773461309,1.0,0.0,0.0,0.0,3562.56,0.0,0.0,0.0,0.0,0.0,8.982086706824868,0.0,0.0
94.122879,94.7040735,-0.1776095000000266,-0.2206314999999574,9.522210000000012,-0.1938394902723633,-0.195757678910541,9.56578022341442,0.1036795600000001,-0.1113956000000012,-0.0002165199999994,9.56974639682306,1.0,0.0,0.0,0.0,3563.05,0.0,0.0,0.0,0.0,0.0,8.995392655125098,0.0,0.0
94.2329112,94.8141057,-0.2876095000000265,-0.2106314999999576,9.682210000000012,-0.2162558884558057,-0.1993133732846591,9.593613602550583,0.1056795600000001,-0.1145956000000012,-0.0010165199999994,9.59812035687746,1.0,0.49,0.0,0.0,3565.49,0.0,0.0,0.06888849700996072,0.0,0.0,9.062332937982731,0.0,0.0
94.3429099,94.9241044,-0.3076095000000265,-0.3106314999999577,9.852210000000014,-0.2380946291983764,-0.2259247755947611,9.65543293936057,0.1080795600000001,-0.1157956000000012,0.0021834800000005,9.661010107808073,1.0,0.0,0.0,0.0,3569.4,0.0,0.0,0.0,0.0,0.0,9.172033107022308,0.0,0.0
94.452897,95.0340915,-0.2876095000000265,-0.2006314999999576,10.02721000000001,-0.2499315167396608,-0.2198782353550474,9.744308931279177,0.1104795600000001,-0.1181956000000012,0.0029834800000005,9.749993269210483,1.0,0.0,0.0,0.0,3572.82,0.0,0.0,0.0,0.0,0.0,9.27053381755259,0.0,0.0
94.5629037,95.1440982,-0.1076095000000263,0.0143685000000424,9.837210000000011,-0.2159084105592099,-0.163879861161192,9.766517602838045,0.1052795600000001,-0.1141956000000012,-0.0010165199999994,9.770278355153952,1.0,0.0,0.0,0.0,3575.76,0.0,0.0,0.0,0.0,0.0,9.35718761368945,0.0,0.0
94.6729191,95.2541136,-0.4076095000000266,-0.0556314999999576,9.757210000000011,-0.2617359407640758,-0.1380023084815802,9.764292553145111,0.1052795600000001,-0.1169956000000012,-0.0010165199999994,9.768774713506245,1.0,0.0,0.0,0.0,3573.31,0.0,0.0,0.0,0.0,0.0,9.28484719423498,0.0,0.0
94.7828998,95.3640943,-0.1376095000000265,-0.1456314999999575,9.712210000000011,-0.2320626184583456,-0.1398261218243577,9.751841842591688,0.1064795600000001,-0.1137956000000012,0.0021834800000005,9.755604734005589,1.0,0.0,0.0,0.0,3573.8,0.0,0.0,0.0,0.0,0.0,9.299211743100743,0.0,0.0
94.893158,95.4743525,-0.0626095000000264,0.0593685000000423,9.787210000000012,-0.1915536264275267,-0.0922072085728356,9.760296856105947,0.1028795600000001,-0.1117956000000012,-0.0014165199999994,9.762611826781908,1.0,0.0,0.0,0.0,3570.38,0.0,0.0,0.0,0.0,0.0,9.200010804848171,0.0,0.0
95.003716,95.5849105,-0.1926095000000267,-0.1306314999999576,9.802210000000011,-0.1918060406322524,-0.1013928130006113,9.770316495918058,0.1048795600000001,-0.1133956000000012,-0.0002165199999994,9.772725028883178,1.0,0.0,0.0,0.0,3573.8,0.0,0.0,0.0,0.0,0.0,9.299211743100743,0.0,0.0
95.1144774,95.6956719,-0.2376095000000266,-0.1556314999999575,9.762210000000014,-0.2027556884604775,-0.1143589629269642,9.768378579510678,0.1056795600000001,-0.1133956000000012,0.0025834800000005,9.77115182126692,1.0,0.0,0.0,0.0,3573.31,0.49,0.0,0.0,0.0,0.0,9.28484719423498,0.005926265570176409,0.0
95.2250817,95.8062762,-0.2426095000000265,-0.3056314999999574,9.712210000000011,-0.2122830299974257,-0.1600840445926064,9.7549510748387,0.1040795600000001,-0.1109956000000012,0.0009834800000005,9.758573741006147,1.0,0.0,0.0,0.0,3570.87,0.0,0.0,0.0,0.0,0.0,9.21407368999395,0.0,0.0
95.3360073,95.9172018,-0.2176095000000266,-0.2406314999999574,9.722210000000011,-0.2135563611278931,-0.1793394956511934,9.747124084389734,0.1056795600000001,-0.1133956000000012,0.0009834800000005,9.751112597574137,1.0,0.0,0.49,0.0,3567.94,0.0,0.0,0.0,0.05401493744611888,0.0,9.130714099988541,0.0,0.0
95.4470773,96.0282718,-0.1176095000000265,-0.0656314999999576,9.672210000000014,-0.190619570892505,-0.1521567779084728,9.729215331366191,0.1028795600000001,-0.1093956000000012,-0.0002165199999994,9.73227200965744,1.0,0.0,0.49,0.49,3566.96,0.0,0.0,0.0,0.05401493744611888,0.00754893254491928,9.103219275907431,0.0,0.0
95.5662603,96.1474548,-0.2876095000000265,-0.1806314999999576,9.562210000000013,-0.2138057140631466,-0.1589638659147491,9.689291500521607,0.1040795600000001,-0.1109956000000012,0.0021834800000005,9.692953738469656,1.0,0.0,0.0,0.0,3566.96,0.0,0.0,0.0,0.0,0.0,9.103219275907431,0.0,0.0
95.6762557,96.2574502,-0.0976095000000265,-0.0056314999999576,9.602210000000014,-0.1860281697351439,-0.1223086562295009,9.668474038779063,0.1024795600000001,-0.1093956000000012,-0.0002165199999994,9.671036972624416,1.0,0.0,0.0,0.0,3567.45,0.0,0.0,0.0,0.0,0.0,9.116942783850078,0.0,0.0
95.7871127,96.3683072,-0.1826095000000265,-0.1256314999999577,9.642210000000013,-0.1852109120398248,-0.1231030060357583,9.66219543058774,0.1040795600000001,-0.1117956000000012,-0.0006165199999994,9.664754418551166,1.0,0.0,0.0,0.0,3568.43,0.0,0.0,0.0,0.0,0.0,9.144533493748316,0.0,0.0
95.8971248,96.4783193,0.0173904999999736,-0.1806314999999576,9.762210000000014,-0.1367775809779855,-0.1368556080813441,9.686104635872056,0.1052795600000001,-0.1097956000000012,0.0029834800000005,9.6880369828559,1.0,0.0,0.0,0.0,3570.87,0.0,0.0,0.0,0.0,0.0,9.21407368999395,0.0,0.0
96.0079083,96.5891028,-0.0176095000000264,-0.2006314999999576,9.702210000000012,-0.108289590396381,-0.1521016957367031,9.689954739505724,0.1064795600000001,-0.1113956000000012,0.0025834800000005,9.69175342313782,1.0,0.0,0.0,0.49,3570.38,0.0,0.0,0.0,0.0,0.00754893254491928,9.200010804848171,0.0,0.0
96.1179309,96.6991254,0.1923904999999734,-0.0106314999999574,9.672210000000014,-0.0364098427912177,-0.1182822235202161,9.685712731345795,0.1028795600000001,-0.1073956000000012,0.0021834800000005,9.686503366809252,1.0,0.0,0.0,0.0,3568.91,0.49,0.0,0.0,0.0,0.0,9.15811773639657,0.005926265570176409,0.0
96.2295949,96.8107894,-0.0576095000000265,-0.0806314999999575,9.552210000000011,-0.0414777739850538,-0.1092815460885294,9.653797939045829,0.1024795600000001,-0.1097956000000012,0.0013834800000005,9.65450555491972,1.0,0.0,0.0,0.0,3566.47,0.49,0.0,0.0,0.0,0.0,9.089543308808723,0.005926265570176409,0.0
96.3395919,96.9207864,0.1523904999999734,-0.1356314999999575,9.457210000000014,0.0048678373400029,-0.115580692912865,9.606802172142189,0.1000795600000001,-0.1037956000000012,0.0033834800000005,9.607498663392594,1.0,0.0,0.0,0.0,3561.58,0.0,0.0,0.0,0.0,0.0,8.955610251892304,0.0,0.0
96.4504282,97.0316227,0.0323904999999733,-0.1006314999999575,9.447210000000013,0.011447328661869,-0.1120069803598848,9.56865051055988,0.1004795600000001,-0.1061956000000012,0.0041834800000005,9.569312890600909,1.0,0.0,0.0,0.0,3561.1,0.0,0.0,0.0,0.0,0.0,8.942707602023734,0.0,0.0
96.5604705,97.141665,0.1773904999999733,-0.0906314999999575,9.702210000000012,0.051117242479109,-0.1068970173716958,9.6005788712923,0.1032795600000001,-0.1093956000000012,0.0033834800000005,9.60131004648354,1.0,0.0,0.0,0.0,3565.0,0.0,0.0,0.0,0.0,0.0,9.048798009738835,0.0,0.0
96.6704141,97.2516086,-0.2126095000000267,-0.1656314999999575,9.792210000000011,-0.0119285403698441,-0.1209379197190182,9.646389676878549,0.1052795600000001,-0.1129956000000012,0.0009834800000005,9.647155128258811,1.0,0.0,0.0,0.0,3569.89,0.0,0.0,0.0,0.0,0.0,9.185997370544946,0.0,0.0
96.7812748,97.3624693,-0.2876095000000265,-0.2556314999999576,9.772210000000012,-0.0778320651813657,-0.1531373930591629,9.676467933997763,0.1084795600000001,-0.1157956000000012,0.0021834800000005,9.67799258985097,1.0,0.0,0.0,0.0,3572.82,0.0,0.0,0.0,0.0,0.0,9.27053381755259,0.0,0.0
96.8919914,97.4731859,-0.1676095000000264,-0.2356314999999575,9.762210000000014,-0.0992940094920043,-0.1728582052286725,9.696965194242908,0.1052795600000001,-0.1121956000000012,0.0017834800000005,9.699014034312675,1.0,0.0,0.49,0.0,3573.8,0.0,0.0,0.0,0.05401493744611888,0.0,9.299211743100743,0.0,0.0
97.002089,97.5832835,-0.3226095000000266,-0.2506314999999577,9.642210000000013,-0.1526791906421111,-0.1914504731477516,9.683875569528936,0.1052795600000001,-0.1125956000000012,0.0005834800000005,9.68697116053532,1.0,0.0,0.0,0.0,3572.82,0.0,0.0,0.0,0.0,0.0,9.27053381755259,0.0,0.0
97.1123527,97.6935472,-0.5826095000000264,-0.1806314999999576,9.632210000000011,-0.2554571367432986,-0.1888641194647214,9.671524541921087,0.1048795600000001,-0.1133956000000012,-0.0010165199999994,9.676740927053704,1.0,0.0,0.49,0.0,3569.4,0.0,0.0,0.0,0.05401493744611888,0.0,9.172033107022308,0.0,0.0
97.2229399,97.8041344,-0.3076095000000265,-0.1706314999999576,9.582210000000014,-0.267924535908188,-0.1845054800763247,9.650173255501375,0.1040795600000001,-0.1105956000000012,0.0017834800000005,9.65565480380869,1.0,0.0,0.0,0.0,3569.89,0.0,0.0,0.0,0.0,0.0,9.185997370544946,0.0,0.0
97.3421243,97.9233188,-0.4076095000000266,-0.3206314999999575,9.572210000000013,-0.3013172356041416,-0.2170473884604416,9.63153557609757,0.1056795600000001,-0.1121956000000012,0.0041834800000005,9.63869177839725,1.0,0.0,0.49,0.0,3567.45,0.0,0.0,0.0,0.05401493744611888,0.0,9.116942783850078,0.0,0.0
97.4521058,98.0333003,-0.3576095000000263,-0.3456314999999574,9.512210000000014,-0.3147743080413806,-0.2477863491655253,9.603009935169942,0.1068795600000001,-0.1141956000000012,0.0033834800000005,9.61136206553516,1.0,0.0,0.49,0.0,3566.96,0.0,0.49,0.0,0.05401493744611888,0.0,9.103219275907431,0.0,0.010519114903947972
97.5621183,98.1433128,-0.0276095000000267,-0.2106314999999576,9.487210000000012,-0.2461254863123183,-0.2389042140803308,9.57532712417392,0.1032795600000001,-0.1073956000000012,0.0025834800000005,9.581468703359556,1.0,0.0,0.0,0.0,3567.45,0.0,0.0,0.0,0.0,0.0,9.116942783850078,0.0,0.0
97.6721171,98.2533116,-0.1626095000000265,-0.3806314999999576,9.357210000000013,-0.2261603864973935,-0.272785145562155,9.523184650046955,0.1036795600000001,-0.1069956000000012,0.0053834800000005,9.52977471585504,1.0,0.0,0.49,0.0,3565.98,0.0,0.0,0.0,0.05401493744611888,0.0,9.07591461725553,0.0,0.0
97.7824104,98.3636049,-0.2426095000000265,-0.5456314999999576,9.427210000000011,-0.23009266590219,-0.3380110375263538,9.500241216669728,0.1092795600000001,-0.1133956000000012,0.0081834800000005,9.509036611103248,1.0,0.0,0.0,0.0,3557.18,0.49,0.0,0.0,0.0,0.0,8.838914091888391,0.005926265570176409,0.0
97.893,98.4741945,-0.4376095000000264,-0.5606314999999578,9.327210000000012,-0.2797010641140986,-0.391230067204221,9.458876854414688,0.1056795600000001,-0.1085956000000012,0.0045834800000005,9.47109523749672,1.0,0.0,0.0,0.0,3549.85,0.0,0.98,0.0,0.0,0.0,8.652060595375389,0.0,0.016149049564667978
98.0030072,98.5842017,-0.3276095000000265,-0.4256314999999575,9.337210000000011,-0.2911539217845192,-0.3994539782165994,9.42979151399287,0.1044795600000001,-0.1089956000000012,0.0045834800000005,9.442738060766882,1.0,0.0,0.0,0.0,3545.94,0.0,0.0,0.0,0.0,0.0,8.556036663379793,0.0,0.0
98.1129807,98.6941752,-0.2126095000000267,-0.5106314999999575,9.377210000000012,-0.2723773103826116,-0.4260317679020458,9.417221523244493,0.1044795600000001,-0.1077956000000012,0.0041834800000005,9.430787543165858,1.0,0.0,0.0,0.0,3549.36,0.0,0.0,0.0,0.0,0.0,8.639891649603202,0.0,0.0
98.2237662,98.8049607,-0.3476095000000265,-0.3406314999999575,9.297210000000014,-0.2903621087587036,-0.4056162169617635,9.388531901696377,0.1040795600000001,-0.1097956000000012,0.0029834800000005,9.401774616466604,1.0,0.0,0.0,0.0,3548.39,0.0,0.0,0.0,0.0,0.0,8.6159173955414,0.0,0.0
98.3346054,98.9157999,-0.4526095000000265,-0.3306314999999578,9.367210000000014,-0.3291485196469313,-0.3876905787116409,9.383434747074745,0.1028795600000001,-0.1105956000000012,0.0005834800000005,9.397206520313215,1.0,0.0,0.0,0.0,3550.83,0.0,0.49,0.0,0.0,0.0,8.676516784107866,0.0,0.010519114903947972
98.4454605,99.026655,-0.4076095000000266,-0.3756314999999577,9.297210000000014,-0.347905183771915,-0.3848077688355231,9.362822098432526,0.1024795600000001,-0.1101956000000012,0.0005834800000005,9.377182555690595,1.0,0.49,0.0,0.0,3550.34,0.0,0.0,0.06888849700996072,0.0,0.0,8.664268904833214,0.0,0.0
98.5554358,99.1366303,-0.2676095000000265,-0.4156314999999577,9.407210000000012,-0.3287099205414855,-0.3921764044290151,9.373433346943154,0.1044795600000001,-0.1105956000000012,0.0045834800000005,9.38739075854623,1.0,0.49,0.98,0.0,3553.27,0.0,0.0,0.06888849700996072,0.08575705582568133,0.0,8.73810258119831,0.0,0.0
98.6663128,99.2475073,-0.3176095000000267,-0.2956314999999576,9.447210000000013,-0.3260562848259333,-0.3690966476224454,9.391070188790216,0.1056795600000001,-0.1105956000000012,0.0037834800000005,9.403974921645894,1.0,0.0,0.0,0.0,3556.7,0.0,0.0,0.0,0.0,0.0,8.82639447722409,0.0,0.0
98.776785,99.3579795,-0.1126095000000266,-0.3256314999999574,9.507210000000011,-0.2750302890568241,-0.3587059901079847,9.418834249608697,0.1052795600000001,-0.1085956000000012,0.0041834800000005,9.429673921660273,1.0,0.0,0.0,0.0,3558.65,0.0,0.0,0.0,0.0,0.0,8.87751068783464,0.0,0.0
98.887974,99.4691685,-0.5226095000000264,-0.4106314999999574,9.582210000000014,-0.3342158878486309,-0.371119158337329,9.457890402902558,0.1080795600000001,-0.1149956000000012,0.0029834800000005,9.47106755137412,1.0,0.0,0.0,0.0,3562.56,0.0,0.0,0.0,0.0,0.0,8.982086706824868,0.0,0.0
98.9984666,99.5796611,-0.4126095000000265,-0.3506314999999578,9.682210000000012,-0.3529564471183566,-0.3662214356169126,9.511515622986144,0.1080795600000001,-0.1153956000000012,0.0025834800000005,9.52510503038036,1.0,0.0,0.0,0.0,3563.54,0.0,0.0,0.0,0.0,0.0,9.008744082836275,0.0,0.0
99.1179664,99.6991609,-0.2876095000000265,-0.3006314999999575,9.762210000000014,-0.3373347873688141,-0.3505416877115195,9.57144592472989,0.1064795600000001,-0.1129956000000012,0.0033834800000005,9.583801506898045,1.0,0.0,0.0,0.0,3565.49,0.0,0.0,0.0,0.0,0.0,9.062332937982731,0.0,0.0
99.2288152,99.8100097,-0.5576095000000265,-0.4556314999999578,9.792210000000011,-0.3899930486020739,-0.375664166466962,9.624221171636949,0.1088795600000001,-0.1173956000000012,0.0009834800000005,9.639442478925329,1.0,0.0,0.0,0.49,3568.43,0.0,0.0,0.0,0.0,0.00754893254491928,9.144533493748316,0.0,0.0
99.3388182,99.9200127,-0.3976095000000264,-0.3156314999999576,9.762210000000014,-0.3918138163270342,-0.3613129238954135,9.657208397834712,0.1064795600000001,-0.1133956000000012,0.0025834800000005,9.671904628088924,1.0,0.0,0.0,0.0,3570.38,0.0,0.0,0.0,0.0,0.0,9.200010804848171,0.0,0.0
99.4488007,100.0299952,-0.3576095000000263,-0.2706314999999577,9.642210000000013,-0.3836370274303979,-0.3396348744659018,9.653622922489742,0.1048795600000001,-0.1113956000000012,0.0025834800000005,9.667210804900682,1.0,0.0,0.0,0.0,3567.94,0.0,0.0,0.0,0.0,0.0,9.130714099988541,0.0,0.0
99.5604982,100.1416927,-0.3576095000000263,-0.3206314999999575,9.672210000000014,-0.3774149589854422,-0.335091980526839,9.658066297634385,0.1060795600000001,-0.1145956000000012,-0.0002165199999994,9.671244661168515,1.0,0.0,0.0,0.0,3566.47,0.49,0.0,0.0,0.0,0.0,9.089543308808723,0.005926265570176409,0.0
99.6713117,100.2525062,-0.2276095000000264,-0.2256314999999578,9.662210000000012,-0.3416028818786639,-0.308924661956991,9.65905687961738,0.1040795600000001,-0.1121956000000012,0.0013834800000005,9.67003137426952,1.0,0.0,0.49,0.0,3568.43,0.0,0.0,0.0,0.05401493744611888,0.0,9.144533493748316,0.0,0.0
99.7821558,100.3633503,-0.3626095000000267,-0.2506314999999577,9.632210000000011,-0.3466246656842068,-0.2949892605040544,9.65263893911344,0.1044795600000001,-0.1129956000000012,0.0029834800000005,9.663364104263197,1.0,0.0,0.0,0.0,3569.4,0.0,0.0,0.0,0.0,0.0,9.172033107022308,0.0,0.0
99.8930069,100.4742014,-0.6326095000000267,-0.3256314999999574,9.672210000000014,-0.4149914061705094,-0.3023145092031587,9.6573175425921,0.1068795600000001,-0.1169956000000012,0.0013834800000005,9.670956211674584,1.0,0.0,0.0,0.0,3568.91,0.0,0.0,0.0,0.0,0.0,9.15811773639657,0.0,0.0
100.0030292,100.5842237,-0.4876095000000267,-0.3706314999999578,9.65221000000001,-0.4323512860652942,-0.3186461793484784,9.656096547640562,0.1064795600000001,-0.1149956000000012,0.0021834800000005,9.67102184670946,1.0,0.0,0.0,0.0,3569.4,0.98,0.0,0.0,0.0,0.0,9.172033107022308,0.009006928992634852,0.0
100.1129688,100.6941633,-0.3776095000000263,-0.3056314999999574,9.672210000000014,-0.4192648666730411,-0.3155349262372376,9.659948584824395,0.1060795600000001,-0.1141956000000012,0.0041834800000005,9.674189990875346,1.0,0.0,0.98,0.0,3567.94,0.0,0.0,0.0,0.08575705582568133,0.0,9.130714099988541,0.0,0.0
100.2229875,100.804182,-0.3326095000000264,-0.3556314999999577,9.542210000000011,-0.398549275305224,-0.3251203018372546,9.631802325624426,0.1052795600000001,-0.1141956000000012,0.0021834800000005,9.645525427648677,1.0,0.0,0.0,0.49,3565.98,0.0,0.0,0.0,0.0,0.00754893254491928,9.07591461725553,0.0,0.0
100.3330275,100.914222,-0.4576095000000264,-0.2806314999999575,9.562210000000013,-0.4126680486465868,-0.3144849323882643,9.615165777476042,0.1052795600000001,-0.1141956000000012,0.0025834800000005,9.629154096774,1.0,0.0,0.0,0.0,3565.98,0.0,0.0,0.0,0.0,0.0,9.07591461725553,0.0,0.0
100.4430123,101.0242068,-0.4126095000000265,-0.2756314999999576,9.502210000000012,-0.412654052169694,-0.3051967387137701,9.588162882921836,0.1048795600000001,-0.1133956000000012,0.0049834800000005,9.601890224613774,1.0,0.0,0.0,0.0,3564.52,0.0,0.0,0.0,0.0,0.0,9.03558438445623,0.0,0.0
100.5529973,101.1341918,-0.4926095000000265,-0.2256314999999578,9.542210000000011,-0.4317679795405624,-0.2861760936509245,9.577177514313638,0.1036795600000001,-0.1141956000000012,0.0009834800000005,9.591175604971925,1.0,0.0,0.0,0.0,3565.01,0.0,0.0,0.0,0.0,0.0,9.049073767162012,0.0,0.0
100.6635334,101.2447279,-0.5576095000000265,-0.3606314999999576,9.522210000000012,-0.4618513040365495,-0.3039751963755299,9.56403713295304,0.1056795600000001,-0.1157956000000012,0.0021834800000005,9.580005940893589,1.0,0.0,0.0,0.98,3566.96,0.0,0.0,0.0,0.0,0.011866072241428612,9.103219275907431,0.0,0.0
100.7743095,101.355504,-0.5776095000000265,-0.3206314999999575,9.442210000000014,-0.4895241369737603,-0.3079570060756022,9.53491347678884,0.1036795600000001,-0.1129956000000012,0.0029834800000005,9.55243667386078,1.0,0.0,0.0,0.0,3564.52,0.0,0.0,0.0,0.0,0.0,9.03558438445623,0.0,0.0
100.8938054,101.4749999,-0.6926095000000267,-0.5606314999999578,9.237210000000012,-0.5380731600147883,-0.3683606690703943,9.463745310168454,0.1024795600000001,-0.1109956000000012,0.0021834800000005,9.486184038051428,1.0,0.0,0.0,0.0,3559.14,0.0,0.0,0.0,0.0,0.0,8.890462517146116,0.0,0.0
101.0038245,101.585019,-0.6226095000000265,-0.5206314999999577,9.127210000000012,-0.5582821827458686,-0.4047621111493082,9.383294113272624,0.1024795600000001,-0.1093956000000012,0.0037834800000005,9.40859818348994,1.0,0.0,0.0,0.0,3554.25,0.49,0.0,0.0,0.0,0.0,8.763121383294395,0.005926265570176409,0.0
101.1138281,101.6950226,-0.6376095000000266,-0.5756314999999574,9.417210000000011,-0.5772459509651319,-0.4456096728479995,9.391401950989968,0.1064795600000001,-0.1133956000000012,0.0033834800000005,9.419671516220696,1.0,0.0,0.49,0.0,3557.18,0.0,0.0,0.0,0.05401493744611888,0.0,8.838914091888391,0.0,0.0
101.2238379,101.8050324,-0.6426095000000265,-0.7456314999999578,9.427210000000011,-0.5928715795227548,-0.5173320578695525,9.399962123769225,0.1076795600000001,-0.1125956000000012,0.0045834800000005,9.43283717108492,1.0,0.0,0.98,0.0,3560.12,0.0,0.0,0.0,0.08575705582568133,0.0,8.91649702969387,0.0,0.0
101.3338046,101.9149991,-0.5926095000000267,-0.6456314999999577,9.407210000000012,-0.5928089275196862,-0.5480029662960473,9.40169478093803,0.1076795600000001,-0.1117956000000012,0.0049834800000005,9.436291349334956,1.0,0.0,0.0,0.49,3559.14,0.0,0.0,0.0,0.0,0.00754893254491928,8.890462517146116,0.0,0.0
101.4446688,102.0258633,-0.7726095000000264,-0.7506314999999577,9.172210000000014,-0.6357915531804486,-0.5964427809876088,9.34683478634608,0.1060795600000001,-0.1097956000000012,0.0045834800000005,9.38740088700472,1.0,0.0,0.0,0.0,3552.79,0.98,0.0,0.0,0.0,0.0,8.725908174393005,0.009006928992634852,0.0
101.5546637,102.1358582,-0.9126095000000264,-0.8506314999999578,9.187210000000013,-0.7019668829927479,-0.6572084304278583,9.30867532810274,0.1088795600000001,-0.1133956000000012,0.0037834800000005,9.358211196049842,1.0,0.0,0.0,0.0,3552.79,0.49,0.0,0.0,0.0,0.0,8.725908174393005,0.005926265570176409,0.0
101.665525,102.2467195,-0.3576095000000263,-0.6356314999999575,9.357210000000013,-0.6196457630846655,-0.6520503093457233,9.320277892015357,0.1056795600000001,-0.1097956000000012,0.0053834800000005,9.363584274305264,1.0,0.49,0.98,0.0,3550.34,0.0,0.0,0.06888849700996072,0.08575705582568133,0.0,8.664268904833214,0.0,0.0
101.7754989,102.3566934,-0.6776095000000266,-0.7456314999999578,9.102210000000014,-0.633502413101752,-0.674421568965707,9.268147187191534,0.1040795600000001,-0.1097956000000012,0.0053834800000005,9.314221494227969,1.0,0.0,0.0,0.0,3543.5,0.0,0.0,0.0,0.0,0.0,8.497338934541135,0.0,0.0
101.8855065,102.466701,-0.6376095000000266,-0.6506314999999576,9.147210000000012,-0.6344842418927814,-0.6687343811292482,9.239236278990242,0.1040795600000001,-0.1105956000000012,0.0041834800000005,9.285109743278433,1.0,0.0,0.0,0.0,3538.61,0.0,0.0,0.0,0.0,0.0,8.382428646519736,0.0,0.0
101.9960379,102.5772324,-0.6776095000000266,-0.5506314999999575,9.147210000000012,-0.6447936463633938,-0.6405010342660569,9.217236732235616,0.1032795600000001,-0.1113956000000012,0.0021834800000005,9.261935726367357,1.0,0.0,0.0,0.0,3542.52,0.0,0.0,0.0,0.0,0.0,8.474021926143937,0.0,0.0
102.1069343,102.6881288,-0.6676095000000264,-0.4706314999999574,9.257210000000011,-0.6502479409880749,-0.5998924950283624,9.22679263064602,0.1036795600000001,-0.1129956000000012,0.0013834800000005,9.269109754409763,1.0,0.0,0.0,0.0,3545.94,0.0,0.0,0.0,0.0,0.0,8.556036663379793,0.0,0.0
102.2180159,102.7992104,-0.5426095000000264,-0.4756314999999578,9.372210000000011,-0.6245161941316891,-0.5701870065537704,9.261555703228554,0.1048795600000001,-0.1137956000000012,0.0005834800000005,9.300083211626704,1.0,0.0,0.49,0.0,3550.83,0.0,0.98,0.0,0.05401493744611888,0.0,8.676516784107866,0.0,0.016149049564667978
102.3285428,102.9097373,-0.5226095000000264,-0.5406314999999577,9.397210000000012,-0.6001546627652302,-0.5631215492146084,9.293984842785598,0.1044795600000001,-0.1105956000000012,-0.0006165199999994,9.330350784207264,1.0,0.0,0.0,0.0,3552.79,0.0,0.0,0.0,0.0,0.0,8.725908174393005,0.0,0.0
102.4393778,103.0205723,-0.4476095000000266,-0.4956314999999578,9.582210000000014,-0.5636876396793401,-0.5469875654280053,9.36288714864403,0.1072795600000001,-0.1137956000000012,-0.0006165199999994,9.39577537567303,1.0,0.49,0.0,0.0,3552.79,0.0,0.0,0.06888849700996072,0.0,0.0,8.725908174393005,0.0,0.0
102.5505466,103.1317411,-0.4626095000000267,-0.3306314999999578,9.612210000000012,-0.53952418023987,-0.4952660851154438,9.42248957727189,0.1060795600000001,-0.1137956000000012,-0.0018165199999994,9.450909198057428,1.0,0.0,0.0,0.0,3558.16,0.0,0.0,0.0,0.0,0.0,8.8646021624622,0.0,0.0
102.6621901,103.2433846,-0.3576095000000263,-0.2756314999999576,9.642210000000013,-0.4960361618477068,-0.4427608509888502,9.47501533149984,0.1048795600000001,-0.1117956000000012,-0.0006165199999994,9.498315881101554,1.0,0.0,0.49,0.49,3562.56,0.0,0.0,0.0,0.05401493744611888,0.00754893254491928,8.982086706824868,0.0,0.0
102.7726801,103.3538746,-0.3776095000000263,-0.3056314999999574,9.632210000000011,-0.4677254128649185,-0.4099790890659099,9.512593852517892,0.1060795600000001,-0.1141956000000012,-0.0014165199999994,9.532905733210216,1.0,0.0,0.0,0.0,3561.1,0.0,0.0,0.0,0.0,0.0,8.942707602023734,0.0,0.0
102.8838758,103.4650703,-0.3876095000000266,-0.3906314999999578,9.592210000000012,-0.4485731251684016,-0.4053539081402429,9.531626667689547,0.1056795600000001,-0.1121956000000012,-0.0014165199999994,9.550781987443669,1.0,0.0,0.49,0.0,3563.05,0.49,0.0,0.0,0.05401493744611888,0.0,8.995392655125098,0.005926265570176409,0.0
102.9943379,103.5755324,-0.3176095000000267,-0.3256314999999574,9.632210000000011,-0.417265324541659,-0.3862956905906681,9.5556718398532,0.1076795600000001,-0.1141956000000012,-0.0010165199999994,9.572575359985274,1.0,0.0,0.0,0.49,3563.54,0.0,0.0,0.0,0.0,0.00754893254491928,9.008744082836275,0.0,0.0
103.1051635,103.686358,-0.2476095000000264,-0.3356314999999576,9.582210000000014,-0.3767078741573543,-0.3741840498515701,9.562015978737632,0.1068795600000001,-0.1137956000000012,-0.0002165199999994,9.576746425756989,1.0,0.49,0.0,0.0,3564.03,0.0,0.0,0.06888849700996072,0.0,0.0,9.022141241470015,0.0,0.0
103.2247047,103.8058992,-0.4426095000000267,-0.5156314999999578,9.632210000000011,-0.3924621338627339,-0.4079980845708549,9.578796366574686,0.1092795600000001,-0.1153956000000012,0.0005834800000005,9.595510866849873,1.0,0.0,0.0,0.49,3565.01,0.0,0.0,0.0,0.0,0.00754893254491928,9.049073767162012,0.0,0.0
103.3347106,103.9159051,-0.4826095000000263,-0.3406314999999575,9.662210000000012,-0.4140125129273312,-0.3918936158992016,9.598736998192624,0.1080795600000001,-0.1161956000000012,0.0001834800000005,9.615650728240649,1.0,0.0,0.0,0.49,3563.54,0.0,0.49,0.0,0.0,0.00754893254491928,9.008744082836275,0.0,0.010519114903947972
103.4455536,104.0267481,-0.2176095000000266,-0.2406314999999574,9.832210000000014,-0.3670609539481557,-0.3557333144348501,9.654550405792753,0.1064795600000001,-0.1125956000000012,0.0017834800000005,9.668072376275692,1.0,0.0,0.49,0.0,3566.96,0.0,0.0,0.0,0.05401493744611888,0.0,9.103219275907431,0.0,0.0
103.5564095,104.137604,-0.4426095000000267,-0.4156314999999577,9.572210000000013,-0.3851213796151402,-0.3700524083753626,9.63486633699296,0.1068795600000001,-0.1129956000000012,0.0009834800000005,9.64965836668331,1.0,0.0,0.0,0.0,3567.94,0.0,0.0,0.0,0.0,0.0,9.130714099988541,0.0,0.0
103.6664504,104.2476449,-0.2826095000000266,-0.1556314999999575,9.712210000000011,-0.360615174287238,-0.3187935413350565,9.653355898335306,0.1064795600000001,-0.1125956000000012,0.0009834800000005,9.665348039561133,1.0,0.0,0.0,0.0,3566.47,0.0,0.0,0.0,0.0,0.0,9.089543308808723,0.0,0.0
103.7764267,104.3576212,-0.4926095000000265,-0.3456314999999574,9.65221000000001,-0.3921693713245021,-0.3252093492208661,9.65308196306073,0.1072795600000001,-0.1145956000000012,0.0009834800000005,9.666516917804165,1.0,0.0,0.0,0.0,3567.45,0.0,0.0,0.0,0.0,0.0,9.116942783850078,0.0,0.0
103.8872173,104.4684118,-0.3676095000000265,-0.3006314999999575,9.612210000000012,-0.3862981566734372,-0.3193338368237935,9.643311225047915,0.1060795600000001,-0.1125956000000012,0.0013834800000005,9.656327031968472,1.0,0.0,0.49,0.0,3567.94,0.0,0.0,0.0,0.05401493744611888,0.0,9.130714099988541,0.0,0.0
103.9972013,104.5783958,-0.4476095000000266,-0.3006314999999575,9.562210000000013,-0.4009550761849334,-0.3148629081076554,9.623923391356538,0.1044795600000001,-0.1129956000000012,-0.0022165199999994,9.637416929173504,1.0,0.0,0.49,0.0,3568.43,0.0,0.0,0.0,0.05401493744611888,0.0,9.144533493748316,0.0,0.0
104.1072197,104.6884142,-0.4676095000000266,-0.2656314999999574,9.472210000000011,-0.4168892976835398,-0.3030937843709843,9.587655209234285,0.1040795600000001,-0.1129956000000012,-0.0014165199999994,9.601499619320135,1.0,0.0,0.0,0.98,3566.96,0.0,0.0,0.0,0.0,0.011866072241428612,9.103219275907431,0.0,0.0
104.2172188,104.7984133,-0.3526095000000264,-0.1506314999999576,9.442210000000014,-0.4015227477150623,-0.2666465739639034,9.552885481327264,0.1028795600000001,-0.1117956000000012,-0.0010165199999994,9.565037476753169,1.0,0.0,0.0,0.0,3565.98,0.0,0.0,0.0,0.0,0.0,9.07591461725553,0.0,0.0
104.328212,104.9094065,-0.2926095000000264,-0.0256314999999576,9.372210000000011,-0.3754862491018826,-0.2090301795337578,9.509693702386643,0.0984795600000001,-0.1097956000000012,-0.0082165199999994,9.519399027902589,1.0,0.0,0.0,0.0,3564.03,0.0,0.0,0.0,0.0,0.0,9.022141241470015,0.0,0.0
104.438101,105.0192955,-0.4826095000000263,0.0843685000000424,9.337210000000011,-0.401094836045744,-0.1388911057933655,9.468460227376005,0.0972795600000001,-0.1149956000000012,-0.0134165199999994,9.477969554929595,1.0,0.0,0.0,0.0,3546.92,0.0,0.0,0.0,0.0,0.0,8.57987427305016,0.0,0.0
104.5485829,105.1297774,0.8123904999999734,0.3293685000000423,9.737210000000012,-0.1110024007183718,-0.026950264503358,9.532706801865505,0.0952795600000001,-0.0937956000000012,-0.0022165199999994,9.533391150060655,1.0,0.0,0.0,0.0,3533.24,0.0,0.0,0.0,0.0,0.0,8.260250985653116,0.0,0.0
104.6593909,105.2405854,-0.4976095000000264,-0.1756314999999575,10.432210000000012,-0.2034236205008258,-0.062493587864182,9.747739539040474,0.1148795600000001,-0.1277956000000012,-0.0082165199999994,9.750062191538822,1.0,0.0,0.0,0.49,3561.09,0.0,0.0,0.0,0.0,0.00754893254491928,8.942439251663787,0.0,0.0
104.7702251,105.3514196,0.5273904999999734,0.3743685000000425,10.692210000000014,-0.0287172258784177,0.041941449961408,9.973522025219768,0.1076795600000001,-0.1153956000000012,-0.0062165199999994,9.973651555565336,1.0,0.0,0.49,0.0,3572.82,0.0,0.0,0.0,0.05401493744611888,0.0,9.27053381755259,0.0,0.0
104.8897185,105.470913,0.1373904999999733,0.1343685000000423,10.997210000000011,0.0109920258903556,0.06403680393017,10.218242030314382,0.1184795600000001,-0.1281956000000012,-0.0054165199999994,10.218448596874875,1.0,0.0,0.0,0.0,3576.74,0.0,0.0,0.0,0.0,0.0,9.38649038838624,0.0,0.0
104.9997735,105.580968,0.1173904999999733,0.2293685000000425,11.352210000000014,0.0364273497074145,0.1035605401674799,10.489325264810878,0.1200795600000001,-0.1357956000000012,-0.0046165199999994,10.489899725368508,1.0,0.0,0.0,0.0,3581.13,0.0,0.0,0.0,0.0,0.0,9.520407369279107,0.0,0.0
105.1114726,105.6926671,0.4623904999999735,0.1343685000000423,11.257210000000011,0.138256917776816,0.1109254055101618,10.67289365765822,0.1212795600000001,-0.1285956000000012,0.0049834800000005,10.674365482246792,1.0,0.0,0.0,0.0,3582.11,0.0,0.0,0.0,0.0,0.0,9.550909710949052,0.0,0.0
105.2214459,105.8026404,0.4923904999999735,0.0043685000000424,11.267210000000013,0.2229151087303914,0.0854522075223662,10.814969272404907,0.1208795600000001,-0.1277956000000012,0.0085834800000005,10.81760387463569,1.0,0.0,0.0,0.0,3587.0,0.0,0.0,0.0,0.0,0.0,9.706564728837098,0.0,0.0
105.3314492,105.9126437,0.6873904999999734,0.3843685000000423,11.922210000000014,0.3339513062027858,0.1569103064940799,11.079663166612471,0.1200795600000001,-0.1297956000000012,-0.0022165199999994,11.085805347595985,1.0,0.0,0.0,0.49,3594.82,0.0,0.0,0.0,0.0,0.00754893254491928,9.968152966431358,0.0,0.0
105.4414048,106.0225993,0.6823904999999735,0.3793685000000424,11.962210000000011,0.417248212469088,0.2100905446030645,11.290642362308503,0.1212795600000001,-0.1301956000000012,-0.0006165199999994,11.300302609279788,1.0,0.0,0.0,0.0,3607.53,0.0,0.0,0.0,0.0,0.0,10.430443461112642,0.0,0.0
105.5522468,106.1334413,0.1773904999999733,-0.0756314999999576,11.612210000000012,0.3599084936646107,0.1417866258958968,11.367515428978082,0.1200795600000001,-0.1321956000000012,-0.0018165199999994,11.37409533102082,1.0,0.0,0.0,0.0,3608.02,0.0,0.0,0.0,0.0,0.0,10.449275180917637,0.0,0.0
105.6622284,106.2434229,0.2823904999999733,-0.3206314999999575,12.202210000000012,0.3413772573192715,0.0312422325719761,11.567055195689498,0.1324795600000001,-0.1337956000000012,0.0069834800000005,11.57213378807203,1.0,0.0,0.0,0.0,3610.46,0.0,0.0,0.0,0.0,0.0,10.54424665622247,0.0,0.0
105.7722142,106.3534087,0.4773904999999734,-0.2256314999999578,13.452210000000012,0.3738922054888068,-0.0301652887551847,12.01771506928432,0.1448795600000001,-0.1497956000000012,0.0057834800000005,12.023567723952588,1.0,0.0,0.0,0.0,3629.52,0.0,0.0,0.0,0.0,0.0,11.362524293239117,0.0,0.0
105.8822486,106.4634431,1.0623904999999734,-0.0406314999999575,13.442210000000014,0.5384826962353403,-0.0326673121570831,12.358250872468712,0.1400795600000001,-0.1405956000000012,0.0129834800000005,12.370020024005708,1.0,0.0,0.0,0.0,3636.85,0.0,0.0,0.0,0.0,0.0,11.718888885724732,0.0,0.0
105.9938833,106.5750778,1.1373904999999735,-0.1056314999999576,12.337210000000011,0.6816559330020884,-0.0501099283258094,12.353220899914,0.1292795600000001,-0.1201956000000012,0.0177834800000005,12.372115114966633,1.0,0.0,0.0,0.0,3634.9,0.0,0.0,0.0,0.0,0.0,11.621528924002396,0.0,0.0
106.103905,106.6850995,0.9173904999999736,0.2493685000000423,11.797210000000014,0.7380099840976706,0.0214825532810611,12.220302477883283,0.1208795600000001,-0.1209956000000012,0.0085834800000005,12.242586037585507,1.0,0.0,0.0,0.0,3617.3,0.0,0.0,0.0,0.0,0.0,10.821610742572412,0.0,0.0
106.2139132,106.7951077,0.6423904999999734,0.3793685000000424,11.842210000000012,0.7151514557061888,0.1070377740729835,12.129916739852424,0.1176795600000001,-0.1245956000000012,0.0005834800000005,12.15145171596502,1.0,0.0,0.0,0.0,3614.37,0.0,0.0,0.0,0.0,0.0,10.700728083552223,0.0,0.0
106.3243957,106.9055902,0.7423904999999735,-0.0456314999999576,11.787210000000012,0.7216631460088694,0.0705410812824469,12.047990218110634,0.1216795600000001,-0.1253956000000012,0.0097834800000005,12.06979047192392,1.0,0.0,0.0,0.0,3610.95,0.0,0.0,0.0,0.0,0.0,10.56356307802493,0.0,0.0
106.4355659,107.0167604,0.5723904999999734,-0.0956314999999576,11.292210000000011,0.6859784416929616,0.0308163253608539,11.867315497509228,0.1180795600000001,-0.1221956000000012,0.0105834800000005,11.887165060930167,1.0,0.0,0.0,0.0,3608.02,0.0,0.0,0.0,0.0,0.0,10.449275180917637,0.0,0.0
106.546156,107.1273505,0.2073904999999736,-0.4256314999999575,10.587210000000011,0.5715685370982819,-0.0783008244930379,11.561297031345894,0.1152795600000001,-0.1193956000000012,0.0117834800000005,11.575681865822176,1.0,0.0,0.0,0.0,3587.98,0.49,0.0,0.0,0.0,0.0,9.738471552370878,0.005926265570176409,0.0
106.665594,107.2467885,0.3323904999999736,-0.3156314999999576,10.132210000000011,0.5143912996009061,-0.1350364368573713,11.219663453334308,0.1076795600000001,-0.1089956000000012,0.0097834800000005,11.232260736577912,1.0,0.0,0.0,0.0,3574.29,0.0,0.0,0.0,0.0,0.0,9.313627760037402,0.0,0.0
106.7764286,107.3576231,-0.0576095000000265,-0.2706314999999577,10.002210000000012,0.3776503765452135,-0.167451416187554,10.928622410904966,0.1064795600000001,-0.1113956000000012,0.0057834800000005,10.936427551253756,1.0,0.0,0.0,0.0,3562.07,0.0,0.0,0.0,0.0,0.0,8.968825988323916,0.0,0.0
106.8864207,107.4676152,-0.1776095000000266,-0.1956314999999575,9.892210000000013,0.2449114920758948,-0.1741880687848637,10.680860537438368,0.1056795600000001,-0.1145956000000012,0.0017834800000005,10.685087970740629,1.0,0.49,0.0,0.0,3562.56,0.0,0.0,0.06888849700996072,0.0,0.0,8.982086706824868,0.0,0.0
106.9964215,107.577616,0.3973904999999735,0.0793685000000423,9.962210000000011,0.2813627003691372,-0.1135735394228915,10.509061935212024,0.1020795600000001,-0.1069956000000012,0.0053834800000005,10.513441238535476,1.0,0.98,0.49,0.49,3559.14,0.0,0.49,0.09983426901483061,0.05401493744611888,0.00754893254491928,8.890462517146116,0.0,0.010519114903947972
107.1064336,107.6876281,0.0873904999999735,0.0043685000000424,10.097210000000011,0.2349922446912288,-0.0853786429314626,10.410605755041551,0.1056795600000001,-0.1137956000000012,-0.0006165199999994,10.413607590774587,1.0,0.0,0.0,0.0,3561.09,0.0,0.0,0.0,0.0,0.0,8.942439251663787,0.0,0.0
107.2163988,107.7975933,-0.1376095000000265,-0.1906314999999576,10.087210000000011,0.1459191060928388,-0.1105400987193496,10.33329566371384,0.1072795600000001,-0.1177956000000012,0.0005834800000005,10.334917066560092,1.0,0.0,0.0,0.0,3566.47,0.0,0.0,0.0,0.0,0.0,9.089543308808723,0.0,0.0
107.3264294,107.9076239,0.0673904999999734,-0.0556314999999576,10.087210000000011,0.127146275546261,-0.0974138015571384,10.27446710817602,0.1048795600000001,-0.1137956000000012,0.0013834800000005,10.2757155459418,1.0,0.49,0.49,0.0,3567.45,0.0,0.0,0.06888849700996072,0.05401493744611888,0.0,9.116942783850078,0.0,0.0
107.4372692,108.0184637,0.0873904999999735,-0.0906314999999575,10.087210000000011,0.1176423702216758,-0.0957924433771883,10.229701943794096,0.1048795600000001,-0.1137956000000012,0.0029834800000005,10.23082683747234,1.0,0.0,0.0,0.0,3567.45,0.0,0.0,0.0,0.0,0.0,9.116942783850078,0.0,0.0
107.5472907,108.1284852,-0.2026095000000265,-0.1606314999999576,10.107210000000013,0.0410838472703452,-0.1112926882349637,10.200419359796006,0.1068795600000001,-0.1193956000000012,-0.0018165199999994,10.20110920736869,1.0,0.0,0.98,0.0,3567.45,0.0,0.0,0.0,0.08575705582568133,0.0,9.116942783850078,0.0,0.0
107.6572846,108.2384791,-0.1476095000000263,-0.0506314999999575,10.242210000000014,-0.0040246604419172,-0.0967911929945778,10.21040971421609,0.1072795600000001,-0.1205956000000012,0.0001834800000005,10.210869270786462,1.0,0.0,0.0,0.0,3568.91,0.0,0.49,0.0,0.0,0.0,9.15811773639657,0.0,0.010519114903947972
107.7672837,108.3484782,-0.0926095000000266,0.0793685000000423,10.617210000000014,-0.0252015062406771,-0.0546789458751727,10.307658261099627,0.1096795600000001,-0.1253956000000012,-0.0042165199999994,10.30783409502958,1.0,0.0,0.0,0.0,3573.8,0.0,0.0,0.0,0.0,0.0,9.299211743100743,0.0,0.0
107.8864519,108.4676464,-0.2376095000000266,0.0743685000000424,11.15221000000001,-0.0759791715015036,-0.0238292217501932,10.509554454996731,0.1172795600000001,-0.1353956000000012,-0.0042165199999994,10.50985611266172,1.0,0.0,0.49,0.0,3582.6,0.0,0.0,0.0,0.05401493744611888,0.0,9.566246010852996,0.0,0.0
107.9964334,108.5776279,-0.0076095000000266,0.0393685000000423,11.442210000000014,-0.0596349076531857,-0.008721349850061,10.73251250017033,0.1204795600000001,-0.1345956000000012,-0.0018165199999994,10.732681722219588,1.0,0.0,0.0,0.0,3595.8,0.0,0.0,0.0,0.0,0.0,10.002099505189246,0.0,0.0
108.1064469,108.6876414,0.1773904999999733,-0.0256314999999576,11.712210000000011,-0.0029722717744299,-0.0127638433957352,10.966716264457949,0.1212795600000001,-0.1357956000000012,-0.0014165199999994,10.966724094971305,1.0,0.0,0.98,0.0,3599.71,0.0,0.98,0.0,0.08575705582568133,0.0,10.140265865261082,0.0,0.016149049564667978
108.2172999,108.7984944,0.2473904999999736,0.2093685000000424,12.017210000000013,0.0568787573414353,0.0403384978905954,11.217844380297054,0.1236795600000001,-0.1377956000000012,-0.0014165199999994,11.21806110377417,1.0,0.0,0.0,0.0,3605.08,0.0,0.0,0.0,0.0,0.0,10.337461442294803,0.0,0.0
108.3273573,108.9085518,0.3423904999999734,0.0493685000000423,12.307210000000012,0.1251324018496347,0.0424971851240784,11.47826510084018,0.1264795600000001,-0.1373956000000012,0.0013834800000005,11.479025823383347,1.0,0.0,0.0,0.0,3609.97,0.0,0.0,0.0,0.0,0.0,10.525012684317051,0.0,0.0
108.4372697,109.0184642,0.7623904999999735,0.0943685000000424,12.792210000000011,0.2774735535168822,0.0548973976433621,11.792373120410756,0.1312795600000001,-0.1401956000000012,0.0033834800000005,11.795764880165908,1.0,0.0,0.0,0.0,3621.7,0.0,0.0,0.0,0.0,0.0,11.009294588397992,0.0,0.0
108.5475855,109.12878,0.7673904999999734,0.2243685000000423,13.162210000000012,0.3945917385429561,0.0954106888549929,12.119842521644893,0.1340795600000001,-0.1413956000000012,0.0041834800000005,12.12663962477428,1.0,0.0,0.49,0.0,3632.45,0.0,0.0,0.0,0.05401493744611888,0.0,11.50187242484593,0.0,0.0
108.6589395,109.240134,0.8473904999999735,0.1493685000000424,13.222210000000011,0.502836553311229,0.1083096933794383,12.383371430419182,0.1356795600000001,-0.1405956000000012,0.0065834800000005,12.39404952276486,1.0,0.0,0.49,0.49,3636.85,0.0,0.0,0.0,0.05401493744611888,0.00754893254491928,11.718888885724732,0.0,0.0
108.7689395,109.350134,0.6173904999999735,0.1193685000000424,12.982210000000013,0.530221501760287,0.1109533809866074,12.52652811625417,0.1348795600000001,-0.1437956000000012,0.0049834800000005,12.538235607173268,1.0,0.0,0.0,0.0,3639.3,0.0,0.0,0.0,0.0,0.0,11.843981320336532,0.0,0.0
108.8789661,109.4601606,0.5573904999999735,0.1993685000000424,12.762210000000014,0.5367164470477501,0.1320896538631677,12.582869573037788,0.1308795600000001,-0.1421956000000012,0.0021834800000005,12.59500372819593,1.0,0.0,0.0,0.0,3637.34,0.0,0.0,0.0,0.0,0.0,11.743657447348824,0.0,0.0
108.9898104,109.5710049,0.6973904999999734,0.3643685000000425,12.327210000000012,0.5751267400527853,0.1876175899241433,12.521752305317882,0.1212795600000001,-0.1325956000000012,-0.0054165199999994,12.53635720306766,1.0,0.0,0.0,0.49,3630.01,0.0,0.0,0.0,0.0,0.00754893254491928,11.385551008038748,0.0,0.0
109.0998007,109.6809952,0.4023904999999734,0.3193685000000423,12.237210000000012,0.5338328940888107,0.2191135966950691,12.453730411808808,0.1212795600000001,-0.1353956000000012,-0.0054165199999994,12.467092263117308,1.0,0.0,0.0,0.0,3626.59,0.0,0.0,0.0,0.0,0.0,11.227087619895736,0.0,0.0
109.2103156,109.7915101,0.2423904999999733,0.2293685000000425,12.017210000000013,0.4641614845154811,0.2215651054075521,12.349377054112404,0.1216795600000001,-0.1361956000000012,-0.0026165199999994,12.3600829529692,1.0,0.0,0.0,0.0,3623.66,0.0,0.0,0.0,0.0,0.0,11.095388642974187,0.0,0.0
109.3211563,109.9023508,0.6023904999999734,0.4543685000000423,11.937210000000013,0.4972061291796427,0.2772184385659764,12.2508455424925,0.1180795600000001,-0.1285956000000012,-0.0014165199999994,12.264064599617171,1.0,0.0,0.0,0.0,3618.28,0.0,0.0,0.0,0.0,0.0,10.862761355708916,0.0,0.0
109.4323093,110.0135038,0.6273904999999735,0.3193685000000423,11.782210000000012,0.5283276434254552,0.2872947152274241,12.138814830818957,0.1172795600000001,-0.1277956000000012,-0.0010165199999994,12.153702886327084,1.0,0.0,0.49,0.49,3618.28,0.49,0.0,0.0,0.05401493744611888,0.00754893254491928,10.862761355708916,0.005926265570176409,0.0
109.5514868,110.1326813,0.3923904999999736,0.3793685000000424,11.65221000000001,0.4958308873325917,0.3093056185824943,12.02248843096783,0.1152795600000001,-0.1293956000000012,-0.0054165199999994,12.036683359932464,1.0,0.0,0.0,0.0,3617.3,0.0,0.49,0.0,0.0,0.0,10.821610742572412,0.0,0.010519114903947972
109.6614828,110.2426773,0.3723904999999736,0.5643685000000425,11.557210000000012,0.4663215710554281,0.3702802428603155,11.911260261054723,0.1132795600000001,-0.1305956000000012,-0.0070165199999994,11.9261345067237,1.0,0.0,0.49,0.0,3612.41,0.0,0.49,0.0,0.05401493744611888,0.0,10.621612602579923,0.0,0.010519114903947972
109.7723785,110.353573,0.3073904999999732,0.5543685000000425,11.627210000000012,0.4283279504634381,0.4142878705114691,11.843355994281094,0.1132795600000001,-0.1305956000000012,-0.0074165199999994,11.85833801508774,1.0,0.0,0.0,0.0,3604.11,0.0,0.0,0.0,0.0,0.0,10.301180415465263,0.0,0.0
109.8823078,110.4635023,0.3573904999999735,0.4093685000000424,11.482210000000013,0.4113698405056215,0.4131118594550951,11.757021435570136,0.1148795600000001,-0.1317956000000012,-0.0058165199999994,11.771467180880885,1.0,0.0,0.0,0.0,3609.97,0.49,0.0,0.0,0.0,0.0,10.525012684317051,0.005926265570176409,0.0
109.9931495,110.574344,0.3773904999999735,0.4743685000000424,11.577210000000012,0.4032468337042191,0.4277557018714881,11.71403621300929,0.1156795600000001,-0.1313956000000012,-0.0042165199999994,11.728777743186589,1.0,0.49,0.0,0.0,3607.04,0.0,0.0,0.06888849700996072,0.0,0.0,10.411690887836556,0.0,0.0
110.1039518,110.6851463,0.2423904999999733,0.2993685000000423,11.512210000000014,0.3647929651686877,0.3970638138449552,11.665788198875433,0.1160795600000001,-0.1317956000000012,-0.0050165199999994,11.678242499653916,1.0,0.0,0.0,0.0,3606.55,0.0,0.0,0.0,0.0,0.0,10.393016926503627,0.0,0.0
110.2139847,110.7951792,-0.1026095000000264,0.2243685000000423,11.407210000000012,0.2530570295366635,0.3557797515866139,11.603973212566022,0.1164795600000001,-0.1361956000000012,-0.0058165199999994,11.612183748536998,1.0,0.0,0.0,0.98,3606.06,0.49,0.0,0.0,0.0,0.011866072241428612,10.37442104748386,0.005926265570176409,0.0
110.3239861,110.9051806,-0.0626095000000264,0.3193685000000423,11.407210000000012,0.1775946653988011,0.3470753788741378,11.556935545261272,0.1144795600000001,-0.1345956000000012,-0.0078165199999994,11.563509864272277,1.0,0.0,0.49,0.0,3604.11,0.0,0.0,0.0,0.05401493744611888,0.0,10.301180415465263,0.0,0.0
110.4348394,111.0160339,-0.0476095000000267,0.2843685000000424,11.77721000000001,0.1237579828729951,0.3320848465092048,11.609593744843473,0.1176795600000001,-0.1377956000000012,-0.0074165199999994,11.615001648898485,1.0,0.0,0.0,0.0,3607.04,0.0,0.0,0.0,0.0,0.0,10.411690887836556,0.0,0.0
110.5448194,111.1260139,0.0573904999999732,0.3693685000000424,12.072210000000013,0.1078923566793406,0.3409977731987874,11.720185502398367,0.1200795600000001,-0.1405956000000012,-0.0094165199999994,11.725641494288713,1.0,0.0,0.0,0.0,3615.84,0.0,0.0,0.0,0.0,0.0,10.760977798558176,0.0,0.0
110.6549211,111.2361156,0.1223904999999736,0.2843685000000424,11.977210000000014,0.1113582425690809,0.3274601363728043,11.781629065194949,0.1216795600000001,-0.1389956000000012,-0.0054165199999994,11.786704977598609,1.0,0.0,0.0,0.0,3617.79,0.0,0.0,0.0,0.0,0.0,10.842140253942695,0.0,0.0
110.7648865,111.346081,0.0723904999999733,0.2293685000000425,11.847210000000011,0.102042722220134,0.3040106221221026,11.79730666139124,0.1192795600000001,-0.1377956000000012,-0.0082165199999994,11.801664274094026,1.0,0.0,0.49,0.0,3617.79,0.0,0.0,0.0,0.05401493744611888,0.0,10.842140253942695,0.0,0.0
110.8753052,111.4564997,0.2523904999999735,0.3043685000000424,11.867210000000014,0.1379844445522192,0.3040961754139946,11.81401755944017,0.1176795600000001,-0.1341956000000012,-0.0090165199999994,11.81873618817175,1.0,0.0,0.0,0.0,3617.3,0.0,0.0,0.0,0.0,0.0,10.821610742572412,0.0,0.0
110.9863213,111.5675158,-0.0026095000000263,0.2343685000000424,11.787210000000012,0.1043744465110843,0.2874272709207079,11.807609018708629,0.1176795600000001,-0.1369956000000012,-0.0058165199999994,11.811568024603794,1.0,0.0,0.0,0.0,3616.32,0.0,0.0,0.0,0.0,0.0,10.780823883902032,0.0,0.0
111.0973352,111.6785297,0.1073904999999735,0.1743685000000423,11.757210000000011,0.1050954558843995,0.2603997550395768,11.795560769223442,0.1208795600000001,-0.1377956000000012,-0.0054165199999994,11.798902785755772,1.0,0.0,0.0,0.0,3616.81,0.0,0.0,0.0,0.0,0.0,10.801172168219601,0.0,0.0
111.2081524,111.7893469,0.2023904999999732,0.1793685000000424,11.622210000000011,0.128354539001748,0.2410286481841361,11.754120015622112,0.1184795600000001,-0.1337956000000012,-0.0058165199999994,11.757291654057756,1.0,0.0,0.0,0.49,3613.88,0.0,0.0,0.0,0.0,0.00754893254491928,10.680819990622712,0.0,0.0
111.327328,111.9085225,0.2373904999999734,0.1993685000000424,11.632210000000011,0.154420373111707,0.2310694888240368,11.724976545757157,0.1180795600000001,-0.1309956000000012,-0.0062165199999994,11.72826985359958,1.0,0.49,0.0,0.0,3615.84,0.0,0.0,0.06888849700996072,0.0,0.0,10.760977798558176,0.0,0.0
111.4373575,112.018552,0.3073904999999732,0.1393685000000424,11.732210000000013,0.1909889869409906,0.209147705033418,11.726705755245568,0.1184795600000001,-0.1297956000000012,-0.0074165199999994,11.730125635548966,1.0,0.0,0.0,0.49,3618.28,0.0,0.0,0.0,0.0,0.00754893254491928,10.862761355708916,0.0,0.0
111.5481793,112.1293738,0.4173904999999736,0.2243685000000423,11.732210000000013,0.24511190407413,0.2127863460192867,11.72802158471464,0.1192795600000001,-0.1285956000000012,-0.0046165199999994,11.732512440483648,1.0,0.0,0.49,0.0,3617.79,0.0,0.0,0.0,0.05401493744611888,0.0,10.842140253942695,0.0,0.0
111.6590156,112.2402101,0.2123904999999735,0.2593685000000423,11.767210000000013,0.2372896160635187,0.2239221464197317,11.737389858470465,0.1180795600000001,-0.1321956000000012,-0.0074165199999994,11.741923529783104,1.0,0.0,0.0,0.0,3618.77,0.0,0.0,0.0,0.0,0.0,10.88347470772619,0.0,0.0
111.7690218,112.3502163,0.1773904999999733,0.1893685000000424,11.757210000000011,0.2229702996806331,0.2156618476410154,11.742128006476086,0.1188795600000001,-0.1345956000000012,-0.0082165199999994,11.746224751278074,1.0,0.0,0.0,0.0,3619.26,0.0,0.0,0.0,0.0,0.0,10.904280976408439,0.0,0.0
111.8790006,112.4601951,0.2223904999999733,0.1393685000000424,11.622210000000011,0.2228316943787242,0.1974233717739993,11.713460740786989,0.1188795600000001,-0.1333956000000012,-0.0066165199999994,11.717243382199602,1.0,0.0,0.0,0.0,3617.3,1.96,0.0,0.0,0.0,0.0,10.821610742572412,0.013690059439603126,0.0
111.9890006,112.5701951,0.0473904999999734,0.0893685000000423,11.562210000000013,0.180891209543597,0.1715920741301082,11.677303158625392,0.1180795600000001,-0.1345956000000012,-0.0062165199999994,11.679964662961828,1.0,0.0,0.0,0.49,3615.84,0.0,0.0,0.0,0.0,0.00754893254491928,10.760977798558176,0.0,0.0
112.0998479,112.6810424,0.1723904999999734,0.0643685000000424,11.482210000000013,0.1788590535213775,0.1459595041929599,11.63066472977897,0.1176795600000001,-0.1309956000000012,-0.0058165199999994,11.632955634507308,1.0,0.0,0.0,0.0,3612.41,0.0,0.0,0.0,0.0,0.0,10.621612602579923,0.0,0.0
112.2098573,112.7910518,0.2623904999999733,0.1143685000000425,11.492210000000014,0.1988278492007354,0.1384074464395274,11.597566126482244,0.1176795600000001,-0.1305956000000012,-0.0038165199999994,11.600096085506191,1.0,0.0,0.0,0.0,3611.93,0.0,0.0,0.0,0.0,0.0,10.602445560266007,0.0,0.0
112.3198609,112.9010554,0.5173904999999734,0.2793685000000423,11.342210000000012,0.2749825520468624,0.1721052045409416,11.53652139985342,0.1144795600000001,-0.1257956000000012,-0.0034165199999994,11.541081475088728,1.0,0.0,0.0,0.0,3607.04,0.0,0.0,0.0,0.0,0.0,10.411690887836556,0.0,0.0
112.4306982,113.0118927,0.3223904999999734,0.4593685000000425,11.192210000000014,0.2863157644616131,0.2407775703986511,11.454211272546956,0.1108795600000001,-0.1245956000000012,-0.0082165199999994,11.4603187753015,1.0,0.49,0.49,0.0,3604.11,0.0,0.0,0.06888849700996072,0.05401493744611888,0.0,10.301180415465263,0.0,0.0
112.5407064,113.1219009,0.3223904999999734,0.0943685000000424,10.987210000000012,0.2949396905819034,0.2057774245177379,11.342571244909225,0.1132795600000001,-0.1217956000000012,-0.0030165199999994,11.348271067231488,1.0,0.0,0.0,0.0,3600.68,0.0,0.0,0.0,0.0,0.0,10.175235068975672,0.0,0.0
112.6511733,113.2323678,0.5273904999999734,0.0693685000000423,11.187210000000013,0.3505087357074444,0.1731678857468176,11.305431017044526,0.1168795600000001,-0.1245956000000012,-0.0006165199999994,11.312188734794592,1.0,0.0,0.0,0.0,3597.26,0.0,0.0,0.0,0.0,0.0,10.05317548422472,0.0,0.0
112.7623286,113.3435231,0.2773904999999734,0.0993685000000423,11.382210000000011,0.3330292932839045,0.1555256094860193,11.323785587541517,0.1184795600000001,-0.1309956000000012,-0.0010165199999994,11.329749192193274,1.0,0.49,0.0,0.0,3605.57,0.0,0.0,0.06888849700996072,0.0,0.0,10.355902726045038,0.0,0.0
112.8729533,113.4541478,0.2973904999999734,0.0843685000000424,11.482210000000013,0.3245095823086127,0.1385149884521399,11.361658087736,0.1184795600000001,-0.1309956000000012,-0.0038165199999994,11.367135407553342,1.0,0.0,0.49,0.0,3607.53,0.0,0.0,0.0,0.05401493744611888,0.0,10.430443461112642,0.0,0.0
112.983722,113.5649165,0.4473904999999734,0.0443685000000424,11.492210000000014,0.3538851533266429,0.1160085903100858,11.392867465418902,0.1196795600000001,-0.1305956000000012,-0.0046165199999994,11.398952661511114,1.0,0.0,0.49,0.0,3608.5,0.0,0.49,0.0,0.05401493744611888,0.0,10.467799839679207,0.0,0.010519114903947972
113.1031834,113.6843779,0.3123904999999736,0.0943685000000424,11.492210000000014,0.3439655567076813,0.1108353704018823,11.416616015922312,0.1188795600000001,-0.1277956000000012,-0.0018165199999994,11.422334176452166,1.0,0.0,0.0,0.0,3606.55,0.49,0.0,0.0,0.0,0.0,10.393016926503627,0.005926265570176409,0.0
113.2131782,113.7943727,0.2023904999999732,0.0293685000000423,11.542210000000011,0.3101210167186109,0.0913601265473666,11.446640165058133,0.1176795600000001,-0.1293956000000012,-0.0058165199999994,11.4512048617626,1.0,0.0,0.0,0.0,3611.44,0.0,0.0,0.0,0.0,0.0,10.58296252059745,0.0,0.0
113.3231713,113.9043658,0.1473904999999735,0.1993685000000424,11.997210000000011,0.2712191111951207,0.1171803084316697,11.57825786120313,0.1208795600000001,-0.1337956000000012,-0.0070165199999994,11.58202685765638,1.0,0.0,0.49,0.0,3615.84,0.0,0.0,0.0,0.05401493744611888,0.0,10.760977798558176,0.0,0.0
113.4348738,114.0160683,0.2723904999999735,0.0543685000000424,12.117210000000014,0.2714991401505775,0.1021646918980384,11.707098263162957,0.1224795600000001,-0.1333956000000012,-0.0030165199999994,11.710691659792184,1.0,0.0,0.0,0.49,3621.21,0.49,0.0,0.0,0.0,0.00754893254491928,10.988015478107164,0.005926265570176409,0.0
113.5449715,114.126166,0.3373904999999735,0.1143685000000425,12.177210000000011,0.2872509456961069,0.1050821003803811,11.81948186975802,0.1244795600000001,-0.1361956000000012,-0.0042165199999994,11.82343888313219,1.0,0.49,0.0,0.0,3622.68,0.0,0.0,0.06888849700996072,0.0,0.0,11.05214465292326,0.0,0.0
113.6557131,114.2369076,0.2773904999999734,0.1043685000000425,12.337210000000011,0.2848937349244252,0.1049115090546898,11.943248519158823,0.1252795600000001,-0.1389956000000012,-0.0054165199999994,11.947106597637806,1.0,0.0,0.0,0.0,3625.12,0.49,0.0,0.0,0.0,0.0,11.160556636510561,0.005926265570176409,0.0
113.7656942,114.3468887,0.5373904999999735,0.1093685000000423,12.257210000000011,0.345254910554066,0.1059769849357438,12.01830327908942,0.1244795600000001,-0.1345956000000012,-0.0018165199999994,12.023728447647562,1.0,0.98,0.0,0.0,3627.08,0.0,0.0,0.09983426901483061,0.0,0.0,11.249472595021631,0.0,0.0
113.8756832,114.4568777,0.3923904999999736,0.0943685000000424,11.922210000000014,0.3565230137002579,0.1032018927566885,11.995331486582655,0.1212795600000001,-0.1317956000000012,-0.0030165199999994,12.001072317212648,1.0,0.0,0.49,0.0,3625.61,0.0,0.0,0.0,0.05401493744611888,0.0,11.182630419884854,0.0,0.0
113.985696,114.5668905,0.3173904999999735,0.1743685000000423,11.812210000000013,0.3471681036221608,0.120214784298077,11.951554972416748,0.1188795600000001,-0.1313956000000012,-0.0050165199999994,11.957200489463908,1.0,0.0,0.0,0.49,3623.17,0.49,0.0,0.0,0.0,0.00754893254491928,11.073717043579826,0.005926265570176409,0.0
114.095704,114.6768985,0.4423904999999735,0.1443685000000423,11.65221000000001,0.3699317053257971,0.1259889045136707,11.879994394408984,0.1180795600000001,-0.1289956000000012,-0.0018165199999994,11.886420381336626,1.0,0.0,0.98,0.0,3619.75,0.0,0.0,0.0,0.08575705582568133,0.0,10.925180834811396,0.0,0.0
114.2057117,114.7869062,0.5023904999999735,0.1343685000000423,11.732210000000013,0.4015969370234239,0.1279921073456233,11.84466546738859,0.1192795600000001,-0.1277956000000012,0.0005834800000005,11.852162761020333,1.0,0.49,0.0,0.0,3621.7,0.0,0.0,0.06888849700996072,0.0,0.0,11.009294588397992,0.0,0.0
114.3165738,114.8977683,0.4623904999999735,0.0343685000000424,11.752210000000012,0.4161300774019993,0.1056107077091715,11.822563320047047,0.1212795600000001,-0.1305956000000012,-0.0006165199999994,11.83035592530602,1.0,0.0,0.0,0.0,3621.7,0.0,0.0,0.0,0.0,0.0,11.009294588397992,0.0,0.0
114.4281903,115.0093848,0.5723904999999734,-0.0006314999999577,11.537210000000012,0.4534852601885039,0.080212740503957,11.75434754760851,0.1200795600000001,-0.1257956000000012,0.0017834800000005,11.763365557310442,1.0,0.0,0.0,0.0,3620.23,0.0,0.0,0.0,0.0,0.0,10.945745564307826,0.0,0.0
114.539062,115.1202565,0.3273904999999733,-0.1156314999999577,11.467210000000012,0.4233413969059781,0.0333947601089472,11.68570524268284,0.1188795600000001,-0.1245956000000012,0.0001834800000005,11.693418668943751,1.0,0.0,0.0,0.49,3618.28,0.0,0.0,0.0,0.0,0.00754893254491928,10.862761355708916,0.0,0.0
114.6490392,115.2302337,0.1873904999999736,-0.0006314999999577,11.572210000000013,0.3669356305831769,0.0252605368374573,11.658573385074064,0.1188795600000001,-0.1309956000000012,-0.0038165199999994,11.66437367486442,1.0,0.0,0.0,0.0,3617.3,0.0,0.0,0.0,0.0,0.0,10.821610742572412,0.0,0.0
114.7595145,115.340709,0.3123904999999736,0.0243685000000424,11.507210000000011,0.3538962231044739,0.0250472889877464,11.622388874481944,0.1188795600000001,-0.1273956000000012,-0.0026165199999994,11.627802589186617,1.0,0.0,0.0,0.0,3618.28,0.49,0.0,0.0,0.0,0.0,10.862761355708916,0.005926265570176409,0.0
114.8712335,115.452428,0.3373904999999735,0.0593685000000423,11.477210000000014,0.3499504107654252,0.0332520224033024,11.58768281582137,0.1188795600000001,-0.1265956000000012,-0.0006165199999994,11.593013586944108,1.0,0.0,0.98,0.0,3617.3,0.0,0.0,0.0,0.08575705582568133,0.0,10.821610742572412,0.0,0.0
114.9825761,115.5637706,0.1673904999999735,-0.0356314999999576,11.477210000000014,0.3063081453552213,0.0167849187850544,11.56127349118666,0.1196795600000001,-0.1293956000000012,-0.0014165199999994,11.565342673324686,1.0,0.0,0.0,0.0,3616.81,0.0,0.0,0.0,0.0,0.0,10.801172168219601,0.0,0.0
115.0932294,115.6744239,0.2623904999999733,-0.1006314999999575,11.552210000000011,0.2958093149890769,-0.0112843242960003,11.55910679814736,0.1228795600000001,-0.1337956000000012,-0.0006165199999994,11.562896715693077,1.0,0.0,0.0,0.0,3619.26,0.0,0.0,0.0,0.0,0.0,10.904280976408439,0.0,0.0
115.2037455,115.78494,0.2223904999999733,-0.0256314999999576,11.542210000000011,0.278258016916995,-0.0147141202864431,11.555067496494344,0.1196795600000001,-0.1317956000000012,-0.0022165199999994,11.558426747522972,1.0,0.0,0.0,0.0,3618.28,0.0,0.0,0.0,0.0,0.0,10.862761355708916,0.0,0.0
115.323236,115.9044305,0.2623904999999733,-0.0056314999999576,11.377210000000012,0.2744647723772161,-0.0125428542976457,11.512549377184062,0.1180795600000001,-0.1297956000000012,-0.0026165199999994,11.515827429957916,1.0,0.0,0.0,0.0,3615.35,0.0,0.0,0.0,0.0,0.0,10.740806368221353,0.0,0.0
115.4332235,116.014418,0.2073904999999736,-0.1356314999999575,11.427210000000011,0.2584301830470055,-0.04196808419724,11.492148382609775,0.1188795600000001,-0.1313956000000012,-0.0006165199999994,11.495130357134776,1.0,0.0,0.0,0.0,3615.84,0.0,0.98,0.0,0.0,0.0,10.760977798558176,0.0,0.016149049564667978
115.5442062,116.1254007,0.1523904999999734,-0.0906314999999575,11.387210000000014,0.2330806308252246,-0.0536014252704502,11.467062104212893,0.1172795600000001,-0.1305956000000012,-0.0002165199999994,11.469555919700303,1.0,0.0,0.0,0.0,3617.3,0.0,0.0,0.0,0.0,0.0,10.821610742572412,0.0,0.0
115.6551532,116.2363477,0.2923904999999736,-0.0156314999999576,11.297210000000014,0.2472590834828532,-0.0445244403545809,11.426457731755328,0.1144795600000001,-0.1273956000000012,0.0021834800000005,11.429219386106157,1.0,0.0,0.0,0.0,3614.37,0.0,0.0,0.0,0.0,0.0,10.700728083552223,0.0,0.0
115.7657267,116.3469212,0.2723904999999735,-0.0456314999999576,11.317210000000014,0.2532669301408398,-0.0447890909597761,11.400341272316137,0.1140795600000001,-0.1269956000000012,0.0037834800000005,11.403242140981076,1.0,0.0,0.0,0.0,3616.81,0.0,0.0,0.0,0.0,0.0,10.801172168219601,0.0,0.0
115.8766914,116.4578859,0.3573904999999735,0.0043685000000424,11.552210000000011,0.2781584216637978,-0.033037613745532,11.436646588709532,0.1152795600000001,-0.1313956000000012,0.0069834800000005,11.440076432721323,1.0,0.49,0.0,0.0,3614.37,0.0,0.0,0.06888849700996072,0.0,0.0,10.700728083552223,0.0,0.0
115.9865868,116.5677813,0.5023904999999735,0.1093685000000423,11.642210000000013,0.3317627197552983,0.0010055964316728,11.485788007088576,0.1140795600000001,-0.1285956000000012,0.0061834800000005,11.49057847356796,1.0,0.0,0.0,0.0,3615.84,0.0,0.0,0.0,0.0,0.0,10.760977798558176,0.0,0.0
116.0974173,116.6786118,0.4923904999999735,-0.0856314999999576,11.702210000000012,0.3701619509353381,-0.0197056273029642,11.537525247842275,0.1176795600000001,-0.1313956000000012,0.0073834800000005,11.543478549651557,1.0,0.0,0.0,0.0,3617.79,0.0,0.0,0.0,0.0,0.0,10.842140253942695,0.0,0.0
116.2074135,116.788608,0.4023904999999734,0.0793685000000423,11.722210000000011,0.3778664183957307,0.0039787585017444,11.58167547193633,0.1176795600000001,-0.1329956000000012,0.0061834800000005,11.587838693989577,1.0,0.0,0.0,0.0,3619.26,0.49,0.0,0.0,0.0,0.0,10.904280976408439,0.005926265570176409,0.0
116.3174215,116.898616,0.7023904999999735,0.0543685000000424,11.677210000000011,0.4554462443388494,0.0160247902027878,11.60451369097419,0.1172795600000001,-0.1281956000000012,0.0085834800000005,11.613458833585748,1.0,0.0,0.0,0.0,3619.75,0.0,0.0,0.0,0.0,0.0,10.925180834811396,0.0,0.0
116.4290787,117.0102732,0.6773904999999734,0.0893685000000423,11.587210000000011,0.5085036218935385,0.0335581338362275,11.600377118651688,0.1180795600000001,-0.1289956000000012,0.0073834800000005,11.611565414566764,1.0,0.0,0.0,0.0,3620.72,0.0,0.49,0.0,0.0,0.0,10.966832703523139,0.0,0.010519114903947972
116.5407532,117.1219477,0.8073904999999735,0.0893685000000423,11.497210000000011,0.5799546891473291,0.046900005020045,11.575714273698903,0.1160795600000001,-0.1253956000000012,0.0101834800000005,11.590328209254965,1.0,0.0,0.0,0.0,3619.75,0.0,0.0,0.0,0.0,0.0,10.925180834811396,0.0,0.0
116.6507419,117.2319364,0.7573904999999734,0.0593685000000423,11.462210000000011,0.6223720014588734,0.0498806888125669,11.5485802571605,0.1152795600000001,-0.1325956000000012,0.0097834800000005,11.56544598999077,1.0,0.0,0.49,0.0,3616.32,0.0,0.0,0.0,0.05401493744611888,0.0,10.780823883902032,0.0,0.0
116.7623552,117.3435497,0.9023904999999734,0.0743685000000424,11.477210000000014,0.6893124462797423,0.0557346769673476,11.531518681635331,0.1180795600000001,-0.1305956000000012,0.0137834800000005,11.55223706074791,1.0,0.0,0.0,0.0,3607.53,0.0,0.0,0.0,0.0,0.0,10.430443461112642,0.0,0.0
116.8726933,117.4538878,0.8123904999999734,0.0443685000000424,11.637210000000014,0.7187351440895079,0.0530175102584758,11.556784954763346,0.1172795600000001,-0.1285956000000012,0.0121834800000005,11.579234411410273,1.0,0.0,0.0,0.0,3606.06,0.0,0.0,0.0,0.0,0.0,10.37442104748386,0.0,0.0
116.9832157,117.5644102,0.7223904999999735,0.1393685000000424,11.65221000000001,0.7196089833247727,0.0736603381221298,11.579597001140549,0.1160795600000001,-0.1301956000000012,0.0085834800000005,11.60216917835269,1.0,0.49,0.0,0.0,3611.44,0.0,0.0,0.06888849700996072,0.0,0.0,10.58296252059745,0.0,0.0
117.0932678,117.6744623,0.5823904999999734,0.1343685000000423,11.682210000000012,0.6868059136730766,0.0881730627511717,11.604127379754258,0.1164795600000001,-0.1321956000000012,0.0057834800000005,11.624768776092436,1.0,0.0,0.0,0.0,3614.86,0.0,0.0,0.0,0.0,0.0,10.720723337320914,0.0,0.0
117.2032434,117.7844379,0.4873904999999734,0.0993685000000423,11.532210000000012,0.6391342185352077,0.0908494128969944,11.586935010620852,0.1152795600000001,-0.1309956000000012,0.0053834800000005,11.604904528063882,1.0,0.98,0.0,0.0,3612.41,0.0,0.0,0.09983426901483061,0.0,0.0,10.621612602579923,0.0,0.0
117.313267,117.8944615,0.6373904999999735,0.1593685000000424,11.612210000000012,0.6387173700234161,0.107229395624188,11.592977179408622,0.1140795600000001,-0.1285956000000012,0.0041834800000005,11.611054125459267,1.0,0.0,0.0,0.0,3613.39,0.0,0.0,0.0,0.0,0.0,10.660998448177795,0.0,0.0
117.4237695,118.004964,0.6273904999999735,0.1543685000000423,11.692210000000014,0.6360095999234128,0.1184983390397741,11.616699501990258,0.1160795600000001,-0.1321956000000012,0.0021834800000005,11.634700571441048,1.0,0.0,0.0,0.0,3617.3,0.0,0.0,0.0,0.0,0.0,10.821610742572412,0.0,0.0
117.5346134,118.1158079,0.5973904999999735,0.1393685000000424,11.582210000000014,0.6267774251173717,0.123487501775244,11.608454537400752,0.1156795600000001,-0.1293956000000012,0.0045834800000005,11.626018916664105,1.0,0.0,0.0,0.0,3617.79,0.0,0.0,0.0,0.0,0.0,10.842140253942695,0.0,0.0
117.6541368,118.2353313,0.7573904999999734,0.0793685000000423,11.417210000000011,0.6580014241660613,0.1129405357023893,11.56273614925902,0.1156795600000001,-0.1237956000000012,0.0069834800000005,11.581994158873965,1.0,0.0,0.0,0.0,3617.3,0.0,0.0,0.0,0.0,0.0,10.821610742572412,0.0,0.0
117.7649216,118.3461161,0.7973904999999735,0.1493685000000424,11.377210000000012,0.691323389636576,0.1216489037091755,11.51838478310998,0.1144795600000001,-0.1253956000000012,0.0057834800000005,11.53975365840241,1.0,0.0,0.0,0.0,3613.39,0.0,0.0,0.0,0.0,0.0,10.660998448177795,0.0,0.0
117.8749532,118.4561477,0.7223904999999735,0.1843685000000423,11.447210000000013,0.6987502067856567,0.1366424762644534,11.501369937068617,0.1156795600000001,-0.1265956000000012,0.0057834800000005,11.52338637064246,1.0,0.0,0.0,0.0,3613.88,0.0,0.0,0.0,0.0,0.0,10.680819990622712,0.0,0.0
117.9849333,118.5661278,0.7323904999999735,0.1643685000000423,11.567210000000014,0.7067921618829207,0.1432705825204473,11.517109479715348,0.1148795600000001,-0.1249956000000012,0.0029834800000005,11.539666043160176,1.0,0.49,0.0,0.0,3615.84,0.0,0.0,0.06888849700996072,0.0,0.0,10.760977798558176,0.0,0.0
118.095807,118.6770015,0.6123904999999734,0.1643685000000423,11.662210000000012,0.6842247626889484,0.1483141920970867,11.551796807239064,0.1152795600000001,-0.1277956000000012,-0.0022165199999994,11.572993134932416,1.0,0.0,0.0,0.0,3618.77,0.0,0.49,0.0,0.0,0.0,10.88347470772619,0.0,0.010519114903947972
118.2057704,118.7869649,0.1823904999999732,-0.0956314999999576,11.632210000000011,0.5642576571378052,0.0899972122325794,11.571020161842169,0.1188795600000001,-0.1321956000000012,-0.0014165199999994,11.585119498201395,1.0,0.0,0.0,0.0,3621.7,0.0,0.0,0.0,0.0,0.0,11.009294588397992,0.0,0.0
118.3165694,118.8977639,0.7473904999999734,0.2443685000000424,11.702210000000012,0.6080368861043676,0.1269007836914757,11.602382040318115,0.1160795600000001,-0.1261956000000012,-0.0002165199999994,11.618996586334871,1.0,0.0,0.0,0.49,3620.23,0.0,0.0,0.0,0.0,0.00754893254491928,10.945745564307826,0.0,0.0
118.4274242,119.0086187,0.7123904999999735,0.2493685000000423,11.622210000000011,0.6329833713159928,0.156177575934143,11.607122057309535,0.1152795600000001,-0.1245956000000012,-0.0002165199999994,11.625417920955304,1.0,0.0,0.0,0.49,3623.17,0.0,0.0,0.0,0.0,0.00754893254491928,11.073717043579826,0.0,0.0
118.5382722,119.1194667,0.5123904999999735,0.1343685000000423,11.562210000000013,0.6041547743119442,0.1509639587918222,11.596385505582475,0.1168795600000001,-0.1285956000000012,-0.0002165199999994,11.613093898796365,1.0,0.0,0.0,0.0,3623.17,0.0,0.0,0.0,0.0,0.0,11.073717043579826,0.0,0.0
118.6482554,119.2294499,0.3723904999999736,0.1043685000000425,11.502210000000012,0.5487498503627786,0.1398249777801931,11.5738721706858,0.1168795600000001,-0.1305956000000012,-0.0018165199999994,11.587717395848918,1.0,0.0,0.0,0.0,3621.7,0.0,0.0,0.0,0.0,0.0,11.009294588397992,0.0,0.0
118.7591033,119.3402978,0.6673904999999736,0.2193685000000425,11.52721000000001,0.5771117546724148,0.1588404313582854,11.562717241714008,0.1148795600000001,-0.1253956000000012,0.0001834800000005,11.578200130929051,1.0,0.0,0.0,0.0,3620.72,0.0,0.0,0.0,0.0,0.0,10.966832703523139,0.0,0.0
118.8690756,119.4502701,0.7473904999999734,0.2393685000000425,11.397210000000012,0.6178181187703324,0.1780912478705147,11.523151540022395,0.1140795600000001,-0.1233956000000012,-0.0010165199999994,11.54107608218443,1.0,0.0,0.0,0.0,3622.19,0.0,0.0,0.0,0.0,0.0,11.030670741809669,0.0,0.0
118.9799642,119.5611587,0.7273904999999734,0.1843685000000423,11.437210000000013,0.6440121880115023,0.1795918703365039,11.50260659407182,0.1164795600000001,-0.1241956000000012,0.0009834800000005,11.522020803495488,1.0,0.0,0.0,0.0,3619.75,0.0,0.0,0.0,0.0,0.0,10.925180834811396,0.0,0.0
119.089888,119.6710825,0.6173904999999735,0.1693685000000424,11.437210000000013,0.6376480811876363,0.1771478998079255,11.486973065859418,0.1140795600000001,-0.1225956000000012,-0.0010165199999994,11.506021322317649,1.0,0.0,0.49,0.0,3621.21,0.49,0.0,0.0,0.05401493744611888,0.0,10.988015478107164,0.005926265570176409,0.0
119.2007848,119.7819793,0.5123904999999735,0.1793685000000424,11.457210000000014,0.6077043515927232,0.1776787503246023,11.479857989968924,0.1148795600000001,-0.1261956000000012,-0.0030165199999994,11.497304631395789,1.0,0.49,0.98,0.0,3617.3,0.0,0.0,0.06888849700996072,0.08575705582568133,0.0,10.821610742572412,0.0,0.0
119.3117148,119.8929093,0.3723904999999736,0.1993685000000424,11.622210000000011,0.5514508755538229,0.1828638416628238,11.513888266262358,0.1164795600000001,-0.1269956000000012,-0.0058165199999994,11.528536778824568,1.0,0.0,0.0,0.0,3619.26,0.49,0.0,0.0,0.0,0.0,10.904280976408439,0.005926265570176409,0.0
119.4216488,120.0028433,0.2923904999999736,0.0093685000000423,11.762210000000014,0.4895206214263775,0.1413885269755315,11.573251370491874,0.1216795600000001,-0.1341956000000012,-0.0038165199999994,11.584462371597311,1.0,0.0,0.0,0.0,3619.26,0.0,0.0,0.0,0.0,0.0,10.904280976408439,0.0,0.0
119.540785,120.1219795,0.2973904999999734,0.1593685000000424,11.77721000000001,0.4435905280261969,0.1456867694073662,11.622009154193533,0.1200795600000001,-0.1349956000000012,-0.0046165199999994,11.63138400928682,1.0,0.0,0.0,0.0,3619.75,0.0,0.0,0.0,0.0,0.0,10.925180834811396,0.0,0.0
119.6507639,120.2319584,0.4323904999999732,0.1143685000000425,11.792210000000011,0.440913080421886,0.1381999108745598,11.66269689584822,0.1200795600000001,-0.1337956000000012,-0.0050165199999994,11.671846573883697,1.0,0.0,0.49,0.0,3620.72,0.0,0.0,0.0,0.05401493744611888,0.0,10.966832703523139,0.0,0.0
119.7607577,120.3419522,0.5673904999999735,0.2643685000000424,12.097210000000011,0.4711484211956677,0.1683614234977753,11.766570392149209,0.1220795600000001,-0.1357956000000012,-0.0050165199999994,11.7772027747305,1.0,0.0,0.98,0.0,3620.72,0.49,0.0,0.0,0.08575705582568133,0.0,10.966832703523139,0.005926265570176409,0.0
119.8707742,120.4519687,0.3073904999999732,0.1543685000000423,12.692210000000014,0.4320009072103671,0.1650163140562105,11.987851226866107,0.1304795600000001,-0.1457956000000012,-0.0038165199999994,11.996767573192813,1.0,0.0,0.0,0.49,3627.57,0.0,0.0,0.0,0.0,0.00754893254491928,11.271962872750978,0.0,0.0
119.9810028,120.5621973,0.5073904999999734,0.2443685000000424,13.302210000000011,0.4500233339517907,0.183986027315382,12.302058185999847,0.1368795600000001,-0.1525956000000012,-0.0046165199999994,12.31166144235108,1.0,0.0,0.0,0.0,3636.85,0.49,0.0,0.0,0.0,0.0,11.718888885724732,0.005926265570176409,0.0
120.0924515,120.673646,0.6373904999999735,0.0243685000000424,14.557210000000012,0.4948148084630721,0.1458283043957737,12.841168517475335,0.1544795600000001,-0.1669956000000012,0.0041834800000005,12.851525842608613,1.0,0.49,0.49,0.0,3650.54,0.49,0.0,0.06888849700996072,0.05401493744611888,0.0,12.4610395238991,0.005926265570176409,0.0
120.2024666,120.7836611,0.7623904999999735,0.0543685000000424,15.827210000000012,0.5587807103875937,0.1239641774849536,13.555003303874027,0.1636795600000001,-0.1749956000000012,0.0053834800000005,13.567082131675791,1.0,0.0,0.0,0.0,3671.55,0.0,0.0,0.0,0.0,0.0,13.84935531150244,0.0,0.0
120.3124589,120.8936534,1.1023904999999734,0.2743685000000424,16.36221000000001,0.6887345574199195,0.1599194172444572,14.226086342751238,0.1636795600000001,-0.1769956000000012,0.0049834800000005,14.243646378017443,1.0,0.0,0.49,0.49,3684.75,0.0,0.0,0.0,0.05401493744611888,0.00754893254491928,14.931920818504645,0.0,0.0
120.4224745,121.003669,0.7723904999999736,0.1143685000000425,16.497210000000013,0.7087331147916424,0.1490301414350872,14.769014858729683,0.1688795600000001,-0.1873956000000012,0.0025834800000005,14.786761393504548,1.0,0.0,0.0,0.0,3689.64,0.0,0.0,0.0,0.0,0.0,15.386960679682387,0.0,0.0
120.5325653,121.1137598,1.0823904999999734,0.1243685000000422,16.82721000000001,0.7980586118811754,0.1431345979039431,15.261041274850776,0.1740795600000001,-0.1885956000000012,0.0069834800000005,15.282564112537328,1.0,0.0,0.0,0.0,3694.04,0.0,0.0,0.0,0.0,0.0,15.826023274092794,0.0,0.0
120.6429699,121.2241644,1.2023904999999735,0.3393685000000424,16.857210000000013,0.8947170704721228,0.1900457297173282,15.642616938699163,0.1716795600000001,-0.1849956000000012,0.0049834800000005,15.66933631991017,1.0,0.0,0.0,0.0,3696.48,0.0,0.0,0.0,0.0,0.0,16.082809288541615,0.0,0.0
120.7538432,121.3350377,0.7223904999999735,0.0643685000000424,16.212210000000013,0.8535211589806991,0.1600016801100311,15.778782274521657,0.1704795600000001,-0.1853956000000012,0.0041834800000005,15.802660186602274,1.0,0.0,0.49,0.0,3695.99,0.0,0.0,0.0,0.05401493744611888,0.0,16.0304385478932,0.0,0.0
120.8646536,121.4458481,0.6423904999999734,0.1743685000000423,15.662210000000012,0.8030488498256718,0.163436172185052,15.750914830224527,0.1628795600000001,-0.1829956000000012,-0.0054165199999994,15.77221978120302,1.0,0.0,0.98,0.0,3691.59,0.0,0.0,0.0,0.08575705582568133,0.0,15.577889380166637,0.0,0.0
120.9757914,121.5569859,0.9423904999999736,0.2893685000000423,15.292210000000011,0.8363594778496721,0.1935412048353346,15.641258127054243,0.1548795600000001,-0.1641956000000012,-0.0038165199999994,15.66479847209336,1.0,0.49,0.0,0.0,3685.24,0.0,0.0,0.06888849700996072,0.0,0.0,14.976062449502512,0.0,0.0
121.086283,121.6674775,0.7323904999999735,0.3093685000000423,14.457210000000014,0.811504942663282,0.2212305564357453,15.358202869179223,0.1448795600000001,-0.1533956000000012,-0.0042165199999994,15.381218371830393,1.0,0.0,0.0,0.0,3680.84,0.49,0.0,0.0,0.0,0.0,14.590536374018031,0.005926265570176409,0.0
121.2057951,121.7869896,0.7223904999999735,0.3493685000000424,13.972210000000011,0.7902014914165776,0.2518628574634093,15.02687126192903,0.1396795600000001,-0.1513956000000012,-0.0026165199999994,15.049741300719928,1.0,0.0,0.98,0.0,3673.51,0.0,0.0,0.0,0.08575705582568133,0.0,13.99818589833096,0.0,0.0
121.3158021,121.8969966,0.8823904999999734,0.3693685000000424,13.872210000000011,0.8122399398559461,0.2799534301268068,14.750841146441466,0.1384795600000001,-0.1505956000000012,0.0033834800000005,14.7758391359167,1.0,0.0,0.0,0.0,3669.11,0.0,0.0,0.0,0.0,0.0,13.669262463355873,0.0,0.0
121.4266281,122.0078226,0.7173904999999734,0.3943685000000423,13.712210000000011,0.7895654961029482,0.3073051790699254,14.502548868217586,0.1372795600000001,-0.1501956000000012,0.0001834800000005,14.527276889381527,1.0,0.0,0.0,0.49,3665.2,0.0,0.49,0.0,0.0,0.00754893254491928,13.392004557944643,0.0,0.010519114903947972
121.5366542,122.1178487,0.4423904999999735,0.4093685000000424,13.562210000000013,0.7065708054275196,0.3317041532039658,14.277754069128274,0.1360795600000001,-0.1545956000000012,-0.0046165199999994,14.299074487771726,1.0,0.0,0.0,0.0,3662.27,0.0,0.0,0.0,0.0,0.0,13.192836452043986,0.0,0.0
121.648314,122.2295085,0.6173904999999735,0.5993685000000424,13.342210000000012,0.6852516092112572,0.3956912488086043,14.054105501397029,0.1312795600000001,-0.1501956000000012,-0.0074165199999994,14.076363975711502,1.0,0.0,0.0,0.0,3656.89,0.0,0.0,0.0,0.0,0.0,12.84484533252104,0.0,0.0
121.7583252,122.3395197,0.1423904999999736,0.3293685000000423,13.242210000000014,0.5554767396369891,0.3798363166162004,13.860016016971048,0.1328795600000001,-0.1521956000000012,-0.0094165199999994,13.876342242334337,1.0,0.0,0.49,0.0,3653.96,0.0,0.0,0.0,0.05401493744611888,0.0,12.664311680105982,0.0,0.0
121.8683094,122.4495039,0.2323904999999735,0.3343685000000425,13.262210000000014,0.4782406402025466,0.3689669066123017,13.717106170296187,0.1348795600000001,-0.1545956000000012,-0.0078165199999994,13.730398842542565,1.0,0.0,0.0,0.0,3653.47,0.0,0.49,0.0,0.0,0.0,12.634705394351327,0.0,0.010519114903947972
121.9791515,122.560346,0.3673904999999733,0.3043685000000424,13.017210000000013,0.4517411134488639,0.3535241908779006,13.549790935009431,0.1308795600000001,-0.1433956000000012,-0.0086165199999994,13.561927730583866,1.0,0.0,0.0,0.0,3652.49,0.0,0.0,0.0,0.0,0.0,12.575982656948987,0.0,0.0
122.0891511,122.6703456,0.3423904999999734,0.3893685000000424,12.957210000000014,0.4256000593976465,0.3620930318988831,13.408130181921454,0.1300795600000001,-0.1445956000000012,-0.0102165199999994,13.419769064691913,1.0,0.0,0.98,0.0,3650.54,0.0,0.49,0.0,0.08575705582568133,0.0,12.4610395238991,0.0,0.010519114903947972
122.2008186,122.7820131,0.0223904999999735,0.3093685000000423,13.012210000000014,0.3292099015947499,0.3494888516869731,13.313482602459874,0.1304795600000001,-0.1521956000000012,-0.0122165199999994,13.32213723930073,1.0,0.0,0.0,0.0,3648.09,0.0,0.0,0.0,0.0,0.0,12.320101239372121,0.0,0.0
122.3108309,122.8920254,-0.0276095000000267,0.3543685000000425,13.022210000000012,0.2439096461190754,0.350655366864892,13.24385178280196,0.1292795600000001,-0.1553956000000012,-0.0122165199999994,13.250738135915588,1.0,0.0,0.0,0.49,3646.63,0.0,0.0,0.0,0.0,0.00754893254491928,12.237892351017921,0.0,0.0
122.4216844,123.0028789,-0.0176095000000264,0.2643685000000424,13.142210000000013,0.181391605126805,0.3300278680381159,13.219553580402485,0.1336795600000001,-0.1533956000000012,-0.0074165199999994,13.224916565832254,1.0,0.0,0.0,0.0,3647.12,0.0,0.0,0.0,0.0,0.0,12.265337847097685,0.0,0.0
122.5316947,123.1128892,0.0023904999999735,0.2293685000000425,13.342210000000012,0.1386000979119397,0.3059645189845276,13.248875483529496,0.1340795600000001,-0.1525956000000012,-0.0058165199999994,13.253132680694312,1.0,0.0,0.49,0.0,3651.52,0.0,0.0,0.0,0.05401493744611888,0.0,12.518492875703853,0.0,0.0
122.6416859,123.2228804,-0.0276095000000267,0.3343685000000425,13.272210000000012,0.0988664928976562,0.3127546958255873,13.254453768251237,0.1324795600000001,-0.1517956000000012,-0.0086165199999994,13.258511785939184,1.0,0.49,0.0,0.0,3658.85,0.0,0.0,0.06888849700996072,0.0,0.0,12.969072825448276,0.0,0.0
122.7516677,123.3328622,0.0173904999999736,0.4043685000000423,13.292210000000011,0.079389068244612,0.3346556374959458,13.2634796681871,0.1312795600000001,-0.1533956000000012,-0.0110165199999994,13.267938420428289,1.0,0.0,0.0,0.0,3658.36,0.0,0.0,0.0,0.0,0.0,12.937748674060213,0.0,0.0
122.8621592,123.4433537,0.0223904999999735,0.3843685000000423,13.437210000000013,0.0657631487702644,0.3465398563839149,13.305011158967258,0.1328795600000001,-0.1557956000000012,-0.0118165199999994,13.309685819133447,1.0,0.0,0.98,0.0,3657.87,0.0,0.0,0.0,0.08575705582568133,0.0,12.906603800477887,0.0,0.0
122.9816558,123.5628503,0.1773904999999733,0.2293685000000425,13.292210000000011,0.0924484734342538,0.3185291972400879,13.301950949445548,0.1336795600000001,-0.1529956000000012,-0.0086165199999994,13.306085323309407,1.0,0.0,0.0,0.0,3658.85,0.0,0.0,0.0,0.0,0.0,12.969072825448276,0.0,0.0
123.0916838,123.6728783,0.0523904999999733,0.3043685000000424,13.15221000000001,0.082872325521584,0.3151439802734911,13.266154293810269,0.1320795600000001,-0.1497956000000012,-0.0098165199999994,13.270155737511924,1.0,0.0,0.0,0.0,3660.8,0.0,0.0,0.0,0.0,0.0,13.095539706636742,0.0,0.0
123.2016582,123.7828527,0.0173904999999736,0.2293685000000425,13.087210000000011,0.0672184221154283,0.2946387321054471,13.223376367751014,0.1332795600000001,-0.1509956000000012,-0.0122165199999994,13.22682928225523,1.0,0.0,0.0,0.0,3653.47,0.0,0.0,0.0,0.0,0.0,12.634705394351327,0.0,0.0
123.311675,123.8928695,-0.0076095000000266,0.3143685000000424,12.997210000000011,0.0493302668059508,0.2993552756408124,13.169309663802345,0.1316795600000001,-0.1485956000000012,-0.0118165199999994,13.172803956538448,1.0,0.0,0.0,0.0,3652.98,0.0,0.0,0.0,0.0,0.0,12.605262870489753,0.0,0.0
123.4225197,124.0037142,-0.2776095000000267,0.2143685000000423,13.062210000000013,-0.0288270461346119,0.2790385730125054,13.143706715524122,0.1312795600000001,-0.1553956000000012,-0.0154165199999994,13.146699956549233,1.0,0.0,0.0,0.49,3652.0,0.0,0.0,0.0,0.0,0.00754893254491928,12.546863319797948,0.0,0.0
123.5333859,124.1145804,-0.4176095000000264,0.1593685000000424,13.012210000000014,-0.1217683001442284,0.2504305776088577,13.112271475797003,0.1324795600000001,-0.1561956000000012,-0.0126165199999994,13.115228028826692,1.0,0.0,0.0,0.0,3652.98,0.0,0.0,0.0,0.0,0.0,12.605262870489753,0.0,0.0
123.6433843,124.2245788,-0.1926095000000267,0.2143685000000423,13.102210000000014,-0.1387034006990054,0.2418096774580611,13.10986620732755,0.1328795600000001,-0.1545956000000012,-0.0122165199999994,13.112829691851664,1.0,0.0,0.0,0.0,3654.45,0.0,0.0,0.0,0.0,0.0,12.694083197243977,0.0,0.0
123.7534246,124.3346191,0.1473904999999735,0.2843685000000424,13.037210000000012,-0.0703105871059556,0.2519836714150871,13.092497216125745,0.1304795600000001,-0.1485956000000012,-0.0094165199999994,13.095110641135468,1.0,0.0,0.0,0.0,3654.45,0.0,0.0,0.0,0.0,0.0,12.694083197243977,0.0,0.0
123.8633942,124.4445887,-0.1826095000000265,0.2893685000000423,12.747210000000011,-0.0971564534369107,0.260920784741768,13.009953812890464,0.1272795600000001,-0.1481956000000012,-0.0134165199999994,13.012932691976005,1.0,0.0,0.0,0.0,3649.56,0.0,0.0,0.0,0.0,0.0,12.404207546127877,0.0,0.0
123.9741628,124.5553573,-0.0926095000000266,0.2393685000000425,12.77721000000001,-0.0960694713724021,0.2557685553889441,12.954314723168306,0.1284795600000001,-0.1465956000000012,-0.0118165199999994,12.957195562472254,1.0,0.0,0.0,0.0,3647.12,0.0,0.0,0.0,0.0,0.0,12.265337847097685,0.0,0.0
124.0850233,124.6662178,-0.0776095000000265,0.1743685000000423,12.697210000000013,-0.0916564818681892,0.2363092841459169,12.892851981870498,0.1260795600000001,-0.1457956000000012,-0.0134165199999994,12.895343160027345,1.0,0.0,0.0,0.0,3646.63,0.49,0.0,0.0,0.0,0.0,12.237892351017921,0.005926265570176409,0.0
124.1949899,124.7761844,-0.0476095000000267,0.2393685000000425,12.727210000000014,-0.0811267326743559,0.23704061179443,12.853254069571168,0.1268795600000001,-0.1481956000000012,-0.0110165199999994,12.855695623938134,1.0,0.0,0.0,0.0,3649.07,0.0,0.0,0.0,0.0,0.0,12.376021207374379,0.0,0.0
124.3055274,124.8867219,-0.0726095000000266,0.2993685000000423,12.657210000000012,-0.0790906266783845,0.251940543702381,12.806388318594149,0.1264795600000001,-0.1445956000000012,-0.0114165199999994,12.809110473854696,1.0,0.49,0.49,0.98,3648.09,0.0,0.0,0.06888849700996072,0.05401493744611888,0.011866072241428612,12.320101239372121,0.0,0.0
124.416395,124.9975895,-0.0726095000000266,0.2043685000000423,12.667210000000011,-0.0775412665287871,0.2405681030134136,12.77311673616423,0.1280795600000001,-0.1469956000000012,-0.0102165199999994,12.775617277293536,1.0,0.0,0.0,0.0,3646.63,0.0,0.49,0.0,0.0,0.0,12.237892351017921,0.0,0.010519114903947972
124.5271918,125.1083863,0.1323904999999734,0.3193685000000423,12.737210000000012,-0.0273555612747344,0.2594059071364571,12.76453297150789,0.1272795600000001,-0.1453956000000012,-0.0094165199999994,12.76719788098007,1.0,0.0,0.0,0.0,3646.14,0.0,0.0,0.0,0.0,0.0,12.210591856426351,0.0,0.0
124.6466827,125.2278772,0.1973904999999733,0.2793685000000423,12.542210000000011,0.0263716081510348,0.2641781091624963,12.711385059194338,0.1256795600000001,-0.1425956000000012,-0.0090165199999994,12.714157292490375,1.0,0.0,0.0,0.0,3644.67,0.0,0.0,0.0,0.0,0.0,12.129548170763778,0.0,0.0
124.7567123,125.3379068,0.1073904999999735,0.2043685000000423,12.697210000000013,0.0457397594964567,0.2498801900508797,12.707996408898826,0.1284795600000001,-0.1453956000000012,-0.0094165199999994,12.710535195795812,1.0,0.0,0.0,0.0,3645.16,0.49,0.0,0.0,0.0,0.0,12.156420973199072,0.005926265570176409,0.0
124.8675582,125.4487527,-0.0376095000000265,0.3243685000000424,13.072210000000013,0.0258145169312206,0.2676871586187789,12.795064298788754,0.1308795600000001,-0.1513956000000012,-0.0102165199999994,12.797890186054588,1.0,0.0,0.0,0.0,3647.61,0.0,0.0,0.0,0.0,0.0,12.292929587339387,0.0,0.0
124.9775098,125.5587043,-0.2026095000000265,0.4543685000000423,13.607210000000013,-0.0287918943623641,0.3123146817893029,12.989213595287673,0.1340795600000001,-0.1605956000000012,-0.0130165199999994,12.992999625092285,1.0,0.0,0.0,0.0,3655.91,0.0,0.0,0.0,0.0,0.0,12.783784517785422,0.0,0.0
125.0892253,125.6704198,0.3523904999999736,0.5543685000000425,14.407210000000012,0.0623325105231707,0.3701793955351285,13.328195878888142,0.1380795600000001,-0.1685956000000012,-0.0106165199999994,13.333481297574078,1.0,0.0,0.49,0.0,3668.13,0.0,0.0,0.0,0.05401493744611888,0.0,13.598490234255086,0.0,0.0
125.1993805,125.780575,0.3523904999999736,0.6343685000000423,14.357210000000013,0.1316729681735935,0.4333357093567048,13.574189137737338,0.1388795600000001,-0.1669956000000012,-0.0070165199999994,13.58174246385999,1.0,0.0,0.49,0.0,3672.04,0.0,0.0,0.0,0.05401493744611888,0.0,13.886207934672692,0.0,0.0
125.3092074,125.8904019,0.2373904999999734,0.4693685000000425,14.27721000000001,0.1569455078189824,0.4419496082468463,13.742251353210245,0.1416795600000001,-0.1701956000000012,-0.0066165199999994,13.750251765093717,1.0,0.0,0.0,0.0,3673.51,0.0,0.0,0.0,0.0,0.0,13.99818589833096,0.0,0.0
125.4192417,126.0004362,0.1723904999999734,0.1593685000000424,13.767210000000013,0.1606377447684589,0.374396553064534,13.748217898016886,0.1384795600000001,-0.1633956000000012,-0.0066165199999994,13.754252892663516,1.0,0.0,0.0,0.0,3671.07,0.0,0.49,0.0,0.0,0.0,13.813480403984775,0.0,0.010519114903947972
125.5291921,126.1103866,0.4623904999999735,0.3193685000000423,13.562210000000013,0.2327739206509803,0.361241699478235,13.703751366347312,0.1356795600000001,-0.1549956000000012,-0.0058165199999994,13.710487984540991,1.0,0.49,0.0,0.0,3664.71,0.0,0.0,0.06888849700996072,0.0,0.0,13.358198486431142,0.0,0.0
125.6392217,126.2204162,0.3423904999999734,0.2493685000000423,13.442210000000014,0.2589785557718513,0.3344976030145335,13.64122801344898,0.1344795600000001,-0.1541956000000012,-0.0074165199999994,13.647785910310777,1.0,0.0,0.0,0.0,3661.29,0.49,0.0,0.0,0.0,0.0,13.127781799098521,0.005926265570176409,0.0
125.750056,126.3312505,0.4523904999999733,0.3143685000000424,13.362210000000012,0.3052150781721715,0.3296855955341157,13.5745267418165,0.1336795600000001,-0.1497956000000012,-0.0050165199999994,13.5819595456671,1.0,0.0,0.49,0.0,3661.29,0.0,0.0,0.0,0.05401493744611888,0.0,13.127781799098521,0.0,0.0
125.8600401,126.4412346,0.6623904999999735,0.3093685000000423,13.457210000000014,0.3906004428563022,0.324828647083907,13.546481327234796,0.1356795600000001,-0.1493956000000012,-0.0026165199999994,13.55600378817618,1.0,0.49,0.0,0.0,3662.76,0.0,0.0,0.06888849700996072,0.0,0.0,13.225652631355072,0.0,0.0
125.9705622,126.5517567,0.4823904999999735,0.2793685000000423,13.312210000000013,0.4125435190721347,0.3139610705371047,13.49047707417446,0.1348795600000001,-0.1513956000000012,-0.0030165199999994,13.50043463736512,1.0,0.49,0.49,0.0,3659.82,0.0,0.0,0.06888849700996072,0.05401493744611888,0.0,13.031617116865023,0.0,0.0
126.081377,126.6625715,0.4873904999999734,0.1843685000000423,13.237210000000012,0.4304362305283859,0.2829810304239423,13.429931750590312,0.1340795600000001,-0.1505956000000012,-0.0042165199999994,13.439807306566752,1.0,0.98,0.49,0.0,3657.87,0.0,0.0,0.09983426901483061,0.05401493744611888,0.0,12.906603800477887,0.0,0.0
126.192244,126.7734385,0.4773904999999734,0.2243685000000423,13.007210000000011,0.4416609878249317,0.2689692816320078,13.328877062534346,0.1316795600000001,-0.1457956000000012,-0.0042165199999994,13.338904477159373,1.0,0.0,0.0,0.0,3655.91,0.0,0.0,0.0,0.0,0.0,12.783784517785422,0.0,0.0
126.3038598,126.8850543,0.6273904999999735,0.2843685000000424,13.002210000000012,0.4860609693480646,0.2726505760208448,13.250784941519829,0.1304795600000001,-0.1425956000000012,-0.0026165199999994,13.262499582240777,1.0,0.0,0.49,0.49,3652.49,0.0,0.49,0.0,0.05401493744611888,0.00754893254491928,12.575982656948987,0.0,0.010519114903947972
126.414696,126.9958905,0.4723904999999735,0.2493685000000423,13.02721000000001,0.4827929449002549,0.2670848275674188,13.197337736731178,0.1316795600000001,-0.1465956000000012,-0.0042165199999994,13.208866214407314,1.0,0.49,0.0,0.0,3655.91,0.0,0.0,0.06888849700996072,0.0,0.0,12.783784517785422,0.0,0.0
126.5259117,127.1071062,0.4973904999999734,0.2143685000000423,13.057210000000012,0.4862825958938976,0.2544826086602102,13.163839189037375,0.1312795600000001,-0.1465956000000012,-0.0042165199999994,13.175275874000365,1.0,0.0,0.0,0.0,3654.45,0.0,0.0,0.0,0.0,0.0,12.694083197243977,0.0,0.0
126.6366179,127.2178124,0.7073904999999734,0.4993685000000425,12.947210000000013,0.5391400375678744,0.3130243499453392,13.112052416553068,0.1280795600000001,-0.1421956000000012,-0.0070165199999994,13.126864621767169,1.0,0.0,0.49,0.0,3653.47,0.0,0.0,0.0,0.05401493744611888,0.0,12.634705394351327,0.0,0.0
126.7475867,127.3287812,0.2923904999999736,0.3843685000000423,12.877210000000012,0.4801527781896708,0.3300796843782808,13.055911640465869,0.1284795600000001,-0.1469956000000012,-0.0102165199999994,13.068906918793733,1.0,0.0,0.0,0.0,3652.49,0.0,0.0,0.0,0.0,0.0,12.575982656948987,0.0,0.0
126.8580817,127.4392762,0.4323904999999732,0.3643685000000425,12.847210000000011,0.4687348605723204,0.3382766734417179,13.006020005733106,0.1292795600000001,-0.1445956000000012,-0.0090165199999994,13.01885939192986,1.0,0.49,0.0,0.0,3648.09,0.0,0.0,0.06888849700996072,0.0,0.0,12.320101239372121,0.0,0.0
126.9775511,127.5587456,0.3673904999999733,0.4243685000000423,12.617210000000014,0.4445077591052946,0.3588575464743239,12.913072165250496,0.1260795600000001,-0.1425956000000012,-0.0098165199999994,12.925703022719247,1.0,0.49,0.0,0.0,3643.7,0.0,0.0,0.06888849700996072,0.0,0.0,12.07676325926716,0.0,0.0
127.0875494,127.6687439,0.3473904999999733,0.3193685000000423,12.572210000000013,0.4212911767788966,0.3494174046611487,12.83158660239179,0.1280795600000001,-0.1445956000000012,-0.0082165199999994,12.84325478657931,1.0,0.0,0.0,0.0,3637.83,0.0,0.0,0.0,0.0,0.0,11.768549964835918,0.0,0.0
127.1978169,127.7790114,0.6073904999999735,0.3643685000000425,12.612210000000012,0.4657795643039554,0.3529915720028033,12.779143040898864,0.1252795600000001,-0.1377956000000012,-0.0062165199999994,12.79249977573508,1.0,0.0,0.49,0.49,3641.25,0.0,0.0,0.0,0.05401493744611888,0.00754893254491928,11.945826255463443,0.0,0.0
127.3092388,127.8904333,0.6173904999999735,0.6393685000000424,12.947210000000013,0.5020232536604641,0.4214520453159812,12.819320661522276,0.1276795600000001,-0.1445956000000012,-0.0094165199999994,12.83606759863194,1.0,0.0,0.0,0.0,3640.76,0.0,0.0,0.0,0.0,0.0,11.9200400658339,0.0,0.0
127.419287,128.0004815,0.1723904999999734,0.2993685000000423,13.15221000000001,0.4232221627592412,0.3922670919242033,12.89890026254836,0.1336795600000001,-0.1541956000000012,-0.0094165199999994,12.911801518518915,1.0,0.0,0.0,0.0,3650.54,0.0,0.0,0.0,0.0,0.0,12.4610395238991,0.0,0.0
127.5292306,128.1104251,-0.0926095000000266,0.1993685000000424,13.15221000000001,0.2999088776095258,0.3461532901004022,12.959455785097102,0.1352795600000001,-0.1577956000000012,-0.0090165199999994,12.967546478844913,1.0,0.0,0.49,0.0,3650.54,0.0,0.0,0.0,0.05401493744611888,0.0,12.4610395238991,0.0,0.0
127.6392327,128.2204272,0.3023904999999733,0.3543685000000425,14.052210000000011,0.3005021273682363,0.3481171953703892,13.220686573800668,0.1392795600000001,-0.1633956000000012,-0.0102165199999994,13.228682496489911,1.0,0.0,0.0,0.0,3655.91,0.0,0.0,0.0,0.0,0.0,12.783784517785422,0.0,0.0
127.7500858,128.3312803,0.9123904999999736,0.4843685000000424,14.882210000000011,0.4467784628892416,0.3806890539684882,13.617885751032,0.1440795600000001,-0.1589956000000012,-0.0042165199999994,13.630529977916249,1.0,0.0,0.0,0.0,3671.07,0.0,0.0,0.0,0.0,0.0,13.813480403984775,0.0,0.0
127.8608814,128.4420759,0.7873904999999735,0.5143685000000424,14.752210000000012,0.5282042308093139,0.4126460911906064,13.889054156664573,0.1460795600000001,-0.1645956000000012,-0.0086165199999994,13.905218512227025,1.0,0.0,0.0,0.0,3680.84,0.0,0.0,0.0,0.0,0.0,14.590536374018031,0.0,0.0
127.97093440000002,128.5521289,0.6523904999999734,0.3843685000000423,14.227210000000014,0.5578918555326025,0.4058861287501921,13.969892753720076,0.1420795600000001,-0.1593956000000012,-0.0086165199999994,13.98691854635688,1.0,0.0,0.0,0.0,3679.37,0.0,0.0,0.0,0.0,0.0,14.466960023205283,0.0,0.0
128.08089189999998,128.6620864,0.6473904999999736,0.2543685000000424,13.912210000000012,0.5792871529958923,0.3696647450931063,13.956103274765535,0.1400795600000001,-0.1533956000000012,-0.0054165199999994,13.973011280511878,1.0,0.0,0.0,0.0,3673.02,0.0,0.0,0.0,0.0,0.0,13.960620792777135,0.0,0.0
128.1909029,128.7720974,0.6873904999999734,0.3443685000000425,13.742210000000014,0.6051300389937107,0.3636174949733829,13.904970542351093,0.1348795600000001,-0.1505956000000012,-0.0090165199999994,13.922880658484251,1.0,0.0,0.0,0.0,3667.16,0.0,0.0,0.0,0.0,0.0,13.529294737997393,0.0,0.0
128.3014443,128.8826388,0.5673904999999735,0.1843685000000423,13.607210000000013,0.5961081295815205,0.3207667279000499,13.83378873379583,0.1352795600000001,-0.1473956000000012,-0.0066165199999994,13.850341040103572,1.0,0.0,0.0,0.49,3665.69,0.0,0.0,0.0,0.0,0.00754893254491928,13.426015208500791,0.0,0.0
128.41220539999998,128.9933999,0.6673904999999736,0.2843685000000424,13.372210000000011,0.6131486951461445,0.312065468593925,13.723445003216863,0.1320795600000001,-0.1381956000000012,-0.0050165199999994,13.740679711548704,1.0,0.0,0.0,0.0,3668.13,0.0,0.0,0.0,0.0,0.0,13.598490234255086,0.0,0.0
128.523464,129.1046585,0.7473904999999734,0.1393685000000424,13.272210000000012,0.6452401683069886,0.2707810107558892,13.615574016151884,0.1348795600000001,-0.1405956000000012,-0.0006165199999994,13.63354367066366,1.0,0.0,0.0,0.0,3659.33,0.0,0.0,0.0,0.0,0.0,12.99993313849848,0.0,0.0
128.6339315,129.215126,0.7273904999999734,0.1493685000000424,13.162210000000012,0.6648787985202107,0.2417564730229936,13.507194073165625,0.1340795600000001,-0.1413956000000012,-0.0030165199999994,13.525708918172487,1.0,0.0,0.0,0.49,3656.89,0.0,0.0,0.0,0.0,0.00754893254491928,12.84484533252104,0.0,0.0
128.7450887,129.3262832,0.9423904999999736,0.2893685000000423,13.252210000000012,0.7312199753954409,0.2531384720026041,13.446238288569708,0.1304795600000001,-0.1365956000000012,-0.0038165199999994,13.468484912989402,1.0,0.0,0.0,0.0,3656.89,0.0,0.0,0.0,0.0,0.0,12.84484533252104,0.0,0.0
128.8650602,129.4462547,0.8023904999999734,0.4343685000000423,13.537210000000012,0.7482338034103166,0.2964628193305589,13.46798573333135,0.1324795600000001,-0.1421956000000012,-0.0066165199999994,13.492011849276892,1.0,0.0,0.0,0.0,3661.29,0.0,0.0,0.0,0.0,0.0,13.127781799098521,0.0,0.0
128.975089,129.5562835,0.5573904999999735,0.4193685000000424,13.602210000000014,0.7026113331523478,0.3258443101173875,13.50007301386234,0.1352795600000001,-0.1501956000000012,-0.0090165199999994,13.522270836642942,1.0,0.0,0.0,0.0,3663.24,0.0,0.0,0.0,0.0,0.0,13.25798817174922,0.0,0.0
129.08594019999998,129.6671347,0.4923904999999735,0.4793685000000425,13.642210000000013,0.6523565244338154,0.3625453767078151,13.534051887140803,0.1348795600000001,-0.1505956000000012,-0.0094165199999994,13.554614294363494,1.0,0.0,0.0,0.0,3663.24,0.49,0.0,0.0,0.0,0.0,13.25798817174922,0.005926265570176409,0.0
129.1959432,129.7771377,0.6873904999999734,0.3943685000000423,13.582210000000014,0.6607316493647057,0.3701529242086755,13.545564431895258,0.1332795600000001,-0.1469956000000012,-0.0078165199999994,13.566720137100136,1.0,0.0,0.49,0.49,3663.73,0.0,0.0,0.0,0.05401493744611888,0.00754893254491928,13.291192224936808,0.0,0.0
129.3059405,129.887135,0.6823904999999735,0.4393685000000424,13.592210000000012,0.6659093540641714,0.3866994075879749,13.556715391900124,0.1332795600000001,-0.1481956000000012,-0.0086165199999994,13.578567815371429,1.0,0.0,0.0,0.0,3664.22,0.0,0.0,0.0,0.0,0.0,13.324595023558826,0.0,0.0
129.4161303,129.9973248,0.6423904999999734,0.3693685000000424,13.417210000000011,0.6602870021090792,0.3825563289373503,13.52336562023376,0.1328795600000001,-0.1469956000000012,-0.0074165199999994,13.544878957321275,1.0,0.0,0.0,0.0,3664.22,0.0,0.0,0.0,0.0,0.0,13.324595023558826,0.0,0.0
129.5267815,130.107976,0.8123904999999734,0.4343685000000423,13.27721000000001,0.6966484420163505,0.3949424027008395,13.464520341084512,0.1304795600000001,-0.1413956000000012,-0.0066165199999994,13.488313703673024,1.0,0.0,0.0,0.0,3657.87,0.49,0.0,0.0,0.0,0.0,12.906603800477887,0.005926265570176409,0.0
129.6367757,130.2179702,0.7623904999999735,0.5043685000000424,12.982210000000013,0.7123645558723684,0.42110150171174,13.349220570026128,0.1268795600000001,-0.1369956000000012,-0.0082165199999994,13.374845029472894,1.0,0.0,0.0,0.0,3652.49,0.0,0.0,0.0,0.0,0.0,12.575982656948987,0.0,0.0
129.7467581,130.3279526,0.8273904999999735,0.4693685000000425,13.157210000000012,0.7398623387187118,0.4326400763145634,13.303319056251778,0.1300795600000001,-0.1429956000000012,-0.0050165199999994,13.330899130528277,1.0,0.0,0.0,0.98,3649.07,0.0,0.0,0.0,0.0,0.011866072241428612,12.376021207374379,0.0,0.0
129.85677249999998,130.437967,0.7673904999999734,0.4643685000000424,13.392210000000013,0.7464431445257174,0.4402249851903577,13.324569078468365,0.1328795600000001,-0.1489956000000012,-0.0070165199999994,13.352719443337024,1.0,0.0,0.0,0.0,3646.14,0.0,0.0,0.0,0.0,0.0,12.210591856426351,0.0,0.0
129.9667721,130.5479666,0.7973904999999735,0.4793685000000425,13.412210000000012,0.7586224778756998,0.4495825251631247,13.345520273844404,0.1328795600000001,-0.1469956000000012,-0.0082165199999994,13.3746231307825,1.0,0.0,0.0,0.0,3646.63,0.0,0.0,0.0,0.0,0.0,12.237892351017921,0.0,0.0
130.07738999999998,130.6585845,0.6323904999999734,0.4593685000000425,13.27721000000001,0.7284458117138428,0.4519219331379623,13.329190209435076,0.1308795600000001,-0.1465956000000012,-0.0078165199999994,13.356727831828964,1.0,0.0,0.0,0.0,3646.14,0.0,0.0,0.0,0.0,0.0,12.210591856426351,0.0,0.0
130.1881092,130.7693037,0.5873904999999735,0.5293685000000423,12.937210000000013,0.694725520519985,0.4704360943901907,13.235484508857192,0.1280795600000001,-0.1449956000000012,-0.0094165199999994,13.262051268637352,1.0,0.0,0.0,0.0,3644.18,0.0,0.0,0.0,0.0,0.0,12.102815541800588,0.0,0.0
130.29898369999998,130.8801782,0.7223904999999735,0.6493685000000424,12.857210000000013,0.7013390337057178,0.5132111784892635,13.145055255007096,0.1244795600000001,-0.1385956000000012,-0.0074165199999994,13.173751926126258,1.0,0.0,0.0,0.0,3638.32,0.0,0.0,0.0,0.0,0.0,11.793567439376778,0.0,0.0
130.409773,130.9909675,0.8373904999999735,0.5943685000000425,12.712210000000011,0.7338631195061858,0.5326124224453103,13.041580470092043,0.1240795600000001,-0.1365956000000012,-0.0062165199999994,13.073065907758616,1.0,0.0,0.0,0.0,3631.48,0.0,0.0,0.0,0.0,0.0,11.455295836523632,0.0,0.0
130.52929269999998,131.1104872,0.6673904999999736,0.7193685000000425,12.787210000000012,0.7179723596409009,0.5772578118379669,12.980771371743296,0.1244795600000001,-0.1409956000000012,-0.0070165199999994,13.013421390856696,1.0,0.0,0.0,0.0,3629.52,0.98,0.0,0.0,0.0,0.0,11.362524293239117,0.009006928992634852,0.0
130.63930489999998,131.2204994,0.8173904999999735,0.4393685000000424,12.912210000000012,0.7417389842516784,0.5442943757844042,12.964381280567409,0.1268795600000001,-0.1381956000000012,-0.0030165199999994,12.99698484557845,1.0,0.0,0.49,0.0,3631.96,0.0,0.0,0.0,0.05401493744611888,0.0,11.478288374742428,0.0,0.0
130.74929089999998,131.3304854,0.6323904999999734,0.4543685000000423,12.812210000000013,0.7155984392004288,0.522796945588635,12.928003636721682,0.1260795600000001,-0.1377956000000012,-0.0042165199999994,12.958343868087152,1.0,0.0,0.0,0.0,3634.41,0.0,0.0,0.0,0.0,0.0,11.597363082171073,0.0,0.0
130.8592728,131.4404673,0.7173904999999734,0.5793685000000424,12.922210000000014,0.7160268442797094,0.5363207843215669,12.926618626012392,0.1260795600000001,-0.1381956000000012,-0.0042165199999994,12.957538482589776,1.0,0.0,0.98,0.0,3632.45,0.0,0.0,0.0,0.08575705582568133,0.0,11.50187242484593,0.0,0.0
130.970118,131.5513125,0.6473904999999736,0.4893685000000425,13.02721000000001,0.6996188303774085,0.5250965015894836,12.950665720597057,0.1276795600000001,-0.1421956000000012,-0.0038165199999994,12.980174708009436,1.0,0.49,0.49,0.0,3632.94,0.0,0.0,0.06888849700996072,0.05401493744611888,0.0,11.52557101780761,0.0,0.0
131.080142,131.6613365,0.5673904999999735,0.4193685000000424,13.097210000000011,0.668008692834702,0.4998214590716053,12.985698189167156,0.1284795600000001,-0.1445956000000012,-0.0054165199999994,13.012471501017412,1.0,0.98,0.98,0.0,3636.85,0.0,0.0,0.09983426901483061,0.08575705582568133,0.0,11.718888885724732,0.0,0.0
131.190967,131.7721615,0.6123904999999734,0.3993685000000424,13.352210000000014,0.6547127620733879,0.4758074535724794,13.073315485085384,0.1308795600000001,-0.1513956000000012,-0.0054165199999994,13.098344143679771,1.0,0.0,0.0,0.0,3643.21,0.0,0.0,0.0,0.0,0.0,12.050304671957788,0.0,0.0
131.3009711,131.8821656,0.8223904999999734,0.4993685000000425,13.552210000000011,0.694797336563438,0.4814398919168151,13.187798678223263,0.1332795600000001,-0.1501956000000012,-0.0018165199999994,13.214861394875536,1.0,0.0,0.98,0.0,3646.63,0.49,0.49,0.0,0.08575705582568133,0.0,12.237892351017921,0.005926265570176409,0.010519114903947972
131.4109881,131.9921826,0.7423904999999735,0.4993685000000425,13.287210000000012,0.7061748260774259,0.4857258551883956,13.21156367280268,0.1300795600000001,-0.1465956000000012,-0.0006165199999994,13.239336356929051,1.0,0.0,0.49,0.0,3647.12,0.49,0.0,0.0,0.05401493744611888,0.0,12.265337847097685,0.005926265570176409,0.0
131.5217865,132.102981,0.6173904999999735,0.4043685000000423,13.117210000000014,0.684950291585204,0.4662767917367592,13.189007745745004,0.1292795600000001,-0.1469956000000012,-0.0030165199999994,13.215010263551696,1.0,0.0,0.49,0.0,3641.74,0.0,0.0,0.0,0.05401493744611888,0.0,11.971744709804895,0.0,0.0
131.6317767,132.2129712,0.7123904999999735,0.4543685000000423,13.252210000000012,0.6915100716241375,0.4634300285762336,13.204116701173144,0.1308795600000001,-0.1485956000000012,-0.0042165199999994,13.230330737692968,1.0,0.0,0.49,0.0,3642.72,0.0,0.0,0.0,0.05401493744611888,0.0,12.023982804387298,0.0,0.0
131.7422973,132.3234918,0.7673904999999734,0.5643685000000425,13.582210000000014,0.7096498361580545,0.4875600993103161,13.2945026354565,0.1336795600000001,-0.1529956000000012,-0.0062165199999994,13.322354073682266,1.0,0.0,0.0,0.0,3644.67,0.0,0.0,0.0,0.0,0.0,12.129548170763778,0.0,0.0
131.8529616,132.4341561,0.7573904999999734,0.4493685000000424,14.342210000000012,0.7210625867094348,0.4784301216139502,13.544964649180743,0.1432795600000001,-0.1629956000000012,-0.0010165199999994,13.57257875213018,1.0,0.0,0.49,0.0,3652.0,0.0,0.0,0.0,0.05401493744611888,0.0,12.546863319797948,0.0,0.0
131.9639824,132.5451769,0.6173904999999735,0.4793685000000425,15.542210000000011,0.6962790254947444,0.4786544477456257,14.022420577616952,0.1560795600000001,-0.1773956000000012,-0.0026165199999994,14.04785369432875,1.0,0.0,0.0,0.0,3667.16,0.0,0.0,0.0,0.0,0.0,13.529294737997393,0.0,0.0
132.0747865,132.655981,0.9423904999999736,0.2343685000000424,16.182210000000012,0.7551137512886972,0.4202561273104608,14.538733840515578,0.1664795600000001,-0.1793956000000012,0.0049834800000005,14.56439472395884,1.0,0.0,0.49,0.0,3683.28,0.0,0.49,0.0,0.05401493744611888,0.0,14.801346410062452,0.0,0.010519114903947972
132.18648159999998,132.7676761,1.4623904999999735,0.5743685000000425,16.552210000000013,0.9241933671600092,0.4570978032496878,15.020069861008238,0.1632795600000001,-0.1705956000000012,0.0029834800000005,15.055416646881822,1.0,0.0,0.0,0.0,3694.04,0.0,0.0,0.0,0.0,0.0,15.826023274092794,0.0,0.0
132.29778629999998,132.8789808,1.1523904999999734,0.6743685000000423,17.317210000000014,0.9787455401726506,0.5090379327867873,15.569217804880283,0.1708795600000001,-0.1881956000000012,-0.0006165199999994,15.608254402886471,1.0,0.0,0.0,0.0,3703.32,0.49,0.49,0.0,0.0,0.0,16.85957427478448,0.005926265570176409,0.010519114903947972
132.4141388,132.9953333,0.8023904999999734,0.4093685000000424,17.34721000000001,0.9365865938992188,0.485211234905936,15.99425968264708,0.1784795600000001,-0.1997956000000012,0.0009834800000005,16.02900393618707,1.0,0.49,0.98,0.0,3707.23,0.0,0.0,0.06888849700996072,0.08575705582568133,0.0,17.346024288312275,0.0,0.0
132.5242223,133.1054168,0.8423904999999734,0.0193685000000423,17.022210000000012,0.9140683372166936,0.3738481640601231,16.239998631523196,0.1800795600000001,-0.1921956000000012,0.0045834800000005,16.269998123132915,1.0,0.0,0.0,0.0,3708.7,0.0,0.0,0.0,0.0,0.0,17.537836538458723,0.0,0.0
132.6344177,133.2156122,0.8723904999999734,0.2643685000000424,16.002210000000012,0.9041049491655664,0.3476762595280894,16.183153541465078,0.1680795600000001,-0.1793956000000012,0.0033834800000005,16.21211716856188,1.0,0.0,0.49,0.0,3703.81,0.0,0.0,0.0,0.05401493744611888,0.0,16.918730193981194,0.0,0.0
132.74514309999998,133.3263376,0.9423904999999736,0.1843685000000423,15.897210000000012,0.9132573866524456,0.3086363599412325,16.114796672333032,0.1664795600000001,-0.1745956000000012,0.0041834800000005,16.143604530822376,1.0,0.0,0.0,0.0,3697.46,0.0,0.0,0.0,0.0,0.0,16.188797394658298,0.0,0.0
132.8551947,133.4363892,0.8023904999999734,-0.2206314999999574,16.532210000000013,0.8867538565389447,0.182111054797321,16.2145823435432,0.1824795600000001,-0.1881956000000012,0.0133834800000005,16.239833047599628,1.0,0.98,0.0,0.0,3699.41,0.0,0.0,0.09983426901483061,0.0,0.0,16.40478545747656,0.0,0.0
132.9660216,133.5472161,1.2723904999999736,-0.0806314999999575,16.67221000000001,0.9789430818472832,0.1193005491231045,16.32398154054323,0.1784795600000001,-0.1801956000000012,0.0141834800000005,16.353743776717117,1.0,0.0,0.49,0.0,3705.28,0.0,0.0,0.0,0.05401493744611888,0.0,17.099245907178226,0.0,0.0
133.07601979999998,133.6572143,1.4423904999999737,-0.1056314999999576,16.647210000000012,1.089733534920407,0.0655289179586823,16.40125163865293,0.1768795600000001,-0.1769956000000012,0.0193834800000005,16.437544479959115,1.0,0.0,0.0,0.0,3709.19,0.0,0.0,0.0,0.0,0.0,17.602920202479083,0.0,0.0
133.1867931,133.7679876,0.5973904999999735,0.2643685000000424,16.407210000000013,0.972035375928268,0.1130629563853995,16.402676027973833,0.1720795600000001,-0.1877956000000012,0.0049834800000005,16.431841554823674,1.0,0.0,0.0,0.0,3706.74,0.0,0.0,0.0,0.0,0.0,17.28320629241061,0.0,0.0
133.2967937,133.8779882,0.2723904999999735,0.2693685000000423,15.997210000000011,0.8047802143754055,0.1504289256768753,16.305746445057956,0.1656795600000001,-0.1857956000000012,0.0005834800000005,16.326287611874616,1.0,0.0,0.0,0.0,3705.28,0.0,0.0,0.0,0.0,0.0,17.099245907178226,0.0,0.0
133.40735759999998,133.9885521,0.4223904999999734,0.1643685000000423,16.22721000000001,0.7133671909195306,0.1537612816128865,16.28697174055015,0.1704795600000001,-0.1897956000000012,0.0053834800000005,16.303312048730554,1.0,0.49,0.49,0.0,3703.81,0.0,0.0,0.06888849700996072,0.05401493744611888,0.0,16.918730193981194,0.0,0.0
133.5181691,134.0993636,0.0423904999999735,0.0343685000000424,15.297210000000014,0.5529653660808144,0.1252195747213627,16.05036204681815,0.1584795600000001,-0.1769956000000012,-0.0026165199999994,16.060372737639646,1.0,0.0,0.0,0.49,3699.41,0.0,0.0,0.0,0.0,0.00754893254491928,16.40478545747656,0.0,0.0
133.62902649999998,134.210221,0.4973904999999734,-0.0106314999999574,14.727210000000014,0.5396797928929927,0.0927433939739557,15.734052992091009,0.1544795600000001,-0.1613956000000012,0.0021834800000005,15.74357898236328,1.0,0.0,0.0,0.0,3689.64,0.0,0.0,0.0,0.0,0.0,15.386960679682387,0.0,0.0
133.74097609999998,134.3221706,0.5023904999999735,0.0243685000000424,14.892210000000013,0.5307655180635817,0.0763978816558768,15.53280434368562,0.1592795600000001,-0.1681956000000012,0.0069834800000005,15.542057761143008,1.0,0.0,0.0,0.0,3683.77,0.0,0.0,0.0,0.0,0.0,14.844566269273074,0.0,0.0
133.8518561,134.4330506,0.4573904999999736,-0.0756314999999576,14.697210000000013,0.5132246899629115,0.0400541597699833,15.333049479819342,0.1556795600000001,-0.1633956000000012,0.0037834800000005,15.341688638109256,1.0,0.0,0.0,0.0,3681.33,0.0,0.0,0.0,0.0,0.0,14.632292925551763,0.0,0.0
133.9627027,134.5438972,0.7523904999999735,-0.3256314999999574,14.602210000000014,0.5703990044929728,-0.0473656387688614,15.158337022868654,0.1588795600000001,-0.1609956000000012,0.0101834800000005,15.169139060175205,1.0,0.0,0.0,0.0,3676.93,0.0,0.0,0.0,0.0,0.0,14.267268365501597,0.0,0.0
134.0735013,134.6546958,0.8923904999999734,-0.1756314999999575,14.422210000000014,0.6473733974351297,-0.078028519438801,14.982360540556876,0.1536795600000001,-0.1545956000000012,0.0105834800000005,14.996543206112142,1.0,0.0,0.0,0.0,3675.95,0.0,0.49,0.0,0.0,0.0,14.188904336508282,0.0,0.010519114903947972
134.1844011,134.7655956,0.8873904999999735,-0.1256314999999577,14.562210000000013,0.7047512195933631,-0.0894083558073447,14.88192051883282,0.1552795600000001,-0.1593956000000012,0.0129834800000005,14.89886661677538,1.0,0.0,0.0,0.0,3678.89,0.0,0.0,0.0,0.0,0.0,14.427148789715014,0.0,0.0
134.2949052,134.8760997,0.4773904999999734,-0.0406314999999575,14.672210000000014,0.6503989972092391,-0.0777478960815718,14.831787704438694,0.1580795600000001,-0.1705956000000012,0.0061834800000005,14.846244983175197,1.0,0.0,0.49,0.0,3678.4,0.0,0.0,0.0,0.05401493744611888,0.0,14.386777583474682,0.0,0.0
134.4056781,134.9868726,0.6173904999999735,0.0143685000000424,14.872210000000011,0.6425080775108309,-0.0557268061852786,14.841450946187551,0.1576795600000001,-0.1685956000000012,0.0033834800000005,14.855456515862638,1.0,0.0,0.49,0.0,3678.4,0.0,0.0,0.0,0.05401493744611888,0.0,14.386777583474682,0.0,0.0
134.5253053,135.1064998,0.6973904999999734,0.1793685000000424,15.032210000000012,0.6556281170561141,0.0004744249952888,14.887053275970562,0.1560795600000001,-0.1677956000000012,0.0025834800000005,14.901483271625665,1.0,0.0,0.49,0.0,3683.28,0.0,0.0,0.0,0.05401493744611888,0.0,14.801346410062452,0.0,0.0
134.636002,135.2171965,0.6723904999999735,0.1693685000000424,15.157210000000012,0.6596352857837723,0.0408497736502205,14.9516361923568,0.1572795600000001,-0.1721956000000012,0.0005834800000005,14.966235740587948,1.0,0.0,0.0,0.0,3686.22,0.0,0.0,0.0,0.0,0.0,15.065292187551377,0.0,0.0
134.7460561,135.3272506,0.5323904999999736,0.1793685000000424,14.517210000000013,0.6292165005753606,0.0739636757894976,14.847783472948226,0.1492795600000001,-0.1633956000000012,-0.0034165199999994,14.861293957441491,1.0,0.0,0.0,0.0,3683.28,0.0,0.0,0.0,0.0,0.0,14.801346410062452,0.0,0.0
134.856033,135.4372275,0.5973904999999735,0.1143685000000425,14.437210000000013,0.6216082652391763,0.0836227408857484,14.749632918417028,0.1488795600000001,-0.1641956000000012,-0.0034165199999994,14.76296246781987,1.0,0.0,0.0,0.0,3675.95,0.0,0.0,0.0,0.0,0.0,14.188904336508282,0.0,0.0
134.96604829999998,135.5472428,0.3673904999999733,0.1793685000000424,14.582210000000014,0.5608356720885787,0.1065114562321093,14.709609260371458,0.1488795600000001,-0.1673956000000012,-0.0070165199999994,14.720682250976056,1.0,0.0,0.0,0.0,3676.93,0.49,0.0,0.0,0.0,0.0,14.267268365501597,0.005926265570176409,0.0
135.0760636,135.6572581,0.5923904999999734,0.2543685000000424,14.602210000000014,0.5683790816405897,0.1418577506065554,14.68393469136922,0.1480795600000001,-0.1669956000000012,-0.0062165199999994,14.695615550981527,1.0,0.0,0.0,0.98,3675.46,0.0,0.0,0.0,0.0,0.011866072241428612,14.150106705720617,0.0,0.0
135.18601869999998,135.7672132,0.5773904999999735,0.3293685000000423,15.097210000000011,0.5705333262943784,0.1866835497537219,14.782731139237343,0.1532795600000001,-0.1741956000000012,-0.0050165199999994,14.79491463169486,1.0,0.0,0.0,0.0,3677.91,0.0,0.0,0.0,0.0,0.0,14.346675686231661,0.0,0.0
135.2961444,135.8773389,0.2073904999999736,0.3943685000000423,15.627210000000012,0.4837214104662995,0.2363321373453312,14.984609911089183,0.1528795600000001,-0.1805956000000012,-0.0098165199999994,14.994278024286396,1.0,0.0,0.0,0.0,3687.19,0.49,0.0,0.0,0.0,0.0,15.154878009065198,0.005926265570176409,0.0
135.40688039999998,135.9880749,0.6173904999999735,0.5293685000000423,15.86721000000001,0.5156759718927881,0.3063845966185412,15.195601837902752,0.1544795600000001,-0.1793956000000012,-0.0078165199999994,15.207435958934898,1.0,0.49,0.0,0.49,3693.55,0.0,0.0,0.06888849700996072,0.0,0.00754893254491928,15.775637598388833,0.0,0.0
135.5168656,136.0980601,0.6073904999999735,0.5243685000000424,16.037210000000012,0.5376009923468563,0.3584952233527434,15.396794348501816,0.1560795600000001,-0.1845956000000012,-0.0074165199999994,15.410347493233129,1.0,0.0,0.0,0.0,3698.44,0.0,0.0,0.0,0.0,0.0,16.296483279993733,0.0,0.0
135.62688609999998,136.2080806,0.3923904999999736,0.3793685000000424,16.142210000000013,0.5028873752072694,0.3634851309157045,15.574991344584928,0.1612795600000001,-0.1925956000000012,-0.0082165199999994,15.587346552137571,1.0,0.0,0.0,0.0,3698.44,0.0,0.0,0.0,0.0,0.0,16.296483279993733,0.0,0.0
135.7460444,136.3272389,0.4073904999999733,0.2893685000000423,15.907210000000012,0.4800581573567168,0.3457670149056282,15.654410613980131,0.1604795600000001,-0.1861956000000012,-0.0066165199999994,15.66558592374174,1.0,0.0,0.0,0.0,3698.93,0.0,0.0,0.0,0.0,0.0,16.350976600629934,0.0,0.0
135.8560239,136.4372184,0.5773904999999735,-0.0756314999999576,15.72721000000001,0.5033261569565379,0.2450286558986316,15.671813833082608,0.1644795600000001,-0.1765956000000012,-0.0010165199999994,15.681808731179178,1.0,0.0,0.0,0.0,3695.99,0.49,0.0,0.0,0.0,0.0,16.0304385478932,0.005926265570176409,0.0
135.9668927,136.5480872,0.7323904999999735,0.0343685000000424,15.437210000000013,0.5580856428327079,0.1946688239041201,15.615730092097456,0.1612795600000001,-0.1741956000000012,0.0009834800000005,15.62691210204288,1.0,0.0,0.49,0.0,3693.55,0.0,0.0,0.0,0.05401493744611888,0.0,15.775637598388833,0.0,0.0
136.07691179999998,136.6581063,0.5073904999999734,0.0343685000000424,13.677210000000011,0.545966602736567,0.1563478735277172,15.152312860967106,0.1408795600000001,-0.1625956000000012,-0.0034165199999994,15.162951863851893,1.0,0.0,0.0,0.0,3683.28,0.0,0.0,0.0,0.0,0.0,14.801346410062452,0.0,0.0
136.1885572,136.7697517,0.4223904999999734,0.3143685000000424,8.597210000000011,0.5164248427117277,0.1941238457654129,13.585268170541832,0.0828795600000001,-0.0977956000000012,-0.0058165199999994,13.596466083185057,1.0,0.0,0.0,0.0,3586.02,0.0,0.0,0.0,0.0,0.0,9.674899554644204,0.0,0.0
136.2985741,136.8797686,0.1273904999999735,-0.2556314999999576,5.987210000000013,0.4234233728538468,0.0866065815026783,11.7688974794596,0.0676795600000001,-0.0745956000000012,0.0041834800000005,11.776830470660135,1.0,0.0,0.49,0.0,3407.62,0.0,0.0,0.0,0.05401493744611888,0.0,6.220707581473248,0.0,0.0
136.409423,136.9906175,-0.0776095000000265,-0.1956314999999575,3.822210000000013,0.3036478453317128,0.019135529341451,9.869184433718171,0.0464795600000001,-0.0533956000000012,0.0045834800000005,9.873873078443072,1.0,0.0,0.0,0.0,3222.87,0.0,0.0,0.0,0.0,0.0,4.62378740642022,0.0,0.0
136.5194029,137.1005974,-0.1176095000000265,0.0993685000000423,2.357210000000012,0.2029432339310983,0.0383158005491317,8.073392681759037,0.0264795600000001,-0.0357956000000012,-0.0026165199999994,8.076033893604615,1.0,0.0,0.0,0.0,2974.1,0.0,0.49,0.0,0.0,0.0,3.4433808412954328,0.0,0.010519114903947972
136.6294059,137.2106004,0.0773904999999732,0.2443685000000424,1.6222100000000124,0.1729289459407921,0.087574186797354,6.53119086085237,0.0156795600000001,-0.0237956000000012,-0.0070165199999994,6.534066706073557,1.0,0.0,0.0,0.0,2712.12,0.0,0.0,0.0,0.0,0.0,2.689628671677834,0.0,0.0
136.7393694,137.3205639,-0.3426095000000266,-0.0406314999999575,1.0472100000000124,0.049685756389611,0.0569256912604872,5.220205621922854,0.0128795600000001,-0.0225956000000012,-0.0050165199999994,5.22075243081574,1.0,0.0,0.0,0.0,2308.41,0.0,0.0,0.0,0.0,0.0,1.9524435176573844,0.0,0.0
136.85022529999998,137.4314198,0.0323904999999733,0.0693685000000423,0.7122100000000122,0.0455512004154692,0.0599002345716841,4.142536704496841,0.0076795600000001,-0.0125956000000012,-0.0014165199999994,4.143220160462702,1.0,0.0,0.0,0.0,1734.12,0.0,0.0,0.0,0.0,0.0,1.2944285991511661,0.0,0.0
136.9602198,137.5414143,0.3273904999999733,0.0393685000000423,0.5172100000000123,0.1129269208785217,0.0549919751090758,3.275876167838143,0.0056795600000001,-0.0061956000000012,0.0005834800000005,3.278283281505035,1.0,0.0,0.0,0.0,1568.43,0.0,0.0,0.0,0.0,0.0,1.1488578603189752,0.0,0.0
137.0710595,137.652254,0.1823904999999732,0.0793685000000423,0.4572100000000123,0.1295326912453573,0.0608193594707871,2.602053659469381,0.0044795600000001,-0.0065956000000012,0.0013834800000005,2.605985602290562,1.0,0.0,0.0,0.0,1513.2,0.0,0.0,0.0,0.0,0.0,1.1032481735832171,0.0,0.0
137.1810596,137.7622541,0.2873904999999732,-0.0106314999999574,0.3972100000000123,0.1672697407315028,0.0437385153811134,2.074969855741005,0.0044795600000001,-0.0069956000000012,0.0001834800000005,2.0821604467778108,1.0,0.0,0.0,0.0,1362.17,0.0,0.0,0.0,0.0,0.0,0.9847664143579878,0.0,0.0
137.2915818,137.8727763,0.2073904999999736,0.0443685000000424,0.2872100000000123,0.1768608980513762,0.043889117755032,1.6475929481449183,0.0036795600000001,-0.0057956000000012,0.0013834800000005,1.6576394525631075,1.0,0.0,0.0,0.0,1228.74,0.0,0.0,0.0,0.0,0.0,0.8865557756073709,0.0,0.0
137.40276319999998,137.9839577,0.2273904999999736,-0.1656314999999575,0.0622100000000123,0.1889403644033611,-0.006198299414672,1.2685957022016696,0.0036795600000001,-0.0017956000000012,0.0037834800000005,1.2826035770498443,1.0,0.0,0.0,0.0,437.44,0.0,0.0,0.0,0.0,0.0,0.36989059286837506,0.0,0.0
137.5219069,138.1031014,0.3373904999999735,-0.0106314999999574,0.0122100000000123,0.2244284416637175,-0.0072580880382996,0.9682476244491764,0.0004795600000001,-0.0001956000000012,0.0005834800000005,0.9939437949507256,1.0,0.0,0.0,0.0,172.04,0.0,0.0,0.0,0.0,0.0,0.18776684488899997,0.0,0.0
137.63289179999998,138.2140863,0.3323904999999736,0.0343685000000424,0.0022100000000123,0.250237551584878,0.0026930485265322,0.7373093520448946,0.0008795600000001,-0.0001956000000012,0.0025834800000005,0.7786213234598851,1.0,0.0,0.0,0.0,168.13,0.0,0.0,0.0,0.0,0.0,0.18475527026167807,0.0,0.0
137.7435908,138.3247853,0.3023904999999733,-0.0306314999999575,-0.0277899999999877,0.2627050906361021,-0.00527342552229,0.5544068251587084,-0.0003204399999998,0.0010043999999987,0.0033834800000005,0.6135215574414811,1.0,0.0,0.0,0.0,161.29,0.0,0.0,0.0,0.0,0.0,0.17944417900392223,0.0,0.0
137.8543992,138.4355937,0.2523904999999735,0.0393685000000423,0.0222100000000122,0.2602393132359484,0.0053985492497138,0.4271813297218476,0.0004795600000001,-0.0001956000000012,0.0025834800000005,0.5002374765553312,1.0,0.0,0.49,0.0,153.47,0.0,0.0,0.0,0.05401493744611888,0.0,0.17330139609682907,0.0,0.0
137.9643927,138.5455872,0.3573904999999735,-0.0006314999999577,0.0122100000000123,0.2834640062142397,0.0039570224178516,0.3279794357605102,0.0004795600000001,-0.0001956000000012,0.0017834800000005,0.4335181785429817,1.0,0.0,0.0,0.0,160.8,0.0,0.0,0.0,0.0,0.0,0.1790615420891102,0.0,0.0
138.0743996,138.6555941,0.2923904999999736,0.0143685000000424,-0.0077899999999876,0.2855979490352353,0.0064459613423351,0.2477113266742782,0.0008795600000001,-0.0001956000000012,0.0005834800000005,0.3781119414584664,1.0,0.0,0.0,0.0,159.82,0.0,0.0,0.0,0.0,0.0,0.17829537699521375,0.0,0.0
138.18443639999998,138.7656309,0.2673904999999736,0.0743685000000424,0.0022100000000123,0.2812453268198325,0.0226833348544362,0.1890224611267876,0.0008795600000001,0.0002043999999987,0.0025834800000005,0.3396217872112165,1.0,0.0,0.0,0.0,163.73,0.0,0.0,0.0,0.0,0.0,0.18134518688950219,0.0,0.0
138.2952828,138.8764773,0.3373904999999735,0.0143685000000424,0.0122100000000123,0.2946672360394183,0.0206956135193635,0.1467541650700479,0.0004795600000001,-0.0001956000000012,0.0021834800000005,0.3298391628952814,1.0,0.0,0.0,0.0,152.49,0.0,0.0,0.0,0.0,0.0,0.17252598534522373,0.0,0.0
138.4060719,138.9872664,0.2873904999999732,0.0593685000000423,-0.0277899999999877,0.2929276797248807,0.0299406463904459,0.1050281215709595,0.0008795600000001,-0.0005956000000012,0.0013834800000005,0.3126243339473181,1.0,0.0,0.0,0.0,149.07,0.0,0.0,0.0,0.0,0.0,0.16980978474698813,0.0,0.0
138.5160877,139.0972822,0.3123904999999736,0.0243685000000424,-0.0277899999999877,0.2975804075034782,0.0286085845448037,0.073276990183022,0.0004795600000001,0.0002043999999987,0.0021834800000005,0.307801993706792,1.0,0.0,0.0,0.0,151.52,0.0,0.0,0.0,0.0,0.0,0.17175721853484574,0.0,0.0
138.6269414,139.2081359,0.2723904999999735,0.1493685000000424,-0.0077899999999876,0.2915585781526804,0.0574771146569945,0.0538973405833968,0.0004795600000001,-0.0001956000000012,0.0017834800000005,0.3020181228430979,1.0,0.0,0.0,0.0,148.09,0.0,0.0,0.0,0.0,0.0,0.16902848873854023,0.0,0.0
138.7369087,139.3181032,0.3173904999999735,0.0743685000000424,-0.0077899999999876,0.2977338856700225,0.0615151223400418,0.0391505362116059,0.0004795600000001,0.0002043999999987,0.0017834800000005,0.3065327738404764,1.0,0.0,0.0,0.0,139.78,0.0,0.0,0.0,0.0,0.0,0.16234785077931418,0.0,0.0
138.8469427,139.4281372,0.3573904999999735,0.0493685000000423,-0.0077899999999876,0.3119952302617542,0.058611384527194,0.0279290619500654,0.0008795600000001,-0.0001956000000012,0.0021834800000005,0.3186790714868019,1.0,0.0,0.0,0.0,149.07,0.0,0.0,0.0,0.0,0.0,0.16980978474698813,0.0,0.0
138.95690489999998,139.5380994,0.3573904999999735,0.0493685000000423,0.0122100000000123,0.3228472974104312,0.0564018062139789,0.0241713066425213,0.0008795600000001,-0.0005956000000012,0.0009834800000005,0.3286271340808994,1.0,0.0,0.0,0.0,141.74,0.0,0.0,0.0,0.0,0.0,0.1639327402170865,0.0,0.0
139.0674293,139.6486238,0.2673904999999736,0.0493685000000423,0.0022100000000123,0.3095899493911468,0.0547204435576714,0.0189212976497001,0.0012795600000001,-0.0001956000000012,0.0013834800000005,0.3149575831948005,1.0,0.0,0.0,0.0,155.43,0.0,0.0,0.0,0.0,0.0,0.17484840371827864,0.0,0.0
139.1869398,139.7681343,0.3573904999999735,0.0743685000000424,0.0122100000000123,0.3210170163067551,0.0594174533801307,0.0173169134667408,0.0004795600000001,-0.0001956000000012,0.0009834800000005,0.3269284845599815,1.0,0.0,0.0,0.0,127.08,0.0,0.0,0.0,0.0,0.0,0.1519299557158484,0.0,0.0
139.29691069999998,139.8781052,0.2873904999999732,0.0393685000000423,0.0222100000000122,0.3129783546787563,0.0546246062487866,0.0184866411482715,0.0008795600000001,-0.0001956000000012,0.0025834800000005,0.3182468444559997,1.0,0.0,0.0,0.0,108.99,0.0,0.0,0.0,0.0,0.0,0.13658549925746968,0.0,0.0
139.406948,139.9881425,0.3573904999999735,0.0493685000000423,0.0122100000000123,0.3235953988338409,0.053368096081959,0.016986164741768,0.0004795600000001,-0.0001956000000012,0.0013834800000005,0.3284062508821662,1.0,0.0,0.0,0.0,93.84,0.0,0.0,0.0,0.0,0.0,0.12318018055509702,0.0,0.0
139.51777959999998,140.0989741,0.3323904999999736,0.0593685000000423,0.0422100000000122,0.3256979312999917,0.0548025359831587,0.0230161047674173,0.0008795600000001,-0.0001956000000012,0.0013834800000005,0.331077334594116,1.0,0.0,0.0,0.0,53.76,0.0,0.0,0.0,0.0,0.0,0.08411343213459298,0.0,0.0
139.62775739999998,140.2089519,0.3123904999999736,0.0243685000000424,0.0322100000000122,0.3225166937200194,0.0475270598377671,0.025213971835889,0.0008795600000001,-0.0001956000000012,0.0021834800000005,0.3269733682131566,1.0,0.0,0.0,0.0,760.02,0.0,0.0,0.0,0.0,0.0,0.5736906702060957,0.0,0.0
139.7385776,140.3197721,0.3373904999999735,0.0343685000000424,-0.0177899999999877,0.3260723845538284,0.0443814110562455,0.0149335617245721,0.0004795600000001,-0.0001956000000012,0.0009834800000005,0.3294175479262524,1.0,0.0,0.0,0.0,168.13,0.0,0.0,0.0,0.0,0.0,0.18475527026167807,0.0,0.0
139.849459,140.4306535,0.3973904999999735,0.0993685000000423,0.0022100000000123,0.3431214952255304,0.0575264718735836,0.0118919023842596,0.0008795600000001,-0.0005956000000012,0.0021834800000005,0.3481135917977674,1.0,0.0,0.0,0.0,150.05,0.0,0.0,0.0,0.0,0.0,0.1705897469579969,0.0,0.0
139.9594271,140.5406216,0.3973904999999735,-0.0006314999999577,0.0022100000000123,0.3560948928350239,0.0436233885866663,0.0095773736810117,0.0008795600000001,-0.0001956000000012,0.0017834800000005,0.3588847988165509,1.0,0.0,0.0,0.0,162.76,0.0,0.0,0.0,0.0,0.0,0.1805903240251762,0.0,0.0
140.0704093,140.6516038,0.3123904999999736,-0.0256314999999576,0.0022100000000123,0.345647042024286,0.0270675071996804,0.0078161497835295,0.0004795600000001,0.0002043999999987,0.0013834800000005,0.3467933387531857,1.0,0.0,0.0,0.0,204.3,0.0,0.0,0.0,0.0,0.0,0.21201681377453344,0.0,0.0
140.1802875,140.761482,0.3123904999999736,0.0493685000000423,-0.0077899999999876,0.3376968254210617,0.0323987206222969,0.0040853869450293,0.0008795600000001,-0.0001956000000012,0.0013834800000005,0.3392720344854779,1.0,0.0,0.0,0.0,200.39,0.0,0.0,0.0,0.0,0.0,0.20912931346594832,0.0,0.0
140.29027549999998,140.87147,0.3523904999999736,0.0243685000000424,0.0122100000000123,0.3412094544705353,0.0304790383753594,0.0060276343848647,0.0008795600000001,-0.0005956000000012,0.0013834800000005,0.3426210676193812,1.0,0.0,0.0,0.0,167.16,0.0,0.0,0.0,0.0,0.0,0.1840054511108171,0.0,0.0
140.40111729999998,140.9823118,0.2923904999999736,-0.0106314999999574,-0.0277899999999877,0.3295389307552263,0.0206512672102155,-0.0020567154002594,0.0004795600000001,0.0002043999999987,0.0005834800000005,0.3301917803321627,1.0,0.0,0.0,0.0,230.21,0.0,0.0,0.0,0.0,0.0,0.23084428916405442,0.0,0.0
140.51113769999998,141.0923322,0.2723904999999735,0.0743685000000424,-0.0077899999999876,0.3158771855651678,0.0334927597410005,-0.0034272984988403,0.0008795600000001,0.0002043999999987,0.0009834800000005,0.3176663464873798,1.0,0.0,0.0,0.49,296.19,0.0,0.0,0.0,0.0,0.00754893254491928,0.27688066152671814,0.0,0.0
140.6215942,141.2027887,0.3573904999999735,0.0493685000000423,0.0022100000000123,0.32580124325683,0.0372879701300915,-0.0020796615710399,0.0004795600000001,0.0002043999999987,0.0021834800000005,0.3279347005371172,1.0,0.0,0.0,0.0,592.86,0.0,0.0,0.0,0.0,0.0,0.4683669957223494,0.0,0.0
140.73278159999998,141.3139761,0.3323904999999736,-0.0106314999999574,0.0022100000000123,0.3273764526795039,0.0258324746439067,-0.0010541869856347,0.0008795600000001,0.0002043999999987,0.0005834800000005,0.3283957518383029,1.0,0.0,0.0,0.0,1602.15,0.0,0.0,0.0,0.0,0.0,1.177376260319434,0.0,0.0
140.84331749999998,141.424512,0.2673904999999736,-0.0006314999999577,0.0022100000000123,0.3130363773762933,0.0195060703398408,-0.0002738595074998,0.0008795600000001,-0.0001956000000012,0.0025834800000005,0.3136436438699272,1.0,0.0,0.0,0.49,1183.28,0.0,0.0,0.0,0.0,0.00754893254491928,0.8542655036021995,0.0,0.0
140.95494219999998,141.5361367,0.2273904999999736,-0.0506314999999575,0.0022100000000123,0.2925621117170088,0.0027391775036092,0.000319925050205,0.0008795600000001,-0.0001956000000012,0.0013834800000005,0.2925751094296123,1.0,0.0,0.0,0.0,11.73,0.0,0.0,0.0,0.0,0.0,0.030020402717569953,0.0,0.0
141.0653104,141.6465049,0.2923904999999736,0.0143685000000424,0.0122100000000123,0.2925210866963953,0.0055192510520798,0.0031623333562289,0.0008795600000001,0.0002043999999987,0.0021834800000005,0.2925902401763801,1.0,0.0,0.0,0.0,0.0,0.0,0.0,0.0,0.0,0.0,0.0,0.0,0.0
141.1844347,141.7656292,0.3573904999999735,0.0493685000000423,-0.0177899999999877,0.3080285885380029,0.0160017307629936,-0.0018464732840738,0.0004795600000001,-0.0001956000000012,0.0013834800000005,0.3084494710770541,1.0,0.0,0.0,0.0,5.38,0.0,0.0,0.0,0.0,0.0,0.017762330473442712,0.0,0.0
141.2944876,141.8756821,0.2473904999999736,0.0643685000000424,-0.0077899999999876,0.2935326154470425,0.0275641563318214,-0.0032673162792361,0.0004795600000001,-0.0001956000000012,0.0021834800000005,0.2948420838366447,1.0,0.0,0.0,0.0,14.17,0.0,0.0,0.0,0.0,0.0,0.0340991476672614,0.0,0.0
141.4052974,141.9864919,0.3123904999999736,0.0743685000000424,-0.0077899999999876,0.2980407289714371,0.0387530727820668,-0.0043484964927882,0.0004795600000001,-0.0001956000000012,0.0009834800000005,0.300581080904347,1.0,0.0,0.0,0.0,11.24,0.0,0.0,0.0,0.0,0.0,0.02916946518731754,0.0,0.0
141.5152774,142.0964719,0.3323904999999736,0.0143685000000424,0.0022100000000123,0.3062522898651819,0.0329237645138633,-0.0027806405301589,0.0008795600000001,-0.0001956000000012,0.0029834800000005,0.3080294974173572,1.0,0.0,0.0,0.0,7.82,0.0,0.0,0.0,0.0,0.0,0.02284602435088155,0.0,0.0
141.6261391,142.2073336,0.2673904999999736,-0.0006314999999577,0.0122100000000123,0.2969620982754632,0.024902136141667,0.0008029803751296,0.0008795600000001,-0.0001956000000012,0.0009834800000005,0.2980054512489106,1.0,0.0,0.0,0.0,1.96,0.0,0.0,0.0,0.0,0.0,0.009007791371926048,0.0,0.0
141.7361219,142.3173164,0.2723904999999735,0.0743685000000424,-0.0277899999999877,0.2910880802120475,0.0367274277477663,-0.0060323781281007,0.0004795600000001,-0.0001956000000012,0.0025834800000005,0.2934579424319321,1.0,0.0,0.0,0.0,2.44,0.0,0.0,0.0,0.0,0.0,0.010436856513207747,0.0,0.0
141.8469865,142.428181,0.3373904999999735,-0.0606314999999575,-0.0077899999999876,0.3021570081330056,0.0134530727866818,-0.0064525503329514,0.0004795600000001,-0.0001956000000012,0.0021834800000005,0.3025251694274251,1.0,0.0,0.49,0.0,3.91,0.0,0.0,0.0,0.05401493744611888,0.0,0.014330667417423252,0.0,0.0
141.95694999999998,142.5381445,0.1823904999999732,-0.0006314999999577,0.0122100000000123,0.273525959217176,0.0100860539205651,-0.0019911328648584,0.0008795600000001,-0.0005956000000012,0.0009834800000005,0.2737190958984234,1.0,0.0,0.0,0.0,4.89,0.0,0.0,0.0,0.0,0.0,0.016657078581122496,0.0,0.0
142.0669702,142.6481647,0.3573904999999735,0.0743685000000424,-0.0077899999999876,0.2935743834960969,0.0254532370072287,-0.0033773939422697,0.0004795600000001,-0.0001956000000012,0.0001834800000005,0.2946950842974833,1.0,0.0,0.0,0.0,3.42,0.0,0.0,0.0,0.0,0.0,0.013096670836183797,0.0,0.0
142.17694709999998,142.7581416,0.2473904999999736,0.0843685000000424,-0.0077899999999876,0.2825337925319542,0.0395373562065843,-0.0044322592953154,0.0004795600000001,-0.0001956000000012,0.0005834800000005,0.2853212073799572,1.0,0.0,0.0,0.0,2.93,0.0,0.0,0.0,0.0,0.0,0.011803304272851946,0.0,0.0
142.28806319999998,142.8692577,0.2473904999999736,0.0143685000000424,-0.0077899999999876,0.2741325345907207,0.0335205593203917,-0.005234951465779,0.0004795600000001,-0.0001956000000012,0.0021834800000005,0.2762239655336474,1.0,0.0,0.0,0.0,0.98,0.0,0.0,0.0,0.0,0.0,0.005653267166882679,0.0,0.0
142.3986545,142.979849,0.3123904999999736,0.0743685000000424,0.0222100000000122,0.2832783775824504,0.0432855546094831,0.0013259624337631,0.0008795600000001,-0.0005956000000012,0.0009834800000005,0.2865694272248379,1.0,0.0,0.0,0.0,0.0,0.0,0.0,0.0,0.0,0.0,0.0,0.0,0.0
142.5094629,143.0906574,0.3973904999999735,0.0243685000000424,0.0222100000000122,0.3105577047479065,0.0387632960556584,0.0063184424721319,0.0004795600000001,-0.0001956000000012,0.0005834800000005,0.3130313144314162,1.0,0.49,0.0,0.0,0.0,0.0,0.0,0.06888849700996072,0.0,0.0,0.0,0.0,0.0
142.6194907,143.2006852,0.2023904999999732,-0.0356314999999576,0.0122100000000123,0.2846995530951367,0.0209786826595195,0.0077268618574897,0.0008795600000001,-0.0005956000000012,0.0017834800000005,0.2855759882288147,1.0,0.0,0.0,0.0,0.0,0.0,0.0,0.0,0.0,0.0,0.0,0.0,0.0
142.7308371,143.3120316,0.3573904999999735,-0.0256314999999576,0.0022100000000123,0.3020768490438389,0.0098361818009578,0.0064080161787974,0.0004795600000001,-0.0001956000000012,-0.0006165199999994,0.3023048723921325,1.0,0.0,0.49,0.0,0.49,0.0,0.0,0.0,0.05401493744611888,0.0,0.0035482837879861114,0.0,0.0
142.8416054,143.4227999,0.3123904999999736,-0.0006314999999577,-0.0077899999999876,0.3045424018067022,0.0073338068519908,0.0030138778503174,0.0008795600000001,-0.0001956000000012,0.0009834800000005,0.3046456017749703,1.0,0.0,0.0,0.0,1.96,0.0,0.0,0.0,0.0,0.0,0.009007791371926048,0.0,0.0
142.9528517,143.5340462,0.2273904999999736,0.0493685000000423,-0.0177899999999877,0.2860986823645012,0.0173825038912912,-0.0019594394289123,0.0004795600000001,-0.0001956000000012,0.0005834800000005,0.2866329480278045,1.0,0.0,0.0,0.0,2.44,0.0,0.0,0.0,0.0,0.0,0.010436856513207747,0.0,0.0
143.063275,143.6444695,0.2473904999999736,0.0143685000000424,-0.0177899999999877,0.276845211757421,0.0166619844890975,-0.0057438492872344,0.0004795600000001,-0.0001956000000012,0.0013834800000005,0.277405632251331,1.0,0.0,0.0,0.0,2.44,0.0,0.0,0.0,0.0,0.0,0.010436856513207747,0.0,0.0
143.1741289,143.7553234,0.2923904999999736,0.0343685000000424,-0.0177899999999877,0.2805614252049135,0.0208948549269635,-0.0086235686318211,0.0004795600000001,-0.0001956000000012,0.0001834800000005,0.2814705565621009,1.0,0.0,0.0,0.0,2.44,0.0,0.0,0.0,0.0,0.0,0.010436856513207747,0.0,0.0
143.2858796,143.8670741,0.2923904999999736,-0.0356314999999576,0.0122100000000123,0.2833892509833037,0.0073818214573014,-0.0036431535567923,0.0008795600000001,-0.0005956000000012,0.0009834800000005,0.283508785452486,1.0,0.0,0.0,0.0,1.96,0.0,0.0,0.0,0.0,0.0,0.009007791371926048,0.0,0.0
143.39665589999998,143.9778504,0.2723904999999735,-0.0006314999999577,-0.0077899999999876,0.2807599201100434,0.0054661790778291,-0.0046344871542424,0.0008795600000001,-0.0001956000000012,0.0009834800000005,0.2808513669631888,1.0,0.0,0.0,0.0,0.49,0.0,0.0,0.0,0.0,0.0,0.0035482837879861114,0.0,0.0
143.5080506,144.0892451,0.3373904999999735,0.0393685000000423,0.0022100000000123,0.2942978693099934,0.0135707737914519,-0.0029982630581073,0.0004795600000001,-0.0001956000000012,0.0017834800000005,0.2946258497876015,1.0,0.0,0.0,0.0,0.0,0.0,0.0,0.0,0.0,0.0,0.0,0.0,0.0
143.61951299999998,144.2007075,0.3373904999999735,-0.0106314999999574,-0.0177899999999877,0.3045994739608207,0.0077850454138118,-0.0065343346238128,0.0008795600000001,0.0002043999999987,0.0021834800000005,0.3047690010455128,1.0,0.0,0.0,0.0,0.0,0.0,0.0,0.0,0.0,0.0,0.0,0.0,0.0
143.73117589999998,144.3123704,0.2723904999999735,0.0493685000000423,0.0322100000000122,0.2968996860703916,0.0177258706153372,0.0027277784420022,0.0004795600000001,-0.0001956000000012,0.0013834800000005,0.2974408695068609,1.0,0.0,0.0,0.0,0.0,0.0,0.0,0.0,0.0,0.0,0.0,0.0,0.0
143.8419783,144.4231728,0.3123904999999736,-0.0256314999999576,0.0122100000000123,0.3006028770398672,0.0073609779729852,0.0049945720013215,0.0004795600000001,-0.0001956000000012,0.0005834800000005,0.300734466649303,1.0,0.0,0.0,0.0,0.0,0.0,0.0,0.0,0.0,0.0,0.0,0.0,0.0
143.9536541,144.5348486,0.2723904999999735,-0.0006314999999577,0.0122100000000123,0.2938585045132523,0.0054503183790039,0.0067194721858513,0.0008795600000001,0.0002043999999987,0.0017834800000005,0.2939858465158724,1.0,0.0,0.0,0.0,2.44,0.0,0.0,0.0,0.0,0.0,0.010436856513207747,0.0,0.0
144.0636314,144.6448259,0.3123904999999736,-0.0506314999999575,0.0122100000000123,0.2982887119022737,-0.0079564454177094,0.0080320225212619,0.0008795600000001,-0.0001956000000012,0.0005834800000005,0.2985028878550168,1.0,0.0,0.0,0.0,3.42,0.0,0.0,0.0,0.0,0.0,0.013096670836183797,0.0,0.0
144.1736822,144.7548767,0.2923904999999736,-0.0356314999999576,-0.0177899999999877,0.2968787017406423,-0.0145723671294159,0.0018590815093193,0.0008795600000001,0.0002043999999987,0.0025834800000005,0.2972419445754957,1.0,0.0,0.49,0.0,6.35,0.0,0.0,0.0,0.05401493744611888,0.0,0.019858258796592726,0.0,0.0
144.28428359999998,144.8654781,0.2923904999999736,0.0893685000000423,-0.0077899999999876,0.2958057646935134,0.0102754479862397,-0.0004476011266888,0.0004795600000001,0.0002043999999987,0.0029834800000005,0.2959845191965295,1.0,0.49,0.0,0.0,6.84,0.0,0.0,0.06888849700996072,0.0,0.0,0.02087696666558582,0.0,0.0
144.3958548,144.9770493,0.3573904999999735,0.0743685000000424,0.0022100000000123,0.3105280405326749,0.0255973550533948,0.0001877176201249,0.0008795600000001,-0.0001956000000012,0.0017834800000005,0.3115813277150879,1.0,0.0,0.0,0.0,1.47,0.0,0.0,0.0,0.0,0.0,0.007424069492693063,0.0,0.0
144.5063495,145.087544,0.3123904999999736,0.0243685000000424,-0.0077899999999876,0.3109732749220147,0.0253035883761204,-0.0017194134048892,0.0004795600000001,-0.0001956000000012,0.0013834800000005,0.3120057782844542,1.0,0.0,0.0,0.0,0.0,0.0,0.0,0.0,0.0,0.0,0.0,0.0,0.0
144.6253855,145.20658,0.2073904999999736,0.1343685000000423,0.0122100000000123,0.2862110643352608,0.0513763433422803,0.001610513490212,0.0008795600000001,0.0002043999999987,0.0013834800000005,0.2907901232106221,1.0,0.0,0.0,0.0,0.0,0.0,0.0,0.0,0.0,0.0,0.0,0.0,0.0
144.7361925,145.317387,0.2073904999999736,0.1093685000000423,0.0122100000000123,0.2673684390618394,0.065239787304081,0.0041443973069438,0.0008795600000001,0.0002043999999987,0.0009834800000005,0.275244051857409,1.0,0.0,0.0,0.0,0.98,0.0,0.0,0.0,0.0,0.0,0.005653267166882679,0.0,0.0
144.8462095,145.427404,0.3573904999999735,-0.0006314999999577,0.0222100000000122,0.2888888630134219,0.0494927802455155,0.0084631101296025,0.0008795600000001,0.0002043999999987,0.0017834800000005,0.2932199425391874,1.0,0.0,0.49,0.0,0.0,0.0,0.0,0.0,0.05401493744611888,0.0,0.0,0.0,0.0
144.9561824,145.5373769,0.2273904999999736,0.0043685000000424,0.0122100000000123,0.2741872350948247,0.0387054950926021,0.0093588312191977,0.0004795600000001,0.0002043999999987,0.0025834800000005,0.2770637886139175,1.0,0.0,0.0,0.0,0.49,0.0,0.0,0.0,0.0,0.0,0.0035482837879861114,0.0,0.0
145.06618039999998,145.6473749,0.2473904999999736,0.0393685000000423,0.0122100000000123,0.2677812820012185,0.038863991205015,0.0100404237119847,0.0004795600000001,-0.0001956000000012,0.0009834800000005,0.2707730320968389,1.0,0.0,0.0,0.0,0.0,0.0,0.0,0.0,0.0,0.0,0.0,0.0,0.0
145.17795529999998,145.7591498,0.3123904999999736,-0.0956314999999576,0.0122100000000123,0.2784454378034449,0.0067118724893985,0.0105590765958121,0.0004795600000001,0.0002043999999987,0.0029834800000005,0.2787263983988999,1.0,0.0,0.0,0.0,0.0,0.0,0.0,0.0,0.0,0.0,0.0,0.0,0.0
145.2878816,145.8690761,0.3573904999999735,0.0243685000000424,0.0122100000000123,0.2973178251899201,0.0109328168404211,0.0109537417612141,0.0008795600000001,-0.0001956000000012,0.0013834800000005,0.2977203387716423,1.0,0.0,0.0,0.0,0.0,0.0,0.0,0.0,0.0,0.0,0.0,0.0,0.0
145.397845,145.9790395,0.2923904999999736,0.0593685000000423,0.0022100000000123,0.2961399125101844,0.0225117167802471,0.0088634871318124,0.0008795600000001,-0.0001956000000012,0.0013834800000005,0.2971265497697396,1.0,0.0,0.0,0.0,0.0,0.0,0.0,0.0,0.0,0.0,0.0,0.0,0.0
145.50812119999998,146.0893157,0.3123904999999736,0.0493685000000423,0.0122100000000123,0.300024732837536,0.0289320248118855,0.0096634952068617,0.0008795600000001,-0.0005956000000012,0.0021834800000005,0.3015713605658924,1.0,0.0,0.0,0.0,0.0,0.0,0.0,0.0,0.0,0.0,0.0,0.0,0.0
145.6187205,146.199915,0.2723904999999735,0.0043685000000424,0.0222100000000122,0.293418569858777,0.023059936768274,0.0126628278087304,0.0004795600000001,0.0002043999999987,0.0025834800000005,0.294595595740738,1.0,0.0,0.0,0.0,0.0,0.0,0.0,0.0,0.0,0.0,0.0,0.0,0.0
145.7295221,146.3107166,0.2523904999999735,0.0643685000000424,-0.0077899999999876,0.283610513388226,0.0329350472058071,0.0077734315777908,0.0004795600000001,-0.0001956000000012,0.0021834800000005,0.2856222450672855,1.0,0.0,0.0,0.0,0.0,0.0,0.0,0.0,0.0,0.0,0.0,0.0,0.0
