time,world_time,Fx,Fy,Fz,LPF_Fx,LPF_Fy,LPF_Fz,Mx,My,Mz,force_magnitude,touch_count,V_SidePalm[mV],V_ThumbPalm[mV],V_UpperPalm[mV],V_Middle[mV],V_Index[mV],V_Thumb[mV],CalF1,CalF2,CalF3,CalF4,CalF5,CalF6
2.003166600014083,570344.3585835,0.2956235000001022,-0.1033099999999906,0.1391459999999921,0.0706709331440987,-0.0246970017712179,0.0332638564365309,0.0014408800000012,-0.0003313599999994,0.0012361200000011,0.0819195143599823,,0.0,0.0,0.0,0.0,0.0,0.0,8.90445656866156e-05,8.068543955107214e-05,2.2305454642175129e-07,2.2577638938033553e-07,7.662867898069619e-08,3.9893666214442404e-05
2.1565933999372646,570344.5120103,0.3156235000001022,-0.1383099999999907,0.1491459999999921,0.1292286136930064,-0.0518570096938744,0.0609663199428671,0.0014408800000012,-0.0003313599999994,0.0020361200000011,0.1520068295136205,,0.0,0.0,0.0,0.0,0.0,0.0,8.90445656866156e-05,8.068543955107214e-05,2.2305454642175129e-07,2.2577638938033553e-07,7.662867898069619e-08,3.9893666214442404e-05
2.16612539999187,570344.5215423,0.4056235000001023,-0.1883099999999906,0.1391459999999921,0.1953028078337725,-0.0844770827098307,0.0796557372000953,0.0014408800000012,6.864000000058375e-05,0.0024361200000011,0.2272104766946492,1.0,0.0,0.0,0.0,0.0,0.0,0.0,8.90445656866156e-05,8.068543955107214e-05,2.2305454642175129e-07,2.2577638938033553e-07,7.662867898069619e-08,3.9893666214442404e-05
2.1751836999319494,570344.5306006,0.4006235000001021,-0.1883099999999906,0.1291459999999921,0.2443862024528801,-0.1092990916366145,0.0914867420208019,0.0014408800000012,-0.0003313599999994,0.0024361200000011,0.2829147068420267,1.0,0.0,0.0,0.0,0.0,0.0,0.0,8.90445656866156e-05,8.068543955107214e-05,2.2305454642175129e-07,2.2577638938033553e-07,7.662867898069619e-08,3.9893666214442404e-05
2.2114335999358445,570344.5668505,0.4056235000001023,-0.2633099999999907,0.1291459999999921,0.2829311431470094,-0.1461165117957234,0.1004894596765458,0.0014408800000012,6.864000000058375e-05,0.0016361200000011,0.3339134592793579,1.0,0.0,0.0,0.0,0.0,0.0,0.0,8.90445656866156e-05,8.068543955107214e-05,2.2305454642175129e-07,2.2577638938033553e-07,7.662867898069619e-08,3.9893666214442404e-05
2.321809099987149,570344.677226,0.4656235000001023,-0.2733099999999907,0.1041459999999921,0.3266050707512029,-0.1765230339471943,0.1013635820542894,0.0018408800000012,-0.0003313599999994,0.0028361200000011,0.3848452020243948,1.0,0.0,0.0,0.0,0.0,0.0,0.0,8.90445656866156e-05,8.068543955107214e-05,2.2305454642175129e-07,2.2577638938033553e-07,7.662867898069619e-08,3.9893666214442404e-05
2.4317599999485537,570344.7871769,0.3406235000001023,-0.2233099999999906,0.1291459999999921,0.3299562775268276,-0.1877077961529433,0.1080051697535808,0.0014408800000012,6.864000000058375e-05,0.0024361200000011,0.3946776893991547,1.0,0.0,0.0,0.0,0.0,0.0,0.0,8.90445656866156e-05,8.068543955107214e-05,2.2305454642175129e-07,2.2577638938033553e-07,7.662867898069619e-08,3.9893666214442404e-05
2.534227899974212,570344.8896448,0.3606235000001023,-0.1883099999999906,0.1291459999999921,0.33728749858714,-0.1878517573326661,0.1130590379371127,0.0014408800000012,-0.0003313599999994,0.0024361200000011,0.4022853284615366,1.0,0.0,0.0,0.0,0.0,0.0,0.0,8.90445656866156e-05,8.068543955107214e-05,2.2305454642175129e-07,2.2577638938033553e-07,7.662867898069619e-08,3.9893666214442404e-05
2.645050399936736,570345.0004673,0.2756235000001021,-0.1883099999999906,0.1291459999999921,0.3225462742881893,-0.1879613035524567,0.1169047424241951,0.0014408800000012,-0.0003313599999994,0.0024361200000011,0.3911933914211717,1.0,0.0,0.0,0.0,0.0,0.0,0.0,8.90445656866156e-05,8.068543955107214e-05,2.2305454642175129e-07,2.2577638938033553e-07,7.662867898069619e-08,3.9893666214442404e-05
2.7559214000357315,570345.1113383,0.3606235000001023,-0.2133099999999906,0.119145999999992,0.3316489101496768,-0.1940210925473542,0.1174405312376616,0.0010408800000012,-0.0003313599999994,0.0020361200000011,0.4017803657897205,1.0,0.0,0.0,0.0,0.0,0.0,0.0,8.90445656866156e-05,8.068543955107214e-05,2.2305454642175129e-07,2.2577638938033553e-07,7.662867898069619e-08,3.9893666214442404e-05
2.865923700039275,570345.2213406,0.3356235000001022,-0.2233099999999906,0.1291459999999921,0.3325990645643106,-0.2010228174455719,0.1202388081010459,0.0018408800000012,-0.0003313599999994,0.0016361200000011,0.4068042303816055,1.0,0.0,0.0,0.0,0.0,0.0,0.0,8.90445656866156e-05,8.068543955107214e-05,2.2305454642175129e-07,2.2577638938033553e-07,7.662867898069619e-08,3.9893666214442404e-05
2.976707199937664,570345.3321241,0.2956235000001022,-0.2733099999999907,0.1391459999999921,0.3237597887581532,-0.2183035906096702,0.1247587089026825,0.0014408800000012,-0.0003313599999994,0.0020361200000011,0.4099287669057427,1.0,0.0,0.0,0.0,0.0,0.0,0.0,8.90445656866156e-05,8.068543955107214e-05,2.2305454642175129e-07,2.2577638938033553e-07,7.662867898069619e-08,3.9893666214442404e-05
3.0900307999690995,570345.4454477,0.3156235000001022,-0.1633099999999906,0.1391459999999921,0.3218147501571586,-0.2051569755221374,0.1281980947676841,0.0010408800000012,-0.0003313599999994,0.0020361200000011,0.4026026198699773,1.0,0.0,0.0,0.0,0.0,0.0,0.0,8.90445656866156e-05,8.068543955107214e-05,2.2305454642175129e-07,2.2577638938033553e-07,7.662867898069619e-08,3.9893666214442404e-05
3.201860700035468,570345.5572776,0.3606235000001023,-0.2383099999999907,0.1291459999999921,0.3310922621464145,-0.2130824455081102,0.1284246983607657,0.0010408800000012,-0.0003313599999994,0.0012361200000011,0.41414866628543,1.0,0.0,0.0,0.0,0.0,0.0,0.0,8.90445656866156e-05,8.068543955107214e-05,2.2305454642175129e-07,2.2577638938033553e-07,7.662867898069619e-08,3.9893666214442404e-05
3.303927200031467,570345.6593441,0.4006235000001021,-0.2883099999999906,0.1491459999999921,0.3477142068219314,-0.2310661358239609,0.1333782752002387,0.0014408800000012,-0.0007313599999994,0.0028361200000011,0.4382767311252249,1.0,0.0,0.0,0.0,0.0,0.0,0.0,8.90445656866156e-05,8.068543955107214e-05,2.2305454642175129e-07,2.2577638938033553e-07,7.662867898069619e-08,3.9893666214442404e-05
3.4150674999691546,570345.7704844,0.2956235000001022,-0.2483099999999907,0.099145999999992,0.3352615470731866,-0.2351884061182024,0.1251948025329907,0.0014408800000012,-0.0003313599999994,0.0020361200000011,0.4282378193242647,1.0,0.0,0.0,0.0,0.0,0.0,0.0,8.90445656866156e-05,8.068543955107214e-05,2.2305454642175129e-07,2.2577638938033553e-07,7.662867898069619e-08,3.9893666214442404e-05
3.5275481999851763,570345.8829651,0.3606235000001023,-0.2383099999999907,0.109145999999992,0.34132450512524,-0.2359346456848228,0.1213582203571759,0.0010408800000012,6.864000000058375e-05,0.0012361200000011,0.4323139975546405,1.0,0.0,0.0,0.0,0.0,0.0,0.0,8.90445656866156e-05,8.068543955107214e-05,2.2305454642175129e-07,2.2577638938033553e-07,7.662867898069619e-08,3.9893666214442404e-05
3.63754569995217,570345.9929626,0.3406235000001023,-0.1983099999999906,0.1291459999999921,0.3411569247862877,-0.226940202348071,0.1232199453366793,0.0006408800000012,-0.0003313599999994,0.0020361200000011,0.4278703748802836,1.0,0.0,0.0,0.0,0.0,0.0,0.0,8.90445656866156e-05,8.068543955107214e-05,2.2305454642175129e-07,2.2577638938033553e-07,7.662867898069619e-08,3.9893666214442404e-05
3.748358499957249,570346.1037754,0.3156235000001022,-0.2633099999999907,0.1391459999999921,0.3350529751476299,-0.2356346651980214,0.1270271837475629,0.0018408800000012,-0.0003313599999994,0.0016361200000011,0.4288590642729836,1.0,0.0,0.0,0.0,0.0,0.0,0.0,8.90445656866156e-05,8.068543955107214e-05,2.2305454642175129e-07,2.2577638938033553e-07,7.662867898069619e-08,3.9893666214442404e-05
3.8583765999646857,570346.2137935,0.3206235000001023,-0.2333099999999907,0.1291459999999921,0.3316035048807024,-0.2350789371899558,0.1275337020782098,0.0010408800000012,6.864000000058375e-05,0.0020361200000011,0.4260138921740685,1.0,0.0,0.0,0.0,0.0,0.0,0.0,8.90445656866156e-05,8.068543955107214e-05,2.2305454642175129e-07,2.2577638938033553e-07,7.662867898069619e-08,3.9893666214442404e-05
3.970070800045505,570346.3254877,0.3156235000001022,-0.2583099999999907,0.1691459999999921,0.3277833692806609,-0.2406324905668482,0.1374814224874519,0.0010408800000012,-0.0003313599999994,0.0016361200000011,0.4292401125507257,1.0,0.0,0.0,0.0,0.0,0.0,0.0,8.90445656866156e-05,8.068543955107214e-05,2.2305454642175129e-07,2.2577638938033553e-07,7.662867898069619e-08,3.9893666214442404e-05
4.080042899935506,570346.4354598,0.3356235000001022,-0.1483099999999907,0.5591459999999923,0.3296576091631954,-0.2185621322951113,0.2382833856825736,-0.0073591199999987,0.0028686400000005,0.0020361200000011,0.4617602374013271,1.0,0.0,0.0,0.0,0.0,0.0,0.0,8.90445656866156e-05,8.068543955107214e-05,2.2305454642175129e-07,2.2577638938033553e-07,7.662867898069619e-08,3.9893666214442404e-05
4.190097599988803,570346.5455145,0.6056235000001022,-0.1983099999999906,0.7491459999999922,0.3956292488379166,-0.2137207137764434,0.3604087839077936,-0.0069591199999987,0.0048686400000005,-0.0023638799999988,0.5762755743141135,1.0,0.0,0.0,0.0,0.0,0.0,0.0,8.90445656866156e-05,8.068543955107214e-05,2.2305454642175129e-07,2.2577638938033553e-07,7.662867898069619e-08,3.9893666214442404e-05
4.300934599945322,570346.6563515,0.4556235000001023,-0.3783099999999907,1.1191459999999922,0.409971307953351,-0.2530669715771095,0.5417903962368974,-0.0021591199999987,0.0052686400000005,-0.0027638799999988,0.7250215161653655,1.0,0.0,0.0,0.0,0.0,0.0,0.0,8.90445656866156e-05,8.068543955107214e-05,2.2305454642175129e-07,2.2577638938033553e-07,7.662867898069619e-08,3.9893666214442404e-05
4.404292699997313,570346.7597096,0.5556235000001023,-0.2883099999999906,1.8991459999999925,0.4447905165968581,-0.261492072103516,0.8662760583249123,-0.0049591199999987,0.0124686400000005,0.0012361200000011,1.0082910872632154,1.0,0.0,0.0,0.0,0.0,0.0,0.0,8.90445656866156e-05,8.068543955107214e-05,2.2305454642175129e-07,2.2577638938033553e-07,7.662867898069619e-08,3.9893666214442404e-05
4.515096199931577,570346.8705131,0.8156235000001023,-0.0133099999999907,2.4991459999999925,0.533440820032506,-0.2021623549964996,1.2566254130991037,-0.0097591199999987,0.0232686400000005,0.0088361200000011,1.3800493306766883,1.0,0.0,0.0,0.0,0.0,0.0,0.0,8.90445656866156e-05,8.068543955107214e-05,2.2305454642175129e-07,2.2577638938033553e-07,7.662867898069619e-08,3.9893666214442404e-05
4.626749999937601,570346.9821669,0.7306235000001022,0.1366900000000093,3.3241459999999927,0.5805787640496745,-0.1211572517970908,1.7508811443615708,-0.0121591199999987,0.0236686400000005,0.0036361200000011,1.8486036791614784,1.0,0.0,0.0,561.58,0.0,0.0,0.0,8.90445656866156e-05,8.068543955107214e-05,1.395083508240398,2.2577638938033553e-07,7.662867898069619e-08,3.9893666214442404e-05
4.737592199933715,570347.0930091,0.6156235000001022,0.1666900000000093,4.034145999999993,0.5889564613281534,-0.0523452869585093,2.296712101518351,-0.0161591199999987,0.0164686400000005,-0.0039638799999988,2.37160203652885,1.0,0.0,0.0,1217.5,0.0,0.0,0.0,8.90445656866156e-05,8.068543955107214e-05,2.917234442373723,2.2577638938033553e-07,7.662867898069619e-08,3.9893666214442404e-05
4.8475834999699146,570347.2030004,0.6656235000001023,-0.2933099999999906,4.539145999999993,0.6072842707355227,-0.1099496422463521,2.832782123419864,-0.0141591199999987,0.0104686400000005,-0.0103638799999988,2.8992305303442203,1.0,0.0,0.0,1875.37,0.0,0.0,0.0,8.90445656866156e-05,8.068543955107214e-05,4.838417770832177,2.2577638938033553e-07,7.662867898069619e-08,3.9893666214442404e-05
4.95761769998353,570347.3130346,0.7056235000001022,-0.0933099999999906,4.8341459999999925,0.630792973855528,-0.1059718155690618,3.3112226151898336,-0.0145591199999987,0.0224686400000005,-0.0031638799999988,3.372436064465137,1.0,0.0,0.0,2069.4,0.0,0.0,0.0,8.90445656866156e-05,8.068543955107214e-05,5.539053313220047,2.2577638938033553e-07,7.662867898069619e-08,3.9893666214442404e-05
5.067641800036654,570347.4230587,0.6656235000001023,0.0116900000000093,5.064145999999992,0.6391194627325494,-0.0778439086141268,3.7302716127648,-0.0133591199999987,0.0240686400000005,-0.0031638799999988,3.785427276642727,1.0,0.0,0.0,2164.71,0.0,0.0,0.0,8.90445656866156e-05,8.068543955107214e-05,5.914678517877274,2.2577638938033553e-07,7.662867898069619e-08,3.9893666214442404e-05
5.18106390000321,570347.5364808,0.8406235000001022,0.1566900000000093,5.444145999999993,0.6872904584280752,-0.0217768835782685,4.139985665394715,-0.0109591199999987,0.0256686400000005,-0.0039638799999988,4.196703910997102,1.0,0.0,0.0,2329.91,0.0,0.0,0.0,8.90445656866156e-05,8.068543955107214e-05,6.624675193956119,2.2577638938033553e-07,7.662867898069619e-08,3.9893666214442404e-05
5.291752199991606,570347.6471691,0.8606235000001022,0.2916900000000093,5.819145999999993,0.72872697410628,0.0531596393038494,4.541401072982646,-0.0141591199999987,0.0256686400000005,-0.0059638799999988,4.599803545340707,1.0,0.0,0.0,2465.3,0.0,0.0,0.0,8.90445656866156e-05,8.068543955107214e-05,7.27248085040799,2.2577638938033553e-07,7.662867898069619e-08,3.9893666214442404e-05
5.401727000018582,570347.7571439,0.8206235000001022,0.2966900000000093,5.829145999999993,0.7506955024459248,0.1113773311967828,4.849245799954161,-0.0109591199999987,0.0252686400000005,-0.0059638799999988,4.908271943940162,1.0,0.0,0.0,2510.75,0.0,0.0,0.0,8.90445656866156e-05,8.068543955107214e-05,7.505426292868876,2.2577638938033553e-07,7.662867898069619e-08,3.9893666214442404e-05
5.511792000033893,570347.8672089,0.8106235000001023,0.4866900000000093,5.9991459999999925,0.7650217231577745,0.2010985357867999,5.124137749206493,-0.0133591199999987,0.0288686400000005,-0.0051638799999988,5.184832353205055,1.0,0.0,0.0,2560.12,0.0,0.0,0.0,8.90445656866156e-05,8.068543955107214e-05,7.768252688789963,2.2577638938033553e-07,7.662867898069619e-08,3.9893666214442404e-05
5.6217554999748245,570347.9771724,0.7656235000001023,0.5066900000000093,5.954145999999993,0.7651655822589345,0.2741523827807347,5.322557217215151,-0.0125591199999987,0.0252686400000005,-0.0063638799999988,5.384259766001924,1.0,0.0,0.0,2586.51,0.0,0.0,0.0,8.90445656866156e-05,8.068543955107214e-05,7.913169711980229,2.2577638938033553e-07,7.662867898069619e-08,3.9893666214442404e-05
5.723619499942288,570348.0790364,0.6756235000001023,0.5066900000000093,5.774145999999992,0.7437599006778182,0.3297421799382194,5.430512777841424,-0.0133591199999987,0.0188686400000005,-0.0059638799999988,5.491118076073913,1.0,0.0,0.0,2608.99,0.0,0.0,0.0,8.90445656866156e-05,8.068543955107214e-05,8.03916541601472,2.2577638938033553e-07,7.662867898069619e-08,3.9893666214442404e-05
5.834176299977116,570348.1895932,0.7406235000001022,0.4416900000000093,5.479145999999992,0.7430101214396727,0.3565041149914599,5.442138900905893,-0.0117591199999987,0.0212686400000005,-0.0043638799999988,5.504183412761683,1.0,0.0,0.0,2600.2,0.0,0.0,0.0,8.90445656866156e-05,8.068543955107214e-05,7.989614528489179,2.2577638938033553e-07,7.662867898069619e-08,3.9893666214442404e-05
5.945124399964698,570348.3005413,0.7556235000001023,0.6666900000000093,5.384145999999992,0.7460254406986796,0.430656291464828,5.428275279026199,-0.0125591199999987,0.0192686400000005,-0.0051638799999988,5.496197895312254,1.0,0.0,0.0,2598.24,0.0,0.0,0.0,8.90445656866156e-05,8.068543955107214e-05,7.978615786671722,2.2577638938033553e-07,7.662867898069619e-08,3.9893666214442404e-05
6.055950799956918,570348.4113677,0.7756235000001023,0.5366900000000093,5.279145999999993,0.7531010705795422,0.4560044154363933,5.39262484762313,-0.0097591199999987,0.0220686400000005,-0.0011638799999988,5.464019033331412,1.0,0.0,0.0,2608.02,0.0,0.0,0.0,8.90445656866156e-05,8.068543955107214e-05,8.03367920282435,2.2577638938033553e-07,7.662867898069619e-08,3.9893666214442404e-05
6.165917900041677,570348.5213348,0.6856235000001023,0.4616900000000093,5.069145999999993,0.736970069900827,0.4573635954967751,5.315294892413558,-0.0065591199999987,0.0172686400000005,-0.0027638799999988,5.385598029535162,1.0,0.0,0.0,2629.03,0.0,0.0,0.0,8.90445656866156e-05,8.068543955107214e-05,8.153530742899564,2.2577638938033553e-07,7.662867898069619e-08,3.9893666214442404e-05
6.27675520000048,570348.6321721,0.6906235000001022,0.3916900000000093,4.849145999999992,0.7258905875764811,0.4416638480927868,5.203858632403973,-0.0045591199999987,0.0160686400000005,-0.0011638799999988,5.272772398453171,1.0,0.0,0.0,2614.86,0.0,0.0,0.0,8.90445656866156e-05,8.068543955107214e-05,8.072462201955164,2.2577638938033553e-07,7.662867898069619e-08,3.9893666214442404e-05
6.3867895000148565,570348.7422064,0.7156235000001022,0.3316900000000093,4.594145999999992,0.7234361661259041,0.4153738052979439,5.058102423301113,-0.0013591199999987,0.0208686400000005,0.0004361200000011,5.126431059635078,1.0,0.0,0.0,2576.74,0.0,0.0,0.0,8.90445656866156e-05,8.068543955107214e-05,7.859148097409558,2.2577638938033553e-07,7.662867898069619e-08,3.9893666214442404e-05
6.496785899973474,570348.8522028,0.7456235000001022,0.3016900000000093,4.404145999999993,0.7287402085611934,0.3881968704339216,4.901769416384371,-0.0009591199999987,0.0192686400000005,0.0016361200000011,4.970825134038582,1.0,0.0,0.0,2533.24,0.0,0.0,0.0,8.90445656866156e-05,8.068543955107214e-05,7.623849298762907,2.2577638938033553e-07,7.662867898069619e-08,3.9893666214442404e-05
6.60770729999058,570348.9631242,0.6256235000001023,0.1616900000000093,4.304145999999992,0.7040894145047065,0.3340487668592446,4.758903221698787,0.0010408800000012,0.0152686400000005,0.0008361200000011,4.822290986217325,1.0,0.0,0.0,2462.37,0.0,0.0,0.0,8.90445656866156e-05,8.068543955107214e-05,7.257746857803681,2.2577638938033553e-07,7.662867898069619e-08,3.9893666214442404e-05
6.718376799952239,570349.0737937,0.6956235000001022,-0.2183099999999906,4.309145999999992,0.7020655764879103,0.2020034136168524,4.651385508980616,0.0050408800000012,0.0204686400000005,0.0012361200000011,4.708406164081114,1.0,0.0,0.0,2449.17,0.0,0.0,0.0,8.90445656866156e-05,8.068543955107214e-05,7.191781863705916,2.2577638938033553e-07,7.662867898069619e-08,3.9893666214442404e-05
6.830093199969269,570349.1855101,0.7456235000001022,0.0066900000000093,4.179145999999992,0.7124784127489816,0.1553123312236838,4.538493243084433,0.0018408800000012,0.0232686400000005,0.0020361200000011,4.59670189661963,1.0,0.0,0.0,2315.25,0.0,0.0,0.0,8.90445656866156e-05,8.068543955107214e-05,6.5583255929060496,2.2577638938033553e-07,7.662867898069619e-08,3.9893666214442404e-05
6.940905399969779,570349.2963223,0.6756235000001023,0.0666900000000093,4.269145999999992,0.7036679796308203,0.1341265227714454,4.4741038389654735,0.0018408800000012,0.0256686400000005,0.0048361200000011,4.53108637210924,1.0,0.0,0.0,2284.95,0.0,0.0,0.0,8.90445656866156e-05,8.068543955107214e-05,6.423360922101327,2.2577638938033553e-07,7.662867898069619e-08,3.9893666214442404e-05
7.04334099998232,570349.3987579,0.7506235000001023,0.2266900000000093,4.349145999999992,0.714893035963496,0.156254490645457,4.444231764913994,-0.0013591199999987,0.0244686400000005,0.0036361200000011,4.504074100077232,1.0,0.0,0.0,2196.97,0.0,0.0,0.0,8.90445656866156e-05,8.068543955107214e-05,6.0471437772985634,2.2577638938033553e-07,7.662867898069619e-08,3.9893666214442404e-05
7.154282500036061,570349.5096994,0.5106235000001023,0.1966900000000093,4.474145999999992,0.6660609278278434,0.1659208912470403,4.45138297890009,0.0006408800000012,0.0216686400000005,0.0032361200000011,4.503995706766664,1.0,0.0,0.0,2174.0,0.0,0.0,0.0,8.90445656866156e-05,8.068543955107214e-05,5.952536896697378,2.2577638938033553e-07,7.662867898069619e-08,3.9893666214442404e-05
7.265923299943097,570349.6213402,0.4756235000001023,0.2966900000000093,4.434145999999992,0.6205354850597827,0.1971821913195692,4.447262354580796,-0.0017591199999987,0.0208686400000005,0.0040361200000011,4.494673242324017,1.0,0.0,0.0,2174.98,0.0,0.0,0.0,8.90445656866156e-05,8.068543955107214e-05,5.956544029780998,2.2577638938033553e-07,7.662867898069619e-08,3.9893666214442404e-05
7.377594999969006,570349.7330119,0.5406235000001023,0.2116900000000093,4.559145999999992,0.6014319477781966,0.2006503877833902,4.474008948222152,0.0026408800000012,0.0248686400000005,0.0040361200000011,4.518709664793456,1.0,0.0,0.0,2111.93,0.0,0.0,0.0,8.90445656866156e-05,8.068543955107214e-05,5.703861927951618,2.2577638938033553e-07,7.662867898069619e-08,3.9893666214442404e-05
7.487603500019759,570349.8430204,0.6106235000001022,0.2766900000000093,4.629145999999992,0.6036292547330381,0.2188282063643286,4.51109558109931,-0.0013591199999987,0.0260686400000005,0.0060361200000011,4.556559821058417,1.0,0.0,0.0,2177.42,0.0,0.0,0.0,8.90445656866156e-05,8.068543955107214e-05,5.966532192625375,2.2577638938033553e-07,7.662867898069619e-08,3.9893666214442404e-05
7.598494000034407,570349.9539109,0.5756235000001022,0.5916900000000094,4.684145999999992,0.5969342767614605,0.3079635115413758,4.552464533786374,-0.0065591199999987,0.0264686400000005,0.0040361200000011,4.601750252523099,1.0,0.0,0.0,2227.76,0.0,0.0,0.0,8.90445656866156e-05,8.068543955107214e-05,6.176251959079663,2.2577638938033553e-07,7.662867898069619e-08,3.9893666214442404e-05
7.708473199978471,570350.0638901,0.5356235000001023,0.5666900000000094,4.524145999999992,0.5822774926914754,0.3698139475468395,4.545694783722675,-0.0049591199999987,0.0244686400000005,0.0028361200000011,4.597733191591133,1.0,0.0,0.0,2247.8,0.0,0.0,0.0,8.90445656866156e-05,8.068543955107214e-05,6.261738317491577,2.2577638938033553e-07,7.662867898069619e-08,3.9893666214442404e-05
7.818457699962892,570350.1738746,0.6156235000001022,0.5616900000000093,4.424145999999992,0.5902490966171774,0.415683303923673,4.516637668952675,-0.0029591199999987,0.0252686400000005,0.0028361200000011,4.573970095859892,1.0,0.0,0.0,2071.85,0.0,0.0,0.0,8.90445656866156e-05,8.068543955107214e-05,5.548429106816282,2.2577638938033553e-07,7.662867898069619e-08,3.9893666214442404e-05
7.931077499990351,570350.2864944,0.5906235000001022,0.4566900000000093,4.409145999999993,0.5903386004504099,0.4254862508371292,4.490941009011567,-0.0017591199999987,0.0268686400000005,0.0052361200000011,4.5495152883856775,1.0,0.0,0.0,1853.86,0.0,0.0,0.0,8.90445656866156e-05,8.068543955107214e-05,4.765429520860093,2.2577638938033553e-07,7.662867898069619e-08,3.9893666214442404e-05
8.033977399929427,570350.3893943,0.5406235000001023,0.2366900000000093,4.4191459999999925,0.5784538465652329,0.3803531432839002,4.473777893488156,-0.0001591199999987,0.0272686400000005,0.0072361200000011,4.527026176915191,1.0,0.0,0.0,1838.22,0.0,0.0,0.0,8.90445656866156e-05,8.068543955107214e-05,4.712896113048677,2.2577638938033553e-07,7.662867898069619e-08,3.9893666214442404e-05
8.144286399940029,570350.4997033,0.7006235000001022,0.1766900000000093,4.449145999999993,0.6076593847248528,0.3316659976986275,4.467889461418601,-0.0029591199999987,0.0300686400000005,0.0080361200000011,4.5212043197945615,1.0,0.0,0.0,1934.02,0.0,0.0,0.0,8.90445656866156e-05,8.068543955107214e-05,5.041933423662051,2.2577638938033553e-07,7.662867898069619e-08,3.9893666214442404e-05
8.255967100034468,570350.611384,0.7456235000001022,0.3716900000000093,4.359145999999992,0.6406407030804588,0.3412340245665836,4.441893551446052,-0.0057591199999987,0.0284686400000005,0.0040361200000011,4.5008087598056585,1.0,0.0,0.0,2004.89,0.0,0.0,0.0,8.90445656866156e-05,8.068543955107214e-05,5.2971687290285585,2.2577638938033553e-07,7.662867898069619e-08,3.9893666214442404e-05
8.365984100033529,570350.721401,0.6556235000001023,0.2266900000000093,4.489145999999993,0.6442224489139916,0.3138514480725038,4.453189590606164,-0.0013591199999987,0.0276686400000005,0.0044361200000011,4.510479223433475,1.0,0.0,0.0,2039.1,0.0,0.0,0.0,8.90445656866156e-05,8.068543955107214e-05,5.424260384889284,2.2577638938033553e-07,7.662867898069619e-08,3.9893666214442404e-05
8.476817899965681,570350.8322348,0.6506235000001023,0.3216900000000093,4.409145999999993,0.6457526664148274,0.3157253105334215,4.442660652118007,-0.0001591199999987,0.0272686400000005,0.0048361200000011,4.500434717643494,1.0,0.0,0.0,2077.22,0.0,0.0,0.0,8.90445656866156e-05,8.068543955107214e-05,5.569029182280703,2.2577638938033553e-07,7.662867898069619e-08,3.9893666214442404e-05
8.586775899981149,570350.9421928,0.7456235000001022,0.3266900000000093,4.479145999999992,0.6696275106114082,0.3183464987550574,4.451382738085144,-0.0005591199999987,0.0284686400000005,0.0048361200000011,4.512710247418909,1.0,0.0,0.0,2102.15,0.0,0.0,0.0,8.90445656866156e-05,8.068543955107214e-05,5.665572960935097,2.2577638938033553e-07,7.662867898069619e-08,3.9893666214442404e-05
8.69763619999867,570351.0530531,0.7006235000001022,0.2266900000000093,4.4591459999999925,0.6770373257777358,0.2964353506367991,4.45323860192467,0.0006408800000012,0.0292686400000005,0.0052361200000011,4.514154129322061,1.0,0.0,0.0,2134.41,0.0,0.0,0.0,8.90445656866156e-05,8.068543955107214e-05,5.792778860100685,2.2577638938033553e-07,7.662867898069619e-08,3.9893666214442404e-05
8.807625100016594,570351.163042,0.7806235000001023,0.3216900000000093,4.449145999999993,0.7018003489917878,0.3024726569968295,4.452260235871213,0.0002408800000012,0.0280686400000005,0.0040361200000011,4.517370324203641,1.0,0.0,0.0,2159.82,0.0,0.0,0.0,8.90445656866156e-05,8.068543955107214e-05,5.894843079190389,2.2577638938033553e-07,7.662867898069619e-08,3.9893666214442404e-05
8.919297100044787,570351.274714,0.7306235000001022,0.3216900000000093,4.679145999999992,0.708690731447547,0.307066701660344,4.506498916720628,0.0022408800000012,0.0284686400000005,0.0056361200000011,4.572205703871209,1.0,0.0,0.0,2169.6,0.0,0.0,0.0,8.90445656866156e-05,8.068543955107214e-05,5.9345774112206024,2.2577638938033553e-07,7.662867898069619e-08,3.9893666214442404e-05
9.029384199995548,570351.3848011,0.6256235000001023,0.3066900000000093,4.639145999999992,0.6888329097246944,0.3069766484072948,4.538209160169448,0.0010408800000012,0.0276686400000005,0.0044361200000011,4.600442133277306,1.0,0.0,0.0,2204.79,0.0,0.0,0.0,8.90445656866156e-05,8.068543955107214e-05,6.079682491052079,2.2577638938033553e-07,7.662867898069619e-08,3.9893666214442404e-05
9.140936200041324,570351.4963531,0.7406235000001022,0.3716900000000093,4.609145999999992,0.7012138244450921,0.3224468425695914,4.555167124151054,-0.0001591199999987,0.0280686400000005,0.0036361200000011,4.620088778673262,1.0,0.0,0.0,2217.5,0.0,0.0,0.0,8.90445656866156e-05,8.068543955107214e-05,6.1329328092976985,2.2577638938033553e-07,7.662867898069619e-08,3.9893666214442404e-05
9.25097990001086,570351.6063968,0.7156235000001022,0.3616900000000093,4.639145999999992,0.7046585614764036,0.3318282028306243,4.575242881053447,0.0014408800000012,0.0292686400000005,0.0060361200000011,4.641066802480443,1.0,0.0,0.0,2219.94,0.0,0.0,0.0,8.90445656866156e-05,8.068543955107214e-05,6.143207662016645,2.2577638938033553e-07,7.662867898069619e-08,3.9893666214442404e-05
9.354245999944396,570351.7096629,0.5856235000001022,0.5066900000000093,4.559145999999992,0.6762023701675515,0.3736301785775128,4.571394805360017,0.0010408800000012,0.0284686400000005,0.0032361200000011,4.636216088820346,1.0,0.0,0.0,2135.39,0.0,0.0,0.0,8.90445656866156e-05,8.068543955107214e-05,5.796684277161699,2.2577638938033553e-07,7.662867898069619e-08,3.9893666214442404e-05
9.464841400040314,570351.8202583,0.6506235000001023,0.4666900000000093,4.6691459999999925,0.6700875564822228,0.3958768011164812,4.594762934555277,0.0050408800000012,0.0280686400000005,0.0028361200000011,4.660212677526376,1.0,0.0,0.0,1854.35,0.0,0.0,0.0,8.90445656866156e-05,8.068543955107214e-05,4.767082630256091,2.2577638938033553e-07,7.662867898069619e-08,3.9893666214442404e-05
9.575091099948622,570351.930508,0.5556235000001023,0.3716900000000093,4.639145999999992,0.6427240969363901,0.3900947715935535,4.605373026955822,0.0062408800000012,0.0280686400000005,0.0052361200000011,4.666339991151475,1.0,0.0,0.0,1799.61,0.0,0.0,0.0,8.90445656866156e-05,8.068543955107214e-05,4.585088677504374,2.2577638938033553e-07,7.662867898069619e-08,3.9893666214442404e-05
9.685084900003858,570352.0405018,0.6356235000001023,0.3616900000000093,4.599145999999992,0.6410266479468225,0.3833044057591051,4.603884411180412,0.0050408800000012,0.0296686400000005,0.0052361200000011,4.664074302834624,1.0,0.0,0.0,1872.92,0.0,0.0,0.0,8.90445656866156e-05,8.068543955107214e-05,4.8300606764024945,2.2577638938033553e-07,7.662867898069619e-08,3.9893666214442404e-05
9.795146199990995,570352.1505631,0.6006235000001022,0.2716900000000093,4.609145999999992,0.6313679835735476,0.3566221758033788,4.605142231995402,0.0042408800000012,0.0304686400000005,0.0056361200000011,4.661881581922053,1.0,0.0,0.0,1917.4,0.0,0.0,0.0,8.90445656866156e-05,8.068543955107214e-05,4.983576619128093,2.2577638938033553e-07,7.662867898069619e-08,3.9893666214442404e-05
9.907645700033754,570352.2630626,0.5956235000001022,0.3216900000000093,4.609145999999992,0.6228230065710818,0.3482713868411449,4.60609936165856,0.0022408800000012,0.0324686400000005,0.0084361200000011,4.6610463187870055,1.0,0.0,0.0,1974.1,0.0,0.0,0.0,8.90445656866156e-05,8.068543955107214e-05,5.184979341973449,2.2577638938033553e-07,7.662867898069619e-08,3.9893666214442404e-05
10.018484100000933,570352.373901,0.5206235000001023,0.3216900000000093,4.609145999999992,0.5983914762758411,0.3419169143031814,4.606827682561809,0.0026408800000012,0.0296686400000005,0.0052361200000011,4.65809412012939,1.0,0.0,0.0,2028.84,0.0,0.0,0.0,8.90445656866156e-05,8.068543955107214e-05,5.385868505198863,2.2577638938033553e-07,7.662867898069619e-08,3.9893666214442404e-05
10.129237800021656,570352.4846547,0.5506235000001023,0.3366900000000093,4.659145999999993,0.5869721964898618,0.340667382681814,4.619334754272564,0.0018408800000012,0.0304686400000005,0.0056361200000011,4.668923237439847,1.0,0.0,0.0,2056.21,0.0,0.0,0.0,8.90445656866156e-05,8.068543955107214e-05,5.488820040338757,2.2577638938033553e-07,7.662867898069619e-08,3.9893666214442404e-05
10.239325299975462,570352.5947422,0.6506235000001023,0.2716900000000093,4.699145999999993,0.6021885003862211,0.3241778410859698,4.638414209089073,0.0026408800000012,0.0344686400000005,0.0052361200000011,4.6885614678414935,1.0,0.0,0.0,2090.42,0.0,0.0,0.0,8.90445656866156e-05,8.068543955107214e-05,5.619959765482405,2.2577638938033553e-07,7.662867898069619e-08,3.9893666214442404e-05
10.350119299953803,570352.7055362,0.5456235000001023,0.2566900000000093,4.644145999999992,0.588666228440378,0.3080443851684807,4.639784435110554,-0.0025591199999987,0.0384686400000005,0.0032361200000011,4.687111997385406,1.0,0.0,0.0,2133.92,0.0,0.0,0.0,8.90445656866156e-05,8.068543955107214e-05,5.790827072806636,2.2577638938033553e-07,7.662867898069619e-08,3.9893666214442404e-05
10.461790599976666,570352.8172075,0.6906235000001022,0.3916900000000093,4.719145999999992,0.6130398507063666,0.328040473617315,4.658756390474423,-0.0021591199999987,0.0376686400000005,0.0036361200000011,4.710354500106274,1.0,0.0,0.0,2097.26,0.0,0.0,0.0,8.90445656866156e-05,8.068543955107214e-05,5.646516877503035,2.2577638938033553e-07,7.662867898069619e-08,3.9893666214442404e-05
10.571856800001116,570352.9272737,0.6006235000001022,0.3416900000000093,4.729145999999992,0.6100716323791504,0.3313034914979627,4.675583535098646,0.0014408800000012,0.0356686400000005,0.0032361200000011,4.726841524083291,1.0,0.0,0.0,2178.4,0.0,0.0,0.0,8.90445656866156e-05,8.068543955107214e-05,5.97054834602724,2.2577638938033553e-07,7.662867898069619e-08,3.9893666214442404e-05
10.6817863000324,570353.0372032,0.6606235000001023,0.4716900000000093,4.629145999999992,0.6221564215009502,0.3648639004528602,4.6644823068866375,-0.0017591199999987,0.0364686400000005,0.0028361200000011,4.71991519732368,1.0,0.0,0.0,2197.46,0.0,0.0,0.0,8.90445656866156e-05,8.068543955107214e-05,6.049177672303447,2.2577638938033553e-07,7.662867898069619e-08,3.9893666214442404e-05
10.791879400028847,570353.1472963,0.7006235000001022,0.5216900000000093,4.659145999999993,0.6409145434317993,0.4023543124002951,4.663206624177981,-0.0009591199999987,0.0360686400000005,0.0056361200000011,4.724209612672464,1.0,0.0,0.0,2183.77,0.0,0.0,0.0,8.90445656866156e-05,8.068543955107214e-05,5.992601321578062,2.2577638938033553e-07,7.662867898069619e-08,3.9893666214442404e-05
10.901965699973516,570353.2573826,0.5956235000001022,0.4616900000000093,4.629145999999992,0.6300873923345867,0.4165389371389139,4.655064185927544,-0.0009591199999987,0.0376686400000005,0.0052361200000011,4.7159450148657465,1.0,0.0,0.0,2208.21,0.0,0.0,0.0,8.90445656866156e-05,8.068543955107214e-05,6.093966468911181,2.2577638938033553e-07,7.662867898069619e-08,3.9893666214442404e-05
11.0118718999438,570353.3672888,0.6706235000001023,0.4316900000000093,4.654145999999993,0.6397778416890887,0.4201609081612384,4.654844686948945,-0.0009591199999987,0.0396686400000005,0.0052361200000011,4.717354124409153,1.0,0.0,0.0,2169.6,0.0,0.0,0.0,8.90445656866156e-05,8.068543955107214e-05,5.9345774112206024,2.2577638938033553e-07,7.662867898069619e-08,3.9893666214442404e-05
11.116068799979985,570353.4714857,0.8406235000001022,0.6916900000000094,4.6241459999999925,0.6877914471391805,0.4850718989857465,4.647505944078435,-0.0077591199999987,0.0452686400000005,0.0088361200000011,4.723098910904558,1.0,0.0,0.0,2128.54,0.0,0.0,0.0,8.90445656866156e-05,8.068543955107214e-05,5.769437523723293,2.2577638938033553e-07,7.662867898069619e-08,3.9893666214442404e-05
11.226848599966615,570353.5822655,0.7656235000001023,0.3866900000000093,4.444145999999992,0.7063977616040328,0.461552995360669,4.598891280453417,-0.0025591199999987,0.0404686400000005,0.0068361200000011,4.6756635865464125,1.0,0.0,0.0,1980.45,0.0,0.0,0.0,8.90445656866156e-05,8.068543955107214e-05,5.207950315929367,2.2577638938033553e-07,7.662867898069619e-08,3.9893666214442404e-05
11.339283999986948,570353.6947009,0.5156235000001022,0.1266900000000093,4.654145999999993,0.6607917962886181,0.3815015773997909,4.612100320299609,0.0078408800000012,0.0344686400000005,0.0052361200000011,4.674789686831764,1.0,0.0,0.0,2115.84,0.0,0.0,0.0,8.90445656866156e-05,8.068543955107214e-05,5.7192361398885545,2.2577638938033553e-07,7.662867898069619e-08,3.9893666214442404e-05
11.449268499971367,570353.8046854,0.5206235000001023,0.2016900000000093,4.634145999999992,0.6272835525396451,0.3385163209335407,4.617370499281392,0.0086408800000012,0.0320686400000005,0.0052361200000011,4.672064670192316,1.0,0.0,0.0,2239.0,0.0,0.0,0.0,8.90445656866156e-05,8.068543955107214e-05,6.224055631515322,2.2577638938033553e-07,7.662867898069619e-08,3.9893666214442404e-05
11.561157700023614,570353.9165746,0.4856235000001023,0.1316900000000093,4.589145999999992,0.5934186936829977,0.2890729948815576,4.61062322884538,0.0082408800000012,0.0288686400000005,0.0052361200000011,4.657634109797679,1.0,0.0,0.0,2252.69,0.0,0.0,0.0,8.90445656866156e-05,8.068543955107214e-05,6.282776224491643,2.2577638938033553e-07,7.662867898069619e-08,3.9893666214442404e-05
11.671876500011422,570354.0272934,0.4756235000001023,0.2966900000000093,4.599145999999992,0.5652589017264814,0.290893894977403,4.607879514382857,0.0026408800000012,0.0300686400000005,0.0052361200000011,4.651525610290171,1.0,0.0,0.0,2275.17,0.0,0.0,0.0,8.90445656866156e-05,8.068543955107214e-05,6.380407941772264,2.2577638938033553e-07,7.662867898069619e-08,3.9893666214442404e-05
11.782637699972838,570354.1380546,0.4756235000001023,0.2716900000000093,4.569145999999992,0.5438309114525445,0.286303065161596,4.598619987973804,0.0054408800000012,0.0280686400000005,0.0048361200000011,4.639507225898503,1.0,0.0,0.0,2305.47,0.0,0.0,0.0,8.90445656866156e-05,8.068543955107214e-05,6.514446433160377,2.2577638938033553e-07,7.662867898069619e-08,3.9893666214442404e-05
11.893457300029697,570354.2488742,0.4756235000001023,0.2716900000000093,4.529145999999993,0.5275254370410518,0.282809706375625,4.582011729295623,0.0054408800000012,0.0276686400000005,0.0040361200000011,4.620941019332348,1.0,0.0,0.0,2335.29,0.0,0.0,0.0,8.90445656866156e-05,8.068543955107214e-05,6.649199993087016,2.2577638938033553e-07,7.662867898069619e-08,3.9893666214442404e-05
11.998431399930269,570354.3538483,0.5606235000001023,0.3466900000000093,4.539145999999993,0.5354377680789342,0.2980807520129058,4.571764367062162,0.0050408800000012,0.0276686400000005,0.0048361200000011,4.612653809483779,1.0,0.0,0.0,2342.62,0.0,0.0,0.0,8.90445656866156e-05,8.068543955107214e-05,6.682767345501642,2.2577638938033553e-07,7.662867898069619e-08,3.9893666214442404e-05
12.111008199979551,570354.4664251,0.7006235000001022,0.4016900000000093,4.529145999999993,0.574926610532108,0.3228492911770941,4.5615761385574585,0.0066408800000012,0.0272686400000005,0.0044361200000011,4.608985695374662,1.0,0.0,0.0,2356.79,0.0,0.0,0.0,8.90445656866156e-05,8.068543955107214e-05,6.748165839852448,2.2577638938033553e-07,7.662867898069619e-08,3.9893666214442404e-05
12.221876499941573,570354.5772934,0.5156235000001022,0.3216900000000093,4.569145999999992,0.560749773576849,0.3225721542469438,4.563385768617028,0.0102408800000012,0.0280686400000005,0.0060361200000011,4.609011041045402,1.0,0.0,0.0,2335.29,0.0,0.0,0.0,8.90445656866156e-05,8.068543955107214e-05,6.649199993087016,2.2577638938033553e-07,7.662867898069619e-08,3.9893666214442404e-05
12.331862699938938,570354.6872796,0.4506235000001022,0.3316900000000093,4.509145999999992,0.5344232923690008,0.3247518411379821,4.550419360122153,0.0038408800000012,0.0304686400000005,0.0048361200000011,4.593189345838416,1.0,0.0,0.0,2300.1,0.0,0.0,0.0,8.90445656866156e-05,8.068543955107214e-05,6.490482333814098,2.2577638938033553e-07,7.662867898069619e-08,3.9893666214442404e-05
12.44260219996795,570354.7980191,0.5506235000001023,0.6016900000000094,4.594145999999992,0.5382960690272086,0.3909559085073941,4.560872529249174,0.0006408800000012,0.0288686400000005,0.0032361200000011,4.609139551845523,1.0,0.0,0.0,2253.18,0.0,0.0,0.0,8.90445656866156e-05,8.068543955107214e-05,6.284888212444291,2.2577638938033553e-07,7.662867898069619e-08,3.9893666214442404e-05
12.545660399948249,570354.9010773,0.4756235000001023,0.7066900000000094,4.634145999999992,0.5233137386790393,0.4664344238188617,4.578389081731183,-0.0009591199999987,0.0300686400000005,0.0036361200000011,4.631745343229566,1.0,0.0,0.0,2293.74,0.0,0.0,0.0,8.90445656866156e-05,8.068543955107214e-05,6.462217530931714,2.2577638938033553e-07,7.662867898069619e-08,3.9893666214442404e-05
12.659327600034883,570355.0147445,0.5606235000001023,0.6816900000000093,4.614145999999993,0.53223290663403,0.5178928242274459,4.586937031337399,-0.0017591199999987,0.0288686400000005,0.0040361200000011,4.646662907264173,1.0,0.0,0.0,2309.38,0.0,0.0,0.0,8.90445656866156e-05,8.068543955107214e-05,6.531952568880721,2.2577638938033553e-07,7.662867898069619e-08,3.9893666214442404e-05
12.771154499961996,570355.1265714,0.6456235000001023,0.7066900000000094,4.684145999999992,0.5593397470676917,0.5630261528931739,4.6101755374959374,-0.0005591199999987,0.0300686400000005,0.0036361200000011,4.677988658389136,1.0,0.0,0.0,2346.53,0.0,0.0,0.0,8.90445656866156e-05,8.068543955107214e-05,6.700745900116334,2.2577638938033553e-07,7.662867898069619e-08,3.9893666214442404e-05
12.883372699958272,570355.2387896,0.5806235000001022,0.7416900000000093,4.774145999999992,0.5644277819517296,0.6057370361421385,4.6493738610163176,-0.0005591199999987,0.0288686400000005,0.0044361200000011,4.722517694778389,1.0,0.0,0.0,2376.34,0.0,0.0,0.0,8.90445656866156e-05,8.068543955107214e-05,6.839513092724239,2.2577638938033553e-07,7.662867898069619e-08,3.9893666214442404e-05
12.993696099962108,570355.349113,0.5906235000001022,0.6466900000000093,4.634145999999992,0.5706900575788619,0.61552713798063,4.645733530840225,-0.0021591199999987,0.0296686400000005,0.0032361200000011,4.720953382420036,1.0,0.0,0.0,2376.34,0.0,0.0,0.0,8.90445656866156e-05,8.068543955107214e-05,6.839513092724239,2.2577638938033553e-07,7.662867898069619e-08,3.9893666214442404e-05
13.095699699944817,570355.4511166,0.7256235000001022,0.6516900000000093,4.7091459999999925,0.6077280161685301,0.6241721313727993,4.660892739659857,-0.0013591199999987,0.0316686400000005,0.0044361200000011,4.741607883601571,1.0,0.0,0.0,2360.22,0.0,0.0,0.0,8.90445656866156e-05,8.068543955107214e-05,6.764097951192033,2.2577638938033553e-07,7.662867898069619e-08,3.9893666214442404e-05
13.207688399939798,570355.5631053,0.7156235000001022,0.6716900000000093,4.679145999999992,0.6335212109734376,0.6355316211187175,4.665256313398613,-0.0009591199999987,0.0352686400000005,0.0064361200000011,4.750775308925971,1.0,0.0,0.0,2308.9,0.0,0.0,0.0,8.90445656866156e-05,8.068543955107214e-05,6.529800863006166,2.2577638938033553e-07,7.662867898069619e-08,3.9893666214442404e-05
13.318450600025244,570355.6738675,0.7306235000001022,0.6316900000000093,4.609145999999992,0.6567342145943946,0.634613253839915,4.651842737661613,-0.0017591199999987,0.0328686400000005,0.0064361200000011,4.740640744298527,1.0,0.0,0.0,2288.37,0.0,0.0,0.0,8.90445656866156e-05,8.068543955107214e-05,6.438450722251086,2.2577638938033553e-07,7.662867898069619e-08,3.9893666214442404e-05
13.429301899974234,570355.7847188,0.6456235000001023,0.4866900000000093,4.529145999999993,0.6540781180111523,0.599251131469488,4.622511196210137,0.0034408800000012,0.0296686400000005,0.0032361200000011,4.7068598727938085,1.0,0.0,0.0,2312.81,0.0,0.0,0.0,8.90445656866156e-05,8.068543955107214e-05,6.547349669504848,2.2577638938033553e-07,7.662867898069619e-08,3.9893666214442404e-05
13.539750800002366,570355.8951677,0.7106235000001022,0.4716900000000093,4.329145999999993,0.6675957000374365,0.5687567215397564,4.552380126900135,-0.0001591199999987,0.0308686400000005,0.0004361200000011,4.636090275954559,1.0,0.0,0.0,2270.77,0.0,0.0,0.0,8.90445656866156e-05,8.068543955107214e-05,6.3611787377644164,2.2577638938033553e-07,7.662867898069619e-08,3.9893666214442404e-05
13.65014909999445,570356.005566,0.6906235000001022,0.3116900000000093,4.144145999999992,0.6731006619623736,0.5073030648057626,4.454788809940253,-0.0037591199999987,0.0320686400000005,0.0008361200000011,4.533824460856905,1.0,0.0,0.0,2051.32,0.0,0.0,0.0,8.90445656866156e-05,8.068543955107214e-05,5.470300062379838,2.2577638938033553e-07,7.662867898069619e-08,3.9893666214442404e-05
13.760989899979904,570356.1164068,0.7506235000001023,0.5466900000000093,4.4191459999999925,0.6916330563900941,0.5167187961798333,4.446268138754251,-0.0009591199999987,0.0336686400000005,0.0076361200000011,4.529310649615262,1.0,0.0,0.0,2059.63,0.0,0.0,0.0,8.90445656866156e-05,8.068543955107214e-05,5.501805732888021,2.2577638938033553e-07,7.662867898069619e-08,3.9893666214442404e-05
13.871831399970688,570356.2272483,0.8906235000001023,0.6016900000000094,4.559145999999992,0.7392031593645618,0.5370317762519425,4.47325240687077,0.0030408800000012,0.0352686400000005,0.0140361200000011,4.565611846740151,1.0,0.0,0.0,2176.93,0.0,0.0,0.0,8.90445656866156e-05,8.068543955107214e-05,5.964525086862906,2.2577638938033553e-07,7.662867898069619e-08,3.9893666214442404e-05
13.981866399990396,570356.3372833,0.7406235000001022,0.3466900000000093,4.469145999999992,0.7395427020534755,0.4915291996840285,4.472270740645226,0.0038408800000012,0.0320686400000005,0.0060361200000011,4.559575631561996,1.0,0.0,0.0,2241.94,0.0,0.0,0.0,8.90445656866156e-05,8.068543955107214e-05,6.236619884335194,2.2577638938033553e-07,7.662867898069619e-08,3.9893666214442404e-05
14.092668500030411,570356.4480854,0.6256235000001023,0.4266900000000093,4.579145999999993,0.712309493894651,0.4760289206264279,4.497820043419249,0.0038408800000012,0.0300686400000005,0.0020361200000011,4.578686874132052,1.0,0.0,0.0,2251.22,0.0,0.0,0.0,8.90445656866156e-05,8.068543955107214e-05,6.276444523773381,2.2577638938033553e-07,7.662867898069619e-08,3.9893666214442404e-05
14.20271630003117,570356.5581332,0.6856235000001023,0.3916900000000093,4.639145999999992,0.7059300142849284,0.455867092419154,4.531605034223565,0.0074408800000012,0.0292686400000005,0.0004361200000011,4.608860615946133,1.0,0.0,0.0,2304.99,0.0,0.0,0.0,8.90445656866156e-05,8.068543955107214e-05,6.512300683663871,2.2577638938033553e-07,7.662867898069619e-08,3.9893666214442404e-05
14.312724399962462,570356.6681413,0.5256235000001023,0.3966900000000093,4.6691459999999925,0.6628264395810769,0.4417203810040802,4.564485195634811,0.0086408800000012,0.0284686400000005,0.0012361200000011,4.633463163247495,1.0,0.0,0.0,2326.0,0.0,0.0,0.0,8.90445656866156e-05,8.068543955107214e-05,6.606910808398621,2.2577638938033553e-07,7.662867898069619e-08,3.9893666214442404e-05
14.422636299976148,570356.7780532,0.6356235000001023,0.3616900000000093,4.6691459999999925,0.6563233803707998,0.4225885403167414,4.589505116947212,0.0062408800000012,0.0312686400000005,0.0012361200000011,4.655416057938649,1.0,0.0,0.0,2314.27,0.0,0.0,0.0,8.90445656866156e-05,8.068543955107214e-05,6.5539149393869645,2.2577638938033553e-07,7.662867898069619e-08,3.9893666214442404e-05
14.532617999939248,570356.8880349,0.7706235000001023,0.6316900000000093,4.609145999999992,0.6836476496277504,0.4725757547215656,4.594200411919072,0.0026408800000012,0.0324686400000005,0.0064361200000011,4.668766365719062,1.0,0.0,0.0,2329.91,0.0,0.0,0.0,8.90445656866156e-05,8.068543955107214e-05,6.624675193956119,2.2577638938033553e-07,7.662867898069619e-08,3.9893666214442404e-05
14.643484400003215,570356.9989013,0.7306235000001022,0.4916900000000093,4.579145999999993,0.6948775659945159,0.4771451531292441,4.590601546002605,0.0054408800000012,0.0320686400000005,0.0076361200000011,4.667348806660876,1.0,0.0,0.0,2335.29,0.0,0.0,0.0,8.90445656866156e-05,8.068543955107214e-05,6.649199993087016,2.2577638938033553e-07,7.662867898069619e-08,3.9893666214442404e-05
14.752636099932715,570357.108053,0.6456235000001023,0.4666900000000093,4.509145999999992,0.6831030257263537,0.4746457732497446,4.571129009327528,0.0046408800000012,0.0316686400000005,0.0068361200000011,4.646196161779657,1.0,0.0,0.0,2308.41,0.0,0.0,0.0,8.90445656866156e-05,8.068543955107214e-05,6.527605085818558,2.2577638938033553e-07,7.662867898069619e-08,3.9893666214442404e-05
14.855821799952537,570357.2112387,0.5756235000001022,0.1816900000000093,4.364145999999993,0.6574092687112425,0.4046125794559406,4.521648225783102,0.0054408800000012,0.0320686400000005,0.0040361200000011,4.587068885875698,1.0,0.0,0.0,2240.96,0.0,0.0,0.0,8.90445656866156e-05,8.068543955107214e-05,6.232428999674109,2.2577638938033553e-07,7.662867898069619e-08,3.9893666214442404e-05
14.966858500032686,570357.3222754,0.5906235000001022,0.3566900000000093,4.254145999999992,0.6414436482664517,0.393156340662943,4.457699886377712,0.0002408800000012,0.0340686400000005,0.0004361200000011,4.520742211088431,1.0,0.0,0.0,2106.06,0.0,0.0,0.0,8.90445656866156e-05,8.068543955107214e-05,5.680852334702176,2.2577638938033553e-07,7.662867898069619e-08,3.9893666214442404e-05
15.077671800041571,570357.4330887,0.5956235000001022,0.0666900000000093,4.194145999999992,0.6304900108364682,0.3151122036617209,4.394695426028448,0.0106408800000012,0.0276686400000005,0.0024361200000011,4.450860730489831,1.0,0.0,0.0,2139.3,0.0,0.0,0.0,8.90445656866156e-05,8.068543955107214e-05,5.81229060114238,2.2577638938033553e-07,7.662867898069619e-08,3.9893666214442404e-05
15.18853239994496,570357.5439493,0.6906235000001022,0.2216900000000093,4.174145999999992,0.6448653558019499,0.2927789510307599,4.341971492573154,0.0070408800000012,0.0308686400000005,0.0108361200000011,4.399350779785375,1.0,0.0,0.0,2191.59,0.0,0.0,0.0,8.90445656866156e-05,8.068543955107214e-05,6.024855953008346,2.2577638938033553e-07,7.662867898069619e-08,3.9893666214442404e-05
15.300402499968186,570357.6558194,0.5606235000001023,0.2216900000000093,4.064145999999992,0.6247267316421483,0.2757846237679525,4.275555301670342,0.0046408800000012,0.0280686400000005,0.0064361200000011,4.329747542937865,1.0,0.0,0.0,2179.37,0.0,0.0,0.0,8.90445656866156e-05,8.068543955107214e-05,5.9745260704991,2.2577638938033553e-07,7.662867898069619e-08,3.9893666214442404e-05
15.411054200027138,570357.7664711,0.5106235000001023,0.1866900000000093,4.229145999999992,0.5974495298807936,0.2544859103713491,4.264460822863317,0.0038408800000012,0.0252686400000005,-0.0035638799999988,4.313622042908766,1.0,0.0,0.0,2151.52,0.0,0.0,0.0,8.90445656866156e-05,8.068543955107214e-05,5.861319756170515,2.2577638938033553e-07,7.662867898069619e-08,3.9893666214442404e-05
15.521989300032146,570357.8774062,0.5106235000001023,0.4266900000000093,4.324145999999993,0.5766931402403769,0.2956525419323828,4.278728995600322,0.0006408800000012,0.0256686400000005,-0.0087638799999988,4.327528997169439,1.0,0.0,0.0,2282.01,0.0,0.0,0.0,8.90445656866156e-05,8.068543955107214e-05,6.410417831049299,2.2577638938033553e-07,7.662867898069619e-08,3.9893666214442404e-05
15.631856699939815,570357.9872736,0.6706235000001023,0.8316900000000094,4.614145999999993,0.59914787125729,0.4237961684093603,4.358912853423922,-0.0009591199999987,0.0252686400000005,-0.0063638799999988,4.420260470575786,1.0,0.0,0.0,2310.85,0.0,0.0,0.0,8.90445656866156e-05,8.068543955107214e-05,6.538546731642684,2.2577638938033553e-07,7.662867898069619e-08,3.9893666214442404e-05
15.741827499936337,570358.0972444,0.5706235000001022,0.6516900000000093,4.694145999999992,0.5923289142593061,0.4782758350674226,4.439052758706672,0.0018408800000012,0.0252686400000005,-0.0095638799999988,4.503863975705568,1.0,0.0,0.0,2342.62,0.0,0.0,0.0,8.90445656866156e-05,8.068543955107214e-05,6.682767345501642,2.2577638938033553e-07,7.662867898069619e-08,3.9893666214442404e-05
15.851862799958326,570358.2072797,0.5956235000001022,0.7916900000000093,4.674145999999992,0.5931165087794481,0.5531997551764691,4.495253496259891,-0.0033591199999987,0.0292686400000005,-0.0059638799999988,4.56783550029451,1.0,0.0,0.0,2348.97,0.0,0.0,0.0,8.90445656866156e-05,8.068543955107214e-05,6.711991113246268,2.2577638938033553e-07,7.662867898069619e-08,3.9893666214442404e-05
15.96184300002642,570358.3172599,0.5306235000001023,0.5816900000000094,4.549145999999992,0.5781771036055794,0.5600105540039735,4.508136888577428,-0.0041591199999987,0.0332686400000005,-0.0043638799999988,4.579432147098824,1.0,0.0,0.0,2108.5,0.0,0.0,0.0,8.90445656866156e-05,8.068543955107214e-05,5.690406423304888,2.2577638938033553e-07,7.662867898069619e-08,3.9893666214442404e-05
16.072651399997994,570358.4280683,0.6406235000001023,0.5316900000000093,4.739145999999993,0.5931053657521466,0.5532403209926693,4.563361285382879,0.0002408800000012,0.0336686400000005,-0.0031638799999988,4.634880262594422,1.0,0.0,0.0,2174.49,0.0,0.0,0.0,8.90445656866156e-05,8.068543955107214e-05,5.954540140821863,2.2577638938033553e-07,7.662867898069619e-08,3.9893666214442404e-05
16.175729000009596,570358.5311459,0.2856235000001021,-0.0283099999999907,4.994145999999993,0.5195996046148285,0.4142165158662594,4.6663434832331685,0.0162408800000012,0.0220686400000005,-0.0039638799999988,4.713419202091506,1.0,0.0,0.0,2305.96,0.0,0.0,0.0,8.90445656866156e-05,8.068543955107214e-05,6.516637638335464,2.2577638938033553e-07,7.662867898069619e-08,3.9893666214442404e-05
16.285830599954352,570358.6412475,0.3906235000001021,-0.2333099999999907,5.049145999999992,0.4887669351335103,0.2594206247689714,4.75785519008263,0.0190408800000012,0.0248686400000005,0.0036361200000011,4.789924653606938,1.0,0.0,0.0,2353.37,0.0,0.0,0.0,8.90445656866156e-05,8.068543955107214e-05,6.73231983274203,2.2577638938033553e-07,7.662867898069619e-08,3.9893666214442404e-05
16.397665999946184,570358.7530829,0.8156235000001023,0.5416900000000093,5.404145999999993,0.5669043580494446,0.3268991579220268,4.912355676746578,0.0054408800000012,0.0344686400000005,0.0028361200000011,4.955752405587865,1.0,0.0,0.0,2246.33,0.0,0.0,0.0,8.90445656866156e-05,8.068543955107214e-05,6.2554278125336555,2.2577638938033553e-07,7.662867898069619e-08,3.9893666214442404e-05
16.50620569998864,570358.8616226,0.6506235000001023,-0.0383099999999906,4.949145999999993,0.586918023687238,0.2395932705919919,4.921150669279278,0.0022408800000012,0.0292686400000005,0.0072361200000011,4.961814346747547,1.0,0.0,0.0,2393.94,0.0,0.0,0.0,8.90445656866156e-05,8.068543955107214e-05,6.922883758118895,2.2577638938033553e-07,7.662867898069619e-08,3.9893666214442404e-05
16.616953099961393,570358.97237,0.4606235000001022,0.2666900000000093,5.324145999999993,0.556726405497357,0.2460709394932026,5.017489614169444,-0.0053591199999987,0.0296686400000005,0.0024361200000011,5.054275143493803,1.0,0.0,0.0,2319.16,0.0,0.0,0.0,8.90445656866156e-05,8.068543955107214e-05,6.575953896956915,2.2577638938033553e-07,7.662867898069619e-08,3.9893666214442404e-05
16.728466899949126,570359.0838838,1.0556235000001022,0.4816900000000093,5.574145999999993,0.6759913597766223,0.3023973779277186,5.150562344271254,-0.0109591199999987,0.0528686400000005,0.0088361200000011,5.203527741340023,1.0,0.0,0.0,2427.66,0.0,0.0,0.0,8.90445656866156e-05,8.068543955107214e-05,7.085713932183541,2.2577638938033553e-07,7.662867898069619e-08,3.9893666214442404e-05
16.83940860000439,570359.1948255,0.9806235000001022,0.1916900000000093,5.6241459999999925,0.7488158734410292,0.2759319795271012,5.263775938157166,-0.0093591199999987,0.0520686400000005,0.0064361200000011,5.323927196794238,1.0,0.0,0.0,2477.03,0.0,0.0,0.0,8.90445656866156e-05,8.068543955107214e-05,7.331805283361447,2.2577638938033553e-07,7.662867898069619e-08,3.9893666214442404e-05
16.950135299935937,570359.3055522,0.8406235000001022,1.9716900000000093,7.759145999999992,0.770763149752528,0.6813151838169114,5.860312177022544,-0.0289591199999987,0.0544686400000005,0.0032361200000011,5.9499180687531,1.0,0.0,0.0,2655.91,0.0,0.0,0.0,8.90445656866156e-05,8.068543955107214e-05,8.310063780419572,2.2577638938033553e-07,7.662867898069619e-08,3.9893666214442404e-05
17.06099369993899,570359.4164106,0.8656235000001022,0.7416900000000093,5.904145999999993,0.7934402017134505,0.6957482197496484,5.870790969043775,-0.0157591199999987,0.0436686400000005,0.0176361200000011,5.964880513571569,1.0,0.0,0.0,2639.78,0.0,0.0,0.0,8.90445656866156e-05,8.068543955107214e-05,8.215694983979589,2.2577638938033553e-07,7.662867898069619e-08,3.9893666214442404e-05
17.17096879996825,570359.5263857,0.6056235000001022,1.406690000000009,8.034145999999993,0.7485412624541408,0.8657039878851396,6.387956616428382,-0.0145591199999987,0.0384686400000005,0.0028361200000011,6.489664640765947,1.0,0.0,0.0,2669.6,0.0,0.0,0.0,8.90445656866156e-05,8.068543955107214e-05,8.391208068142424,2.2577638938033553e-07,7.662867898069619e-08,3.9893666214442404e-05
17.28101199993398,570359.6364289,-0.1243764999998977,0.5566900000000093,8.449145999999992,0.539863965721424,0.7918319618844535,6.8806988278008365,-0.0033591199999987,0.0388686400000005,-0.0123638799999988,6.947119353821845,1.0,0.0,0.0,2820.14,0.0,0.0,0.0,8.90445656866156e-05,8.068543955107214e-05,9.353422070638016,2.2577638938033553e-07,7.662867898069619e-08,3.9893666214442404e-05
17.39113380003255,570359.7465507,0.1256235000001022,0.6866900000000093,9.419145999999992,0.4408367900788864,0.7666970163913773,7.487532961069169,-0.0037591199999987,0.0520686400000005,0.0044361200000011,7.539582961512376,1.0,0.0,0.0,2920.82,0.0,0.0,0.0,8.90445656866156e-05,8.068543955107214e-05,10.079484408705305,2.2577638938033553e-07,7.662867898069619e-08,3.9893666214442404e-05
17.50184589996934,570359.8572628,-0.3443764999998977,0.3916900000000093,9.914145999999992,0.2531258810104382,0.677048880218329,8.067632336933466,0.0054408800000012,0.0400686400000005,0.0108361200000011,8.09994811228916,1.0,0.0,0.0,2992.67,0.0,0.0,0.0,8.90445656866156e-05,8.068543955107214e-05,10.646031904861857,2.2577638938033553e-07,7.662867898069619e-08,3.9893666214442404e-05
17.612011099932715,570359.967428,0.3806235000001021,-0.0233099999999907,7.754145999999993,0.2836051078230807,0.5096230307822469,7.992691163586265,-0.0033591199999987,0.0656686400000005,0.0208361200000011,8.013941572482107,1.0,0.0,0.0,2900.29,0.0,0.0,0.0,8.90445656866156e-05,8.068543955107214e-05,9.92534858367631,2.2577638938033553e-07,7.662867898069619e-08,3.9893666214442404e-05
17.721937299938872,570360.0773542,0.3556235000001022,-0.0033099999999907,8.959145999999992,0.3008216247058252,0.3870026845452294,8.223729173524452,0.0046408800000012,0.0720686400000005,0.0184361200000011,8.238324237805468,1.0,0.0,0.0,2836.75,0.0,0.0,0.0,8.90445656866156e-05,8.068543955107214e-05,9.468227202886082,2.2577638938033553e-07,7.662867898069619e-08,3.9893666214442404e-05
17.831842500017956,570360.1872594,-0.3593764999998978,0.4566900000000093,8.629145999999993,0.1429964939806921,0.4036619406987313,8.32064699446675,-0.0109591199999987,0.0576686400000005,-0.0019638799999988,8.331659940623357,1.0,0.0,0.0,2859.73,0.0,0.0,0.0,8.90445656866156e-05,8.068543955107214e-05,9.630193224383214,2.2577638938033553e-07,7.662867898069619e-08,3.9893666214442404e-05
17.943498100037687,570360.298915,-0.3543764999998977,0.5916900000000094,10.454145999999993,0.0240958869407567,0.4486114065162007,8.830675343305693,0.0006408800000012,0.0636686400000005,0.0036361200000011,8.842095895470203,1.0,0.0,0.0,2927.66,0.0,0.0,0.0,8.90445656866156e-05,8.068543955107214e-05,10.131573489464277,2.2577638938033553e-07,7.662867898069619e-08,3.9893666214442404e-05
18.05356110003777,570360.408978,0.3406235000001023,0.7016900000000094,10.629145999999992,0.0997640993148421,0.509111672429738,9.260612745240325,-0.0045591199999987,0.0772686400000006,0.0224361200000011,9.275133205934232,1.0,0.0,0.0,3042.52,0.0,0.0,0.0,8.90445656866156e-05,8.068543955107214e-05,11.066101672842786,2.2577638938033553e-07,7.662867898069619e-08,3.9893666214442404e-05
18.15576180000789,570360.5111787,0.3306235000001023,1.0716900000000094,9.539145999999992,0.1549527066870878,0.6436000854822314,9.327198131806416,-0.0221591199999987,0.0752686400000006,0.0164361200000011,9.350660746776963,1.0,0.0,0.0,3013.69,0.0,0.0,0.0,8.90445656866156e-05,8.068543955107214e-05,10.820309150352942,2.2577638938033553e-07,7.662867898069619e-08,3.9893666214442404e-05
18.26768519997131,570360.6231021,0.2706235000001022,1.0616900000000091,9.379145999999992,0.1826046453893428,0.7435474996664813,9.339616644949269,-0.0225591199999987,0.0724686400000006,0.0136361200000011,9.3709469326953,1.0,0.0,0.0,2955.03,0.0,0.0,0.0,8.90445656866156e-05,8.068543955107214e-05,10.343804413583719,2.2577638938033553e-07,7.662867898069619e-08,3.9893666214442404e-05
18.37848459999077,570360.7339015,0.1806235000001022,1.521690000000009,9.709145999999992,0.1821310382730218,0.9295680853696936,9.42795530661034,-0.0309591199999987,0.0692686400000005,0.0116361200000011,9.4754213523137,1.0,0.0,0.0,2977.52,0.0,0.0,0.0,8.90445656866156e-05,8.068543955107214e-05,10.522899909397776,2.2577638938033553e-07,7.662867898069619e-08,3.9893666214442404e-05
18.489366799942218,570360.8447837,0.3106235000001023,1.9966900000000087,10.849145999999992,0.2128480894284003,1.184671287535339,9.76770120799342,-0.0345591199999987,0.0680686400000006,0.0188361200000011,9.841582050530295,1.0,0.0,0.0,3011.73,0.0,0.0,0.0,8.90445656866156e-05,8.068543955107214e-05,10.803886316987573,2.2577638938033553e-07,7.662867898069619e-08,3.9893666214442404e-05
18.60183349996805,570360.9572504,0.2656235000001021,1.9966900000000087,10.649145999999991,0.2254644325545855,1.3787902264570686,9.978416952736612,-0.0409591199999987,0.0616686400000005,0.0192361200000011,10.075748189667213,1.0,0.0,0.0,3068.43,0.0,0.0,0.0,8.90445656866156e-05,8.068543955107214e-05,11.293997367975296,2.2577638938033553e-07,7.662867898069619e-08,3.9893666214442404e-05
18.71354679996148,570361.0689637,0.0806235000001023,2.1066900000000093,10.369145999999992,0.1908391613529278,1.5527999253870926,10.071823553959446,-0.0425591199999987,0.0524686400000005,0.0080361200000011,10.192606972501212,1.0,0.0,0.0,3058.16,0.0,0.0,0.0,8.90445656866156e-05,8.068543955107214e-05,11.202850911310065,2.2577638938033553e-07,7.662867898069619e-08,3.9893666214442404e-05
18.81597049999982,570361.1713874,0.1356235000001022,1.7416900000000095,9.759145999999992,0.1776394586500933,1.5979554621916725,9.997075726024518,-0.0357591199999987,0.0508686400000005,0.0104361200000011,10.125539023098291,1.0,0.0,0.0,3073.8,0.0,0.0,0.0,8.90445656866156e-05,8.068543955107214e-05,11.342090949413638,2.2577638938033553e-07,7.662867898069619e-08,3.9893666214442404e-05
18.928493999992497,570361.2839109,-0.0093764999998977,1.3166900000000092,9.279145999999992,0.1329319428043351,1.5307169217025562,9.825449438973513,-0.0261591199999987,0.0448686400000005,0.0060361200000011,9.944859067559944,1.0,0.0,0.0,3021.02,0.0,0.0,0.0,8.90445656866156e-05,8.068543955107214e-05,10.882047049539612,2.2577638938033553e-07,7.662867898069619e-08,3.9893666214442404e-05
19.03851470001973,570361.3939316,0.3506235000001023,1.0616900000000091,9.509145999999992,0.1849726820710426,1.4185926480016775,9.749834817033989,-0.0177591199999987,0.0528686400000005,0.0168361200000011,9.854232540057351,1.0,0.0,0.0,3012.71,0.0,0.0,0.0,8.90445656866156e-05,8.068543955107214e-05,10.81209324574604,2.2577638938033553e-07,7.662867898069619e-08,3.9893666214442404e-05
19.148521299939603,570361.5039382,0.1556235000001022,0.9716900000000092,9.049145999999991,0.177956548089919,1.311757341746134,9.582330093818785,-0.0165591199999987,0.0460686400000005,0.0100361200000011,9.673335819847155,1.0,0.0,0.0,3055.72,0.0,0.0,0.0,8.90445656866156e-05,8.068543955107214e-05,11.181354536286745,2.2577638938033553e-07,7.662867898069619e-08,3.9893666214442404e-05
19.26014409994241,570361.615561,0.2406235000001022,0.8716900000000094,8.729145999999993,0.1929375356257119,1.2065560648265696,9.378370273121662,-0.0149591199999987,0.0476686400000005,0.0104361200000011,9.457633499454037,1.0,0.0,0.0,3018.57,0.0,0.0,0.0,8.90445656866156e-05,8.068543955107214e-05,10.861355201552213,2.2577638938033553e-07,7.662867898069619e-08,3.9893666214442404e-05
19.37186960002873,570361.7272865,0.2356235000001023,0.9616900000000094,8.609145999999992,0.2031419237561984,1.1480190632126577,9.194481654055243,-0.0157591199999987,0.0456686400000005,0.0084361200000011,9.268101601592718,1.0,0.0,0.0,2983.38,0.0,0.0,0.0,8.90445656866156e-05,8.068543955107214e-05,10.570285653728,2.2577638938033553e-07,7.662867898069619e-08,3.9893666214442404e-05
19.481897599995136,570361.8373145,0.2506235000001022,1.2416900000000095,9.064145999999992,0.2144927375457253,1.170411777294054,9.163323974459312,-0.0193591199999987,0.0480686400000005,0.0092361200000011,9.240258498753663,1.0,0.0,0.0,3003.42,0.0,0.0,0.0,8.90445656866156e-05,8.068543955107214e-05,10.734653385199529,2.2577638938033553e-07,7.662867898069619e-08,3.9893666214442404e-05
19.592834700015374,570361.9482516,0.3556235000001022,1.521690000000009,9.429145999999992,0.2482310657841281,1.2543873739290368,9.226870649859638,-0.0221591199999987,0.0480686400000005,0.0088361200000011,9.315054929260167,1.0,0.0,0.0,3042.52,0.0,0.0,0.0,8.90445656866156e-05,8.068543955107214e-05,11.066101672842786,2.2577638938033553e-07,7.662867898069619e-08,3.9893666214442404e-05
19.70272079994902,570362.0581377,0.2106235000001022,1.4666900000000094,9.649145999999991,0.2392407055210426,1.3051398502828215,9.327818622663422,-0.0221591199999987,0.0488686400000005,0.0080361200000011,9.42172098935651,1.0,0.0,0.0,3087.0,0.0,0.0,0.0,8.90445656866156e-05,8.068543955107214e-05,11.461602387685637,2.2577638938033553e-07,7.662867898069619e-08,3.9893666214442404e-05
19.81353309995029,570362.16895,0.3406235000001023,1.541690000000009,9.729145999999991,0.2634769948910996,1.3616888723189051,9.42375883124846,-0.0245591199999987,0.0516686400000005,0.0108361200000011,9.52527412841055,1.0,0.0,0.0,3100.2,0.0,0.0,0.0,8.90445656866156e-05,8.068543955107214e-05,11.582989729382899,2.2577638938033553e-07,7.662867898069619e-08,3.9893666214442404e-05
19.9157366999425,570362.2711536,0.3206235000001023,1.5066900000000092,9.524145999999991,0.2771382797415118,1.3963524393227689,9.44775710909634,-0.0245591199999987,0.0524686400000005,0.0084361200000011,9.554408414621031,1.0,0.0,0.0,3091.89,0.0,0.0,0.0,8.90445656866156e-05,8.068543955107214e-05,11.506349549492633,2.2577638938033553e-07,7.662867898069619e-08,3.9893666214442404e-05
20.026127299992368,570362.3815442,0.3556235000001022,1.4766900000000094,9.474145999999992,0.2959007385910038,1.415557713529925,9.454065564089932,-0.0261591199999987,0.0540686400000005,0.0136361200000011,9.564032443354836,1.0,0.0,0.0,3084.07,0.0,0.0,0.0,8.90445656866156e-05,8.068543955107214e-05,11.434914183464723,2.2577638938033553e-07,7.662867898069619e-08,3.9893666214442404e-05
20.13694240001496,570362.4923593,0.3356235000001022,1.3166900000000092,9.464145999999992,0.3053967516476126,1.3919226724287266,9.456475365111377,-0.0221591199999987,0.0532686400000005,0.0108361200000011,9.563244336149546,1.0,0.0,0.0,3090.42,0.0,0.0,0.0,8.90445656866156e-05,8.068543955107214e-05,11.492870740779303,2.2577638938033553e-07,7.662867898069619e-08,3.9893666214442404e-05
20.247677800012752,570362.6030947,0.2456235000001021,1.1716900000000092,9.454145999999993,0.2911075240625758,1.339274461209555,9.455918513555073,-0.0169591199999987,0.0488686400000005,0.0092361200000011,9.55472629686521,1.0,0.0,0.0,3115.35,0.0,0.0,0.0,8.90445656866156e-05,8.068543955107214e-05,11.724685060718759,2.2577638938033553e-07,7.662867898069619e-08,3.9893666214442404e-05
20.358550900011323,570362.7139678,0.2356235000001023,1.0466900000000092,9.504145999999992,0.2778436673154522,1.2693300322411718,9.467447642566317,-0.0149591199999987,0.0500686400000005,0.0116361200000011,9.556200118192962,1.0,0.0,0.0,3115.84,0.0,0.0,0.0,8.90445656866156e-05,8.068543955107214e-05,11.729311148303267,2.2577638938033553e-07,7.662867898069619e-08,3.9893666214442404e-05
20.46935779997148,570362.8247747,0.2256235000001023,1.5016900000000093,9.929145999999992,0.2653600591005591,1.3248773610118685,9.577819970040029,-0.0197591199999987,0.0492686400000005,0.0080361200000011,9.672659994085658,1.0,0.0,0.0,3118.28,0.0,0.0,0.0,8.90445656866156e-05,8.068543955107214e-05,11.752387963367099,2.2577638938033553e-07,7.662867898069619e-08,3.9893666214442404e-05
20.580190100008625,570362.935607,0.3156235000001022,1.6766900000000096,10.289145999999992,0.2773758977311237,1.408980713719523,9.74786759584427,-0.0217591199999987,0.0524686400000005,0.0088361200000011,9.853074987352246,1.0,0.0,0.0,3132.94,0.0,0.0,0.0,8.90445656866156e-05,8.068543955107214e-05,11.892485107998432,2.2577638938033553e-07,7.662867898069619e-08,3.9893666214442404e-05
20.69104649999645,570363.0464634,0.4106235000001021,1.5666900000000092,10.669145999999992,0.3092296995823269,1.446682257835359,9.96810585331422,-0.0213591199999987,0.0588686400000005,0.0128361200000011,10.077283704705184,1.0,0.0,0.0,3132.94,0.0,0.0,0.0,8.90445656866156e-05,8.068543955107214e-05,11.892485107998432,2.2577638938033553e-07,7.662867898069619e-08,3.9893666214442404e-05
20.8010224000318,570363.1564393,0.2456235000001021,1.6166900000000095,10.609145999999992,0.2940241781057729,1.487323836669562,10.121351131003909,-0.0229591199999987,0.0584686400000005,0.0116361200000011,10.234272379095172,1.0,0.0,0.0,3143.69,0.0,0.0,0.0,8.90445656866156e-05,8.068543955107214e-05,11.996823195864316,2.2577638938033553e-07,7.662867898069619e-08,3.9893666214442404e-05
20.91112800000701,570363.2665449,0.3306235000001023,1.6166900000000095,10.689145999999992,0.3027735103838652,1.5182497525045056,10.257086595966507,-0.0217591199999987,0.0596686400000005,0.0132361200000011,10.37326272426983,1.0,0.0,0.0,3151.52,0.0,0.0,0.0,8.90445656866156e-05,8.068543955107214e-05,12.07369515350032,2.2577638938033553e-07,7.662867898069619e-08,3.9893666214442404e-05
21.022165199974552,570363.3775821,0.4106235000001021,1.3916900000000094,10.434145999999991,0.3285558294679643,1.4879947294499247,10.299413925508915,-0.0205591199999987,0.0596686400000005,0.0100361200000011,10.411532281893722,1.0,0.0,0.0,3144.18,0.0,0.0,0.0,8.90445656866156e-05,8.068543955107214e-05,12.001612032449955,2.2577638938033553e-07,7.662867898069619e-08,3.9893666214442404e-05
21.12615379993804,570363.4815707,0.3456235000001022,1.2566900000000092,10.114145999999993,0.3326359793988792,1.4326996630196065,10.25512428961264,-0.0177591199999987,0.0588686400000005,0.0120361200000011,10.36006029010499,1.0,0.0,0.0,3131.97,0.0,0.0,0.0,8.90445656866156e-05,8.068543955107214e-05,11.88313789273633,2.2577638938033553e-07,7.662867898069619e-08,3.9893666214442404e-05
21.238284299965017,570363.5937012,0.3706235000001021,1.0716900000000094,9.819145999999993,0.3417171706056613,1.346397695281511,10.150900530143304,-0.0161591199999987,0.0576686400000005,0.0108361200000011,10.245503352759672,1.0,0.0,0.0,3103.13,0.0,0.0,0.0,8.90445656866156e-05,8.068543955107214e-05,11.610193359392056,2.2577638938033553e-07,7.662867898069619e-08,3.9893666214442404e-05
21.35021229996346,570363.7056292,0.2006235000001022,1.271690000000009,10.024145999999991,0.3079877094416554,1.3285382810651618,10.120598944087169,-0.0145591199999987,0.0548686400000005,0.0084361200000011,10.212070964328488,1.0,0.0,0.0,3127.08,0.0,0.0,0.0,8.90445656866156e-05,8.068543955107214e-05,11.836184556600033,2.2577638938033553e-07,7.662867898069619e-08,3.9893666214442404e-05
21.461032700026408,570363.8164496,0.4006235000001021,1.4116900000000094,10.254145999999992,0.3301329643395388,1.348416300132183,10.15252433249507,-0.0161591199999987,0.0584686400000005,0.0132361200000011,10.246997834220045,1.0,0.0,0.0,3154.45,0.0,0.0,0.0,8.90445656866156e-05,8.068543955107214e-05,12.102653181895588,2.2577638938033553e-07,7.662867898069619e-08,3.9893666214442404e-05
21.57187989994418,570363.9272968,0.3306235000001023,1.5666900000000092,10.539145999999992,0.3302502304326352,1.4005962048098182,10.24494903491653,-0.0189591199999987,0.0584686400000005,0.0116361200000011,10.345516694281908,1.0,0.0,0.0,3157.38,0.0,0.0,0.0,8.90445656866156e-05,8.068543955107214e-05,12.131716977255866,2.2577638938033553e-07,7.662867898069619e-08,3.9893666214442404e-05
21.67576270003337,570364.0311796,0.4156235000001023,1.7416900000000095,10.699145999999992,0.3506593272260008,1.4821371404788182,10.353528100361784,-0.0209591199999987,0.0604686400000005,0.0120361200000011,10.46495277542801,1.0,0.0,0.0,3168.62,0.0,0.0,0.0,8.90445656866156e-05,8.068543955107214e-05,12.244203545625725,2.2577638938033553e-07,7.662867898069619e-08,3.9893666214442404e-05
21.78599829995073,570364.1414152,0.4256235000001023,1.6266900000000093,10.889145999999991,0.3685800542396494,1.5166935457409398,10.481571428365482,-0.0201591199999987,0.0632686400000005,0.0136361200000011,10.597148209589369,1.0,0.0,0.0,3171.55,0.0,0.0,0.0,8.90445656866156e-05,8.068543955107214e-05,12.273787942548285,2.2577638938033553e-07,7.662867898069619e-08,3.9893666214442404e-05
21.89609539997764,570364.2515123,0.3456235000001022,1.6966900000000096,10.729145999999991,0.363092124119475,1.5597229983558811,10.540755918097034,-0.0225591199999987,0.0608686400000005,0.0108361200000011,10.66171220053775,1.0,0.0,0.0,3180.84,0.0,0.0,0.0,8.90445656866156e-05,8.068543955107214e-05,12.368317286878824,2.2577638938033553e-07,7.662867898069619e-08,3.9893666214442404e-05
22.00683259998914,570364.3622495,0.4006235000001021,1.4866900000000094,10.534145999999993,0.3720642706357869,1.5422639325369625,10.53917576942846,-0.0213591199999987,0.0616686400000005,0.0144361200000011,10.65791892247244,1.0,0.0,0.0,3172.04,0.0,0.0,0.0,8.90445656866156e-05,8.068543955107214e-05,12.278746179298343,2.2577638938033553e-07,7.662867898069619e-08,3.9893666214442404e-05
22.11939639993944,570364.4748133,0.3956235000001022,1.4566900000000094,10.314145999999992,0.3776962745980275,1.52180686581123,10.485380777519138,-0.0209591199999987,0.0616686400000005,0.0132361200000011,10.601969659560588,1.0,0.0,0.0,3159.82,0.0,0.0,0.0,8.90445656866156e-05,8.068543955107214e-05,12.156001447737987,2.2577638938033553e-07,7.662867898069619e-08,3.9893666214442404e-05
22.230314999935217,570364.5857319,0.3756235000001022,1.4666900000000094,10.134145999999992,0.3772007628574768,1.508630780896277,10.401415566769892,-0.0229591199999987,0.0600686400000005,0.0116361200000011,10.517019208939908,1.0,0.0,0.0,3151.03,0.0,0.0,0.0,8.90445656866156e-05,8.068543955107214e-05,12.06886262164767,2.2577638938033553e-07,7.662867898069619e-08,3.9893666214442404e-05
22.34110630000941,570364.6965232,0.3506235000001023,1.3766900000000093,10.124145999999993,0.3708472761876213,1.4770893841341888,10.335132273946142,-0.0209591199999987,0.0608686400000005,0.0116361200000011,10.446735369049073,1.0,0.0,0.0,3136.85,0.0,0.0,0.0,8.90445656866156e-05,8.068543955107214e-05,11.930275790223048,2.2577638938033553e-07,7.662867898069619e-08,3.9893666214442404e-05
22.45191549998708,570364.8073324,0.3356235000001022,1.4216900000000092,9.964145999999992,0.3624267780471487,1.4638457611733298,10.2464453252989,-0.0205591199999987,0.0592686400000005,0.0116361200000011,10.356825738916845,1.0,0.0,0.0,3146.63,0.0,0.0,0.0,8.90445656866156e-05,8.068543955107214e-05,12.02559972335732,2.2577638938033553e-07,7.662867898069619e-08,3.9893666214442404e-05
22.561878900043663,570364.9172958,0.3856235000001022,1.3716900000000094,9.994145999999992,0.3679721219940909,1.441815260767506,10.186131349074092,-0.0197591199999987,0.0604686400000005,0.0116361200000011,10.294246285636309,1.0,0.0,0.0,3146.63,0.0,0.0,0.0,8.90445656866156e-05,8.068543955107214e-05,12.02559972335732,2.2577638938033553e-07,7.662867898069619e-08,3.9893666214442404e-05
22.67266449995805,570365.0280814,0.3906235000001021,1.3016900000000091,9.829145999999993,0.3733870975311641,1.4083173049707045,10.100791422654744,-0.0185591199999987,0.0600686400000005,0.0108361200000011,10.205330123031706,1.0,0.0,0.0,3123.17,0.0,0.0,0.0,8.90445656866156e-05,8.068543955107214e-05,11.798841730868526,2.2577638938033553e-07,7.662867898069619e-08,3.9893666214442404e-05
22.782693499932066,570365.1381104,0.3706235000001021,1.3416900000000094,10.064145999999992,0.3727264395782111,1.3923895664277477,10.092031069656858,-0.0181591199999987,0.0596686400000005,0.0100361200000011,10.194447744452706,1.0,0.0,0.0,3125.61,0.0,0.0,0.0,8.90445656866156e-05,8.068543955107214e-05,11.822124355907759,2.2577638938033553e-07,7.662867898069619e-08,3.9893666214442404e-05
22.89354409999214,570365.248961,0.3906235000001021,1.4966900000000094,10.074145999999992,0.3770048611534611,1.4173233384989234,10.087755514560603,-0.0173591199999987,0.0596686400000005,0.0096361200000011,10.193809368078988,1.0,0.0,0.0,3139.3,0.0,0.0,0.0,8.90445656866156e-05,8.068543955107214e-05,11.954047890096708,2.2577638938033553e-07,7.662867898069619e-08,3.9893666214442404e-05
23.00350729993079,570365.3589242,0.4106235000001021,1.3866900000000093,10.004145999999992,0.3850416396177095,1.4100002176474464,10.067768056142306,-0.0161591199999987,0.0560686400000005,0.0084361200000011,10.17331368386352,1.0,0.0,0.0,3156.4,0.0,0.0,0.0,8.90445656866156e-05,8.068543955107214e-05,12.121984169692025,2.2577638938033553e-07,7.662867898069619e-08,3.9893666214442404e-05
23.113848299952224,570365.4692652,0.4006235000001021,1.3816900000000092,10.054145999999992,0.3887665958994136,1.4032324556168358,10.064511605221057,-0.0165591199999987,0.0584686400000005,0.0100361200000011,10.169296664087096,1.0,0.0,0.0,3169.6,0.0,0.0,0.0,8.90445656866156e-05,8.068543955107214e-05,12.254086514861264,2.2577638938033553e-07,7.662867898069619e-08,3.9893666214442404e-05
23.215867699938823,570365.5712846,0.3256235000001022,1.291690000000009,10.064145999999992,0.3736717827035408,1.3765674258623588,10.06442420465197,-0.0165591199999987,0.0564686400000005,0.0088361200000011,10.16499892033042,1.0,0.0,0.0,3145.65,0.0,0.0,0.0,8.90445656866156e-05,8.068543955107214e-05,12.015995933824463,2.2577638938033553e-07,7.662867898069619e-08,3.9893666214442404e-05
23.32694890000857,570365.6823658,0.3206235000001023,1.5066900000000092,10.214145999999992,0.3609902075231419,1.4076741671647814,10.100216281361876,-0.0189591199999987,0.0564686400000005,0.0084361200000011,10.20422605693926,1.0,0.0,0.0,3161.29,0.0,0.0,0.0,8.90445656866156e-05,8.068543955107214e-05,12.170667620764506,2.2577638938033553e-07,7.662867898069619e-08,3.9893666214442404e-05
23.43781279993709,570365.7932297,0.3656235000001022,1.6316900000000092,10.079145999999993,0.3620978295588603,1.461226770207207,10.095179278398808,-0.0213591199999987,0.0552686400000005,0.0096361200000011,10.206808667509844,1.0,0.0,0.0,3171.07,0.0,0.0,0.0,8.90445656866156e-05,8.068543955107214e-05,12.26893386537941,2.2577638938033553e-07,7.662867898069619e-08,3.9893666214442404e-05
23.54855960002169,570365.9039765,0.4706235000001022,1.6416900000000094,10.409145999999993,0.3880416750250322,1.504367808885292,10.170235291170936,-0.0177591199999987,0.0568686400000005,0.0108361200000011,10.288215818291592,1.0,0.0,0.0,3182.31,0.0,0.0,0.0,8.90445656866156e-05,8.068543955107214e-05,12.38337745223648,2.2577638938033553e-07,7.662867898069619e-08,3.9893666214442404e-05
23.65942149993498,570366.0148384,0.4656235000001023,1.6866900000000091,10.389145999999991,0.4065881707062228,1.5479532456957936,10.222567477442258,-0.0213591199999987,0.0564686400000005,0.0092361200000011,10.347094230859142,1.0,0.0,0.0,3192.08,0.0,0.0,0.0,8.90445656866156e-05,8.068543955107214e-05,12.484192013716472,2.2577638938033553e-07,7.662867898069619e-08,3.9893666214442404e-05
23.769417300005443,570366.1248342,0.6406235000001023,1.6216900000000094,10.254145999999992,0.4625360067540308,1.565580549457823,10.230116551370635,-0.0201591199999987,0.0596686400000005,0.0128361200000011,10.35954953986958,1.0,0.0,0.0,3172.04,0.0,0.0,0.0,8.90445656866156e-05,8.068543955107214e-05,12.278746179298343,2.2577638938033553e-07,7.662867898069619e-08,3.9893666214442404e-05
23.879362200037576,570366.2347791,0.5106235000001023,1.5166900000000094,10.154145999999992,0.4740316693798343,1.553892910443637,10.211955242283796,-0.0209591199999987,0.0584686400000005,0.0088361200000011,10.340373255889244,1.0,0.0,0.0,3169.11,0.0,0.0,0.0,8.90445656866156e-05,8.068543955107214e-05,12.249143505865145,2.2577638938033553e-07,7.662867898069619e-08,3.9893666214442404e-05
23.98940009996295,570366.344817,0.5556235000001023,1.4666900000000094,10.124145999999993,0.4935367858772291,1.5330464247822118,10.190963808616072,-0.0205591199999987,0.0592686400000005,0.0096361200000011,10.317439277653838,1.0,0.0,0.0,3157.87,0.0,0.0,0.0,8.90445656866156e-05,8.068543955107214e-05,12.136587843363206,2.2577638938033553e-07,7.662867898069619e-08,3.9893666214442404e-05
24.099568599951454,570366.4549855,0.4806235000001022,1.4516900000000097,9.944145999999993,0.490449771607752,1.5135975837508866,10.131960228550636,-0.0197591199999987,0.0580686400000005,0.0108361200000011,10.256126788263613,1.0,0.0,0.0,3142.72,0.0,0.0,0.0,8.90445656866156e-05,8.068543955107214e-05,11.987351785613319,2.2577638938033553e-07,7.662867898069619e-08,3.9893666214442404e-05
24.210236600018103,570366.5656535,0.5556235000001023,1.4916900000000095,10.054145999999992,0.5060300221695844,1.5083604176033831,10.113358175115913,-0.0225591199999987,0.0612686400000005,0.0124361200000011,10.237735643730671,1.0,0.0,0.0,3153.96,0.0,0.0,0.0,8.90445656866156e-05,8.068543955107214e-05,12.097803023919699,2.2577638938033553e-07,7.662867898069619e-08,3.9893666214442404e-05
24.321078300010413,570366.6764952,0.5306235000001023,1.531690000000009,10.364145999999993,0.511909270698679,1.5139375227991174,10.173310816248064,-0.0201591199999987,0.0624686400000005,0.0108361200000011,10.29807316386693,1.0,0.0,0.0,3153.96,0.0,0.0,0.0,8.90445656866156e-05,8.068543955107214e-05,12.097803023919699,2.2577638938033553e-07,7.662867898069619e-08,3.9893666214442404e-05
24.431907400023192,570366.7873243,0.3556235000001022,1.5766900000000097,10.429145999999992,0.4745480282656205,1.5289389557734556,10.23447006497773,-0.0205591199999987,0.0576686400000005,0.0068361200000011,10.358920198193328,1.0,0.0,0.0,3176.93,0.0,0.0,0.0,8.90445656866156e-05,8.068543955107214e-05,12.32839591871696,2.2577638938033553e-07,7.662867898069619e-08,3.9893666214442404e-05
24.5427654000232,570366.8981823,0.4956235000001023,1.6316900000000092,10.599145999999992,0.4795862720247512,1.5535023351293549,10.321648481521784,-0.0217591199999987,0.0580686400000005,0.0080361200000011,10.448913813103632,1.0,0.0,0.0,3185.73,0.0,0.0,0.0,8.90445656866156e-05,8.068543955107214e-05,12.418524673352048,2.2577638938033553e-07,7.662867898069619e-08,3.9893666214442404e-05
24.653592000016943,570367.0090089,0.3156235000001022,1.6016900000000094,10.569145999999993,0.4403897869690264,1.5650219445056155,10.38081455113972,-0.0205591199999987,0.0568686400000005,0.0064361200000011,10.507356832067943,1.0,0.0,0.0,3191.59,0.0,0.0,0.0,8.90445656866156e-05,8.068543955107214e-05,12.479105734981495,2.2577638938033553e-07,7.662867898069619e-08,3.9893666214442404e-05
24.75579349999316,570367.1112104,0.3906235000001021,1.3316900000000094,10.274145999999991,0.4284927965768226,1.5092422576724225,10.355314663457682,-0.0181591199999987,0.0588686400000005,0.0096361200000011,10.47348843739678,1.0,0.0,0.0,3193.55,0.0,0.0,0.0,8.90445656866156e-05,8.068543955107214e-05,12.499470055073008,2.2577638938033553e-07,7.662867898069619e-08,3.9893666214442404e-05
24.866283799987286,570367.2217007,0.2956235000001022,1.031690000000009,10.274145999999991,0.3967294314340867,1.3950799408242394,10.335910708127296,-0.0165591199999987,0.0584686400000005,0.0080361200000011,10.437178375856028,1.0,0.0,0.0,3174.0,0.0,0.0,0.0,8.90445656866156e-05,8.068543955107214e-05,12.298609830928278,2.2577638938033553e-07,7.662867898069619e-08,3.9893666214442404e-05
24.97605779999867,570367.3314747,0.2056235000001023,1.4216900000000092,10.969145999999991,0.3510441780499438,1.401441267690915,10.487290178894686,-0.0213591199999987,0.0596686400000005,0.0048361200000011,10.58633671002726,1.0,0.0,0.0,3181.33,0.0,0.0,0.0,8.90445656866156e-05,8.068543955107214e-05,12.373334213646944,2.2577638938033553e-07,7.662867898069619e-08,3.9893666214442404e-05
25.08778159995564,570367.4431985,0.2356235000001023,1.2216900000000095,11.069145999999993,0.3234520312080856,1.3584704286962253,10.626387016029838,-0.0261591199999987,0.0616686400000005,0.0056361200000011,10.717749956804472,1.0,0.0,0.0,3182.31,0.0,0.0,0.0,8.90445656866156e-05,8.068543955107214e-05,12.38337745223648,2.2577638938033553e-07,7.662867898069619e-08,3.9893666214442404e-05
25.19773479993455,570367.5531517,0.1256235000001022,1.4016900000000092,11.464145999999992,0.2761596917865247,1.368802379417752,10.826659352792657,-0.0253591199999987,0.0604686400000005,0.0024361200000011,10.916338070556444,1.0,0.0,0.0,3197.46,0.0,0.0,0.0,8.90445656866156e-05,8.068543955107214e-05,12.54024836481924,2.2577638938033553e-07,7.662867898069619e-08,3.9893666214442404e-05
25.30857230001129,570367.6639892,0.1406235000001021,1.3666900000000095,11.904145999999992,0.2437587860792967,1.368297399858934,11.084240319151627,-0.0225591199999987,0.0612686400000005,0.0032361200000011,11.171035743070478,1.0,0.0,0.0,3213.1,0.0,0.0,0.0,8.90445656866156e-05,8.068543955107214e-05,12.705438841549954,2.2577638938033553e-07,7.662867898069619e-08,3.9893666214442404e-05
25.420309399953112,570367.7757263,0.1206235000001021,1.6816900000000097,13.089145999999992,0.2143224064606966,1.443216164748794,11.563527504816534,-0.0225591199999987,0.0636686400000005,0.0040361200000011,11.65521236815322,1.0,0.0,0.0,3228.74,0.0,0.0,0.0,8.90445656866156e-05,8.068543955107214e-05,12.87403732158225,2.2577638938033553e-07,7.662867898069619e-08,3.9893666214442404e-05
25.53106880001724,570367.8864857,0.2006235000001022,1.271690000000009,13.774145999999991,0.2110475839157244,1.4022115960273598,12.091991824737528,-0.0245591199999987,0.0728686400000006,0.0144361200000011,12.174851322797725,1.0,0.0,0.0,3265.88,0.0,0.0,0.0,8.90445656866156e-05,8.068543955107214e-05,13.288754090188336,2.2577638938033553e-07,7.662867898069619e-08,3.9893666214442404e-05
25.641920099966228,570367.997337,-0.1243764999998977,1.646690000000009,14.509145999999992,0.1308620336826972,1.4606559245138335,12.669829990914756,-0.0541591199999987,0.0848686400000005,0.0092361200000011,12.75442012011365,1.0,0.0,0.0,3295.21,0.0,0.0,0.0,8.90445656866156e-05,8.068543955107214e-05,13.631423930203752,2.2577638938033553e-07,7.662867898069619e-08,3.9893666214442404e-05
25.751898500020616,570368.1073154,-0.3293764999998978,1.5566900000000097,15.519145999999992,0.0208386876218818,1.4836135639715782,13.35097956523616,-0.0573591199999987,0.1000686400000006,0.0036361200000011,13.433175306287628,1.0,0.0,0.0,3319.65,0.0,0.0,0.0,8.90445656866156e-05,8.068543955107214e-05,13.927903861522783,2.2577638938033553e-07,7.662867898069619e-08,3.9893666214442404e-05
25.86272979993373,570368.2181467,-0.1843764999998978,2.046690000000009,17.564145999999994,-0.0282194853737272,1.618221053449136,14.358167435740542,-0.0637591199999987,0.1328686400000006,0.0196361200000011,14.449097128538549,1.0,0.0,0.0,3384.16,0.0,0.0,0.0,8.90445656866156e-05,8.068543955107214e-05,14.762873766657854,2.2577638938033553e-07,7.662867898069619e-08,3.9893666214442404e-05
25.973570200032555,570368.3289871,-0.3943764999998977,2.3566900000000093,19.459146,-0.1157519646958377,1.7947573895342974,15.57759320901004,-0.0617591199999987,0.1364686400000005,0.0184361200000011,15.681070205506211,1.0,0.0,0.0,3470.19,0.0,0.0,0.0,8.90445656866156e-05,8.068543955107214e-05,16.01297044253011,2.2577638938033553e-07,7.662867898069619e-08,3.9893666214442404e-05
26.08444030000828,570368.4398572,-0.509376499999898,2.076690000000009,20.71914599999999,-0.2098507532506737,1.862155416637544,16.80671854427188,-0.0529591199999987,0.1240686400000005,0.0072361200000011,16.910867758950893,1.0,0.0,0.0,3548.39,0.0,0.0,0.0,8.90445656866156e-05,8.068543955107214e-05,17.31435465042524,2.2577638938033553e-07,7.662867898069619e-08,3.9893666214442404e-05
26.186917699989863,570368.5423346,-0.3893764999998979,2.2466900000000094,21.34414599999999,-0.2527676798351788,1.954081186518468,17.891423354173153,-0.0541591199999987,0.1232686400000006,0.0064361200000011,17.99959317378388,1.0,0.0,0.0,3615.35,0.0,0.0,0.0,8.90445656866156e-05,8.068543955107214e-05,18.583313898510355,2.2577638938033553e-07,7.662867898069619e-08,3.9893666214442404e-05
26.296797399991192,570368.6522143,-0.5593764999998978,2.056690000000009,20.929145999999992,-0.3260647331183053,1.978610564587352,18.617612895983832,-0.0445591199999987,0.1180686400000006,0.0084361200000011,18.725296470848832,1.0,0.0,0.0,3635.87,0.0,0.0,0.0,8.90445656866156e-05,8.068543955107214e-05,19.005744740359308,2.2577638938033553e-07,7.662867898069619e-08,3.9893666214442404e-05
26.40783589996863,570368.7632528,-0.3243764999998977,1.6766900000000096,20.734145999999992,-0.3256611487962111,1.9064342726661303,19.123585423510047,-0.0353591199999987,0.1136686400000006,0.0148361200000011,19.22113592559288,1.0,0.0,0.0,3644.18,0.0,0.0,0.0,8.90445656866156e-05,8.068543955107214e-05,19.18175453023973,2.2577638938033553e-07,7.662867898069619e-08,3.9893666214442404e-05
26.519423999940045,570368.8748409,-0.4793764999998977,1.9266900000000096,20.804145999999992,-0.3624079138813063,1.9112765506047829,19.52533556903532,-0.0377591199999987,0.1016686400000005,0.0044361200000011,19.62200414413296,1.0,0.0,0.0,3662.76,0.0,0.0,0.0,8.90445656866156e-05,8.068543955107214e-05,19.586119435909637,2.2577638938033553e-07,7.662867898069619e-08,3.9893666214442404e-05
26.63111720001325,570368.9865341,-0.3093764999998978,2.1666900000000093,20.329145999999994,-0.3497303713146674,1.9723349806900343,19.71749225897104,-0.0329591199999987,0.0880686400000005,0.0052361200000011,19.81897872220605,1.0,0.0,0.0,3673.02,0.0,0.0,0.0,8.90445656866156e-05,8.068543955107214e-05,19.816091772065324,2.2577638938033553e-07,7.662867898069619e-08,3.9893666214442404e-05
26.74107660003937,570369.0964935,-0.1193764999998978,1.9016900000000088,18.459146,-0.2946626143901849,1.9554467877442463,19.41667549596053,-0.0281591199999987,0.0696686400000005,0.0092361200000011,19.517117756253164,1.0,0.0,0.0,3634.9,0.0,0.0,0.0,8.90445656866156e-05,8.068543955107214e-05,18.985389047573282,2.2577638938033553e-07,7.662867898069619e-08,3.9893666214442404e-05
26.851275900029577,570369.2066928,-0.0643764999998977,0.9966900000000094,15.364145999999993,-0.2396110552479494,1.7262490519482072,18.44788904605577,-0.0129591199999987,0.0448686400000005,0.0168361200000011,18.530028588826674,1.0,0.0,0.0,3532.75,0.0,0.0,0.0,8.90445656866156e-05,8.068543955107214e-05,17.039734591843676,2.2577638938033553e-07,7.662867898069619e-08,3.9893666214442404e-05
26.96192070003599,570369.3173376,0.2306235000001022,0.9166900000000092,14.899145999999991,-0.1271980880245434,1.5327181126405702,17.599536386157943,-0.0033591199999987,0.0460686400000005,0.0216361200000011,17.666609328733994,1.0,0.0,0.0,3461.39,0.0,0.0,0.0,8.90445656866156e-05,8.068543955107214e-05,15.87703559084753,2.2577638938033553e-07,7.662867898069619e-08,3.9893666214442404e-05
27.07197699998505,570369.4273939,0.0356235000001021,1.0266900000000092,14.794145999999992,-0.0882744112474883,1.4117484369637612,16.928887549298906,-0.0005591199999987,0.0360686400000005,0.0156361200000011,16.987879787594398,1.0,0.0,0.0,3461.88,0.0,0.0,0.0,8.90445656866156e-05,8.068543955107214e-05,15.884553067028744,2.2577638938033553e-07,7.662867898069619e-08,3.9893666214442404e-05
27.18286329996772,570369.5382802,0.1206235000001021,0.6566900000000093,14.424145999999991,-0.0383358565665674,1.2312462633593808,16.330110988661175,0.0002408800000012,0.0420686400000005,0.0176361200000011,16.376506400967443,1.0,0.0,0.0,3461.88,0.0,0.0,0.0,8.90445656866156e-05,8.068543955107214e-05,15.884553067028744,2.2577638938033553e-07,7.662867898069619e-08,3.9893666214442404e-05
27.29300629999489,570369.6484232,0.1256235000001022,0.7066900000000094,14.404145999999992,0.0008598119992555,1.1058472994130926,15.869695145700442,-0.0005591199999987,0.0472686400000005,0.0160361200000011,15.908177865687952,1.0,0.0,0.0,3446.24,0.0,0.0,0.0,8.90445656866156e-05,8.068543955107214e-05,15.6475487240888,2.2577638938033553e-07,7.662867898069619e-08,3.9893666214442404e-05
27.403580999933183,570369.7589979,0.1156235000001022,0.8966900000000093,14.634145999999992,0.0282949006240611,1.0558467361174917,15.574328197294736,0.0014408800000012,0.0500686400000005,0.0128361200000011,15.610102873736007,1.0,0.0,0.0,3452.59,0.0,0.0,0.0,8.90445656866156e-05,8.068543955107214e-05,15.743048299275069,2.2577638938033553e-07,7.662867898069619e-08,3.9893666214442404e-05
27.51448030001484,570369.8698972,0.2606235000001022,0.8516900000000094,14.434145999999991,0.0838347305562574,1.0070415935998265,15.30175940679912,-0.0037591199999987,0.0532686400000005,0.0144361200000011,15.335090543484014,1.0,0.0,0.0,3458.94,0.0,0.0,0.0,8.90445656866156e-05,8.068543955107214e-05,15.839538622839125,2.2577638938033553e-07,7.662867898069619e-08,3.9893666214442404e-05
27.62441099993885,570369.9798279,0.2506235000001022,0.7466900000000094,13.984145999999992,0.1237067907089461,0.9448026644712356,14.9867744039775,-0.0009591199999987,0.0464686400000005,0.0104361200000011,15.017035742135482,1.0,0.0,0.0,3435.48,0.0,0.0,0.0,8.90445656866156e-05,8.068543955107214e-05,15.487941764230628,2.2577638938033553e-07,7.662867898069619e-08,3.9893666214442404e-05
27.72719759994652,570370.0826145,0.3006235000001023,0.7266900000000094,13.879145999999992,0.1660000080424292,0.8926612564684147,14.721987832930298,-0.0017591199999987,0.0284686400000005,0.0112361200000011,14.7499601990791,1.0,0.0,0.0,3445.75,0.0,0.0,0.0,8.90445656866156e-05,8.068543955107214e-05,15.640220167612409,2.2577638938033553e-07,7.662867898069619e-08,3.9893666214442404e-05
27.83865509997122,570370.194072,0.0056235000001021,0.7066900000000094,13.699145999999992,0.1276608452974532,0.8482034842256865,14.47747010415711,-0.0025591199999987,0.0068686400000005,0.0088361200000011,14.502857892802975,1.0,0.0,0.0,3467.25,0.0,0.0,0.0,8.90445656866156e-05,8.068543955107214e-05,15.96733637986352,2.2577638938033553e-07,7.662867898069619e-08,3.9893666214442404e-05
27.94961459992919,570370.3050315,0.2106235000001022,0.4366900000000093,13.299145999999991,0.1474936671940407,0.7498282132083354,14.195783215303758,0.0022408800000012,0.0016686400000005,0.0104361200000011,14.216337707971256,1.0,0.0,0.0,3483.87,0.0,0.0,0.0,8.90445656866156e-05,8.068543955107214e-05,16.228263572041733,2.2577638938033553e-07,7.662867898069619e-08,3.9893666214442404e-05
28.06115470000077,570370.4165716,0.3256235000001022,0.2816900000000093,12.989145999999993,0.1900768904668938,0.6379163916926845,13.907327872707906,0.0054408800000012,-0.0107313599999994,0.0112361200000011,13.923248008495646,1.0,0.0,0.0,3493.16,0.0,0.0,0.0,8.90445656866156e-05,8.068543955107214e-05,16.377306698576017,2.2577638938033553e-07,7.662867898069619e-08,3.9893666214442404e-05
28.172800799948163,570370.5282177,0.2756235000001021,0.3066900000000093,13.054145999999992,0.2105274254312102,0.5587343301080473,13.703368582983384,0.0050408800000012,-0.0355313599999994,0.0112361200000011,13.716370378842797,1.0,0.0,0.0,3501.47,0.0,0.0,0.0,8.90445656866156e-05,8.068543955107214e-05,16.51262900346239,2.2577638938033553e-07,7.662867898069619e-08,3.9893666214442404e-05
28.283573199994866,570370.6389901,0.2906235000001023,0.0666900000000093,12.344145999999991,0.2296749706397642,0.4411075786590387,13.378436606026426,0.0142408800000012,-0.0435313599999994,0.0072361200000011,13.3876768899446,1.0,0.0,0.0,3530.79,0.0,0.0,0.0,8.90445656866156e-05,8.068543955107214e-05,17.005853997104705,2.2577638938033553e-07,7.662867898069619e-08,3.9893666214442404e-05
28.39443200000096,570370.7498489,0.4306235000001022,0.1216900000000093,12.474145999999992,0.2777131681572975,0.3647484991323625,13.16225940441252,0.0178408800000012,-0.0471313599999994,0.0056361200000011,13.170240647020584,1.0,0.0,0.0,3535.68,0.0,0.0,0.0,8.90445656866156e-05,8.068543955107214e-05,17.090602021762983,2.2577638938033553e-07,7.662867898069619e-08,3.9893666214442404e-05
28.496771899983287,570370.8521888,0.3856235000001022,0.0266900000000093,12.299145999999991,0.3035099124865464,0.2839331729117859,12.95592591029249,0.0142408800000012,-0.0599313599999994,0.0124361200000011,12.962590501386892,1.0,0.0,0.0,3568.43,0.0,0.0,0.0,8.90445656866156e-05,8.068543955107214e-05,17.677727395749717,2.2577638938033553e-07,7.662867898069619e-08,3.9893666214442404e-05
28.607795399962924,570370.9632123,0.3106235000001023,-0.0133099999999907,12.179145999999992,0.3052104669674488,0.2128750452582648,12.770231061581406,0.0130408800000012,-0.0583313599999994,0.0140361200000011,12.775651473808244,1.0,0.0,0.0,3593.84,0.0,0.0,0.0,8.90445656866156e-05,8.068543955107214e-05,18.15818176257182,2.2577638938033553e-07,7.662867898069619e-08,3.9893666214442404e-05
28.71782779996284,570371.0732447,0.3806235000001021,-0.0733099999999906,12.449145999999992,0.323238497268296,0.1444604428999271,12.693473358216886,0.0126408800000012,-0.0443313599999994,0.0144361200000011,12.698410051712813,1.0,0.0,0.0,3609.97,0.0,0.0,0.0,8.90445656866156e-05,8.068543955107214e-05,18.475329856025766,2.2577638938033553e-07,7.662867898069619e-08,3.9893666214442404e-05
28.829422499984503,570371.1848394,0.2806235000001023,0.1166900000000093,12.539145999999992,0.3130510743371845,0.1378217179218336,12.656580288434384,0.0118408800000012,-0.0391313599999994,0.0120361200000011,12.661201380542858,1.0,0.0,0.0,3629.52,0.0,0.0,0.0,8.90445656866156e-05,8.068543955107214e-05,18.873195983425262,2.2577638938033553e-07,7.662867898069619e-08,3.9893666214442404e-05
28.940230699954554,570371.2956476,0.2956235000001022,0.1466900000000093,12.809145999999991,0.3088848868018927,0.1399417448136387,12.693052223859446,0.0098408800000012,-0.0339313599999994,0.0080361200000011,12.697581199695447,1.0,0.0,0.0,3637.83,0.0,0.0,0.0,8.90445656866156e-05,8.068543955107214e-05,19.046995828596838,2.2577638938033553e-07,7.662867898069619e-08,3.9893666214442404e-05
29.051138999988325,570371.4065559,0.3856235000001022,0.1966900000000093,12.929145999999992,0.3272298066167912,0.1535078251432433,12.749492146495369,0.0102408800000012,-0.0287313599999994,0.0080361200000011,12.754614615591716,1.0,0.0,0.0,3640.76,0.0,0.0,0.0,8.90445656866156e-05,8.068543955107214e-05,19.108963253588065,2.2577638938033553e-07,7.662867898069619e-08,3.9893666214442404e-05
29.1628408000106,570371.5182577,0.2756235000001021,0.1566900000000093,12.999145999999993,0.3148929462362037,0.1542685470295455,12.809173703577894,0.0110408800000012,-0.0291313599999994,0.0060361200000011,12.81397234742698,1.0,0.0,0.0,3642.23,0.0,0.0,0.0,8.90445656866156e-05,8.068543955107214e-05,19.140189636392723,2.2577638938033553e-07,7.662867898069619e-08,3.9893666214442404e-05
29.266724699991755,570371.6221416,0.3206235000001023,0.1566900000000093,13.209145999999992,0.316262876508753,0.1548474128537684,12.904789970281753,0.0094408800000012,-0.0259313599999994,0.0060361200000011,12.909593491098375,1.0,0.0,0.0,3638.81,0.0,0.0,0.0,8.90445656866156e-05,8.068543955107214e-05,19.06768182742582,2.2577638938033553e-07,7.662867898069619e-08,3.9893666214442404e-05
29.37861419992987,570371.7340311,0.3406235000001023,0.3166900000000093,13.499145999999993,0.3220864595260203,0.1935370523989196,13.046875072582464,0.0070408800000012,-0.0207313599999994,0.0080361200000011,13.05228506575132,1.0,0.0,0.0,3646.14,0.0,0.0,0.0,8.90445656866156e-05,8.068543955107214e-05,19.22369686255982,2.2577638938033553e-07,7.662867898069619e-08,3.9893666214442404e-05
29.48855360003654,570371.8439705,0.4006235000001021,0.2816900000000093,13.654145999999992,0.3408613063723545,0.2146106513055346,13.192047574470386,0.0082408800000012,-0.0119313599999994,0.0116361200000011,13.198195458808968,1.0,0.0,0.0,3647.12,0.0,0.0,0.0,8.90445656866156e-05,8.068543955107214e-05,19.244730118547192,2.2577638938033553e-07,7.662867898069619e-08,3.9893666214442404e-05
29.59883719997015,570371.9542541,0.3506235000001023,0.3716900000000093,13.644145999999992,0.3431950292773539,0.2521616042910109,13.300124968876258,0.0066408800000012,-0.0099313599999994,0.0092361200000011,13.306941515259057,1.0,0.0,0.0,3640.27,0.0,0.0,0.0,8.90445656866156e-05,8.068543955107214e-05,19.098574843455957,2.2577638938033553e-07,7.662867898069619e-08,3.9893666214442404e-05
29.708763999980874,570372.0641809,0.3056235000001022,0.2966900000000093,13.594145999999991,0.3342132838015264,0.2628064389410421,13.370412820259848,0.0046408800000012,-0.0075313599999994,0.0048361200000011,13.377171028569052,1.0,0.0,0.0,3618.28,0.0,0.0,0.0,8.90445656866156e-05,8.068543955107214e-05,18.64259824355334,2.2577638938033553e-07,7.662867898069619e-08,3.9893666214442404e-05
29.81946519995108,570372.1748821,0.4456235000001023,0.3516900000000093,13.974145999999992,0.3608467007678245,0.2840546962724299,13.51473959801018,0.0030408800000012,0.0008686400000005,0.0064361200000011,13.52253984331175,1.0,0.0,0.0,3577.22,0.0,0.0,0.0,8.90445656866156e-05,8.068543955107214e-05,17.84136454569407,2.2577638938033553e-07,7.662867898069619e-08,3.9893666214442404e-05
29.92937529995106,570372.2847922,0.3756235000001022,0.4066900000000093,14.249145999999993,0.3643792013661454,0.3133715514981985,13.69030475347178,-0.0009591199999987,0.0084686400000005,0.0028361200000011,13.698737831443037,1.0,0.0,0.0,3581.13,0.0,0.0,0.0,8.90445656866156e-05,8.068543955107214e-05,17.915014970152775,2.2577638938033553e-07,7.662867898069619e-08,3.9893666214442404e-05
30.0403299999889,570372.3957469,0.5806235000001022,0.4766900000000093,14.709145999999992,0.4160739630192196,0.3524140063614466,13.933866113166866,0.0010408800000012,0.0160686400000005,0.0080361200000011,13.944530757047444,1.0,0.0,0.0,3542.52,0.0,0.0,0.0,8.90445656866156e-05,8.068543955107214e-05,17.210385379157582,2.2577638938033553e-07,7.662867898069619e-08,3.9893666214442404e-05
30.15028329996857,570372.5057002,0.4056235000001023,0.8416900000000094,15.354145999999991,0.4135757043444232,0.4693789669800421,14.273394279663297,-0.0057591199999987,0.0204686400000005,0.0052361200000011,14.287097176844291,1.0,0.0,0.0,3540.57,0.0,0.0,0.0,8.90445656866156e-05,8.068543955107214e-05,17.176087851790022,2.2577638938033553e-07,7.662867898069619e-08,3.9893666214442404e-05
30.261095499969088,570372.6165124,0.4656235000001023,0.7266900000000094,15.424145999999991,0.4260181058689263,0.5308910281381937,14.548489790992209,-0.0089591199999987,0.0244686400000005,0.0028361200000011,14.564404962403726,1.0,0.0,0.0,3566.47,0.0,0.0,0.0,8.90445656866156e-05,8.068543955107214e-05,17.64159942864424,2.2577638938033553e-07,7.662867898069619e-08,3.9893666214442404e-05
30.371135300025344,570372.7265522,0.4656235000001023,0.5816900000000094,15.499145999999993,0.4354860614299323,0.5430348893137568,14.77575102492587,-0.0125591199999987,0.0300686400000005,0.0076361200000011,14.792138227832703,1.0,0.0,0.0,3587.0,0.0,0.0,0.0,8.90445656866156e-05,8.068543955107214e-05,18.026598482169657,2.2577638938033553e-07,7.662867898069619e-08,3.9893666214442404e-05
30.482810899964534,570372.8382278,0.3806235000001021,0.8466900000000093,15.744145999999994,0.4223707698143463,0.6156258370096085,15.007252839025632,-0.0129591199999987,0.0240686400000005,-0.0031638799999988,15.025812124901275,1.0,0.0,0.0,3597.26,0.0,0.0,0.0,8.90445656866156e-05,8.068543955107214e-05,18.22461375734221,2.2577638938033553e-07,7.662867898069619e-08,3.9893666214442404e-05
30.5936310000252,570372.9490479,0.4106235000001021,0.8416900000000094,15.949145999999992,0.4195625001075475,0.6696681081719678,15.232419203026058,-0.0157591199999987,0.0224686400000005,-0.0011638799999988,15.252904079004631,1.0,0.0,0.0,3619.26,0.0,0.0,0.0,8.90445656866156e-05,8.068543955107214e-05,18.662502644656442,2.2577638938033553e-07,7.662867898069619e-08,3.9893666214442404e-05
30.703618100029416,570373.059035,0.4856235000001023,1.031690000000009,15.929145999999992,0.4353548593308076,0.7562120565186683,15.398976776725814,-0.0161591199999987,0.0196686400000005,-0.0027638799999988,15.423679077901877,1.0,0.0,0.0,3622.68,0.0,0.0,0.0,8.90445656866156e-05,8.068543955107214e-05,18.732263746240587,2.2577638938033553e-07,7.662867898069619e-08,3.9893666214442404e-05
30.81444849993568,570373.1698654,0.3856235000001022,0.8766900000000093,15.939145999999994,0.4234662186428237,0.785013179193643,15.52810813152168,-0.0137591199999987,0.0192686400000005,-0.0027638799999988,15.553704107834545,1.0,0.0,0.0,3637.83,0.0,0.0,0.0,8.90445656866156e-05,8.068543955107214e-05,19.046995828596838,2.2577638938033553e-07,7.662867898069619e-08,3.9893666214442404e-05
30.92447369999718,570373.2798906,0.5206235000001023,1.0516900000000091,16.174145999999993,0.4466923685776572,0.8487641995769379,15.682548150707472,-0.0133591199999987,0.0196686400000005,-0.0007638799999988,15.711850662410438,1.0,0.0,0.0,3647.12,0.0,0.0,0.0,8.90445656866156e-05,8.068543955107214e-05,19.244730118547192,2.2577638938033553e-07,7.662867898069619e-08,3.9893666214442404e-05
31.02663229999598,570373.3820492,0.4206235000001022,0.9716900000000092,16.07914599999999,0.4404604172328349,0.8781505001361989,15.777357731449312,-0.0113591199999987,0.0200686400000005,-0.0015638799999988,15.807914810820614,1.0,0.0,0.0,3651.52,0.0,0.0,0.0,8.90445656866156e-05,8.068543955107214e-05,19.339679330088106,2.2577638938033553e-07,7.662867898069619e-08,3.9893666214442404e-05
31.13807720004116,570373.4934941,0.3456235000001022,0.9516900000000094,16.234145999999992,0.4177889671033812,0.89573064879936,15.88655626670697,-0.0077591199999987,0.0164686400000005,-0.0027638799999988,15.917272097676737,1.0,0.0,0.0,3653.47,0.0,0.0,0.0,8.90445656866156e-05,8.068543955107214e-05,19.382030196451968,2.2577638938033553e-07,7.662867898069619e-08,3.9893666214442404e-05
31.24945110001136,570373.604868,0.4156235000001023,0.9966900000000094,16.43414599999999,0.417271296549851,0.9198657109949236,16.017461548025718,-0.0113591199999987,0.0180686400000005,-0.0027638799999988,16.049278572685783,1.0,0.0,0.0,3658.85,0.0,0.0,0.0,8.90445656866156e-05,8.068543955107214e-05,19.49974960563505,2.2577638938033553e-07,7.662867898069619e-08,3.9893666214442404e-05
31.360494400025345,570373.7159113,0.4356235000001023,0.9316900000000092,16.28914599999999,0.4216585233538066,0.9226923926956496,16.08240967881288,-0.0101591199999987,0.0200686400000005,-0.0007638799999988,16.11437427389067,1.0,0.0,0.0,3661.29,0.0,0.0,0.0,8.90445656866156e-05,8.068543955107214e-05,19.55356670876739,2.2577638938033553e-07,7.662867898069619e-08,3.9893666214442404e-05
31.470361599931493,570373.8257785,0.4256235000001023,0.8766900000000093,16.03914599999999,0.4226063796625512,0.9116951884183812,16.072067183872687,-0.0097591199999987,0.0184686400000005,-0.0011638799999988,16.103450805080072,1.0,0.0,0.0,3663.73,0.0,0.0,0.0,8.90445656866156e-05,8.068543955107214e-05,19.60765367858997,2.2577638938033553e-07,7.662867898069619e-08,3.9893666214442404e-05
31.58192789996974,570373.9373448,0.3156235000001022,0.9116900000000092,15.869145999999994,0.3970313494765698,0.9116939480894904,16.023557409044287,-0.0073591199999987,0.0160686400000005,-0.0027638799999988,16.05438294636042,1.0,0.0,0.0,3658.85,0.0,0.0,0.0,8.90445656866156e-05,8.068543955107214e-05,19.49974960563505,2.2577638938033553e-07,7.662867898069619e-08,3.9893666214442404e-05
31.692777500022203,570374.0481944,0.3806235000001021,0.8966900000000093,15.914145999999992,0.3931089345353034,0.90810714591602,15.997401821366823,-0.0073591199999987,0.0112686400000005,-0.0047638799999988,16.027977360139545,1.0,0.0,0.0,3660.31,0.0,0.0,0.0,8.90445656866156e-05,8.068543955107214e-05,19.531919336249945,2.2577638938033553e-07,7.662867898069619e-08,3.9893666214442404e-05
31.803632499999367,570374.1590494,0.3956235000001022,0.9316900000000092,15.974145999999994,0.3937100595739055,0.9137447975381544,15.991842349278084,-0.0065591199999987,0.0108686400000005,-0.0031638799999988,16.022763771902827,1.0,0.0,0.0,3661.29,0.0,0.0,0.0,8.90445656866156e-05,8.068543955107214e-05,19.55356670876739,2.2577638938033553e-07,7.662867898069619e-08,3.9893666214442404e-05
31.91446060000453,570374.2698775,0.3506235000001023,0.9066900000000092,15.944145999999993,0.3834099062672556,0.91205829722555,15.980440192443297,-0.0049591199999987,0.0128686400000005,-0.0027638799999988,16.01103751285403,1.0,0.0,0.0,3661.29,0.0,0.0,0.0,8.90445656866156e-05,8.068543955107214e-05,19.55356670876739,2.2577638938033553e-07,7.662867898069619e-08,3.9893666214442404e-05
32.02452470001299,570374.3799416,0.4656235000001023,0.8516900000000094,15.869145999999994,0.403063659728087,0.8976268196967074,15.953834511793808,-0.0025591199999987,0.0128686400000005,-0.0023638799999988,15.984149331476337,1.0,0.0,0.0,3664.71,0.0,0.0,0.0,8.90445656866156e-05,8.068543955107214e-05,19.62945358445819,2.2577638938033553e-07,7.662867898069619e-08,3.9893666214442404e-05
32.13452840002719,570374.4899453,0.2606235000001022,0.9516900000000094,15.984145999999992,0.369012310612852,0.9105510134795788,15.961080692007886,-0.0073591199999987,0.0136686400000005,-0.0051638799999988,15.991290444811495,1.0,0.0,0.0,3665.69,0.0,0.0,0.0,8.90445656866156e-05,8.068543955107214e-05,19.651297516515353,2.2577638938033553e-07,7.662867898069619e-08,3.9893666214442404e-05
32.24446760001592,570374.5998845,0.3006235000001023,0.8816900000000094,16.104145999999993,0.3526634714217309,0.9036515797265624,15.995281487331487,-0.0049591199999987,0.0152686400000005,-0.0027638799999988,16.024668095177102,1.0,0.0,0.0,3669.6,0.0,0.0,0.0,8.90445656866156e-05,8.068543955107214e-05,19.738891435765513,2.2577638938033553e-07,7.662867898069619e-08,3.9893666214442404e-05
32.34706509998068,570374.702482,0.3706235000001021,0.8716900000000094,16.009145999999994,0.3569569459896449,0.8960109332149209,15.998595899236737,-0.0077591199999987,0.0184686400000005,-0.0019638799999988,16.027642515379654,1.0,0.0,0.0,3669.6,0.0,0.0,0.0,8.90445656866156e-05,8.068543955107214e-05,19.738891435765513,2.2577638938033553e-07,7.662867898069619e-08,3.9893666214442404e-05
32.45776100002695,570374.8131779,0.4306235000001022,0.8816900000000094,15.989145999999993,0.3745674678643516,0.8925874106810501,15.9963368325618,-0.0053591199999987,0.0196686400000005,-0.0015638799999988,16.02559843295912,1.0,0.0,0.0,3669.6,0.0,0.0,0.0,8.90445656866156e-05,8.068543955107214e-05,19.738891435765513,2.2577638938033553e-07,7.662867898069619e-08,3.9893666214442404e-05
32.56780770001933,570374.9232246,0.4456235000001023,0.8616900000000094,15.709145999999992,0.3915539256275159,0.8852011614668812,15.927681789483133,-0.0057591199999987,0.0180686400000005,-0.0035638799999988,15.957065606181144,1.0,0.0,0.0,3668.62,0.0,0.0,0.0,8.90445656866156e-05,8.068543955107214e-05,19.71687042134355,2.2577638938033553e-07,7.662867898069619e-08,3.9893666214442404e-05
32.67777740000747,570375.0331943,0.4206235000001022,0.6266900000000093,15.424145999999991,0.3985032173685708,0.8234022009342364,15.807307921660676,-0.0041591199999987,0.0200686400000005,-0.0011638799999988,15.833754441980991,1.0,0.0,0.0,3659.34,0.0,0.0,0.0,8.90445656866156e-05,8.068543955107214e-05,19.510535586967944,2.2577638938033553e-07,7.662867898069619e-08,3.9893666214442404e-05
32.78779780003242,570375.1432147,0.4556235000001023,0.6466900000000093,15.504145999999992,0.4121582335463225,0.781157872800766,15.734834874363992,-0.0025591199999987,0.0200686400000005,-0.0007638799999988,15.759603756288415,1.0,0.0,0.0,3653.47,0.0,0.0,0.0,8.90445656866156e-05,8.068543955107214e-05,19.382030196451968,2.2577638938033553e-07,7.662867898069619e-08,3.9893666214442404e-05
32.898617599974386,570375.2540345,0.3106235000001023,0.6866900000000093,15.514145999999991,0.3878856220447121,0.7585746454086095,15.682077604776763,-0.0017591199999987,0.0180686400000005,-0.0011638799999988,15.705204511584268,1.0,0.0,0.0,3651.03,0.0,0.0,0.0,8.90445656866156e-05,8.068543955107214e-05,19.329063604727686,2.2577638938033553e-07,7.662867898069619e-08,3.9893666214442404e-05
33.009417699999176,570375.3648346,0.4756235000001023,0.7816900000000093,15.70414599999999,0.4088599955542211,0.7641005379000061,15.687353214068374,-0.0021591199999987,0.0200686400000005,-0.0007638799999988,15.711271972406468,1.0,0.0,0.0,3657.38,0.0,0.0,0.0,8.90445656866156e-05,8.068543955107214e-05,19.467456371069172,2.2577638938033553e-07,7.662867898069619e-08,3.9893666214442404e-05
33.12031080003362,570375.4757277,0.4056235000001023,0.7866900000000093,15.484145999999992,0.4080862879128251,0.7695007119924917,15.638775061655522,-0.0025591199999987,0.0188686400000005,-0.0023638799999988,15.663012200505946,1.0,0.0,0.0,3662.76,0.0,0.0,0.0,8.90445656866156e-05,8.068543955107214e-05,19.586119435909637,2.2577638938033553e-07,7.662867898069619e-08,3.9893666214442404e-05
33.23280590004288,570375.5882228,0.4206235000001022,0.7516900000000093,15.514145999999991,0.4110833990262278,0.7652429326330392,15.608981584194948,0.0014408800000012,0.0168686400000005,-0.0007638799999988,15.633134439473,1.0,0.0,0.0,3661.78,0.0,0.0,0.0,8.90445656866156e-05,8.068543955107214e-05,19.564406711151797,2.2577638938033553e-07,7.662867898069619e-08,3.9893666214442404e-05
33.344490699935704,570375.6999076,0.4006235000001021,0.8366900000000093,15.739145999999993,0.408582884605794,0.7823228701929128,15.640098328050207,0.0002408800000012,0.0152686400000005,-0.0023638799999988,15.664981479653864,1.0,0.0,0.0,3661.29,0.0,0.0,0.0,8.90445656866156e-05,8.068543955107214e-05,19.55356670876739,2.2577638938033553e-07,7.662867898069619e-08,3.9893666214442404e-05
33.446789899957366,570375.8022068,0.4656235000001023,0.8766900000000093,15.789145999999992,0.4222188557550024,0.8048820142447066,15.67572925069216,0.0002408800000012,0.0160686400000005,-0.0023638799999988,15.702056914940012,1.0,0.0,0.0,3662.27,0.0,0.0,0.0,8.90445656866156e-05,8.068543955107214e-05,19.575257614337158,2.2577638938033553e-07,7.662867898069619e-08,3.9893666214442404e-05
33.55776809994131,570375.913185,0.4256235000001023,0.9266900000000092,15.839145999999992,0.4230327605556181,0.8340010931329795,15.714795205073171,-0.0001591199999987,0.0152686400000005,-0.0019638799999988,15.742595176057888,1.0,0.0,0.0,3667.16,0.0,0.0,0.0,8.90445656866156e-05,8.068543955107214e-05,19.68414627605996,2.2577638938033553e-07,7.662867898069619e-08,3.9893666214442404e-05
33.66783849999774,570376.0232554,0.3906235000001021,0.8816900000000094,15.929145999999992,0.415285092707941,0.8454014708056404,15.766037310987125,0.0010408800000012,0.0136686400000005,-0.0047638799999988,15.794147582142692,1.0,0.0,0.0,3668.62,0.0,0.0,0.0,8.90445656866156e-05,8.068543955107214e-05,19.71687042134355,2.2577638938033553e-07,7.662867898069619e-08,3.9893666214442404e-05
33.778684700024314,570376.1341016,0.3656235000001022,0.8916900000000094,15.889145999999991,0.4034131302351203,0.8564670780798685,15.795467332384892,-0.0013591199999987,0.0152686400000005,-0.0051638799999988,15.823813265389576,1.0,0.0,0.0,3666.67,0.0,0.0,0.0,8.90445656866156e-05,8.068543955107214e-05,19.673185617473223,2.2577638938033553e-07,7.662867898069619e-08,3.9893666214442404e-05
33.890269899973646,570376.2456868,0.3806235000001021,0.8766900000000093,15.909145999999993,0.3979651045040226,0.861301513647393,15.82264303904872,-0.0013591199999987,0.0188686400000005,-0.0023638799999988,15.85106460976584,1.0,0.0,0.0,3669.6,0.0,0.0,0.0,8.90445656866156e-05,8.068543955107214e-05,19.738891435765513,2.2577638938033553e-07,7.662867898069619e-08,3.9893666214442404e-05
34.00047900003847,570376.3558959,0.3556235000001022,0.8316900000000094,15.909145999999993,0.3878430380880936,0.8542226674079395,15.843322196727833,-0.0025591199999987,0.0160686400000005,-0.0083638799999988,15.871073587411653,1.0,0.0,0.0,3659.34,0.0,0.0,0.0,8.90445656866156e-05,8.068543955107214e-05,19.510535586967944,2.2577638938033553e-07,7.662867898069619e-08,3.9893666214442404e-05
34.11201329994947,570376.4674302,0.4006235000001021,0.8816900000000094,15.849145999999994,0.3908982998292405,0.8607889316773911,15.84471441896893,-0.0009591199999987,0.0188686400000005,-0.0067638799999988,15.872893059691092,1.0,0.0,0.0,3661.78,0.0,0.0,0.0,8.90445656866156e-05,8.068543955107214e-05,19.564406711151797,2.2577638938033553e-07,7.662867898069619e-08,3.9893666214442404e-05
34.22283280000556,570376.5782497,0.4106235000001021,0.8166900000000094,15.789145999999992,0.3956137514172517,0.8502467635063988,15.83143038700978,0.0018408800000012,0.0192686400000005,-0.0039638799999988,15.859180870962414,1.0,0.0,0.0,3662.76,0.0,0.0,0.0,8.90445656866156e-05,8.068543955107214e-05,19.586119435909637,2.2577638938033553e-07,7.662867898069619e-08,3.9893666214442404e-05
34.3337289999472,570376.6891459,0.4556235000001023,0.7916900000000093,15.669145999999994,0.4099595153030434,0.8362483461989336,15.792635132015858,0.0030408800000012,0.0168686400000005,-0.0051638799999988,15.820072772073129,1.0,0.0,0.0,3658.36,0.0,0.0,0.0,8.90445656866156e-05,8.068543955107214e-05,19.488974420747237,2.2577638938033553e-07,7.662867898069619e-08,3.9893666214442404e-05
34.44377519993577,570376.7991921,0.3856235000001022,0.7266900000000094,15.574145999999992,0.4041418150509751,0.8100576321332401,15.740403726727036,0.0038408800000012,0.0164686400000005,-0.0043638799999988,15.766414730509036,1.0,0.0,0.0,3659.34,0.0,0.0,0.0,8.90445656866156e-05,8.068543955107214e-05,19.510535586967944,2.2577638938033553e-07,7.662867898069619e-08,3.9893666214442404e-05
34.55445169995073,570376.9098686,0.3406235000001023,0.7066900000000094,15.789145999999992,0.3889573030064844,0.7853468529842591,15.75205591924814,0.0066408800000012,0.0140686400000005,-0.0063638799999988,15.77641667636142,1.0,0.0,0.0,3660.31,0.0,0.0,0.0,8.90445656866156e-05,8.068543955107214e-05,19.531919336249945,2.2577638938033553e-07,7.662867898069619e-08,3.9893666214442404e-05
34.65718520001974,570377.0126021,0.3656235000001022,0.7666900000000093,15.909145999999993,0.3833791888434999,0.7808867975085315,15.789609437809457,0.0070408800000012,0.0148686400000005,-0.0067638799999988,15.813555260962756,1.0,0.0,0.0,3667.64,0.0,0.0,0.0,8.90445656866156e-05,8.068543955107214e-05,19.694894006282883,2.2577638938033553e-07,7.662867898069619e-08,3.9893666214442404e-05
34.76779279997572,570377.1232097,0.3356235000001022,0.6566900000000093,15.879145999999992,0.3719628464569813,0.7511966559148053,15.81101379977837,0.0046408800000012,0.0156686400000005,-0.0043638799999988,15.833218565780744,1.0,0.0,0.0,3674.98,0.0,0.0,0.0,8.90445656866156e-05,8.068543955107214e-05,19.860583288552636,2.2577638938033553e-07,7.662867898069619e-08,3.9893666214442404e-05
34.878642400028184,570377.2340593,0.3806235000001021,0.7766900000000093,15.919145999999994,0.3740332382476538,0.7572910239723661,15.836863583346268,0.0050408800000012,0.0164686400000005,-0.0075638799999988,15.859370691040118,1.0,0.0,0.0,3673.02,0.0,0.0,0.0,8.90445656866156e-05,8.068543955107214e-05,19.816091772065324,2.2577638938033553e-07,7.662867898069619e-08,3.9893666214442404e-05
34.98864260001574,570377.3440595,0.3456235000001022,0.8066900000000093,16.354145999999993,0.3672416850986877,0.7691002060307455,15.960523681694132,0.0066408800000012,0.0144686400000005,-0.0111638799999988,15.983263051583362,1.0,0.0,0.0,3678.4,0.0,0.0,0.0,8.90445656866156e-05,8.068543955107214e-05,19.938653523191405,2.2577638938033553e-07,7.662867898069619e-08,3.9893666214442404e-05
35.10121200000867,570377.4566289,0.3256235000001022,0.9916900000000092,16.87914599999999,0.3572925573173041,0.8223119041811128,16.180126982655146,0.0026408800000012,0.0128686400000005,-0.0131638799999988,16.204948750740233,1.0,0.0,0.0,3685.24,0.0,0.0,0.0,8.90445656866156e-05,8.068543955107214e-05,20.096484024920283,2.2577638938033553e-07,7.662867898069619e-08,3.9893666214442404e-05
35.21200319996569,570377.5674201,0.2456235000001021,1.1416900000000094,17.204145999999994,0.3305972625118309,0.8986615450496465,16.42492612586615,-0.0037591199999987,0.0108686400000005,-0.0175638799999988,16.452813904092263,1.0,0.0,0.0,3692.08,0.0,0.0,0.0,8.90445656866156e-05,8.068543955107214e-05,20.25661169203777,2.2577638938033553e-07,7.662867898069619e-08,3.9893666214442404e-05
35.322767499950714,570377.6781844,0.3056235000001022,1.1766900000000091,17.394145999999992,0.3246271041826644,0.9651262555748495,16.656625138044888,-0.0033591199999987,0.0148686400000005,-0.0135638799999988,16.687720408591428,1.0,0.0,0.0,3699.9,0.0,0.0,0.0,8.90445656866156e-05,8.068543955107214e-05,20.442565485739692,2.2577638938033553e-07,7.662867898069619e-08,3.9893666214442404e-05
35.43296150001697,570377.7883784,0.2356235000001023,1.0666900000000092,17.409145999999993,0.3033501496754364,0.9894058023366336,16.836520686012996,-0.0069591199999987,0.0148686400000005,-0.0155638799999988,16.868294933559497,1.0,0.0,0.0,3702.83,0.0,0.0,0.0,8.90445656866156e-05,8.068543955107214e-05,20.513047101127402,2.2577638938033553e-07,7.662867898069619e-08,3.9893666214442404e-05
35.54363480000757,570377.8990517,0.3056235000001022,1.2766900000000092,17.994145999999994,0.3038936104923455,1.0580831650172644,17.113259379556176,-0.0065591199999987,0.0144686400000005,-0.0135638799999988,17.148630787983,1.0,0.0,0.0,3707.23,0.0,0.0,0.0,8.90445656866156e-05,8.068543955107214e-05,20.619732083470517,2.2577638938033553e-07,7.662867898069619e-08,3.9893666214442404e-05
35.64679469994735,570378.0022116,0.2156235000001023,1.4516900000000097,18.394145999999992,0.2827920029502611,1.15217772218243,17.419464578799552,-0.0053591199999987,0.0096686400000005,-0.0147638799999988,17.459817611661308,1.0,0.0,0.0,3715.54,0.0,0.0,0.0,8.90445656866156e-05,8.068543955107214e-05,20.824030058916104,2.2577638938033553e-07,7.662867898069619e-08,3.9893666214442404e-05
35.756992700044066,570378.1124096,0.2656235000001021,1.5766900000000097,18.61414599999999,0.2786877483014442,1.2536604487061496,17.705061802451,-0.0077591199999987,0.0080686400000005,-0.0179638799999988,17.75157865684945,1.0,0.0,0.0,3727.27,0.0,0.0,0.0,8.90445656866156e-05,8.068543955107214e-05,21.11884018389146,2.2577638938033553e-07,7.662867898069619e-08,3.9893666214442404e-05
35.86784580000676,570378.2232627,0.1956235000001023,1.9016900000000088,18.80914599999999,0.2588306397212166,1.4085765940561397,17.969001105349495,-0.0057591199999987,0.0036686400000005,-0.0207638799999988,18.025983525051625,1.0,0.0,0.0,3734.12,0.0,0.0,0.0,8.90445656866156e-05,8.068543955107214e-05,21.294596413782156,2.2577638938033553e-07,7.662867898069619e-08,3.9893666214442404e-05
35.978834499954246,570378.3342514,0.1106235000001023,1.8316900000000087,19.034146,0.2234006523802056,1.509724910153543,18.223631686607742,-0.0069591199999987,0.0016686400000005,-0.0235638799999988,18.287425434023124,1.0,0.0,0.0,3739.0,0.0,0.0,0.0,8.90445656866156e-05,8.068543955107214e-05,21.421469422523064,2.2577638938033553e-07,7.662867898069619e-08,3.9893666214442404e-05
36.09134799998719,570378.4467649,0.0306235000001022,1.9566900000000087,19.459146,0.1773158815566435,1.616575143583141,18.51899030809856,-0.0105591199999987,0.0028686400000005,-0.0275638799999988,18.590259765483413,1.0,0.0,0.0,3751.22,0.0,0.0,0.0,8.90445656866156e-05,8.068543955107214e-05,21.745419876758696,2.2577638938033553e-07,7.662867898069619e-08,3.9893666214442404e-05
36.20372520003002,570378.5591421,0.1406235000001021,1.9466900000000096,19.09414599999999,0.1685443026940727,1.6954914846307985,18.6564854309484,-0.0013591199999987,0.0008686400000005,-0.0207638799999988,18.734127873792687,1.0,0.0,0.0,3755.13,0.0,0.0,0.0,8.90445656866156e-05,8.068543955107214e-05,21.851007998840135,2.2577638938033553e-07,7.662867898069619e-08,3.9893666214442404e-05
36.31448439997621,570378.6699013,0.1306235000001021,1.7266900000000094,18.639146,0.1594790608849634,1.7029497150957376,18.652340314726885,0.0018408800000012,0.0032686400000005,-0.0139638799999988,18.730597174660268,1.0,0.0,0.0,3747.31,0.0,0.0,0.0,8.90445656866156e-05,8.068543955107214e-05,21.64077917998233,2.2577638938033553e-07,7.662867898069619e-08,3.9893666214442404e-05
36.42452599992976,570378.7799429,0.1456235000001022,1.7566900000000092,18.37914599999999,0.1561667889682596,1.715796718401,18.58703124034205,0.0014408800000012,0.0020686400000005,-0.0147638799999988,18.66671038973669,1.0,0.0,0.0,3738.51,0.0,0.0,0.0,8.90445656866156e-05,8.068543955107214e-05,21.408666793681515,2.2577638938033553e-07,7.662867898069619e-08,3.9893666214442404e-05
36.52671240002383,570378.8821293,0.1106235000001023,1.5916900000000092,18.459146,0.1452793367534326,1.6861281108686257,18.55645934984509,0.0066408800000012,6.864000000058375e-05,-0.0167638799999988,18.633473044346893,1.0,0.0,0.0,3739.0,0.0,0.0,0.0,8.90445656866156e-05,8.068543955107214e-05,21.421469422523064,2.2577638938033553e-07,7.662867898069619e-08,3.9893666214442404e-05
36.636927200015634,570378.9923441,0.1756235000001023,1.6016900000000094,18.264146,0.152533328171971,1.6659425705174429,18.48657973200678,0.0066408800000012,0.0008686400000005,-0.0155638799999988,18.562118986050848,1.0,0.0,0.0,3745.85,0.0,0.0,0.0,8.90445656866156e-05,8.068543955107214e-05,21.60194636825779,2.2577638938033553e-07,7.662867898069619e-08,3.9893666214442404e-05
36.74698499997612,570379.1024019,0.1506235000001021,1.4916900000000095,18.16414599999999,0.1520767699516305,1.6242862348025195,18.409499619234808,0.0086408800000012,0.0032686400000005,-0.0127638799999988,18.481642495923744,1.0,0.0,0.0,3743.89,0.0,0.0,0.0,8.90445656866156e-05,8.068543955107214e-05,21.550018170766617,2.2577638938033553e-07,7.662867898069619e-08,3.9893666214442404e-05
36.85784239997156,570379.2132593,0.1356235000001022,1.4816900000000093,17.984145999999992,0.148143496917701,1.5901975748132935,18.30781576396777,0.0074408800000012,0.0028686400000005,-0.0139638799999988,18.37734455436933,1.0,0.0,0.0,3736.07,0.0,0.0,0.0,8.90445656866156e-05,8.068543955107214e-05,21.345125902099447,2.2577638938033553e-07,7.662867898069619e-08,3.9893666214442404e-05
36.96865189995151,570379.3240688,0.1906235000001022,1.3116900000000091,17.729145999999993,0.1582986485135533,1.5236183272238837,18.169480576806183,0.0102408800000012,0.0048686400000005,-0.0147638799999988,18.23393801953135,1.0,0.0,0.0,3725.32,0.0,0.0,0.0,8.90445656866156e-05,8.068543955107214e-05,21.06929774257996,2.2577638938033553e-07,7.662867898069619e-08,3.9893666214442404e-05
37.08033200004138,570379.4357489,0.2506235000001022,1.2766900000000092,17.59414599999999,0.1803695711801968,1.4645883268869129,18.031942690227662,0.0078408800000012,0.0060686400000005,-0.0139638799999988,18.092222343678955,1.0,0.0,0.0,3724.34,0.0,0.0,0.0,8.90445656866156e-05,8.068543955107214e-05,21.04448059020193,2.2577638938033553e-07,7.662867898069619e-08,3.9893666214442404e-05
37.19195969996508,570379.5473766,0.1356235000001022,1.2566900000000092,17.624145999999993,0.1696726996363972,1.414888730068022,17.934455945664208,0.0098408800000012,0.0064686400000005,-0.0139638799999988,17.99098132427594,1.0,0.0,0.0,3728.25,0.0,0.0,0.0,8.90445656866156e-05,8.068543955107214e-05,21.14381991421546,2.2577638938033553e-07,7.662867898069619e-08,3.9893666214442404e-05
37.30199740000535,570379.6574143,0.1956235000001023,1.2216900000000095,17.71914599999999,0.1758764259218198,1.368703178052852,17.88298454783795,0.0126408800000012,0.0048686400000005,-0.0139638799999988,17.936148339178562,1.0,0.0,0.0,3729.23,0.0,0.0,0.0,8.90445656866156e-05,8.068543955107214e-05,21.168854402529977,2.2577638938033553e-07,7.662867898069619e-08,3.9893666214442404e-05
37.41207199997734,570379.7674889,0.1306235000001021,1.3066900000000097,17.71914599999999,0.1650583870907138,1.353878479880264,17.8438177594714,0.0150408800000012,0.0016686400000005,-0.0155638799999988,17.89586721683693,1.0,0.0,0.0,3731.67,0.0,0.0,0.0,8.90445656866156e-05,8.068543955107214e-05,21.231424314021755,2.2577638938033553e-07,7.662867898069619e-08,3.9893666214442404e-05
37.52372729999479,570379.8791442,0.2906235000001023,1.1266900000000093,17.584145999999993,0.1950756343651948,1.2995674326437576,17.78174134960206,0.0142408800000012,0.0032686400000005,-0.0139638799999988,17.83023430690856,1.0,0.0,0.0,3716.03,0.0,0.0,0.0,8.90445656866156e-05,8.068543955107214e-05,20.836192955876154,2.2577638938033553e-07,7.662867898069619e-08,3.9893666214442404e-05
37.63461619999725,570379.9900331,0.3306235000001023,1.146690000000009,17.589145999999992,0.2274793307902304,1.2630209780432131,17.73570004004586,0.0070408800000012,0.0036686400000005,-0.0159638799999988,17.78207031668126,1.0,0.0,0.0,3713.1,0.0,0.0,0.0,8.90445656866156e-05,8.068543955107214e-05,20.76365818494606,2.2577638938033553e-07,7.662867898069619e-08,3.9893666214442404e-05
37.736845599953085,570380.0922625,0.0556235000001021,1.1866900000000091,17.479145999999993,0.1863959530202341,1.2447735063567165,17.67436894352639,0.0054408800000012,0.0036686400000005,-0.0191638799999988,17.719128705591594,1.0,0.0,0.0,3715.05,0.0,0.0,0.0,8.90445656866156e-05,8.068543955107214e-05,20.811880248519707,2.2577638938033553e-07,7.662867898069619e-08,3.9893666214442404e-05
37.84705580002628,570380.2024727,0.1756235000001023,1.2766900000000092,17.689145999999994,0.1838207203097648,1.2524033747144705,17.677901505620106,0.0114408800000012,0.0028686400000005,-0.0179638799999988,17.72316297709348,1.0,0.0,0.0,3717.5,0.0,0.0,0.0,8.90445656866156e-05,8.068543955107214e-05,20.87276039206076,2.2577638938033553e-07,7.662867898069619e-08,3.9893666214442404e-05
37.95782320003491,570380.3132401,0.1856235000001023,1.1866900000000091,17.709145999999993,0.1842516878173186,1.2366941178011424,17.68537072769968,0.0090408800000012,0.0028686400000005,-0.0175638799999988,17.72951490598782,1.0,0.0,0.0,3724.34,0.0,0.0,0.0,8.90445656866156e-05,8.068543955107214e-05,21.04448059020193,2.2577638938033553e-07,7.662867898069619e-08,3.9893666214442404e-05
38.06884229998104,570380.4242592,0.2106235000001022,1.2016900000000097,17.669145999999994,0.1905560600193174,1.228326130584662,17.681492089341955,0.0102408800000012,0.0052686400000005,-0.0147638799999988,17.72513072449818,1.0,0.0,0.0,3725.81,0.0,0.0,0.0,8.90445656866156e-05,8.068543955107214e-05,21.081726627748147,2.2577638938033553e-07,7.662867898069619e-08,3.9893666214442404e-05
38.179521700018086,570380.5349386,0.1106235000001023,1.2466900000000094,17.609145999999992,0.1714476041450291,1.232716146221844,17.664197234084774,0.0118408800000012,0.0040686400000005,-0.0159638799999988,17.707988234205807,1.0,0.0,0.0,3724.83,0.0,0.0,0.0,8.90445656866156e-05,8.068543955107214e-05,21.056882404597893,2.2577638938033553e-07,7.662867898069619e-08,3.9893666214442404e-05
38.29032120003831,570380.6457381,0.2356235000001023,1.1416900000000094,17.404145999999994,0.1867893156308716,1.2109556884300716,17.602030108067932,0.0066408800000012,0.0064686400000005,-0.0159638799999988,17.6446243330116,1.0,0.0,0.0,3722.87,0.0,0.0,0.0,8.90445656866156e-05,8.068543955107214e-05,21.007356053370106,2.2577638938033553e-07,7.662867898069619e-08,3.9893666214442404e-05
38.40032200003043,570380.7557389,0.2456235000001021,1.1966900000000094,17.424145999999993,0.2008540523995791,1.207545372561086,17.559505627068745,0.0062408800000012,0.0080686400000005,-0.0139638799999988,17.60212333908094,1.0,0.0,0.0,3717.5,0.0,0.0,0.0,8.90445656866156e-05,8.068543955107214e-05,20.87276039206076,2.2577638938033553e-07,7.662867898069619e-08,3.9893666214442404e-05
38.51035330002196,570380.8657702,0.2606235000001022,1.031690000000009,17.044145999999994,0.2151423705997047,1.1655058754396117,17.43630518546065,0.0054408800000012,0.0068686400000005,-0.0143638799999988,17.47653938014713,1.0,0.0,0.0,3717.01,0.0,0.0,0.0,8.90445656866156e-05,8.068543955107214e-05,20.86055809980304,2.2577638938033553e-07,7.662867898069619e-08,3.9893666214442404e-05
38.62125179998111,570380.9766687,0.2806235000001023,1.0916900000000094,17.11414599999999,0.2307961075930559,1.147859657198628,17.359290705023746,0.0062408800000012,0.0064686400000005,-0.0119638799999988,17.39873048292398,1.0,0.0,0.0,3708.21,0.0,0.0,0.0,8.90445656866156e-05,8.068543955107214e-05,20.643632758686127,2.2577638938033553e-07,7.662867898069619e-08,3.9893666214442404e-05
38.73212089994922,570381.0875378,0.2706235000001022,1.1316900000000092,16.984145999999992,0.2403171334455378,1.1439941838419896,17.269609653388514,0.0038408800000012,0.0068686400000005,-0.0135638799999988,17.309127436058166,1.0,0.0,0.0,3700.39,0.0,0.0,0.0,8.90445656866156e-05,8.068543955107214e-05,20.45432153517197,2.2577638938033553e-07,7.662867898069619e-08,3.9893666214442404e-05
38.84205650002696,570381.1974734,0.2406235000001022,1.0666900000000092,16.874145999999993,0.2403903725834791,1.1255140602792355,17.175071210370515,0.0038408800000012,0.0056686400000005,-0.0159638799999988,17.213588833024193,1.0,0.0,0.0,3698.93,0.0,0.0,0.0,8.90445656866156e-05,8.068543955107214e-05,20.419329836257894,2.2577638938033553e-07,7.662867898069619e-08,3.9893666214442404e-05
38.95286760001909,570381.3082845,0.2956235000001022,1.2216900000000095,17.18414599999999,0.2535942506750324,1.1485056134070326,17.17724060438419,0.0034408800000012,0.0072686400000005,-0.0131638799999988,17.217461194058426,1.0,0.0,0.0,3702.83,0.0,0.0,0.0,8.90445656866156e-05,8.068543955107214e-05,20.513047101127402,2.2577638938033553e-07,7.662867898069619e-08,3.9893666214442404e-05
39.06288390001282,570381.4183008,0.2856235000001021,1.291690000000009,17.25414599999999,0.2612510740930181,1.182734875330349,17.195625394740784,0.0006408800000012,0.0064686400000005,-0.0143638799999988,17.238232120066478,1.0,0.0,0.0,3710.65,0.0,0.0,0.0,8.90445656866156e-05,8.068543955107214e-05,20.70336259660456,2.2577638938033553e-07,7.662867898069619e-08,3.9893666214442404e-05
39.17455799994059,570381.5299749,0.1906235000001022,1.281690000000009,17.224145999999994,0.2443670423200074,1.2063908126959275,17.202443451449746,-0.0021591199999987,0.0056686400000005,-0.0171638799999988,17.246424404631114,1.0,0.0,0.0,3715.54,0.0,0.0,0.0,8.90445656866156e-05,8.068543955107214e-05,20.824030058916104,2.2577638938033553e-07,7.662867898069619e-08,3.9893666214442404e-05
39.28444810002111,570381.639865,0.2456235000001021,1.166690000000009,17.154145999999994,0.2446674076045951,1.1969000466377533,17.190897596798695,-0.0001591199999987,0.0060686400000005,-0.0187638799999988,17.234250550737755,1.0,0.0,0.0,3704.3,0.0,0.0,0.0,8.90445656866156e-05,8.068543955107214e-05,20.54857652933149,2.2577638938033553e-07,7.662867898069619e-08,3.9893666214442404e-05
39.39534319995437,570381.7507601,0.1456235000001022,1.3316900000000094,17.48914599999999,0.2209902460371116,1.2291225586591483,17.262196032014316,0.0026408800000012,0.0052686400000005,-0.0183638799999988,17.307310328319044,1.0,0.0,0.0,3707.23,0.0,0.0,0.0,8.90445656866156e-05,8.068543955107214e-05,20.619732083470517,2.2577638938033553e-07,7.662867898069619e-08,3.9893666214442404e-05
39.50533770001493,570381.8607546,0.2156235000001023,1.2766900000000092,17.55914599999999,0.2197072866296805,1.240493899120359,17.333184066912253,0.0050408800000012,0.0052686400000005,-0.0155638799999988,17.378905785549726,1.0,0.0,0.0,3710.17,0.0,0.0,0.0,8.90445656866156e-05,8.068543955107214e-05,20.691587346583926,2.2577638938033553e-07,7.662867898069619e-08,3.9893666214442404e-05
39.607923200004734,570381.9633401,0.1256235000001022,1.271690000000009,17.509145999999994,0.1972158778112331,1.247951552384127,17.375249038097376,0.0062408800000012,0.0052686400000005,-0.0187638799999988,17.421123853398853,1.0,0.0,0.0,3714.57,0.0,0.0,0.0,8.90445656866156e-05,8.068543955107214e-05,20.79999106043724,2.2577638938033553e-07,7.662867898069619e-08,3.9893666214442404e-05
39.71823080000468,570382.0736477,0.1606235000001021,1.021690000000009,17.334145999999993,0.1884682055663908,1.1938620938613351,17.36542305992785,0.0066408800000012,0.0044686400000005,-0.0179638799999988,17.407433613658917,1.0,0.0,0.0,3719.94,0.0,0.0,0.0,8.90445656866156e-05,8.068543955107214e-05,20.933719458501976,2.2577638938033553e-07,7.662867898069619e-08,3.9893666214442404e-05
39.83033230004367,570382.1857492,0.2306235000001022,1.2316900000000093,17.314145999999994,0.1985457332142049,1.2029051280778524,17.353164908346578,0.0074408800000012,0.0064686400000005,-0.0195638799999988,17.395940143941765,1.0,0.0,0.0,3718.96,0.0,0.0,0.0,8.90445656866156e-05,8.068543955107214e-05,20.90919645602238,2.2577638938033553e-07,7.662867898069619e-08,3.9893666214442404e-05
39.9411663999781,570382.2965833,0.1706235000001021,1.0516900000000091,17.424145999999993,0.1918707216650313,1.1667560593916286,17.3701334510461,0.0098408800000012,0.0052686400000005,-0.0211638799999988,17.410332282386516,1.0,0.0,0.0,3721.9,0.0,0.0,0.0,8.90445656866156e-05,8.068543955107214e-05,20.982925141551405,2.2577638938033553e-07,7.662867898069619e-08,3.9893666214442404e-05
40.05293060000986,570382.4083475,0.2906235000001023,1.166690000000009,17.36414599999999,0.2154782866776551,1.1667402674168748,17.36870210762251,0.0074408800000012,0.0052686400000005,-0.0203638799999988,17.40917937890733,1.0,0.0,0.0,3724.34,0.0,0.0,0.0,8.90445656866156e-05,8.068543955107214e-05,21.04448059020193,2.2577638938033553e-07,7.662867898069619e-08,3.9893666214442404e-05
40.16393939999398,570382.5193563,0.2206235000001022,1.031690000000009,17.484145999999992,0.216708287089404,1.134455525440318,17.396299804017083,0.0082408800000012,0.0052686400000005,-0.0199638799999988,17.434597749651125,1.0,0.0,0.0,3726.78,0.0,0.0,0.0,8.90445656866156e-05,8.068543955107214e-05,21.106370793164906,2.2577638938033553e-07,7.662867898069619e-08,3.9893666214442404e-05
40.2676427999977,570382.6230597,0.1506235000001021,1.1866900000000091,17.71914599999999,0.200910241364932,1.1469425539053208,17.47347851928203,0.0078408800000012,0.0068686400000005,-0.0223638799999988,17.51223268777727,1.0,0.0,0.0,3728.25,0.0,0.0,0.0,8.90445656866156e-05,8.068543955107214e-05,21.14381991421546,2.2577638938033553e-07,7.662867898069619e-08,3.9893666214442404e-05
40.3779742999468,570382.7333912,0.2456235000001021,1.291690000000009,17.78914599999999,0.2115992688328424,1.1815454764934548,17.548941110806645,0.0050408800000012,0.0096686400000005,-0.0191638799999988,17.58994480020197,1.0,0.0,0.0,3729.72,0.0,0.0,0.0,8.90445656866156e-05,8.068543955107214e-05,21.18139224095927,2.2577638938033553e-07,7.662867898069619e-08,3.9893666214442404e-05
40.48784299998079,570382.8432599,0.2256235000001023,1.281690000000009,17.999145999999993,0.214951862598962,1.205485748242747,17.656565841673164,0.0070408800000012,0.0080686400000005,-0.0195638799999988,17.69897504133476,1.0,0.0,0.0,3732.65,0.0,0.0,0.0,8.90445656866156e-05,8.068543955107214e-05,21.256651408266876,2.2577638938033553e-07,7.662867898069619e-08,3.9893666214442404e-05
40.59841500001494,570382.9538319,0.1956235000001023,1.4866900000000094,18.234145999999992,0.2103312778991379,1.2727096559353592,17.794640550735398,0.0110408800000012,0.0052686400000005,-0.0207638799999988,17.841335752814317,1.0,0.0,0.0,3734.6,0.0,0.0,0.0,8.90445656866156e-05,8.068543955107214e-05,21.307013838466354,2.2577638938033553e-07,7.662867898069619e-08,3.9893666214442404e-05
40.71116870001424,570383.0665856,0.1856235000001023,1.4116900000000094,18.66414599999999,0.2044247051130049,1.3059339111239128,18.002502109350957,0.0138408800000012,0.0056686400000005,-0.0199638799999988,18.05096493369453,1.0,0.0,0.0,3741.94,0.0,0.0,0.0,8.90445656866156e-05,8.068543955107214e-05,21.498584900031535,2.2577638938033553e-07,7.662867898069619e-08,3.9893666214442404e-05
40.82116589997895,570383.1765828,0.1206235000001021,1.4966900000000094,18.814146,0.1843914216834846,1.351535532117466,18.19653144441009,0.0086408800000012,0.0048686400000005,-0.0231638799999988,18.24758628143382,1.0,0.0,0.0,3758.55,0.0,0.0,0.0,8.90445656866156e-05,8.068543955107214e-05,21.94415143645602,2.2577638938033553e-07,7.662867898069619e-08,3.9893666214442404e-05
40.931295300018974,570383.2867122,0.2706235000001022,1.3716900000000094,18.84414599999999,0.2050058229120346,1.3563536032528176,18.351348382039284,0.0114408800000012,0.0068686400000005,-0.0091638799999988,18.402546289126963,1.0,0.0,0.0,3763.44,0.0,0.0,0.0,8.90445656866156e-05,8.068543955107214e-05,22.07862633713151,2.2577638938033553e-07,7.662867898069619e-08,3.9893666214442404e-05
41.04283910000231,570383.398256,0.1006235000001023,1.5366900000000094,19.199145999999992,0.1800524746026738,1.3994643215751568,18.554020526772725,0.0078408800000012,0.0028686400000005,-0.0219638799999988,18.60759514254532,1.0,0.0,0.0,3759.04,0.0,0.0,0.0,8.90445656866156e-05,8.068543955107214e-05,21.957557324965205,2.2577638938033553e-07,7.662867898069619e-08,3.9893666214442404e-05
41.15288840001449,570383.5083053,0.0156235000001021,1.7816900000000095,19.75414599999999,0.1407445404530306,1.4908381310521135,18.8409191903869,-0.0065591199999987,0.0044686400000005,-0.0279638799999988,18.90033447580639,1.0,0.0,0.0,3761.97,0.0,0.0,0.0,8.90445656866156e-05,8.068543955107214e-05,22.038039646775434,2.2577638938033553e-07,7.662867898069619e-08,3.9893666214442404e-05
41.26283809996676,570383.618255,-0.0193764999998977,2.056690000000009,20.834146,0.1024664490806988,1.6261091078177166,19.317414457519394,-0.0021591199999987,0.0028686400000005,-0.0295638799999988,19.38600607467392,1.0,0.0,0.0,3769.79,0.0,0.0,0.0,8.90445656866156e-05,8.068543955107214e-05,22.255569737918126,2.2577638938033553e-07,7.662867898069619e-08,3.9893666214442404e-05
41.37376969994512,570383.7291866,-0.1193764999998978,2.2466900000000094,21.48914599999999,0.0494332895958841,1.7744634529286594,19.83658257049256,-0.0145591199999987,0.0028686400000005,-0.0355638799999988,19.915852285851816,1.0,0.0,0.0,3777.62,0.0,0.0,0.0,8.90445656866156e-05,8.068543955107214e-05,22.47744762668856,2.2577638938033553e-07,7.662867898069619e-08,3.9893666214442404e-05
41.48534340003971,570383.8407603,-0.0843764999998977,2.3916900000000094,22.264146,0.0174450928031861,1.922015917610348,20.416909144089445,-0.0209591199999987,0.0108686400000005,-0.0355638799999988,20.50718480232754,1.0,0.0,0.0,3781.04,0.0,0.0,0.0,8.90445656866156e-05,8.068543955107214e-05,22.575668720282042,2.2577638938033553e-07,7.662867898069619e-08,3.9893666214442404e-05
41.58762649993878,570383.9430434,-0.0293764999998977,2.421690000000009,22.334146,0.0062520528226507,2.041466616456639,20.875238463867504,-0.0193591199999987,0.0100686400000005,-0.0383638799999988,20.974823144846887,1.0,0.0,0.0,3789.83,0.0,0.0,0.0,8.90445656866156e-05,8.068543955107214e-05,22.83185998465563,2.2577638938033553e-07,7.662867898069619e-08,3.9893666214442404e-05
41.70050909998827,570384.055926,-0.0843764999998977,2.366690000000009,22.214145999999992,-0.0154133573949622,2.119213615579791,21.195313982126763,-0.0101591199999987,0.0080686400000005,-0.0347638799999988,21.301000885427506,1.0,0.0,0.0,3801.08,0.0,0.0,0.0,8.90445656866156e-05,8.068543955107214e-05,23.16786079347192,2.2577638938033553e-07,7.662867898069619e-08,3.9893666214442404e-05
41.81132899993099,570384.1667459,-0.1243764999998977,2.401690000000009,22.21914599999999,-0.0414617837419936,2.1867416357748737,21.440068421763264,0.0022408800000012,0.0096686400000005,-0.0319638799999988,21.55133619966597,1.0,0.0,0.0,3803.52,0.0,0.0,0.0,8.90445656866156e-05,8.068543955107214e-05,23.241973013715754,2.2577638938033553e-07,7.662867898069619e-08,3.9893666214442404e-05
41.921200999990106,570384.2766179,-0.1693764999998976,2.5166900000000094,22.089145999999992,-0.0720407206695571,2.2656181756614227,21.595235105524488,0.0026408800000012,0.0096686400000005,-0.0323638799999988,21.71387562933433,1.0,0.0,0.0,3806.94,0.0,0.0,0.0,8.90445656866156e-05,8.068543955107214e-05,23.34661084784817,2.2577638938033553e-07,7.662867898069619e-08,3.9893666214442404e-05
42.031196099938825,570384.386613,0.0156235000001021,2.2316900000000093,21.654146,-0.0510839554662737,2.257507400185629,21.609318180398223,0.0062408800000012,0.0132686400000005,-0.0259638799999988,21.72697819426549,1.0,0.0,0.0,3802.05,0.0,0.0,0.0,8.90445656866156e-05,8.068543955107214e-05,23.197269768397547,2.2577638938033553e-07,7.662867898069619e-08,3.9893666214442404e-05
42.14204069995321,570384.4974576,-0.0043764999998978,2.1216900000000094,21.349146,-0.039918200840562,2.2250392695792334,21.54712214129148,0.0058408800000012,0.0136686400000005,-0.0259638799999988,21.661737367664248,1.0,0.0,0.0,3799.12,0.0,0.0,0.0,8.90445656866156e-05,8.068543955107214e-05,23.108651380456106,2.2577638938033553e-07,7.662867898069619e-08,3.9893666214442404e-05
42.25283999997191,570384.6082569,-0.0343764999998976,2.2066900000000094,21.529146,-0.0385934172235117,2.22065274413834,21.542824814863103,0.0114408800000012,0.0128686400000005,-0.0271638799999988,21.65701015989473,1.0,0.0,0.0,3798.14,0.0,0.0,0.0,8.90445656866156e-05,8.068543955107214e-05,23.079153942002893,2.2577638938033553e-07,7.662867898069619e-08,3.9893666214442404e-05
42.36368599999696,570384.7191029,-0.0293764999998977,2.0866900000000093,21.64914599999999,-0.036390046581785,2.188627982457362,21.568241662192925,0.0102408800000012,0.0128686400000005,-0.0275638799999988,21.679032844659844,1.0,0.0,0.0,3804.99,0.0,0.0,0.0,8.90445656866156e-05,8.068543955107214e-05,23.28683977021111,2.2577638938033553e-07,7.662867898069619e-08,3.9893666214442404e-05
42.47617849998642,570384.8315954,-0.0643764999998977,2.066690000000009,21.48914599999999,-0.0430804104346289,2.1594778269184185,21.54933327278944,0.0118408800000012,0.0120686400000005,-0.0283638799999988,21.65730742517327,1.0,0.0,0.0,3807.92,0.0,0.0,0.0,8.90445656866156e-05,8.068543955107214e-05,23.376759626128308,2.2577638938033553e-07,7.662867898069619e-08,3.9893666214442404e-05
42.578463300014846,570384.9338802,0.0356235000001021,1.8816900000000087,21.354146,-0.0242656721187978,2.0930706402624573,21.502672345272245,0.0154408800000012,0.0152686400000005,-0.0231638799999988,21.604315576201618,1.0,0.0,0.0,3799.12,0.0,0.0,0.0,8.90445656866156e-05,8.068543955107214e-05,23.108651380456106,2.2577638938033553e-07,7.662867898069619e-08,3.9893666214442404e-05
42.69037399999797,570385.0457909,-0.0143764999998978,1.9716900000000093,21.234145999999992,-0.0219015940882453,2.064053721401229,21.438479182705137,0.0138408800000012,0.0164686400000005,-0.0227638799999988,21.53762259656194,1.0,0.0,0.0,3801.56,0.0,0.0,0.0,8.90445656866156e-05,8.068543955107214e-05,23.182404858339666,2.2577638938033553e-07,7.662867898069619e-08,3.9893666214442404e-05
42.80123849993106,570385.1566554,-0.0243764999998976,1.9666900000000087,21.36414599999999,-0.0224932382241826,2.040778220482649,21.4207092984255,0.0158408800000012,0.0160686400000005,-0.0227638799999988,21.51771522579976,1.0,0.0,0.0,3802.54,0.0,0.0,0.0,8.90445656866156e-05,8.068543955107214e-05,23.21215274094711,2.2577638938033553e-07,7.662867898069619e-08,3.9893666214442404e-05
42.91206629993394,570385.2674832,0.0106235000001022,1.9616900000000093,21.204145999999994,-0.0145764427292431,2.0218716100737586,21.368938277567928,0.0126408800000012,0.0164686400000005,-0.0215638799999988,21.46438213391694,1.0,0.0,0.0,3803.03,0.0,0.0,0.0,8.90445656866156e-05,8.068543955107214e-05,23.227053811013818,2.2577638938033553e-07,7.662867898069619e-08,3.9893666214442404e-05
43.02453850000165,570385.3799554,0.0156235000001021,1.896690000000009,21.109145999999992,-0.007356928267164,1.991946041922412,21.30683305697704,0.0210408800000012,0.0088686400000005,-0.0235638799999988,21.39974387875269,1.0,0.0,0.0,3804.99,0.0,0.0,0.0,8.90445656866156e-05,8.068543955107214e-05,23.28683977021111,2.2577638938033553e-07,7.662867898069619e-08,3.9893666214442404e-05
43.13621359993704,570385.4916305,0.1106235000001023,1.9266900000000096,21.05914599999999,0.0208471453548085,1.97634611371662,21.247621676811804,0.0190408800000012,0.0084686400000005,-0.0215638799999988,21.33934875964108,1.0,0.0,0.0,3791.79,0.0,0.0,0.0,8.90445656866156e-05,8.068543955107214e-05,22.889734571140835,2.2577638938033553e-07,7.662867898069619e-08,3.9893666214442404e-05
43.23878579994198,570385.5942027,-0.0443764999998976,1.8566900000000093,20.919145999999994,0.0052549617825443,1.947741455383482,21.16909719348953,0.0134408800000012,0.0056686400000005,-0.0219638799999988,21.25851359759306,1.0,0.0,0.0,3794.72,0.0,0.0,0.0,8.90445656866156e-05,8.068543955107214e-05,22.97676949677886,2.2577638938033553e-07,7.662867898069619e-08,3.9893666214442404e-05
43.35124570003245,570385.7066626,-0.0493764999998977,1.8316900000000087,20.80914599999999,-0.0078050837929596,1.9199985166635287,21.08304826053857,0.0138408800000012,0.0056686400000005,-0.0207638799999988,21.170294735301194,1.0,0.0,0.0,3791.3,0.0,0.0,0.0,8.90445656866156e-05,8.068543955107214e-05,22.875239982292822,2.2577638938033553e-07,7.662867898069619e-08,3.9893666214442404e-05
43.46116379997693,570385.8165807,-0.0143764999998978,1.9466900000000096,21.029146,-0.0093760283065806,1.926379308563999,21.07016253578788,0.0142408800000012,0.0040686400000005,-0.0247638799999988,21.158042783652963,1.0,0.0,0.0,3796.68,0.0,0.0,0.0,8.90445656866156e-05,8.068543955107214e-05,23.03534064486723,2.2577638938033553e-07,7.662867898069619e-08,3.9893666214442404e-05
43.57284539996181,570385.9282623,0.0056235000001021,1.9416900000000088,21.12914599999999,-0.0057902827141151,1.930039439950252,21.084262958981363,0.0206408800000012,0.0016686400000005,-0.0207638799999988,21.17241673240471,1.0,0.0,0.0,3802.05,0.0,0.0,0.0,8.90445656866156e-05,8.068543955107214e-05,23.197269768397547,2.2577638938033553e-07,7.662867898069619e-08,3.9893666214442404e-05
43.683709600009024,570386.0391265,0.0206235000001022,1.9266900000000096,20.929145999999992,0.0005241228466016,1.929238732135096,21.047181129432342,0.0214408800000012,0.0012686400000005,-0.0179638799999988,21.135415677374503,1.0,0.0,0.0,3803.03,0.0,0.0,0.0,8.90445656866156e-05,8.068543955107214e-05,23.227053811013818,2.2577638938033553e-07,7.662867898069619e-08,3.9893666214442404e-05
43.7945122999372,570386.1499292,0.0156235000001021,2.0166900000000094,21.144145999999992,0.0041337380271681,1.9501445894321168,21.070361282178013,0.0210408800000012,-0.0007313599999994,-0.0215638799999988,21.16041600652,1.0,0.0,0.0,3801.56,0.0,0.0,0.0,8.90445656866156e-05,8.068543955107214e-05,23.182404858339666,2.2577638938033553e-07,7.662867898069619e-08,3.9893666214442404e-05
43.90625010000076,570386.261667,-0.0343764999998976,1.9916900000000093,21.134146,-0.0050724125561689,1.960076319936244,21.085609479729325,0.0214408800000012,-0.0015313599999994,-0.0231638799999988,21.176516522813547,1.0,0.0,0.0,3799.12,0.0,0.0,0.0,8.90445656866156e-05,8.068543955107214e-05,23.108651380456106,2.2577638938033553e-07,7.662867898069619e-08,3.9893666214442404e-05
44.01617590000387,570386.3715928,-0.0693764999998978,2.0416900000000093,21.144145999999992,-0.0204447691672856,1.9795866597009384,21.099603057745064,0.0162408800000012,0.0036686400000005,-0.0235638799999988,21.192272896654032,1.0,0.0,0.0,3799.12,0.0,0.0,0.0,8.90445656866156e-05,8.068543955107214e-05,23.108651380456106,2.2577638938033553e-07,7.662867898069619e-08,3.9893666214442404e-05
44.11857329995837,570386.4739902,0.0306235000001022,1.9766900000000087,21.139146,-0.0082365305255266,1.978894192275089,21.109056083733925,0.0206408800000012,0.0024686400000005,-0.0231638799999988,21.201611703143687,1.0,0.0,0.0,3804.01,0.0,0.0,0.0,8.90445656866156e-05,8.068543955107214e-05,23.25691038426405,2.2577638938033553e-07,7.662867898069619e-08,3.9893666214442404e-05
44.2296446999535,570386.5850616,0.0406235000001022,2.031690000000009,21.049146,0.0034438127174637,1.991515411488092,21.094734145450207,0.0198408800000012,0.0036686400000005,-0.0235638799999988,21.18853355381782,1.0,0.0,0.0,3803.52,0.0,0.0,0.0,8.90445656866156e-05,8.068543955107214e-05,23.241973013715754,2.2577638938033553e-07,7.662867898069619e-08,3.9893666214442404e-05
44.34123629995156,570386.6966532,0.1356235000001022,1.8916900000000088,20.889146,0.0350423217769802,1.9676514257719564,21.04558681419161,0.0258408800000012,0.0028686400000005,-0.0215638799999988,21.137398242246693,1.0,0.0,0.0,3803.52,0.0,0.0,0.0,8.90445656866156e-05,8.068543955107214e-05,23.241973013715754,2.2577638938033553e-07,7.662867898069619e-08,3.9893666214442404e-05
44.45380989997648,570386.8092268,0.1656235000001023,1.9566900000000087,20.839145999999992,0.0662586956988122,1.9650310177601,20.99623564631103,0.0274408800000012,0.0020686400000005,-0.0191638799999988,21.08809257450604,1.0,0.0,0.0,3798.63,0.0,0.0,0.0,8.90445656866156e-05,8.068543955107214e-05,23.093893750937468,2.2577638938033553e-07,7.662867898069619e-08,3.9893666214442404e-05
44.5637406000169,570386.9191575,0.0256235000001021,1.8766900000000093,20.759146,0.0565445586342016,1.94391245932343,20.93955765371708,0.0246408800000012,0.0012686400000005,-0.0211638799999988,21.02967112605343,1.0,0.0,0.0,3794.23,0.0,0.0,0.0,8.90445656866156e-05,8.068543955107214e-05,22.96217066755061,2.2577638938033553e-07,7.662867898069619e-08,3.9893666214442404e-05
44.67456830001902,570387.0299852,0.0206235000001022,1.6966900000000096,20.409146,0.0479573700879771,1.8848121445833668,20.812758916408715,0.0222408800000012,-0.0019313599999994,-0.0251638799999988,20.89798436314529,1.0,0.0,0.0,3783.48,0.0,0.0,0.0,8.90445656866156e-05,8.068543955107214e-05,22.64623955627676,2.2577638938033553e-07,7.662867898069619e-08,3.9893666214442404e-05
44.78626209998038,570387.141679,0.1206235000001021,1.6516900000000092,20.09414599999999,0.0653287333553033,1.8290826119371,20.640969307761264,0.0194408800000012,-0.0007313599999994,-0.0251638799999988,20.72195514445089,1.0,0.0,0.0,3772.73,0.0,0.0,0.0,8.90445656866156e-05,8.068543955107214e-05,22.338396259582694,2.2577638938033553e-07,7.662867898069619e-08,3.9893666214442404e-05
44.88842750003096,570387.2438444,0.1456235000001022,1.666690000000009,20.00414599999999,0.084523777339877,1.790261484992531,20.48873209587728,0.0218408800000012,-0.0015313599999994,-0.0239638799999988,20.56697166211436,1.0,0.0,0.0,3769.79,0.0,0.0,0.0,8.90445656866156e-05,8.068543955107214e-05,22.255569737918126,2.2577638938033553e-07,7.662867898069619e-08,3.9893666214442404e-05
44.998758999980055,570387.3541759,0.0856235000001022,1.7066900000000094,20.189146,0.0847866739857722,1.7702831178171965,20.41711387556449,0.0246408800000012,-0.0027313599999994,-0.0247638799999988,20.49389250740528,1.0,0.0,0.0,3773.22,0.0,0.0,0.0,8.90445656866156e-05,8.068543955107214e-05,22.352256941255913,2.2577638938033553e-07,7.662867898069619e-08,3.9893666214442404e-05
45.10958259995096,570387.4649995,0.0506235000001022,1.9116900000000088,20.229146,0.076619720463029,1.8040874544712635,20.37217879710404,0.0258408800000012,-0.0043313599999994,-0.0259638799999988,20.45204808976646,1.0,0.0,0.0,3778.59,0.0,0.0,0.0,8.90445656866156e-05,8.068543955107214e-05,22.505223901573412,2.2577638938033553e-07,7.662867898069619e-08,3.9893666214442404e-05
45.22034919995349,570387.5757661,-0.1043764999998977,1.8166900000000088,20.249146,0.0333512665151337,1.8071001840157923,20.34276691821529,0.0214408800000012,-0.0059313599999994,-0.0299638799999988,20.42290109829851,1.0,0.0,0.0,3774.68,0.0,0.0,0.0,8.90445656866156e-05,8.068543955107214e-05,22.393652009043425,2.2577638938033553e-07,7.662867898069619e-08,3.9893666214442404e-05
45.33284239994828,570387.6882593,0.0456235000001021,1.8766900000000093,20.519145999999992,0.0362850325795524,1.823736132216558,20.38493161180974,0.0102408800000012,0.0040686400000005,-0.0263638799999988,20.46638138268955,1.0,0.0,0.0,3771.75,0.0,0.0,0.0,8.90445656866156e-05,8.068543955107214e-05,22.31072323961185,2.2577638938033553e-07,7.662867898069619e-08,3.9893666214442404e-05
45.44373389997054,570387.7991508,0.1356235000001022,1.8816900000000087,20.419145999999994,0.0600326107988498,1.8375904229463704,20.39311080845804,0.0190408800000012,0.0012686400000005,-0.0275638799999988,20.47582259453602,1.0,0.0,0.0,3770.77,0.0,0.0,0.0,8.90445656866156e-05,8.068543955107214e-05,22.283114478353657,2.2577638938033553e-07,7.662867898069619e-08,3.9893666214442404e-05
45.55456750001758,570387.9099844,0.0756235000001022,1.896690000000009,20.569146,0.0637597254849231,1.85171860375338,20.435193292605835,0.0206408800000012,-0.0007313599999994,-0.0287638799999988,20.51901683795408,1.0,0.0,0.0,3780.06,0.0,0.0,0.0,8.90445656866156e-05,8.068543955107214e-05,22.547441079942523,2.2577638938033553e-07,7.662867898069619e-08,3.9893666214442404e-05
45.66534579999279,570388.0207627,0.0256235000001021,1.8016900000000096,20.71914599999999,0.0546429853015306,1.8397589046389795,20.50307423847222,0.0234408800000012,0.0008686400000005,-0.0251638799999988,20.58552287194436,1.0,0.0,0.0,3785.43,0.0,0.0,0.0,8.90445656866156e-05,8.068543955107214e-05,22.702937695741234,2.2577638938033553e-07,7.662867898069619e-08,3.9893666214442404e-05
45.77538450004067,570388.1308014,0.0156235000001021,1.791690000000009,20.569146,0.045315095478653,1.82826768575398,20.51886917034212,0.0250408800000012,0.0004686400000005,-0.0267638799999988,20.600208936276992,1.0,0.0,0.0,3787.88,0.0,0.0,0.0,8.90445656866156e-05,8.068543955107214e-05,22.774554066780343,2.2577638938033553e-07,7.662867898069619e-08,3.9893666214442404e-05
45.88619160000235,570388.2416085,-0.0093764999998977,1.6516900000000092,20.194146,0.0322406745087118,1.786055514446035,20.441241750798063,0.0214408800000012,0.0016686400000005,-0.0263638799999988,20.519147108891875,1.0,0.0,0.0,3782.99,0.0,0.0,0.0,8.90445656866156e-05,8.068543955107214e-05,22.632034239854665,2.2577638938033553e-07,7.662867898069619e-08,3.9893666214442404e-05
45.99623769999016,570388.3516546,0.0556235000001021,1.5966900000000095,20.43414599999999,0.0378305078508568,1.7407863203149585,20.439545460312843,0.0278408800000012,0.0028686400000005,-0.0227638799999988,20.513575670382657,1.0,0.0,0.0,3779.57,0.0,0.0,0.0,8.90445656866156e-05,8.068543955107214e-05,22.53335214728767,2.2577638938033553e-07,7.662867898069619e-08,3.9893666214442404e-05
46.10655909997877,570388.461976,0.0206235000001022,1.6516900000000092,20.244146,0.0337170483274081,1.719487201346538,20.392833807835427,0.0242408800000012,0.0016686400000005,-0.0223638799999988,20.465225231815506,1.0,0.0,0.0,3783.97,0.0,0.0,0.0,8.90445656866156e-05,8.068543955107214e-05,22.660461673193335,2.2577638938033553e-07,7.662867898069619e-08,3.9893666214442404e-05
46.20863649994135,570388.5640534,0.1656235000001023,1.5916900000000092,20.354146,0.0652502384406198,1.6889363572074207,20.3835852079067,0.0262408800000012,0.0024686400000005,-0.0171638799999988,20.453540269114946,1.0,0.0,0.0,3782.5,0.0,0.0,0.0,8.90445656866156e-05,8.068543955107214e-05,22.617845692278618,2.2577638938033553e-07,7.662867898069619e-08,3.9893666214442404e-05
46.31872620002832,570388.6741431,0.0706235000001023,1.6066900000000093,20.18414599999999,0.0665347554307637,1.669274771401324,20.33590782458541,0.0278408800000012,-0.0019313599999994,-0.0227638799999988,20.404412566554107,1.0,0.0,0.0,3782.99,0.0,0.0,0.0,8.90445656866156e-05,8.068543955107214e-05,22.632034239854665,2.2577638938033553e-07,7.662867898069619e-08,3.9893666214442404e-05
46.4295588999521,570388.7849758,0.1456235000001022,1.6016900000000094,20.41414599999999,0.0854414911263647,1.6531181435917626,20.354611225580385,0.0298408800000012,0.0012686400000005,-0.0167638799999988,20.421809371101308,1.0,0.0,0.0,3782.01,0.0,0.0,0.0,8.90445656866156e-05,8.068543955107214e-05,22.603673881981436,2.2577638938033553e-07,7.662867898069619e-08,3.9893666214442404e-05
46.54042880004272,570388.8958457,0.1356235000001022,1.5966900000000095,20.334146,0.0974378628429273,1.6396285882512127,20.34971886557257,0.0290408800000012,-0.0011313599999994,-0.0203638799999988,20.41589904834872,1.0,0.0,0.0,3783.48,0.0,0.0,0.0,8.90445656866156e-05,8.068543955107214e-05,22.64623955627676,2.2577638938033553e-07,7.662867898069619e-08,3.9893666214442404e-05
46.65123840002343,570389.0066553,0.0656235000001022,1.7516900000000093,20.55914599999999,0.0898324095907785,1.666417678217774,20.39978393487753,0.0306408800000012,-0.0015313599999994,-0.0243638799999988,20.46793107106277,1.0,0.0,0.0,3786.41,0.0,0.0,0.0,8.90445656866156e-05,8.068543955107214e-05,22.731533237502028,2.2577638938033553e-07,7.662867898069619e-08,3.9893666214442404e-05
46.76207880000584,570389.1174957,0.0706235000001023,1.7066900000000094,20.62914599999999,0.0852403809954427,1.6760450676513914,20.45461459336732,0.0302408800000012,-0.0003313599999994,-0.0219638799999988,20.52334405389497,1.0,0.0,0.0,3784.46,0.0,0.0,0.0,8.90445656866156e-05,8.068543955107214e-05,22.67470062233434,2.2577638938033553e-07,7.662867898069619e-08,3.9893666214442404e-05
46.87291579996236,570389.2283327,0.0656235000001022,1.5566900000000097,20.424146,0.0805508238887953,1.647512376554786,20.4473308560296,0.0326408800000012,-0.0031313599999994,-0.0235638799999988,20.513754522321616,1.0,0.0,0.0,3785.43,0.0,0.0,0.0,8.90445656866156e-05,8.068543955107214e-05,22.702937695741234,2.2577638938033553e-07,7.662867898069619e-08,3.9893666214442404e-05
46.98459579993505,570389.3400127,0.0606235000001023,1.5516900000000096,20.50414599999999,0.0757870531659734,1.6246053452558231,20.46091292660621,0.0286408800000012,0.0004686400000005,-0.0247638799999988,20.525448691695445,1.0,0.0,0.0,3782.99,0.0,0.0,0.0,8.90445656866156e-05,8.068543955107214e-05,22.632034239854665,2.2577638938033553e-07,7.662867898069619e-08,3.9893666214442404e-05
47.096395800006576,570389.4518127,0.0806235000001023,1.7116900000000093,20.699145999999992,0.076943240718281,1.6454235610380636,20.517864263703963,0.0282408800000012,-0.0003313599999994,-0.0235638799999988,20.58387944244941,1.0,3.42,0.0,3783.97,0.0,0.0,0.0,0.27559571752759826,8.068543955107214e-05,22.660461673193335,2.2577638938033553e-07,7.662867898069619e-08,3.9893666214442404e-05
47.198504199972376,570389.5539211,-0.0043764999998978,1.811690000000009,20.89914599999999,0.0575031692774521,1.6851707543159424,20.60901241699636,0.0306408800000012,0.0012686400000005,-0.0247638799999988,20.677874646336083,1.0,0.0,0.0,3785.92,0.0,0.0,0.0,8.90445656866156e-05,8.068543955107214e-05,22.717226986966814,2.2577638938033553e-07,7.662867898069619e-08,3.9893666214442404e-05
47.31123879994266,570389.6666557,-0.0193764999998977,1.6816900000000097,20.919145999999994,0.0391245289879009,1.6843386548531043,20.68315209029764,0.0326408800000012,0.0008686400000005,-0.0243638799999988,20.7516579536042,1.0,0.0,0.0,3794.23,0.0,0.0,0.0,8.90445656866156e-05,8.068543955107214e-05,22.96217066755061,2.2577638938033553e-07,7.662867898069619e-08,3.9893666214442404e-05
47.42254399997182,570389.7779609,-0.0293764999998977,1.6516900000000092,21.069146,0.0227488631836025,1.6765337580692998,20.77542672268172,0.0302408800000012,0.0004686400000005,-0.0259638799999988,20.842975758327785,1.0,0.0,0.0,3796.19,0.0,0.0,0.0,8.90445656866156e-05,8.068543955107214e-05,23.020671415642077,2.2577638938033553e-07,7.662867898069619e-08,3.9893666214442404e-05
47.53286309994292,570389.88828,-0.0243764999998976,1.5766900000000097,20.999146,0.0114832046993096,1.6526653864703982,20.828908431985614,0.0242408800000012,0.0040686400000005,-0.0267638799999988,20.894373912890256,1.0,0.0,0.0,3797.17,0.0,0.0,0.0,8.90445656866156e-05,8.068543955107214e-05,23.050027558721464,2.2577638938033553e-07,7.662867898069619e-08,3.9893666214442404e-05
47.64454070001375,570389.9999576,0.4206235000001022,1.146690000000009,21.39914599999999,0.1092911477611741,1.5317083153654418,20.96522784179364,0.0274408800000012,0.0144686400000005,-0.0227638799999988,21.021390376867508,1.0,0.0,0.0,3797.65,0.0,0.0,0.0,8.90445656866156e-05,8.068543955107214e-05,23.064431919355567,2.2577638938033553e-07,7.662867898069619e-08,3.9893666214442404e-05
47.75550149998162,570390.1109184,0.4656235000001023,0.7166900000000094,20.799146,0.1944749705700781,1.336872299702321,20.925524777802305,-0.0073591199999987,0.0328686400000005,-0.0303638799999988,20.9690876121568,1.0,0.0,0.0,3797.65,0.0,0.0,0.0,8.90445656866156e-05,8.068543955107214e-05,23.064431919355567,2.2577638938033553e-07,7.662867898069619e-08,3.9893666214442404e-05
47.86535279999953,570390.2207697,0.1656235000001023,0.5816900000000094,21.619146,0.1875778181185342,1.1563405158155518,21.091339941418333,-0.0217591199999987,0.0512686400000005,-0.0491638799999988,21.123847408813457,1.0,0.0,0.0,3786.41,0.0,0.0,0.0,8.90445656866156e-05,8.068543955107214e-05,22.731533237502028,2.2577638938033553e-07,7.662867898069619e-08,3.9893666214442404e-05
47.97707469994202,570390.3324916,0.3206235000001023,0.2566900000000093,22.049146,0.2193833494425327,0.9412725612847648,21.32031039854036,-0.0357591199999987,0.0868686400000006,-0.0423638799999988,21.34220603824141,1.0,0.0,0.0,3782.01,0.0,0.0,0.0,8.90445656866156e-05,8.068543955107214e-05,22.603673881981436,2.2577638938033553e-07,7.662867898069619e-08,3.9893666214442404e-05
48.0870860000141,570390.4425029,0.0556235000001021,0.7416900000000093,24.93414599999999,0.1802353744959209,0.893560908302921,22.18422390401076,-0.0221591199999987,0.0768686400000005,-0.0387638799999988,22.20294408654738,1.0,0.0,0.0,3807.92,0.0,0.0,0.0,8.90445656866156e-05,8.068543955107214e-05,23.376759626128308,2.2577638938033553e-07,7.662867898069619e-08,3.9893666214442404e-05
48.19707620004192,570390.5524931,0.0756235000001022,0.4666900000000093,27.139146,0.1552271502222407,0.7915143341238542,23.3687338234852,0.0198408800000012,0.0908686400000006,-0.0383638799999988,23.38264978402129,1.0,0.0,0.0,3845.55,0.0,0.0,0.0,8.90445656866156e-05,8.068543955107214e-05,24.59322005742716,2.2577638938033553e-07,7.662867898069619e-08,3.9893666214442404e-05
48.30706230003853,570390.6624792,-0.1943764999998978,0.5116900000000093,30.194146,0.0716518722359741,0.7246203057094982,25.000397908401407,0.0442408800000012,0.1044686400000006,-0.0287638799999988,25.01099966328101,1.0,0.0,0.0,3876.83,0.0,0.0,0.0,8.90445656866156e-05,8.068543955107214e-05,25.700603995340398,2.2577638938033553e-07,7.662867898069619e-08,3.9893666214442404e-05
48.410516000003554,570390.7659329,0.0956235000001022,0.0366900000000093,33.18914599999999,0.0773824630146954,0.5601655967889357,26.957977292026285,0.0374408800000012,0.1672686400000005,-0.0147638799999988,26.96390760292012,1.0,0.0,0.0,3898.83,0.0,0.0,0.0,8.90445656866156e-05,8.068543955107214e-05,26.53900467343973,2.2577638938033553e-07,7.662867898069619e-08,3.9893666214442404e-05
48.521325499983504,570390.8767424,0.5956235000001022,0.5616900000000093,35.07414599999999,0.2012717264775508,0.5605300163882382,28.898206049710424,-0.0381591199999987,0.2588686400000006,-0.0255638799999988,28.904342530122904,1.0,0.0,0.0,3920.82,0.0,0.0,0.0,8.90445656866156e-05,8.068543955107214e-05,27.43201604168111,2.2577638938033553e-07,7.662867898069619e-08,3.9893666214442404e-05
48.63303779996932,570390.9884547,0.2856235000001021,0.5166900000000093,37.23414599999999,0.2214366272624895,0.5500497437874211,30.890972710412065,-0.0317591199999987,0.2496686400000005,-0.0487638799999988,30.89666298964917,1.0,0.0,0.0,3935.97,0.0,0.0,0.0,8.90445656866156e-05,8.068543955107214e-05,28.08231650754513,2.2577638938033553e-07,7.662867898069619e-08,3.9893666214442404e-05
48.74309619993437,570391.0985131,0.0256235000001021,0.9316900000000092,37.27914599999999,0.1746260847126168,0.6412836038556742,32.41811168096491,-0.0285591199999987,0.2436686400000005,-0.0451638799999988,32.424924115401566,1.0,0.0,0.0,3969.7,0.0,0.0,0.0,8.90445656866156e-05,8.068543955107214e-05,29.64544303560195,2.2577638938033553e-07,7.662867898069619e-08,3.9893666214442404e-05
48.85467259993311,570391.2100895,0.2456235000001021,0.5316900000000093,38.43914599999999,0.191598529694778,0.6150844611924493,33.85748342853811,0.0466408800000012,0.2256686400000006,-0.0339638799999988,33.863612078523374,1.0,0.0,0.0,3981.92,0.0,0.0,0.0,8.90445656866156e-05,8.068543955107214e-05,30.25525540972323,2.2577638938033553e-07,7.662867898069619e-08,3.9893666214442404e-05
48.964582399930805,570391.3199993,-0.2043764999998978,0.6866900000000093,39.03414599999999,0.096937838476809,0.632202282494932,35.09500201044115,0.0358408800000012,0.2080686400000005,-0.0415638799999988,35.100829659473696,1.0,0.0,0.0,3997.07,0.0,0.0,0.0,8.90445656866156e-05,8.068543955107214e-05,31.046991331387883,2.2577638938033553e-07,7.662867898069619e-08,3.9893666214442404e-05
49.075383299961686,570391.4308002,-0.1043764999998977,0.3616900000000093,37.99414599999999,0.0488121916475451,0.5675343672891056,35.788063323432695,0.0230408800000012,0.2180686400000006,-0.0243638799999988,35.79259636195922,1.0,0.0,0.0,4015.64,0.0,0.0,0.0,8.90445656866156e-05,8.068543955107214e-05,32.07606879198708,2.2577638938033553e-07,7.662867898069619e-08,3.9893666214442404e-05
49.179320900002494,570391.5347378,-0.1443764999998977,0.4166900000000093,38.72914599999999,0.002629039389326,0.5314739316476633,36.49115038250236,0.0418408800000012,0.2328686400000006,-0.0263638799999988,36.49502058761266,1.0,0.0,0.0,4017.11,0.0,0.0,0.0,8.90445656866156e-05,8.068543955107214e-05,32.16047251719214,2.2577638938033553e-07,7.662867898069619e-08,3.9893666214442404e-05
49.28954110003542,570391.644958,-0.5193764999998978,0.5166900000000093,38.54414599999999,-0.1221601555664615,0.5279397259939249,36.981933814906256,0.0522408800000012,0.2196686400000005,-0.0395638799999988,36.98590369516469,1.0,0.0,0.0,4023.46,0.0,0.0,0.0,8.90445656866156e-05,8.068543955107214e-05,32.53028523940418,2.2577638938033553e-07,7.662867898069619e-08,3.9893666214442404e-05
49.39956179994624,570391.7549787,-0.3493764999998978,0.5916900000000094,37.94914599999999,-0.1764778640256886,0.54317968950224,37.21315287451719,0.0554408800000012,0.2204686400000005,-0.0195638799999988,37.21753532239563,1.0,0.0,0.0,4016.13,0.0,0.0,0.0,8.90445656866156e-05,8.068543955107214e-05,32.104153672238695,2.2577638938033553e-07,7.662867898069619e-08,3.9893666214442404e-05
49.5103650999954,570391.865782,-0.3243764999998977,0.6466900000000093,36.86914599999999,-0.2118341013174909,0.567924576944917,37.13091554619212,0.0610408800000012,0.2052686400000005,-0.0255638799999988,37.13586273819461,1.0,0.0,0.0,4004.89,0.0,0.0,0.0,8.90445656866156e-05,8.068543955107214e-05,31.472140823131582,2.2577638938033553e-07,7.662867898069619e-08,3.9893666214442404e-05
49.62208629993256,570391.9775032,-0.3243764999998977,0.5166900000000093,34.72414599999999,-0.2387381746849942,0.5556765812275992,36.55555990060867,0.0450408800000012,0.1976686400000006,-0.0183638799999988,36.56056252337982,1.0,0.0,0.0,3984.85,0.0,0.0,0.0,8.90445656866156e-05,8.068543955107214e-05,30.40520983603904,2.2577638938033553e-07,7.662867898069619e-08,3.9893666214442404e-05
49.73301199998241,570392.0884289,-0.3993764999998976,0.2716900000000093,33.13414599999999,-0.2771399267402455,0.4877875375766403,35.737646192706144,0.0438408800000012,0.1788686400000005,-0.0183638799999988,35.74204944621744,1.0,0.0,0.0,3963.34,0.0,0.0,0.0,8.90445656866156e-05,8.068543955107214e-05,29.33764734800082,2.2577638938033553e-07,7.662867898069619e-08,3.9893666214442404e-05
49.84298710001167,570392.198404,-0.3893764999998979,0.1466900000000093,31.769146,-0.3039708903312756,0.4062457072631285,34.78894755473933,0.0346408800000012,0.1700686400000005,-0.0183638799999988,34.79264729570376,1.0,0.0,0.0,3939.88,0.0,0.0,0.0,8.90445656866156e-05,8.068543955107214e-05,28.255105979079865,2.2577638938033553e-07,7.662867898069619e-08,3.9893666214442404e-05
49.955426099943,570392.310843,-0.2543764999998978,0.3366900000000093,30.829145999999994,-0.2921149930719917,0.3896179129985295,33.84232838901406,0.0302408800000012,0.1676686400000006,-0.0139638799999988,33.84583170904762,1.0,0.0,0.0,3928.64,0.0,0.0,0.0,8.90445656866156e-05,8.068543955107214e-05,27.763939689813203,2.2577638938033553e-07,7.662867898069619e-08,3.9893666214442404e-05
50.06544529995881,570392.4208622,-0.3093764999998978,0.3066900000000093,30.62914599999999,-0.2962414809935136,0.3697933963572745,33.0741939281416,0.0322408800000012,0.1628686400000006,-0.0111638799999988,33.077587731988096,1.0,0.0,0.0,3929.13,0.0,0.0,0.0,8.90445656866156e-05,8.068543955107214e-05,27.785000935747078,2.2577638938033553e-07,7.662867898069619e-08,3.9893666214442404e-05
50.17543669999577,570392.5308536,-0.4243764999998978,0.3366900000000093,30.55914599999999,-0.3268730828844826,0.3618797903320225,32.47295355319225,0.0394408800000012,0.1600686400000006,-0.0183638799999988,32.476614901537175,1.0,0.0,0.0,3927.66,0.0,0.0,0.0,8.90445656866156e-05,8.068543955107214e-05,27.721911253946537,2.2577638938033553e-07,7.662867898069619e-08,3.9893666214442404e-05
50.28543449996505,570392.6408514,-0.1743764999998978,0.3366900000000093,30.25414599999999,-0.2904176731699765,0.3558579889919161,31.94253157979968,0.0466408800000012,0.1628686400000006,-0.0071638799999988,31.945833860766864,1.0,0.0,0.0,3922.29,0.0,0.0,0.0,8.90445656866156e-05,8.068543955107214e-05,27.49381464894797,2.2577638938033553e-07,7.662867898069619e-08,3.9893666214442404e-05
50.395393099985085,570392.75081,-0.4343764999998978,0.3116900000000093,30.154146,-0.3248320706261893,0.3452993121710434,31.515005088347376,0.0550408800000012,0.1396686400000006,-0.0207638799999988,31.51857060857383,1.0,0.0,0.0,3906.16,0.0,0.0,0.0,8.90445656866156e-05,8.068543955107214e-05,26.830288947200632,2.2577638938033553e-07,7.662867898069619e-08,3.9893666214442404e-05
50.506700500031,570392.8621174,-0.2143764999998978,0.1966900000000093,29.869146,-0.2984268685799338,0.3097731826007419,31.12155058423263,0.0490408800000012,0.1444686400000006,-0.0079638799999988,31.12452294875376,1.0,0.0,0.0,3908.6,0.0,0.0,0.0,8.90445656866156e-05,8.068543955107214e-05,26.928641043003758,2.2577638938033553e-07,7.662867898069619e-08,3.9893666214442404e-05
50.61710609996226,570392.972523,-0.0243764999998976,0.2416900000000093,30.279146,-0.2329131483377045,0.2934974059936313,30.920167683169065,0.0582408800000012,0.1432686400000005,0.0036361200000011,30.92243778904384,1.0,0.0,0.0,3910.07,0.0,0.0,0.0,8.90445656866156e-05,8.068543955107214e-05,26.988235110706988,2.2577638938033553e-07,7.662867898069619e-08,3.9893666214442404e-05
50.71934950002469,570393.0747664,-0.2893764999998978,0.3016900000000093,29.784146,-0.2464111204218224,0.2954559047709656,30.64859349362912,0.0550408800000012,0.1348686400000005,-0.0067638799999988,30.651008071018754,1.0,0.0,0.0,3903.71,0.0,0.0,0.0,8.90445656866156e-05,8.068543955107214e-05,26.732237490378647,2.2577638938033553e-07,7.662867898069619e-08,3.9893666214442404e-05
50.83127920003608,570393.1866961,-0.3293764999998978,0.2266900000000093,29.424146,-0.266244593719564,0.2790169184973438,30.355880475345074,0.0546408800000012,0.1312686400000005,-0.0091638799999988,30.35833025806803,1.0,0.0,0.0,3898.83,0.0,0.0,0.0,8.90445656866156e-05,8.068543955107214e-05,26.53900467343973,2.2577638938033553e-07,7.662867898069619e-08,3.9893666214442404e-05
50.942112699965946,570393.2975296,-0.0393764999998977,0.0816900000000093,29.609145999999992,-0.2120101371090911,0.2318444932177184,30.17736820489469,0.0738408800000012,0.1312686400000005,3.612000000116633e-05,30.17900349483165,1.0,0.0,0.0,3889.05,0.0,0.0,0.0,8.90445656866156e-05,8.068543955107214e-05,26.159828752198294,2.2577638938033553e-07,7.662867898069619e-08,3.9893666214442404e-05
51.05291239998769,570393.4083293,-0.1293764999998978,0.1266900000000093,29.419145999999994,-0.1922559692449142,0.2067065520189039,29.99610970971259,0.0722408800000012,0.1336686400000006,-0.0031638799999988,29.997438018495377,1.0,0.0,0.0,3885.14,0.0,0.0,0.0,8.90445656866156e-05,8.068543955107214e-05,26.01116921915897,2.2577638938033553e-07,7.662867898069619e-08,3.9893666214442404e-05
51.164656699984334,570393.5200736,-0.1443764999998977,0.1366900000000093,28.919145999999994,-0.1808100362592473,0.1899685894864737,29.73865375533923,0.0658408800000012,0.1336686400000006,-0.0011638799999988,29.739810145899646,1.0,0.0,0.0,3881.72,0.0,0.0,0.0,8.90445656866156e-05,8.068543955107214e-05,25.88247839335616,2.2577638938033553e-07,7.662867898069619e-08,3.9893666214442404e-05
51.27563619997818,570393.6310531,-0.1043764999998977,-0.0583099999999906,28.16414599999999,-0.1625380472903403,0.1306157992018617,29.36225630279433,0.0598408800000012,0.1236686400000006,0.0076361200000011,29.3629966845144,1.0,0.0,0.0,3855.82,0.0,0.0,0.0,8.90445656866156e-05,8.068543955107214e-05,24.946513996834817,2.2577638938033553e-07,7.662867898069619e-08,3.9893666214442404e-05
51.38711589993909,570393.7425328,-0.2393764999998977,-0.1633099999999906,27.769145999999992,-0.1809068344616282,0.0603507136971142,28.981411776902736,0.0630408800000012,0.1172686400000005,-0.0003638799999988,28.98203923249355,1.0,0.0,0.0,3843.6,0.0,0.0,0.0,8.90445656866156e-05,8.068543955107214e-05,24.52722207916301,2.2577638938033553e-07,7.662867898069619e-08,3.9893666214442404e-05
51.49710080004297,570393.8525177,-0.3393764999998978,-0.0783099999999906,27.939146,-0.2187901527317213,0.0272028684568078,28.732250614011928,0.0642408800000012,0.1196686400000005,-0.0039638799999988,28.73309649991406,1.0,0.0,0.0,3851.42,0.0,0.0,0.0,8.90445656866156e-05,8.068543955107214e-05,24.79396442319018,2.2577638938033553e-07,7.662867898069619e-08,3.9893666214442404e-05
51.59963249997236,570393.9550494,-0.3193764999998978,-0.1133099999999907,27.59414599999999,-0.2428360456427921,-0.0063877477580482,28.46017848480772,0.0658408800000012,0.1180686400000006,-0.0055638799999988,28.461215180232504,1.0,0.0,0.0,3853.37,0.0,0.0,0.0,8.90445656866156e-05,8.068543955107214e-05,24.861349609886133,2.2577638938033553e-07,7.662867898069619e-08,3.9893666214442404e-05
51.709432899951935,570394.0648498,-0.3043764999998977,0.0116900000000093,27.409146,-0.2575477358011421,-0.0020661315698726,28.20892157706494,0.0630408800000012,0.1176686400000005,-0.0067638799999988,28.210097334928072,1.0,0.0,0.0,3853.37,0.0,0.0,0.0,8.90445656866156e-05,8.068543955107214e-05,24.861349609886133,2.2577638938033553e-07,7.662867898069619e-08,3.9893666214442404e-05
51.82053719996475,570394.1759541,-0.2193764999998977,0.0116900000000093,27.554145999999992,-0.2484226261487077,0.0012223710508466,28.052392745523708,0.0666408800000012,0.1216686400000005,-0.0055638799999988,28.05349272451622,1.0,0.0,0.0,3845.55,0.0,0.0,0.0,8.90445656866156e-05,8.068543955107214e-05,24.59322005742716,2.2577638938033553e-07,7.662867898069619e-08,3.9893666214442404e-05
51.93159099994227,570394.2870079,-0.1593764999998976,0.0466900000000093,27.644145999999992,-0.227135506458286,0.0120917361915944,27.95479841199071,0.0734408800000012,0.1224686400000006,-0.0035638799999988,27.95572376103713,1.0,0.0,0.0,3845.06,0.0,0.0,0.0,8.90445656866156e-05,8.068543955107214e-05,24.576603922983306,2.2577638938033553e-07,7.662867898069619e-08,3.9893666214442404e-05
52.04214539995883,570394.3975623,-0.3643764999998977,0.1766900000000093,28.284146,-0.2599439573399161,0.0514401401487737,28.033531331983085,0.0766408800000012,0.1132686400000005,-0.0159638799999988,28.034783678321,1.0,0.0,0.0,3849.95,0.0,0.0,0.0,8.90445656866156e-05,8.068543955107214e-05,24.7433980420465,2.2577638938033553e-07,7.662867898069619e-08,3.9893666214442404e-05
52.152282399940304,570394.5076993,-0.5393764999998978,0.0616900000000093,28.324145999999992,-0.3267443251746865,0.0538904431872087,28.103004867659745,0.0666408800000012,0.0972686400000005,-0.0063638799999988,28.104955944203294,1.0,0.0,0.0,3859.73,0.0,0.0,0.0,8.90445656866156e-05,8.068543955107214e-05,25.08359879149854,2.2577638938033553e-07,7.662867898069619e-08,3.9893666214442404e-05
52.26207539997995,570394.6174923,-0.3793764999998978,-0.1633099999999906,27.80914599999999,-0.3393264267609939,0.0019671082718658,28.032755782623624,0.0518408800000012,0.0988686400000005,0.0076361200000011,28.03480948859171,1.0,0.0,0.0,3882.7,0.0,0.0,0.0,8.90445656866156e-05,8.068543955107214e-05,25.91922822308836,2.2577638938033553e-07,7.662867898069619e-08,3.9893666214442404e-05
52.372961599961855,570394.7283785,-0.2943764999998977,-0.0883099999999906,27.80914599999999,-0.3285808220679825,-0.0196142865872056,27.979300248817427,0.0634408800000012,0.0972686400000005,0.0080361200000011,27.981236436053788,1.0,0.0,0.0,3881.23,0.0,0.0,0.0,8.90445656866156e-05,8.068543955107214e-05,25.8641413591254,2.2577638938033553e-07,7.662867898069619e-08,3.9893666214442404e-05
52.48463570000604,570394.8400526,-0.2843764999998976,-0.1033099999999906,28.064146,-0.3180134595627935,-0.0396223514637818,27.99958323853029,0.0642408800000012,0.1000686400000006,0.0096361200000011,28.001417178824813,1.0,0.0,0.0,3881.72,0.0,0.0,0.0,8.90445656866156e-05,8.068543955107214e-05,25.88247839335616,2.2577638938033553e-07,7.662867898069619e-08,3.9893666214442404e-05
52.5955294999294,570394.9509464,-0.4193764999998977,0.0216900000000093,28.454145999999994,-0.3422450265864255,-0.0249651909498052,28.10824975024405,0.0750408800000012,0.0916686400000005,0.0056361200000011,28.110344340492823,1.0,0.0,0.0,3887.59,0.0,0.0,0.0,8.90445656866156e-05,8.068543955107214e-05,26.104126347761532,2.2577638938033553e-07,7.662867898069619e-08,3.9893666214442404e-05
52.705475399969146,570395.0608923,-0.3793764999998978,-0.0133099999999907,28.334146,-0.3511215735292243,-0.0221789333606901,28.162251880534768,0.0758408800000012,0.0864686400000006,0.0008361200000011,28.16444938654343,1.0,0.0,0.0,3886.61,0.0,0.0,0.0,8.90445656866156e-05,8.068543955107214e-05,26.06686616969818,2.2577638938033553e-07,7.662867898069619e-08,3.9893666214442404e-05
52.81638450000901,570395.1718014,-0.3593764999998978,-0.1483099999999907,28.314146,-0.3530949733324139,-0.052331475962536,28.198563267016915,0.0802408800000012,0.0868686400000006,-0.0019638799999988,28.20082241650985,1.0,0.0,0.0,3890.03,0.0,0.0,0.0,8.90445656866156e-05,8.068543955107214e-05,26.197347810220442,2.2577638938033553e-07,7.662867898069619e-08,3.9893666214442404e-05
52.92710149998311,570395.2825184,-0.2993764999998978,-0.1833099999999906,28.109145999999992,-0.3402531842409378,-0.0836428382715557,28.177187423421,0.0878408800000012,0.0860686400000006,0.0016361200000011,28.17936584539075,1.0,0.0,0.0,3880.74,0.0,0.0,0.0,8.90445656866156e-05,8.068543955107214e-05,25.845829505119138,2.2577638938033553e-07,7.662867898069619e-08,3.9893666214442404e-05
53.03708509996068,570395.392502,-0.2093764999998977,0.0166900000000093,28.454145999999994,-0.308966167470902,-0.0596575485173752,28.24339637179314,0.0902408800000012,0.0880686400000005,0.0012361200000011,28.24514927788406,1.0,0.0,0.0,3872.43,0.0,0.0,0.0,8.90445656866156e-05,8.068543955107214e-05,25.539057760524717,2.2577638938033553e-07,7.662867898069619e-08,3.9893666214442404e-05
53.147102599963546,570395.5025195,-0.4443764999998978,0.0316900000000093,28.724146,-0.3413369856134838,-0.0378202571851666,28.358323043164138,0.0854408800000012,0.0740686400000005,-0.0011638799999988,28.360402450072097,1.0,0.0,0.0,3879.28,0.0,0.0,0.0,8.90445656866156e-05,8.068543955107214e-05,25.791416402500662,2.2577638938033553e-07,7.662867898069619e-08,3.9893666214442404e-05
53.25722669996321,570395.6126436,-0.4743764999998978,-0.0683099999999906,28.46914599999999,-0.3731410425532142,-0.0451090504510823,28.38481607153764,0.0738408800000012,0.0780686400000005,-0.0051638799999988,28.387304424321304,1.0,0.0,0.0,3898.83,0.0,0.0,0.0,8.90445656866156e-05,8.068543955107214e-05,26.53900467343973,2.2577638938033553e-07,7.662867898069619e-08,3.9893666214442404e-05
53.35930270003155,570395.7147196,-0.594376499999898,-0.0733099999999906,27.849146,-0.426028976774659,-0.0518506911534294,28.25676027146451,0.0594408800000012,0.0792686400000006,-0.0135638799999988,28.26001928913425,1.0,0.0,0.0,3898.83,0.0,0.0,0.0,8.90445656866156e-05,8.068543955107214e-05,26.53900467343973,2.2577638938033553e-07,7.662867898069619e-08,3.9893666214442404e-05
53.47128920000978,570395.8267061,-0.4443764999998978,-0.1333099999999907,27.674146,-0.4304150847370172,-0.071324127363534,28.11748212129224,0.0806408800000012,0.0792686400000006,-0.0095638799999988,28.12086672059561,1.0,0.0,0.0,3889.54,0.0,0.0,0.0,8.90445656866156e-05,8.068543955107214e-05,26.17857521245172,2.2577638938033553e-07,7.662867898069619e-08,3.9893666214442404e-05
53.581247900030576,570395.9366648,-0.3693764999998978,-0.2333099999999907,27.609145999999992,-0.4158233701366357,-0.1100480203401598,27.995960699475084,0.0914408800000012,0.0852686400000005,-0.0051638799999988,27.99926490335927,1.0,0.0,0.0,3875.86,0.0,0.0,0.0,8.90445656866156e-05,8.068543955107214e-05,25.664820655667118,2.2577638938033553e-07,7.662867898069619e-08,3.9893666214442404e-05
53.6937555000186,570396.0491724,-0.3893764999998979,-0.1933099999999906,27.849146,-0.4095010547885547,-0.1299523980299686,27.96086358503333,0.0910408800000012,0.0840686400000006,-0.0071638799999988,27.96416405259541,1.0,0.0,0.0,3858.26,0.0,0.0,0.0,8.90445656866156e-05,8.068543955107214e-05,25.03189066915068,2.2577638938033553e-07,7.662867898069619e-08,3.9893666214442404e-05
53.80383570003323,570396.1592526,-0.4593764999998977,-0.2433099999999907,28.279146,-0.4214241402471254,-0.1570513516320875,28.03695129547936,0.0930408800000012,0.0788686400000005,-0.0255638799999988,28.04055815026004,1.0,0.0,0.0,3861.19,0.0,0.0,0.0,8.90445656866156e-05,8.068543955107214e-05,25.135159294374166,2.2577638938033553e-07,7.662867898069619e-08,3.9893666214442404e-05
53.91462119994685,570396.2700381,-0.2243764999998978,-0.3933099999999907,28.18414599999999,-0.3743184784505854,-0.2135306881649323,28.07213925287225,0.0998408800000012,0.0916686400000005,-0.0083638799999988,28.07544678025176,1.0,0.0,0.0,3867.55,0.0,0.0,0.0,8.90445656866156e-05,8.068543955107214e-05,25.362170723480062,2.2577638938033553e-07,7.662867898069619e-08,3.9893666214442404e-05
54.02554079995025,570396.3809577,-0.2693764999998977,-0.1533099999999907,27.709146,-0.3492313404419513,-0.1991344976482963,27.9853630936512,0.0906408800000012,0.0864686400000006,-0.0091638799999988,27.98825047338249,1.0,0.0,0.0,3856.79,0.0,0.0,0.0,8.90445656866156e-05,8.068543955107214e-05,24.980387485011867,2.2577638938033553e-07,7.662867898069619e-08,3.9893666214442404e-05
54.135467599960975,570396.4908845,-0.3293764999998978,-0.2183099999999906,27.374146,-0.3444848974106408,-0.2037185400018326,27.839247232219545,0.0846408800000012,0.0772686400000006,-0.0151638799999988,27.842123797309863,1.0,0.0,0.0,3860.22,0.0,0.0,0.0,8.90445656866156e-05,8.068543955107214e-05,25.100880598628404,2.2577638938033553e-07,7.662867898069619e-08,3.9893666214442404e-05
54.24723540002015,570396.6026523,-0.4543764999998978,-0.1633099999999906,27.704145999999994,-0.3707552788237577,-0.1940585866188308,27.80695030673876,0.0970408800000012,0.0768686400000005,-0.0183638799999988,27.810098949361088,1.0,0.0,0.0,3861.68,0.0,0.0,0.0,8.90445656866156e-05,8.068543955107214e-05,25.152509667786095,2.2577638938033553e-07,7.662867898069619e-08,3.9893666214442404e-05
54.35792840004433,570396.7133453,-0.2393764999998977,-0.0933099999999906,27.28914599999999,-0.339348232716763,-0.1699739092190299,27.683165446796128,0.0946408800000012,0.0792686400000006,-0.0119638799999988,27.685767056513896,1.0,0.0,0.0,3860.22,0.0,0.0,0.0,8.90445656866156e-05,8.068543955107214e-05,25.100880598628404,2.2577638938033553e-07,7.662867898069619e-08,3.9893666214442404e-05
54.459731100010686,570396.815148,-0.2993764999998978,-0.2183099999999906,27.39914599999999,-0.3297927012705607,-0.1815290008813206,27.6152685463936,0.1062408800000012,0.0792686400000006,-0.0091638799999988,27.617834326634085,1.0,0.0,0.0,3850.44,0.0,0.0,0.0,8.90445656866156e-05,8.068543955107214e-05,24.76023146470917,2.2577638938033553e-07,7.662867898069619e-08,3.9893666214442404e-05
54.570441699936055,570396.9258586,-0.1343764999998977,-0.0733099999999906,27.62914599999999,-0.2830770467462485,-0.1556584669887072,27.61858605192353,0.1126408800000012,0.0796686400000006,-0.0083638799999988,27.620475334074985,1.0,0.0,0.0,3838.22,0.0,0.0,0.0,8.90445656866156e-05,8.068543955107214e-05,24.34688400520474,2.2577638938033553e-07,7.662867898069619e-08,3.9893666214442404e-05
54.682113599963486,570397.0375305,-0.3743764999998977,0.0066900000000093,27.494146,-0.3049028405582397,-0.1168478932129332,27.58883775860472,0.0990408800000012,0.0780686400000005,-0.0147638799999988,27.590769979160463,1.0,0.0,0.0,3840.66,0.0,0.0,0.0,8.90445656866156e-05,8.068543955107214e-05,24.428357096305064,2.2577638938033553e-07,7.662867898069619e-08,3.9893666214442404e-05
54.79298140003812,570397.1483983,-0.2793764999998978,-0.1083099999999906,27.574145999999992,-0.2988005844554215,-0.1148068481659626,27.585325587582712,0.1066408800000012,0.0744686400000005,-0.0087638799999988,27.58718271543149,1.0,0.0,0.0,3839.2,0.0,0.0,0.0,8.90445656866156e-05,8.068543955107214e-05,24.379544177873075,2.2577638938033553e-07,7.662867898069619e-08,3.9893666214442404e-05
54.90375469997525,570397.2591716,-0.1543764999998977,-0.0383099999999906,27.209146,-0.2642749638029685,-0.0965197240284369,27.49539713979617,0.1018408800000012,0.0780686400000005,-0.0063638799999988,27.49683656693496,1.0,0.0,0.0,3843.6,0.0,0.0,0.0,8.90445656866156e-05,8.068543955107214e-05,24.52722207916301,2.2577638938033553e-07,7.662867898069619e-08,3.9893666214442404e-05
55.01545970002189,570397.3708766,-0.0943764999998977,-0.1183099999999907,27.454145999999994,-0.2236595087504853,-0.1017288469039073,27.485535756845724,0.1170408800000012,0.0704686400000006,-0.0047638799999988,27.486633991360087,1.0,0.0,0.0,3824.05,0.0,0.0,0.0,8.90445656866156e-05,8.068543955107214e-05,23.88382830171552,2.2577638938033553e-07,7.662867898069619e-08,3.9893666214442404e-05
55.12634630000685,570397.4817632,-0.1593764999998976,-0.2283099999999907,27.384146,-0.2082921911532283,-0.1319889859244964,27.46129780307162,0.1174408800000012,0.0672686400000005,-0.0047638799999988,27.46240491578053,1.0,0.0,0.0,3813.29,0.0,0.0,0.0,8.90445656866156e-05,8.068543955107214e-05,23.54328321045949,2.2577638938033553e-07,7.662867898069619e-08,3.9893666214442404e-05
55.23727399995551,570397.5926909,-0.1293764999998978,-0.2833099999999907,27.239145999999995,-0.1894268251267946,-0.168163367423338,27.40819080980921,0.1198408800000012,0.0672686400000005,-0.0043638799999988,27.409361264121618,1.0,0.0,0.0,3818.18,0.0,0.0,0.0,8.90445656866156e-05,8.068543955107214e-05,23.69689444325535,2.2577638938033553e-07,7.662867898069619e-08,3.9893666214442404e-05
55.34715899999719,570397.7025759,0.0356235000001021,-0.2333099999999907,27.109145999999992,-0.1356269192292759,-0.1837371405346982,27.33670198784103,0.1306408800000012,0.0640686400000005,0.0068361200000011,27.337655890183107,1.0,0.0,0.0,3788.86,0.0,0.0,0.0,8.90445656866156e-05,8.068543955107214e-05,22.803320007633726,2.2577638938033553e-07,7.662867898069619e-08,3.9893666214442404e-05
55.44948499999009,570397.8049019,-0.1443764999998977,-0.2483099999999907,26.824145999999992,-0.1377185697160582,-0.1991737490390742,27.214171776442715,0.1186408800000012,0.0584686400000005,-0.0023638799999988,27.215249072247754,1.0,0.0,0.0,3768.82,0.0,0.0,0.0,8.90445656866156e-05,8.068543955107214e-05,22.228368878217392,2.2577638938033553e-07,7.662867898069619e-08,3.9893666214442404e-05
55.56054470001254,570397.9159616,-0.0543764999998976,-0.3733099999999907,26.644145999999992,-0.1177950459197444,-0.2408022777237649,27.07790299693979,0.1306408800000012,0.0540686400000005,-0.0115638799999988,27.07922990266675,1.0,0.0,0.0,3769.31,0.0,0.0,0.0,8.90445656866156e-05,8.068543955107214e-05,22.242101722632327,2.2577638938033553e-07,7.662867898069619e-08,3.9893666214442404e-05
55.67216209997423,570398.027579,-0.0693764999998978,-0.3283099999999906,26.75414599999999,-0.1062202427608793,-0.2617216308556146,27.00050654812683,0.1322408800000012,0.0568686400000005,-0.0079638799999988,27.00198390502945,1.0,0.0,0.0,3757.58,0.0,0.0,0.0,8.90445656866156e-05,8.068543955107214e-05,21.917658309922903,2.2577638938033553e-07,7.662867898069619e-08,3.9893666214442404e-05
55.78295280004386,570398.1383697,0.0306235000001022,-0.2733099999999907,26.794145999999994,-0.0735067575479438,-0.2644919142094449,26.951174568428847,0.1334408800000012,0.0564686400000005,-0.0107638799999988,26.952572601405105,1.0,0.0,0.0,3764.42,0.0,0.0,0.0,8.90445656866156e-05,8.068543955107214e-05,22.105761931958494,2.2577638938033553e-07,7.662867898069619e-08,3.9893666214442404e-05
55.89380429999437,570398.2492212,-0.1443764999998977,-0.2983099999999906,26.964145999999992,-0.0904486814165124,-0.2725763719063608,26.9542754828465,0.1390408800000012,0.0528686400000005,-0.0139638799999988,26.955805416415803,1.0,0.0,0.0,3772.24,0.0,0.0,0.0,8.90445656866156e-05,8.068543955107214e-05,22.324551702342994,2.2577638938033553e-07,7.662867898069619e-08,3.9893666214442404e-05
56.00378200004343,570398.3591989,-0.0543764999998976,-0.2933099999999906,26.579145999999994,-0.0818253658774754,-0.2775328954738005,26.8645980701827,0.1410408800000012,0.0572686400000005,-0.0059638799999988,26.8661562075976,1.0,0.0,0.0,3769.79,0.0,0.0,0.0,8.90445656866156e-05,8.068543955107214e-05,22.255569737918126,2.2577638938033553e-07,7.662867898069619e-08,3.9893666214442404e-05
56.11542039993219,570398.4708373,-0.1493764999998976,-0.2733099999999907,26.339145999999992,-0.0979739524525349,-0.2765233818062334,26.73898495714433,0.1386408800000012,0.0528686400000005,-0.0007638799999988,26.740594245723777,1.0,0.0,0.0,3768.82,0.0,0.0,0.0,8.90445656866156e-05,8.068543955107214e-05,22.228368878217392,2.2577638938033553e-07,7.662867898069619e-08,3.9893666214442404e-05
56.21930430002976,570398.5747212,-0.0743764999998977,-0.2983099999999906,26.514146,-0.0923328109849222,-0.2817316302634991,26.68523558028988,0.1458408800000012,0.0488686400000005,3.612000000116633e-05,26.686882471263747,1.0,0.0,0.0,3763.93,0.0,0.0,0.0,8.90445656866156e-05,8.068543955107214e-05,22.092186335375363,2.2577638938033553e-07,7.662867898069619e-08,3.9893666214442404e-05
56.331559899961576,570398.6869768,-0.0743764999998977,-0.2483099999999907,26.68414599999999,-0.0880402251345521,-0.2737419481241618,26.68497510825088,0.1378408800000012,0.0536686400000005,0.0008361200000011,26.68652435712401,1.0,0.0,0.0,3765.4,0.0,0.0,0.0,8.90445656866156e-05,8.068543955107214e-05,22.132960034908344,2.2577638938033553e-07,7.662867898069619e-08,3.9893666214442404e-05
56.44125090003945,570398.7966678,-0.1593764999998976,-0.1233099999999907,26.41414599999999,-0.1050936769465906,-0.2377801042632504,26.620231453559462,0.1426408800000012,0.0456686400000005,0.0044361200000011,26.621500834851407,1.0,0.0,0.0,3766.37,0.0,0.0,0.0,8.90445656866156e-05,8.068543955107214e-05,22.15994238678133,2.2577638938033553e-07,7.662867898069619e-08,3.9893666214442404e-05
56.552152700023726,570398.9075696,0.1106235000001023,-0.0483099999999906,26.529146,-0.0535249275405786,-0.1924859071808478,26.59845681792021,0.1406408800000012,0.0552686400000005,0.0048361200000011,26.599207146775967,1.0,0.0,0.0,3759.04,0.0,0.0,0.0,8.90445656866156e-05,8.068543955107214e-05,21.957557324965205,2.2577638938033553e-07,7.662867898069619e-08,3.9893666214442404e-05
56.66297239996493,570399.0183893,0.1456235000001022,-0.1533099999999907,26.364145999999995,-0.0059170573662691,-0.1831206235777621,26.54244312432625,0.1478408800000012,0.0656686400000005,0.0004361200000011,26.54307546578658,1.0,0.0,0.0,3756.6,0.0,0.0,0.0,8.90445656866156e-05,8.068543955107214e-05,21.890952679448656,2.2577638938033553e-07,7.662867898069619e-08,3.9893666214442404e-05
56.77382340002805,570399.1292403,0.2506235000001022,-0.1583099999999906,25.499146,0.0554108160212741,-0.1771894647892102,26.293035410383805,0.1158408800000012,0.0732686400000005,-0.0027638799999988,26.29369083176915,1.0,0.0,0.0,3762.46,0.0,0.0,0.0,8.90445656866156e-05,8.068543955107214e-05,22.051553021326175,2.2577638938033553e-07,7.662867898069619e-08,3.9893666214442404e-05
56.88465369993355,570399.2400706,0.0156235000001021,-0.0583099999999906,24.994146,0.0458993707183316,-0.1487704699923748,25.982526514160128,0.0114408800000012,0.0740686400000005,-0.0179638799999988,25.9829929658615,1.0,0.0,0.0,3777.61,0.0,0.0,0.0,8.90445656866156e-05,8.068543955107214e-05,22.47716160899969,2.2577638938033553e-07,7.662867898069619e-08,3.9893666214442404e-05
56.99462989997119,570399.3500468,-0.4193764999998977,0.4066900000000093,22.339145999999992,-0.0653281871486137,-0.0159836322105074,25.111550083887725,-0.0877591199999987,0.0700686400000005,-0.0327638799999988,25.11164014683502,1.0,0.0,0.0,3822.58,0.0,0.0,0.0,8.90445656866156e-05,8.068543955107214e-05,23.83675209010907,2.2577638938033553e-07,7.662867898069619e-08,3.9893666214442404e-05
57.10475369996857,570399.4601706,0.2556235000001021,-0.0083099999999907,24.929145999999992,0.0113976320943244,-0.0141491949992517,25.067945070018272,-0.0525591199999987,0.0964686400000005,-0.0099638799999988,25.067951654237525,1.0,0.0,0.0,3773.22,0.0,0.0,0.0,8.90445656866156e-05,8.068543955107214e-05,22.352256941255913,2.2577638938033553e-07,7.662867898069619e-08,3.9893666214442404e-05
57.21545559994411,570399.5708725,-0.4593764999998977,0.5316900000000093,25.189146,-0.1011443248718516,0.1163376074951646,25.096919027838737,-0.1009591199999987,0.0864686400000006,-0.0495638799999988,25.09739248016147,1.0,0.0,0.0,3831.87,0.0,0.0,0.0,8.90445656866156e-05,8.068543955107214e-05,24.137272051018165,2.2577638938033553e-07,7.662867898069619e-08,3.9893666214442404e-05
57.32548669993412,570399.6809036,-0.4493764999998977,0.6166900000000093,29.324145999999992,-0.1843917418298733,0.2359504612743381,26.107468171375825,-0.1193591199999987,0.1044686400000006,-0.0659638799999988,26.10918549579884,1.0,0.0,0.0,3791.79,0.0,0.0,0.0,8.90445656866156e-05,8.068543955107214e-05,22.889734571140835,2.2577638938033553e-07,7.662867898069619e-08,3.9893666214442404e-05
57.43543700000737,570399.7908539,-0.5543764999998979,0.9016900000000092,31.359145999999992,-0.2728392708962713,0.3951003070499573,27.362919692384523,-0.1401591199999987,0.0916686400000005,-0.0799638799999988,27.367132104264392,1.0,0.0,0.0,3719.45,0.0,0.0,0.0,8.90445656866156e-05,8.068543955107214e-05,20.921451323204014,2.2577638938033553e-07,7.662867898069619e-08,3.9893666214442404e-05
57.545442200032994,570399.9008591,-0.7243764999998978,1.2066900000000094,32.43914599999999,-0.3807825072426475,0.5891166857576478,28.57642825990261,-0.1697591199999987,0.0672686400000005,-0.0743638799999988,28.585036398098577,1.0,0.0,0.0,3721.9,0.0,0.0,0.0,8.90445656866156e-05,8.068543955107214e-05,20.982925141551405,2.2577638938033553e-07,7.662867898069619e-08,3.9893666214442404e-05
57.657916700001806,570400.0133336,-0.4593764999998977,1.6366900000000095,34.244145999999986,-0.3995709689436743,0.8395466537890738,29.93133712705933,-0.1841591199999987,0.0716686400000005,-0.0723638799999988,29.94577495669116,1.0,0.0,0.0,3665.2,0.0,0.0,0.0,8.90445656866156e-05,8.068543955107214e-05,19.64037003830842,2.2577638938033553e-07,7.662867898069619e-08,3.9893666214442404e-05
57.760128999943845,570400.1155459,-0.2243764999998978,2.221690000000009,37.31414599999999,-0.3576894656060261,1.1699580047662463,31.69625091867288,-0.1877591199999987,0.0920686400000005,-0.0727638799999988,31.719852865141,1.0,0.0,0.0,3722.39,0.0,0.0,0.0,8.90445656866156e-05,8.068543955107214e-05,20.99525996342935,2.2577638938033553e-07,7.662867898069619e-08,3.9893666214442404e-05
57.872115200036205,570400.2275321,0.5106235000001023,2.9366900000000093,41.16414599999999,-0.150112978823062,1.5923080504110012,33.95961963025222,-0.1937591199999987,0.1240686400000005,-0.0599638799999988,33.99726083473824,1.0,0.0,0.0,3818.18,0.0,0.0,0.0,8.90445656866156e-05,8.068543955107214e-05,23.69689444325535,2.2577638938033553e-07,7.662867898069619e-08,3.9893666214442404e-05
57.98220209998544,570400.337619,1.5006235000001025,3.241690000000009,42.11414599999999,0.2445075007172872,1.9866047199533337,35.90901806406427,-0.2157591199999987,0.1712686400000005,-0.0307638799999988,35.964759981912046,1.0,0.0,0.0,3895.41,0.0,0.0,0.0,8.90445656866156e-05,8.068543955107214e-05,26.405198843150604,2.2577638938033553e-07,7.662867898069619e-08,3.9893666214442404e-05
58.0942945999559,570400.4497115,2.7306235000001022,3.536690000000009,41.92414599999999,0.8388314890799488,2.357163803361088,37.34697784809215,-0.2037591199999987,0.2236686400000005,0.0060361200000011,37.43069080111712,1.0,0.0,0.0,3855.82,0.0,0.0,0.0,8.90445656866156e-05,8.068543955107214e-05,24.946513996834817,2.2577638938033553e-07,7.662867898069619e-08,3.9893666214442404e-05
58.20568310003728,570400.5611,2.920623500000102,3.591690000000009,41.04414599999999,1.3364989073454323,2.652286208404251,38.2308126017091,-0.2021591199999987,0.1240686400000005,-0.0427638799999988,38.346002185985775,1.0,0.0,0.0,3905.18,0.0,0.0,0.0,8.90445656866156e-05,8.068543955107214e-05,26.79098419286414,2.2577638938033553e-07,7.662867898069619e-08,3.9893666214442404e-05
58.31629390001763,570400.6717108,1.8506235000001023,3.3316900000000094,39.02414599999999,1.4594041050554336,2.8147025925337075,38.42046468130215,-0.2033591199999987,0.0300686400000005,-0.1167638799999988,38.55106376422646,1.0,0.0,0.0,3921.31,0.0,0.0,0.0,8.90445656866156e-05,8.068543955107214e-05,27.452585261915235,2.2577638938033553e-07,7.662867898069619e-08,3.9893666214442404e-05
58.42640019999817,570400.7818171,2.6456235000001023,3.921690000000009,41.35414599999999,1.7429784202040564,3.079335928734595,39.1217823923086,-0.2049591199999987,0.0924686400000005,-0.0587638799999988,39.28147325504021,1.0,0.0,0.0,3944.28,0.0,0.0,0.0,8.90445656866156e-05,8.068543955107214e-05,28.452075343930975,2.2577638938033553e-07,7.662867898069619e-08,3.9893666214442404e-05
58.537162699969485,570400.8925796,1.6356235000001025,2.3966900000000093,35.23914599999999,1.717314451039152,2.916144488302165,38.19361011607348,-0.1977591199999987,0.1312686400000005,-0.0059638799999988,38.343251313614935,1.0,0.0,0.0,3916.91,0.0,0.0,0.0,8.90445656866156e-05,8.068543955107214e-05,27.268958941623335,2.2577638938033553e-07,7.662867898069619e-08,3.9893666214442404e-05
58.64716499997303,570401.0025819,1.6456235000001025,4.316690000000009,42.01414599999999,1.700176211325747,3.2509550098690623,39.106936817189954,-0.2041591199999987,0.2052686400000005,-0.0363638799999988,39.27864324094504,1.0,0.0,0.0,3789.35,0.0,0.0,0.0,8.90445656866156e-05,8.068543955107214e-05,22.817728691883104,2.2577638938033553e-07,7.662867898069619e-08,3.9893666214442404e-05
58.75047299999278,570401.1058899,2.1406235000001024,3.7666900000000094,39.22414599999999,1.8054683173030937,3.374245184728652,39.1349565190142,-0.2153591199999987,0.2280686400000005,-0.0007638799999988,39.3216234171045,1.0,0.0,0.0,3900.78,0.0,0.0,0.0,8.90445656866156e-05,8.068543955107214e-05,26.615890754249595,2.2577638938033553e-07,7.662867898069619e-08,3.9893666214442404e-05
58.86050099995919,570401.2159179,2.0756235000001024,4.4316900000000095,41.70414599999999,1.870050865222679,3.62703500638894,39.74913982326844,-0.2173591199999987,0.2052686400000005,-0.0403638799999988,39.958060386683385,1.0,0.0,0.0,3827.96,0.0,0.0,0.0,8.90445656866156e-05,8.068543955107214e-05,24.00991184952688,2.2577638938033553e-07,7.662867898069619e-08,3.9893666214442404e-05
58.97047039994504,570401.3258873,1.8306235000001023,5.17169000000001,41.86914599999999,1.8606254687582853,3.996295940597988,40.255942613915394,-0.2401591199999987,0.1396686400000006,-0.0803638799999988,40.49658286960372,1.0,0.0,0.0,3926.2,0.0,0.0,0.0,8.90445656866156e-05,8.068543955107214e-05,27.659528955888494,2.2577638938033553e-07,7.662867898069619e-08,3.9893666214442404e-05
59.08126450004056,570401.4366814,2.8556235000001022,4.351690000000009,41.25414599999999,2.0984869356050546,4.081255457726367,40.49457034399157,-0.2033591199999987,0.1620686400000005,-0.0555638799999988,40.75377922198882,1.0,0.0,0.0,3923.26,0.0,0.0,0.0,8.90445656866156e-05,8.068543955107214e-05,27.534743205026043,2.2577638938033553e-07,7.662867898069619e-08,3.9893666214442404e-05
59.192991900024936,570401.5484088,2.6256235000001023,4.29669000000001,38.75914599999999,2.2245027391530114,4.132756641272144,40.07970461853054,-0.2041591199999987,0.1208686400000006,-0.0691638799999988,40.35357248374841,1.0,0.0,0.0,3939.39,0.0,0.0,0.0,8.90445656866156e-05,8.068543955107214e-05,28.233337214650682,2.2577638938033553e-07,7.662867898069619e-08,3.9893666214442404e-05
59.303095899987966,570401.6585128,2.5356235000001024,3.8266900000000095,37.18914599999999,2.298878404448762,4.059589199769778,39.38869570050068,-0.1809591199999987,0.1176686400000005,-0.0663638799999988,39.66401965731624,1.0,0.0,0.0,3914.47,0.0,0.0,0.0,8.90445656866156e-05,8.068543955107214e-05,27.168164054107944,2.2577638938033553e-07,7.662867898069619e-08,3.9893666214442404e-05
59.41297359997407,570401.7683905,2.865623500000102,3.2116900000000093,35.88414599999999,2.4343629134862392,3.856892771171093,38.55090777909331,-0.1681591199999987,0.1320686400000005,-0.0439638799999988,38.81976603787079,1.0,0.0,0.0,3901.76,0.0,0.0,0.0,8.90445656866156e-05,8.068543955107214e-05,26.654695211142805,2.2577638938033553e-07,7.662867898069619e-08,3.9893666214442404e-05
59.52470179996453,570401.8801187,2.6306235000001026,2.841690000000009,33.31914599999999,2.4812804244024487,3.614201215293057,37.30021733359074,-0.1717591199999987,0.1084686400000005,-0.0151638799999988,37.55696228533735,1.0,0.0,0.0,3866.08,0.0,0.0,0.0,8.90445656866156e-05,8.068543955107214e-05,25.309350242279894,2.2577638938033553e-07,7.662867898069619e-08,3.9893666214442404e-05
59.63632759999018,570401.9917445,2.2506235000001023,2.906690000000009,34.63414599999999,2.4261402204482434,3.445065548491677,36.662873722634494,-0.1757591199999987,0.0524686400000005,-0.0291638799999988,36.904213073909645,1.0,0.0,0.0,3865.59,0.0,0.0,0.0,8.90445656866156e-05,8.068543955107214e-05,25.291790591021964,2.2577638938033553e-07,7.662867898069619e-08,3.9893666214442404e-05
59.74035290000029,570402.0957698,4.055623500000102,1.7216900000000095,35.51914599999999,2.8156799691779497,3.033080174630712,36.38945734869492,-0.1665591199999987,0.1024686400000006,0.0056361200000011,36.62403903404231,1.0,0.0,0.0,3906.65,0.0,0.0,0.0,8.90445656866156e-05,8.068543955107214e-05,26.849983601986906,2.2577638938033553e-07,7.662867898069619e-08,3.9893666214442404e-05
59.85050699999556,570402.2059239,-0.1843764999998978,4.0566900000000095,38.78414599999999,2.098494798981009,3.277781497544117,36.96192496908793,-0.1941591199999987,-0.0367313599999994,-0.1359638799999988,37.16626735882255,1.0,0.0,0.0,3922.29,0.0,0.0,0.0,8.90445656866156e-05,8.068543955107214e-05,27.49381464894797,2.2577638938033553e-07,7.662867898069619e-08,3.9893666214442404e-05
59.96209939999972,570402.3175163,3.760623500000104,3.671690000000009,41.68914599999999,2.495838671530273,3.371948170497866,38.09200130413182,-0.2049591199999987,0.1008686400000005,-0.0567638799999988,38.32231475906446,1.0,0.0,0.0,3967.74,0.0,0.0,0.0,8.90445656866156e-05,8.068543955107214e-05,29.549905317686715,2.2577638938033553e-07,7.662867898069619e-08,3.9893666214442404e-05
60.07215799996629,570402.4275749,1.6756235000001023,3.686690000000009,41.28914599999999,2.2997603098609063,3.4471894784127968,38.8563018386077,-0.2133591199999987,0.0272686400000005,-0.1107638799999988,39.0766452674213,1.0,0.0,0.0,3989.25,0.0,0.0,0.0,8.90445656866156e-05,8.068543955107214e-05,30.63320974043133,2.2577638938033553e-07,7.662867898069619e-08,3.9893666214442404e-05
60.18297470000107,570402.5383916,3.0906235000001026,3.341690000000009,41.42414599999999,2.4888218683514745,3.42196906601106,39.47016353449506,-0.1993591199999987,0.0548686400000005,-0.1047638799999988,39.69632119001589,1.0,0.0,0.0,3978.49,0.0,0.0,0.0,8.90445656866156e-05,8.068543955107214e-05,30.081577585550107,2.2577638938033553e-07,7.662867898069619e-08,3.9893666214442404e-05
60.29389169998467,570402.6493086,2.255623500000102,3.366690000000009,41.91414599999999,2.433074113862853,3.408754205966666,40.05441519725187,-0.1957591199999987,0.0212686400000005,-0.1359638799999988,40.27276538399227,1.0,0.0,0.0,3980.94,0.0,0.0,0.0,8.90445656866156e-05,8.068543955107214e-05,30.20542921060778,2.2577638938033553e-07,7.662867898069619e-08,3.9893666214442404e-05
60.40467710001394,570402.760094,1.6406235000001024,3.7216900000000095,44.60914599999999,2.243633070264238,3.483563768056684,41.14325649725092,-0.2069591199999987,-0.0087313599999994,-0.1479638799999988,41.35138040112664,1.0,0.0,0.0,3977.03,0.0,0.0,0.0,8.90445656866156e-05,8.068543955107214e-05,30.008252894714794,2.2577638938033553e-07,7.662867898069619e-08,3.9893666214442404e-05
60.51486590004061,570402.8702828,1.1406235000001024,3.656690000000009,46.87414599999999,1.979950664780876,3.5249508443992346,42.51326703059775,-0.2253591199999987,-0.0155313599999994,-0.1367638799999988,42.705074133003286,1.0,0.0,0.0,3972.63,0.0,0.0,0.0,8.90445656866156e-05,8.068543955107214e-05,29.789414338767333,2.2577638938033553e-07,7.662867898069619e-08,3.9893666214442404e-05
60.62553199997637,570402.9809489,1.6556235000001025,3.506690000000009,45.86414599999999,1.9024179132268573,3.520585457636369,43.314318853678486,-0.2185591199999987,0.0008686400000005,-0.0939638799999988,43.49878082934296,1.0,0.0,0.0,3964.32,0.0,0.0,0.0,8.90445656866156e-05,8.068543955107214e-05,29.384660216664674,2.2577638938033553e-07,7.662867898069619e-08,3.9893666214442404e-05
60.73560459993314,570403.0910215,1.1606235000001024,3.506690000000009,48.51414599999999,1.7250866003109495,3.5172636481130204,44.55737509453359,-0.2097591199999987,-0.0163313599999994,-0.1407638799999988,44.72926047526241,1.0,0.0,0.0,3989.25,0.0,0.0,0.0,8.90445656866156e-05,8.068543955107214e-05,30.63320974043133,2.2577638938033553e-07,7.662867898069619e-08,3.9893666214442404e-05
60.84732529998291,570403.2027422,0.6456235000001023,4.13169000000001,51.20914599999999,1.4670331485604526,3.664146705908368,46.14752897928874,-0.2209591199999987,-0.0303313599999994,-0.1491638799999988,46.31600790478048,1.0,0.0,0.0,4018.08,0.0,0.0,0.0,8.90445656866156e-05,8.068543955107214e-05,32.21641333932925,2.2577638938033553e-07,7.662867898069619e-08,3.9893666214442404e-05
60.95032599999104,570403.3057429,0.1556235000001022,4.37169000000001,52.75914599999999,1.1535311989593469,3.833290041378276,47.728083787837136,-0.2341591199999987,-0.0495313599999994,-0.1319638799999988,47.89566503168219,1.0,0.0,0.0,4043.01,0.0,0.0,0.0,8.90445656866156e-05,8.068543955107214e-05,33.72490549056137,2.2577638938033553e-07,7.662867898069619e-08,3.9893666214442404e-05
61.06141960003879,570403.4168365,-0.1043764999998977,4.641690000000009,53.77414599999999,0.8528192768876404,4.026543891053382,49.173438634054286,-0.2377591199999987,-0.0611313599999994,-0.1419638799999988,49.34538908067008,1.0,0.0,0.0,4056.21,0.0,0.0,0.0,8.90445656866156e-05,8.068543955107214e-05,34.58323629700433,2.2577638938033553e-07,7.662867898069619e-08,3.9893666214442404e-05
61.17299969994929,570403.5284166,-0.0993764999998978,4.83169000000001,55.01414599999999,0.6251899981310831,4.219019884459112,50.56970192087976,-0.2345591199999987,-0.0647313599999994,-0.1607638799999988,50.74924377452194,1.0,0.0,0.0,4070.38,0.0,0.0,0.0,8.90445656866156e-05,8.068543955107214e-05,35.5557018356792,2.2577638938033553e-07,7.662867898069619e-08,3.9893666214442404e-05
61.2829827000387,570403.6383996,-0.4793764999998977,4.62169000000001,53.21414599999999,0.3611353977945103,4.315281084311314,51.20187538042797,-0.2289591199999987,-0.0847313599999994,-0.1511638799999988,51.38466806436556,1.0,0.0,0.0,4081.13,0.0,0.0,0.0,8.90445656866156e-05,8.068543955107214e-05,36.33167297591637,2.2577638938033553e-07,7.662867898069619e-08,3.9893666214442404e-05
61.39465699996799,570403.7500739,-0.6693764999998977,4.54169000000001,50.20414599999999,0.1147840846099978,4.36940577109656,50.96336096482804,-0.2149591199999987,-0.0851313599999994,-0.1531638799999988,51.15045496386058,1.0,0.0,0.0,4069.89,0.0,0.0,0.0,8.90445656866156e-05,8.068543955107214e-05,35.521140668995585,2.2577638938033553e-07,7.662867898069619e-08,3.9893666214442404e-05
61.50466570002027,570403.8600826,-0.9243764999998976,4.74169000000001,49.80414599999999,-0.1336347596325034,4.458403005252264,50.686242253768285,-0.2113591199999987,-0.0843313599999994,-0.1499638799999988,50.88212229667617,1.0,0.0,0.0,4060.61,0.0,0.0,0.0,8.90445656866156e-05,8.068543955107214e-05,34.87933333725119,2.2577638938033553e-07,7.662867898069619e-08,3.9893666214442404e-05
61.61635269992985,570403.9717696,-0.8193764999998976,4.771690000000009,49.08914599999999,-0.2975662761986941,4.533296524409996,50.304444857503405,-0.2133591199999987,-0.0587313599999994,-0.1391638799999988,50.50917238966166,1.0,0.0,0.0,4057.18,0.0,0.0,0.0,8.90445656866156e-05,8.068543955107214e-05,34.64807053137241,2.2577638938033553e-07,7.662867898069619e-08,3.9893666214442404e-05
61.72712749999482,570404.0825444,-0.5043764999998976,4.55169000000001,48.40414599999999,-0.3470057541149148,4.537693617617096,49.85016468859808,-0.2121591199999987,-0.0243313599999994,-0.1343638799999988,50.05746693392607,1.0,0.0,0.0,4048.39,0.0,0.0,0.0,8.90445656866156e-05,8.068543955107214e-05,34.06944998128588,2.2577638938033553e-07,7.662867898069619e-08,3.9893666214442404e-05
61.83800320001319,570404.1934201,-0.634376499999898,4.406690000000009,47.93414599999999,-0.4157038067731115,4.506376256506599,49.39212658051563,-0.2077591199999987,-0.0279313599999994,-0.1359638799999988,49.599016167317785,1.0,0.0,0.0,4037.63,0.0,0.0,0.0,8.90445656866156e-05,8.068543955107214e-05,33.38737054172245,2.2577638938033553e-07,7.662867898069619e-08,3.9893666214442404e-05
61.94028410001192,570404.295701,-0.509376499999898,4.436690000000009,46.94914599999999,-0.4380969407440427,4.489717253502311,48.80811442560273,-0.2141591199999987,-0.0251313599999994,-0.1395638799999988,49.016135340606105,1.0,0.0,0.0,4030.79,0.0,0.0,0.0,8.90445656866156e-05,8.068543955107214e-05,32.96800776981576,2.2577638938033553e-07,7.662867898069619e-08,3.9893666214442404e-05
62.05134609993547,570404.406763,-0.5793764999998978,4.196690000000009,46.60414599999999,-0.4718708399326892,4.419666971837786,48.28123985285252,-0.1985591199999987,-0.0267313599999994,-0.1487638799999988,48.48540233885048,1.0,0.0,0.0,4026.39,0.0,0.0,0.0,8.90445656866156e-05,8.068543955107214e-05,32.70383649473842,2.2577638938033553e-07,7.662867898069619e-08,3.9893666214442404e-05
62.16475230001379,570404.5201692,-0.2793764999998978,4.3066900000000095,47.05914599999999,-0.425853677467584,4.392659010618304,47.98908948939791,-0.1961591199999987,-0.0119313599999994,-0.1359638799999988,48.19159174129466,1.0,0.0,0.0,4039.1,0.0,0.0,0.0,8.90445656866156e-05,8.068543955107214e-05,33.47891358891556,2.2577638938033553e-07,7.662867898069619e-08,3.9893666214442404e-05
62.27549349993933,570404.6309104,-0.5693764999998976,4.33669000000001,47.33414599999999,-0.4601638449469284,4.379279214331657,47.83252051720054,-0.2001591199999987,-0.0231313599999994,-0.1387638799999988,48.03477757031549,1.0,0.0,0.0,4048.88,0.0,0.0,0.0,8.90445656866156e-05,8.068543955107214e-05,34.1011866992242,2.2577638938033553e-07,7.662867898069619e-08,3.9893666214442404e-05
62.38800529995933,570404.7434222,-0.5843764999998977,4.3866900000000095,47.28414599999999,-0.4898577774012033,4.381050816178307,47.70142762761973,-0.2005591199999987,-0.0263313599999994,-0.1299638799999988,47.9046945988497,1.0,0.0,0.0,4052.3,0.0,0.0,0.0,8.90445656866156e-05,8.068543955107214e-05,34.32438400351281,2.2577638938033553e-07,7.662867898069619e-08,3.9893666214442404e-05
62.49053009995259,570404.845947,-0.594376499999898,4.45169000000001,47.51914599999999,-0.514843733040983,4.397937623340848,47.65785188780572,-0.1973591199999987,-0.0299313599999994,-0.1323638799999988,47.86311487950064,1.0,0.0,0.0,4056.21,0.0,0.0,0.0,8.90445656866156e-05,8.068543955107214e-05,34.58323629700433,2.2577638938033553e-07,7.662867898069619e-08,3.9893666214442404e-05
62.60137509997003,570404.956792,-0.634376499999898,4.60669000000001,48.44414599999999,-0.5434189044406846,4.44784138692712,47.84582117520832,-0.2025591199999987,-0.0099313599999994,-0.1319638799999988,48.05518911667061,1.0,0.0,0.0,4064.52,0.0,0.0,0.0,8.90445656866156e-05,8.068543955107214e-05,35.146836462021696,2.2577638938033553e-07,7.662867898069619e-08,3.9893666214442404e-05
62.71213669993449,570405.0675536,-0.3843764999998977,4.601690000000009,49.18914599999999,-0.5053986687987019,4.48462000922468,48.16695267823032,-0.1989591199999987,0.0088686400000005,-0.1295638799999988,48.37791412151253,1.0,0.0,0.0,4073.8,0.0,0.0,0.0,8.90445656866156e-05,8.068543955107214e-05,35.798857012811716,2.2577638938033553e-07,7.662867898069619e-08,3.9893666214442404e-05
62.82220699999016,570405.1776239,-0.7493764999998977,4.61669000000001,48.89414599999999,-0.5637233317482169,4.516192294541719,48.34079349476082,-0.2037591199999987,0.0004686400000005,-0.1299638799999988,48.55456819434341,1.0,0.0,0.0,4078.69,0.0,0.0,0.0,8.90445656866156e-05,8.068543955107214e-05,36.15251115887851,2.2577638938033553e-07,7.662867898069619e-08,3.9893666214442404e-05
62.93297820002772,570405.2883951,-0.6743764999998976,4.49169000000001,49.02414599999999,-0.5901757709341899,4.510334844036487,48.5041538474107,-0.1993591199999987,-0.0019313599999994,-0.1291638799999988,48.71698233982903,1.0,0.0,0.0,4082.6,0.0,0.0,0.0,8.90445656866156e-05,8.068543955107214e-05,36.4404939590725,2.2577638938033553e-07,7.662867898069619e-08,3.9893666214442404e-05
63.04484340001363,570405.4002603,-0.509376499999898,4.33669000000001,48.42914599999999,-0.5708601215548703,4.468823789726816,48.48622267965968,-0.1961591199999987,0.0008686400000005,-0.1247638799999988,48.69507220534286,1.0,0.0,0.0,4087.98,0.0,0.0,0.0,8.90445656866156e-05,8.068543955107214e-05,36.84454517282716,2.2577638938033553e-07,7.662867898069619e-08,3.9893666214442404e-05
63.15634939994197,570405.5117663,-0.759376499999898,4.34169000000001,48.24914599999999,-0.6159263235910803,4.43843153892762,48.42954778683739,-0.1961591199999987,-0.0011313599999994,-0.1239638799999988,48.63640754208113,1.0,0.0,0.0,4089.93,0.0,0.0,0.0,8.90445656866156e-05,8.068543955107214e-05,36.99328149864923,2.2577638938033553e-07,7.662867898069619e-08,3.9893666214442404e-05
63.266330900019966,570405.6217478,-0.6643764999998978,4.231690000000009,47.72914599999999,-0.6275086882468203,4.389008480626584,48.26211168026408,-0.1941591199999987,0.0092686400000005,-0.1151638799999988,48.46533386282529,1.0,0.0,0.0,4090.91,0.0,0.0,0.0,8.90445656866156e-05,8.068543955107214e-05,37.06849896462235,2.2577638938033553e-07,7.662867898069619e-08,3.9893666214442404e-05
63.37715970003046,570405.7325766,-0.7743764999998977,3.9716900000000095,48.05414599999999,-0.6626184995622881,4.289245483286565,48.21239598213384,-0.1881591199999987,0.0140686400000005,-0.1171638799999988,48.40735291698908,1.0,0.0,0.0,4094.33,0.0,0.0,0.0,8.90445656866156e-05,8.068543955107214e-05,37.3334801470204,2.2577638938033553e-07,7.662867898069619e-08,3.9893666214442404e-05
63.488050299929455,570405.8434672,-0.9643764999998976,4.061690000000009,48.62914599999999,-0.734755929349216,4.234846701234692,48.31202308434462,-0.1881591199999987,0.0140686400000005,-0.1183638799999988,48.5028387556947,1.0,0.0,0.0,4096.77,0.0,0.0,0.0,8.90445656866156e-05,8.068543955107214e-05,37.524931612829384,2.2577638938033553e-07,7.662867898069619e-08,3.9893666214442404e-05
63.59812909993343,570405.953546,-1.034376499999898,4.21669000000001,48.07914599999999,-0.806382391105618,4.2305062106476,48.25635213511864,-0.1857591199999987,0.0120686400000005,-0.1203638799999988,48.44814709302702,1.0,0.0,0.0,4102.64,0.0,0.0,0.0,8.90445656866156e-05,8.068543955107214e-05,37.99392566113458,2.2577638938033553e-07,7.662867898069619e-08,3.9893666214442404e-05
63.70799949998036,570406.0634164,-1.1743764999998976,4.2616900000000095,48.23914599999999,-0.8943540410829738,4.237960920751847,48.252238884228106,-0.1901591199999987,0.0136686400000005,-0.1155638799999988,48.446245873723136,1.0,0.0,0.0,4104.59,0.0,0.0,0.0,8.90445656866156e-05,8.068543955107214e-05,38.152416838345694,2.2577638938033553e-07,7.662867898069619e-08,3.9893666214442404e-05
63.81043489999138,570406.1658518,-1.1693764999998977,4.17169000000001,48.34914599999999,-0.960100146542238,4.222118378430789,48.27540523027265,-0.1913591199999987,0.0136686400000005,-0.1103638799999988,48.46919460894631,1.0,0.0,0.0,4105.08,0.0,0.0,0.0,8.90445656866156e-05,8.068543955107214e-05,38.19245801966291,2.2577638938033553e-07,7.662867898069619e-08,3.9893666214442404e-05
63.92135269998107,570406.2767696,-1.3493764999998978,4.21169000000001,47.98914599999999,-1.0531594708171192,4.2196253992363655,48.20697289345074,-0.1865591199999987,0.0128686400000005,-0.1171638799999988,48.40275424943034,1.0,0.0,0.0,4108.02,0.0,0.0,0.0,8.90445656866156e-05,8.068543955107214e-05,38.43454307255731,2.2577638938033553e-07,7.662867898069619e-08,3.9893666214442404e-05
64.03217939997558,570406.3875963,-1.4143764999998978,4.3466900000000095,47.32914599999999,-1.1395110109344553,4.250001109914122,47.99712203349161,-0.1925591199999987,0.0040686400000005,-0.1115638799999988,48.19838916681965,1.0,0.0,0.0,4104.59,0.0,0.0,0.0,8.90445656866156e-05,8.068543955107214e-05,38.152416838345694,2.2577638938033553e-07,7.662867898069619e-08,3.9893666214442404e-05
64.14298769994639,570406.4984046,-1.094376499999898,4.106690000000009,47.45914599999999,-1.1287212800614137,4.215741553865488,47.868514976556014,-0.1821591199999987,0.0184686400000005,-0.1155638799999988,48.06704915675415,1.0,0.0,0.0,4106.06,0.0,0.0,0.0,8.90445656866156e-05,8.068543955107214e-05,38.27280174538674,2.2577638938033553e-07,7.662867898069619e-08,3.9893666214442404e-05
64.25303889997303,570406.6084558,-1.1843764999998978,4.226690000000009,46.44414599999999,-1.14202606241935,4.218358859001258,47.52800928362333,-0.1857591199999987,0.0204686400000005,-0.1075638799999988,47.72850763909076,1.0,0.0,0.0,4104.11,0.0,0.0,0.0,8.90445656866156e-05,8.068543955107214e-05,38.113276912862084,2.2577638938033553e-07,7.662867898069619e-08,3.9893666214442404e-05
64.36381689994596,570406.7192338,-1.409376499999898,4.12669000000001,45.64914599999999,-1.2059381157584583,4.196444756076859,47.07885344349628,-0.1845591199999987,0.0168686400000005,-0.0983638799999988,47.28089335962303,1.0,0.0,0.0,4094.82,0.0,0.0,0.0,8.90445656866156e-05,8.068543955107214e-05,37.37176552264609,2.2577638938033553e-07,7.662867898069619e-08,3.9893666214442404e-05
64.47388870001305,570406.8293056,-1.4993764999998975,4.101690000000009,45.56914599999999,-1.2760866811960232,4.17379294716522,46.71794697358966,-0.1801591199999987,0.0212686400000005,-0.0975638799999988,46.92137587721472,1.0,0.0,0.0,4091.89,0.0,0.0,0.0,8.90445656866156e-05,8.068543955107214e-05,37.14403220846346,2.2577638938033553e-07,7.662867898069619e-08,3.9893666214442404e-05
64.58469049993437,570406.9401074,-1.3493764999998978,4.1366900000000095,45.70414599999999,-1.2936071417982078,4.164923219628131,46.4755905275495,-0.1785591199999987,0.0268686400000005,-0.0979638799999988,46.67976563509245,1.0,0.0,0.0,4096.77,0.0,0.0,0.0,8.90445656866156e-05,8.068543955107214e-05,37.524931612829384,2.2577638938033553e-07,7.662867898069619e-08,3.9893666214442404e-05
64.69555850001052,570407.0509754,-1.2543764999998976,3.9916900000000095,45.20914599999999,-1.2842287734894384,4.123510567106691,46.17283781493656,-0.1737591199999987,0.0260686400000005,-0.0943638799999988,46.37438446841245,1.0,0.0,0.0,4093.84,0.0,0.0,0.0,8.90445656866156e-05,8.068543955107214e-05,37.29527556829242,2.2577638938033553e-07,7.662867898069619e-08,3.9893666214442404e-05
64.80559010000434,570407.161007,-1.3793764999998976,4.191690000000009,45.59414599999999,-1.3069745248218978,4.139809353041518,46.03449735633159,-0.1745591199999987,0.0252686400000005,-0.0959638799999988,46.23874079966023,1.0,0.0,0.0,4091.89,0.0,0.0,0.0,8.90445656866156e-05,8.068543955107214e-05,37.14403220846346,2.2577638938033553e-07,7.662867898069619e-08,3.9893666214442404e-05
64.9155000000028,570407.2709169,-1.7343764999998976,3.9916900000000095,45.57914599999999,-1.4091480543736747,4.104400351740404,45.92564232531959,-0.1757591199999987,0.0128686400000005,-0.0995638799999988,46.13021161321178,1.0,0.0,0.0,4089.44,0.0,0.0,0.0,8.90445656866156e-05,8.068543955107214e-05,36.95579053136196,2.2577638938033553e-07,7.662867898069619e-08,3.9893666214442404e-05
65.02559249999467,570407.3810094,-1.739376499999898,4.316690000000009,46.49914599999999,-1.4880915497423528,4.155149725654635,46.06274252151921,-0.1733591199999987,0.0124686400000005,-0.0951638799999988,46.27370672754449,1.0,0.0,0.0,4092.38,0.0,0.0,0.0,8.90445656866156e-05,8.068543955107214e-05,37.18191790250538,2.2577638938033553e-07,7.662867898069619e-08,3.9893666214442404e-05
65.13616180000827,570407.4915787,-1.7093764999998975,4.29169000000001,46.56414599999999,-1.5409913155777506,4.187790664550682,46.18260664499357,-0.1721591199999987,0.0156686400000005,-0.0907638799999988,46.39768745757689,1.0,0.0,0.0,4092.86,0.0,0.0,0.0,8.90445656866156e-05,8.068543955107214e-05,37.21910772650477,2.2577638938033553e-07,7.662867898069619e-08,3.9893666214442404e-05
65.24719639995601,570407.6026133,-1.7543764999998976,4.41169000000001,46.72914599999999,-1.5920025853253637,4.241315418051476,46.31326082579538,-0.1781591199999987,0.0168686400000005,-0.0907638799999988,46.53430301428439,1.0,0.0,0.0,4100.2,0.0,0.0,0.0,8.90445656866156e-05,8.068543955107214e-05,37.79751476166635,2.2577638938033553e-07,7.662867898069619e-08,3.9893666214442404e-05
65.35887859994546,570407.7142955,-1.7293764999998975,4.156690000000009,46.21914599999999,-1.6248428119639895,4.221085100565198,46.29076199684013,-0.1697591199999987,0.0244686400000005,-0.0871638799999988,46.511206389835806,1.0,0.0,0.0,4097.75,0.0,0.0,0.0,8.90445656866156e-05,8.068543955107214e-05,37.602397563857835,2.2577638938033553e-07,7.662867898069619e-08,3.9893666214442404e-05
65.46037109999452,570407.815788,-1.529376499999898,3.9966900000000094,45.58914599999999,-1.602020900477502,4.167441830832243,46.123035624594685,-0.1621591199999987,0.0260686400000005,-0.0847638799999988,46.33862813686404,1.0,0.0,0.0,4094.33,0.0,0.0,0.0,8.90445656866156e-05,8.068543955107214e-05,37.3334801470204,2.2577638938033553e-07,7.662867898069619e-08,3.9893666214442404e-05
65.57134889997542,570407.9267658,-1.5443764999998977,3.8916900000000094,45.47914599999999,-1.588240590142623,4.101521363747925,45.96910915862735,-0.1581591199999987,0.0228686400000005,-0.0831638799999988,46.17904267638356,1.0,0.0,0.0,4090.42,0.0,0.0,0.0,8.90445656866156e-05,8.068543955107214e-05,37.03085088989588,2.2577638938033553e-07,7.662867898069619e-08,3.9893666214442404e-05
65.68218679993879,570408.0376037,-1.5643764999998977,3.856690000000009,45.33914599999999,-1.5825357070091075,4.04299265767753,45.81851191494887,-0.1581591199999987,0.0196686400000005,-0.0831638799999988,46.02375737588474,1.0,0.0,0.0,4090.42,0.0,0.0,0.0,8.90445656866156e-05,8.068543955107214e-05,37.03085088989588,2.2577638938033553e-07,7.662867898069619e-08,3.9893666214442404e-05
65.79389830003493,570408.1493152,-1.619376499999898,3.9716900000000095,45.77414599999999,-1.591342764697102,4.025947242297079,45.80790592249824,-0.1573591199999987,0.0212686400000005,-0.0895638799999988,46.01200786747914,1.0,0.0,0.0,4086.51,0.0,0.0,0.0,8.90445656866156e-05,8.068543955107214e-05,36.73323210543825,2.2577638938033553e-07,7.662867898069619e-08,3.9893666214442404e-05
65.90387319994625,570408.2592901,-1.7293764999998975,4.08169000000001,45.83914599999999,-1.6243407262232012,4.039272951189945,45.81537408869119,-0.1605591199999987,0.0164686400000005,-0.0867638799999988,46.02176345660602,1.0,0.0,0.0,4090.42,0.0,0.0,0.0,8.90445656866156e-05,8.068543955107214e-05,37.03085088989588,2.2577638938033553e-07,7.662867898069619e-08,3.9893666214442404e-05
66.01474819995929,570408.3701651,-1.5643764999998977,3.6166900000000095,45.20914599999999,-1.6100058447862948,3.938251444133268,45.67045088493386,-0.1537591199999987,0.0204686400000005,-0.0767638799999988,45.868202791156094,1.0,0.0,0.0,4087.98,0.0,0.0,0.0,8.90445656866156e-05,8.068543955107214e-05,36.84454517282716,2.2577638938033553e-07,7.662867898069619e-08,3.9893666214442404e-05
66.12560090003535,570408.4810178,-1.764376499999898,3.7216900000000095,45.35914599999999,-1.6469092650286217,3.88648086655765,45.59603120344512,-0.1521591199999987,0.0252686400000005,-0.0807638799999988,45.790993712289065,1.0,0.0,0.0,4083.58,0.0,0.0,0.0,8.90445656866156e-05,8.068543955107214e-05,36.51341426633898,2.2577638938033553e-07,7.662867898069619e-08,3.9893666214442404e-05
66.23555760004092,570408.5909745,-1.8543764999998973,3.7016900000000095,45.40414599999999,-1.6965058062110412,3.842305275049768,45.55015965945756,-0.1505591199999987,0.0260686400000005,-0.0779638799999988,45.743398286302,1.0,0.0,0.0,4088.95,0.0,0.0,0.0,8.90445656866156e-05,8.068543955107214e-05,36.91837772967857,2.2577638938033553e-07,7.662867898069619e-08,3.9893666214442404e-05
66.3456585999811,570408.7010755,-1.759376499999898,3.801690000000009,44.97414599999999,-1.711535499714683,3.832595900160188,45.4124594332658,-0.1517591199999987,0.0272686400000005,-0.0747638799999988,45.60602610268428,1.0,0.0,0.0,4087.49,0.0,0.0,0.0,8.90445656866156e-05,8.068543955107214e-05,36.80736375237713,2.2577638938033553e-07,7.662867898069619e-08,3.9893666214442404e-05
66.45632769993972,570408.8117446,-1.7343764999998976,3.771690000000009,45.07914599999999,-1.7169958058273571,3.8180359047663854,45.332778449317125,-0.1513591199999987,0.0328686400000005,-0.0703638799999988,45.52566610937379,1.0,0.0,0.0,4083.09,0.0,0.0,0.0,8.90445656866156e-05,8.068543955107214e-05,36.47691665270573,2.2577638938033553e-07,7.662867898069619e-08,3.9893666214442404e-05
66.56907379999757,570408.9244907,-1.7043764999998978,3.7416900000000095,45.27914599999999,-1.7139790696123507,3.799784864738889,45.31995722488793,-0.1517591199999987,0.0388686400000005,-0.0643638799999988,45.5112580812159,1.0,0.0,0.0,4082.6,0.0,0.0,0.0,8.90445656866156e-05,8.068543955107214e-05,36.4404939590725,2.2577638938033553e-07,7.662867898069619e-08,3.9893666214442404e-05
66.67134140001144,570409.0267583,-1.6493764999998977,3.801690000000009,45.72914599999999,-1.6985353586826817,3.800240301085015,45.41777675739888,-0.1549591199999987,0.0416686400000005,-0.0655638799999988,45.608127502624,1.0,0.0,0.0,4086.02,0.0,0.0,0.0,8.90445656866156e-05,8.068543955107214e-05,36.6962813747744,2.2577638938033553e-07,7.662867898069619e-08,3.9893666214442404e-05
66.7831536999438,570409.1385706,-1.6443764999998978,3.6816900000000095,45.53914599999999,-1.6855882922920515,3.7718999952494223,45.446790951566825,-0.1489591199999987,0.0404686400000005,-0.0623638799999988,45.63418943358905,1.0,0.0,0.0,4086.02,0.0,0.0,0.0,8.90445656866156e-05,8.068543955107214e-05,36.6962813747744,2.2577638938033553e-07,7.662867898069619e-08,3.9893666214442404e-05
66.89301080000587,570409.2484277,-1.614376499999898,3.696690000000009,45.76914599999999,-1.6685645989383482,3.753920502597325,45.52385225446215,-0.1441591199999987,0.0416686400000005,-0.0647638799999988,45.70883012117845,1.0,0.0,0.0,4089.44,0.0,0.0,0.0,8.90445656866156e-05,8.068543955107214e-05,36.95579053136196,2.2577638938033553e-07,7.662867898069619e-08,3.9893666214442404e-05
67.00308990001213,570409.3585068,-1.7043764999998978,3.796690000000009,46.42414599999999,-1.6771256925783429,3.7641448599016334,45.73907397770449,-0.1457591199999987,0.0424686400000005,-0.0671638799999988,45.9243336963418,1.0,0.0,0.0,4091.89,0.0,0.0,0.0,8.90445656866156e-05,8.068543955107214e-05,37.14403220846346,2.2577638938033553e-07,7.662867898069619e-08,3.9893666214442404e-05
67.11384649993852,570409.4692634,-1.7943764999998977,3.8466900000000095,46.66914599999999,-1.7051553450666512,3.7838778719161072,45.96141441311244,-0.1497591199999987,0.0328686400000005,-0.0683638799999988,46.1484225229232,1.0,0.0,0.0,4094.82,0.0,0.0,0.0,8.90445656866156e-05,8.068543955107214e-05,37.37176552264609,2.2577638938033553e-07,7.662867898069619e-08,3.9893666214442404e-05
67.22389849997126,570409.5793154,-1.654376499999898,3.9716900000000095,47.00414599999999,-1.693016295346836,3.82877571781626,46.21068693124494,-0.1561591199999987,0.0272686400000005,-0.0739638799999988,46.39992903368691,1.0,0.0,0.0,4102.64,0.0,0.0,0.0,8.90445656866156e-05,8.068543955107214e-05,37.99392566113458,2.2577638938033553e-07,7.662867898069619e-08,3.9893666214442404e-05
67.3347263999749,570409.6901433,-1.7543764999998976,4.066690000000009,47.54914599999999,-1.7076848955113804,3.885650845572437,46.53065524013808,-0.1557591199999987,0.0276686400000005,-0.0711638799999988,46.72383061428765,1.0,0.0,0.0,4104.59,0.0,0.0,0.0,8.90445656866156e-05,8.068543955107214e-05,38.152416838345694,2.2577638938033553e-07,7.662867898069619e-08,3.9893666214442404e-05
67.44552149996161,570409.8009384,-1.7143764999998976,4.236690000000009,47.59414599999999,-1.709284571901906,3.969569291208536,46.784890388526286,-0.1541591199999987,0.0244686400000005,-0.0723638799999988,46.98409414654992,1.0,0.0,0.0,4107.53,0.0,0.0,0.0,8.90445656866156e-05,8.068543955107214e-05,38.39397524890938,2.2577638938033553e-07,7.662867898069619e-08,3.9893666214442404e-05
67.55640430003405,570409.9118212,-1.6293764999998976,4.111690000000009,46.99914599999999,-1.690181970088929,4.003544273269808,46.8361097401482,-0.1505591199999987,0.0244686400000005,-0.0723638799999988,47.03728582126365,1.0,0.0,0.0,4108.99,0.0,0.0,0.0,8.90445656866156e-05,8.068543955107214e-05,38.51511309829574,2.2577638938033553e-07,7.662867898069619e-08,3.9893666214442404e-05
67.66728279995732,570410.0226997,-1.8993764999998977,3.856690000000009,46.79414599999999,-1.740191433603988,3.968437698426565,46.82607800493604,-0.1477591199999987,0.0304686400000005,-0.0739638799999988,47.02614533763359,1.0,0.0,0.0,4106.55,0.0,0.0,0.0,8.90445656866156e-05,8.068543955107214e-05,38.31310488934584,2.2577638938033553e-07,7.662867898069619e-08,3.9893666214442404e-05
67.77721800003201,570410.1326349,-1.6293764999998976,3.841690000000009,46.24914599999999,-1.7137003232419912,3.938137745541667,46.68815824162388,-0.1489591199999987,0.0324686400000005,-0.0667638799999988,46.88528359406235,1.0,0.0,0.0,4105.08,0.0,0.0,0.0,8.90445656866156e-05,8.068543955107214e-05,38.19245801966291,2.2577638938033553e-07,7.662867898069619e-08,3.9893666214442404e-05
67.88719389995094,570410.2426108,-1.6443764999998978,3.8266900000000095,46.15914599999999,-1.697127962527658,3.911495356914808,46.56169404388521,-0.1549591199999987,0.0272686400000005,-0.0683638799999988,46.75651175488538,1.0,0.0,0.0,4105.08,0.0,0.0,0.0,8.90445656866156e-05,8.068543955107214e-05,38.19245801966291,2.2577638938033553e-07,7.662867898069619e-08,3.9893666214442404e-05
67.99030830000993,570410.3457252,-2.009376499999898,4.08669000000001,46.12414599999999,-1.7717732309722698,3.953376901882222,46.45709502331772,-0.1593591199999987,0.0232686400000005,-0.0695638799999988,46.65865458107314,1.0,0.0,0.0,4098.73,0.0,0.0,0.0,8.90445656866156e-05,8.068543955107214e-05,37.68019435373026,2.2577638938033553e-07,7.662867898069619e-08,3.9893666214442404e-05
68.10146439995151,570410.4568813,-1.9143764999998976,4.191690000000009,45.63414599999999,-1.8058635725438223,4.010347369468321,46.26036311463025,-0.1549591199999987,0.0220686400000005,-0.0619638799999988,46.46897055846929,1.0,0.0,0.0,4099.71,0.0,0.0,0.0,8.90445656866156e-05,8.068543955107214e-05,37.75832422000014,2.2577638938033553e-07,7.662867898069619e-08,3.9893666214442404e-05
68.21221459994558,570410.5676315,-1.8343764999998973,4.016690000000009,45.00914599999999,-1.8126797938184849,4.011863621113615,45.96125062507256,-0.1509591199999987,0.0172686400000005,-0.0583638799999988,46.17160834073322,1.0,0.0,0.0,4096.29,0.0,0.0,0.0,8.90445656866156e-05,8.068543955107214e-05,37.48710913996334,2.2577638938033553e-07,7.662867898069619e-08,3.9893666214442404e-05
68.32387900003232,570410.6792959,-1.8143764999998977,4.151690000000009,44.84914599999999,-1.8130854036874968,4.045290127037732,45.69539398103811,-0.1489591199999987,0.0144686400000005,-0.0555638799999988,45.90991921116032,1.0,0.0,0.0,4092.38,0.0,0.0,0.0,8.90445656866156e-05,8.068543955107214e-05,37.18191790250538,2.2577638938033553e-07,7.662867898069619e-08,3.9893666214442404e-05
68.43390249996446,570410.7893194,-1.7243764999998978,4.031690000000009,44.77914599999999,-1.791878899462391,4.042038918427341,45.47635828255223,-0.1441591199999987,0.0164686400000005,-0.0559638799999988,45.690787597189406,1.0,0.0,0.0,4094.82,0.0,0.0,0.0,8.90445656866156e-05,8.068543955107214e-05,37.37176552264609,2.2577638938033553e-07,7.662867898069619e-08,3.9893666214442404e-05
68.5446942000417,570410.9001111,-1.8293764999998976,3.9916900000000095,44.09414599999999,-1.8008429717389502,4.030002645776302,45.1459304518447,-0.1429591199999987,0.0152686400000005,-0.0599638799999988,45.36120581616657,1.0,0.0,0.0,4091.4,0.0,0.0,0.0,8.90445656866156e-05,8.068543955107214e-05,37.10622598352126,2.2577638938033553e-07,7.662867898069619e-08,3.9893666214442404e-05
68.65549070003908,570411.0109076,-1.804376499999898,3.70669000000001,44.02914599999999,-1.8016876871945624,3.952712422318796,44.87895506141511,-0.1369591199999987,0.0220686400000005,-0.0655638799999988,45.08869726905246,1.0,0.0,0.0,4092.86,0.0,0.0,0.0,8.90445656866156e-05,8.068543955107214e-05,37.21910772650477,2.2577638938033553e-07,7.662867898069619e-08,3.9893666214442404e-05
68.76650589995552,570411.1219228,-1.884376499999898,3.466690000000009,43.69414599999999,-1.8214550452074696,3.836525251426725,44.59571789668443,-0.1305591199999987,0.0180686400000005,-0.0655638799999988,44.79748518842555,1.0,0.0,0.0,4090.42,0.0,0.0,0.0,8.90445656866156e-05,8.068543955107214e-05,37.03085088989588,2.2577638938033553e-07,7.662867898069619e-08,3.9893666214442404e-05
68.87645869993139,570411.2318756,-1.674376499999898,3.506690000000009,43.52414599999999,-1.7862948565374484,3.7576757519717208,44.3395508941638,-0.1293591199999987,0.0224686400000005,-0.0675638799999988,44.534332260264,1.0,0.0,0.0,4089.93,0.0,0.0,0.0,8.90445656866156e-05,8.068543955107214e-05,36.99328149864923,2.2577638938033553e-07,7.662867898069619e-08,3.9893666214442404e-05
68.98724569997285,570411.3426626,-1.594376499999898,3.2066900000000094,43.42914599999999,-1.7404153870636552,3.625958627856316,44.12191202780342,-0.1237591199999987,0.0228686400000005,-0.0695638799999988,44.30485010334284,1.0,0.0,0.0,4084.56,0.0,0.0,0.0,8.90445656866156e-05,8.068543955107214e-05,36.58663523003803,2.2577638938033553e-07,7.662867898069619e-08,3.9893666214442404e-05
69.09787940001115,570411.4532963,-1.5993764999998978,3.011690000000009,43.50414599999999,-1.706699022301052,3.47911327512984,43.97423059635573,-0.1185591199999987,0.0280686400000005,-0.0691638799999988,44.14464868220582,1.0,0.0,0.0,4085.53,0.0,0.0,0.0,8.90445656866156e-05,8.068543955107214e-05,36.65940703840188,2.2577638938033553e-07,7.662867898069619e-08,3.9893666214442404e-05
69.20037420000881,570411.5557911,-1.679376499999898,3.0416900000000093,43.40414599999999,-1.700167375977697,3.3745440814346086,43.83794775552771,-0.1257591199999987,0.0268686400000005,-0.0659638799999988,44.000497500372205,1.0,0.0,0.0,4083.58,0.0,0.0,0.0,8.90445656866156e-05,8.068543955107214e-05,36.51341426633898,2.2577638938033553e-07,7.662867898069619e-08,3.9893666214442404e-05
69.31087749998551,570411.6662944,-1.7243764999998978,3.191690000000009,43.59914599999999,-1.705954741952491,3.3308314924009705,43.780860470857895,-0.1229591199999987,0.0236686400000005,-0.0611638799999988,43.940510506605264,1.0,0.0,0.0,4087.0,0.0,0.0,0.0,8.90445656866156e-05,8.068543955107214e-05,36.77025948079775,2.2577638938033553e-07,7.662867898069619e-08,3.9893666214442404e-05
69.4214128999738,570411.7768298,-1.7293764999998975,3.241690000000009,44.27914599999999,-1.7115538824033854,3.309521574719083,43.89997922601999,-0.1241591199999987,0.0296686400000005,-0.0583638799999988,44.05780890819342,1.0,0.0,0.0,4089.93,0.0,0.0,0.0,8.90445656866156e-05,8.068543955107214e-05,36.99328149864923,2.2577638938033553e-07,7.662867898069619e-08,3.9893666214442404e-05
69.53138870000839,570411.8868056,-1.7693764999998978,3.3916900000000094,44.61914599999999,-1.72537679682791,3.329164530335204,44.07190123832071,-0.1273591199999987,0.0352686400000005,-0.0583638799999988,44.23112863494858,1.0,0.0,0.0,4093.35,0.0,0.0,0.0,8.90445656866156e-05,8.068543955107214e-05,37.257151517400956,2.2577638938033553e-07,7.662867898069619e-08,3.9893666214442404e-05
69.64137289999053,570411.9967898,-1.5693764999998976,3.3366900000000093,44.55414599999999,-1.6880837989857622,3.3309635482196387,44.18718533214855,-0.1237591199999987,0.0408686400000005,-0.0583638799999988,44.34469858562137,1.0,0.0,0.0,4092.86,0.0,0.0,0.0,8.90445656866156e-05,8.068543955107214e-05,37.21910772650477,2.2577638938033553e-07,7.662867898069619e-08,3.9893666214442404e-05
69.75308669998776,570412.1085036,-1.7243764999998978,3.1466900000000093,44.02414599999999,-1.6967598313275345,3.286911625397364,44.148209602065776,-0.1237591199999987,0.0360686400000005,-0.0559638799999988,44.30290276072565,1.0,0.0,0.0,4089.93,0.0,0.0,0.0,8.90445656866156e-05,8.068543955107214e-05,36.99328149864923,2.2577638938033553e-07,7.662867898069619e-08,3.9893666214442404e-05
69.86383599997498,570412.2192529,-1.804376499999898,3.2266900000000094,43.95414599999999,-1.7224863733545808,3.2725152108285496,44.10181729615204,-0.1225591199999987,0.0348686400000005,-0.0567638799999988,44.25659955232295,1.0,0.0,0.0,4085.53,0.0,0.0,0.0,8.90445656866156e-05,8.068543955107214e-05,36.65940703840188,2.2577638938033553e-07,7.662867898069619e-08,3.9893666214442404e-05
69.97469389997423,570412.3301108,-1.6893764999998977,3.366690000000009,44.53914599999999,-1.7145712189563085,3.295028374462001,44.20636388189919,-0.1261591199999987,0.0396686400000005,-0.0519638799999988,44.36214122551193,1.0,0.0,0.0,4091.89,0.0,0.0,0.0,8.90445656866156e-05,8.068543955107214e-05,37.14403220846346,2.2577638938033553e-07,7.662867898069619e-08,3.9893666214442404e-05
70.085522999987,570412.4409399,-1.894376499999897,3.401690000000009,45.10914599999999,-1.7575549702331283,3.32052660652892,44.42218046857774,-0.1257591199999987,0.0412686400000005,-0.0515638799999988,44.58076955370945,1.0,0.0,0.0,4091.89,0.0,0.0,0.0,8.90445656866156e-05,8.068543955107214e-05,37.14403220846346,2.2577638938033553e-07,7.662867898069619e-08,3.9893666214442404e-05
70.19722430000547,570412.5526412,-1.6943764999998976,3.5416900000000093,45.11914599999999,-1.7424517005472016,3.373397313336437,44.58879511347189,-0.1289591199999987,0.0436686400000005,-0.0503638799999988,44.75015750847744,1.0,0.0,0.0,4094.82,0.0,0.0,0.0,8.90445656866156e-05,8.068543955107214e-05,37.37176552264609,2.2577638938033553e-07,7.662867898069619e-08,3.9893666214442404e-05
70.30723289994057,570412.6626498,-1.7943764999998977,3.83169000000001,45.92414599999999,-1.754864698940905,3.4829554906113134,44.90802038895137,-0.1309591199999987,0.0508686400000005,-0.0495638799999988,45.07705429945085,1.0,0.0,0.0,4094.33,0.0,0.0,0.0,8.90445656866156e-05,8.068543955107214e-05,37.3334801470204,2.2577638938033553e-07,7.662867898069619e-08,3.9893666214442404e-05
70.41818799998146,570412.7736049,-1.6943764999998976,3.526690000000009,46.00914599999999,-1.7404045580408565,3.493410541001751,45.17125242037527,-0.1269591199999987,0.0540686400000005,-0.0479638799999988,45.33955194373771,1.0,0.0,0.0,4099.71,0.0,0.0,0.0,8.90445656866156e-05,8.068543955107214e-05,37.75832422000014,2.2577638938033553e-07,7.662867898069619e-08,3.9893666214442404e-05
70.52902479993645,570412.8844417,-1.7093764999998975,3.316690000000009,45.29414599999999,-1.7329870766315536,3.451164219114896,45.20063101831993,-0.1241591199999987,0.0460686400000005,-0.0443638799999988,45.36530417763532,1.0,0.0,0.0,4099.71,0.0,0.0,0.0,8.90445656866156e-05,8.068543955107214e-05,37.75832422000014,2.2577638938033553e-07,7.662867898069619e-08,3.9893666214442404e-05
70.63043899997137,570412.9858559,-1.2943764999998977,3.281690000000009,45.26914599999999,-1.6281340499357069,3.410650182819701,45.2170100196161,-0.1209591199999987,0.0412686400000005,-0.0443638799999988,45.3746774122769,1.0,0.0,0.0,4102.15,0.0,0.0,0.0,8.90445656866156e-05,8.068543955107214e-05,37.95431340595612,2.2577638938033553e-07,7.662867898069619e-08,3.9893666214442404e-05
70.74074449995533,570413.0961614,-0.719376499999898,2.971690000000009,44.62914599999999,-1.410888993112801,3.305713580239185,45.07647687922606,-0.1377591199999987,0.0236686400000005,-0.0407638799999988,45.21954353892646,1.0,0.0,0.0,4103.13,0.0,0.0,0.0,8.90445656866156e-05,8.068543955107214e-05,38.03362346897618,2.2577638938033553e-07,7.662867898069619e-08,3.9893666214442404e-05
70.85223600000609,570413.2076529,-1.074376499999898,3.571690000000009,46.81914599999999,-1.3304432507989197,3.3692971646931187,45.49307452091035,-0.1745591199999987,0.0348686400000005,-0.0539638799999988,45.63706905567784,1.0,0.0,0.0,4083.58,0.0,0.0,0.0,8.90445656866156e-05,8.068543955107214e-05,36.51341426633898,2.2577638938033553e-07,7.662867898069619e-08,3.9893666214442404e-05
70.96388069994282,570413.3192976,-1.3993764999998977,4.106690000000009,51.34414599999999,-1.346922241967369,3.5455762486119973,46.8918154238492,-0.1941591199999987,0.0484686400000005,-0.0771638799999988,47.04495365291552,1.0,0.0,0.0,4104.59,0.0,0.0,0.0,8.90445656866156e-05,8.068543955107214e-05,38.152416838345694,2.2577638938033553e-07,7.662867898069619e-08,3.9893666214442404e-05
71.07553729997016,570413.4309542,-1.989376499999898,5.5116900000000095,57.35414599999999,-1.50050557318949,4.0155899433216105,49.39291112388102,-0.3009591199999988,0.0696686400000005,-0.1359638799999988,49.57858558752648,1.0,0.0,0.0,4121.21,0.0,0.0,0.0,8.90445656866156e-05,8.068543955107214e-05,39.560972793549205,2.2577638938033553e-07,7.662867898069619e-08,3.9893666214442404e-05
71.18724709993694,570413.542664,-1.6943764999998976,6.37669000000001,62.80914599999999,-1.546851818691617,4.580027967538188,52.600158984674906,-0.3753591199999988,0.0936686400000006,-0.1759638799999988,52.8218338563278,1.0,0.0,0.0,4109.97,0.0,0.0,0.0,8.90445656866156e-05,8.068543955107214e-05,38.59686971665745,2.2577638938033553e-07,7.662867898069619e-08,3.9893666214442404e-05
71.2971947999904,570413.6526117,-1.8893764999998977,7.54669000000001,70.00914599999999,-1.6287348180233103,5.289229956409752,56.76190308643304,-0.4325591199999988,0.0908686400000006,-0.2119638799999988,57.031064978946695,1.0,0.0,0.0,4125.61,0.0,0.0,0.0,8.90445656866156e-05,8.068543955107214e-05,39.95214886769831,2.2577638938033553e-07,7.662867898069619e-08,3.9893666214442404e-05
71.40074539999478,570413.7561623,-2.3193764999998976,8.54169000000001,74.05414599999999,-1.7938377010264492,6.066754024335136,60.89573866735195,-0.4689591199999988,0.1000686400000006,-0.2227638799999988,61.2234787147205,1.0,0.0,0.0,4159.33,0.0,0.0,0.0,8.90445656866156e-05,8.068543955107214e-05,43.24127226968003,2.2577638938033553e-07,7.662867898069619e-08,3.9893666214442404e-05
71.51054159994237,570413.8659585,-2.2293764999998977,8.48669000000001,74.05414599999999,-1.897956397083776,6.645257199993203,64.04135099143332,-0.4557591199999988,0.1192686400000005,-0.2075638799999988,64.41316882864288,1.0,0.0,0.0,4193.06,0.0,0.0,0.0,8.90445656866156e-05,8.068543955107214e-05,47.156980796201864,2.2577638938033553e-07,7.662867898069619e-08,3.9893666214442404e-05
71.62223620002624,570413.9776531,-2.5193764999998978,8.73169000000001,74.05414599999999,-2.0465113615827715,7.144034032413105,66.43498196676423,-0.4325591199999988,0.1304686400000005,-0.1831638799999988,66.8493250521922,1.0,0.0,0.0,4212.61,0.0,0.0,0.0,8.90445656866156e-05,8.068543955107214e-05,49.792067012761976,2.2577638938033553e-07,7.662867898069619e-08,3.9893666214442404e-05
71.73308559996076,570414.0885025,-2.9393764999998977,9.101690000000008,74.05414599999999,-2.2599572226315425,7.612025832809325,68.25639816678398,-0.4413591199999988,0.1604686400000005,-0.1795638799999988,68.71671001022992,1.0,0.0,0.0,4236.56,0.0,0.0,0.0,8.90445656866156e-05,8.068543955107214e-05,53.4836207932956,2.2577638938033553e-07,7.662867898069619e-08,3.9893666214442404e-05
71.8464136000257,570414.2018305,-3.509376499999898,9.18669000000001,74.05414599999999,-2.558639926204894,7.988460676737167,69.64239166698749,-0.4305591199999988,0.1608686400000006,-0.1703638799999988,70.14574013690236,1.0,0.0,0.0,4254.64,0.0,0.0,0.0,8.90445656866156e-05,8.068543955107214e-05,56.685898714680356,2.2577638938033553e-07,7.662867898069619e-08,3.9893666214442404e-05
71.95732819999103,570414.3127451,-3.669376499999898,8.71169000000001,74.05414599999999,-2.824169527699176,8.161353870790219,70.69705340908988,-0.3977591199999988,0.1348686400000005,-0.1687638799999988,71.2225876478323,1.0,0.0,0.0,4263.44,0.0,0.0,0.0,8.90445656866156e-05,8.068543955107214e-05,58.39932030791704,2.2577638938033553e-07,7.662867898069619e-08,3.9893666214442404e-05
72.0672788999509,570414.4226958,-3.4443764999998976,8.28169000000001,74.05414599999999,-2.972434484561377,8.190121091739169,71.49959064327686,-0.3833591199999988,0.1436686400000005,-0.1747638799999988,72.0285006953395,1.0,0.0,0.0,4260.51,0.0,0.0,0.0,8.90445656866156e-05,8.068543955107214e-05,57.81653824309463,2.2577638938033553e-07,7.662867898069619e-08,3.9893666214442404e-05
72.1773194000125,570414.5327363,-2.974376499999898,7.77169000000001,74.05414599999999,-2.97289873738032,8.090092116675617,72.1102755544149,-0.3665591199999988,0.1288686400000006,-0.1663638799999988,72.62354685563534,1.0,0.0,0.0,4252.69,0.0,0.0,0.0,8.90445656866156e-05,8.068543955107214e-05,56.32076245555125,2.2577638938033553e-07,7.662867898069619e-08,3.9893666214442404e-05
72.2873499999987,570414.6427669,-3.004376499999898,7.45669000000001,74.05414599999999,-2.980423723917632,7.9386727652340126,72.57497182619534,-0.3461591199999988,0.1220686400000005,-0.1599638799999988,73.06867992800065,1.0,0.0,0.0,4247.31,0.0,0.0,0.0,8.90445656866156e-05,8.068543955107214e-05,55.33910455297553,2.2577638938033553e-07,7.662867898069619e-08,3.9893666214442404e-05
72.39890639996156,570414.7543233,-2.999376499999898,7.06169000000001,74.05414599999999,-2.9849545219475733,7.729023700222748,72.9285790974217,-0.3261591199999988,0.1128686400000005,-0.1607638799999988,73.39772074135269,1.0,0.0,0.0,4244.87,0.0,0.0,0.0,8.90445656866156e-05,8.068543955107214e-05,54.90590722150285,2.2577638938033553e-07,7.662867898069619e-08,3.9893666214442404e-05
72.50138199992944,570414.8567989,-2.969376499999898,7.21669000000001,74.03914599999999,-2.981230483271416,7.60654662828531,73.19406813778599,-0.3301591199999988,0.1188686400000006,-0.1683638799999988,73.64861775594653,1.0,0.0,0.0,4241.94,0.0,0.0,0.0,8.90445656866156e-05,8.068543955107214e-05,54.39524227562392,2.2577638938033553e-07,7.662867898069619e-08,3.9893666214442404e-05
72.61150679993443,570414.9669237,-3.184376499999898,7.10669000000001,74.05414599999999,-3.029794006018097,7.487052290524026,73.39967596361589,-0.3101591199999988,0.1140686400000006,-0.1579638799999988,73.84272499903939,1.0,0.0,0.0,4247.8,0.0,0.0,0.0,8.90445656866156e-05,8.068543955107214e-05,55.426987020981464,2.2577638938033553e-07,7.662867898069619e-08,3.9893666214442404e-05
72.7214078999823,570415.0768248,-2.809376499999898,6.82169000000001,72.844146,-2.977101608994194,7.327992628656107,73.26687251288132,-0.2913591199999988,0.1164686400000006,-0.1583638799999988,73.69258590777446,1.0,0.0,0.0,4247.31,0.0,0.0,0.0,8.90445656866156e-05,8.068543955107214e-05,55.33910455297553,2.2577638938033553e-07,7.662867898069619e-08,3.9893666214442404e-05
72.83318429999053,570415.1886012,-3.0393764999998982,6.851690000000009,72.53914599999999,-2.991988871538676,7.2141290446511075,73.09290423316402,-0.2765591199999988,0.1124686400000005,-0.1467638799999988,73.50896751090153,1.0,0.0,0.0,4245.36,0.0,0.0,0.0,8.90445656866156e-05,8.068543955107214e-05,54.99231605256988,2.2577638938033553e-07,7.662867898069619e-08,3.9893666214442404e-05
72.94478729995899,570415.3002042,-3.0693764999998976,6.78169000000001,72.53414599999999,-3.010488943140431,7.110751367255957,72.9593290412742,-0.2817591199999988,0.1236686400000006,-0.1467638799999988,73.36681486092074,1.0,0.0,0.0,4246.33,0.0,0.0,0.0,8.90445656866156e-05,8.068543955107214e-05,55.164235298031656,2.2577638938033553e-07,7.662867898069619e-08,3.9893666214442404e-05
73.05661690002307,570415.4120338,-2.679376499999898,6.77169000000001,71.51914599999999,-2.931334121780304,7.029696298166106,72.61504288193599,-0.2921591199999988,0.1324686400000005,-0.1491638799999988,73.01338098268951,1.0,0.0,0.0,4244.87,0.0,0.0,0.0,8.90445656866156e-05,8.068543955107214e-05,54.90590722150285,2.2577638938033553e-07,7.662867898069619e-08,3.9893666214442404e-05
73.168157099979,570415.523574,-2.909376499999897,6.68669000000001,71.779146,-2.926084993680385,6.947698164845539,72.41521569411555,-0.2693591199999988,0.1120686400000006,-0.1631638799999988,72.8065652754291,1.0,0.0,0.0,4244.87,0.0,0.0,0.0,8.90445656866156e-05,8.068543955107214e-05,54.90590722150285,2.2577638938033553e-07,7.662867898069619e-08,3.9893666214442404e-05
73.27231609995943,570415.627733,-3.059376499999898,6.49669000000001,72.19414599999999,-2.9579492911120147,6.839881405131814,72.36236738681582,-0.2545591199999988,0.1148686400000005,-0.1539638799999988,72.74507306663155,1.0,0.0,0.0,4251.71,0.0,0.0,0.0,8.90445656866156e-05,8.068543955107214e-05,56.13916317659868,2.2577638938033553e-07,7.662867898069619e-08,3.9893666214442404e-05
73.3831367000239,570415.7385536,-2.824376499999897,6.42169000000001,72.064146,-2.926017750518821,6.739909728883152,72.29107541006229,-0.2537591199999988,0.1292686400000005,-0.1631638799999988,72.66352280871853,1.0,0.0,0.0,4259.04,0.0,0.0,0.0,8.90445656866156e-05,8.068543955107214e-05,57.52885260622526,2.2577638938033553e-07,7.662867898069619e-08,3.9893666214442404e-05
73.49483899993356,570415.8502559,-2.8543764999998977,6.351690000000009,70.50414599999999,-2.9088913920737696,6.647102998345454,71.8638970265045,-0.2529591199999987,0.1172686400000005,-0.1507638799999988,72.22925531415602,1.0,0.0,0.0,4257.58,0.0,0.0,0.0,8.90445656866156e-05,8.068543955107214e-05,57.246163083837324,2.2577638938033553e-07,7.662867898069619e-08,3.9893666214442404e-05
73.60479190002661,570415.9602088,-2.934376499999898,6.14669000000001,69.93414599999998,-2.9149837912180083,6.527475656302292,71.40257610384846,-0.2385591199999987,0.1180686400000006,-0.1375638799999988,71.75954949142695,1.0,0.0,0.0,4257.09,0.0,0.0,0.0,8.90445656866156e-05,8.068543955107214e-05,57.151957829763916,2.2577638938033553e-07,7.662867898069619e-08,3.9893666214442404e-05
73.71477289998438,570416.0701898,-2.8943764999998978,6.266690000000009,70.014146,-2.91005746939327,6.465132961349177,71.07066185804494,-0.2429591199999987,0.1260686400000006,-0.1371638799999988,71.42342301810842,1.0,0.0,0.0,4257.09,0.0,0.0,0.0,8.90445656866156e-05,8.068543955107214e-05,57.151957829763916,2.2577638938033553e-07,7.662867898069619e-08,3.9893666214442404e-05
73.82475969998632,570416.1801766,-2.599376499999898,6.12169000000001,70.064146,-2.835786939421413,6.383030440540412,70.83004697150058,-0.2353591199999987,0.1336686400000006,-0.1299638799999988,71.17359284984592,1.0,0.0,0.0,4255.62,0.0,0.0,0.0,8.90445656866156e-05,8.068543955107214e-05,56.87133627840322,2.2577638938033553e-07,7.662867898069619e-08,3.9893666214442404e-05
73.93565020000096,570416.2910671,-2.7043764999998974,6.20169000000001,69.60414599999999,-2.804372324619845,6.339679698296484,70.536986488832,-0.2417591199999987,0.1316686400000006,-0.1307638799999988,70.87681218662246,1.0,0.0,0.0,4253.18,0.0,0.0,0.0,8.90445656866156e-05,8.068543955107214e-05,56.4120373882475,2.2577638938033553e-07,7.662867898069619e-08,3.9893666214442404e-05
74.04642389994115,570416.4018408,-2.9843764999998976,6.36669000000001,69.874146,-2.847403623024532,6.346136706030616,70.37852968187507,-0.2509591199999987,0.1260686400000006,-0.1263638799999988,70.72141541758488,1.0,0.0,0.0,4256.11,0.0,0.0,0.0,8.90445656866156e-05,8.068543955107214e-05,56.96454627466533,2.2577638938033553e-07,7.662867898069619e-08,3.9893666214442404e-05
74.15725629997905,570416.5126732,-2.864376499999897,6.311690000000009,69.689146,-2.8514611118709485,6.337901972124405,70.2137275328835,-0.2425591199999987,0.1248686400000006,-0.1279638799999988,70.55683783973579,1.0,0.0,0.0,4259.04,0.0,0.0,0.0,8.90445656866156e-05,8.068543955107214e-05,57.52885260622526,2.2577638938033553e-07,7.662867898069619e-08,3.9893666214442404e-05
74.26725120004267,570416.6226681,-2.7793764999998976,6.2616900000000095,69.374146,-2.834228764692001,6.319682949662452,70.01301950263756,-0.2437591199999987,0.1284686400000005,-0.1215638799999988,70.35477343543627,1.0,0.0,0.0,4260.02,0.0,0.0,0.0,8.90445656866156e-05,8.068543955107214e-05,57.72029868533651,2.2577638938033553e-07,7.662867898069619e-08,3.9893666214442404e-05
74.37726169999223,570416.7326786,-2.834376499999898,6.62669000000001,70.219146,-2.834264081884536,6.393075202745055,70.06229553080962,-0.2529591199999987,0.1364686400000005,-0.1195638799999988,70.41043756773792,1.0,0.0,0.0,4257.58,0.0,0.0,0.0,8.90445656866156e-05,8.068543955107214e-05,57.246163083837324,2.2577638938033553e-07,7.662867898069619e-08,3.9893666214442404e-05
74.48726720002014,570416.8426841,-3.1043764999998977,6.891690000000009,71.35414599999999,-2.8988364066219634,6.512272671828031,70.37112171729444,-0.3029591199999988,0.1400686400000005,-0.1487638799999988,70.73123581286322,1.0,0.0,0.0,4257.58,0.0,0.0,0.0,8.90445656866156e-05,8.068543955107214e-05,57.246163083837324,2.2577638938033553e-07,7.662867898069619e-08,3.9893666214442404e-05
74.5916035999544,570416.9470205,-3.129376499999898,6.59169000000001,70.89414599999999,-2.953948681275841,6.531257957807403,70.496154450199,-0.2901591199999988,0.1276686400000005,-0.1391638799999988,70.85965661495507,1.0,0.0,0.0,4235.58,0.0,0.0,0.0,8.90445656866156e-05,8.068543955107214e-05,53.321077235810066,2.2577638938033553e-07,7.662867898069619e-08,3.9893666214442404e-05
74.70139840000775,570417.0568153,-3.179376499999898,6.73669000000001,71.08414599999999,-3.007838829744628,6.580367971454642,70.63671807760096,-0.2845591199999988,0.1268686400000006,-0.1383638799999988,71.00629745198621,1.0,0.0,0.0,4247.31,0.0,0.0,0.0,8.90445656866156e-05,8.068543955107214e-05,55.33910455297553,2.2577638938033553e-07,7.662867898069619e-08,3.9893666214442404e-05
74.81311570003163,570417.1685326,-3.0293764999998976,6.976690000000009,72.139146,-3.012987565398895,6.675111615254453,70.99588432540484,-0.2849591199999988,0.1380686400000005,-0.1387638799999988,71.37261940192204,1.0,0.0,0.0,4255.13,0.0,0.0,0.0,8.90445656866156e-05,8.068543955107214e-05,56.77845436273426,2.2577638938033553e-07,7.662867898069619e-08,3.9893666214442404e-05
74.92396020004526,570417.2793771,-3.114376499999897,7.101690000000009,73.43414599999998,-3.0372253226094563,6.777088259564057,71.5787683917699,-0.2869591199999988,0.1468686400000005,-0.1451638799999988,71.96300262927373,1.0,0.0,0.0,4260.02,0.0,0.0,0.0,8.90445656866156e-05,8.068543955107214e-05,57.72029868533651,2.2577638938033553e-07,7.662867898069619e-08,3.9893666214442404e-05
75.03581489995122,570417.3912318,-3.074376499999897,7.15169000000001,73.42914599999999,-3.046106579930284,6.866639511592409,72.02111452542476,-0.2853591199999988,0.1488686400000005,-0.1443638799999988,72.41181147411524,1.0,0.0,0.0,4266.37,0.0,0.0,0.0,8.90445656866156e-05,8.068543955107214e-05,58.994939123178725,2.2577638938033553e-07,7.662867898069619e-08,3.9893666214442404e-05
75.14633839996532,570417.5017553,-2.974376499999898,6.98669000000001,72.42914599999999,-3.0289589861727526,6.895338448044237,72.11865739688248,-0.2773591199999988,0.1536686400000005,-0.1387638799999988,72.51083387730351,1.0,0.0,0.0,4269.31,0.0,0.0,0.0,8.90445656866156e-05,8.068543955107214e-05,59.60594653862386,2.2577638938033553e-07,7.662867898069619e-08,3.9893666214442404e-05
75.25643860001583,570417.6118555,-3.099376499999898,7.016690000000009,72.83914599999999,-3.045792801521837,6.9243484131356325,72.29089540198689,-0.2781591199999988,0.1568686400000006,-0.1343638799999988,72.68560388933496,1.0,0.0,0.0,4269.31,0.0,0.0,0.0,8.90445656866156e-05,8.068543955107214e-05,59.60594653862386,2.2577638938033553e-07,7.662867898069619e-08,3.9893666214442404e-05
75.36906359996647,570417.7244805,-2.884376499999898,7.09169000000001,72.80914599999998,-3.007205068634496,6.964352628286036,72.41478695108248,-0.2717591199999988,0.1644686400000005,-0.1311638799999988,72.81103528330442,1.0,0.0,0.0,4270.28,0.0,0.0,0.0,8.90445656866156e-05,8.068543955107214e-05,59.81055310123886,2.2577638938033553e-07,7.662867898069619e-08,3.9893666214442404e-05
75.4712612000294,570417.8266781,-2.7443764999998974,6.92669000000001,72.23914599999999,-2.9443740007311376,6.955349104934097,72.37279871296435,-0.2665591199999988,0.1684686400000005,-0.1267638799999988,72.76584509902256,1.0,0.0,0.0,4272.24,0.0,0.0,0.0,8.90445656866156e-05,8.068543955107214e-05,60.22865961206993,2.2577638938033553e-07,7.662867898069619e-08,3.9893666214442404e-05
75.58230270002969,570417.9377196,-2.8593764999998976,6.61169000000001,71.594146,-2.92405473419248,6.873194913440019,72.18665615724616,-0.2613591199999988,0.1648686400000006,-0.1307638799999988,72.57206233511059,1.0,0.0,0.0,4269.31,0.0,0.0,0.0,8.90445656866156e-05,8.068543955107214e-05,59.60594653862386,2.2577638938033553e-07,7.662867898069619e-08,3.9893666214442404e-05
75.69310090004001,570418.0485178,-2.8943764999998978,6.70669000000001,70.86414599999999,-2.9169599379247337,6.833390711115513,71.87050055085795,-0.2657591199999988,0.1636686400000006,-0.1323638799999988,72.25353094016299,1.0,0.0,0.0,4265.88,0.0,0.0,0.0,8.90445656866156e-05,8.068543955107214e-05,58.894417746729914,2.2577638938033553e-07,7.662867898069619e-08,3.9893666214442404e-05
75.80316999997012,570418.1585869,-3.1093764999998976,6.64669000000001,71.47414599999999,-2.962958507031136,6.7887585574701,71.77574913236438,-0.2597591199999988,0.1692686400000005,-0.1207638799999988,72.15694373640085,1.0,0.0,0.0,4267.84,0.0,0.0,0.0,8.90445656866156e-05,8.068543955107214e-05,59.29874129679439,2.2577638938033553e-07,7.662867898069619e-08,3.9893666214442404e-05
75.91310899995733,570418.2685259,-2.934376499999898,6.65169000000001,71.61914599999999,-2.9561257717850267,6.755991328676979,71.73831202233262,-0.2573591199999988,0.1724686400000006,-0.1195638799999988,72.11634703883249,1.0,0.0,0.0,4267.84,0.0,0.0,0.0,8.90445656866156e-05,8.068543955107214e-05,59.29874129679439,2.2577638938033553e-07,7.662867898069619e-08,3.9893666214442404e-05
76.02312070003245,570418.3785376,-2.834376499999898,6.8066900000000095,71.66914599999998,-2.9270207288954504,6.768111212284213,71.7217773850656,-0.2513591199999987,0.1768686400000005,-0.1139638799999988,72.09984834243507,1.0,0.0,0.0,4269.79,0.0,0.0,0.0,8.90445656866156e-05,8.068543955107214e-05,59.70700557141251,2.2577638938033553e-07,7.662867898069619e-08,3.9893666214442404e-05
76.1347911999328,570418.4902081,-2.739376499999897,6.98669000000001,71.874146,-2.882163020509111,6.820364050415741,71.75820220311722,-0.2657591199999988,0.1904686400000005,-0.1043638799999988,72.13919747876636,1.0,0.0,0.0,4269.31,0.0,0.0,0.0,8.90445656866156e-05,8.068543955107214e-05,59.60594653862386,2.2577638938033553e-07,7.662867898069619e-08,3.9893666214442404e-05
76.24639909993857,570418.601816,-2.8293764999998983,7.30169000000001,71.57414599999998,-2.8695440214721097,6.935428495575134,71.71420223821168,-0.2753591199999988,0.1936686400000005,-0.1007638799999988,72.1059030452537,1.0,0.0,0.0,4267.35,0.0,0.0,0.0,8.90445656866156e-05,8.068543955107214e-05,59.197098725034905,2.2577638938033553e-07,7.662867898069619e-08,3.9893666214442404e-05
76.35723720001988,570418.7126541,-3.1643764999998982,7.516690000000009,73.329146,-2.9400258552192207,7.074383257014716,72.1002662101922,-0.2669591199999988,0.2104686400000006,-0.0987638799999988,72.50613103784445,1.0,0.0,0.0,4271.75,0.0,0.0,0.0,8.90445656866156e-05,8.068543955107214e-05,60.12354087446617,2.2577638938033553e-07,7.662867898069619e-08,3.9893666214442404e-05
76.46812810003757,570418.823545,-3.1443764999998978,7.64669000000001,73.75914599999999,-2.988877353003544,7.211197318046456,72.49683340704753,-0.2737591199999988,0.2148686400000005,-0.1019638799999988,72.91588035977006,1.0,0.0,0.0,4274.68,0.0,0.0,0.0,8.90445656866156e-05,8.068543955107214e-05,60.75809064476724,2.2577638938033553e-07,7.662867898069619e-08,3.9893666214442404e-05
76.57134110003244,570418.926758,-3.1193764999998974,7.37669000000001,73.02414599999999,-3.0200741167680545,7.25075953912216,72.6228912914937,-0.2601591199999988,0.2176686400000005,-0.1187638799999988,73.04641470394735,1.0,0.0,0.0,4276.15,0.0,0.0,0.0,8.90445656866156e-05,8.068543955107214e-05,61.08194807869653,2.2577638938033553e-07,7.662867898069619e-08,3.9893666214442404e-05
76.68229429994244,570419.0377112,-3.084376499999898,7.75669000000001,73.00414599999999,-3.0354460659750093,7.371705870439694,72.71403298359772,-0.2877591199999988,0.2272686400000005,-0.1207638799999988,73.14975442883903,1.0,0.0,0.0,4275.17,0.0,0.0,0.0,8.90445656866156e-05,8.068543955107214e-05,60.86562908491961,2.2577638938033553e-07,7.662867898069619e-08,3.9893666214442404e-05
76.7930897999322,570419.1485067,-3.134376499999898,7.29669000000001,72.20914599999999,-3.0590961008635995,7.353772784725644,72.59333610306166,-0.2721591199999988,0.2360686400000005,-0.1059638799999988,73.02895651517804,1.0,0.0,0.0,4269.31,0.0,0.0,0.0,8.90445656866156e-05,8.068543955107214e-05,59.60594653862386,2.2577638938033553e-07,7.662867898069619e-08,3.9893666214442404e-05
76.9038440999575,570419.259261,-2.8693764999998974,7.03169000000001,71.97914599999999,-3.013742259816595,7.276776568436334,72.44650952225457,-0.2545591199999988,0.2480686400000006,-0.1075638799999988,72.87338925556894,1.0,0.0,0.0,4272.24,0.0,0.0,0.0,8.90445656866156e-05,8.068543955107214e-05,60.22865961206993,2.2577638938033553e-07,7.662867898069619e-08,3.9893666214442404e-05
77.01397420000285,570419.3693911,-2.849376499999898,6.99669000000001,71.88414599999999,-2.974449437618154,7.209819851015301,72.31207245996447,-0.2425591199999987,0.2524686400000006,-0.1019638799999988,72.73145588530586,1.0,0.0,0.0,4272.73,0.0,0.0,0.0,8.90445656866156e-05,8.068543955107214e-05,60.33417701279836,2.2577638938033553e-07,7.662867898069619e-08,3.9893666214442404e-05
77.12472930003423,570419.4801462,-3.084376499999898,7.08669000000001,71.89414599999999,-3.0007282959508124,7.180384770687988,72.21216412077192,-0.2489591199999987,0.2364686400000006,-0.1043638799999988,72.63028943055745,1.0,0.0,0.0,4272.24,0.0,0.0,0.0,8.90445656866156e-05,8.068543955107214e-05,60.22865961206993,2.2577638938033553e-07,7.662867898069619e-08,3.9893666214442404e-05
77.23476679995656,570419.5901837,-2.9943764999998974,6.96169000000001,71.594146,-2.999209853245845,7.128104205989144,72.0644224246791,-0.2573591199999988,0.2328686400000006,-0.0995638799999988,72.47817677561873,1.0,0.0,0.0,4270.77,0.0,0.0,0.0,8.90445656866156e-05,8.068543955107214e-05,59.914489954001645,2.2577638938033553e-07,7.662867898069619e-08,3.9893666214442404e-05
77.34645179996733,570419.7018687,-3.099376499999898,7.27669000000001,72.16914599999998,-3.0231554137172614,7.163624713373372,72.08945735184189,-0.2781591199999988,0.2332686400000005,-0.0907638799999988,72.50756408108448,1.0,0.0,0.0,4265.4,0.0,0.0,0.0,8.90445656866156e-05,8.068543955107214e-05,58.79630602329762,2.2577638938033553e-07,7.662867898069619e-08,3.9893666214442404e-05
77.45909350004513,570419.8145104,-3.134376499999898,7.28669000000001,72.69414599999999,-3.049743617810953,7.193044359117189,72.23401254121946,-0.2729591199999988,0.2436686400000005,-0.0843638799999988,72.65530531965065,1.0,0.0,0.0,4266.37,0.0,0.0,0.0,8.90445656866156e-05,8.068543955107214e-05,58.994939123178725,2.2577638938033553e-07,7.662867898069619e-08,3.9893666214442404e-05
77.56902089994401,570419.9244378,-3.054376499999898,7.266690000000009,73.33414599999999,-3.0508511417643573,7.210649881557665,72.49700739147676,-0.2677591199999988,0.2516686400000006,-0.0843638799999988,72.91856584658977,1.0,0.0,0.0,4269.79,0.0,0.0,0.0,8.90445656866156e-05,8.068543955107214e-05,59.70700557141251,2.2577638938033553e-07,7.662867898069619e-08,3.9893666214442404e-05
77.67903819994535,570420.0344551,-2.974376499999898,7.23669000000001,73.22914599999999,-3.032569326227524,7.2168749599749855,72.6720304145285,-0.2569591199999987,0.2572686400000006,-0.0871638799999988,73.09243302474235,1.0,0.0,0.0,4276.15,0.0,0.0,0.0,8.90445656866156e-05,8.068543955107214e-05,61.08194807869653,2.2577638938033553e-07,7.662867898069619e-08,3.9893666214442404e-05
77.78130269993562,570420.1367196,-3.1043764999998977,7.38169000000001,73.42914599999999,-3.0497353498248776,7.256275185852652,72.8530243643437,-0.2645591199999988,0.2628686400000006,-0.0907638799999988,73.27699212105017,1.0,0.0,0.0,4276.64,0.0,0.0,0.0,8.90445656866156e-05,8.068543955107214e-05,61.19073365686705,2.2577638938033553e-07,7.662867898069619e-08,3.9893666214442404e-05
77.89145049999934,570420.2468674,-3.174376499999898,7.49169000000001,73.98914599999999,-3.079531717133361,7.312552797719546,73.12462244824772,-0.2729591199999988,0.2700686400000006,-0.0847638799999988,73.55383981965211,1.0,0.0,0.0,4275.17,0.0,0.0,0.0,8.90445656866156e-05,8.068543955107214e-05,60.86562908491961,2.2577638938033553e-07,7.662867898069619e-08,3.9893666214442404e-05
78.00235019996762,570420.3577671,-3.299376499999898,7.5966900000000095,74.05414599999999,-3.1320872005507296,7.380477848421221,73.34683176781036,-0.2761591199999988,0.2716686400000006,-0.0815638799999988,73.78373231192879,1.0,0.0,0.0,4276.64,0.0,0.0,0.0,8.90445656866156e-05,8.068543955107214e-05,61.19073365686705,2.2577638938033553e-07,7.662867898069619e-08,3.9893666214442404e-05
78.11395210004412,570420.469369,-3.054376499999898,7.54169000000001,73.78914599999999,-3.1135098962322063,7.419016777789952,73.4525701801211,-0.2661591199999988,0.2664686400000006,-0.0775638799999988,73.89191985520934,1.0,0.0,0.0,4275.66,0.0,0.0,0.0,8.90445656866156e-05,8.068543955107214e-05,60.973580728918186,2.2577638938033553e-07,7.662867898069619e-08,3.9893666214442404e-05
78.22477039997466,570420.5801873,-2.889376499999898,7.41169000000001,73.55414599999999,-3.059929188810476,7.417265258633475,73.47685261360732,-0.2633591199999988,0.2688686400000006,-0.0783638799999988,73.91364461693956,1.0,0.0,0.0,4279.08,0.0,0.0,0.0,8.90445656866156e-05,8.068543955107214e-05,61.738756835325674,2.2577638938033553e-07,7.662867898069619e-08,3.9893666214442404e-05
78.3347479000222,570420.6901648,-2.699376499999897,7.50669000000001,73.43414599999998,-2.973736464058051,7.438642889026662,73.46664328912853,-0.2753591199999988,0.2772686400000006,-0.0875638799999988,73.90212576617935,1.0,0.0,0.0,4278.59,0.0,0.0,0.0,8.90445656866156e-05,8.068543955107214e-05,61.627850362519425,2.2577638938033553e-07,7.662867898069619e-08,3.9893666214442404e-05
78.44640929996967,570420.8018262,-2.514376499999898,7.7216900000000095,73.469146,-2.863923146412404,7.506307345526975,73.46724158024097,-0.3077591199999988,0.2848686400000006,-0.0939638799999988,73.90522505996147,1.0,0.0,0.0,4272.24,0.0,0.0,0.0,8.90445656866156e-05,8.068543955107214e-05,60.22865961206993,2.2577638938033553e-07,7.662867898069619e-08,3.9893666214442404e-05
78.55809189996216,570420.9135088,-2.344376499999898,7.601690000000009,74.05414599999999,-2.7397217675847854,7.529109258085916,73.6075453213534,-0.3129591199999988,0.2992686400000006,-0.0959638799999988,74.04231418465436,1.0,0.0,0.0,4264.42,0.0,0.0,0.0,8.90445656866156e-05,8.068543955107214e-05,58.59708692833185,2.2577638938033553e-07,7.662867898069619e-08,3.9893666214442404e-05
78.66177230002359,570421.0171892,-2.4393764999998977,7.83669000000001,74.05414599999999,-2.667922061791333,7.6026386562840145,73.71430843965331,-0.3157591199999988,0.3136686400000006,-0.0847638799999988,74.15333567279465,1.0,0.0,0.0,4272.24,0.0,0.0,0.0,8.90445656866156e-05,8.068543955107214e-05,60.22865961206993,2.2577638938033553e-07,7.662867898069619e-08,3.9893666214442404e-05
78.77564819995314,570421.1310651,-2.614376499999897,7.78669000000001,74.05414599999999,-2.6551216084527978,7.646637459514577,73.79554906330841,-0.3229591199999988,0.3372686400000006,-0.0723638799999988,74.23815593579951,1.0,0.0,0.0,4281.04,0.0,0.0,0.0,8.90445656866156e-05,8.068543955107214e-05,62.18674713383252,2.2577638938033553e-07,7.662867898069619e-08,3.9893666214442404e-05
78.88565039995592,570421.2410673,-2.709376499999898,7.98669000000001,74.05414599999999,-2.6680916321933466,7.727929475724785,73.85736852902812,-0.3333591199999988,0.3740686400000006,-0.0659638799999988,74.3084819719272,1.0,0.0,0.0,4283.97,0.0,0.0,0.0,8.90445656866156e-05,8.068543955107214e-05,62.8697677281339,2.2577638938033553e-07,7.662867898069619e-08,3.9893666214442404e-05
78.99143299995922,570421.3468499,-2.9393764999998977,8.126690000000009,74.05414599999999,-2.732944239498773,7.823256059543563,73.90440960490778,-0.3377591199999988,0.4080686400000006,-0.0771638799999988,74.36756066081085,1.0,0.0,0.0,4291.79,0.0,0.0,0.0,8.90445656866156e-05,8.068543955107214e-05,64.77525518988305,2.2577638938033553e-07,7.662867898069619e-08,3.9893666214442404e-05
79.10224959999323,570421.4576665,-3.1043764999998977,8.01669000000001,74.05414599999999,-2.8217378044536137,7.869497840301156,73.940205171792,-0.3269591199999988,0.4456686400000006,-0.0803638799999988,74.41132401282943,1.0,0.0,0.0,4297.17,0.0,0.0,0.0,8.90445656866156e-05,8.068543955107214e-05,66.16102190041248,2.2577638938033553e-07,7.662867898069619e-08,3.9893666214442404e-05
79.2131161999423,570421.5685331,-3.304376499999898,8.24669000000001,74.05414599999999,-2.937116071017993,7.959668350766483,73.9674435498393,-0.3445591199999988,0.4580686400000006,-0.0835638799999988,74.45243902228783,1.0,0.0,0.0,4300.59,0.0,0.0,0.0,8.90445656866156e-05,8.068543955107214e-05,67.07608059758662,2.2577638938033553e-07,7.662867898069619e-08,3.9893666214442404e-05
79.32311799994204,570421.6785349,-3.324376499999897,8.37169000000001,74.05414599999999,-3.0296934739846915,8.058165102299746,73.98817039685497,-0.3429591199999988,0.4792686400000006,-0.0803638799999988,74.4873306410981,1.0,0.0,0.0,4302.54,0.0,0.0,0.0,8.90445656866156e-05,8.068543955107214e-05,67.61030001812273,2.2577638938033553e-07,7.662867898069619e-08,3.9893666214442404e-05
79.43396870000288,570421.7893856,-3.2793764999998976,8.12169000000001,74.05414599999999,-3.089382004966602,8.073351187974124,74.00394234136886,-0.3349591199999988,0.4536686400000006,-0.0847638799999988,74.50709202915935,1.0,0.0,0.0,4306.94,0.0,0.0,0.0,8.90445656866156e-05,8.068543955107214e-05,68.85055579885677,2.2577638938033553e-07,7.662867898069619e-08,3.9893666214442404e-05
79.54394759994466,570421.8993645,-3.434376499999898,7.74169000000001,74.05414599999999,-3.1718554311102327,7.994065185197609,74.0159438886163,-0.3149591199999988,0.4216686400000006,-0.0755638799999988,74.51392953524764,1.0,0.0,0.0,4306.45,0.0,0.0,0.0,8.90445656866156e-05,8.068543955107214e-05,68.70998086462455,2.2577638938033553e-07,7.662867898069619e-08,3.9893666214442404e-05
79.6548459000187,570422.0102628,-3.434376499999898,7.75669000000001,74.05414599999999,-3.234612988978306,7.937318932470197,74.02507637929975,-0.2973591199999988,0.4012686400000006,-0.0631638799999988,74.51963288949683,1.0,0.0,0.0,4308.41,0.0,0.0,0.0,8.90445656866156e-05,8.068543955107214e-05,69.27607760499667,2.2577638938033553e-07,7.662867898069619e-08,3.9893666214442404e-05
79.76494329993147,570422.1203602,-3.259376499999898,7.44669000000001,74.05414599999999,-3.2405328851699804,7.820030542050798,74.03202568211576,-0.2921591199999988,0.3876686400000006,-0.0739638799999988,74.51439295636732,1.0,0.0,0.0,4305.96,0.0,0.0,0.0,8.90445656866156e-05,8.068543955107214e-05,68.57003139035379,2.2577638938033553e-07,7.662867898069619e-08,3.9893666214442404e-05
79.87643009994645,570422.231847,-3.254376499999898,7.17169000000001,74.05414599999999,-3.243842301295956,7.665040052113888,74.03731370389454,-0.2865591199999988,0.3804686400000006,-0.0743638799999988,74.50368562940412,1.0,0.0,0.0,4304.5,0.0,0.0,0.0,8.90445656866156e-05,8.068543955107214e-05,68.15670457448688,2.2577638938033553e-07,7.662867898069619e-08,3.9893666214442404e-05
79.98664020001888,570422.3420571,-2.8993764999998977,6.87169000000001,74.05414599999999,-3.1614952632092894,7.475383991304149,74.04133758586849,-0.2837591199999988,0.4012686400000006,-0.0667638799999988,74.48487154866606,1.0,0.0,0.0,4302.05,0.0,0.0,0.0,8.90445656866156e-05,8.068543955107214e-05,67.47518858924387,2.2577638938033553e-07,7.662867898069619e-08,3.9893666214442404e-05
80.09741429996211,570422.4528312,-2.764376499999898,6.88169000000001,74.05414599999999,-3.066561154232742,7.333457154068633,74.04439952978962,-0.2733591199999988,0.4052686400000006,-0.0615638799999988,74.4698361275914,1.0,0.0,0.0,4296.19,0.0,0.0,0.0,8.90445656866156e-05,8.068543955107214e-05,65.90380147464836,2.2577638938033553e-07,7.662867898069619e-08,3.9893666214442404e-05
80.20925379998516,570422.5646707,-2.949376499999897,7.12169000000001,74.05414599999999,-3.0385473161420595,7.282832686165051,74.04672949389811,-0.2765591199999988,0.4044686400000006,-0.0559638799999988,74.46603635530515,1.0,0.0,0.0,4302.05,0.0,0.0,0.0,8.90445656866156e-05,8.068543955107214e-05,67.47518858924387,2.2577638938033553e-07,7.662867898069619e-08,3.9893666214442404e-05
80.32166969997343,570422.6770866,-2.934376499999898,7.28669000000001,74.05414599999999,-3.013644530053855,7.283754804901031,74.04850246325572,-0.2765591199999988,0.3988686400000006,-0.0467638799999988,74.46687756621887,1.0,0.0,0.0,4301.56,0.0,0.0,0.0,8.90445656866156e-05,8.068543955107214e-05,67.34066489705873,2.2577638938033553e-07,7.662867898069619e-08,3.9893666214442404e-05
80.43158840003889,570422.7870053,-2.8543764999998977,7.70669000000001,74.05414599999999,-2.975570356979212,7.384860518408637,74.04985159148114,-0.2797591199999988,0.3892686400000006,-0.0335638799999988,74.47664536313425,1.0,0.0,0.0,4301.08,0.0,0.0,0.0,8.90445656866156e-05,8.068543955107214e-05,67.2094525940991,2.2577638938033553e-07,7.662867898069619e-08,3.9893666214442404e-05
80.5337021999294,570422.8891191,-2.7343764999998976,7.55169000000001,74.05414599999999,-2.9179112231777835,7.424742311094281,74.0508782008587,-0.2821591199999988,0.3976686400000006,-0.0343638799999988,74.47934993413216,1.0,0.0,0.0,4301.56,0.0,0.0,0.0,8.90445656866156e-05,8.068543955107214e-05,67.34066489705873,2.2577638938033553e-07,7.662867898069619e-08,3.9893666214442404e-05
80.64560489996802,570423.0010218,-2.599376499999898,7.82169000000001,74.05414599999999,-2.841763196631279,7.519635523522764,74.05165939184874,-0.3061591199999988,0.4172686400000006,-0.0295638799999988,74.48670213641314,1.0,0.0,0.0,4300.59,0.0,0.0,0.0,8.90445656866156e-05,8.068543955107214e-05,67.07608059758662,2.2577638938033553e-07,7.662867898069619e-08,3.9893666214442404e-05
80.755618999945,570423.1110359,-2.669376499999898,8.07669000000001,74.05414599999999,-2.800552911547163,7.652803420069319,74.05225383348959,-0.2921591199999988,0.4296686400000006,-0.0095638799999988,74.49929392025251,1.0,0.0,0.0,4300.1,0.0,0.0,0.0,8.90445656866156e-05,8.068543955107214e-05,66.94328450614722,2.2577638938033553e-07,7.662867898069619e-08,3.9893666214442404e-05
80.86655329994392,570423.2219702,-2.634376499999898,7.89669000000001,74.05414599999999,-2.7608272399730867,7.711106268743457,74.05270616956217,-0.2861591199999988,0.4240686400000006,-0.0199638799999988,74.50427248133052,1.0,0.0,0.0,4304.5,0.0,0.0,0.0,8.90445656866156e-05,8.068543955107214e-05,68.15670457448688,2.2577638938033553e-07,7.662867898069619e-08,3.9893666214442404e-05
80.9741675000405,570423.3295844,-2.9143764999998982,8.036690000000009,74.05414599999999,-2.797534299762572,7.788939411590457,74.0530503714291,-0.2869591199999988,0.4260686400000006,-0.0219638799999988,74.51407950601812,1.0,0.0,0.0,4306.45,0.0,0.0,0.0,8.90445656866156e-05,8.068543955107214e-05,68.70998086462455,2.2577638938033553e-07,7.662867898069619e-08,3.9893666214442404e-05
81.08575169998221,570423.4411686,-2.9943764999998974,7.79669000000001,74.05414599999999,-2.844590849640726,7.790792245736993,74.05331228935336,-0.2729591199999988,0.4128686400000006,-0.0223638799999988,74.51631500512212,1.0,0.0,0.0,4306.45,0.0,0.0,0.0,8.90445656866156e-05,8.068543955107214e-05,68.70998086462455,2.2577638938033553e-07,7.662867898069619e-08,3.9893666214442404e-05
81.19643929996528,570423.5518562,-2.9043764999998976,7.73169000000001,74.05414599999999,-2.8588830412273487,7.776663426961953,74.05351159390582,-0.2861591199999988,0.4132686400000006,-0.0395638799999988,74.5155841800117,1.0,0.0,0.0,4305.47,0.0,0.0,0.0,8.90445656866156e-05,8.068543955107214e-05,68.43070301470358,2.2577638938033553e-07,7.662867898069619e-08,3.9893666214442404e-05
81.30646440002602,570423.6618813,-2.9793764999998977,7.52169000000001,74.05414599999999,-2.887687872944764,7.715710187417929,74.05366325326534,-0.2753591199999988,0.4200686400000006,-0.0299638799999988,74.5105090988902,1.0,0.0,0.0,4305.47,0.0,0.0,0.0,8.90445656866156e-05,8.068543955107214e-05,68.43070301470358,2.2577638938033553e-07,7.662867898069619e-08,3.9893666214442404e-05
81.41730430000462,570423.7727212,-2.799376499999898,7.45169000000001,74.05414599999999,-2.8665764013153154,7.652594254436627,74.05377865735943,-0.2653591199999988,0.4196686400000006,-0.0275638799999988,74.50329920561101,1.0,0.0,0.0,4305.47,0.0,0.0,0.0,8.90445656866156e-05,8.068543955107214e-05,68.43070301470358,2.2577638938033553e-07,7.662867898069619e-08,3.9893666214442404e-05
81.52986519993283,570423.8852821,-2.8293764999998983,7.70669000000001,74.05414599999999,-2.85768349618826,7.665526233180159,74.0538664732712,-0.2649591199999988,0.4264686400000006,-0.0255638799999988,74.5043742812262,1.0,0.0,0.0,4305.96,0.0,0.0,0.0,8.90445656866156e-05,8.068543955107214e-05,68.57003139035379,2.2577638938033553e-07,7.662867898069619e-08,3.9893666214442404e-05
81.64064150000922,570423.9960584,-2.8943764999998978,7.69669000000001,74.05414599999999,-2.8664552238054064,7.672976156753364,74.05393329615491,-0.2685591199999988,0.4312686400000006,-0.0227638799999988,74.50554452712595,1.0,0.0,0.0,4306.45,0.0,0.0,0.0,8.90445656866156e-05,8.068543955107214e-05,68.70998086462455,2.2577638938033553e-07,7.662867898069619e-08,3.9893666214442404e-05
81.74385570001323,570424.0992726,-2.924376499999898,7.90169000000001,74.05414599999999,-2.880301723280449,7.727651853121237,74.05398414454557,-0.2713591199999988,0.4316686400000006,-0.0239638799999988,74.51177966510252,1.0,0.0,0.0,4305.96,0.0,0.0,0.0,8.90445656866156e-05,8.068543955107214e-05,68.57003139035379,2.2577638938033553e-07,7.662867898069619e-08,3.9893666214442404e-05
81.85565779998433,570424.2110747,-2.8593764999998976,7.91669000000001,74.05414599999999,-2.875299397499566,7.772842787670586,74.05402283726113,-0.2649591199999988,0.4244686400000006,-0.0195638799999988,74.51632525835326,1.0,0.0,0.0,4305.47,0.0,0.0,0.0,8.90445656866156e-05,8.068543955107214e-05,68.43070301470358,2.2577638938033553e-07,7.662867898069619e-08,3.9893666214442404e-05
81.96727789996658,570424.3226948,-2.989376499999897,8.036690000000009,74.05414599999999,-2.9025703529008475,7.835917369707477,74.05405228020354,-0.2597591199999988,0.4332686400000006,-0.0295638799999988,74.52401743597522,1.0,0.0,0.0,4308.41,0.0,0.0,0.0,8.90445656866156e-05,8.068543955107214e-05,69.27607760499667,2.2577638938033553e-07,7.662867898069619e-08,3.9893666214442404e-05
82.07902529998682,570424.4344422,-2.9443764999998976,7.891690000000009,74.05414599999999,-2.912564414356206,7.849250219858676,74.05407468459788,-0.2589591199999988,0.4316686400000006,-0.0251638799999988,74.52583268822782,1.0,0.0,0.0,4310.85,0.0,0.0,0.0,8.90445656866156e-05,8.068543955107214e-05,69.9952282807432,2.2577638938033553e-07,7.662867898069619e-08,3.9893666214442404e-05
82.18900410004426,570424.544421,-2.8693764999998974,7.62669000000001,74.05414599999999,-2.9022400314566505,7.796045591613078,74.0540917330599,-0.2545591199999988,0.4220686400000006,-0.0331638799999988,74.51986195958196,1.0,0.0,0.0,4309.38,0.0,0.0,0.0,8.90445656866156e-05,8.068543955107214e-05,69.56002740129561,2.2577638938033553e-07,7.662867898069619e-08,3.9893666214442404e-05
82.29904970002826,570424.6544666,-2.8593764999998976,7.43669000000001,74.05414599999999,-2.89199319463245,7.710139041593082,74.05410470596394,-0.2521591199999988,0.4216686400000006,-0.0363638799999988,74.51053813039044,1.0,0.0,0.0,4308.41,0.0,0.0,0.0,8.90445656866156e-05,8.068543955107214e-05,69.27607760499667,2.2577638938033553e-07,7.662867898069619e-08,3.9893666214442404e-05
82.40906149998773,570424.7644784,-2.9143764999998982,7.56669000000001,74.05414599999999,-2.897344085468822,7.675846511980227,74.05411457760155,-0.2441591199999987,0.4228686400000006,-0.0235638799999988,74.50721514254589,1.0,0.0,0.0,4310.36,0.0,0.0,0.0,8.90445656866156e-05,8.068543955107214e-05,69.84950108771059,2.2577638938033553e-07,7.662867898069619e-08,3.9893666214442404e-05
82.51993629999924,570424.8753532,-2.934376499999898,7.75669000000001,74.05414599999999,-2.9061969516702213,7.69517273177324,74.05412208935289,-0.2501591199999988,0.4324686400000006,-0.0231638799999988,74.50956087992002,1.0,0.0,0.0,4310.85,0.0,0.0,0.0,8.90445656866156e-05,8.068543955107214e-05,69.9952282807432,2.2577638938033553e-07,7.662867898069619e-08,3.9893666214442404e-05
82.63153779995628,570424.9869547,-3.0793764999998983,7.98669000000001,74.05414599999999,-2.9475967736800666,7.764862040550104,74.0541278053658,-0.2601591199999988,0.4352686400000006,-0.0275638799999988,74.51842224753847,1.0,0.0,0.0,4312.81,0.0,0.0,0.0,8.90445656866156e-05,8.068543955107214e-05,70.58485090059,2.2577638938033553e-07,7.662867898069619e-08,3.9893666214442404e-05
82.73566949996166,570425.0910864,-3.124376499999898,7.86669000000001,74.05414599999999,-2.989857244244743,7.78920474982214,74.05413215492453,-0.2585591199999988,0.4372686400000006,-0.0231638799999988,74.52265055803264,1.0,0.0,0.0,4311.83,0.0,0.0,0.0,8.90445656866156e-05,8.068543955107214e-05,70.28868714540944,2.2577638938033553e-07,7.662867898069619e-08,3.9893666214442404e-05
82.84564830001909,570425.2010652,-3.059376499999898,7.82669000000001,74.05414599999999,-3.006476324513052,7.798165869656013,74.05413546468984,-0.2493591199999987,0.4472686400000006,-0.0271638799999988,74.5242596088224,1.0,0.0,0.0,4316.23,0.0,0.0,0.0,8.90445656866156e-05,8.068543955107214e-05,71.64016424297041,2.2577638938033553e-07,7.662867898069619e-08,3.9893666214442404e-05
82.95658019999973,570425.3119971,-3.074376499999897,7.87669000000001,74.05414599999999,-3.022708351947616,7.816937630242492,74.05413798323184,-0.2425591199999987,0.4480686400000006,-0.0183638799999988,74.52688529742522,1.0,0.0,0.0,4315.74,0.0,0.0,0.0,8.90445656866156e-05,8.068543955107214e-05,71.48684746239947,2.2577638938033553e-07,7.662867898069619e-08,3.9893666214442404e-05
83.06729639996774,570425.4227133,-3.199376499999897,7.90669000000001,74.05414599999999,-3.064942148921436,7.838393582569204,74.05413989969819,-0.2461591199999987,0.4452686400000006,-0.0147638799999988,74.5308655565972,1.0,0.0,0.0,4315.74,0.0,0.0,0.0,8.90445656866156e-05,8.068543955107214e-05,71.48684746239947,2.2577638938033553e-07,7.662867898069619e-08,3.9893666214442404e-05
83.17816330003552,570425.5335802,-3.1493764999998977,7.78169000000001,74.05414599999999,-3.085126790467623,7.824838181551433,74.0541413580194,-0.2469591199999987,0.4388686400000006,-0.0135638799999988,74.53027540640277,1.0,0.0,0.0,4315.25,0.0,0.0,0.0,8.90445656866156e-05,8.068543955107214e-05,71.33424735485418,2.2577638938033553e-07,7.662867898069619e-08,3.9893666214442404e-05
83.28895630000625,570425.6443732,-3.124376499999898,7.99669000000001,74.05414599999999,-3.094509717055935,7.865920600142198,74.05414246771838,-0.2477591199999987,0.4332686400000006,-0.0115638799999988,74.53498986318994,1.0,0.0,0.0,4313.29,0.0,0.0,0.0,8.90445656866156e-05,8.068543955107214e-05,70.7309094652803,2.2577638938033553e-07,7.662867898069619e-08,3.9893666214442404e-05
83.39895139995497,570425.7543683,-3.5643764999998977,8.161690000000009,74.05414599999999,-3.2068347656534044,7.936626411701206,74.0541433121358,-0.2445591199999987,0.4132686400000006,-0.0103638799999988,74.54723314588855,1.0,0.0,0.0,4311.83,0.0,0.0,0.0,8.90445656866156e-05,8.068543955107214e-05,70.28868714540944,2.2577638938033553e-07,7.662867898069619e-08,3.9893666214442404e-05
83.50984459999017,570425.8652615,-3.294376499999898,8.59669000000001,74.05414599999999,-3.2277622496163416,8.094419380526427,74.05414395468915,-0.2465591199999987,0.4212686400000006,0.0032361200000011,74.56510116072876,1.0,0.0,0.0,4309.38,0.0,0.0,0.0,8.90445656866156e-05,8.068543955107214e-05,69.56002740129561,2.2577638938033553e-07,7.662867898069619e-08,3.9893666214442404e-05
83.61997200001497,570425.9753889,-3.089376499999898,8.831690000000009,74.05414599999999,-3.1946801365257507,8.270669247867513,74.05414444363548,-0.2533591199999987,0.4332686400000006,0.0012361200000011,74.58301589679222,1.0,0.0,0.0,4310.36,0.0,0.0,0.0,8.90445656866156e-05,8.068543955107214e-05,69.84950108771059,2.2577638938033553e-07,7.662867898069619e-08,3.9893666214442404e-05
83.72984439996071,570426.0852613,-3.184376499999898,8.841690000000009,74.05414599999999,-3.192216977784786,8.407175883496393,74.05414481569565,-0.2729591199999988,0.4180686400000006,0.0068361200000011,74.59817169310065,1.0,0.0,0.0,4306.45,0.0,0.0,0.0,8.90445656866156e-05,8.068543955107214e-05,68.70998086462455,2.2577638938033553e-07,7.662867898069619e-08,3.9893666214442404e-05
83.84150560002308,570426.1969225,-2.719376499999898,8.581690000000009,74.05414599999999,-3.07918104595478,8.44889474366862,74.05414509881216,-0.2577591199999988,0.3964686400000006,0.0084361200000011,74.59813392183,1.0,0.0,0.0,4300.1,0.0,0.0,0.0,8.90445656866156e-05,8.068543955107214e-05,66.94328450614722,2.2577638938033553e-07,7.662867898069619e-08,3.9893666214442404e-05
83.94375119998585,570426.2991681,-2.509376499999898,8.37169000000001,74.05414599999999,-2.942965153198057,8.430438391997626,74.05414531424762,-0.2497591199999987,0.3592686400000006,0.0088361200000011,74.59054748155364,1.0,0.0,0.0,4289.35,0.0,0.0,0.0,8.90445656866156e-05,8.068543955107214e-05,64.16734571200452,2.2577638938033553e-07,7.662867898069619e-08,3.9893666214442404e-05
84.05573629995342,570426.4111532,-2.369376499999898,7.88169000000001,71.66414599999999,-2.805844642269911,8.299256124945845,73.48279871375213,-0.2341591199999987,0.3196686400000006,-0.0143638799999988,74.00318995279743,1.0,0.0,0.0,4279.08,0.0,0.0,0.0,8.90445656866156e-05,8.068543955107214e-05,61.738756835325674,2.2577638938033553e-07,7.662867898069619e-08,3.9893666214442404e-05
84.16662379994523,570426.5220407,-2.3993764999998977,8.07169000000001,70.109146,-2.7086754966926474,8.24485479892845,72.67630266257588,-0.2245591199999987,0.2764686400000006,-0.0267638799999988,73.19261931577617,1.0,0.0,0.0,4275.17,0.0,0.0,0.0,8.90445656866156e-05,8.068543955107214e-05,60.86562908491961,2.2577638938033553e-07,7.662867898069619e-08,3.9893666214442404e-05
84.27732240001205,570426.6327393,-2.3993764999998977,7.601690000000009,65.53414599999999,-2.634735337277707,8.09110160777249,70.9689185202279,-0.2193591199999987,0.2368686400000005,-0.0343638799999988,71.4772351973378,1.0,0.0,0.0,4257.58,0.0,0.0,0.0,8.90445656866156e-05,8.068543955107214e-05,57.246163083837324,2.2577638938033553e-07,7.662867898069619e-08,3.9893666214442404e-05
84.38753149996046,570426.7429484,-2.099376499999898,7.04169000000001,62.15414599999999,-2.506753940002628,7.840232182393573,68.86168347478242,-0.2033591199999987,0.2236686400000005,-0.0375638799999988,69.35188899352838,1.0,0.0,0.0,4237.05,0.0,0.0,0.0,8.90445656866156e-05,8.068543955107214e-05,53.565291693548986,2.2577638938033553e-07,7.662867898069619e-08,3.9893666214442404e-05
84.49818260001484,570426.8535995,-1.2743764999998977,6.7216900000000095,58.88914599999999,-2.212145210755128,7.572836593779127,66.4776763537074,-0.1829591199999987,0.1900686400000006,-0.0535638799999988,66.94417744582283,1.0,0.0,0.0,4218.96,0.0,0.0,0.0,8.90445656866156e-05,8.068543955107214e-05,50.71689898358986,2.2577638938033553e-07,7.662867898069619e-08,3.9893666214442404e-05
84.60902380000334,570426.9644407,-0.5193764999998978,6.49169000000001,56.25414599999999,-1.807476622546938,7.314380690754138,64.0336675718505,-0.1897591199999987,0.2060686400000005,-0.0475638799999988,64.47540398735465,1.0,0.0,0.0,4207.23,0.0,0.0,0.0,8.90445656866156e-05,8.068543955107214e-05,49.036140072858416,2.2577638938033553e-07,7.662867898069619e-08,3.9893666214442404e-05
84.71979100001045,570427.0752079,-0.884376499999898,6.53169000000001,54.96414599999999,-1.5868028701361567,7.127272827276524,61.86553292540668,-0.1861591199999987,0.1908686400000006,-0.0387638799999988,62.29494462191683,1.0,0.0,0.0,4189.64,0.0,0.0,0.0,8.90445656866156e-05,8.068543955107214e-05,46.72605826087018,2.2577638938033553e-07,7.662867898069619e-08,3.9893666214442404e-05
84.8298701000167,570427.185287,-1.2743764999998977,6.80169000000001,53.94914599999999,-1.5121150895086173,7.049439900532482,59.973063445991,-0.1901591199999987,0.1784686400000006,-0.0283638799999988,60.4048792238839,1.0,0.0,0.0,4191.59,0.0,0.0,0.0,8.90445656866156e-05,8.068543955107214e-05,46.97073221526504,2.2577638938033553e-07,7.662867898069619e-08,3.9893666214442404e-05
84.93982379999943,570427.2952407,-1.239376499999898,6.79169000000001,53.30414599999999,-1.4469149595291677,6.987822924925258,58.37881055686351,-0.1785591199999987,0.1624686400000005,-0.0351638799999988,58.81333823346859,1.0,0.0,0.0,4184.26,0.0,0.0,0.0,8.90445656866156e-05,8.068543955107214e-05,46.064781024127015,2.2577638938033553e-07,7.662867898069619e-08,3.9893666214442404e-05
85.04991619999055,570427.4053331,-1.009376499999898,6.93669000000001,52.46914599999999,-1.342318230171203,6.975599229857535,56.96606255542923,-0.1865591199999987,0.1684686400000005,-0.0331638799999988,57.4072563872871,1.0,0.0,0.0,4186.22,0.0,0.0,0.0,8.90445656866156e-05,8.068543955107214e-05,46.30338843253224,2.2577638938033553e-07,7.662867898069619e-08,3.9893666214442404e-05
85.16065830003936,570427.5160752,-1.6043764999998975,7.09169000000001,52.03414599999999,-1.4049651525806712,7.0033515670546205,55.78705227660873,-0.1949591199999987,0.1524686400000005,-0.0327638799999988,56.24247560309564,1.0,0.0,0.0,4184.75,0.0,0.0,0.0,8.90445656866156e-05,8.068543955107214e-05,46.124188837974415,2.2577638938033553e-07,7.662867898069619e-08,3.9893666214442404e-05
85.2706267000176,570427.6260436,-1.469376499999898,6.98669000000001,53.26914599999999,-1.4203631504637348,6.999368499093542,55.18512859281072,-0.1893591199999987,0.1716686400000006,-0.0235638799999988,55.6453682589158,1.0,0.0,0.0,4184.75,0.0,0.0,0.0,8.90445656866156e-05,8.068543955107214e-05,46.124188837974415,2.2577638938033553e-07,7.662867898069619e-08,3.9893666214442404e-05
85.38068009994458,570427.736097,-1.5643764999998977,7.31169000000001,54.51914599999999,-1.4547905819667255,7.074031209974166,55.02592064320034,-0.1945591199999987,0.1752686400000006,-0.0195638799999988,55.49784028076092,1.0,0.0,0.0,4190.62,0.0,0.0,0.0,8.90445656866156e-05,8.068543955107214e-05,46.84868434383373,2.2577638938033553e-07,7.662867898069619e-08,3.9893666214442404e-05
85.49147789995186,570427.8468948,-1.5793764999998978,7.0566900000000095,55.12414599999999,-1.4845737456327246,7.0698856684636935,55.04940212428503,-0.1821591199999987,0.1656686400000006,-0.0255638799999988,55.52138251892335,1.0,0.0,0.0,4199.9,0.0,0.0,0.0,8.90445656866156e-05,8.068543955107214e-05,48.04462216285241,2.2577638938033553e-07,7.662867898069619e-08,3.9893666214442404e-05
85.59343050001189,570427.9488474,-1.8593764999998976,7.266690000000009,55.46914599999999,-1.5741730514933796,7.116933165555322,55.14974492984104,-0.1837591199999987,0.1584686400000005,-0.0303638799999988,55.62933690334226,1.0,0.0,0.0,4202.83,0.0,0.0,0.0,8.90445656866156e-05,8.068543955107214e-05,48.43580670094897,2.2577638938033553e-07,7.662867898069619e-08,3.9893666214442404e-05
85.7040395999793,570428.0594565,-1.7743764999998977,7.58669000000001,55.66914599999999,-1.6220331320506332,7.2292319301698145,55.27391150761365,-0.1881591199999987,0.1624686400000005,-0.0251638799999988,55.76825332689882,1.0,0.0,0.0,4203.81,0.0,0.0,0.0,8.90445656866156e-05,8.068543955107214e-05,48.56816160314862,2.2577638938033553e-07,7.662867898069619e-08,3.9893666214442404e-05
85.81484390003607,570428.1702608,-1.784376499999898,7.81669000000001,57.13414599999999,-1.660842486864193,7.369668025331115,55.71861400062837,-0.1913591199999987,0.1768686400000005,-0.0183638799999988,56.22841230837645,1.0,0.0,0.0,4211.63,0.0,0.0,0.0,8.90445656866156e-05,8.068543955107214e-05,49.65252653333123,2.2577638938033553e-07,7.662867898069619e-08,3.9893666214442404e-05
85.9256642999826,570428.2810812,-1.7493764999998975,7.81669000000001,57.62414599999999,-1.6820071822395266,7.476531857488428,56.17414518989947,-0.1893591199999987,0.1808686400000005,-0.0151638799999988,56.69446414415653,1.0,0.0,0.0,4213.59,0.0,0.0,0.0,8.90445656866156e-05,8.068543955107214e-05,49.93244560113319,2.2577638938033553e-07,7.662867898069619e-08,3.9893666214442404e-05
86.03570889995899,570428.3911258,-1.6293764999998976,8.001690000000009,57.94414599999999,-1.6694254374665844,7.602074704993793,56.59727666935077,-0.1937591199999987,0.1908686400000006,-0.0223638799999988,57.129941777483054,1.0,0.0,0.0,4215.54,0.0,0.0,0.0,8.90445656866156e-05,8.068543955107214e-05,50.214294903642234,2.2577638938033553e-07,7.662867898069619e-08,3.9893666214442404e-05
86.14736359997187,570428.5027805,-1.6093764999998976,8.33669000000001,58.92914599999999,-1.6550703051950264,7.777689797839926,57.15472687735869,-0.1965591199999987,0.1948686400000006,-0.0143638799999988,57.70523824343878,1.0,0.0,0.0,4217.99,0.0,0.0,0.0,8.90445656866156e-05,8.068543955107214e-05,50.57326019536286,2.2577638938033553e-07,7.662867898069619e-08,3.9893666214442404e-05
86.25833770004101,570428.6137546,-1.804376499999898,9.001690000000009,61.54414599999999,-1.6907630295929557,8.070295887867236,58.204049226080976,-0.2089591199999987,0.2024686400000006,-0.0167638799999988,58.785199681994975,1.0,0.0,0.0,4224.34,0.0,0.0,0.0,8.90445656866156e-05,8.068543955107214e-05,51.52966619098495,2.2577638938033553e-07,7.662867898069619e-08,3.9893666214442404e-05
86.3690074000042,570428.7244243,-1.7243764999998978,9.021690000000008,61.76414599999999,-1.6987985725043593,8.297733522873251,59.05511607663942,-0.2193591199999987,0.2036686400000006,-0.0143638799999988,59.659408587681405,1.0,0.0,0.0,4229.23,0.0,0.0,0.0,8.90445656866156e-05,8.068543955107214e-05,52.2929645688381,2.2577638938033553e-07,7.662867898069619e-08,3.9893666214442404e-05
86.47902139998041,570428.8344383,-1.9843764999998976,9.161690000000007,63.58414599999999,-1.767068038975937,8.504268559615646,60.13781339576773,-0.2153591199999987,0.2044686400000006,-0.0111638799999988,60.76184422162167,1.0,0.0,0.0,4233.14,0.0,0.0,0.0,8.90445656866156e-05,8.068543955107214e-05,52.920938332097165,2.2577638938033553e-07,7.662867898069619e-08,3.9893666214442404e-05
86.58982889994513,570428.9452458,-2.154376499999898,9.066690000000008,64.37914599999999,-1.8596569243492536,8.638719467653056,61.15173459254498,-0.2077591199999987,0.2196686400000005,-0.0139638799999988,61.78689538724333,1.0,0.0,0.0,4240.96,0.0,0.0,0.0,8.90445656866156e-05,8.068543955107214e-05,54.226707317760365,2.2577638938033553e-07,7.662867898069619e-08,3.9893666214442404e-05
86.69984579994343,570429.0552627,-2.1243764999998977,9.12169000000001,65.03914599999999,-1.922940051139696,8.754177062201695,62.08104837064369,-0.2065591199999987,0.2272686400000005,-0.0039638799999988,62.7247150752784,1.0,0.0,0.0,4246.33,0.0,0.0,0.0,8.90445656866156e-05,8.068543955107214e-05,55.164235298031656,2.2577638938033553e-07,7.662867898069619e-08,3.9893666214442404e-05
86.80986909999046,570429.165286,-2.239376499999898,9.40169000000001,66.93414599999998,-1.9985864700534413,8.90896970736376,63.24121641582922,-0.2101591199999987,0.2448686400000005,-0.0115638799999988,63.89691340650778,1.0,0.0,0.0,4249.27,0.0,0.0,0.0,8.90445656866156e-05,8.068543955107214e-05,55.69244514610642,2.2577638938033553e-07,7.662867898069619e-08,3.9893666214442404e-05
86.92160000000149,570429.2770169,-2.329376499999898,9.296690000000009,66.749146,-2.077664216210538,9.001657044058904,64.07981232284288,-0.2133591199999987,0.2500686400000006,-0.0167638799999988,64.74232669177826,1.0,0.0,0.0,4252.69,0.0,0.0,0.0,8.90445656866156e-05,8.068543955107214e-05,56.32076245555125,2.2577638938033553e-07,7.662867898069619e-08,3.9893666214442404e-05
87.0314984000288,570429.3869153,-2.6543764999998976,9.116690000000007,66.90914599999999,-2.2155314535954016,9.029156503129917,64.75618497637228,-0.2113591199999987,0.2560686400000006,-0.0139638799999988,65.42016309574616,1.0,0.0,0.0,4252.69,0.0,0.0,0.0,8.90445656866156e-05,8.068543955107214e-05,56.32076245555125,2.2577638938033553e-07,7.662867898069619e-08,3.9893666214442404e-05
87.13420369999949,570429.4896206,-2.499376499999898,9.00669000000001,66.639146,-2.283386662324508,9.02378572326744,65.20632041084787,-0.2041591199999987,0.2656686400000006,-0.0135638799999988,65.86734232494341,1.0,0.0,0.0,4252.69,0.0,0.0,0.0,8.90445656866156e-05,8.068543955107214e-05,56.32076245555125,2.2577638938033553e-07,7.662867898069619e-08,3.9893666214442404e-05
87.24396660004277,570429.5993835,-2.489376499999897,9.07169000000001,67.01914599999999,-2.3326300210112025,9.035237586662204,65.63968946308097,-0.2061591199999987,0.2748686400000006,-0.0063638799999988,66.29966450799023,1.0,0.0,0.0,4254.15,0.0,0.0,0.0,8.90445656866156e-05,8.068543955107214e-05,56.59366753488256,2.2577638938033553e-07,7.662867898069619e-08,3.9893666214442404e-05
87.35425009997562,570429.709667,-2.5643764999998977,9.29169000000001,67.19914599999998,-2.3880306908597926,9.096544388583002,66.01248881313836,-0.2173591199999987,0.2816686400000006,-0.0059638799999988,66.67907085209471,1.0,0.0,0.0,4253.67,0.0,0.0,0.0,8.90445656866156e-05,8.068543955107214e-05,56.50363150732704,2.2577638938033553e-07,7.662867898069619e-08,3.9893666214442404e-05
87.46493040001951,570429.8203473,-2.6493764999998977,9.146690000000008,67.08414599999999,-2.450507294395115,9.108532059224611,66.26867620489193,-0.2229591199999987,0.2724686400000006,-0.0059638799999988,66.93659528406428,1.0,0.0,0.0,4253.67,0.0,0.0,0.0,8.90445656866156e-05,8.068543955107214e-05,56.50363150732704,2.2577638938033553e-07,7.662867898069619e-08,3.9893666214442404e-05
87.57485880004242,570429.9302757,-2.6093764999998976,8.906690000000008,66.65414599999998,-2.4884861256042297,9.060280256938514,66.36082554389624,-0.2129591199999987,0.2560686400000006,-0.0007638799999988,67.02268577428859,1.0,0.0,0.0,4254.15,0.0,0.0,0.0,8.90445656866156e-05,8.068543955107214e-05,56.59366753488256,2.2577638938033553e-07,7.662867898069619e-08,3.9893666214442404e-05
87.6857416999992,570430.0411586,-2.469376499999898,8.89169000000001,66.82414599999998,-2.4839178315630184,9.019977538186982,66.47158564577444,-0.2105591199999987,0.2516686400000006,0.0040361200000011,67.12675726449834,1.0,0.0,0.0,4257.09,0.0,0.0,0.0,8.90445656866156e-05,8.068543955107214e-05,57.151957829763916,2.2577638938033553e-07,7.662867898069619e-08,3.9893666214442404e-05
87.79649969993625,570430.1519166,-2.709376499999898,8.841690000000009,67.094146,-2.5378153548785014,8.97735661430362,66.62041319558568,-0.2097591199999987,0.2524686400000006,0.0108361200000011,67.27044590982287,1.0,0.0,0.0,4259.04,0.0,0.0,0.0,8.90445656866156e-05,8.068543955107214e-05,57.52885260622526,2.2577638938033553e-07,7.662867898069619e-08,3.9893666214442404e-05
87.90816839993931,570430.2635853,-3.004376499999898,9.286690000000007,67.814146,-2.6493501668758457,9.051304994658292,66.90578364554197,-0.2205591199999987,0.2536686400000006,0.0120361200000011,67.56721885379865,1.0,0.0,0.0,4259.04,0.0,0.0,0.0,8.90445656866156e-05,8.068543955107214e-05,57.52885260622526,2.2577638938033553e-07,7.662867898069619e-08,3.9893666214442404e-05
88.0181723999558,570430.3735893,-2.6643764999998982,9.30169000000001,67.89914599999999,-2.6529423203535307,9.11116133886903,67.14325409203808,-0.2197591199999987,0.2620686400000006,0.0104361200000011,67.8105296688207,1.0,0.0,0.0,4260.02,0.0,0.0,0.0,8.90445656866156e-05,8.068543955107214e-05,57.72029868533651,2.2577638938033553e-07,7.662867898069619e-08,3.9893666214442404e-05
88.12817079992965,570430.4835877,-2.8293764999998983,9.31169000000001,68.26914599999999,-2.695120185489821,9.15909916385337,67.4124066856412,-0.2125591199999987,0.2660686400000006,0.0092361200000011,68.08513307218998,1.0,0.0,0.0,4261.97,0.0,0.0,0.0,8.90445656866156e-05,8.068543955107214e-05,58.10535755461403,2.2577638938033553e-07,7.662867898069619e-08,3.9893666214442404e-05
88.23821949993726,570430.5936364,-2.7443764999998974,9.116690000000007,68.10414599999999,-2.7068952632818943,9.148960946886934,67.57777196559417,-0.2101591199999987,0.2688686400000006,0.0136361200000011,68.24797456487543,1.0,0.0,0.0,4262.46,0.0,0.0,0.0,8.90445656866156e-05,8.068543955107214e-05,58.202989575605,2.2577638938033553e-07,7.662867898069619e-08,3.9893666214442404e-05
88.34822479996365,570430.7036417,-2.839376499999898,8.96169000000001,67.83414599999999,-2.7385658599122102,9.1041924742612,67.63906003046509,-0.2117591199999987,0.2664686400000006,0.0100361200000011,68.30394209254932,1.0,0.0,0.0,4261.97,0.0,0.0,0.0,8.90445656866156e-05,8.068543955107214e-05,58.10535755461403,2.2577638938033553e-07,7.662867898069619e-08,3.9893666214442404e-05
88.45822699996643,570430.8136439,-2.919376499999898,8.89169000000001,67.30414599999999,-2.781789949530844,9.053392222753915,67.55899641219384,-0.2105591199999987,0.2560686400000006,0.0120361200000011,68.21964718675369,1.0,0.0,0.0,4259.53,0.0,0.0,0.0,8.90445656866156e-05,8.068543955107214e-05,57.624404120152455,2.2577638938033553e-07,7.662867898069619e-08,3.9893666214442404e-05
88.56819190003444,570430.9236088,-2.974376499999898,8.831690000000009,67.064146,-2.827829155590736,9.000392704914049,67.44069884655217,-0.2041591199999987,0.2564686400000006,0.0080361200000011,68.09736813921094,1.0,0.0,0.0,4259.53,0.0,0.0,0.0,8.90445656866156e-05,8.068543955107214e-05,57.624404120152455,2.2577638938033553e-07,7.662867898069619e-08,3.9893666214442404e-05
88.67900460003875,570431.0344215,-2.8593764999998976,8.921690000000009,67.219146,-2.83537077615748,8.981578254786646,67.38773503817235,-0.2057591199999987,0.2648686400000006,0.0088361200000011,68.04274324981368,1.0,0.0,0.0,4261.97,0.0,0.0,0.0,8.90445656866156e-05,8.068543955107214e-05,58.10535755461403,2.2577638938033553e-07,7.662867898069619e-08,3.9893666214442404e-05
88.79155289998744,570431.1469698,-3.1093764999998976,9.056690000000009,67.60414599999999,-2.900873823752685,8.999534260057906,67.43946964186578,-0.2121591199999987,0.2688686400000006,0.0108361200000011,68.09910976962493,1.0,0.0,0.0,4262.46,0.0,0.0,0.0,8.90445656866156e-05,8.068543955107214e-05,58.202989575605,2.2577638938033553e-07,7.662867898069619e-08,3.9893666214442404e-05
88.90153020003345,570431.2569471,-3.014376499999898,9.101690000000008,67.10414599999999,-2.928007458408727,9.02395532762436,67.35930810303032,-0.2169591199999987,0.2656686400000006,0.0124361200000011,68.02412355591524,1.0,0.0,0.0,4261.0,0.0,0.0,0.0,8.90445656866156e-05,8.068543955107214e-05,57.91312474973918,2.2577638938033553e-07,7.662867898069619e-08,3.9893666214442404e-05
89.00373100000434,570431.3591479,-3.034376499999897,8.831690000000009,67.249146,-2.953435746169642,8.977992912205885,67.33297305653277,-0.2037591199999987,0.2672686400000006,0.0128361200000011,67.9930614112215,1.0,0.0,0.0,4261.0,0.0,0.0,0.0,8.90445656866156e-05,8.068543955107214e-05,57.91312474973918,2.2577638938033553e-07,7.662867898069619e-08,3.9893666214442404e-05
89.11400529998355,570431.4694222,-2.6543764999998976,8.701690000000008,66.23914599999999,-2.8819434730851974,8.911940705138399,67.07148579728779,-0.1969591199999987,0.2660686400000006,0.0212361200000011,67.72231901204904,1.0,0.0,0.0,4262.95,0.0,0.0,0.0,8.90445656866156e-05,8.068543955107214e-05,58.3009764823057,2.2577638938033553e-07,7.662867898069619e-08,3.9893666214442404e-05
89.22401030000765,570431.5794272,-2.834376499999898,8.72169000000001,66.39914599999999,-2.8705722445638613,8.86645989977804,66.91075811202519,-0.2057591199999987,0.2596686400000006,0.0224361200000011,67.55667137516159,1.0,0.0,0.0,4262.46,0.0,0.0,0.0,8.90445656866156e-05,8.068543955107214e-05,58.202989575605,2.2577638938033553e-07,7.662867898069619e-08,3.9893666214442404e-05
89.33391859999392,570431.6893355,-3.044376499999898,8.906690000000008,67.27414599999999,-2.912121407320123,8.876077195842683,66.9976286116182,-0.2025591199999987,0.2576686400000006,0.0228361200000011,67.64574958604459,1.0,0.0,0.0,4261.97,0.0,0.0,0.0,8.90445656866156e-05,8.068543955107214e-05,58.10535755461403,2.2577638938033553e-07,7.662867898069619e-08,3.9893666214442404e-05
89.4449927000096,570431.8004096,-2.919376499999898,8.84669000000001,66.47414599999999,-2.913855789633188,8.869051974394829,66.87248631187627,-0.2109591199999987,0.2492686400000006,0.0200361200000011,67.5209601828897,1.0,0.0,0.0,4261.97,0.0,0.0,0.0,8.90445656866156e-05,8.068543955107214e-05,58.10535755461403,2.2577638938033553e-07,7.662867898069619e-08,3.9893666214442404e-05
89.55576130002737,570431.9111782,-3.0243764999998977,8.81169000000001,65.984146,-2.940276563804934,8.855339180055175,66.66012214329767,-0.2061591199999987,0.2420686400000005,0.0248361200000011,67.30998545851013,1.0,0.0,0.0,4261.0,0.0,0.0,0.0,8.90445656866156e-05,8.068543955107214e-05,57.91312474973918,2.2577638938033553e-07,7.662867898069619e-08,3.9893666214442404e-05
89.6657371999463,570432.0211541,-3.059376499999898,8.826690000000008,66.734146,-2.968748263883912,8.848490386612465,66.67781808096188,-0.2017591199999987,0.2520686400000006,0.0288361200000011,67.32785955616096,1.0,0.0,0.0,4262.95,0.0,0.0,0.0,8.90445656866156e-05,8.068543955107214e-05,58.3009764823057,2.2577638938033553e-07,7.662867898069619e-08,3.9893666214442404e-05
89.77689879992977,570432.1323157,-3.0243764999998977,8.76669000000001,66.69914599999998,-2.98204659556416,8.828935413298609,66.68291667407252,-0.2001591199999987,0.2556686400000006,0.0240361200000011,67.33092958359934,1.0,0.0,0.0,4263.93,0.0,0.0,0.0,8.90445656866156e-05,8.068543955107214e-05,58.49802310154004,2.2577638938033553e-07,7.662867898069619e-08,3.9893666214442404e-05
89.88823509996291,570432.243652,-2.9143764999998982,8.816690000000008,65.50914599999999,-2.9658695703970968,8.82600805879348,66.4023183155731,-0.2041591199999987,0.2456686400000005,0.0184361200000011,67.05194015272927,1.0,0.0,0.0,4262.46,0.0,0.0,0.0,8.90445656866156e-05,8.068543955107214e-05,58.202989575605,2.2577638938033553e-07,7.662867898069619e-08,3.9893666214442404e-05
89.99911720003001,570432.3545341,-2.889376499999898,8.841690000000009,65.62914599999999,-2.947583349362485,8.82975694011914,66.21748588843954,-0.2033591199999987,0.2428686400000005,0.0300361200000011,66.86858973096943,1.0,0.0,0.0,4259.53,0.0,0.0,0.0,8.90445656866156e-05,8.068543955107214e-05,57.624404120152455,2.2577638938033553e-07,7.662867898069619e-08,3.9893666214442404e-05
90.11075200000778,570432.4661689,-3.059376499999898,8.94669000000001,66.39414599999999,-2.9743083095725567,8.857710632762561,66.25971776423194,-0.2029591199999987,0.2416686400000005,0.0340361200000011,66.91528783297447,1.0,0.0,0.0,4257.58,0.0,0.0,0.0,8.90445656866156e-05,8.068543955107214e-05,57.246163083837324,2.2577638938033553e-07,7.662867898069619e-08,3.9893666214442404e-05
90.22149959998204,570432.5769165,-2.8943764999998978,9.011690000000009,65.42914599999999,-2.9552000330979387,8.894520512787675,66.06116358426522,-0.2137591199999987,0.2312686400000005,0.0356361200000011,66.72273253168721,1.0,0.0,0.0,4260.02,0.0,0.0,0.0,8.90445656866156e-05,8.068543955107214e-05,57.72029868533651,2.2577638938033553e-07,7.662867898069619e-08,3.9893666214442404e-05
90.32375939993652,570432.6791763,-2.909376499999897,9.02669000000001,65.719146,-2.9442455864994885,8.926116583446705,65.97940181014474,-0.2145591199999987,0.2356686400000006,0.0336361200000011,66.6455219993019,1.0,0.0,0.0,4257.09,0.0,0.0,0.0,8.90445656866156e-05,8.068543955107214e-05,57.151957829763916,2.2577638938033553e-07,7.662867898069619e-08,3.9893666214442404e-05
90.4340407999698,570432.7894577,-2.839376499999898,8.921690000000009,66.219146,-2.919175873838308,8.925058376697857,66.03671439054833,-0.2057591199999987,0.2352686400000005,0.0320361200000011,66.70101875015641,1.0,0.0,0.0,4262.95,0.0,0.0,0.0,8.90445656866156e-05,8.068543955107214e-05,58.3009764823057,2.2577638938033553e-07,7.662867898069619e-08,3.9893666214442404e-05
90.5456533000106,570432.9010702,-2.8693764999998974,9.031690000000008,66.47414599999999,-2.9072709737909466,8.950549436513569,66.14128557662339,-0.2053591199999987,0.2428686400000005,0.0316361200000011,66.80744133297556,1.0,0.0,0.0,4263.44,0.0,0.0,0.0,8.90445656866156e-05,8.068543955107214e-05,58.39932030791704,2.2577638938033553e-07,7.662867898069619e-08,3.9893666214442404e-05
90.65570040000604,570433.0111173,-2.8593764999998976,8.806690000000009,66.02414599999999,-2.8958214538601634,8.91615879903044,66.11328251466087,-0.2045591199999987,0.2420686400000005,0.0224361200000011,66.77461938854857,1.0,0.0,0.0,4262.95,0.0,0.0,0.0,8.90445656866156e-05,8.068543955107214e-05,58.3009764823057,2.2577638938033553e-07,7.662867898069619e-08,3.9893666214442404e-05
90.7665708999848,570433.1219878,-2.9443764999998976,8.876690000000009,65.60414599999999,-2.9074288883826167,8.906723497514976,65.9915697530272,-0.2025591199999987,0.2360686400000005,0.0152361200000011,66.65335808997806,1.0,0.0,0.0,4258.55,0.0,0.0,0.0,8.90445656866156e-05,8.068543955107214e-05,57.43364221708691,2.2577638938033553e-07,7.662867898069619e-08,3.9893666214442404e-05
90.87738690001424,570433.2328038,-2.7793764999998976,8.806690000000009,64.78414599999999,-2.876817039939126,8.882809767330981,65.70292638290692,-0.2061591199999987,0.2364686400000006,0.0036361200000011,66.36305388483535,1.0,0.0,0.0,4260.51,0.0,0.0,0.0,8.90445656866156e-05,8.068543955107214e-05,57.81653824309463,2.2577638938033553e-07,7.662867898069619e-08,3.9893666214442404e-05
90.9880229999544,570433.3434399,-2.809376499999898,8.48669000000001,63.28914599999999,-2.8606948917024484,8.788114475535528,65.12589474616324,-0.2049591199999987,0.2256686400000006,-0.0007638799999988,65.77839081177694,1.0,0.0,0.0,4253.67,0.0,0.0,0.0,8.90445656866156e-05,8.068543955107214e-05,56.50363150732704,2.2577638938033553e-07,7.662867898069619e-08,3.9893666214442404e-05
91.093281700043,570433.4486986,-2.6443764999998978,8.341690000000009,62.13414599999999,-2.808982417566108,8.681393479862148,64.41069559716469,-0.2097591199999987,0.2200686400000006,-0.0047638799999988,65.0537829974937,1.0,0.0,0.0,4248.29,0.0,0.0,0.0,8.90445656866156e-05,8.068543955107214e-05,55.515170192451706,2.2577638938033553e-07,7.662867898069619e-08,3.9893666214442404e-05
91.20499590004329,570433.5604128,-2.4393764999998977,8.39169000000001,61.36414599999999,-2.7206254530826484,8.61213777029595,63.68239590887424,-0.1993591199999987,0.2080686400000005,0.0068361200000011,64.3196569372468,1.0,0.0,0.0,4240.47,0.0,0.0,0.0,8.90445656866156e-05,8.068543955107214e-05,54.1428594442497,2.2577638938033553e-07,7.662867898069619e-08,3.9893666214442404e-05
91.31816729996352,570433.6735842,-2.2543764999998976,8.261690000000009,59.74414599999999,-2.609165272847296,8.528360699308445,62.74092881977371,-0.1989591199999987,0.2104686400000006,0.0020361200000011,63.37164057215539,1.0,0.0,0.0,4239.0,0.0,0.0,0.0,8.90445656866156e-05,8.068543955107214e-05,53.8929768046777,2.2577638938033553e-07,7.662867898069619e-08,3.9893666214442404e-05
91.4281692999648,570433.7835862,-2.344376499999898,8.19669000000001,57.45914599999999,-2.5458656039671155,8.449072422778755,61.47828048316397,-0.2033591199999987,0.1960686400000005,-0.0019638799999988,62.1083507078187,1.0,0.0,0.0,4225.32,0.0,0.0,0.0,8.90445656866156e-05,8.068543955107214e-05,51.680724415542166,2.2577638938033553e-07,7.662867898069619e-08,3.9893666214442404e-05
91.53906570002437,570433.8944826,-1.7493764999998975,6.83169000000001,52.57914599999999,-2.3554591301365475,8.06242547127254,59.35087810108065,-0.1709591199999987,0.1572686400000005,-0.0175638799999988,59.94228577192317,1.0,0.0,0.0,4209.19,0.0,0.0,0.0,8.90445656866156e-05,8.068543955107214e-05,49.30868951091806,2.2577638938033553e-07,7.662867898069619e-08,3.9893666214442404e-05
91.64989859994968,570434.0053155,-1.8793764999998976,6.57169000000001,49.77414599999999,-2.2416481383668057,7.706054388372158,57.06149111373296,-0.1541591199999987,0.1300686400000006,-0.0227638799999988,57.62310325499156,1.0,0.0,0.0,4181.33,0.0,0.0,0.0,8.90445656866156e-05,8.068543955107214e-05,45.71289348492169,2.2577638938033553e-07,7.662867898069619e-08,3.9893666214442404e-05
91.76073630002792,570434.1161532,-1.2693764999998978,5.87669000000001,47.20414599999999,-2.0092195799033976,7.268731616715648,54.70502155867157,-0.1301591199999987,0.1088686400000006,-0.0243638799999988,55.22237595731308,1.0,0.0,0.0,4163.73,0.0,0.0,0.0,8.90445656866156e-05,8.068543955107214e-05,43.712874929731804,2.2577638938033553e-07,7.662867898069619e-08,3.9893666214442404e-05
91.87076009996235,570434.226177,-0.509376499999898,5.67169000000001,44.63414599999999,-1.6506712573699631,6.8869472818328825,52.2975060082868,-0.1201591199999987,0.1044686400000006,-0.0023638799999988,52.77484147915034,1.0,0.0,0.0,4138.81,0.0,0.0,0.0,8.90445656866156e-05,8.068543955107214e-05,41.17556976021762,2.2577638938033553e-07,7.662867898069619e-08,3.9893666214442404e-05
91.981667199987,570434.3370841,-0.6593764999998979,5.226690000000009,41.94414599999999,-1.4136950848932446,6.490050785558488,49.82246050966383,-0.1273591199999987,0.0792686400000006,-0.0015638799999988,50.26327550239032,1.0,0.0,0.0,4115.35,0.0,0.0,0.0,8.90445656866156e-05,8.068543955107214e-05,39.05218242030719,2.2577638938033553e-07,7.662867898069619e-08,3.9893666214442404e-05
92.0916705999989,570434.4470875,-0.7543764999998976,5.14669000000001,40.97414599999999,-1.256080214513713,6.168910685855405,47.70720700934942,-0.1277591199999987,0.0608686400000005,-0.0031638799999988,48.12079381294818,1.0,0.0,0.0,4081.13,0.0,0.0,0.0,8.90445656866156e-05,8.068543955107214e-05,36.33167297591637,2.2577638938033553e-07,7.662867898069619e-08,3.9893666214442404e-05
92.20173009997234,570434.557147,-0.4843764999998976,4.84169000000001,40.33914599999999,-1.0715988670719854,5.85162899357614,45.94581880106018,-0.1169591199999987,0.0668686400000005,-0.0179638799999988,46.3293443867947,1.0,0.0,0.0,4076.25,0.0,0.0,0.0,8.90445656866156e-05,8.068543955107214e-05,35.97515401940974,2.2577638938033553e-07,7.662867898069619e-08,3.9893666214442404e-05
92.30402439995667,570434.6594413,-0.759376499999898,5.186690000000009,41.06914599999999,-0.9969598548505748,5.692670523901345,44.780014940780966,-0.1185591199999987,0.0596686400000005,-0.0087638799999988,45.15141376238894,1.0,0.0,0.0,4076.73,0.0,0.0,0.0,8.90445656866156e-05,8.068543955107214e-05,36.00990272457729,2.2577638938033553e-07,7.662867898069619e-08,3.9893666214442404e-05
92.41570919996592,570434.7711261,-0.8993764999998977,5.391690000000009,42.19414599999999,-0.9736318489693554,5.620718955496601,44.16184429117675,-0.1153591199999987,0.0592686400000005,-0.0063638799999988,44.52874275961704,1.0,0.0,0.0,4096.29,0.0,0.0,0.0,8.90445656866156e-05,8.068543955107214e-05,37.48710913996334,2.2577638938033553e-07,7.662867898069619e-08,3.9893666214442404e-05
92.52665000001434,570434.8820669,-0.8043764999998979,5.32169000000001,42.49914599999999,-0.9331701351634588,5.549233923616382,43.7643642539858,-0.1181591199999987,0.0668686400000005,-0.0039638799999988,44.12464597246901,1.0,0.0,0.0,4104.59,0.0,0.0,0.0,8.90445656866156e-05,8.068543955107214e-05,38.152416838345694,2.2577638938033553e-07,7.662867898069619e-08,3.9893666214442404e-05
92.63824769994244,570434.9936646,-0.8293764999998978,5.516690000000009,43.38414599999999,-0.9083575169127972,5.541454063591253,43.67347033382185,-0.1185591199999987,0.0688686400000005,0.0024361200000011,44.03299714437618,1.0,0.0,0.0,4113.88,0.0,0.0,0.0,8.90445656866156e-05,8.068543955107214e-05,38.92667327640958,2.2577638938033553e-07,7.662867898069619e-08,3.9893666214442404e-05
92.74911239999346,570435.1045293,-0.8593764999998976,5.57669000000001,44.33914599999999,-0.8966482509999711,5.549877468720453,43.83260491040359,-0.1177591199999987,0.0700686400000005,0.0008361200000011,44.1916549954329,1.0,0.0,0.0,4119.26,0.0,0.0,0.0,8.90445656866156e-05,8.068543955107214e-05,39.39014393405479,2.2577638938033553e-07,7.662867898069619e-08,3.9893666214442404e-05
92.85908359999304,570435.2145005,-0.989376499999898,5.92169000000001,45.48414599999999,-0.9188156087561744,5.638761940151806,44.227417737961474,-0.1197591199999987,0.0836686400000005,-0.0051638799999988,44.594891390256215,1.0,0.0,0.0,4132.45,0.0,0.0,0.0,8.90445656866156e-05,8.068543955107214e-05,40.576497765635985,2.2577638938033553e-07,7.662867898069619e-08,3.9893666214442404e-05
92.96905299997889,570435.3244699,-0.8743764999998977,5.86669000000001,45.67414599999999,-0.9081921187971652,5.693249789322088,44.57326857960352,-0.1213591199999987,0.0824686400000005,-0.0047638799999988,44.9445678359213,1.0,0.0,0.0,4141.74,0.0,0.0,0.0,8.90445656866156e-05,8.068543955107214e-05,41.457816518524744,2.2577638938033553e-07,7.662867898069619e-08,3.9893666214442404e-05
93.07905830000529,570435.4344752,-0.8893764999998979,5.96669000000001,46.52914599999999,-0.9036941092069736,5.758617646910274,45.04083520544633,-0.1197591199999987,0.0848686400000005,0.0012361200000011,45.41646371361926,1.0,0.0,0.0,4145.65,0.0,0.0,0.0,8.90445656866156e-05,8.068543955107214e-05,41.840827322796294,2.2577638938033553e-07,7.662867898069619e-08,3.9893666214442404e-05
93.18987320002634,570435.5452901,-0.8893764999998979,5.99669000000001,47.32914599999999,-0.9002713813011871,5.8155305626583695,45.58787243075069,-0.1201591199999987,0.0868686400000006,0.0036361200000011,45.966128802060354,1.0,0.0,0.0,4152.0,0.0,0.0,0.0,8.90445656866156e-05,8.068543955107214e-05,42.47888781618304,2.2577638938033553e-07,7.662867898069619e-08,3.9893666214442404e-05
93.2999276999617,570435.6553446,-1.0893764999998976,6.25169000000001,47.72414599999999,-0.9454783259478704,5.919797626800862,46.098564059088325,-0.1237591199999987,0.0856686400000005,0.0008361200000011,46.48672435778826,1.0,0.0,0.0,4158.85,0.0,0.0,0.0,8.90445656866156e-05,8.068543955107214e-05,43.19047018396238,2.2577638938033553e-07,7.662867898069619e-08,3.9893666214442404e-05
93.4107503000414,570435.7661672,-1.179376499999898,6.04169000000001,47.24914599999999,-1.0013933740443577,5.948936879117168,46.37361898341926,-0.1297591199999987,0.0968686400000005,-0.0063638799999988,46.76435796951182,1.0,0.0,0.0,4159.82,0.0,0.0,0.0,8.90445656866156e-05,8.068543955107214e-05,43.29326231951322,2.2577638938033553e-07,7.662867898069619e-08,3.9893666214442404e-05
93.52167879999617,570435.8770957,-1.0793764999998978,5.99669000000001,46.79414599999999,-1.0200358036237716,5.9603526076141655,46.474149004456336,-0.1349591199999987,0.0996686400000005,-0.0039638799999988,46.86590233779968,1.0,0.0,0.0,4158.85,0.0,0.0,0.0,8.90445656866156e-05,8.068543955107214e-05,43.19047018396238,2.2577638938033553e-07,7.662867898069619e-08,3.9893666214442404e-05
93.62374119996092,570435.9791581,-1.074376499999898,6.08169000000001,47.40914599999999,-1.0330263396285195,5.989359187758086,46.69766679029533,-0.1353591199999987,0.1136686400000006,0.0040361200000011,47.09152419019584,1.0,0.0,0.0,4154.94,0.0,0.0,0.0,8.90445656866156e-05,8.068543955107214e-05,42.781263719603004,2.2577638938033553e-07,7.662867898069619e-08,3.9893666214442404e-05
93.73407470004167,570436.0894916,-1.029376499999898,6.57669000000001,48.22914599999999,-1.032153819100277,6.129764861073651,47.063777958184815,-0.1409591199999987,0.1144686400000006,0.0060361200000011,47.47250314082521,1.0,0.0,0.0,4156.89,0.0,0.0,0.0,8.90445656866156e-05,8.068543955107214e-05,42.98432195817078,2.2577638938033553e-07,7.662867898069619e-08,3.9893666214442404e-05
93.84411850001196,570436.1995354,-1.1843764999998978,6.58669000000001,48.61914599999999,-1.068543750566716,6.238996116183315,47.43559992395394,-0.1449591199999987,0.1172686400000005,0.0028361200000011,47.85606542989139,1.0,0.0,0.0,4159.82,0.0,0.0,0.0,8.90445656866156e-05,8.068543955107214e-05,43.29326231951322,2.2577638938033553e-07,7.662867898069619e-08,3.9893666214442404e-05
93.95413339999504,570436.3095503,-0.9193764999998976,6.66669000000001,49.10914599999999,-1.0328842417925728,6.341239428603806,47.83567320247807,-0.1389591199999987,0.1200686400000005,0.0056361200000011,48.265202766404094,1.0,0.0,0.0,4164.71,0.0,0.0,0.0,8.90445656866156e-05,8.068543955107214e-05,43.81938996170897,2.2577638938033553e-07,7.662867898069619e-08,3.9893666214442404e-05
94.0659876000136,570436.4214045,-0.7693764999998978,6.94669000000001,48.91414599999999,-0.9698908126396938,6.485976761235287,48.0934899151933,-0.1413591199999987,0.1120686400000006,0.0104361200000011,48.53856564587098,1.0,0.0,0.0,4168.13,0.0,0.0,0.0,8.90445656866156e-05,8.068543955107214e-05,44.19542194124595,2.2577638938033553e-07,7.662867898069619e-08,3.9893666214442404e-05
94.17656839999836,570436.5319853,-0.8093764999998978,7.12669000000001,49.01414599999999,-0.9315187067102462,6.639143889224994,48.31357940272747,-0.1493591199999987,0.0996686400000005,0.0148361200000011,48.77650985245292,1.0,0.0,0.0,4170.58,0.0,0.0,0.0,8.90445656866156e-05,8.068543955107214e-05,44.46900563447767,2.2577638938033553e-07,7.662867898069619e-08,3.9893666214442404e-05
94.28656709997448,570436.641984,-0.7543764999998976,6.94169000000001,48.81414599999999,-0.8891715825897996,6.71146972248108,48.43324346370369,-0.1437591199999987,0.0904686400000005,0.0160361200000011,48.90412584182915,1.0,0.0,0.0,4165.2,0.0,0.0,0.0,8.90445656866156e-05,8.068543955107214e-05,43.87285241682271,2.2577638938033553e-07,7.662867898069619e-08,3.9893666214442404e-05
94.39739679999184,570436.7528137,-0.8243764999998979,7.17669000000001,49.48414599999999,-0.8736818500422323,6.822683990392148,48.68446930631612,-0.1409591199999987,0.0860686400000006,0.0192361200000011,49.16797624923648,1.0,0.0,0.0,4170.09,0.0,0.0,0.0,8.90445656866156e-05,8.068543955107214e-05,44.41400393033018,2.2577638938033553e-07,7.662867898069619e-08,3.9893666214442404e-05
94.50837619998492,570436.8637931,-0.9243764999998976,7.04669000000001,49.39914599999999,-0.8858007723130275,6.876234245121113,48.855317932487445,-0.1373591199999987,0.0736686400000005,0.0168361200000011,49.344800442259725,1.0,0.0,0.0,4175.95,0.0,0.0,0.0,8.90445656866156e-05,8.068543955107214e-05,45.081323927878955,2.2577638938033553e-07,7.662867898069619e-08,3.9893666214442404e-05
94.61831339995842,570436.9737303,-1.014376499999898,7.02169000000001,49.84414599999999,-0.9165377287975746,6.91100649404066,49.09170442493532,-0.1329591199999987,0.0640686400000005,0.0092361200000011,49.58424644495664,1.0,0.0,0.0,4174.49,0.0,0.0,0.0,8.90445656866156e-05,8.068543955107214e-05,44.913093311563586,2.2577638938033553e-07,7.662867898069619e-08,3.9893666214442404e-05
94.7282371999463,570437.0836541,-1.0843764999998975,6.83169000000001,49.87914599999999,-0.9566607994554316,6.892045313188768,49.2799480216259,-0.1277591199999987,0.0676686400000005,0.0040361200000011,49.76875290278441,1.0,0.0,0.0,4176.93,0.0,0.0,0.0,8.90445656866156e-05,8.068543955107214e-05,45.19499343989939,2.2577638938033553e-07,7.662867898069619e-08,3.9893666214442404e-05
94.83989539998583,570437.1953123,-0.9643764999998976,6.80169000000001,49.39414599999999,-0.958505293405803,6.870445222879389,49.30724787327796,-0.1277591199999987,0.0716686400000005,0.0060361200000011,49.79283525563639,1.0,0.0,0.0,4174.0,0.0,0.0,0.0,8.90445656866156e-05,8.068543955107214e-05,44.85692860627644,2.2577638938033553e-07,7.662867898069619e-08,3.9893666214442404e-05
94.95071789994836,570437.3061348,-0.8193764999998976,6.91169000000001,49.97414599999999,-0.9252455503298822,6.880305084786285,49.4666746878833,-0.1329591199999987,0.0864686400000006,0.0136361200000011,49.95144224209162,1.0,0.0,0.0,4174.0,0.0,0.0,0.0,8.90445656866156e-05,8.068543955107214e-05,44.85692860627644,2.2577638938033553e-07,7.662867898069619e-08,3.9893666214442404e-05
95.0615659999894,570437.4169829,-0.7743764999998977,6.74169000000001,50.17914599999999,-0.8891792140292148,6.847168147466718,49.63699610166017,-0.1313591199999987,0.0924686400000005,0.0144361200000011,50.11492525496343,1.0,0.0,0.0,4176.44,0.0,0.0,0.0,8.90445656866156e-05,8.068543955107214e-05,45.138083201467296,2.2577638938033553e-07,7.662867898069619e-08,3.9893666214442404e-05
95.17160909995437,570437.527026,-0.7843764999998979,6.86169000000001,50.10914599999999,-0.8641253681865014,6.850639701215011,49.74986694548535,-0.1305591199999987,0.0876686400000005,0.0160361200000011,50.22675818785544,1.0,0.0,0.0,4177.42,0.0,0.0,0.0,8.90445656866156e-05,8.068543955107214e-05,45.25205527708302,2.2577638938033553e-07,7.662867898069619e-08,3.9893666214442404e-05
95.27345059998332,570437.6288675,-0.9443764999998976,6.70169000000001,50.06414599999999,-0.8833099809494273,6.815032199184911,49.82499762369661,-0.1273591199999987,0.0800686400000006,0.0196361200000011,50.29667273885764,1.0,0.0,0.0,4177.42,0.0,0.0,0.0,8.90445656866156e-05,8.068543955107214e-05,45.25205527708302,2.2577638938033553e-07,7.662867898069619e-08,3.9893666214442404e-05
95.38572689995635,570437.7411438,-1.1643764999998978,6.976690000000009,50.88414599999999,-0.9505009626435534,6.8536776642227775,50.078194693927465,-0.1245591199999987,0.0752686400000006,0.0176361200000011,50.553950720076834,1.0,0.0,0.0,4180.84,0.0,0.0,0.0,8.90445656866156e-05,8.068543955107214e-05,45.65459880227951,2.2577638938033553e-07,7.662867898069619e-08,3.9893666214442404e-05
95.49754789995497,570437.8529648,-1.0393764999998978,7.016690000000009,50.76414599999999,-0.9717473018508692,6.892646940627976,50.24217630868929,-0.1221591199999987,0.0724686400000006,0.0156361200000011,50.72207758856317,1.0,0.0,0.0,4180.35,0.0,0.0,0.0,8.90445656866156e-05,8.068543955107214e-05,45.59646090907848,2.2577638938033553e-07,7.662867898069619e-08,3.9893666214442404e-05
95.60824810003396,570437.963665,-0.9643764999998976,6.81669000000001,50.22414599999999,-0.9699852584245914,6.874488885287493,50.23786603315318,-0.1261591199999987,0.0764686400000005,0.0192361200000011,50.71530984230056,1.0,0.0,0.0,4179.86,0.0,0.0,0.0,8.90445656866156e-05,8.068543955107214e-05,45.538479141678486,2.2577638938033553e-07,7.662867898069619e-08,3.9893666214442404e-05
95.71912759996484,570438.0745445,-0.7543764999998976,6.66169000000001,49.90414599999999,-0.9184424272494364,6.823617774583218,50.15808784856431,-0.1229591199999987,0.0796686400000006,0.0164361200000011,50.62844134130612,1.0,0.0,0.0,4174.98,0.0,0.0,0.0,8.90445656866156e-05,8.068543955107214e-05,44.96940649447583,2.2577638938033553e-07,7.662867898069619e-08,3.9893666214442404e-05
95.82989139994606,570438.1853083,-0.994376499999898,6.69669000000001,50.07414599999999,-0.9365950158586138,6.793274773192272,50.138020943301775,-0.1217591199999987,0.0796686400000006,0.0164361200000011,50.60481139653412,1.0,0.0,0.0,4178.89,0.0,0.0,0.0,8.90445656866156e-05,8.068543955107214e-05,45.42415677486811,2.2577638938033553e-07,7.662867898069619e-08,3.9893666214442404e-05
95.94070729997476,570438.2961242,-0.8093764999998978,6.62169000000001,50.02914599999999,-0.9061825106655568,6.75225619369906,50.11199360163528,-0.1161591199999987,0.0836686400000005,0.0072361200000011,50.57297730189828,1.0,0.0,0.0,4178.89,0.0,0.0,0.0,8.90445656866156e-05,8.068543955107214e-05,45.42415677486811,2.2577638938033553e-07,7.662867898069619e-08,3.9893666214442404e-05
96.05077159998471,570438.4061885,-0.9643764999998976,6.66169000000001,49.84914599999999,-0.9200942041866544,6.730605690880377,50.04915798375561,-0.1145591199999987,0.0668686400000005,0.0064361200000011,50.50807698966194,1.0,0.0,0.0,4181.33,0.0,0.0,0.0,8.90445656866156e-05,8.068543955107214e-05,45.71289348492169,2.2577638938033553e-07,7.662867898069619e-08,3.9893666214442404e-05
96.15314569999464,570438.5085626,-0.9543764999998978,6.69669000000001,50.18914599999999,-0.9282896346427688,6.722497899981677,50.08262313025776,-0.1097591199999987,0.0692686400000005,0.0124361200000011,50.54030905394696,1.0,0.0,0.0,4184.26,0.0,0.0,0.0,8.90445656866156e-05,8.068543955107214e-05,46.064781024127015,2.2577638938033553e-07,7.662867898069619e-08,3.9893666214442404e-05
96.26321180001833,570438.6186287,-1.074376499999898,6.82669000000001,50.35914599999999,-0.9632127550810324,6.747405774134227,50.1487279197632,-0.1133591199999987,0.0712686400000005,0.0108361200000011,50.60978339671893,1.0,0.0,0.0,4185.73,0.0,0.0,0.0,8.90445656866156e-05,8.068543955107214e-05,46.243491840878605,2.2577638938033553e-07,7.662867898069619e-08,3.9893666214442404e-05
96.37408320000397,570438.7295001,-1.0243764999998977,6.90169000000001,50.07414599999999,-0.9778343901269686,6.784288532816625,50.13089857309305,-0.1161591199999987,0.0796686400000006,0.0148361200000011,50.59732920556938,1.0,0.0,0.0,4182.31,0.0,0.0,0.0,8.90445656866156e-05,8.068543955107214e-05,45.829955892366115,2.2577638938033553e-07,7.662867898069619e-08,3.9893666214442404e-05
96.48409549996722,570438.8395124,-0.7243764999998978,7.0566900000000095,50.50914599999999,-0.917243450610968,6.849408071268963,50.22132135280731,-0.1173591199999987,0.0912686400000006,0.0248361200000011,50.69454452795086,1.0,0.0,0.0,4183.28,0.0,0.0,0.0,8.90445656866156e-05,8.068543955107214e-05,45.94644929581381,2.2577638938033553e-07,7.662867898069619e-08,3.9893666214442404e-05
96.59512600000016,570438.9505429,-0.9543764999998978,6.89669000000001,50.70414599999999,-0.9261203743020844,6.860711157878365,50.336744072456,-0.1101591199999987,0.0864686400000006,0.0160361200000011,50.81057823283916,1.0,0.0,0.0,4186.22,0.0,0.0,0.0,8.90445656866156e-05,8.068543955107214e-05,46.30338843253224,2.2577638938033553e-07,7.662867898069619e-08,3.9893666214442404e-05
96.70578580000438,570439.0612027,-0.7993764999998976,6.78669000000001,50.14414599999999,-0.8958213356017415,6.843015865387517,50.29070211198189,-0.1133591199999987,0.0752686400000006,0.0208361200000011,50.76203385321912,1.0,0.0,0.0,4185.73,0.0,0.0,0.0,8.90445656866156e-05,8.068543955107214e-05,46.243491840878605,2.2577638938033553e-07,7.662867898069619e-08,3.9893666214442404e-05
96.81581209995784,570439.171229,-0.7543764999998976,6.891690000000009,50.23414599999999,-0.8620079259086945,6.854651768869632,50.27718196487328,-0.1101591199999987,0.0748686400000006,0.0240361200000011,50.74962398743242,1.0,0.0,0.0,4187.19,0.0,0.0,0.0,8.90445656866156e-05,8.068543955107214e-05,46.42244457775339,2.2577638938033553e-07,7.662867898069619e-08,3.9893666214442404e-05
96.9258435999509,570439.2812605,-1.0493764999998976,7.02669000000001,51.25414599999999,-0.906799737022831,6.895778750758553,50.51073227467816,-0.1077591199999987,0.0716686400000005,0.0216361200000011,50.98733298836773,1.0,0.0,0.0,4190.62,0.0,0.0,0.0,8.90445656866156e-05,8.068543955107214e-05,46.84868434383373,2.2577638938033553e-07,7.662867898069619e-08,3.9893666214442404e-05
97.0357793000294,570439.3911962,-1.054376499999898,7.07169000000001,51.30414599999999,-0.9420790282495812,6.937831605604103,50.70040355702821,-0.1117591199999987,0.0712686400000005,0.0224361200000011,51.181558603941575,1.0,0.0,0.0,4190.62,0.0,0.0,0.0,8.90445656866156e-05,8.068543955107214e-05,46.84868434383373,2.2577638938033553e-07,7.662867898069619e-08,3.9893666214442404e-05
97.1458152999403,570439.5012322,-0.989376499999898,6.91169000000001,51.14914599999999,-0.9533858305300168,6.931582265947663,50.80767867956132,-0.1109591199999987,0.0816686400000006,0.0212361200000011,51.2871912864899,1.0,0.0,0.0,4191.1,0.0,0.0,0.0,8.90445656866156e-05,8.068543955107214e-05,46.90899510821539,2.2577638938033553e-07,7.662867898069619e-08,3.9893666214442404e-05
97.2557141999714,570439.6111311,-0.904376499999898,6.87169000000001,50.25914599999999,-0.941669796042468,6.917264587134464,50.676547980125655,-0.1117591199999987,0.0724686400000006,0.0164361200000011,51.15513470371455,1.0,0.0,0.0,4190.62,0.0,0.0,0.0,8.90445656866156e-05,8.068543955107214e-05,46.84868434383373,2.2577638938033553e-07,7.662867898069619e-08,3.9893666214442404e-05
97.36576740001328,570439.7211843,-0.6693764999998977,6.33669000000001,48.79414599999999,-0.876576116682728,6.77847403823518,50.22654618903755,-0.0997591199999987,0.0516686400000005,0.0088361200000011,50.68946673673821,1.0,0.0,0.0,4190.62,0.0,0.0,0.0,8.90445656866156e-05,8.068543955107214e-05,46.84868434383373,2.2577638938033553e-07,7.662867898069619e-08,3.9893666214442404e-05
97.4773991999682,570439.8328161,-0.5443764999998977,5.891690000000009,47.98914599999999,-0.7971613986339956,6.566481908112405,49.6916795117402,-0.0853591199999987,0.0460686400000005,0.0052361200000011,50.1300026295884,1.0,0.0,0.0,4182.31,0.0,0.0,0.0,8.90445656866156e-05,8.068543955107214e-05,45.829955892366115,2.2577638938033553e-07,7.662867898069619e-08,3.9893666214442404e-05
97.58823679992928,570439.9436537,-0.5243764999998977,5.92669000000001,47.35914599999999,-0.7319501981236052,6.413535030870471,49.134070526444695,-0.0821591199999987,0.0368686400000005,0.0084361200000011,49.55629192325004,1.0,0.0,0.0,4177.91,0.0,0.0,0.0,8.90445656866156e-05,8.068543955107214e-05,45.30926935055877,2.2577638938033553e-07,7.662867898069619e-08,3.9893666214442404e-05
97.69812209997326,570440.053539,-0.1843764999998978,5.3466900000000095,45.99914599999999,-0.6010487501279146,6.158498019767719,48.38464417292377,-0.0729591199999987,0.0300686400000005,0.0016361200000011,48.778705899192936,1.0,0.0,0.0,4171.55,0.0,0.0,0.0,8.90445656866156e-05,8.068543955107214e-05,44.57831079827165,2.2577638938033553e-07,7.662867898069619e-08,3.9893666214442404e-05
97.80909320001956,570440.1645101,-0.4193764999998977,5.33169000000001,45.16914599999999,-0.5576186864052044,5.960843590103,47.61595610717937,-0.0757591199999987,0.0252686400000005,0.0020361200000011,47.99085195019914,1.0,0.0,0.0,4162.76,0.0,0.0,0.0,8.90445656866156e-05,8.068543955107214e-05,43.60798136443038,2.2577638938033553e-07,7.662867898069619e-08,3.9893666214442404e-05
97.91998250002509,570440.2753994,-0.1993764999998977,5.061690000000009,44.43414599999999,-0.4719783039429291,5.745894429253396,46.85532141690064,-0.0665591199999987,0.0232686400000005,0.0008361200000011,47.20867728916567,1.0,0.0,0.0,4156.4,0.0,0.0,0.0,8.90445656866156e-05,8.068543955107214e-05,42.93310708065978,2.2577638938033553e-07,7.662867898069619e-08,3.9893666214442404e-05
98.0316545999376,570440.3870715,-0.1043764999998977,4.99169000000001,43.82914599999999,-0.3841004372980274,5.565596412361198,46.13189232357745,-0.0609591199999987,0.0244686400000005,0.0008361200000011,46.467998514304064,1.0,0.0,0.0,4148.09,0.0,0.0,0.0,8.90445656866156e-05,8.068543955107214e-05,42.083616164181166,2.2577638938033553e-07,7.662867898069619e-08,3.9893666214442404e-05
98.13310780003668,570440.4885247,-0.2943764999998977,5.02669000000001,43.45914599999999,-0.362651281956117,5.436766941636136,45.49295300804735,-0.0609591199999987,0.0208686400000005,3.612000000116633e-05,45.81810476353618,1.0,0.0,0.0,4147.12,0.0,0.0,0.0,8.90445656866156e-05,8.068543955107214e-05,41.98674541400855,2.2577638938033553e-07,7.662867898069619e-08,3.9893666214442404e-05
98.24345359997824,570440.5988705,-0.1243764999998977,4.88169000000001,43.01414599999999,-0.3056899741252211,5.304071789078291,44.90037628683683,-0.0613591199999987,0.0168686400000005,0.0048361200000011,45.21360873236637,1.0,0.0,0.0,4149.56,0.0,0.0,0.0,8.90445656866156e-05,8.068543955107214e-05,42.231315431128074,2.2577638938033553e-07,7.662867898069619e-08,3.9893666214442404e-05
98.35414730000775,570440.7095642,-0.2393764999998977,4.91169000000001,42.82914599999999,-0.2898372591128421,5.210270087985843,44.40523372500724,-0.0545591199999987,0.0088686400000005,0.0028361200000011,44.710800733145575,1.0,0.0,0.0,4148.09,0.0,0.0,0.0,8.90445656866156e-05,8.068543955107214e-05,42.083616164181166,2.2577638938033553e-07,7.662867898069619e-08,3.9893666214442404e-05
98.46492830000352,570440.8203452,-0.4443764999998978,4.936690000000009,42.13914599999999,-0.3267809809782049,5.144868791716782,43.86350908500874,-0.0541591199999987,-0.0003313599999994,3.612000000116633e-05,44.16541508855266,1.0,0.0,0.0,4139.3,0.0,0.0,0.0,8.90445656866156e-05,8.068543955107214e-05,41.2224916982012,2.2577638938033553e-07,7.662867898069619e-08,3.9893666214442404e-05
98.57488540001214,570440.9303023,-0.5493764999998976,4.601690000000009,40.99914599999999,-0.3799940477437109,5.015017977844762,43.1787623984936,-0.0601591199999987,-0.0079313599999994,-0.0007638799999988,43.470683489680624,1.0,0.0,0.0,4119.26,0.0,0.0,0.0,8.90445656866156e-05,8.068543955107214e-05,39.39014393405479,2.2577638938033553e-07,7.662867898069619e-08,3.9893666214442404e-05
98.68747460003942,570441.0428915,-0.8343764999998977,4.811690000000009,41.35914599999999,-0.488617455237491,4.966410955978819,42.74376995423325,-0.0597591199999987,-0.0047313599999994,-0.0003638799999988,43.03410106766077,1.0,0.0,0.0,4113.88,0.0,0.0,0.0,8.90445656866156e-05,8.068543955107214e-05,38.92667327640958,2.2577638938033553e-07,7.662867898069619e-08,3.9893666214442404e-05
98.79816430003848,570441.1535812,-0.7693764999998978,4.96669000000001,41.27914599999999,-0.555734932981981,4.96647766346779,42.39364101810053,-0.0593591199999987,-0.0047313599999994,-0.0039638799999988,42.687182390842295,1.0,0.0,0.0,4115.35,0.0,0.0,0.0,8.90445656866156e-05,8.068543955107214e-05,39.05218242030719,2.2577638938033553e-07,7.662867898069619e-08,3.9893666214442404e-05
98.90821150003468,570441.2636284,-0.8243764999998979,4.976690000000009,40.63914599999999,-0.6199556401397088,4.96891899628576,41.97421631023463,-0.0625591199999987,-0.0047313599999994,-0.0043638799999988,42.271850395337054,1.0,0.0,0.0,4115.35,0.0,0.0,0.0,8.90445656866156e-05,8.068543955107214e-05,39.05218242030719,2.2577638938033553e-07,7.662867898069619e-08,3.9893666214442404e-05
99.01912419998553,570441.3745411,-0.7043764999998978,5.17169000000001,41.07414599999999,-0.6401370565127126,5.017392869462441,41.759048000815525,-0.0597591199999987,0.0036686400000005,-0.0023638799999988,42.06426151250095,1.0,0.0,0.0,4114.37,0.0,0.0,0.0,8.90445656866156e-05,8.068543955107214e-05,38.96841661006311,2.2577638938033553e-07,7.662867898069619e-08,3.9893666214442404e-05
99.1307660000166,570441.4861829,-0.6643764999998978,5.16669000000001,40.60414599999999,-0.6459316705746272,5.053083426981795,41.482960334958136,-0.0613591199999987,0.0024686400000005,-0.0023638799999988,41.79457952886713,1.0,0.0,0.0,4118.28,0.0,0.0,0.0,8.90445656866156e-05,8.068543955107214e-05,39.30486852660337,2.2577638938033553e-07,7.662867898069619e-08,3.9893666214442404e-05
99.24076379998588,570441.5961807,-0.8393764999998976,5.02669000000001,40.59914599999999,-0.6921760544188755,5.046773887605958,41.27167813385572,-0.0513591199999987,-0.0139313599999994,-0.0003638799999988,41.58485842644552,1.0,0.0,0.0,4115.84,0.0,0.0,0.0,8.90445656866156e-05,8.068543955107214e-05,39.09420555276034,2.2577638938033553e-07,7.662867898069619e-08,3.9893666214442404e-05
99.34311649994925,570441.6985334,-0.6843764999998978,5.16169000000001,40.72914599999999,-0.6903115145940741,5.074245414383014,41.141981908216586,-0.0577591199999987,-0.0111313599999994,0.0056361200000011,41.45946420117594,1.0,0.0,0.0,4114.37,0.0,0.0,0.0,8.90445656866156e-05,8.068543955107214e-05,38.96841661006311,2.2577638938033553e-07,7.662867898069619e-08,3.9893666214442404e-05
99.45416840002872,570441.8095853,-0.759376499999898,5.14669000000001,40.77914599999999,-0.7068219982539031,5.091563815886239,41.055243363372064,-0.0649591199999987,-0.0071313599999994,0.0076361200000011,41.375797600217496,1.0,0.0,0.0,4108.99,0.0,0.0,0.0,8.90445656866156e-05,8.068543955107214e-05,38.51511309829574,2.2577638938033553e-07,7.662867898069619e-08,3.9893666214442404e-05
99.56579529994632,570441.9212122,-0.5493764999998976,5.09169000000001,41.09414599999999,-0.6691835145712991,5.09159398111014,41.06454331967547,-0.0669591199999987,0.0060686400000005,0.0096361200000011,41.384403510237455,1.0,0.0,0.0,4106.55,0.0,0.0,0.0,8.90445656866156e-05,8.068543955107214e-05,38.31310488934584,2.2577638938033553e-07,7.662867898069619e-08,3.9893666214442404e-05
99.6766106999712,570442.0320276,-0.8143764999998977,4.99669000000001,41.25914599999999,-0.703892946555607,5.068906498876351,41.11106449614105,-0.0681591199999987,0.0124686400000005,0.0108361200000011,41.42835867350323,1.0,0.0,0.0,4112.9,0.0,0.0,0.0,8.90445656866156e-05,8.068543955107214e-05,38.84346412411126,2.2577638938033553e-07,7.662867898069619e-08,3.9893666214442404e-05
99.78741989994889,570442.1428368,-0.5043764999998976,4.92169000000001,41.11414599999999,-0.6561970987773289,5.033713331385287,41.11180115189811,-0.0629591199999987,0.0200686400000005,0.0060361200000011,41.42401548001136,1.0,0.0,0.0,4113.39,0.0,0.0,0.0,8.90445656866156e-05,8.068543955107214e-05,38.88502255576942,2.2577638938033553e-07,7.662867898069619e-08,3.9893666214442404e-05
99.8974356999388,570442.2528526,-0.7893764999998978,4.98669000000001,41.57914599999999,-0.6880345966757301,5.0224720643393965,41.2235233137541,-0.0621591199999987,0.0200686400000005,0.0056361200000011,41.53405219386762,1.0,0.0,0.0,4115.35,0.0,0.0,0.0,8.90445656866156e-05,8.068543955107214e-05,39.05218242030719,2.2577638938033553e-07,7.662867898069619e-08,3.9893666214442404e-05
100.00828159996308,570442.3636985,-0.719376499999898,4.92169000000001,41.47914599999999,-0.6955271050670803,4.998379383848668,41.28463176341995,-0.0541591199999987,0.0200686400000005,0.0012361200000011,41.59192679186612,1.0,0.0,0.0,4116.32,0.0,0.0,0.0,8.90445656866156e-05,8.068543955107214e-05,39.135462137148394,2.2577638938033553e-07,7.662867898069619e-08,3.9893666214442404e-05
100.12108830001672,570442.4765052,-0.9243764999998976,4.85669000000001,41.67414599999999,-0.7502352060447055,4.964507513130699,41.377747955373614,-0.0497591199999987,0.0220686400000005,0.0012361200000011,41.68125734152876,1.0,0.0,0.0,4118.77,0.0,0.0,0.0,8.90445656866156e-05,8.068543955107214e-05,39.34745826366209,2.2577638938033553e-07,7.662867898069619e-08,3.9893666214442404e-05
100.22416270000394,570442.5795796,-0.5693764999998976,4.8466900000000095,41.53914599999999,-0.7069996259118121,4.9363423855489605,41.41633132381818,-0.0541591199999987,0.0300686400000005,0.0124361200000011,41.71546266005796,1.0,0.0,0.0,4119.75,0.0,0.0,0.0,8.90445656866156e-05,8.068543955107214e-05,39.43292587938597,2.2577638938033553e-07,7.662867898069619e-08,3.9893666214442404e-05
100.3350021999795,570442.6904191,-0.6593764999998979,4.82169000000001,41.57914599999999,-0.6956149736516477,4.9089339045792855,41.45525334826928,-0.0517591199999987,0.0172686400000005,0.0152361200000011,41.75068313740852,1.0,0.0,0.0,4121.21,0.0,0.0,0.0,8.90445656866156e-05,8.068543955107214e-05,39.560972793549205,2.2577638938033553e-07,7.662867898069619e-08,3.9893666214442404e-05
100.44577749993186,570442.8011944,-0.7093764999998977,4.87169000000001,41.85914599999999,-0.6989047659331057,4.900030480154142,41.55180680422878,-0.0477591199999987,0.0104686400000005,0.0136361200000011,41.84556625586798,1.0,0.0,0.0,4117.79,0.0,0.0,0.0,8.90445656866156e-05,8.068543955107214e-05,39.262374382923944,2.2577638938033553e-07,7.662867898069619e-08,3.9893666214442404e-05
100.55583850003312,570442.9112554,-0.7643764999998979,4.81669000000001,42.51414599999999,-0.7145562569040903,4.880107336354113,41.78186094054159,-0.0469591199999987,0.0120686400000005,0.0112361200000011,42.07196146976479,1.0,0.0,0.0,4115.84,0.0,0.0,0.0,8.90445656866156e-05,8.068543955107214e-05,39.09420555276034,2.2577638938033553e-07,7.662867898069619e-08,3.9893666214442404e-05
100.6675865999423,570443.0230035,-0.7743764999998977,4.90669000000001,42.26414599999999,-0.7288567181342904,4.886462114121478,41.89715466784463,-0.0509591199999987,0.0108686400000005,0.0132361200000011,42.18744260286003,1.0,0.0,0.0,4120.23,0.0,0.0,0.0,8.90445656866156e-05,8.068543955107214e-05,39.474928402142766,2.2577638938033553e-07,7.662867898069619e-08,3.9893666214442404e-05
100.77749420003964,570443.1329111,-0.8693764999998979,4.5566900000000095,41.99914599999999,-0.7624489870494621,4.807627708095373,41.92153643254205,-0.0473591199999987,0.0084686400000005,0.0088361200000011,42.20319691092666,1.0,0.0,0.0,4116.32,0.0,0.0,0.0,8.90445656866156e-05,8.068543955107214e-05,39.135462137148394,2.2577638938033553e-07,7.662867898069619e-08,3.9893666214442404e-05
100.88744910003152,570443.242866,-0.779376499999898,4.75669000000001,41.72414599999999,-0.7664956312980272,4.795450681021004,41.87434882377123,-0.0469591199999987,0.0060686400000005,0.0124361200000011,42.155010997528805,1.0,0.0,0.0,4112.9,0.0,0.0,0.0,8.90445656866156e-05,8.068543955107214e-05,38.84346412411126,2.2577638938033553e-07,7.662867898069619e-08,3.9893666214442404e-05
100.99914970004464,570443.3545666,-0.844376499999898,4.771690000000009,41.87914599999999,-0.7851136155422849,4.7897705185850254,41.87549562340165,-0.0441591199999987,0.0092686400000005,0.0128361200000011,42.155847028799535,1.0,0.0,0.0,4116.81,0.0,0.0,0.0,8.90445656866156e-05,8.068543955107214e-05,39.177671524072224,2.2577638938033553e-07,7.662867898069619e-08,3.9893666214442404e-05
101.11004439997488,570443.4654613,-0.8893764999998979,4.95169000000001,42.59414599999999,-0.8100384112263638,4.828478540260575,42.04729418717802,-0.0417591199999987,0.0096686400000005,0.0184361200000011,42.33137507457693,1.0,0.0,0.0,4116.81,0.0,0.0,0.0,8.90445656866156e-05,8.068543955107214e-05,39.177671524072224,2.2577638938033553e-07,7.662867898069619e-08,3.9893666214442404e-05
101.22078989993317,570443.5762068,-0.8693764999998979,5.1816900000000095,43.41914599999999,-0.8242236099829293,4.912916291173362,42.37524527275653,-0.0501591199999987,0.0208686400000005,0.0176361200000011,42.66705406949963,1.0,0.0,0.0,4116.81,0.0,0.0,0.0,8.90445656866156e-05,8.068543955107214e-05,39.177671524072224,2.2577638938033553e-07,7.662867898069619e-08,3.9893666214442404e-05
101.32297850004396,570443.6783954,-0.8693764999998979,5.23169000000001,43.47914599999999,-0.8350177345083846,4.989121448965543,42.63914071575317,-0.0533591199999987,0.0220686400000005,0.0192361200000011,42.938152131027614,1.0,0.0,0.0,4120.72,0.0,0.0,0.0,8.90445656866156e-05,8.068543955107214e-05,39.51790194651549,2.2577638938033553e-07,7.662867898069619e-08,3.9893666214442404e-05
101.4332749999594,570443.7886919,-1.009376499999898,4.95669000000001,43.00414599999999,-0.8766994568989728,4.9813684768181705,42.72639786560845,-0.0465591199999987,0.0144686400000005,0.0208361200000011,43.024733682032654,1.0,0.0,0.0,4122.19,0.0,0.0,0.0,8.90445656866156e-05,8.068543955107214e-05,39.64740779038454,2.2577638938033553e-07,7.662867898069619e-08,3.9893666214442404e-05
101.5441392000066,570443.8995561,-0.759376499999898,4.90169000000001,43.08414599999999,-0.8486525565568835,4.962320761368492,42.81192014136799,-0.0405591199999987,0.0148686400000005,0.0192361200000011,43.10690599766272,1.0,0.0,0.0,4120.23,0.0,0.0,0.0,8.90445656866156e-05,8.068543955107214e-05,39.474928402142766,2.2577638938033553e-07,7.662867898069619e-08,3.9893666214442404e-05
101.65493710001464,570444.010354,-0.884376499999898,5.02669000000001,43.37914599999999,-0.8571926232927958,4.977708692841676,42.94751958029275,-0.0429591199999987,0.0172686400000005,0.0160361200000011,43.24351744624676,1.0,0.0,0.0,4121.21,0.0,0.0,0.0,8.90445656866156e-05,8.068543955107214e-05,39.560972793549205,2.2577638938033553e-07,7.662867898069619e-08,3.9893666214442404e-05
101.7649460999528,570444.120363,-0.9193764999998976,4.91169000000001,43.45414599999999,-0.8720581282117449,4.96192644742454,43.06863228559578,-0.0389591199999987,0.0184686400000005,0.0128361200000011,43.36229106493907,1.0,0.0,0.0,4125.12,0.0,0.0,0.0,8.90445656866156e-05,8.068543955107214e-05,39.90818847281477,2.2577638938033553e-07,7.662867898069619e-08,3.9893666214442404e-05
101.8749810999725,570444.230398,-0.8893764999998979,4.77669000000001,43.40414599999999,-0.8761982100888783,4.917644336591724,43.14883926264456,-0.0365591199999987,0.0184686400000005,0.0100361200000011,43.43700356652277,1.0,0.0,0.0,4127.08,0.0,0.0,0.0,8.90445656866156e-05,8.068543955107214e-05,40.084636651555485,2.2577638938033553e-07,7.662867898069619e-08,3.9893666214442404e-05
101.98493559996132,570444.3403525,-0.7643764999998979,4.62669000000001,43.05914599999999,-0.8494664225356073,4.848089600688619,43.12739744030016,-0.0337591199999987,0.0216686400000005,0.0120361200000011,43.407349331109,1.0,0.0,0.0,4125.61,0.0,0.0,0.0,8.90445656866156e-05,8.068543955107214e-05,39.95214886769831,2.2577638938033553e-07,7.662867898069619e-08,3.9893666214442404e-05
102.09580080001616,570444.4512177,-0.909376499999898,4.71669000000001,43.00914599999999,-0.8637883593205219,4.816677576964446,43.09912857929403,-0.0289591199999987,0.0188686400000005,0.0092361200000011,43.37604635630879,1.0,0.0,0.0,4125.12,0.0,0.0,0.0,8.90445656866156e-05,8.068543955107214e-05,39.90818847281477,2.2577638938033553e-07,7.662867898069619e-08,3.9893666214442404e-05
102.20666919997892,570444.5620861,-0.8193764999998976,4.86169000000001,42.75914599999999,-0.8531713835359449,4.8274381218433176,43.017853287812,-0.0345591199999987,0.0176686400000005,0.0108361200000011,43.29627884381784,1.0,0.0,0.0,4120.23,0.0,0.0,0.0,8.90445656866156e-05,8.068543955107214e-05,39.474928402142766,2.2577638938033553e-07,7.662867898069619e-08,3.9893666214442404e-05
102.31830509996507,570444.673722,-0.7893764999998978,4.75169000000001,42.21914599999999,-0.8379207557972502,4.809329986141732,42.82691654111004,-0.0369591199999987,0.0180686400000005,0.0084361200000011,43.10425207015895,1.0,0.0,0.0,4122.19,0.0,0.0,0.0,8.90445656866156e-05,8.068543955107214e-05,39.64740779038454,2.2577638938033553e-07,7.662867898069619e-08,3.9893666214442404e-05
102.42829980002716,570444.7837167,-0.844376499999898,4.86669000000001,42.12914599999999,-0.839464048082676,4.823042311800963,42.66010945283495,-0.0389591199999987,0.0176686400000005,0.0116361200000011,42.94009053969615,1.0,0.0,0.0,4116.81,0.0,0.0,0.0,8.90445656866156e-05,8.068543955107214e-05,39.177671524072224,2.2577638938033553e-07,7.662867898069619e-08,3.9893666214442404e-05
102.5391140000429,570444.8945309,-0.719376499999898,4.86669000000001,42.08914599999999,-0.810756252247792,4.833476606958852,42.523616515017046,-0.0345591199999987,0.0176686400000005,0.0168361200000011,42.80511398567708,1.0,0.0,0.0,4116.81,0.0,0.0,0.0,8.90445656866156e-05,8.068543955107214e-05,39.177671524072224,2.2577638938033553e-07,7.662867898069619e-08,3.9893666214442404e-05
102.65081170003396,570445.0062286,-0.4693764999998977,4.83169000000001,41.11414599999999,-0.7291469564785058,4.833049505659588,42.18667240693594,-0.0361591199999987,0.0116686400000005,0.0128361200000011,42.4688750919827,1.0,0.0,0.0,4108.99,0.0,0.0,0.0,8.90445656866156e-05,8.068543955107214e-05,38.51511309829574,2.2577638938033553e-07,7.662867898069619e-08,3.9893666214442404e-05
102.75327839993406,570445.1086953,-0.5893764999998976,4.88169000000001,41.11414599999999,-0.6957338192099312,4.84467736719166,41.93027722184468,-0.0377591199999987,0.0116686400000005,0.0124361200000011,42.21496289516454,1.0,0.0,0.0,4099.71,0.0,0.0,0.0,8.90445656866156e-05,8.068543955107214e-05,37.75832422000014,2.2577638938033553e-07,7.662867898069619e-08,3.9893666214442404e-05
102.86438679997808,570445.2198037,-0.4643764999998978,5.17669000000001,41.17914599999999,-0.6404261808175687,4.924047385394499,41.750713877383184,-0.0433591199999987,0.0088686400000005,0.0168361200000011,42.04495805227785,1.0,0.0,0.0,4102.15,0.0,0.0,0.0,8.90445656866156e-05,8.068543955107214e-05,37.95431340595612,2.2577638938033553e-07,7.662867898069619e-08,3.9893666214442404e-05
102.9751218999736,570445.3305388,-0.5193764999998978,5.17169000000001,41.35914599999999,-0.6114883802023363,4.983248141289784,41.65710674776083,-0.0385591199999987,0.0112686400000005,0.0168361200000011,41.9585655459184,1.0,0.0,0.0,4106.06,0.0,0.0,0.0,8.90445656866156e-05,8.068543955107214e-05,38.27280174538674,2.2577638938033553e-07,7.662867898069619e-08,3.9893666214442404e-05
103.08593249996191,570445.4413494,-0.4343764999998978,4.9316900000000095,41.67914599999999,-0.5691485058526725,4.970922795178523,41.66237539021158,-0.0293591199999987,0.0116686400000005,0.0192361200000011,41.96173884161913,1.0,0.0,0.0,4104.59,0.0,0.0,0.0,8.90445656866156e-05,8.068543955107214e-05,38.152416838345694,2.2577638938033553e-07,7.662867898069619e-08,3.9893666214442404e-05
103.19583260000218,570445.5512495,-0.6843764999998978,4.99169000000001,41.72414599999999,-0.5966945902157368,4.975887345505302,41.677142100688336,-0.0293591199999987,0.0048686400000005,0.0208361200000011,41.977370963295456,1.0,0.0,0.0,4106.55,0.0,0.0,0.0,8.90445656866156e-05,8.068543955107214e-05,38.31310488934584,2.2577638938033553e-07,7.662867898069619e-08,3.9893666214442404e-05
103.30667750001884,570445.6620944,-0.779376499999898,5.0116900000000095,42.07414599999999,-0.6403660203726366,4.984446228686699,41.7720487506204,-0.0293591199999987,0.0024686400000005,0.0200361200000011,42.07325551548067,1.0,0.0,0.0,4102.15,0.0,0.0,0.0,8.90445656866156e-05,8.068543955107214e-05,37.95431340595612,2.2577638938033553e-07,7.662867898069619e-08,3.9893666214442404e-05
103.41707880003378,570445.7724957,-0.8593764999998976,5.11169000000001,41.93914599999999,-0.6927220575739748,5.014864771378612,41.81199455513006,-0.0293591199999987,-0.0011313599999994,0.0224361200000011,42.11735534435288,1.0,0.0,0.0,4101.66,0.0,0.0,0.0,8.90445656866156e-05,8.068543955107214e-05,37.91478641258184,2.2577638938033553e-07,7.662867898069619e-08,3.9893666214442404e-05
103.52832139993552,570445.8837383,-0.7693764999998978,5.07169000000001,41.98414599999999,-0.7110468557577413,5.0284492527638855,41.85314860158123,-0.0273591199999987,0.0020686400000005,0.0280361200000011,42.160134456435806,1.0,0.0,0.0,4096.77,0.0,0.0,0.0,8.90445656866156e-05,8.068543955107214e-05,37.524931612829384,2.2577638938033553e-07,7.662867898069619e-08,3.9893666214442404e-05
103.64085099997465,570445.9962679,-0.594376499999898,4.92669000000001,42.18414599999999,-0.6831559644326,5.004122968321455,41.93227592066958,-0.0261591199999987,-0.0011313599999994,0.0272361200000011,42.23533725023382,1.0,0.0,0.0,4099.22,0.0,0.0,0.0,8.90445656866156e-05,8.068543955107214e-05,37.71921751166366,2.2577638938033553e-07,7.662867898069619e-08,3.9893666214442404e-05
103.75103399995714,570446.1064509,-0.7143764999998976,4.83669000000001,41.88414599999999,-0.6906194589849568,4.964096907773634,41.92077011546171,-0.0289591199999987,-0.0007313599999994,0.0276361200000011,42.21931051569037,1.0,0.0,0.0,4097.26,0.0,0.0,0.0,8.90445656866156e-05,8.068543955107214e-05,37.563623372534146,2.2577638938033553e-07,7.662867898069619e-08,3.9893666214442404e-05
103.85501539998222,570446.2104323,-0.8793764999998976,4.8866900000000095,41.99414599999999,-0.7357431931469574,4.945592227312982,41.938311150699406,-0.0289591199999987,0.0004686400000005,0.0220361200000011,42.235318664572645,1.0,0.0,0.0,4097.75,0.0,0.0,0.0,8.90445656866156e-05,8.068543955107214e-05,37.602397563857835,2.2577638938033553e-07,7.662867898069619e-08,3.9893666214442404e-05
103.96666899998672,570446.3220859,-0.7243764999998978,4.70169000000001,41.85914599999999,-0.7330259030415867,4.88728563801908,41.91938614956648,-0.0269591199999987,0.0040686400000005,0.0184361200000011,42.20968873420631,1.0,0.0,0.0,4098.73,0.0,0.0,0.0,8.90445656866156e-05,8.068543955107214e-05,37.68019435373026,2.2577638938033553e-07,7.662867898069619e-08,3.9893666214442404e-05
104.07665429997724,570446.4320712,-0.739376499999898,4.59169000000001,41.76914599999999,-0.734544059118711,4.816621365482811,41.883470156536255,-0.0253591199999987,0.0020686400000005,0.0176361200000011,42.16591595953626,1.0,0.0,0.0,4101.17,0.0,0.0,0.0,8.90445656866156e-05,8.068543955107214e-05,37.87534439149871,2.2577638938033553e-07,7.662867898069619e-08,3.9893666214442404e-05
104.187471000012,570446.5428879,-0.4243764999998978,4.49669000000001,41.32914599999999,-0.6603962635816636,4.740139461504516,41.75095496269436,-0.0225591199999987,6.864000000058375e-05,0.0200361200000011,42.0243653805313,1.0,0.0,0.0,4096.29,0.0,0.0,0.0,8.90445656866156e-05,8.068543955107214e-05,37.48710913996334,2.2577638938033553e-07,7.662867898069619e-08,3.9893666214442404e-05
104.29833399993367,570446.6537509,-0.2493764999998977,4.231690000000009,40.66414599999999,-0.5621390200506852,4.618590944890899,41.49114542947743,-0.0185591199999987,-0.0067313599999994,0.0248361200000011,41.75119796657501,1.0,0.0,0.0,4093.84,0.0,0.0,0.0,8.90445656866156e-05,8.068543955107214e-05,37.29527556829242,2.2577638938033553e-07,7.662867898069619e-08,3.9893666214442404e-05
104.4091273000231,570446.7645442,-0.2093764999998977,4.401690000000009,40.91914599999999,-0.4778085914134342,4.566739207206748,41.35440483395965,-0.0161591199999987,-0.0111313599999994,0.0216361200000011,41.60853526871251,1.0,0.0,0.0,4091.89,0.0,0.0,0.0,8.90445656866156e-05,8.068543955107214e-05,37.14403220846346,2.2577638938033553e-07,7.662867898069619e-08,3.9893666214442404e-05
104.51913090003654,570446.8745478,-0.3393764999998978,4.62669000000001,40.68414599999999,-0.4447153999814932,4.581070877285164,41.19417461801272,-0.0157591199999987,-0.0235313599999994,0.0268361200000011,41.45050065595124,1.0,0.0,0.0,4096.77,0.0,0.0,0.0,8.90445656866156e-05,8.068543955107214e-05,37.524931612829384,2.2577638938033553e-07,7.662867898069619e-08,3.9893666214442404e-05
104.6300462000072,570446.9854631,-0.2243764999998978,4.46169000000001,39.50414599999999,-0.3920417942984598,4.552532016209167,40.79016106876799,-0.0181591199999987,-0.0363313599999994,0.0244361200000011,41.04529795900039,1.0,0.0,0.0,4092.86,0.0,0.0,0.0,8.90445656866156e-05,8.068543955107214e-05,37.21910772650477,2.2577638938033553e-07,7.662867898069619e-08,3.9893666214442404e-05
104.73999459994955,570447.0954115,0.3306235000001023,3.626690000000009,36.88414599999999,-0.2192834354436446,4.331202794312084,39.8563999510468,-0.0325591199999987,-0.0291313599999994,0.0252361200000011,40.09164526342514,1.0,0.0,0.0,4081.62,0.0,0.0,0.0,8.90445656866156e-05,8.068543955107214e-05,36.367872361835126,2.2577638938033553e-07,7.662867898069619e-08,3.9893666214442404e-05
104.85084560001268,570447.2062625,0.6906235000001022,3.0816900000000094,34.35414599999999,-0.0017636097123528,4.032497734837806,38.54104639790861,-0.0417591199999987,-0.0295313599999994,0.0316361200000011,38.75142963217661,1.0,0.0,0.0,4067.94,0.0,0.0,0.0,8.90445656866156e-05,8.068543955107214e-05,35.38428029166316,2.2577638938033553e-07,7.662867898069619e-08,3.9893666214442404e-05
104.95309970004018,570447.3085166,0.7456235000001022,2.786690000000009,33.57414599999999,0.1769046776979235,3.7346783965947616,37.35367297883375,-0.0377591199999987,-0.0207313599999994,0.0240361200000011,37.540325025239696,1.0,0.0,0.0,4044.97,0.0,0.0,0.0,8.90445656866156e-05,8.068543955107214e-05,33.84960355701554,2.2577638938033553e-07,7.662867898069619e-08,3.9893666214442404e-05
105.06506299995816,570447.4204799,0.6506235000001023,2.571690000000009,32.31914599999999,0.2901505841296073,3.4566576194133742,36.15013293708064,-0.0365591199999987,-0.0195313599999994,0.0184361200000011,36.3161779463082,1.0,0.0,0.0,4026.39,0.0,0.0,0.0,8.90445656866156e-05,8.068543955107214e-05,32.70383649473842,2.2577638938033553e-07,7.662867898069619e-08,3.9893666214442404e-05
105.1768462000182,570447.5322631,0.7806235000001023,2.3016900000000096,32.174145999999986,0.4074016776538465,3.180554266956169,35.19964453878978,-0.0309591199999987,-0.0167313599999994,0.0136361200000011,35.345394003026215,1.0,0.0,0.0,4017.11,0.0,0.0,0.0,8.90445656866156e-05,8.068543955107214e-05,32.16047251719214,2.2577638938033553e-07,7.662867898069619e-08,3.9893666214442404e-05
105.2891462999396,570447.6445632,0.9956235000001022,2.5166900000000094,31.60414599999999,0.548020353371162,3.0218527184432844,34.3401146406104,-0.0333591199999987,-0.0195313599999994,0.0160361200000011,34.47717206630986,1.0,0.0,0.0,4014.66,0.0,0.0,0.0,8.90445656866156e-05,8.068543955107214e-05,32.020047422967345,2.2577638938033553e-07,7.662867898069619e-08,3.9893666214442404e-05
105.40001869993284,570447.7554356,1.0256235000001022,2.701690000000009,31.17414599999999,0.6621948355920049,2.9453155078685844,33.58326696734757,-0.0337591199999987,-0.0259313599999994,0.0168361200000011,33.718677400534474,1.0,0.0,0.0,4007.82,0.0,0.0,0.0,8.90445656866156e-05,8.068543955107214e-05,31.634465120291512,2.2577638938033553e-07,7.662867898069619e-08,3.9893666214442404e-05
105.51101619994732,570447.8664331,1.0106235000001025,2.596690000000009,31.394146,0.7454892247317848,2.8619740618776564,33.05994178674551,-0.0281591199999987,-0.0235313599999994,0.0156361200000011,33.19196289251441,1.0,0.0,0.0,4005.87,0.0,0.0,0.0,8.90445656866156e-05,8.068543955107214e-05,31.526246796153544,2.2577638938033553e-07,7.662867898069619e-08,3.9893666214442404e-05
105.61331789998805,570447.9687348,0.8656235000001022,2.776690000000009,31.734145999999992,0.7742081910379108,2.841586290826944,32.74300072689138,-0.0353591199999987,-0.0179313599999994,0.0096361200000011,32.87518984846316,1.0,0.0,0.0,4008.8,0.0,0.0,0.0,8.90445656866156e-05,8.068543955107214e-05,31.689134493195954,2.2577638938033553e-07,7.662867898069619e-08,3.9893666214442404e-05
105.72499350004364,570448.0804104,0.8106235000001023,3.1016900000000094,32.63414599999999,0.7829135336953377,2.9037659613926987,32.716978218103826,-0.0353591199999987,-0.0223313599999994,0.0120361200000011,32.85491552391615,1.0,0.0,0.0,4011.73,0.0,0.0,0.0,8.90445656866156e-05,8.068543955107214e-05,31.85372524420291,2.2577638938033553e-07,7.662867898069619e-08,3.9893666214442404e-05
105.83682359999511,570448.1922405,0.7806235000001023,2.9166900000000093,32.52914599999999,0.7823660845981798,2.90685554618,32.67207556953929,-0.0401591199999987,-0.0187313599999994,0.0200361200000011,32.81046217105716,1.0,0.0,0.0,4021.02,0.0,0.0,0.0,8.90445656866156e-05,8.068543955107214e-05,32.38717233884781,2.2577638938033553e-07,7.662867898069619e-08,3.9893666214442404e-05
105.94747350004036,570448.3028904,0.7256235000001022,2.721690000000009,32.66914599999999,0.7688013598636687,2.8625903848018543,32.67137523477885,-0.0353591199999987,-0.0207313599999994,0.0244361200000011,32.80555195350033,1.0,0.0,0.0,4021.99,0.0,0.0,0.0,8.90445656866156e-05,8.068543955107214e-05,32.443912963327286,2.2577638938033553e-07,7.662867898069619e-08,3.9893666214442404e-05
106.05756949994247,570448.4129864,0.5406235000001023,2.926690000000009,31.56414599999999,0.7142537941952558,2.8779138608456387,32.40668408801203,-0.0449591199999987,-0.0407313599999994,0.0248361200000011,32.542060786821445,1.0,0.0,0.0,4026.39,0.0,0.0,0.0,8.90445656866156e-05,8.068543955107214e-05,32.70383649473842,2.2577638938033553e-07,7.662867898069619e-08,3.9893666214442404e-05
106.16996800003108,570448.5253849,0.8656235000001022,1.7666900000000094,26.924146,0.7504398158037291,2.6122677698619325,31.09604375435202,-0.0513591199999987,-0.0419313599999994,0.0396361200000011,31.214596585430645,1.0,0.0,0.0,3985.83,0.0,0.0,0.0,8.90445656866156e-05,8.068543955107214e-05,30.45569732834702,2.2577638938033553e-07,7.662867898069619e-08,3.9893666214442404e-05
106.28082470002118,570448.6362416,1.9656235000001023,1.0666900000000092,22.474146,1.0409382535247214,2.242786239324342,29.0349168149414,-0.0577591199999987,-0.0051313599999994,0.0580361200000011,29.14000749851517,1.0,0.0,0.0,3889.54,0.0,0.0,0.0,8.90445656866156e-05,8.068543955107214e-05,26.17857521245172,2.2577638938033553e-07,7.662867898069619e-08,3.9893666214442404e-05
106.3833993000444,570448.7388162,2.2656235000001024,1.4916900000000095,22.044145999999994,1.3337081083440974,2.063231257687038,27.363722553022875,-0.0789591199999987,0.0340686400000005,0.0216361200000011,27.47378773485324,1.0,0.0,0.0,3845.55,0.0,0.0,0.0,8.90445656866156e-05,8.068543955107214e-05,24.59322005742716,2.2577638938033553e-07,7.662867898069619e-08,3.9893666214442404e-05
106.49667889997365,570448.8520958,1.5906235000001023,1.4266900000000091,25.089145999999992,1.3951255885762344,1.911061471910721,26.819968597367257,-0.1149591199999987,0.0460686400000005,-0.0031638799999988,26.92413874056304,1.0,0.0,0.0,3884.16,0.0,0.0,0.0,8.90445656866156e-05,8.068543955107214e-05,25.974166136063857,2.2577638938033553e-07,7.662867898069619e-08,3.9893666214442404e-05
106.60753469995689,570448.9629516,1.8006235000001023,1.2966900000000092,25.384146,1.492062793461157,1.764191533570134,26.47672483364316,-0.1169591199999987,0.0552686400000005,-0.0027638799999988,26.577350903790386,1.0,0.0,0.0,3913.98,0.0,0.0,0.0,8.90445656866156e-05,8.068543955107214e-05,27.14801040385947,2.2577638938033553e-07,7.662867898069619e-08,3.9893666214442404e-05
106.71828100003768,570449.0736979,2.2206235000001024,1.8616900000000087,26.574145999999992,1.6662304931981986,1.78749924626116,26.500014067193334,-0.1165591199999987,0.0784686400000005,0.0024361200000011,26.612444892818328,1.0,0.0,0.0,3942.82,0.0,0.0,0.0,8.90445656866156e-05,8.068543955107214e-05,28.38641743971664,2.2577638938033553e-07,7.662867898069619e-08,3.9893666214442404e-05
106.8291356000118,570449.1845525,2.0956235000001024,2.2316900000000093,27.119146,1.768879993242107,1.8936862546035085,26.64802202809881,-0.1145591199999987,0.0796686400000006,0.0024361200000011,26.77371961591079,1.0,0.0,0.0,3966.76,0.0,0.0,0.0,8.90445656866156e-05,8.068543955107214e-05,29.502365802576925,2.2577638938033553e-07,7.662867898069619e-08,3.9893666214442404e-05
106.94003039994276,570449.2954473,2.360623500000102,2.671690000000009,27.509146,1.9103405530573256,2.0796736699367124,26.85387993400612,-0.1285591199999987,0.0920686400000005,0.0004361200000011,27.00195013535318,1.0,0.0,0.0,3974.1,0.0,0.0,0.0,8.90445656866156e-05,8.068543955107214e-05,29.862171586564745,2.2577638938033553e-07,7.662867898069619e-08,3.9893666214442404e-05
107.05167249997612,570449.4070894,2.585623500000102,2.651690000000009,28.404146,2.0717718195051096,2.216418305661619,27.22448223560048,-0.1237591199999987,0.1152686400000005,-0.0035638799999988,27.39301337155687,1.0,0.0,0.0,3982.89,0.0,0.0,0.0,8.90445656866156e-05,8.068543955107214e-05,30.304735118158963,2.2577638938033553e-07,7.662867898069619e-08,3.9893666214442404e-05
107.15409059997182,570449.5095075,2.5506235000001025,2.761690000000009,29.28914599999999,2.186244772765555,2.3467694430236503,27.718055022807416,-0.1125591199999987,0.1092686400000006,-0.0079638799999988,27.90300283612024,1.0,0.0,0.0,4002.44,0.0,0.0,0.0,8.90445656866156e-05,8.068543955107214e-05,31.337689131208993,2.2577638938033553e-07,7.662867898069619e-08,3.9893666214442404e-05
107.26582339999732,570449.6212403,2.4106235000001024,2.801690000000009,29.27414599999999,2.2398841283355457,2.4555214883378467,28.09004981150072,-0.1073591199999987,0.1032686400000005,-0.0167638799999988,28.28599591848676,1.0,0.0,0.0,4021.99,0.0,0.0,0.0,8.90445656866156e-05,8.068543955107214e-05,32.443912963327286,2.2577638938033553e-07,7.662867898069619e-08,3.9893666214442404e-05
107.37586030003148,570449.7312772,2.9706235000001024,2.861690000000009,30.429145999999992,2.4145726537086936,2.552619005053889,28.64922765208169,-0.0973591199999987,0.1168686400000005,-0.0071638799999988,28.863892148249903,1.0,0.0,0.0,4032.75,0.0,0.0,0.0,8.90445656866156e-05,8.068543955107214e-05,33.08708056332887,2.2577638938033553e-07,7.662867898069619e-08,3.9893666214442404e-05
107.48594119993504,570449.8413581,2.575623500000102,3.1216900000000094,30.119146,2.4530730218832693,2.6886595371430806,29.00062225126945,-0.0917591199999987,0.1028686400000006,-0.0171638799999988,29.228112294812792,1.0,0.0,0.0,4050.34,0.0,0.0,0.0,8.90445656866156e-05,8.068543955107214e-05,34.196107098136295,2.2577638938033553e-07,7.662867898069619e-08,3.9893666214442404e-05
107.59768250002526,570449.9530994,2.5206235000001023,3.236690000000009,30.204145999999994,2.469221451635454,2.8196701780477382,29.288333297190505,-0.0917591199999987,0.0908686400000006,-0.0203638799999988,29.527174971837493,1.0,0.0,0.0,4061.58,0.0,0.0,0.0,8.90445656866156e-05,8.068543955107214e-05,34.945307194413026,2.2577638938033553e-07,7.662867898069619e-08,3.9893666214442404e-05
107.70755319995806,570450.0629701,2.7156235000001026,3.181690000000009,30.179145999999992,2.528125641209493,2.906213631575684,29.50128850868128,-0.0925591199999987,0.0952686400000006,-0.0075638799999988,29.75169777680842,1.0,0.0,0.0,4063.05,0.0,0.0,0.0,8.90445656866156e-05,8.068543955107214e-05,35.04577569913589,2.2577638938033553e-07,7.662867898069619e-08,3.9893666214442404e-05
107.8175414999714,570450.1729584,3.0406235000001023,3.1866900000000093,30.609145999999992,2.650641956438399,2.973263533499612,29.76612984471223,-0.0925591199999987,0.1052686400000006,0.0072361200000011,30.03146158203324,1.0,0.0,0.0,4065.49,0.0,0.0,0.0,8.90445656866156e-05,8.068543955107214e-05,35.21384984820374,2.2577638938033553e-07,7.662867898069619e-08,3.9893666214442404e-05
107.9275552999461,570450.2829722,3.1356235000001025,3.076690000000009,30.054145999999992,2.7665802977446856,2.9979883774290608,29.834982187150345,-0.1073591199999987,0.1092686400000006,0.0032361200000011,30.11258977508655,1.0,0.0,0.0,4069.89,0.0,0.0,0.0,8.90445656866156e-05,8.068543955107214e-05,35.521140668995585,2.2577638938033553e-07,7.662867898069619e-08,3.9893666214442404e-05
108.03920260001904,570450.3946195,4.145623500000102,3.451690000000009,31.85414599999999,3.096250536915058,3.106449027668536,30.31767788226535,-0.0817591199999987,0.1236686400000006,0.0180361200000011,30.633288839457823,1.0,0.0,0.0,4066.96,0.0,0.0,0.0,8.90445656866156e-05,8.068543955107214e-05,35.3159059423032,2.2577638938033553e-07,7.662867898069619e-08,3.9893666214442404e-05
108.14994779997504,570450.5053647,3.5756235000001024,3.326690000000009,29.66414599999999,3.210848106544198,3.1590992230394166,30.161446364949928,-0.0917591199999987,0.0832686400000005,-0.0007638799999988,30.495939078671736,1.0,0.0,0.0,4080.16,0.0,0.0,0.0,8.90445656866156e-05,8.068543955107214e-05,36.26023084560967,2.2577638938033553e-07,7.662867898069619e-08,3.9893666214442404e-05
108.26168939995114,570450.6171063,3.3806235000001026,2.9616900000000093,28.029146,3.2514341407411784,3.1119071222644727,29.651704559800937,-0.0981591199999987,0.0708686400000006,-0.0035638799999988,29.99132163161366,1.0,0.0,0.0,4052.79,0.0,0.0,0.0,8.90445656866156e-05,8.068543955107214e-05,34.356606598024044,2.2577638938033553e-07,7.662867898069619e-08,3.9893666214442404e-05
108.37177249998786,570450.7271894,3.1806235000001024,2.611690000000009,27.319146,3.2345063455635223,2.992326605813402,29.09408958658557,-0.0849591199999987,0.0576686400000005,0.0052361200000011,29.425874646093643,1.0,0.0,0.0,4029.81,0.0,0.0,0.0,8.90445656866156e-05,8.068543955107214e-05,32.90879631019881,2.2577638938033553e-07,7.662867898069619e-08,3.9893666214442404e-05
108.48250199994072,570450.8379189,2.8556235000001022,2.696690000000009,27.444146,3.143931664429414,2.9216525396299646,28.69965865366216,-0.0869591199999987,0.0504686400000005,3.612000000116633e-05,29.018800228638906,1.0,0.0,0.0,4015.15,0.0,0.0,0.0,8.90445656866156e-05,8.068543955107214e-05,32.0480334215853,2.2577638938033553e-07,7.662867898069619e-08,3.9893666214442404e-05
108.58445490000304,570450.9398718,2.815623500000102,3.301690000000009,28.994146,3.065447226152221,3.0125032397740843,28.770057981066163,-0.1333591199999987,0.0356686400000005,0.0528361200000011,29.08931726080697,1.0,0.0,0.0,4035.19,0.0,0.0,0.0,8.90445656866156e-05,8.068543955107214e-05,33.23653772630523,2.2577638938033553e-07,7.662867898069619e-08,3.9893666214442404e-05
108.69758969999384,570451.0530066,4.005623500000102,2.0016900000000093,29.549146,3.2902031558829377,2.7708610330847687,28.95630459982084,-0.0641591199999987,0.0836686400000005,0.0192361200000011,29.27406162030228,1.0,0.0,0.0,4031.77,0.0,0.0,0.0,8.90445656866156e-05,8.068543955107214e-05,33.02743543678986,2.2577638938033553e-07,7.662867898069619e-08,3.9893666214442404e-05
108.81166699994355,570451.1670839,2.6406235000001024,2.241690000000009,29.349146,3.134916446833601,2.6443588751003264,29.050216174267,-0.1057591199999987,0.0584686400000005,0.0016361200000011,29.338292294552417,1.0,0.0,0.0,4054.74,0.0,0.0,0.0,8.90445656866156e-05,8.068543955107214e-05,34.485452752574574,2.2577638938033553e-07,7.662867898069619e-08,3.9893666214442404e-05
108.9217134999344,570451.2771304,2.4656235000001026,2.276690000000009,29.449145999999992,2.9749171331813686,2.55646497461078,29.145583230822226,-0.1301591199999987,0.0600686400000005,0.0188361200000011,29.408343492629665,1.0,0.0,0.0,4046.92,0.0,0.0,0.0,8.90445656866156e-05,8.068543955107214e-05,33.97459954195563,2.2577638938033553e-07,7.662867898069619e-08,3.9893666214442404e-05
109.03254549996927,570451.3879624,1.4406235000001022,2.531690000000009,30.449145999999992,2.608133157029499,2.550542337965304,29.45720932722412,-0.1521591199999987,0.0484686400000005,0.0172361200000011,29.68223047768564,1.0,0.0,0.0,4035.68,0.0,0.0,0.0,8.90445656866156e-05,8.068543955107214e-05,33.26671689150699,2.2577638938033553e-07,7.662867898069619e-08,3.9893666214442404e-05
109.13498329999857,570451.4904002,1.2506235000001025,2.941690000000009,30.904146,2.283610667395354,2.644049012073132,29.803109990958404,-0.1653591199999987,0.0472686400000005,0.0268361200000011,30.00718643911241,1.0,0.0,0.0,4034.21,0.0,0.0,0.0,8.90445656866156e-05,8.068543955107214e-05,33.17634566503331,2.2577638938033553e-07,7.662867898069619e-08,3.9893666214442404e-05
109.24583909998182,570451.601256,1.1656235000001025,3.3366900000000093,32.33914599999999,2.0163477591254675,2.8096298436058955,30.40936771825661,-0.1565591199999987,0.0396686400000005,0.0112361200000011,30.60538062445816,1.0,0.0,0.0,4047.9,0.0,0.0,0.0,8.90445656866156e-05,8.068543955107214e-05,34.03777333542786,2.2577638938033553e-07,7.662867898069619e-08,3.9893666214442404e-05
109.3566858000122,570451.7121027,1.130623500000102,3.3716900000000094,32.479145999999986,1.804608976854324,2.943994384095661,30.904163167779885,-0.1605591199999987,0.0412686400000005,0.0184361200000011,31.096479183240227,1.0,0.0,0.0,4053.76,0.0,0.0,0.0,8.90445656866156e-05,8.068543955107214e-05,34.42057638418402,2.2577638938033553e-07,7.662867898069619e-08,3.9893666214442404e-05
109.46667230001184,570451.8220892,0.6206235000001022,3.70669000000001,32.11414599999999,1.5215686959621768,3.126322280493799,31.19341830426702,-0.1793591199999987,0.0136686400000005,0.0016361200000011,31.386595989419188,1.0,0.0,0.0,4045.45,0.0,0.0,0.0,8.90445656866156e-05,8.068543955107214e-05,33.88028492399948,2.2577638938033553e-07,7.662867898069619e-08,3.9893666214442404e-05
109.5767196000088,570451.9321365,0.4506235000001022,3.7216900000000095,31.32914599999999,1.2655515107762787,3.2686492345463805,31.225864990376017,-0.1913591199999987,0.0068686400000005,-0.0003638799999988,31.42197213483137,1.0,0.0,0.0,4028.35,0.0,0.0,0.0,8.90445656866156e-05,8.068543955107214e-05,32.82098162916002,2.2577638938033553e-07,7.662867898069619e-08,3.9893666214442404e-05
109.68764559994452,570452.0430625,0.6006235000001022,3.486690000000009,31.074145999999995,1.106595666619148,3.3207734545696743,31.18959546976771,-0.1873591199999987,0.0112686400000005,0.0016361200000011,31.38539398946123,1.0,0.0,0.0,4021.02,0.0,0.0,0.0,8.90445656866156e-05,8.068543955107214e-05,32.38717233884781,2.2577638938033553e-07,7.662867898069619e-08,3.9893666214442404e-05
109.79748149996158,570452.1528984,0.6706235000001023,3.321690000000009,31.474146,1.0023733708956626,3.320992561375564,31.25761932950199,-0.1801591199999987,0.0204686400000005,0.0124361200000011,31.44952320966804,1.0,0.0,0.0,4024.44,0.0,0.0,0.0,8.90445656866156e-05,8.068543955107214e-05,32.588125444711565,2.2577638938033553e-07,7.662867898069619e-08,3.9893666214442404e-05
109.90834289998747,570452.2637598,0.7856235000001023,3.096690000000009,31.544145999999994,0.9505577485413949,3.2673714138043577,31.326115599841653,-0.1761591199999987,0.0224686400000005,0.0148361200000011,31.510391850367405,1.0,0.0,0.0,4032.26,0.0,0.0,0.0,8.90445656866156e-05,8.068543955107214e-05,33.05723073896494,2.2577638938033553e-07,7.662867898069619e-08,3.9893666214442404e-05
110.01929850003216,570452.3747154,0.7406235000001022,3.2466900000000094,32.08914599999999,0.9003714499443172,3.262427372439946,31.508523528834058,-0.1725591199999987,0.0196686400000005,0.0156361200000011,31.68976421615361,1.0,0.0,0.0,4037.63,0.0,0.0,0.0,8.90445656866156e-05,8.068543955107214e-05,33.38737054172245,2.2577638938033553e-07,7.662867898069619e-08,3.9893666214442404e-05
110.130864799954,570452.4862817,0.8706235000001022,3.466690000000009,32.39914599999999,0.8932599876225433,3.311257829071879,31.721433264076275,-0.1693591199999987,0.0184686400000005,0.0148361200000011,31.90629514912883,1.0,0.0,0.0,4045.45,0.0,0.0,0.0,8.90445656866156e-05,8.068543955107214e-05,33.88028492399948,2.2577638938033553e-07,7.662867898069619e-08,3.9893666214442404e-05
110.2408720999956,570452.596289,0.9206235000001024,3.4966900000000094,32.32414599999999,0.8998014329197592,3.3555867290220607,31.865516097361,-0.1693591199999987,0.0152686400000005,0.0184361200000011,32.0543401283796,1.0,0.0,0.0,4046.43,0.0,0.0,0.0,8.90445656866156e-05,8.068543955107214e-05,33.94310203716876,2.2577638938033553e-07,7.662867898069619e-08,3.9893666214442404e-05
110.3509527000133,570452.7063696,0.7306235000001022,3.5166900000000094,32.61414599999999,0.8593582259797907,3.394099629696649,32.04448148339782,-0.1677591199999987,0.0124686400000005,0.0160361200000011,32.23518578194783,1.0,0.0,0.0,4047.41,0.0,0.0,0.0,8.90445656866156e-05,8.068543955107214e-05,34.00615658196786,2.2577638938033553e-07,7.662867898069619e-08,3.9893666214442404e-05
110.46091799996792,570452.8163349,0.7506235000001023,3.6016900000000094,32.99914599999999,0.8333644042770174,3.443725607269685,32.272700932216374,-0.1629591199999987,0.0116686400000005,0.0164361200000011,32.466613124081185,1.0,0.0,0.0,4049.36,0.0,0.0,0.0,8.90445656866156e-05,8.068543955107214e-05,34.13233414842878,2.2577638938033553e-07,7.662867898069619e-08,3.9893666214442404e-05
110.5640282999957,570452.9194452,0.7006235000001022,3.7666900000000094,33.14914599999999,0.8016317322410058,3.520932578320908,32.482221456768,-0.1657591199999987,0.0112686400000005,0.0132361200000011,32.6823238222397,1.0,0.0,0.0,4050.34,0.0,0.0,0.0,8.90445656866156e-05,8.068543955107214e-05,34.196107098136295,2.2577638938033553e-07,7.662867898069619e-08,3.9893666214442404e-05
110.67510430002584,570453.0305212,0.6256235000001023,3.7666900000000094,32.74914599999999,0.7595556929088703,3.579682665229236,32.54603169698659,-0.1717591199999987,0.0120686400000005,0.0100361200000011,32.75111039423898,1.0,0.0,0.0,4048.39,0.0,0.0,0.0,8.90445656866156e-05,8.068543955107214e-05,34.06944998128588,2.2577638938033553e-07,7.662867898069619e-08,3.9893666214442404e-05
110.785860999953,570453.1412779,0.5756235000001022,3.471690000000009,32.26414599999999,0.7155853735394746,3.553866238509218,32.478644884889405,-0.1673591199999987,0.0080686400000005,0.0120361200000011,32.680336614343375,1.0,0.0,0.0,4044.48,0.0,0.0,0.0,8.90445656866156e-05,8.068543955107214e-05,33.81834122648178,2.2577638938033553e-07,7.662867898069619e-08,3.9893666214442404e-05
110.8958512999816,570453.2512682,0.7406235000001022,3.026690000000009,31.63414599999999,0.7215709185355655,3.4278409505776803,32.27676132612542,-0.1725591199999987,-0.0019313599999994,0.0216361200000011,32.466291440147565,1.0,0.0,0.0,4035.68,0.0,0.0,0.0,8.90445656866156e-05,8.068543955107214e-05,33.26671689150699,2.2577638938033553e-07,7.662867898069619e-08,3.9893666214442404e-05
111.00585059996229,570453.3612675,0.8106235000001023,3.0016900000000093,31.324145999999995,0.7428595814158423,3.325966487493526,32.04903175109288,-0.1713591199999987,-0.0067313599999994,0.0284361200000011,32.2297119071237,1.0,0.0,0.0,4025.42,0.0,0.0,0.0,8.90445656866156e-05,8.068543955107214e-05,32.64617397702926,2.2577638938033553e-07,7.662867898069619e-08,3.9893666214442404e-05
111.11752910003996,570453.472946,0.8556235000001022,3.1016900000000094,31.42414599999999,0.7698166107160571,3.2723515730721693,31.89964829836273,-0.1673591199999987,-0.0067313599999994,0.0264361200000011,32.07629130668255,1.0,0.0,0.0,4029.33,0.0,0.0,0.0,8.90445656866156e-05,8.068543955107214e-05,32.87987328520203,2.2577638938033553e-07,7.662867898069619e-08,3.9893666214442404e-05
111.22832510003354,570453.583742,0.7206235000001022,3.326690000000009,31.819146,0.7580566422475277,3.2853415665489107,31.880403642421854,-0.1565591199999987,-0.0155313599999994,0.0312361200000011,32.05820106439995,1.0,0.0,0.0,4031.77,0.0,0.0,0.0,8.90445656866156e-05,8.068543955107214e-05,33.02743543678986,2.2577638938033553e-07,7.662867898069619e-08,3.9893666214442404e-05
111.33834180003032,570453.6937587,0.6506235000001023,3.5616900000000093,32.33414599999999,0.7323739735380861,3.351404655798893,31.988874030659048,-0.1589591199999987,-0.0163313599999994,0.0332361200000011,32.17229159623851,1.0,0.0,0.0,4031.77,0.0,0.0,0.0,8.90445656866156e-05,8.068543955107214e-05,33.02743543678986,2.2577638938033553e-07,7.662867898069619e-08,3.9893666214442404e-05
111.44916680001188,570453.8045837,0.8106235000001023,3.606690000000009,32.64414599999999,0.7510800880829467,3.412432461412111,32.1455215283596,-0.1549591199999987,-0.0103313599999994,0.0364361200000011,32.33486308820009,1.0,0.0,0.0,4035.68,0.0,0.0,0.0,8.90445656866156e-05,8.068543955107214e-05,33.26671689150699,2.2577638938033553e-07,7.662867898069619e-08,3.9893666214442404e-05
111.56001280003692,570453.9154297,0.8656235000001022,3.3716900000000094,32.75414599999999,0.7784625181187572,3.402692681703868,32.29101760477148,-0.1525591199999987,-0.0139313599999994,0.0376361200000011,32.47913390670844,1.0,0.0,0.0,4038.61,0.0,0.0,0.0,8.90445656866156e-05,8.068543955107214e-05,33.44834267503487,2.2577638938033553e-07,7.662867898069619e-08,3.9893666214442404e-05
111.67088240000884,570454.0262993,0.7656235000001023,3.4816900000000093,32.73914599999999,0.7753932580934242,3.4215775612884336,32.39814593475592,-0.1601591199999987,-0.0215313599999994,0.0376361200000011,32.5875480471046,1.0,0.0,0.0,4037.63,0.0,0.0,0.0,8.90445656866156e-05,8.068543955107214e-05,33.38737054172245,2.2577638938033553e-07,7.662867898069619e-08,3.9893666214442404e-05
111.77393150003628,570454.1293484,0.7306235000001022,3.441690000000009,32.99914599999999,0.7646907240219125,3.4263855850468627,32.54181934174301,-0.1565591199999987,-0.0199313599999994,0.0360361200000011,32.73064124259501,1.0,0.0,0.0,4041.54,0.0,0.0,0.0,8.90445656866156e-05,8.068543955107214e-05,33.63199300733665,2.2577638938033553e-07,7.662867898069619e-08,3.9893666214442404e-05
111.88506210001653,570454.240479,0.6006235000001022,3.536690000000009,32.81914599999999,0.7254692689617457,3.452754652237563,32.60811628269915,-0.1601591199999987,-0.0199313599999994,0.0344361200000011,32.79843087488768,1.0,0.0,0.0,4042.03,0.0,0.0,0.0,8.90445656866156e-05,8.068543955107214e-05,33.66290598230899,2.2577638938033553e-07,7.662867898069619e-08,3.9893666214442404e-05
111.99585680000018,570454.3512737,0.6956235000001022,3.421690000000009,32.78914599999999,0.7183344222972491,3.445328422721222,32.65139274430811,-0.1537591199999987,-0.0195313599999994,0.0348361200000011,32.84051979530355,1.0,0.0,0.0,4043.01,0.0,0.0,0.0,8.90445656866156e-05,8.068543955107214e-05,33.72490549056137,2.2577638938033553e-07,7.662867898069619e-08,3.9893666214442404e-05
112.10785619996022,570454.4632731,0.6506235000001023,3.296690000000009,32.64914599999999,0.7021476372047741,3.4097953340636167,32.65085564385165,-0.1573591199999987,-0.0195313599999994,0.0344361200000011,32.83592681500362,1.0,0.0,0.0,4046.43,0.0,0.0,0.0,8.90445656866156e-05,8.068543955107214e-05,33.94310203716876,2.2577638938033553e-07,7.662867898069619e-08,3.9893666214442404e-05
112.2183755999431,570454.5737925,0.6956235000001022,3.221690000000009,32.77414599999999,0.70058799507817,3.3648273951560097,32.68032909409044,-0.1493591199999987,-0.0195313599999994,0.0316361200000011,32.86056598167618,1.0,0.0,0.0,4046.92,0.0,0.0,0.0,8.90445656866156e-05,8.068543955107214e-05,33.97459954195563,2.2577638938033553e-07,7.662867898069619e-08,3.9893666214442404e-05
112.33006890001708,570454.6854858,0.7506235000001023,3.3316900000000094,33.05914599999999,0.7125493439667661,3.356905661472326,32.770888011873964,-0.1509591199999987,-0.0195313599999994,0.0344361200000011,32.95007804656003,1.0,0.0,0.0,4047.9,0.0,0.0,0.0,8.90445656866156e-05,8.068543955107214e-05,34.03777333542786,2.2577638938033553e-07,7.662867898069619e-08,3.9893666214442404e-05
112.4400359999854,570454.7954529,0.6306235000001023,3.4366900000000093,33.36414599999999,0.6929643791661328,3.375978683928369,32.91271061940024,-0.1469591199999987,-0.0223313599999994,0.0320361200000011,33.0926570710409,1.0,0.0,0.0,4047.41,0.0,0.0,0.0,8.90445656866156e-05,8.068543955107214e-05,34.00615658196786,2.2577638938033553e-07,7.662867898069619e-08,3.9893666214442404e-05
112.55104569997638,570454.9064626,0.6256235000001023,3.506690000000009,33.59414599999999,0.6768660555571988,3.4072261682429543,33.075612669556506,-0.1473591199999987,-0.0255313599999994,0.0304361200000011,33.2575328502469,1.0,0.0,0.0,4047.9,0.0,0.0,0.0,8.90445656866156e-05,8.068543955107214e-05,34.03777333542786,2.2577638938033553e-07,7.662867898069619e-08,3.9893666214442404e-05
112.65397750004196,570455.0093944,0.6056235000001022,3.4766900000000094,33.94414599999999,0.659835008022789,3.423831999004156,33.28324183614567,-0.1449591199999987,-0.0223313599999994,0.0332361200000011,33.46538801386553,1.0,0.0,0.0,4046.92,0.0,0.0,0.0,8.90445656866156e-05,8.068543955107214e-05,33.97459954195563,2.2577638938033553e-07,7.662867898069619e-08,3.9893666214442404e-05
112.76431809994392,570455.119735,0.6406235000001023,3.421690000000009,34.07414599999999,0.6552423582535111,3.4233199386692474,33.472313189698816,-0.1437591199999987,-0.0191313599999994,0.0312361200000011,33.65329422537748,1.0,0.0,0.0,4047.9,0.0,0.0,0.0,8.90445656866156e-05,8.068543955107214e-05,34.03777333542786,2.2577638938033553e-07,7.662867898069619e-08,3.9893666214442404e-05
112.87509550002868,570455.2305124,0.6456235000001023,3.3316900000000094,34.61414599999999,0.6529429007051464,3.4014151399313617,33.74527657115701,-0.1453591199999987,-0.0155313599999994,0.0304361200000011,33.922553710615794,1.0,0.0,0.0,4050.34,0.0,0.0,0.0,8.90445656866156e-05,8.068543955107214e-05,34.196107098136295,2.2577638938033553e-07,7.662867898069619e-08,3.9893666214442404e-05
112.98586150002666,570455.3412784,0.7406235000001022,3.776690000000009,35.47914599999999,0.6739035813371198,3.491127306070262,34.159770582919656,-0.1485591199999987,-0.0103313599999994,0.0272361200000011,34.34431600981204,1.0,0.0,0.0,4058.16,0.0,0.0,0.0,8.90445656866156e-05,8.068543955107214e-05,34.71382556784598,2.2577638938033553e-07,7.662867898069619e-08,3.9893666214442404e-05
113.09775359998456,570455.4531705,0.6856235000001023,3.466690000000009,34.35914599999999,0.6767053125536354,3.485285391528582,34.2074327165831,-0.1525591199999987,-0.0063313599999994,0.0252361200000011,34.391184879268124,1.0,0.0,0.0,4056.7,0.0,0.0,0.0,8.90445656866156e-05,8.068543955107214e-05,34.61595663990257,2.2577638938033553e-07,7.662867898069619e-08,3.9893666214442404e-05
113.2092584000202,570455.5646753,0.6856235000001023,3.626690000000009,33.67914599999999,0.6788372696842274,3.5190891846355186,34.08114196084634,-0.1489591199999987,-0.0099313599999994,0.0192361200000011,34.269068357390346,1.0,0.0,0.0,4039.59,0.0,0.0,0.0,8.90445656866156e-05,8.068543955107214e-05,33.509541289294745,2.2577638938033553e-07,7.662867898069619e-08,3.9893666214442404e-05
113.320095699979,570455.6755126,0.9756235000001022,4.281690000000009,34.33414599999999,0.7497861619094227,3.7013944182798006,34.141624404008695,-0.1373591199999987,-0.0071313599999994,0.0140361200000011,34.34986196293467,1.0,0.0,0.0,4040.57,0.0,0.0,0.0,8.90445656866156e-05,8.068543955107214e-05,33.57096771860059,2.2577638938033553e-07,7.662867898069619e-08,3.9893666214442404e-05
113.43089399999008,570455.7863109,0.9956235000001022,4.28669000000001,33.25914599999999,0.8085553534132226,3.841313555037437,33.93066156684998,-0.1409591199999987,-0.0087313599999994,0.0160361200000011,34.15697946176971,1.0,0.0,0.0,4038.12,0.0,0.0,0.0,8.90445656866156e-05,8.068543955107214e-05,33.41782838122503,2.2577638938033553e-07,7.662867898069619e-08,3.9893666214442404e-05
113.54083600000013,570455.8962529,1.1056235000001022,4.066690000000009,31.779146,0.8795716397594551,3.895191422237436,33.41632622888364,-0.1349591199999987,-0.0035313599999994,0.0132361200000011,33.6540788184808,1.0,0.0,0.0,4019.06,0.0,0.0,0.0,8.90445656866156e-05,8.068543955107214e-05,32.273130671748106,2.2577638938033553e-07,7.662867898069619e-08,3.9893666214442404e-05
113.6517064999789,570456.0071234,1.3556235000001022,3.9116900000000094,30.839145999999992,0.9933752757632875,3.899135526430882,32.80023267862236,-0.1217591199999987,0.0020686400000005,0.0132361200000011,33.046108939839485,1.0,0.0,0.0,3990.71,0.0,0.0,0.0,8.90445656866156e-05,8.068543955107214e-05,30.709622145643916,2.2577638938033553e-07,7.662867898069619e-08,3.9893666214442404e-05
113.76169850002044,570456.1171154,1.3256235000001022,4.0116900000000095,29.78914599999999,1.0728016137989218,3.92604248638728,32.08041065717977,-0.1161591199999987,-0.0059313599999994,0.0164361200000011,32.33755496076939,1.0,0.0,0.0,3971.16,0.0,0.0,0.0,8.90445656866156e-05,8.068543955107214e-05,29.717009388373377,2.2577638938033553e-07,7.662867898069619e-08,3.9893666214442404e-05
113.86471440002788,570456.2201313,1.4106235000001022,3.8066900000000095,28.959146,1.1535603759891018,3.897510412360506,31.334249794080208,-0.1109591199999987,-0.0071313599999994,0.0116361200000011,31.59677988519283,1.0,0.0,0.0,3951.12,0.0,0.0,0.0,8.90445656866156e-05,8.068543955107214e-05,28.76371916300032,2.2577638938033553e-07,7.662867898069619e-08,3.9893666214442404e-05
113.97501890000422,570456.3304358,1.3706235000001024,3.156690000000009,26.874146,1.205450883763434,3.72041194138748,30.26802976405189,-0.1141591199999987,-0.0055313599999994,0.0096361200000011,30.519636345217418,1.0,0.0,0.0,3905.67,0.0,0.0,0.0,8.90445656866156e-05,8.068543955107214e-05,26.810622498871876,2.2577638938033553e-07,7.662867898069619e-08,3.9893666214442404e-05
114.08583799994084,570456.4412549,1.1956235000001023,2.5866900000000093,25.144145999999992,1.2031015766856152,3.449387521732872,29.043128337313764,-0.1121591199999987,-0.0091313599999994,0.0164361200000011,29.2719837267068,1.0,0.0,0.0,3831.87,0.0,0.0,0.0,8.90445656866156e-05,8.068543955107214e-05,24.137272051018165,2.2577638938033553e-07,7.662867898069619e-08,3.9893666214442404e-05
114.1967033999972,570456.5521203,1.2856235000001022,2.966690000000009,25.579145999999994,1.2228290385601903,3.3339951923436537,28.21503833711907,-0.0945591199999987,-0.0179313599999994,0.0176361200000011,28.4376374399354,1.0,0.0,0.0,3809.87,0.0,0.0,0.0,8.90445656866156e-05,8.068543955107214e-05,23.43696980288045,2.2577638938033553e-07,7.662867898069619e-08,3.9893666214442404e-05
114.3091997000156,570456.6646166,1.0106235000001025,3.151690000000009,25.639146,1.172099771677205,3.2904138192121697,27.59925266668733,-0.0829591199999987,-0.0363313599999994,0.0076361200000011,27.819406692740163,1.0,0.0,3.42,3824.05,0.0,0.0,0.0,8.90445656866156e-05,0.26407912610194173,23.88382830171552,2.2577638938033553e-07,7.662867898069619e-08,3.9893666214442404e-05
114.41921199997888,570456.7746289,0.9256235000001024,3.691690000000009,25.78914599999999,1.113177838484163,3.3863417888924108,27.16653359250986,-0.0817591199999987,-0.0443313599999994,0.0020361200000011,27.399398224126347,1.0,0.0,0.0,3822.09,0.0,0.0,0.0,8.90445656866156e-05,8.068543955107214e-05,23.821099298041265,2.2577638938033553e-07,7.662867898069619e-08,3.9893666214442404e-05
114.53090579994024,570456.8863227,0.7006235000001022,3.326690000000009,24.364145999999995,1.0145537437376193,3.3720815978563827,26.49660259516341,-0.0973591199999987,-0.0467313599999994,-0.0003638799999988,26.72957543036465,1.0,0.0,0.0,3811.83,0.0,0.0,0.0,8.90445656866156e-05,8.068543955107214e-05,23.49778611848111,2.2577638938033553e-07,7.662867898069619e-08,3.9893666214442404e-05
114.6409052000381,570456.9963221,0.9106235000001024,3.2316900000000093,24.179145999999992,0.9897084682205464,3.33851997225457,25.942597855685364,-0.0845591199999987,-0.0423313599999994,0.0016361200000011,26.17524826929099,1.0,0.0,0.0,3779.57,0.0,0.0,0.0,8.90445656866156e-05,8.068543955107214e-05,22.53335214728767,2.2577638938033553e-07,7.662867898069619e-08,3.9893666214442404e-05
114.7441163000185,570457.0995332,0.7906235000001023,3.076690000000009,23.474146,0.9421157684551448,3.275927626029331,25.35249660844857,-0.0917591199999987,-0.0383313599999994,-0.0023638799999988,25.580624859716583,1.0,0.0,0.0,3770.28,0.0,0.0,0.0,8.90445656866156e-05,8.068543955107214e-05,22.269334120354255,2.2577638938033553e-07,7.662867898069619e-08,3.9893666214442404e-05
114.85506650002208,570457.2104834,0.8556235000001022,3.1866900000000093,23.439146,0.921439166894492,3.2545947269091524,24.89509632419903,-0.0901591199999987,-0.0363313599999994,-0.0003638799999988,25.12383844013212,1.0,0.0,0.0,3755.62,0.0,0.0,0.0,8.90445656866156e-05,8.068543955107214e-05,21.864307760414174,2.2577638938033553e-07,7.662867898069619e-08,3.9893666214442404e-05
114.96671419998164,570457.3221311,0.7756235000001023,3.4616900000000093,23.34414599999999,0.8865808784077782,3.3041023479171496,24.52433044573791,-0.0889591199999987,-0.0423313599999994,0.0020361200000011,24.761783089899183,1.0,0.0,0.0,3763.44,0.0,0.0,0.0,8.90445656866156e-05,8.068543955107214e-05,22.07862633713151,2.2577638938033553e-07,7.662867898069619e-08,3.9893666214442404e-05
115.0775112999836,570457.4329282,1.1406235000001024,3.4816900000000093,23.519145999999992,0.94731160220442,3.346555958971619,24.284033842923154,-0.0777591199999987,-0.0351313599999994,0.0100361200000011,24.53183922461658,1.0,0.0,0.0,3757.58,0.0,0.0,0.0,8.90445656866156e-05,8.068543955107214e-05,21.917658309922903,2.2577638938033553e-07,7.662867898069619e-08,3.9893666214442404e-05
115.1884200000204,570457.5438369,0.8406235000001022,3.3566900000000093,23.05914599999999,0.9218070406991624,3.3489785746838225,23.991215555959457,-0.0869591199999987,-0.0347313599999994,0.0092361200000011,24.241365670409017,1.0,0.0,0.0,3757.58,0.0,0.0,0.0,8.90445656866156e-05,8.068543955107214e-05,21.917658309922903,2.2577638938033553e-07,7.662867898069619e-08,3.9893666214442404e-05
115.29946989996824,570457.6548868,0.8306235000001022,3.176690000000009,22.654146,0.9000089566206528,3.307791746360067,23.67157942013741,-0.0861591199999987,-0.0347313599999994,0.0104361200000011,23.91851112847868,1.0,0.0,0.0,3739.98,0.0,0.0,0.0,8.90445656866156e-05,8.068543955107214e-05,21.44711739363676,2.2577638938033553e-07,7.662867898069619e-08,3.9893666214442404e-05
115.41011219995562,570457.7655291,1.005623500000102,2.986690000000009,22.86414599999999,0.9252568761338544,3.2310300543786883,23.47855662846888,-0.0805591199999987,-0.0335313599999994,0.0116361200000011,23.717889384499443,1.0,0.0,0.0,3745.36,0.0,0.0,0.0,8.90445656866156e-05,8.068543955107214e-05,21.58894250110635,2.2577638938033553e-07,7.662867898069619e-08,3.9893666214442404e-05
115.5213936000364,570457.8768105,1.005623500000102,3.0866900000000093,22.954145999999994,0.944469098106284,3.1965245217231053,23.35319247959517,-0.0761591199999987,-0.0375313599999994,0.0128361200000011,23.58985777583823,1.0,0.0,0.0,3756.6,0.0,0.0,0.0,8.90445656866156e-05,8.068543955107214e-05,21.890952679448656,2.2577638938033553e-07,7.662867898069619e-08,3.9893666214442404e-05
115.62422649993096,570457.9796434,0.8656235000001022,2.931690000000009,22.814146,0.9256204883290962,3.1332139162437174,23.224329524786032,-0.0725591199999987,-0.0399313599999994,0.0088361200000011,23.45300161193032,1.0,0.0,0.0,3759.04,0.0,0.0,0.0,8.90445656866156e-05,8.068543955107214e-05,21.957557324965205,2.2577638938033553e-07,7.662867898069619e-08,3.9893666214442404e-05
115.73505969997495,570458.0904766,0.9156235000001024,2.861690000000009,22.874146,0.9232306360546984,3.068304162682596,23.14061562359648,-0.0709591199999987,-0.0379313599999994,0.0080361200000011,23.36139843162482,1.0,0.0,0.0,3761.0,0.0,0.0,0.0,8.90445656866156e-05,8.068543955107214e-05,22.011334319845346,2.2577638938033553e-07,7.662867898069619e-08,3.9893666214442404e-05
115.846411800012,570458.2018287,0.7706235000001023,3.0016900000000093,23.199145999999992,0.8867487978063082,3.052379565898545,23.15460773287639,-0.0705591199999987,-0.0411313599999994,0.0100361200000011,23.371760817450298,1.0,0.0,0.0,3763.44,0.0,0.0,0.0,8.90445656866156e-05,8.068543955107214e-05,22.07862633713151,2.2577638938033553e-07,7.662867898069619e-08,3.9893666214442404e-05
115.95843190001324,570458.3138488,0.9106235000001024,2.741690000000009,23.174146,0.8924562178272886,2.978106980870032,23.15927849676912,-0.0613591199999987,-0.0371313599999994,0.0108361200000011,23.367023340193715,1.0,0.0,0.0,3737.05,0.0,0.0,0.0,8.90445656866156e-05,8.068543955107214e-05,21.37060430010445,2.2577638938033553e-07,7.662867898069619e-08,3.9893666214442404e-05
116.06837200000882,570458.4237889,0.7706235000001023,3.031690000000009,23.459146,0.8633312265585771,2.990916388655922,23.23096398954256,-0.0821591199999987,-0.0363313599999994,0.0136361200000011,23.43861364360325,1.0,0.0,0.0,3745.36,0.0,0.0,0.0,8.90445656866156e-05,8.068543955107214e-05,21.58894250110635,2.2577638938033553e-07,7.662867898069619e-08,3.9893666214442404e-05
116.1792416999815,570458.5346586,0.9356235000001024,3.011690000000009,24.354146,0.8806132167360128,2.9958824705082066,23.499468762571983,-0.0701591199999987,-0.0395313599999994,0.0148361200000011,23.70602926551988,1.0,0.0,0.0,3766.86,0.0,0.0,0.0,8.90445656866156e-05,8.068543955107214e-05,22.173596085040664,2.2577638938033553e-07,7.662867898069619e-08,3.9893666214442404e-05
116.29091330000664,570458.6463302,0.7706235000001023,3.306690000000009,24.354146,0.8543193804273999,3.070183255585814,23.70378553003477,-0.0821591199999987,-0.0375313599999994,0.0116361200000011,23.917051140986,1.0,0.0,0.0,3776.64,0.0,0.0,0.0,8.90445656866156e-05,8.068543955107214e-05,22.449450371539697,2.2577638938033553e-07,7.662867898069619e-08,3.9893666214442404e-05
116.4017364999745,570458.7571534,0.7056235000001022,3.1466900000000093,24.364145999999995,0.8187725560901032,3.088472745492964,23.86164947056691,-0.0773591199999987,-0.0411313599999994,0.0108361200000011,24.0746208247288,1.0,0.0,0.0,3783.97,0.0,0.0,0.0,8.90445656866156e-05,8.068543955107214e-05,22.660461673193335,2.2577638938033553e-07,7.662867898069619e-08,3.9893666214442404e-05
116.511725999997,570458.8671429,0.6256235000001023,3.1016900000000094,24.384146,0.7725988789982026,3.091632425659174,23.986556040239403,-0.0733591199999987,-0.0407313599999994,0.0124361200000011,24.197313296206296,1.0,0.0,0.0,3781.04,0.0,0.0,0.0,8.90445656866156e-05,8.068543955107214e-05,22.575668720282042,2.2577638938033553e-07,7.662867898069619e-08,3.9893666214442404e-05
116.61421999998856,570458.9696369,0.5556235000001023,2.966690000000009,24.394145999999992,0.7207293473030398,3.061764036269909,24.08399336439136,-0.0713591199999987,-0.0443313599999994,0.0140361200000011,24.28852787185561,1.0,0.0,0.0,3780.55,0.0,0.0,0.0,8.90445656866156e-05,8.068543955107214e-05,22.561546593885165,2.2577638938033553e-07,7.662867898069619e-08,3.9893666214442404e-05
116.72591299994384,570459.0813299,0.4906235000001022,2.9566900000000094,24.324145999999992,0.6657208823102146,3.036645328885658,24.14140358670275,-0.0701591199999987,-0.0467313599999994,0.0148361200000011,24.34074292791104,1.0,0.0,0.0,3782.01,0.0,0.0,0.0,8.90445656866156e-05,8.068543955107214e-05,22.603673881981436,2.2577638938033553e-07,7.662867898069619e-08,3.9893666214442404e-05
116.83669240004384,570459.1921093,0.6256235000001023,3.011690000000009,24.849146,0.6561353134211028,3.030679577247963,24.31059452305712,-0.0641591199999987,-0.0447313599999994,0.0144361200000011,24.50756083974823,1.0,0.0,0.0,3787.88,0.0,0.0,0.0,8.90445656866156e-05,8.068543955107214e-05,22.774554066780343,2.2577638938033553e-07,7.662867898069619e-08,3.9893666214442404e-05
116.9466839999659,570459.3021009,0.6906235000001022,3.2266900000000094,25.299146,0.6643799635520458,3.077537284709824,24.546914894531326,-0.0641591199999987,-0.0463313599999994,0.0172361200000011,24.74800329954141,1.0,0.0,0.0,3788.86,0.0,0.0,0.0,8.90445656866156e-05,8.068543955107214e-05,22.803320007633726,2.2577638938033553e-07,7.662867898069619e-08,3.9893666214442404e-05
117.05841850000434,570459.4138354,0.7006235000001022,3.3516900000000094,25.264146,0.673044242749151,3.1430754716724274,24.71837417129189,-0.0657591199999987,-0.0455313599999994,0.0144361200000011,24.92649060026936,1.0,0.0,0.0,3792.77,0.0,0.0,0.0,8.90445656866156e-05,8.068543955107214e-05,22.918775831567856,2.2577638938033553e-07,7.662867898069619e-08,3.9893666214442404e-05
117.16837490000762,570459.5237918,0.6956235000001022,3.256690000000009,25.614145999999995,0.6784419772987549,3.170235845376257,24.93251489765152,-0.0625591199999987,-0.0435313599999994,0.0164361200000011,25.142413924551565,1.0,0.0,0.0,3795.7,0.0,0.0,0.0,8.90445656866156e-05,8.068543955107214e-05,23.006019837105395,2.2577638938033553e-07,7.662867898069619e-08,3.9893666214442404e-05
117.27855049993376,570459.6339674,0.6006235000001022,3.306690000000009,25.93414599999999,0.6598389081701276,3.2028561967307545,25.17196204806105,-0.0665591199999987,-0.0455313599999994,0.0200361200000011,25.383485744686404,1.0,0.0,0.0,3795.21,0.0,0.0,0.0,8.90445656866156e-05,8.068543955107214e-05,22.99138587540543,2.2577638938033553e-07,7.662867898069619e-08,3.9893666214442404e-05
117.3885080999462,570459.743925,0.5856235000001022,3.4366900000000093,25.84414599999999,0.6420971787438674,3.2587558565266304,25.33265247736724,-0.0657591199999987,-0.0439313599999994,0.0184361200000011,25.54946300919958,1.0,0.0,0.0,3802.05,0.0,0.0,0.0,8.90445656866156e-05,8.068543955107214e-05,23.197269768397547,2.2577638938033553e-07,7.662867898069619e-08,3.9893666214442404e-05
117.4984977999702,570459.8539147,0.7856235000001023,3.3116900000000093,26.064146,0.6764081826184386,3.271410145899586,25.507521287977024,-0.0601591199999987,-0.0411313599999994,0.0208361200000011,25.725343430726227,1.0,0.0,0.0,3803.52,0.0,0.0,0.0,8.90445656866156e-05,8.068543955107214e-05,23.241973013715754,2.2577638938033553e-07,7.662867898069619e-08,3.9893666214442404e-05
117.60944959998596,570459.9648665,0.4856235000001023,3.3366900000000093,26.054145999999992,0.6307997260842528,3.287015766578544,25.638195873990224,-0.0633591199999987,-0.0447313599999994,0.0200361200000011,25.855743435787208,1.0,0.0,0.0,3804.01,0.0,0.0,0.0,8.90445656866156e-05,8.068543955107214e-05,23.25691038426405,2.2577638938033553e-07,7.662867898069619e-08,3.9893666214442404e-05
117.7192592000356,570460.0746761,0.5556235000001023,3.321690000000009,25.864145999999995,0.6128283061950464,3.2953048925511084,25.692210883788604,-0.0649591199999987,-0.0399313599999994,0.0136361200000011,25.909926533373472,1.0,0.0,0.0,3805.47,0.0,0.0,0.0,8.90445656866156e-05,8.068543955107214e-05,23.301525712656417,2.2577638938033553e-07,7.662867898069619e-08,3.9893666214442404e-05
117.82923549995758,570460.1846524,0.3956235000001022,3.151690000000009,25.739145999999995,0.5609039282711854,3.260972715068695,25.703431062359943,-0.0657591199999987,-0.0387313599999994,0.0100361200000011,25.91553442710882,1.0,0.0,0.0,3802.54,0.0,0.0,0.0,8.90445656866156e-05,8.068543955107214e-05,23.21215274094711,2.2577638938033553e-07,7.662867898069619e-08,3.9893666214442404e-05
117.93930289999116,570460.2947198,0.4356235000001023,3.2466900000000094,25.329145999999994,0.5309547369159423,3.2575583288587526,25.61395551451322,-0.0753591199999987,-0.0387313599999994,0.0136361200000011,25.82572973408559,1.0,0.0,0.0,3803.52,0.0,0.0,0.0,8.90445656866156e-05,8.068543955107214e-05,23.241973013715754,2.2577638938033553e-07,7.662867898069619e-08,3.9893666214442404e-05
118.04925569996703,570460.4046726,0.3956235000001022,3.346690000000009,25.43414599999999,0.4986028271510413,3.2788658986975623,25.5709707511949,-0.0837591199999987,-0.0391313599999994,0.0144361200000011,25.78515292798066,1.0,0.0,0.0,3797.16,0.0,0.0,0.0,8.90445656866156e-05,8.068543955107214e-05,23.049727648788707,2.2577638938033553e-07,7.662867898069619e-08,3.9893666214442404e-05
118.16082390001976,570460.5162408,0.4756235000001023,3.321690000000009,25.329145999999994,0.4931094530018961,3.289103309458548,25.5131607975739,-0.0821591199999987,-0.0383313599999994,0.0172361200000011,25.729025076667646,1.0,0.0,0.0,3799.61,0.0,0.0,0.0,8.90445656866156e-05,8.068543955107214e-05,23.123426864945834,2.2577638938033553e-07,7.662867898069619e-08,3.9893666214442404e-05
118.27173769997898,570460.6271546,0.5406235000001023,3.431690000000009,25.444146,0.504468029159795,3.323189687823226,25.496662311677824,-0.0865591199999987,-0.0391313599999994,0.0192361200000011,25.71726787062404,1.0,0.0,0.0,3800.1,0.0,0.0,0.0,8.90445656866156e-05,8.068543955107214e-05,23.13822023888421,2.2577638938033553e-07,7.662867898069619e-08,3.9893666214442404e-05
118.38179899996612,570460.7372159,0.6206235000001022,3.571690000000009,25.624146,0.5322358335260712,3.382595482518597,25.52713820826377,-0.0829591199999987,-0.0415313599999994,0.0168361200000011,25.75577628969169,1.0,0.0,0.0,3800.59,0.0,0.0,0.0,8.90445656866156e-05,8.068543955107214e-05,23.153031536839702,2.2577638938033553e-07,7.662867898069619e-08,3.9893666214442404e-05
118.48394990002272,570460.8393668,0.6456235000001023,3.5416900000000093,25.564146,0.5593419742650477,3.420628176159385,25.5359851882082,-0.0773591199999987,-0.0387313599999994,0.0188361200000011,25.77013969880836,1.0,0.0,0.0,3803.03,0.0,0.0,0.0,8.90445656866156e-05,8.068543955107214e-05,23.227053811013818,2.2577638938033553e-07,7.662867898069619e-08,3.9893666214442404e-05
118.59507109993136,570460.950488,0.7256235000001022,3.711690000000009,25.78914599999999,0.599092774145019,3.4902086076657883,25.59650510900217,-0.0757591199999987,-0.0431313599999994,0.0208361200000011,25.8403084747886,1.0,0.0,0.0,3804.01,0.0,0.0,0.0,8.90445656866156e-05,8.068543955107214e-05,23.25691038426405,2.2577638938033553e-07,7.662867898069619e-08,3.9893666214442404e-05
118.70510100002866,570461.0605179,0.7606235000001023,3.6616900000000094,26.019145999999992,0.6377078609957545,3.5312024732181024,25.697540466988457,-0.0669591199999987,-0.0443313599999994,0.0200361200000011,25.946862012107488,1.0,0.0,0.0,3808.9,0.0,0.0,0.0,8.90445656866156e-05,8.068543955107214e-05,23.406982357491035,2.2577638938033553e-07,7.662867898069619e-08,3.9893666214442404e-05
118.81510030000936,570461.1705172,0.6656235000001023,3.836690000000009,26.50414599999999,0.6443812961514521,3.604231473218281,25.89036534625921,-0.0633591199999987,-0.0479313599999994,0.0224361200000011,26.147977541870173,1.0,0.0,0.0,3815.74,0.0,0.0,0.0,8.90445656866156e-05,8.068543955107214e-05,23.62000840531343,2.2577638938033553e-07,7.662867898069619e-08,3.9893666214442404e-05
118.92643320001662,570461.2818501,0.6356235000001023,3.896690000000009,26.704145999999994,0.642287681718562,3.6741457966519926,26.084905489970573,-0.0617591199999987,-0.0491313599999994,0.0244361200000011,26.350221540280074,1.0,0.0,0.0,3817.69,0.0,0.0,0.0,8.90445656866156e-05,8.068543955107214e-05,23.68141603008582,2.2577638938033553e-07,7.662867898069619e-08,3.9893666214442404e-05
119.03844189993106,570461.3938588,0.5956235000001022,3.776690000000009,26.744146,0.6311322719948823,3.698659729201739,26.2425016959899,-0.0625591199999987,-0.0491313599999994,0.0252361200000011,26.50938149035554,1.0,0.0,0.0,3817.2,0.0,0.0,0.0,8.90445656866156e-05,8.068543955107214e-05,23.665956844675634,2.2577638938033553e-07,7.662867898069619e-08,3.9893666214442404e-05
119.14928030001464,570461.5046972,0.6206235000001022,3.736690000000009,26.55914599999999,0.6286200741382524,3.707751140151936,26.31819780417869,-0.0645591199999987,-0.0451313599999994,0.0236361200000011,26.58552458340409,1.0,0.0,0.0,3820.63,0.0,0.0,0.0,8.90445656866156e-05,8.068543955107214e-05,23.774576264149854,2.2577638938033553e-07,7.662867898069619e-08,3.9893666214442404e-05
119.26088600000368,570461.6163029,0.5956235000001022,3.576690000000009,26.489145999999995,0.620732004736122,3.6764200278639647,26.359064205252988,-0.0645591199999987,-0.0415313599999994,0.0260361200000011,26.621450715910136,1.0,0.0,0.0,3819.16,0.0,0.0,0.0,8.90445656866156e-05,8.068543955107214e-05,23.727909105551138,2.2577638938033553e-07,7.662867898069619e-08,3.9893666214442404e-05
119.37175459996796,570461.7271715,0.6506235000001023,3.511690000000009,26.71914599999999,0.6278777826035011,3.637040124757496,26.445144359377963,-0.0601591199999987,-0.0395313599999994,0.0248361200000011,26.701459727275648,1.0,0.0,0.0,3818.67,0.0,0.0,0.0,8.90445656866156e-05,8.068543955107214e-05,23.712392122328104,2.2577638938033553e-07,7.662867898069619e-08,3.9893666214442404e-05
119.48225849994924,570461.8376754,0.5306235000001023,3.6166900000000095,26.639146,0.6046284438200833,3.63217528043284,26.491521852960982,-0.0637591199999987,-0.0403313599999994,0.0244361200000011,26.74619604558325,1.0,0.0,0.0,3821.6,0.0,0.0,0.0,8.90445656866156e-05,8.068543955107214e-05,23.805466079978483,2.2577638938033553e-07,7.662867898069619e-08,3.9893666214442404e-05
119.58417929999996,570461.9395962,0.5356235000001023,3.6416900000000094,26.599146,0.5881323135350671,3.634449842876002,26.5172501827456,-0.0625591199999987,-0.0431313599999994,0.0236361200000011,26.77162084246912,1.0,0.0,0.0,3820.63,0.0,0.0,0.0,8.90445656866156e-05,8.068543955107214e-05,23.774576264149854,2.2577638938033553e-07,7.662867898069619e-08,3.9893666214442404e-05
119.6959399000043,570462.0513568,0.5256235000001023,3.686690000000009,26.599146,0.5731891301202002,3.646938229799053,26.536827969443763,-0.0589591199999987,-0.0455313599999994,0.0236361200000011,26.792385912992344,1.0,0.0,0.0,3820.63,0.0,0.0,0.0,8.90445656866156e-05,8.068543955107214e-05,23.774576264149854,2.2577638938033553e-07,7.662867898069619e-08,3.9893666214442404e-05
119.80937279993668,570462.1647897,0.5506235000001023,3.671690000000009,26.349146,0.5677946532346638,3.652855319262743,26.491961238906747,-0.0569591199999987,-0.0475313599999994,0.0220361200000011,26.748640209091853,1.0,0.0,0.0,3821.6,0.0,0.0,0.0,8.90445656866156e-05,8.068543955107214e-05,23.805466079978483,2.2577638938033553e-07,7.662867898069619e-08,3.9893666214442404e-05
119.92176249995828,570462.2771794,0.6606235000001023,3.486690000000009,26.034146,0.5899860596133916,3.6131322993794095,26.38251719896704,-0.0485591199999987,-0.0463313599999994,0.0184361200000011,26.635315322277457,1.0,0.0,0.0,3815.74,0.0,0.0,0.0,8.90445656866156e-05,8.068543955107214e-05,23.62000840531343,2.2577638938033553e-07,7.662867898069619e-08,3.9893666214442404e-05
120.02425000001676,570462.3796669,0.6106235000001022,3.306690000000009,25.734145999999992,0.5949195888146697,3.5398750540928954,26.22751938027284,-0.0437591199999987,-0.0463313599999994,0.0100361200000011,26.47201196657201,1.0,0.0,0.0,3804.99,0.0,0.0,0.0,8.90445656866156e-05,8.068543955107214e-05,23.28683977021111,2.2577638938033553e-07,7.662867898069619e-08,3.9893666214442404e-05
120.13769400003366,570462.4931109,0.7556235000001023,3.306690000000009,24.96914599999999,0.6333370196460377,3.4841304824739416,25.92669613371921,-0.0425591199999987,-0.0447313599999994,0.0076361200000011,26.16741969338148,1.0,0.0,0.0,3774.19,0.0,0.0,0.0,8.90445656866156e-05,8.068543955107214e-05,22.379743104972974,2.2577638938033553e-07,7.662867898069619e-08,3.9893666214442404e-05
120.25099880003836,570462.6064157,0.9556235000001022,3.221690000000009,24.419145999999994,0.710381930846741,3.421392189370674,25.56630538429837,-0.0397591199999987,-0.0395313599999994,0.0088361200000011,25.80400236405904,1.0,0.0,0.0,3758.06,0.0,0.0,0.0,8.90445656866156e-05,8.068543955107214e-05,21.93076083612993,2.2577638938033553e-07,7.662867898069619e-08,3.9893666214442404e-05
120.35448259999976,570462.7098995,0.9656235000001022,2.931690000000009,24.074145999999992,0.7713992717185789,3.304325343583648,25.209593904703368,-0.0341591199999987,-0.0351313599999994,0.0080361200000011,25.436926851581624,1.0,0.0,0.0,3739.98,0.0,0.0,0.0,8.90445656866156e-05,8.068543955107214e-05,21.44711739363676,2.2577638938033553e-07,7.662867898069619e-08,3.9893666214442404e-05
120.47112809994724,570462.826545,0.8906235000001023,2.786690000000009,23.319146,0.7999006847186867,3.180580875503778,24.757668677224338,-0.0377591199999987,-0.0387313599999994,0.0128361200000011,24.97394830903293,1.0,0.0,0.0,3724.34,0.0,0.0,0.0,8.90445656866156e-05,8.068543955107214e-05,21.04448059020193,2.2577638938033553e-07,7.662867898069619e-08,3.9893666214442404e-05
120.57718979998026,570462.9326067,1.005623500000102,2.7266900000000094,22.999146,0.8490802097732363,3.0720749829836222,24.337281128350654,-0.0421591199999987,-0.0327313599999994,0.0116361200000011,24.545097975442577,1.0,0.0,0.0,3698.44,0.0,0.0,0.0,8.90445656866156e-05,8.068543955107214e-05,20.40761065216794,2.2577638938033553e-07,7.662867898069619e-08,3.9893666214442404e-05
120.69110799999908,570463.0465249,0.8206235000001022,2.5416900000000093,22.43414599999999,0.8422774277417757,2.9452826215067573,23.88232292841117,-0.0505591199999987,-0.0295313599999994,0.0084361200000011,24.07798723819636,1.0,0.0,0.0,3684.26,0.0,0.0,0.0,8.90445656866156e-05,8.068543955107214e-05,20.073731139735088,2.2577638938033553e-07,7.662867898069619e-08,3.9893666214442404e-05
120.80194849998225,570463.1573654,0.8356235000001022,2.3716900000000094,21.529146,0.840686758249745,2.808161161925778,23.319778985240468,-0.0521591199999987,-0.0307313599999994,0.0076361200000011,23.50328945610184,1.0,0.0,0.0,3652.49,0.0,0.0,0.0,8.90445656866156e-05,8.068543955107214e-05,19.36072523773256,2.2577638938033553e-07,7.662867898069619e-08,3.9893666214442404e-05
120.90413349994924,570463.2595504,0.7756235000001023,2.551690000000009,21.139146,0.8251329163735203,2.746849878019596,22.798482918074992,-0.0501591199999987,-0.0363313599999994,0.0076361200000011,22.97818208535689,1.0,0.0,0.0,3628.54,0.0,0.0,0.0,8.90445656866156e-05,8.068543955107214e-05,18.852887424054053,2.2577638938033553e-07,7.662867898069619e-08,3.9893666214442404e-05
121.01521029998548,570463.3706272,0.8056235000001023,2.466690000000009,19.954145999999994,0.8204690494610261,2.679875635413124,22.1185236314266,-0.0513591199999987,-0.0375313599999994,0.0100361200000011,22.295380474806464,1.0,0.0,0.0,3604.11,0.0,0.0,0.0,8.90445656866156e-05,8.068543955107214e-05,18.35897833272673,2.2577638938033553e-07,7.662867898069619e-08,3.9893666214442404e-05
121.12687699997332,570463.4822939,0.8306235000001022,2.0516900000000096,18.449145999999992,0.8228965442141897,2.5297033214991487,21.24133240247859,-0.0457591199999987,-0.0323313599999994,0.0072361200000011,21.407259512835136,1.0,0.0,0.0,3532.75,0.0,0.0,0.0,8.90445656866156e-05,8.068543955107214e-05,17.039734591843676,2.2577638938033553e-07,7.662867898069619e-08,3.9893666214442404e-05
121.23694720002824,570463.5923641,0.7806235000001023,2.096690000000009,17.659145999999993,0.8127908676307981,2.426188359075122,20.3849848666461,-0.0553591199999987,-0.0423313599999994,0.0116361200000011,20.544941639284502,1.0,0.0,0.0,3473.12,0.0,0.0,0.0,8.90445656866156e-05,8.068543955107214e-05,16.05867067627919,2.2577638938033553e-07,7.662867898069619e-08,3.9893666214442404e-05
121.34766430000307,570463.7030812,0.9156235000001024,2.0016900000000093,17.37914599999999,0.8373737512215824,2.3247089599273325,19.66641737256458,-0.0533591199999987,-0.0431313599999994,0.0120361200000011,19.82103526104304,1.0,0.0,0.0,3452.1,0.0,0.0,0.0,8.90445656866156e-05,8.068543955107214e-05,15.735643976186632,2.2577638938033553e-07,7.662867898069619e-08,3.9893666214442404e-05
121.46006379998288,570463.8154807,1.0656235000001022,2.0866900000000093,17.609145999999992,0.8919385024544124,2.267808808200403,19.17461179002554,-0.0465591199999987,-0.0455313599999994,0.0100361200000011,19.328844983104872,1.0,0.0,0.0,3458.94,0.0,0.0,0.0,8.90445656866156e-05,8.068543955107214e-05,15.839538622839125,2.2577638938033553e-07,7.662867898069619e-08,3.9893666214442404e-05
121.5711597999325,570463.9265767,1.0806235000001023,2.026690000000009,17.529145999999994,0.9370450141046744,2.2101676153516987,18.781251306715667,-0.0437591199999987,-0.0471313599999994,0.0128361200000011,18.93405120127272,1.0,0.0,0.0,3467.25,0.0,0.0,0.0,8.90445656866156e-05,8.068543955107214e-05,15.96733637986352,2.2577638938033553e-07,7.662867898069619e-08,3.9893666214442404e-05
121.6801633000141,570464.0355802,1.0756235000001022,2.316690000000009,17.954145999999994,0.9701732021950082,2.2356325608781136,18.58352580845855,-0.0425591199999987,-0.0487313599999994,0.0140361200000011,18.7426444362358,1.0,0.0,0.0,3465.79,0.0,0.0,0.0,8.90445656866156e-05,8.068543955107214e-05,15.944756718528593,2.2577638938033553e-07,7.662867898069619e-08,3.9893666214442404e-05
121.78800369997045,570464.1434206,1.0156235000001024,2.661690000000009,18.794145999999994,0.981038424200573,2.3374846693732736,18.6338760866848,-0.0413591199999987,-0.0527313599999994,0.0160361200000011,18.805520704921644,1.0,0.0,0.0,3485.34,0.0,0.0,0.0,8.90445656866156e-05,8.068543955107214e-05,16.25169232938839,2.2577638938033553e-07,7.662867898069619e-08,3.9893666214442404e-05
121.90106449997984,570464.2564814,0.9156235000001024,2.806690000000009,19.459146,0.9654005140385048,2.449651593016236,18.831162820891365,-0.0373591199999987,-0.0527313599999994,0.0152361200000011,19.01434943053782,1.0,0.0,0.0,3503.91,0.0,0.0,0.0,8.90445656866156e-05,8.068543955107214e-05,16.55272824968713,2.2577638938033553e-07,7.662867898069619e-08,3.9893666214442404e-05
122.01101539994124,570464.3664323,1.0606235000001023,2.691690000000009,19.349146,0.9881642566864036,2.50751262259693,18.95499044156611,-0.0413591199999987,-0.0535313599999994,0.0172361200000011,19.145645739711632,1.0,0.0,0.0,3517.6,0.0,0.0,0.0,8.90445656866156e-05,8.068543955107214e-05,16.780859588920098,2.2577638938033553e-07,7.662867898069619e-08,3.9893666214442404e-05
122.12171580002178,570464.4771327,0.9756235000001022,2.386690000000009,18.659146,0.9851662982109992,2.4786291018895485,18.88426669074466,-0.0469591199999987,-0.0487313599999994,0.0152361200000011,19.07169849035562,1.0,0.0,0.0,3518.57,0.0,0.0,0.0,8.90445656866156e-05,8.068543955107214e-05,16.797229735393053,2.2577638938033553e-07,7.662867898069619e-08,3.9893666214442404e-05
122.2243283999851,570464.5797453,0.9256235000001024,2.191690000000009,18.269145999999992,0.9709321621846908,2.410034236846491,18.737217646229748,-0.0401591199999987,-0.0551313599999994,0.0204361200000011,18.916508647435982,1.0,0.0,0.0,3505.86,0.0,0.0,0.0,8.90445656866156e-05,8.068543955107214e-05,16.584895503265567,2.2577638938033553e-07,7.662867898069619e-08,3.9893666214442404e-05
122.33525050000752,570464.6906674,0.9556235000001022,2.136690000000009,18.169145999999994,0.9672725159056492,2.344689322495989,18.60141601567011,-0.0353591199999987,-0.0575313599999994,0.0180361200000011,18.773541539280263,1.0,0.0,0.0,3484.36,0.0,0.0,0.0,8.90445656866156e-05,8.068543955107214e-05,16.236066733217353,2.2577638938033553e-07,7.662867898069619e-08,3.9893666214442404e-05
122.44677080004476,570464.8021877,0.9456235000001022,2.181690000000009,18.37914599999999,0.9620971622693656,2.305723157009677,18.548280762832107,-0.0329591199999987,-0.0575313599999994,0.0164361200000011,18.71578770672677,1.0,0.0,0.0,3491.2,0.0,0.0,0.0,8.90445656866156e-05,8.068543955107214e-05,16.345666857556616,2.2577638938033553e-07,7.662867898069619e-08,3.9893666214442404e-05
122.55689859995618,570464.9123155,0.8556235000001022,2.156690000000009,18.444146,0.9366438641796132,2.2700957042690098,18.523386595548104,-0.0357591199999987,-0.0659313599999994,0.0168361200000011,18.68546192104913,1.0,0.0,0.0,3507.82,0.0,0.0,0.0,8.90445656866156e-05,8.068543955107214e-05,16.61733642856163,2.2577638938033553e-07,7.662867898069619e-08,3.9893666214442404e-05
122.6676015999401,570465.0230185,0.9706235000001022,1.9716900000000093,17.824145999999992,0.9447669415781615,2.1987596650968704,18.35622808014049,-0.0413591199999987,-0.0591313599999994,0.0204361200000011,18.51157038095077,1.0,0.0,0.0,3497.07,0.0,0.0,0.0,8.90445656866156e-05,8.068543955107214e-05,16.4407398993377,2.2577638938033553e-07,7.662867898069619e-08,3.9893666214442404e-05
122.7784942999715,570465.1339112,0.9956235000001022,1.811690000000009,17.734145999999992,0.9569245692369056,2.106227865614896,18.20751486520414,-0.0353591199999987,-0.0567313599999994,0.0192361200000011,18.35389599021776,1.0,0.0,0.0,3475.56,0.0,0.0,0.0,8.90445656866156e-05,8.068543955107214e-05,16.09689812592833,2.2577638938033553e-07,7.662867898069619e-08,3.9893666214442404e-05
122.88936359994112,570465.2447805,1.0306235000001025,1.936690000000009,17.669145999999994,0.9745428310082316,2.065698614164119,18.07881389901,-0.0361591199999987,-0.0679313599999994,0.0236361200000011,18.222523329359912,1.0,0.0,0.0,3471.16,0.0,0.0,0.0,8.90445656866156e-05,8.068543955107214e-05,16.028075313545283,2.2577638938033553e-07,7.662867898069619e-08,3.9893666214442404e-05
123.0002361999359,570465.3556531,0.9356235000001024,1.8316900000000087,17.699145999999992,0.9652388837926428,2.009757164561062,17.988051545178564,-0.0337591199999987,-0.0719313599999994,0.0204361200000011,18.12569469993608,1.0,0.0,0.0,3460.41,0.0,0.0,0.0,8.90445656866156e-05,8.068543955107214e-05,15.862018744549786,2.2577638938033553e-07,7.662867898069619e-08,3.9893666214442404e-05
123.11011040001176,570465.4655273,0.9556235000001022,1.8166900000000088,17.39914599999999,0.9629402568392468,1.963603064230709,17.847269420579238,-0.0345591199999987,-0.0723313599999994,0.0208361200000011,17.980767967549124,1.0,0.0,0.0,3465.79,0.0,0.0,0.0,8.90445656866156e-05,8.068543955107214e-05,15.944756718528593,2.2577638938033553e-07,7.662867898069619e-08,3.9893666214442404e-05
123.22095530002844,570465.5763722,1.0206235000001025,1.7566900000000092,17.279145999999994,0.9767298527981412,1.9141390015669373,17.711455412987355,-0.0293591199999987,-0.0807313599999994,0.0204361200000011,17.84134474104757,1.0,0.0,0.0,3435.48,0.0,0.0,0.0,8.90445656866156e-05,8.068543955107214e-05,15.487941764230628,2.2577638938033553e-07,7.662867898069619e-08,3.9893666214442404e-05
123.33189289993608,570465.6873098,1.2156235000001023,1.7466900000000094,17.474145999999994,1.0338391048364732,1.874109108155966,17.654724883581913,-0.0241591199999987,-0.0883313599999994,0.0208361200000011,17.783993335551173,1.0,0.0,0.0,3415.44,0.0,0.0,0.0,8.90445656866156e-05,8.068543955107214e-05,15.197876343748376,2.2577638938033553e-07,7.662867898069619e-08,3.9893666214442404e-05
123.43600929994136,570465.7914262,1.0856235000001022,1.8716900000000087,17.704145999999994,1.046218538570649,1.873530802876589,17.66653935846056,-0.0181591199999987,-0.0871313599999994,0.0140361200000011,17.79638457113726,1.0,0.0,0.0,3414.96,0.0,0.0,0.0,8.90445656866156e-05,8.068543955107214e-05,15.191040443495357,2.2577638938033553e-07,7.662867898069619e-08,3.9893666214442404e-05
123.54680939996616,570465.9022263,1.0356235000001024,1.9116900000000088,17.759145999999994,1.043685718065926,1.8826530345961268,17.68867764507489,-0.0205591199999987,-0.0871313599999994,0.0140361200000011,17.819174480265378,1.0,0.0,0.0,3434.99,0.0,0.0,0.0,8.90445656866156e-05,8.068543955107214e-05,15.48073876047853,2.2577638938033553e-07,7.662867898069619e-08,3.9893666214442404e-05
123.6576264000032,570466.0130433,1.0206235000001025,1.8566900000000093,17.604145999999993,1.038172528244806,1.8764463836290703,17.66846974469604,-0.0245591199999987,-0.0855313599999994,0.0160361200000011,17.798136878568954,1.0,0.0,0.0,3445.75,0.0,0.0,0.0,8.90445656866156e-05,8.068543955107214e-05,15.640220167612409,2.2577638938033553e-07,7.662867898069619e-08,3.9893666214442404e-05
123.76930629997514,570466.1247232,1.0656235000001022,2.0216900000000093,17.519145999999992,1.0447348813380424,1.911167919305883,17.632772824869853,-0.0325591199999987,-0.0847313599999994,0.0104361200000011,17.766786746104014,1.0,0.0,0.0,3444.77,0.0,0.0,0.0,8.90445656866156e-05,8.068543955107214e-05,15.625580430312073,2.2577638938033553e-07,7.662867898069619e-08,3.9893666214442404e-05
123.88092140003572,570466.2363383,0.8756235000001023,2.011690000000009,17.249145999999993,1.004307584034426,1.9351984488281904,17.54106406121388,-0.0309591199999987,-0.0863313599999994,0.0092361200000011,17.676044669532416,1.0,0.0,0.0,3436.95,0.0,0.0,0.0,8.90445656866156e-05,8.068543955107214e-05,15.509584653904444,2.2577638938033553e-07,7.662867898069619e-08,3.9893666214442404e-05
123.99177570000757,570466.3471926,0.9256235000001024,1.8866900000000093,16.974145999999994,0.9854975853628304,1.923602153729664,17.405538203485335,-0.0321591199999987,-0.0855313599999994,0.0084361200000011,17.539219221207563,1.0,0.0,0.0,3422.29,0.0,0.0,0.0,8.90445656866156e-05,8.068543955107214e-05,15.295993727030769,2.2577638938033553e-07,7.662867898069619e-08,3.9893666214442404e-05
124.09406080003828,570466.4494777,0.8506235000001022,1.8916900000000088,16.854145999999993,0.9532549609789858,1.9159733228596152,17.27372391419955,-0.0357591199999987,-0.0867313599999994,0.0076361200000011,17.405780265720068,1.0,0.0,0.0,3423.75,0.0,0.0,0.0,8.90445656866156e-05,8.068543955107214e-05,15.31704349261913,2.2577638938033553e-07,7.662867898069619e-08,3.9893666214442404e-05
124.2050881999312,570466.5605051,1.1056235000001022,1.9616900000000093,16.794145999999994,0.9896797608829906,1.926902224769504,17.159077349526,-0.0413591199999987,-0.0803313599999994,0.0092361200000011,17.295269691448564,1.0,0.0,0.0,3424.73,0.0,0.0,0.0,8.90445656866156e-05,8.068543955107214e-05,15.331200033583784,2.2577638938033553e-07,7.662867898069619e-08,3.9893666214442404e-05
124.31680529995356,570466.6722222,0.9356235000001024,1.8666900000000093,16.829145999999994,0.9767572212375522,1.9125080574886857,17.080204877126185,-0.0369591199999987,-0.0787313599999994,0.0040361200000011,17.214678050541753,1.0,0.0,0.0,3421.8,0.0,0.0,0.0,8.90445656866156e-05,8.068543955107214e-05,15.288939939834654,2.2577638938033553e-07,7.662867898069619e-08,3.9893666214442404e-05
124.42767040000764,570466.7830873,1.2606235000001025,2.0716900000000096,16.709145999999993,1.044617505715225,1.9505616507143988,16.9915005721643,-0.0393591199999987,-0.0767313599999994,0.0112361200000011,17.13496449311594,1.0,0.0,0.0,3410.56,0.0,0.0,0.0,8.90445656866156e-05,8.068543955107214e-05,15.128616568961665,2.2577638938033553e-07,7.662867898069619e-08,3.9893666214442404e-05
124.53929610003252,570466.894713,1.1256235000001025,1.9716900000000093,16.984145999999992,1.063982573804791,1.9556125352340936,16.989742408561852,-0.0421591199999987,-0.0763313599999994,0.0080361200000011,17.134988369258092,1.0,0.0,0.0,3406.65,0.0,0.0,0.0,8.90445656866156e-05,8.068543955107214e-05,15.073502750548073,2.2577638938033553e-07,7.662867898069619e-08,3.9893666214442404e-05
124.64944770000876,570467.0048646,1.2606235000001025,2.1266900000000093,17.05914599999999,1.1109910076692764,1.9965098389833889,17.006333838439666,-0.0445591199999987,-0.0735313599999994,0.0120361200000011,17.159130024005805,1.0,0.0,0.0,3428.15,0.0,0.0,0.0,8.90445656866156e-05,8.068543955107214e-05,15.380775795929507,2.2577638938033553e-07,7.662867898069619e-08,3.9893666214442404e-05
124.76041670003906,570467.1158336,1.1506235000001022,2.236690000000009,17.639145999999993,1.1204654412506554,2.05392664144239,17.157612156849353,-0.0413591199999987,-0.0763313599999994,0.0100361200000011,17.316400098702058,1.0,0.0,0.0,3429.13,0.0,0.0,0.0,8.90445656866156e-05,8.068543955107214e-05,15.395031323177234,2.2577638938033553e-07,7.662867898069619e-08,3.9893666214442404e-05
124.86443019995932,570467.2198471,1.110623500000102,2.2666900000000094,17.799145999999993,1.1181126541003583,2.10478925922526,17.31097545624524,-0.0373591199999987,-0.0763313599999994,0.0116361200000011,17.474272087264023,1.0,0.0,0.0,3439.39,0.0,0.0,0.0,8.90445656866156e-05,8.068543955107214e-05,15.545621513725285,2.2577638938033553e-07,7.662867898069619e-08,3.9893666214442404e-05
124.97434039996006,570467.3297573,1.1206235000001024,2.2716900000000093,17.714145999999992,1.1187128899500656,2.144688086933439,17.407356287076862,-0.0413591199999987,-0.0739313599999994,0.0144361200000011,17.574619723499254,1.0,0.0,0.0,3441.35,0.0,0.0,0.0,8.90445656866156e-05,8.068543955107214e-05,15.574671464579394,2.2577638938033553e-07,7.662867898069619e-08,3.9893666214442404e-05
125.08512049994896,570467.4405374,1.0756235000001022,2.366690000000009,17.66414599999999,1.108412060021549,2.197759247907394,17.46874372290005,-0.0409591199999987,-0.0739313599999994,0.0116361200000011,17.641307498678312,1.0,0.0,0.0,3445.26,0.0,0.0,0.0,8.90445656866156e-05,8.068543955107214e-05,15.63289740549157,2.2577638938033553e-07,7.662867898069619e-08,3.9893666214442404e-05
125.19511400000192,570467.5505309,1.1556235000001025,2.066690000000009,17.429145999999992,1.1196982957854846,2.166426197401914,17.459277601202256,-0.0441591199999987,-0.0695313599999994,0.0092361200000011,17.628769131684066,1.0,0.0,0.0,3453.57,0.0,0.0,0.0,8.90445656866156e-05,8.068543955107214e-05,15.757874650714832,2.2577638938033553e-07,7.662867898069619e-08,3.9893666214442404e-05
125.3051091999514,570467.6605261,1.0756235000001022,2.066690000000009,17.199145999999992,1.109161897473823,2.142583538957527,17.39709126284544,-0.0401591199999987,-0.0727313599999994,0.0092361200000011,17.56358985925123,1.0,0.0,0.0,3438.91,0.0,0.0,0.0,8.90445656866156e-05,8.068543955107214e-05,15.53852115795176,2.2577638938033553e-07,7.662867898069619e-08,3.9893666214442404e-05
125.41511980001816,570467.7705367,0.9106235000001024,1.9266900000000096,17.299145999999993,1.0616998593936402,2.0909726289388573,17.373676740243788,-0.0333591199999987,-0.0727313599999994,0.0056361200000011,17.53122975152901,1.0,0.0,0.0,3430.11,0.0,0.0,0.0,8.90445656866156e-05,8.068543955107214e-05,15.409309050150442,2.2577638938033553e-07,7.662867898069619e-08,3.9893666214442404e-05
125.52604989998508,570467.8814668,0.9956235000001022,2.0016900000000093,17.444145999999993,1.045903828370719,2.069628971548073,17.390522925831007,-0.0349591199999987,-0.0743313599999994,0.0080361200000011,17.54444546094078,1.0,0.0,0.0,3435.0,0.0,0.0,0.0,8.90445656866156e-05,8.068543955107214e-05,15.480885704209518,2.2577638938033553e-07,7.662867898069619e-08,3.9893666214442404e-05
125.6376053999411,570467.9930223,1.0406235000001025,2.1766900000000096,17.904145999999994,1.0446415277306864,2.0952226837666976,17.51330823192423,-0.0285591199999987,-0.0727313599999994,0.0056361200000011,17.6691029552271,1.0,0.0,0.0,3444.77,0.0,0.0,0.0,8.90445656866156e-05,8.068543955107214e-05,15.625580430312073,2.2577638938033553e-07,7.662867898069619e-08,3.9893666214442404e-05
125.74760639993474,570468.1030233,0.8956235000001023,2.0716900000000096,17.574145999999992,1.0090176917534723,2.089597025721325,17.527851939851093,-0.0345591199999987,-0.0727313599999994,0.0112361200000011,17.680784090574623,1.0,0.0,0.0,3456.01,0.0,0.0,0.0,8.90445656866156e-05,8.068543955107214e-05,15.79489215200661,2.2577638938033553e-07,7.662867898069619e-08,3.9893666214442404e-05
125.85937610000838,570468.214793,0.9756235000001022,1.9716900000000093,17.654145999999994,1.0010345689881888,2.061410499508193,17.558043447228812,-0.0321591199999987,-0.0759313599999994,0.0144361200000011,17.706958325770312,1.0,0.0,0.0,3447.21,0.0,0.0,0.0,8.90445656866156e-05,8.068543955107214e-05,15.662073392376257,2.2577638938033553e-07,7.662867898069619e-08,3.9893666214442404e-05
125.97106929996517,570468.3264862,1.1506235000001022,2.076690000000009,18.084146,1.0367948835187877,2.0650631744739254,17.683812062828785,-0.0257591199999987,-0.0735313599999994,0.0148361200000011,17.834142497426335,1.0,0.0,0.0,3455.03,0.0,0.0,0.0,8.90445656866156e-05,8.068543955107214e-05,15.78000678392346,2.2577638938033553e-07,7.662867898069619e-08,3.9893666214442404e-05
126.08106140000746,570468.4364783,1.0106235000001025,2.096690000000009,18.074145999999992,1.03053842523676,2.0726237955758107,17.777124210129962,-0.0253591199999987,-0.0755313599999994,0.0140361200000011,17.92718394021396,1.0,0.0,0.0,3459.43,0.0,0.0,0.0,8.90445656866156e-05,8.068543955107214e-05,15.847025987459311,2.2577638938033553e-07,7.662867898069619e-08,3.9893666214442404e-05
126.18430720001923,570468.5397241,0.6256235000001023,2.241690000000009,18.304145999999992,0.9337405874111552,2.1130402930118564,17.903112575998627,-0.0253591199999987,-0.0855313599999994,0.0096361200000011,18.05154427392157,1.0,0.0,0.0,3472.14,0.0,0.0,0.0,8.90445656866156e-05,8.068543955107214e-05,16.043360567756615,2.2577638938033553e-07,7.662867898069619e-08,3.9893666214442404e-05
126.29603019997012,570468.6514471,0.8306235000001022,2.341690000000009,18.494146,0.909089702787848,2.167700657143841,18.044403385401512,-0.0269591199999987,-0.0851313599999994,0.0172361200000011,18.196864118902088,1.0,0.0,0.0,3473.12,0.0,0.0,0.0,8.90445656866156e-05,8.068543955107214e-05,16.05867067627919,2.2577638938033553e-07,7.662867898069619e-08,3.9893666214442404e-05
126.406841399963,570468.7622583,0.9556235000001022,2.2666900000000094,18.564146,0.9202139431534724,2.191364774614083,18.168651611839586,-0.0241591199999987,-0.0819313599999994,0.0180361200000011,18.323448765693502,1.0,0.0,0.0,3476.54,0.0,0.0,0.0,8.90445656866156e-05,8.068543955107214e-05,16.112295484920196,2.2577638938033553e-07,7.662867898069619e-08,3.9893666214442404e-05
126.51929650001694,570468.8747134,0.7756235000001023,2.161690000000009,18.484145999999992,0.8856485532525886,2.1842708053835698,18.24407282433797,-0.0237591199999987,-0.0835313599999994,0.0152361200000011,18.3956952989246,1.0,0.0,0.0,3476.05,0.0,0.0,0.0,8.90445656866156e-05,8.068543955107214e-05,16.1045936658382,2.2577638938033553e-07,7.662867898069619e-08,3.9893666214442404e-05
126.63022749999072,570468.9856444,0.7006235000001022,2.1666900000000093,18.509146,0.8414169777236296,2.180067986859736,18.3074404817654,-0.0241591199999987,-0.0815313599999994,0.0136361200000011,18.455976158174742,1.0,0.0,0.0,3476.54,0.0,0.0,0.0,8.90445656866156e-05,8.068543955107214e-05,16.112295484920196,2.2577638938033553e-07,7.662867898069619e-08,3.9893666214442404e-05
126.74099349998868,570469.0964104,0.8256235000001022,2.3316900000000094,18.349146,0.8376414327878858,2.216314324359313,18.317410487163805,-0.0253591199999987,-0.0795313599999994,0.0100361200000011,18.4700086440029,1.0,0.0,0.0,3481.92,0.0,0.0,0.0,8.90445656866156e-05,8.068543955107214e-05,16.19727363647047,2.2577638938033553e-07,7.662867898069619e-08,3.9893666214442404e-05
126.85101330000909,570469.2064302,0.7256235000001022,2.466690000000009,18.354146,0.8108627367810295,2.276168438237628,18.32619237687034,-0.0349591199999987,-0.0795313599999994,0.0076361200000011,18.48479829944567,1.0,0.0,0.0,3471.65,0.0,0.0,0.0,8.90445656866156e-05,8.068543955107214e-05,16.03571483794124,2.2577638938033553e-07,7.662867898069619e-08,3.9893666214442404e-05
126.9618244000012,570469.3172413,0.7806235000001023,2.3316900000000094,18.34414599999999,0.8036338287920748,2.289441268643072,18.330484320169464,-0.0337591199999987,-0.0799313599999994,0.0120361200000011,18.490376525785614,1.0,0.0,0.0,3470.19,0.0,0.0,0.0,8.90445656866156e-05,8.068543955107214e-05,16.01297044253011,2.2577638938033553e-07,7.662867898069619e-08,3.9893666214442404e-05
127.06420479994269,570469.4196217,0.8456235000001022,2.591690000000009,18.714145999999992,0.8136717630113914,2.361696011201114,18.422201416155563,-0.0309591199999987,-0.0819313599999994,0.0152361200000011,18.59078198475388,1.0,0.0,0.0,3467.74,0.0,0.0,0.0,8.90445656866156e-05,8.068543955107214e-05,15.974926677971975,2.2577638938033553e-07,7.662867898069619e-08,3.9893666214442404e-05
127.17597510002088,570469.531392,0.7956235000001023,2.5416900000000093,18.584146,0.8093571953649172,2.4047248744299914,18.4609154387482,-0.0345591199999987,-0.0823313599999994,0.0164361200000011,18.63446161358044,1.0,0.0,0.0,3479.96,0.0,0.0,0.0,8.90445656866156e-05,8.068543955107214e-05,16.166226588160228,2.2577638938033553e-07,7.662867898069619e-08,3.9893666214442404e-05
127.28680240001997,570469.6422193,0.8556235000001022,2.571690000000009,18.314146,0.8204174896977309,2.44463909378857,18.425829144210155,-0.0361591199999987,-0.0803313599999994,0.0172361200000011,18.60538967095034,1.0,0.0,0.0,3482.4,0.0,0.0,0.0,8.90445656866156e-05,8.068543955107214e-05,16.20489253384788,2.2577638938033553e-07,7.662867898069619e-08,3.9893666214442404e-05
127.39867639995646,570469.7540933,0.7206235000001022,2.6416900000000094,18.529146,0.7965610155875821,2.4917455363374463,18.450527784907457,-0.0361591199999987,-0.0863313599999994,0.0152361200000011,18.635055159860773,1.0,0.0,0.0,3471.16,0.0,0.0,0.0,8.90445656866156e-05,8.068543955107214e-05,16.028075313545283,2.2577638938033553e-07,7.662867898069619e-08,3.9893666214442404e-05
127.50946560001466,570469.8648825,0.8506235000001022,2.576690000000009,18.949145999999992,0.8094850430127353,2.512052123981717,18.5697260710492,-0.0297591199999987,-0.0843313599999994,0.0164361200000011,18.75634288080346,1.0,0.0,0.0,3476.54,0.0,0.0,0.0,8.90445656866156e-05,8.068543955107214e-05,16.112295484920196,2.2577638938033553e-07,7.662867898069619e-08,3.9893666214442404e-05
127.62032829993404,570469.9757452,0.7206235000001022,2.6016900000000094,18.829145999999994,0.7882420492543734,2.5334807057530093,18.63174227901345,-0.0321591199999987,-0.0867313599999994,0.0196361200000011,18.81971493849503,1.0,0.0,0.0,3483.87,0.0,0.0,0.0,8.90445656866156e-05,8.068543955107214e-05,16.228263572041733,2.2577638938033553e-07,7.662867898069619e-08,3.9893666214442404e-05
127.7310647999402,570470.0864817,0.4256235000001023,2.5016900000000093,18.609145999999992,0.7015554656399117,2.5258809078990727,18.626340475288565,-0.0365591199999987,-0.0907313599999994,0.0180361200000011,18.80991265087724,1.0,0.0,0.0,3485.83,0.0,0.0,0.0,8.90445656866156e-05,8.068543955107214e-05,16.259514781489074,2.2577638938033553e-07,7.662867898069619e-08,3.9893666214442404e-05
127.84099860000424,570470.1964155,0.5206235000001023,2.4816900000000093,18.554145999999992,0.6583023722716344,2.515316752147887,18.60908186446605,-0.0333591199999987,-0.0847313599999994,0.0148361200000011,18.789840558540497,1.0,0.0,0.0,3479.47,0.0,0.0,0.0,8.90445656866156e-05,8.068543955107214e-05,16.158480711414434,2.2577638938033553e-07,7.662867898069619e-08,3.9893666214442404e-05
127.95095109997784,570470.306368,0.5056235000001021,2.471690000000009,18.394145999999992,0.621803384962391,2.504887461904264,18.55769989345243,-0.0341591199999987,-0.0835313599999994,0.0140361200000011,18.73631036201632,1.0,0.0,0.0,3477.52,0.0,0.0,0.0,8.90445656866156e-05,8.068543955107214e-05,16.12771799376431,2.2577638938033553e-07,7.662867898069619e-08,3.9893666214442404e-05
128.0618144000182,570470.4172313,0.7306235000001022,2.406690000000009,18.209146,0.6478176195363019,2.4814126492958164,18.474375567404994,-0.0329591199999987,-0.0795313599999994,0.0184361200000011,18.65153154595616,1.0,0.0,0.0,3469.21,0.0,0.0,0.0,8.90445656866156e-05,8.068543955107214e-05,15.997734449674688,2.2577638938033553e-07,7.662867898069619e-08,3.9893666214442404e-05
128.1642267999705,570470.5196437,0.7956235000001023,2.3216900000000096,18.209146,0.6831516829533113,2.443229796207417,18.41097052340169,-0.0289591199999987,-0.0799313599999994,0.0200361200000011,18.58493754825568,1.0,0.0,0.0,3456.5,0.0,0.0,0.0,8.90445656866156e-05,8.068543955107214e-05,15.802343761131834,2.2577638938033553e-07,7.662867898069619e-08,3.9893666214442404e-05
128.27515280002262,570470.6305697,0.8256235000001022,2.236690000000009,17.659145999999993,0.717210599979287,2.3938549659609567,18.23124144019485,-0.0357591199999987,-0.0799313599999994,0.0248361200000011,18.401714515051488,1.0,0.0,0.0,3462.37,0.0,0.0,0.0,8.90445656866156e-05,8.068543955107214e-05,15.892076589035074,2.2577638938033553e-07,7.662867898069619e-08,3.9893666214442404e-05
128.3859819000354,570470.7413988,0.8006235000001023,2.046690000000009,16.87914599999999,0.7371510562715791,2.3108626730634336,17.908013258205195,-0.0365591199999987,-0.0791313599999994,0.0264361200000011,18.071536094908293,1.0,0.0,0.0,3416.42,0.0,0.0,0.0,8.90445656866156e-05,8.068543955107214e-05,15.211848947929841,2.2577638938033553e-07,7.662867898069619e-08,3.9893666214442404e-05
128.49684579996392,570470.8522627,0.8056235000001023,1.9216900000000088,16.18414599999999,0.7535198885631589,2.2178281343357416,17.49591033758529,-0.0373591199999987,-0.0727313599999994,0.0244361200000011,17.652009301967162,1.0,0.0,0.0,3392.47,0.0,0.0,0.0,8.90445656866156e-05,8.068543955107214e-05,14.876402981372813,2.2577638938033553e-07,7.662867898069619e-08,3.9893666214442404e-05
128.60685780004133,570470.9622747,0.7106235000001022,1.9866900000000087,15.844145999999991,0.7432651970103493,2.162572893670887,17.101044140983,-0.0389591199999987,-0.0719313599999994,0.0212361200000011,17.25325695007687,1.0,0.0,0.0,3361.68,0.0,0.0,0.0,8.90445656866156e-05,8.068543955107214e-05,14.462818438179562,2.2577638938033553e-07,7.662867898069619e-08,3.9893666214442404e-05
128.7177925000433,570471.0732094,0.7656235000001023,1.5716900000000091,14.694145999999993,0.7486101108477261,2.021318069630877,16.525657753885874,-0.0309591199999987,-0.0715313599999994,0.0244361200000011,16.665638542679606,1.0,0.0,0.0,3326.0,0.0,0.0,0.0,8.90445656866156e-05,8.068543955107214e-05,14.00663953463314,2.2577638938033553e-07,7.662867898069619e-08,3.9893666214442404e-05
128.829401499941,570471.1848184,0.6906235000001022,1.5516900000000096,14.084145999999992,0.7347479926518997,1.9090500871752751,15.941996732589054,-0.0265591199999987,-0.0679313599999994,0.0232361200000011,16.07269693206246,1.0,0.0,0.0,3317.2,0.0,0.0,0.0,8.90445656866156e-05,8.068543955107214e-05,13.897716672659302,2.2577638938033553e-07,7.662867898069619e-08,3.9893666214442404e-05
128.94020479999017,570471.2956217,0.9106235000001024,1.4716900000000095,13.139145999999991,0.7767923031396822,1.8044959990170275,15.27195501826113,-0.0273591199999987,-0.0655313599999994,0.0228361200000011,15.397799263936284,1.0,0.0,0.0,3272.73,0.0,0.0,0.0,8.90445656866156e-05,8.068543955107214e-05,13.367547384973273,2.2577638938033553e-07,7.662867898069619e-08,3.9893666214442404e-05
129.05025740002748,570471.4056743,0.8206235000001022,1.2416900000000095,12.159145999999993,0.7872704673686677,1.6699531594605794,14.52781553672531,-0.0253591199999987,-0.0619313599999994,0.0216361200000011,14.644656452532455,1.0,0.0,0.0,3189.64,0.0,0.0,0.0,8.90445656866156e-05,8.068543955107214e-05,12.458896049972763,2.2577638938033553e-07,7.662867898069619e-08,3.9893666214442404e-05
129.16103339998517,570471.5164503,0.9806235000001022,1.2116900000000093,11.619145999999992,0.8334929065262452,1.5604020408768733,13.832477072874768,-0.0209591199999987,-0.0635313599999994,0.0256361200000011,13.945142054708814,1.0,0.0,0.0,3129.52,0.0,0.0,0.0,8.90445656866156e-05,8.068543955107214e-05,11.859578207851081,2.2577638938033553e-07,7.662867898069619e-08,3.9893666214442404e-05
129.265195999993,570471.6206129,1.0506235000001023,1.0766900000000097,11.389145999999991,0.8853995433630465,1.4447671833577904,13.2483811302316,-0.0061591199999987,-0.0579313599999994,0.0240361200000011,13.356305145412476,1.0,0.0,0.0,3114.37,0.0,0.0,0.0,8.90445656866156e-05,8.068543955107214e-05,11.715441083032745,2.2577638938033553e-07,7.662867898069619e-08,3.9893666214442404e-05
129.3752294000005,570471.7306463,1.1506235000001022,1.3316900000000094,11.209145999999992,0.9488032460717426,1.4177352658505626,12.760887241709051,-0.0133591199999987,-0.0539313599999994,0.0292361200000011,12.874410436187183,1.0,0.0,0.0,3140.27,0.0,0.0,0.0,8.90445656866156e-05,8.068543955107214e-05,11.96347949534033,2.2577638938033553e-07,7.662867898069619e-08,3.9893666214442404e-05
129.4859746999573,570471.8413916,0.9656235000001022,1.4366900000000091,11.079145999999993,0.9528242492762832,1.422266531970608,12.358854849634492,-0.0045591199999987,-0.0479313599999994,0.0180361200000011,12.47685895296996,1.0,0.0,0.0,3148.09,0.0,0.0,0.0,8.90445656866156e-05,8.068543955107214e-05,12.03992901351105,2.2577638938033553e-07,7.662867898069619e-08,3.9893666214442404e-05
129.59773989999667,570471.9531568,1.0806235000001023,1.4516900000000097,10.834145999999992,0.9833755833338456,1.429300424546715,11.994362185226224,0.0062408800000012,-0.0427313599999994,0.0156361200000011,12.119185264360445,1.0,0.0,0.0,3174.0,0.0,0.0,0.0,8.90445656866156e-05,8.068543955107214e-05,12.298609830928278,2.2577638938033553e-07,7.662867898069619e-08,3.9893666214442404e-05
129.70875630003866,570472.0641732,0.9706235000001022,1.7566900000000092,10.724145999999992,0.9803271056968288,1.5075652674936613,11.69070783060068,0.0078408800000012,-0.0463313599999994,0.0148361200000011,11.828205436598791,1.0,0.0,0.0,3196.48,0.0,0.0,0.0,8.90445656866156e-05,8.068543955107214e-05,12.530008435620912,2.2577638938033553e-07,7.662867898069619e-08,3.9893666214442404e-05
129.81936680001672,570472.1747837,1.0456235000001022,1.8216900000000096,10.164145999999992,0.995936680430758,1.582659053914079,11.325772197707227,0.0034408800000012,-0.0427313599999994,0.0228361200000011,11.479103424341192,1.0,0.0,0.0,3200.39,0.0,0.0,0.0,8.90445656866156e-05,8.068543955107214e-05,12.57094095322211,2.2577638938033553e-07,7.662867898069619e-08,3.9893666214442404e-05
129.93025289999787,570472.2856698,0.9506235000001022,1.4566900000000094,8.869145999999992,0.9851042373240352,1.5525452416245165,10.738497959434056,0.0066408800000012,-0.0339313599999994,0.0116361200000011,10.894776983052662,1.0,0.0,0.0,3135.39,0.0,0.0,0.0,8.90445656866156e-05,8.068543955107214e-05,11.916143509389702,2.2577638938033553e-07,7.662867898069619e-08,3.9893666214442404e-05
130.0419006999582,570472.3973176,0.5456235000001023,1.1016900000000094,8.749145999999993,0.8800431924289976,1.4447650393114355,10.262929003227264,-0.0021591199999987,-0.0327313599999994,0.0056361200000011,10.401419795616397,1.0,0.0,0.0,3089.93,0.0,0.0,0.0,8.90445656866156e-05,8.068543955107214e-05,11.488383012087347,2.2577638938033553e-07,7.662867898069619e-08,3.9893666214442404e-05
130.14413269993383,570472.4995496,0.6656235000001023,1.0916900000000094,8.634145999999992,0.8287846160694882,1.3603599006874116,9.873556660611474,-0.0085591199999987,-0.0291313599999994,0.0012361200000011,10.001229130938702,1.0,0.0,0.0,3086.02,0.0,0.0,0.0,8.90445656866156e-05,8.068543955107214e-05,11.452665697387971,2.2577638938033553e-07,7.662867898069619e-08,3.9893666214442404e-05
130.25687649997417,570472.6122934,0.5706235000001022,1.0116900000000093,8.494145999999992,0.7670693364177041,1.2770078422724669,9.543798577866708,-0.0101591199999987,-0.0275313599999994,-0.0003638799999988,9.659360004212925,1.0,0.0,0.0,3077.22,0.0,0.0,0.0,8.90445656866156e-05,8.068543955107214e-05,11.372877899952236,2.2577638938033553e-07,7.662867898069619e-08,3.9893666214442404e-05
130.3685991000384,570472.724016,0.7256235000001022,1.0766900000000097,8.794145999999992,0.7571614098334893,1.2291204150591293,9.364588713929296,-0.0081591199999987,-0.0211313599999994,0.0048361200000011,9.475207236588975,1.0,0.0,0.0,3099.71,0.0,0.0,0.0,8.90445656866156e-05,8.068543955107214e-05,11.5784495886262,2.2577638938033553e-07,7.662867898069619e-08,3.9893666214442404e-05
130.4785489999922,570472.8339659,0.7006235000001022,1.1866900000000091,8.884145999999992,0.7436456140799683,1.218977117838447,9.249735412633372,-0.0117591199999987,-0.0211313599999994,0.0052361200000011,9.359301214133348,1.0,0.0,0.0,3132.94,0.0,0.0,0.0,8.90445656866156e-05,8.068543955107214e-05,11.892485107998432,2.2577638938033553e-07,7.662867898069619e-08,3.9893666214442404e-05
130.59101700002793,570472.9464339,0.8506235000001022,1.0566900000000097,9.114145999999993,0.7692194504757764,1.1801812100202094,9.217321784098232,-0.0061591199999987,-0.0187313599999994,0.0084361200000011,9.324352370169567,1.0,0.0,0.0,3138.81,0.0,0.0,0.0,8.90445656866156e-05,8.068543955107214e-05,11.949287745253772,2.2577638938033553e-07,7.662867898069619e-08,3.9893666214442404e-05
130.70199400000274,570473.0574109,0.6806235000001023,1.2766900000000092,9.314145999999992,0.7480399485319118,1.2032523334068073,9.240468312329988,-0.0005591199999987,-0.0219313599999994,0.0052361200000011,9.348456266872256,1.0,0.0,0.0,3152.98,0.0,0.0,0.0,8.90445656866156e-05,8.068543955107214e-05,12.088111570243937,2.2577638938033553e-07,7.662867898069619e-08,3.9893666214442404e-05
130.80441829992924,570473.1598352,0.5006235000001023,1.2316900000000093,9.449145999999992,0.6888932592702807,1.2100505630285443,9.290354220973878,0.0054408800000012,-0.0311313599999994,0.0048361200000011,9.39411932215686,1.0,0.0,0.0,3179.37,0.0,0.0,0.0,8.90445656866156e-05,8.068543955107214e-05,12.353285238277966,2.2577638938033553e-07,7.662867898069619e-08,3.9893666214442404e-05
130.91519119997974,570473.2706081,0.4556235000001023,1.0766900000000097,8.709145999999992,0.6331284382668183,1.1781697570917848,9.151412197328153,-0.0061591199999987,-0.0339313599999994,0.0080361200000011,9.24863669960467,1.0,0.0,0.0,3146.14,0.0,0.0,0.0,8.90445656866156e-05,8.068543955107214e-05,12.02079637446362,2.2577638938033553e-07,7.662867898069619e-08,3.9893666214442404e-05
131.02516850002576,570473.3805854,0.3756235000001022,1.0516900000000091,8.469145999999993,0.5715700226587355,1.1479338575184708,8.98831153443146,-0.0109591199999987,-0.0335313599999994,0.0084361200000011,9.079327545145237,1.0,0.0,0.0,3094.82,0.0,0.0,0.0,8.90445656866156e-05,8.068543955107214e-05,11.533285601853056,2.2577638938033553e-07,7.662867898069619e-08,3.9893666214442404e-05
131.13533620000817,570473.4907531,0.4656235000001023,1.2216900000000095,8.044145999999992,0.5462427411007558,1.1655657961643415,8.762601943141371,-0.0141591199999987,-0.0307313599999994,0.0116361200000011,8.856642567662897,1.0,0.0,0.0,3002.44,0.0,0.0,0.0,8.90445656866156e-05,8.068543955107214e-05,10.726530739490263,2.2577638938033553e-07,7.662867898069619e-08,3.9893666214442404e-05
131.24937370000407,570473.6047906,0.8356235000001022,0.8116900000000093,8.004145999999993,0.6154213018895875,1.0809692308302743,8.581287571142967,-0.0089591199999987,-0.0223313599999994,0.0288361200000011,8.670970778146703,1.0,0.0,0.0,3040.08,0.0,0.0,0.0,8.90445656866156e-05,8.068543955107214e-05,11.04498722465566,2.2577638938033553e-07,7.662867898069619e-08,3.9893666214442404e-05
131.36116500000935,570473.7165819,0.9456235000001022,1.0466900000000092,8.779145999999992,0.6943585226000336,1.0727745330804814,8.6285870578135,0.0050408800000012,-0.0227313599999994,0.0240361200000011,8.722699901463994,1.0,0.0,0.0,3023.46,0.0,0.0,0.0,8.90445656866156e-05,8.068543955107214e-05,10.902711065847592,2.2577638938033553e-07,7.662867898069619e-08,3.9893666214442404e-05
131.47183019993827,570473.8272471,0.8906235000001023,1.2316900000000093,8.914145999999992,0.7412770831893085,1.11076442339106,8.696851985709806,0.0074408800000012,-0.0279313599999994,0.0148361200000011,8.798779675595787,1.0,0.0,0.0,3121.21,0.0,0.0,0.0,8.90445656866156e-05,8.068543955107214e-05,11.780189172549802,2.2577638938033553e-07,7.662867898069619e-08,3.9893666214442404e-05
131.57481789996382,570473.9302348,1.2456235000001024,1.3916900000000094,9.414145999999992,0.8618447373300957,1.1779217117764271,8.868326301278582,0.0214408800000012,-0.0287313599999994,0.0228361200000011,8.987629681750764,1.0,0.0,0.0,3110.95,0.0,0.0,0.0,8.90445656866156e-05,8.068543955107214e-05,11.683266838278373,2.2577638938033553e-07,7.662867898069619e-08,3.9893666214442404e-05
131.68517339997925,570474.0405903,1.380623500000102,1.4766900000000094,9.474145999999992,0.9858625480021757,1.2493444292620746,9.013151876463583,0.0314408800000012,-0.0307313599999994,0.0268361200000011,9.152578500875071,1.0,0.0,0.0,3093.84,0.0,0.0,0.0,8.90445656866156e-05,8.068543955107214e-05,11.524265855411546,2.2577638938033553e-07,7.662867898069619e-08,3.9893666214442404e-05
131.7961957999505,570474.1516127,1.4106235000001022,1.5116900000000093,9.204145999999993,1.087404721885033,1.312060033029247,9.058810401362155,0.0242408800000012,-0.0271313599999994,0.0260361200000011,9.217700171261688,1.0,0.0,0.0,3060.12,0.0,0.0,0.0,8.90445656866156e-05,8.068543955107214e-05,11.220162381484707,2.2577638938033553e-07,7.662867898069619e-08,3.9893666214442404e-05
131.90765219996683,570474.2630691,1.2256235000001023,1.396690000000009,8.619145999999992,1.1204469192320832,1.3322914379675417,8.95370545025206,0.0142408800000012,-0.0263313599999994,0.0232361200000011,9.121361908419802,1.0,0.0,0.0,3033.24,0.0,0.0,0.0,8.90445656866156e-05,8.068543955107214e-05,10.98610890143026,2.2577638938033553e-07,7.662867898069619e-08,3.9893666214442404e-05
132.017667899956,570474.3730848,1.1856235000001023,1.3516900000000094,8.409145999999993,1.1360278516749236,1.3369288043490628,8.823524579983838,0.0150408800000012,-0.0291313599999994,0.0228361200000011,8.996250547937086,1.0,0.0,0.0,2992.67,0.0,0.0,0.0,8.90445656866156e-05,8.068543955107214e-05,10.646031904861857,2.2577638938033553e-07,7.662867898069619e-08,3.9893666214442404e-05
132.12767089996487,570474.4830878,1.2856235000001022,1.4516900000000097,8.309145999999993,1.1717897720277817,1.364363297159621,8.70055866476809,0.0050408800000012,-0.0227313599999994,0.0220361200000011,8.884497709805338,1.0,0.0,0.0,3005.38,0.0,0.0,0.0,8.90445656866156e-05,8.068543955107214e-05,10.750925161215575,2.2577638938033553e-07,7.662867898069619e-08,3.9893666214442404e-05
132.2385637999978,570474.5939807,1.2906235000001025,1.1616900000000094,7.664145999999992,1.2001978331081524,1.3159127814406202,8.452796730613674,0.0022408800000012,-0.0231313599999994,0.0300361200000011,8.63839532876503,1.0,0.0,0.0,2940.37,0.0,0.0,0.0,8.90445656866156e-05,8.068543955107214e-05,10.2293640478015,2.2577638938033553e-07,7.662867898069619e-08,3.9893666214442404e-05
132.34935160004534,570474.7047685,1.130623500000102,1.2466900000000094,7.889145999999993,1.1835655862007766,1.299364575498818,8.31805195186703,0.0074408800000012,-0.0291313599999994,0.0276361200000011,8.501715360493959,1.0,0.0,0.0,2902.25,0.0,0.0,0.0,8.90445656866156e-05,8.068543955107214e-05,9.939923039561522,2.2577638938033553e-07,7.662867898069619e-08,3.9893666214442404e-05
132.45602679997685,570474.8114437,1.2856235000001022,1.3416900000000094,8.429145999999992,1.2079632677211425,1.3094827739682169,8.344609786573368,0.0178408800000012,-0.0315313599999994,0.0308361200000011,8.532668567432998,1.0,0.0,0.0,2927.18,0.0,0.0,0.0,8.90445656866156e-05,8.068543955107214e-05,10.127905932963522,2.2577638938033553e-07,7.662867898069619e-08,3.9893666214442404e-05
132.5677162000211,570474.9231331,1.3906235000001024,1.3266900000000097,8.774145999999993,1.2516295157138335,1.3135962856494183,8.447293521195386,0.0198408800000012,-0.0307313599999994,0.0304361200000011,8.639958303111626,1.0,0.0,0.0,2990.71,0.0,0.0,0.0,8.90445656866156e-05,8.068543955107214e-05,10.629986736568002,2.2577638938033553e-07,7.662867898069619e-08,3.9893666214442404e-05
132.67768840002827,570475.0331053,1.3106235000001023,1.3316900000000094,8.754145999999993,1.2657324538070416,1.3179217187668757,8.520648822836472,0.0182408800000012,-0.0315313599999994,0.0272361200000011,8.714381943862824,1.0,0.0,0.0,3020.04,0.0,0.0,0.0,8.90445656866156e-05,8.068543955107214e-05,10.873763488099202,2.2577638938033553e-07,7.662867898069619e-08,3.9893666214442404e-05
132.78854099998716,570475.1439579,1.3006235000001023,1.3516900000000094,8.754145999999993,1.274073410438827,1.3259942703245735,8.576468009730117,0.0198408800000012,-0.0319313599999994,0.0300361200000011,8.77139255660382,1.0,0.0,0.0,3030.79,0.0,0.0,0.0,8.90445656866156e-05,8.068543955107214e-05,10.96513026841627,2.2577638938033553e-07,7.662867898069619e-08,3.9893666214442404e-05
132.8993463999359,570475.2547633,1.4156235000001025,1.3716900000000094,9.049145999999991,1.3079119818511895,1.3369181645916477,8.689465097745913,0.0294408800000012,-0.0387313599999994,0.0288361200000011,8.88846373767871,1.0,0.0,0.0,3036.17,0.0,0.0,0.0,8.90445656866156e-05,8.068543955107214e-05,11.011274200141854,2.2577638938033553e-07,7.662867898069619e-08,3.9893666214442404e-05
133.0102101999801,570475.3656271,1.4006235000001022,1.5816900000000094,9.419145999999992,1.3300753399766003,1.395432639982463,8.863900588360515,0.0330408800000012,-0.0387313599999994,0.0256361200000011,9.071111635465645,1.0,0.0,0.0,3043.99,0.0,0.0,0.0,8.90445656866156e-05,8.068543955107214e-05,11.078850647664963,2.2577638938033553e-07,7.662867898069619e-08,3.9893666214442404e-05
133.12102419999428,570475.4764411,1.3856235000001025,1.6266900000000093,9.824145999999992,1.343354528888501,1.4507163824077949,9.09345419045195,0.0398408800000012,-0.0403313599999994,0.0248361200000011,9.305916855760088,1.0,0.0,0.0,3053.76,0.0,0.0,0.0,8.90445656866156e-05,8.068543955107214e-05,11.164130669034968,2.2577638938033553e-07,7.662867898069619e-08,3.9893666214442404e-05
133.23106409993488,570475.586481,1.2856235000001022,1.5966900000000095,9.684145999999991,1.3295535094062518,1.485612430149798,9.23466333445208,0.0370408800000012,-0.0455313599999994,0.0256361200000011,9.44742100933708,1.0,0.0,0.0,3058.65,0.0,0.0,0.0,8.90445656866156e-05,8.068543955107214e-05,11.207175106167728,2.2577638938033553e-07,7.662867898069619e-08,3.9893666214442404e-05
133.3411647999892,570475.6965817,1.3756235000001025,1.4766900000000094,9.654145999999992,1.3405668734493883,1.483479458770329,9.334943695830772,0.0370408800000012,-0.0447313599999994,0.0276361200000011,9.546675057375426,1.0,0.0,0.0,3066.96,0.0,0.0,0.0,8.90445656866156e-05,8.068543955107214e-05,11.280884424389827,2.2577638938033553e-07,7.662867898069619e-08,3.9893666214442404e-05
133.4518901000265,570475.807307,1.4206235000001022,1.5516900000000096,9.904145999999992,1.3597049883242396,1.4997856813776789,9.471015618338273,0.0374408800000012,-0.0447313599999994,0.0252361200000011,9.684951811348718,1.0,0.0,0.0,3074.78,0.0,0.0,0.0,8.90445656866156e-05,8.068543955107214e-05,11.350900360268673,2.2577638938033553e-07,7.662867898069619e-08,3.9893666214442404e-05
133.55528999993112,570475.9107069,1.5056235000001024,1.6716900000000092,10.144145999999992,1.3945878625988752,1.5408806505142203,9.631932298506326,0.0406408800000012,-0.0419313599999994,0.0232361200000011,9.85359367381498,1.0,0.0,0.0,3090.91,0.0,0.0,0.0,8.90445656866156e-05,8.068543955107214e-05,11.497361071579109,2.2577638938033553e-07,7.662867898069619e-08,3.9893666214442404e-05
133.66528229997493,570476.0206992,1.5406235000001025,1.7466900000000094,10.369145999999992,1.4294987366242298,1.5900808621954148,9.80816855919316,0.0450408800000012,-0.0431313599999994,0.0240361200000011,10.03852550287519,1.0,0.0,0.0,3100.2,0.0,0.0,0.0,8.90445656866156e-05,8.068543955107214e-05,11.582989729382899,2.2577638938033553e-07,7.662867898069619e-08,3.9893666214442404e-05
133.77687399997376,570476.1322909,1.6756235000001023,1.6966900000000096,10.329145999999993,1.4883366392187034,1.6155665466905105,9.932711979756242,0.0386408800000012,-0.0435313599999994,0.0172361200000011,10.17270703850354,1.0,0.0,0.0,3103.13,0.0,0.0,0.0,8.90445656866156e-05,8.068543955107214e-05,11.610193359392056,2.2577638938033553e-07,7.662867898069619e-08,3.9893666214442404e-05
133.8868194000097,570476.2422363,1.6956235000001023,1.531690000000009,10.419145999999992,1.53789006064808,1.595515252312627,10.0489975461055,0.0366408800000012,-0.0423313599999994,0.0168361200000011,10.29043859321053,1.0,0.0,0.0,3103.62,0.0,0.0,0.0,8.90445656866156e-05,8.068543955107214e-05,11.614752067556354,2.2577638938033553e-07,7.662867898069619e-08,3.9893666214442404e-05
133.99769470002502,570476.3531116,1.4806235000001022,1.5516900000000096,10.329145999999993,1.5242000756538414,1.5850385091707349,10.115969057692343,0.0302408800000012,-0.0411313599999994,0.0160361200000011,10.352215363020916,1.0,0.0,0.0,3113.39,0.0,0.0,0.0,8.90445656866156e-05,8.068543955107214e-05,11.70620801756865,2.2577638938033553e-07,7.662867898069619e-08,3.9893666214442404e-05
134.10851509997156,570476.463932,1.6056235000001022,1.6816900000000097,10.499145999999993,1.5436649334149335,1.6081437462262151,10.207570273672044,0.0354408800000012,-0.0399313599999994,0.0168361200000011,10.448134696065829,1.0,0.0,0.0,3120.72,0.0,0.0,0.0,8.90445656866156e-05,8.068543955107214e-05,11.775532953609222,2.2577638938033553e-07,7.662867898069619e-08,3.9893666214442404e-05
134.21938919997774,570476.5748061,1.6006235000001023,1.5516900000000096,10.284145999999993,1.5572812902036284,1.594648070390956,10.225876254203977,0.0322408800000012,-0.0387313599999994,0.0172361200000011,10.465972131221855,1.0,0.0,0.0,3128.54,0.0,0.0,0.0,8.90445656866156e-05,8.068543955107214e-05,11.85017403757668,2.2577638938033553e-07,7.662867898069619e-08,3.9893666214442404e-05
134.3293656000169,570476.6847825,1.5956235000001022,1.4266900000000091,9.939145999999992,1.566447272424672,1.5544964804002877,10.157331315708785,0.0314408800000012,-0.0359313599999994,0.0196361200000011,10.39430593267015,1.0,0.0,0.0,3123.66,0.0,0.0,0.0,8.90445656866156e-05,8.068543955107214e-05,11.803511804675859,2.2577638938033553e-07,7.662867898069619e-08,3.9893666214442404e-05
134.43936790002044,570476.7947848,1.4356235000001023,1.2566900000000092,9.819145999999993,1.5351729046065776,1.483303690022526,10.076485673069536,0.0314408800000012,-0.0387313599999994,0.0148361200000011,10.300121805272417,1.0,0.0,0.0,3098.73,0.0,0.0,0.0,8.90445656866156e-05,8.068543955107214e-05,11.569377254569353,2.2577638938033553e-07,7.662867898069619e-08,3.9893666214442404e-05
134.549390799948,570476.9048077,1.5156235000001024,1.4266900000000091,10.144145999999992,1.5304994782181116,1.469769778467387,10.092660362974122,0.0386408800000012,-0.0415313599999994,0.0156361200000011,10.31331397063383,1.0,0.0,0.0,3101.17,0.0,0.0,0.0,8.90445656866156e-05,8.068543955107214e-05,11.591985180338927,2.2577638938033553e-07,7.662867898069619e-08,3.9893666214442404e-05
134.66042620001826,570477.0158431,1.4656235000001023,1.521690000000009,9.984145999999992,1.5149904069862867,1.4821816824762275,10.066719220639644,0.0390408800000012,-0.0423313599999994,0.0168361200000011,10.2874143661235,1.0,0.0,0.0,3093.84,0.0,0.0,0.0,8.90445656866156e-05,8.068543955107214e-05,11.524265855411546,2.2577638938033553e-07,7.662867898069619e-08,3.9893666214442404e-05
134.77174320002086,570477.1271601,1.5106235000001025,1.4716900000000095,9.574145999999992,1.5139464663264033,1.479673569992458,9.948966034088553,0.0346408800000012,-0.0415313599999994,0.0156361200000011,10.17169567594726,1.0,0.0,0.0,3094.82,0.0,0.0,0.0,8.90445656866156e-05,8.068543955107214e-05,11.533285601853056,2.2577638938033553e-07,7.662867898069619e-08,3.9893666214442404e-05
134.8818864999339,570477.2373034,1.3906235000001024,1.4266900000000091,9.399145999999991,1.4844652203890034,1.4670074648530806,9.817527583253808,0.0366408800000012,-0.0415313599999994,0.0148361200000011,10.0369116634764,1.0,0.0,0.0,3065.98,0.0,0.0,0.0,8.90445656866156e-05,8.068543955107214e-05,11.272154897293124,2.2577638938033553e-07,7.662867898069619e-08,3.9893666214442404e-05
134.99196849996224,570477.3473854,1.4356235000001023,1.6016900000000094,9.584145999999992,1.4727892543164631,1.4992042977741544,9.761736029919284,0.0402408800000012,-0.0423313599999994,0.0164361200000011,9.985399943513473,1.0,0.0,0.0,3050.34,0.0,0.0,0.0,8.90445656866156e-05,8.068543955107214e-05,11.134169577899542,2.2577638938033553e-07,7.662867898069619e-08,3.9893666214442404e-05
135.0941073000431,570477.4495242,1.4256235000001023,1.5666900000000092,9.544145999999992,1.46151394004009,1.5153372423816849,9.70971956148141,0.0426408800000012,-0.0419313599999994,0.0140361200000011,9.935337131556995,1.0,0.0,0.0,3057.18,0.0,0.0,0.0,8.90445656866156e-05,8.068543955107214e-05,11.194209853199656,2.2577638938033553e-07,7.662867898069619e-08,3.9893666214442404e-05
135.20523399999365,570477.5606509,1.4256235000001023,1.6366900000000095,9.444145999999993,1.4529340710899648,1.5443474956954224,9.64623228320926,0.0422408800000012,-0.0427313599999994,0.0124361200000011,9.87652893804414,1.0,0.0,0.0,3056.7,0.0,0.0,0.0,8.90445656866156e-05,8.068543955107214e-05,11.18998106033631,2.2577638938033553e-07,7.662867898069619e-08,3.9893666214442404e-05
135.3151773000136,570477.6705942,1.5606235000001023,1.4766900000000094,9.479145999999991,1.4786780069774428,1.5281734826180249,9.606289100241824,0.0454408800000012,-0.0407313599999994,0.0172361200000011,9.83883088170137,1.0,0.0,0.0,3059.63,0.0,0.0,0.0,8.90445656866156e-05,8.068543955107214e-05,11.215830838956881,2.2577638938033553e-07,7.662867898069619e-08,3.9893666214442404e-05
135.42521569994278,570477.7806326,1.4306235000001022,1.5016900000000093,9.339145999999992,1.4671902299574593,1.52184241479182,9.54242661239126,0.0482408800000012,-0.0427313599999994,0.0196361200000011,9.77376883086637,1.0,0.0,0.0,3045.94,0.0,0.0,0.0,8.90445656866156e-05,8.068543955107214e-05,11.09579561011137,2.2577638938033553e-07,7.662867898069619e-08,3.9893666214442404e-05
135.536942500039,570477.8923594,1.4906235000001022,1.5116900000000093,9.519145999999992,1.472792122433973,1.5194154066987458,9.536861213829049,0.0498408800000012,-0.0423313599999994,0.0204361200000011,9.768800418979492,1.0,0.0,0.0,3011.73,0.0,0.0,0.0,8.90445656866156e-05,8.068543955107214e-05,10.803886316987573,2.2577638938033553e-07,7.662867898069619e-08,3.9893666214442404e-05
135.64701559999958,570478.0024325,1.4956235000001024,1.4216900000000092,9.519145999999992,1.478250128166139,1.4960534422971206,9.532626263995404,0.0538408800000012,-0.0423313599999994,0.0228361200000011,9.76188316016163,1.0,0.0,0.0,3016.62,0.0,0.0,0.0,8.90445656866156e-05,8.068543955107214e-05,10.844926725762996,2.2577638938033553e-07,7.662867898069619e-08,3.9893666214442404e-05
135.756898200023,570478.1123151,1.4656235000001023,1.3516900000000094,9.539145999999992,1.475231641493202,1.4615423185906913,9.534184853983335,0.0506408800000012,-0.0427313599999994,0.0204361200000011,9.757719773339437,1.0,0.0,0.0,3029.81,0.0,0.0,0.0,8.90445656866156e-05,8.068543955107214e-05,10.956755077255334,2.2577638938033553e-07,7.662867898069619e-08,3.9893666214442404e-05
135.8694629999809,570478.2248799,1.4506235000001022,1.3166900000000092,9.439145999999992,1.4693488875096423,1.426914325474832,9.511465129414937,0.0530408800000012,-0.0435313599999994,0.0188361200000011,9.729493283493616,1.0,0.0,0.0,3032.26,0.0,0.0,0.0,8.90445656866156e-05,8.068543955107214e-05,10.977710468074866,2.2577638938033553e-07,7.662867898069619e-08,3.9893666214442404e-05
135.97939979995135,570478.3348167,1.5506235000001023,1.1816900000000097,9.224145999999992,1.4887781707216463,1.3682916790650173,9.442779416046758,0.0522408800000012,-0.0391313599999994,0.0216361200000011,9.65685071132055,1.0,0.0,0.0,3028.35,0.0,0.0,0.0,8.90445656866156e-05,8.068543955107214e-05,10.9442949334164,2.2577638938033553e-07,7.662867898069619e-08,3.9893666214442404e-05
136.09111339994706,570478.4465303,1.5206235000001025,1.2116900000000093,9.679145999999992,1.4963910267239222,1.3308549164549643,9.49928455536096,0.0570408800000012,-0.0423313599999994,0.0176361200000011,9.708077460405407,1.0,0.0,0.0,3017.11,0.0,0.0,0.0,8.90445656866156e-05,8.068543955107214e-05,10.849051534330929,2.2577638938033553e-07,7.662867898069619e-08,3.9893666214442404e-05
136.194129099953,570478.549546,1.4256235000001023,1.2366900000000094,9.769145999999992,1.479473538263531,1.3083441129657103,9.563796883075936,0.0554408800000012,-0.0411313599999994,0.0204361200000011,9.765593534910565,1.0,0.0,0.0,3035.68,0.0,0.0,0.0,8.90445656866156e-05,8.068543955107214e-05,11.007059843837096,2.2577638938033553e-07,7.662867898069619e-08,3.9893666214442404e-05
136.3052812999813,570478.6606982,1.4906235000001022,1.1916900000000092,9.534145999999993,1.482139017159641,1.2804571045973625,9.556708625290195,0.0502408800000012,-0.0375313599999994,0.0180361200000011,9.755356795709568,1.0,0.0,0.0,3050.83,0.0,0.0,0.0,8.90445656866156e-05,8.068543955107214e-05,11.138455030273372,2.2577638938033553e-07,7.662867898069619e-08,3.9893666214442404e-05
136.41517029993702,570478.7705872,1.4956235000001024,1.3166900000000092,9.594145999999991,1.4853625801893076,1.2891188399756954,9.565658300147591,0.0510408800000012,-0.0363313599999994,0.0184361200000011,9.765753841531613,1.0,0.0,0.0,3047.41,0.0,0.0,0.0,8.90445656866156e-05,8.068543955107214e-05,11.108594501979583,2.2577638938033553e-07,7.662867898069619e-08,3.9893666214442404e-05
136.52524480002467,570478.8806617,1.6106235000001023,1.3616900000000094,9.714145999999992,1.515307107906197,1.306467500005315,9.601155357414644,0.0530408800000012,-0.0315313599999994,0.0212361200000011,9.807405220396122,1.0,0.0,0.0,3056.21,0.0,0.0,0.0,8.90445656866156e-05,8.068543955107214e-05,11.185666580545284,2.2577638938033553e-07,7.662867898069619e-08,3.9893666214442404e-05
136.6360440000426,570478.9914609,1.6256235000001025,1.3216900000000094,9.604145999999991,1.541679038318914,1.3101065485904604,9.60187029212791,0.0534408800000012,-0.0315313599999994,0.0204361200000011,9.812699248050968,1.0,0.0,0.0,3055.23,0.0,0.0,0.0,8.90445656866156e-05,8.068543955107214e-05,11.177044925281397,2.2577638938033553e-07,7.662867898069619e-08,3.9893666214442404e-05
136.74685270001646,570479.1022696,1.5256235000001022,1.1166900000000095,8.979145999999993,1.5378408459048438,1.2638689254840654,9.453003551776876,0.0478408800000012,-0.0303313599999994,0.0200361200000011,9.66031030961448,1.0,0.0,0.0,3031.28,0.0,0.0,0.0,8.90445656866156e-05,8.068543955107214e-05,10.969321344442433,2.2577638938033553e-07,7.662867898069619e-08,3.9893666214442404e-05
136.8576714999508,570479.2130884,1.4206235000001022,0.9966900000000094,8.224145999999992,1.5098191926338425,1.19999787335056,9.159236277236069,0.0442408800000012,-0.0291313599999994,0.0200361200000011,9.360083230010757,1.0,0.0,0.0,2967.74,0.0,0.0,0.0,8.90445656866156e-05,8.068543955107214e-05,10.444484364411258,2.2577638938033553e-07,7.662867898069619e-08,3.9893666214442404e-05
136.9677156000398,570479.3231325,1.3506235000001023,0.7066900000000094,7.589145999999992,1.47176231234204,1.082069062762084,8.783894854741874,0.0406408800000012,-0.0271313599999994,0.0204361200000011,8.971831840810324,1.0,0.0,0.0,2870.97,0.0,0.0,0.0,8.90445656866156e-05,8.068543955107214e-05,9.710776693954854,2.2577638938033553e-07,7.662867898069619e-08,3.9893666214442404e-05
137.0785726000322,570479.4339895,1.3056235000001022,0.5566900000000093,7.024145999999992,1.432045629129599,0.956473402674997,8.363214179275191,0.0382408800000012,-0.0299313599999994,0.0180361200000011,8.538673636014172,1.0,0.0,0.0,2762.46,0.0,0.0,0.0,8.90445656866156e-05,8.068543955107214e-05,8.96873965429424,2.2577638938033553e-07,7.662867898069619e-08,3.9893666214442404e-05
137.19028610002715,570479.545703,1.1956235000001023,0.4416900000000093,6.414145999999993,1.3755272113397738,0.8334107116706515,7.897275351709723,0.0290408800000012,-0.0295313599999994,0.0160361200000011,8.059380032247237,1.0,0.0,0.0,2661.78,0.0,0.0,0.0,8.90445656866156e-05,8.068543955107214e-05,8.344737379483863,2.2577638938033553e-07,7.662867898069619e-08,3.9893666214442404e-05
137.3010717999423,570479.6564887,1.005623500000102,0.3316900000000093,5.579145999999993,1.2870990571036225,0.7134707513106892,7.34310978491955,0.0286408800000012,-0.0267313599999994,0.0204361200000011,7.489120496370325,1.0,0.0,0.0,2427.17,0.0,0.0,0.0,8.90445656866156e-05,8.068543955107214e-05,7.0833179424503685,2.2577638938033553e-07,7.662867898069619e-08,3.9893666214442404e-05
137.40450269996654,570479.7599196,0.9806235000001022,0.1516900000000093,5.274145999999992,1.213833861317916,0.5791730046244314,6.848509046745619,0.0354408800000012,-0.0287313599999994,0.0232361200000011,6.979320180040763,1.0,0.0,0.0,2222.39,0.0,0.0,0.0,8.90445656866156e-05,8.068543955107214e-05,6.153541644511867,2.2577638938033553e-07,7.662867898069619e-08,3.9893666214442404e-05
137.51520569995046,570479.8706226,0.9856235000001022,0.0966900000000093,4.954145999999993,1.1592785259420877,0.4638319570995742,6.395647876279925,0.0310408800000012,-0.0275313599999994,0.0204361200000011,6.516393062308412,1.0,0.0,0.0,2056.21,0.0,0.0,0.0,8.90445656866156e-05,8.068543955107214e-05,5.488820040338757,2.2577638938033553e-07,7.662867898069619e-08,3.9893666214442404e-05
137.62607629993,570479.9814932,1.005623500000102,-0.0833099999999906,4.819145999999992,1.1225461820465683,0.333033719914434,6.018773714719404,0.0314408800000012,-0.0267313599999994,0.0232361200000011,6.131611404714473,1.0,0.0,0.0,1953.57,0.0,0.0,0.0,8.90445656866156e-05,8.068543955107214e-05,5.111292932263505,2.2577638938033553e-07,7.662867898069619e-08,3.9893666214442404e-05
137.73708919994533,570480.0925061,0.9556235000001022,-0.1183099999999907,4.739145999999993,1.0826421091188905,0.2251367433375714,5.712869465983292,0.0322408800000012,-0.0275313599999994,0.0208361200000011,5.818906944177941,1.0,0.0,0.0,1899.32,0.0,0.0,0.0,8.90445656866156e-05,8.068543955107214e-05,4.920714544219788,2.2577638938033553e-07,7.662867898069619e-08,3.9893666214442404e-05
137.84783999994397,570480.2032569,1.1256235000001025,-0.0633099999999906,4.9991459999999925,1.0929171210898785,0.1561814657157491,5.542248715779527,0.0410408800000012,-0.0283313599999994,0.0240361200000011,5.651139824085432,1.0,0.0,0.0,1897.85,0.0,0.0,0.0,8.90445656866156e-05,8.068543955107214e-05,4.915631586344044,2.2577638938033553e-07,7.662867898069619e-08,3.9893666214442404e-05
137.95819130004384,570480.3136082,1.1056235000001022,-0.0933099999999906,5.219145999999992,1.095954672754302,0.0965387286071831,5.465008677604198,0.0482408800000012,-0.0287313599999994,0.0268361200000011,5.574653013160753,1.0,0.0,0.0,1970.19,0.0,0.0,0.0,8.90445656866156e-05,8.068543955107214e-05,5.170877471480083,2.2577638938033553e-07,7.662867898069619e-08,3.9893666214442404e-05
138.06852570001502,570480.4239426,1.2006235000001022,-0.2083099999999906,5.289145999999993,1.1209765119942696,0.0236624379251039,5.4229674341593945,0.0522408800000012,-0.0275313599999994,0.0284361200000011,5.537664132408603,1.0,0.0,0.0,1942.82,0.0,0.0,0.0,8.90445656866156e-05,8.068543955107214e-05,5.07305751507032,2.2577638938033553e-07,7.662867898069619e-08,3.9893666214442404e-05
138.1785689999815,570480.5339859,1.2006235000001022,-0.1833099999999906,5.219145999999992,1.1400166998158978,-0.0258158184492046,5.374242447996899,0.0570408800000012,-0.0307313599999994,0.0260361200000011,5.493886276780129,1.0,0.0,0.0,1928.15,0.0,0.0,0.0,8.90445656866156e-05,8.068543955107214e-05,5.021259281119004,2.2577638938033553e-07,7.662867898069619e-08,3.9893666214442404e-05
138.28856310003903,570480.64398,1.0656235000001022,-0.0883099999999906,5.309145999999992,1.1222324680124185,-0.0407555039825578,5.3586806718718405,0.0670408800000012,-0.0359313599999994,0.0248361200000011,5.475082215497678,1.0,0.0,0.0,1713.1,0.0,0.0,0.0,8.90445656866156e-05,8.068543955107214e-05,4.3079430995264705,2.2577638938033553e-07,7.662867898069619e-08,3.9893666214442404e-05
138.3994502000278,570480.7548671,1.0656235000001022,-0.1883099999999906,5.179145999999992,1.1086996852879278,-0.0760294721317597,5.3157616116723005,0.0674408800000012,-0.0347313599999994,0.0196361200000011,5.43068292067573,1.0,0.0,0.0,1541.06,0.0,0.0,0.0,8.90445656866156e-05,8.068543955107214e-05,3.790774051886048,2.2577638938033553e-07,7.662867898069619e-08,3.9893666214442404e-05
138.51026639994234,570480.8656833,0.9656235000001022,-0.3283099999999906,4.804145999999992,1.0744962896682118,-0.1363389546949778,5.193456203990034,0.0610408800000012,-0.0307313599999994,0.0160361200000011,5.305197256449627,1.0,0.0,0.0,1324.54,0.0,0.0,0.0,8.90445656866156e-05,8.068543955107214e-05,3.193899185519488,2.2577638938033553e-07,7.662867898069619e-08,3.9893666214442404e-05
138.62031210004352,570480.975729,1.1156235000001022,-0.3883099999999907,4.554145999999992,1.0843280463850062,-0.1965744532158772,5.040624481598192,0.0582408800000012,-0.0287313599999994,0.0180361200000011,5.15968060952626,1.0,0.0,0.0,1003.91,0.0,0.0,0.0,8.90445656866156e-05,8.068543955107214e-05,2.3944204408933785,2.2577638938033553e-07,7.662867898069619e-08,3.9893666214442404e-05
138.73026450001635,570481.0856814,1.0556235000001022,-0.2033099999999906,4.869145999999993,1.077466017221227,-0.1981846343295872,4.99963131187835,0.0646408800000012,-0.0311313599999994,0.0148361200000011,5.11825394272943,1.0,0.0,0.0,1014.17,0.0,0.0,0.0,8.90445656866156e-05,8.068543955107214e-05,2.4187610078595334,2.2577638938033553e-07,7.662867898069619e-08,3.9893666214442404e-05
138.83421160001308,570481.1896285,1.1406235000001024,-0.4933099999999907,4.8341459999999925,1.0925642697045848,-0.268736484863843,4.960070852672361,0.0662408800000012,-0.0287313599999994,0.0232361200000011,5.086080892520489,1.0,0.0,0.0,1129.52,0.0,0.0,0.0,8.90445656866156e-05,8.068543955107214e-05,2.697557235749673,2.2577638938033553e-07,7.662867898069619e-08,3.9893666214442404e-05
138.9445485000033,570481.2999654,1.0006235000001025,-0.3783099999999907,4.744145999999993,1.0705851645624014,-0.2949308251735542,4.908452456883958,0.0650408800000012,-0.0315313599999994,0.0184361200000011,5.032498614774655,1.0,0.0,0.0,1064.03,0.0,0.0,0.0,8.90445656866156e-05,8.068543955107214e-05,2.5380767092000927,2.2577638938033553e-07,7.662867898069619e-08,3.9893666214442404e-05
139.05532329995185,570481.4107402,0.9756235000001022,-0.1383099999999907,5.354145999999992,1.0478838926826888,-0.2574894855479471,5.014998717882487,0.0806408800000012,-0.0399313599999994,0.0188361200000011,5.129773253085808,1.0,0.0,0.0,1045.94,0.0,0.0,0.0,8.90445656866156e-05,8.068543955107214e-05,2.4945854887968357,2.2577638938033553e-07,7.662867898069619e-08,3.9893666214442404e-05
139.16605629993137,570481.5214732,0.7006235000001022,0.1516900000000093,6.094145999999992,0.9648687873380322,-0.1596721737744029,5.272976671012518,0.1022408800000012,-0.0583313599999994,0.0128361200000011,5.362904991970235,1.0,0.0,0.0,1006.84,0.0,0.0,0.0,8.90445656866156e-05,8.068543955107214e-05,2.401364344211798,2.2577638938033553e-07,7.662867898069619e-08,3.9893666214442404e-05
139.27690499997698,570481.6323219,0.6106235000001022,0.3516900000000093,6.854145999999992,0.8801838924698562,-0.0374273522523656,5.650966620858639,0.1154408800000012,-0.0691313599999994,0.0056361200000011,5.719226192529765,1.0,0.0,0.0,855.82,0.0,0.0,0.0,8.90445656866156e-05,8.068543955107214e-05,2.0502754478575835,2.2577638938033553e-07,7.662867898069619e-08,3.9893666214442404e-05
139.38771979999729,570481.7431367,0.6106235000001022,0.2766900000000093,6.309145999999992,0.8157435334506293,0.0376646698650276,5.808309155873977,0.1006408800000012,-0.0615313599999994,0.0136361200000011,5.865433606301586,1.0,0.0,0.0,846.04,0.0,0.0,0.0,8.90445656866156e-05,8.068543955107214e-05,2.0279735797566922,2.2577638938033553e-07,7.662867898069619e-08,3.9893666214442404e-05
139.49861030001193,570481.8540272,0.6506235000001023,0.0016900000000092,5.8341459999999925,0.7762703966914424,0.0290646651667852,5.814485640097604,0.0818408800000012,-0.0539313599999994,0.0216361200000011,5.866147265662701,1.0,0.0,0.0,591.89,0.0,0.0,0.0,8.90445656866156e-05,8.068543955107214e-05,1.461523048267438,2.2577638938033553e-07,7.662867898069619e-08,3.9893666214442404e-05
139.6085294999648,570481.9639464,0.4706235000001022,0.0916900000000093,5.724145999999992,0.7032032981631877,0.0440357038397055,5.79288929655388,0.0734408800000012,-0.0503313599999994,0.0176361200000011,5.835580555856354,1.0,0.0,0.0,541.06,0.0,0.0,0.0,8.90445656866156e-05,8.068543955107214e-05,1.3501560000409176,2.2577638938033553e-07,7.662867898069619e-08,3.9893666214442404e-05
139.72024789999705,570482.0756648,0.5256235000001023,0.0016900000000092,5.884145999999992,0.6607515646449741,0.0339126574479472,5.814704870715572,0.0766408800000012,-0.0499313599999994,0.0184361200000011,5.852224827536904,1.0,0.0,0.0,758.55,0.0,0.0,0.0,8.90445656866156e-05,8.068543955107214e-05,1.8304214775677077,2.2577638938033553e-07,7.662867898069619e-08,3.9893666214442404e-05
139.83127079997212,570482.1866877,0.6956235000001022,0.2216900000000093,6.144145999999992,0.6690879526929023,0.0788021876154363,5.893460152425474,0.0830408800000012,-0.0487313599999994,0.0168361200000011,5.93184297174484,1.0,0.0,0.0,935.48,0.0,0.0,0.0,8.90445656866156e-05,8.068543955107214e-05,2.2338044945061326,2.2577638938033553e-07,7.662867898069619e-08,3.9893666214442404e-05
139.94112129998393,570482.2965382,0.7556235000001023,0.3366900000000093,6.324145999999993,0.6897749003757929,0.1404521320471264,5.996418715395055,0.0854408800000012,-0.0467313599999994,0.0236361200000011,6.037595019950005,1.0,0.0,0.0,1153.47,0.0,0.0,0.0,8.90445656866156e-05,8.068543955107214e-05,2.7567165106389653,2.2577638938033553e-07,7.662867898069619e-08,3.9893666214442404e-05
140.05120620003436,570482.4066231,0.8156235000001023,0.1966900000000093,6.2491459999999925,0.7198599171972735,0.1538962006217271,6.056834998383379,0.0830408800000012,-0.0451313599999994,0.0240361200000011,6.101404144833782,1.0,0.0,0.0,1301.08,0.0,0.0,0.0,8.90445656866156e-05,8.068543955107214e-05,3.1323159850054654,2.2577638938033553e-07,7.662867898069619e-08,3.9893666214442404e-05
140.1611754000187,570482.5165923,0.6956235000001022,0.2216900000000093,5.994145999999993,0.7140660265918474,0.1701027980791193,6.041848740478911,0.0770408800000012,-0.0447313599999994,0.0168361200000011,6.086276485263681,1.0,0.0,0.0,1291.3,0.0,0.0,0.0,8.90445656866156e-05,8.068543955107214e-05,3.106804775417834,2.2577638938033553e-07,7.662867898069619e-08,3.9893666214442404e-05
140.27108450001106,570482.6265014,0.6156235000001022,0.1816900000000093,5.979145999999992,0.6905326294996034,0.1728728023997437,6.026859197427239,0.0762408800000012,-0.0443313599999994,0.0232361200000011,6.068752104331374,1.0,0.0,0.0,1172.04,0.0,0.0,0.0,8.90445656866156e-05,8.068543955107214e-05,2.802910285949396,2.2577638938033553e-07,7.662867898069619e-08,3.9893666214442404e-05
140.3810855000047,570482.7365024,0.6806235000001023,0.1666900000000093,5.969145999999992,0.6881637805130538,0.1713947588239296,6.013062440684586,0.0770408800000012,-0.0435313599999994,0.0240361200000011,6.054739091631777,1.0,0.0,0.0,1212.61,0.0,0.0,0.0,8.90445656866156e-05,8.068543955107214e-05,2.9048502351145906,2.2577638938033553e-07,7.662867898069619e-08,3.9893666214442404e-05
140.48420720000286,570482.8396241,0.7206235000001022,0.2616900000000093,6.174145999999992,0.6959235109328094,0.1929804884847407,6.051570629143855,0.0798408800000012,-0.0463313599999994,0.0220361200000011,6.094510487440432,1.0,0.0,0.0,1267.84,0.0,0.0,0.0,8.90445656866156e-05,8.068543955107214e-05,3.045988113452072,2.2577638938033553e-07,7.662867898069619e-08,3.9893666214442404e-05
140.5951985999709,570482.9506155,0.8406235000001022,0.0916900000000093,6.189145999999992,0.7305150885757333,0.1687662655294105,6.084459015337934,0.0834408800000012,-0.0439313599999994,0.0248361200000011,6.130479251766913,1.0,0.0,0.0,1335.29,0.0,0.0,0.0,8.90445656866156e-05,8.068543955107214e-05,3.2223042532854307,2.2577638938033553e-07,7.662867898069619e-08,3.9893666214442404e-05
140.70530849997886,570483.0607254,1.0356235000001024,0.1516900000000093,6.014145999999992,0.8034534583111106,0.1646840609023129,6.06765018110755,0.0826408800000012,-0.0395313599999994,0.0312361200000011,6.122829167948575,1.0,0.0,0.0,1325.02,0.0,0.0,0.0,8.90445656866156e-05,8.068543955107214e-05,3.1951649881124897,2.2577638938033553e-07,7.662867898069619e-08,3.9893666214442404e-05
140.81516859994736,570483.1705855,0.9306235000001024,0.1666900000000093,5.939145999999992,0.8338543754037364,0.1651635951337403,6.036930328349612,0.0778408800000012,-0.0399313599999994,0.0288361200000011,6.096484226329534,1.0,0.0,0.0,1341.15,0.0,0.0,0.0,8.90445656866156e-05,8.068543955107214e-05,3.237838325593253,2.2577638938033553e-07,7.662867898069619e-08,3.9893666214442404e-05
140.92530729994178,570483.2807242,0.9256235000001024,0.0916900000000093,6.149145999999992,0.8557924475429269,0.1475992014723748,6.06375629525996,0.0826408800000012,-0.0407313599999994,0.0272361200000011,6.125627041034378,1.0,0.0,0.0,1347.02,0.0,0.0,0.0,8.90445656866156e-05,8.068543955107214e-05,3.253434594117323,2.2577638938033553e-07,7.662867898069619e-08,3.9893666214442404e-05
141.03535659995396,570483.3907735,1.130623500000102,0.0866900000000093,6.144145999999992,0.9214927959053426,0.1330384168760471,6.082974034881994,0.0822408800000012,-0.0339313599999994,0.0336361200000011,6.153813557650155,1.0,0.0,0.0,1379.77,0.0,0.0,0.0,8.90445656866156e-05,8.068543955107214e-05,3.3411165553541826,2.2577638938033553e-07,7.662867898069619e-08,3.9893666214442404e-05
141.14608909992967,570483.501506,1.1356235000001025,0.0866900000000093,6.114145999999993,0.9726822875160376,0.1219584930189107,6.090425918317592,0.0838408800000012,-0.0359313599999994,0.0300361200000011,6.168814519255832,1.0,0.0,0.0,1401.27,0.0,0.0,0.0,8.90445656866156e-05,8.068543955107214e-05,3.399308320130096,2.2577638938033553e-07,7.662867898069619e-08,3.9893666214442404e-05
141.25606409995817,570483.611481,0.9606235000001022,0.1366900000000093,6.239145999999993,0.9697995472523668,0.1254801661774136,6.125978528139742,0.0862408800000012,-0.0383313599999994,0.0280361200000011,6.203536842897281,1.0,0.0,0.0,1405.67,0.0,0.0,0.0,8.90445656866156e-05,8.068543955107214e-05,3.4112802398354676,2.2577638938033553e-07,7.662867898069619e-08,3.9893666214442404e-05
141.3678383999504,570483.7232553,1.0556235000001022,0.2416900000000093,6.479145999999992,0.9903163831155352,0.1532609664073028,6.2104057634322585,0.0918408800000012,-0.0403313599999994,0.0296361200000011,6.290735665163793,1.0,0.0,0.0,1429.62,0.0,0.0,0.0,8.90445656866156e-05,8.068543955107214e-05,3.4768275752822317,2.2577638938033553e-07,7.662867898069619e-08,3.9893666214442404e-05
141.4798967000097,570483.8353136,1.0756235000001022,0.3066900000000093,6.599145999999992,1.0107096656321923,0.1899392851992462,6.303336925091903,0.0954408800000012,-0.0415313599999994,0.0316361200000011,6.386678898417502,1.0,0.0,0.0,1485.83,0.0,0.0,0.0,8.90445656866156e-05,8.068543955107214e-05,3.63328322162198,2.2577638938033553e-07,7.662867898069619e-08,3.9893666214442404e-05
141.59026089997496,570483.9456778,1.1006235000001023,0.2216900000000093,6.529145999999993,1.0322042172403765,0.1975295229271714,6.357318215605529,0.0966408800000012,-0.0395313599999994,0.0308361200000011,6.443598245777473,1.0,0.0,0.0,1520.04,0.0,0.0,0.0,8.90445656866156e-05,8.068543955107214e-05,3.730379950886983,2.2577638938033553e-07,7.662867898069619e-08,3.9893666214442404e-05
141.7002489999868,570484.0556659,1.1006235000001023,0.1216900000000093,6.429145999999992,1.048560341018351,0.1793995371362449,6.374489166320977,0.0946408800000012,-0.0415313599999994,0.0308361200000011,6.462644591359231,1.0,0.0,0.0,1468.23,0.0,0.0,0.0,8.90445656866156e-05,8.068543955107214e-05,3.583890966480368,2.2577638938033553e-07,7.662867898069619e-08,3.9893666214442404e-05
141.81275699997786,570484.1681739,1.2056235000001023,0.0566900000000093,6.314145999999992,1.0861074237360526,0.1500649358779038,6.360063696516405,0.0930408800000012,-0.0387313599999994,0.0324361200000011,6.453879379460118,1.0,0.0,0.0,1385.63,0.0,0.0,0.0,8.90445656866156e-05,8.068543955107214e-05,3.3569269890434876,2.2577638938033553e-07,7.662867898069619e-08,3.9893666214442404e-05
141.9227297999896,570484.2781467,1.1706235000001022,0.1116900000000093,6.3741459999999925,1.1063116022782054,0.1408911302506961,6.363430172889235,0.0946408800000012,-0.0395313599999994,0.0328361200000011,6.460419431983949,1.0,0.0,0.0,1381.72,0.0,0.0,0.0,8.90445656866156e-05,8.068543955107214e-05,3.3463735610812764,2.2577638938033553e-07,7.662867898069619e-08,3.9893666214442404e-05
142.0327348000137,570484.3881517,1.2206235000001022,0.2866900000000093,6.519145999999992,1.1336386871732709,0.1757454032585433,6.400655166190575,0.0974408800000012,-0.0403313599999994,0.0320361200000011,6.502646359468162,1.0,0.0,0.0,1418.87,0.0,0.0,0.0,8.90445656866156e-05,8.068543955107214e-05,3.447326168527353,2.2577638938033553e-07,7.662867898069619e-08,3.9893666214442404e-05
142.13502569997218,570484.4904426,1.2856235000001022,0.1816900000000093,6.539145999999993,1.1699717545586434,0.1771665020510433,6.433762400416583,0.0978408800000012,-0.0391313599999994,0.0328361200000011,6.54167566460828,1.0,0.0,0.0,1481.43,0.0,0.0,0.0,8.90445656866156e-05,8.068543955107214e-05,3.620899936553137,2.2577638938033553e-07,7.662867898069619e-08,3.9893666214442404e-05
142.24692169995978,570484.6023386,1.1806235000001022,0.1166900000000093,6.314145999999992,1.1725181312504864,0.162709157377037,6.405167235834688,0.0942408800000012,-0.0379313599999994,0.0332361200000011,6.5136349573042285,1.0,0.0,0.0,1466.76,0.0,0.0,0.0,8.90445656866156e-05,8.068543955107214e-05,3.5797824974283174,2.2577638938033553e-07,7.662867898069619e-08,3.9893666214442404e-05
142.3568884000415,570484.7123053,1.1356235000001025,0.0416900000000093,6.134145999999992,1.1636982031376295,0.1337786536107798,6.340377651656508,0.0910408800000012,-0.0375313599999994,0.0356361200000011,6.447672370846161,1.0,0.0,0.0,1403.23,0.0,0.0,0.0,8.90445656866156e-05,8.068543955107214e-05,3.4046386025243005,2.2577638938033553e-07,7.662867898069619e-08,3.9893666214442404e-05
142.46694389998447,570484.8223608,1.2256235000001023,0.1216900000000093,6.194145999999993,1.1785018926768398,0.1308887736413977,6.305419919007496,0.0930408800000012,-0.0383313599999994,0.0356361200000011,6.41594256030435,1.0,0.0,0.0,1336.27,0.0,0.0,0.0,8.90445656866156e-05,8.068543955107214e-05,3.2248996332242825,2.2577638938033553e-07,7.662867898069619e-08,3.9893666214442404e-05
142.57784599997103,570484.9332629,1.1756235000001023,0.1166900000000093,6.204145999999993,1.1778137921150775,0.1274944542360108,6.281209657105388,0.0938408800000012,-0.0391313599999994,0.0340361200000011,6.391955484925675,1.0,0.0,0.0,1378.79,0.0,0.0,0.0,8.90445656866156e-05,8.068543955107214e-05,3.338476130062778,2.2577638938033553e-07,7.662867898069619e-08,3.9893666214442404e-05
142.68865289993118,570485.0440698,1.130623500000102,0.2116900000000093,6.219145999999992,1.1665326119006942,0.1476220076467389,6.266372891550645,0.0930408800000012,-0.0403313599999994,0.0336361200000011,6.375736805086162,1.0,0.0,3.42,1360.7,0.0,0.0,0.0,8.90445656866156e-05,0.26407912610194173,3.2899215999262093,2.2577638938033553e-07,7.662867898069619e-08,3.9893666214442404e-05
142.79870189994108,570485.1541188,1.1206235000001024,0.1816900000000093,6.114145999999993,1.1555577070713063,0.1557662073127019,6.229981953497661,0.0914408800000012,-0.0395313599999994,0.0336361200000011,6.338158397091304,1.0,0.0,0.0,1344.09,0.0,0.0,0.0,8.90445656866156e-05,8.068543955107214e-05,3.2456452645126155,2.2577638938033553e-07,7.662867898069619e-08,3.9893666214442404e-05
142.90859080001246,570485.2640077,1.1206235000001024,0.2066900000000093,6.179145999999992,1.1472064325198237,0.1679399078082558,6.217829251594906,0.0942408800000012,-0.0415313599999994,0.0316361200000011,6.325004902246224,1.0,0.0,0.0,1339.2,0.0,0.0,0.0,8.90445656866156e-05,8.068543955107214e-05,3.2326651979847236,2.2577638938033553e-07,7.662867898069619e-08,3.9893666214442404e-05
143.0185657000402,570485.3739826,1.1906235000001022,0.2466900000000093,6.149145999999992,1.157585596128977,0.1867656862067022,6.201410024160071,0.0934408800000012,-0.0411313599999994,0.0332361200000011,6.311289259863039,1.0,0.0,0.0,1341.15,0.0,0.0,0.0,8.90445656866156e-05,8.068543955107214e-05,3.237838325593253,2.2577638938033553e-07,7.662867898069619e-08,3.9893666214442404e-05
143.12943359999915,570485.4848505,1.1506235000001022,0.1766900000000093,6.259145999999992,1.1559212567578974,0.1843570206361577,6.215212226246816,0.0946408800000012,-0.0435313599999994,0.0324361200000011,6.324476617094137,1.0,0.0,0.0,1349.95,0.0,0.0,0.0,8.90445656866156e-05,8.068543955107214e-05,3.2612328840299165,2.2577638938033553e-07,7.662867898069619e-08,3.9893666214442404e-05
143.23941459995694,570485.5948315,1.1606235000001024,0.3566900000000093,6.389145999999992,1.1570453619721208,0.2255544642194381,6.256792351292379,0.0990408800000012,-0.0459313599999994,0.0324361200000011,6.366873590168202,1.0,0.0,0.0,1368.04,0.0,0.0,0.0,8.90445656866156e-05,8.068543955107214e-05,3.3095803015514025,2.2577638938033553e-07,7.662867898069619e-08,3.9893666214442404e-05
143.35026999993715,570485.7056869,1.1256235000001025,0.2816900000000093,6.259145999999992,1.1495337388884117,0.2389740695490398,6.257355008017775,0.0938408800000012,-0.0459313599999994,0.0292361200000011,6.366555435957872,1.0,0.0,0.0,1393.94,0.0,0.0,0.0,8.90445656866156e-05,8.068543955107214e-05,3.379411909795676,2.2577638938033553e-07,7.662867898069619e-08,3.9893666214442404e-05
143.4602850000374,570485.8157019,1.130623500000102,0.3766900000000093,6.279145999999993,1.1450131096819574,0.2718960575296112,6.262564302060767,0.0942408800000012,-0.0447313599999994,0.0276361200000011,6.37218126899177,1.0,0.0,0.0,1345.06,0.0,0.0,0.0,8.90445656866156e-05,8.068543955107214e-05,3.248222994270836,2.2577638938033553e-07,7.662867898069619e-08,3.9893666214442404e-05
143.57030489994213,570485.9257218,1.2056235000001023,0.3966900000000093,6.349145999999992,1.159502461313373,0.3017289509400165,6.283262282385617,0.0970408800000012,-0.0443313599999994,0.0304361200000011,6.396473342934905,1.0,0.0,0.0,1352.39,0.0,0.0,0.0,8.90445656866156e-05,8.068543955107214e-05,3.2677338830603873,2.2577638938033553e-07,7.662867898069619e-08,3.9893666214442404e-05
143.68115570000373,570486.0365726,1.3206235000001023,0.4666900000000093,6.409145999999993,1.1980196094870927,0.3411640813322049,6.313355694416301,0.0986408800000012,-0.0447313599999994,0.0332361200000011,6.435068301061426,1.0,0.0,0.0,1383.68,0.0,0.0,0.0,8.90445656866156e-05,8.068543955107214e-05,3.3516616893657827,2.2577638938033553e-07,7.662867898069619e-08,3.9893666214442404e-05
143.79116839997005,570486.1465853,1.2906235000001025,0.5266900000000093,6.464145999999992,1.2201572384486807,0.3855153923567526,6.349403206216545,0.0998408800000012,-0.0459313599999994,0.0336361200000011,6.477061592990732,1.0,0.0,0.0,1396.87,0.0,0.0,0.0,8.90445656866156e-05,8.068543955107214e-05,3.3873579141011665,2.2577638938033553e-07,7.662867898069619e-08,3.9893666214442404e-05
143.89858409995213,570486.254001,1.0806235000001023,0.4066900000000093,6.219145999999992,1.1868006903351436,0.3905773352709951,6.318264280143131,0.0962408800000012,-0.0439313599999994,0.0336361200000011,6.440614104814848,1.0,0.0,0.0,1269.31,0.0,0.0,0.0,8.90445656866156e-05,8.068543955107214e-05,3.0497833674303387,2.2577638938033553e-07,7.662867898069619e-08,3.9893666214442404e-05
144.008772399975,570486.3641893,1.3256235000001022,0.4466900000000093,6.389145999999992,1.2199872857874836,0.4039914731105106,6.335209067296862,0.0986408800000012,-0.0443313599999994,0.0360361200000011,6.464244117775063,1.0,0.0,0.0,1279.57,0.0,0.0,0.0,8.90445656866156e-05,8.068543955107214e-05,3.076330158334777,2.2577638938033553e-07,7.662867898069619e-08,3.9893666214442404e-05
144.1195224999683,570486.4749394,1.3556235000001022,0.4416900000000093,6.559145999999992,1.252412102578217,0.4130035782829271,6.388742808692765,0.1002408800000012,-0.0451313599999994,0.0376361200000011,6.523430286741969,1.0,0.0,0.0,1356.3,0.0,0.0,0.0,8.90445656866156e-05,8.068543955107214e-05,3.2781645135123982,2.2577638938033553e-07,7.662867898069619e-08,3.9893666214442404e-05
144.23029119998682,570486.5857081,1.3306235000001023,0.4516900000000093,6.5441459999999925,1.271109102100605,0.422251846850045,6.425893064146911,0.0998408800000012,-0.0467313599999994,0.0328361200000011,6.564001572475639,1.0,0.0,0.0,1412.02,0.0,0.0,0.0,8.90445656866156e-05,8.068543955107214e-05,3.4285960445491526,2.2577638938033553e-07,7.662867898069619e-08,3.9893666214442404e-05
144.3411352999974,570486.6965522,1.3406235000001023,0.3816900000000093,6.219145999999992,1.2877270210634273,0.4125552443575535,6.376468685002289,0.0930408800000012,-0.0419313599999994,0.0356361200000011,6.518266303338536,1.0,0.0,0.0,1384.16,0.0,0.0,0.0,8.90445656866156e-05,8.068543955107214e-05,3.3529573785644335,2.2577638938033553e-07,7.662867898069619e-08,3.9893666214442404e-05
144.45276919996832,570486.8081861,1.3156235000001022,0.4916900000000093,6.239145999999993,1.2943958758665428,0.4314729793325492,6.343640705186875,0.0938408800000012,-0.0419313599999994,0.0356361200000011,6.488713817996464,1.0,0.0,0.0,1344.09,0.0,0.0,0.0,8.90445656866156e-05,8.068543955107214e-05,3.2456452645126155,2.2577638938033553e-07,7.662867898069619e-08,3.9893666214442404e-05
144.56280209997203,570486.918219,1.4106235000001022,0.4266900000000093,6.519145999999992,1.3221809289987785,0.4303295735727249,6.385596513693875,0.0994408800000012,-0.0435313599999994,0.0364361200000011,6.535226758621213,1.0,0.0,0.0,1371.46,0.0,0.0,0.0,8.90445656866156e-05,8.068543955107214e-05,3.318759727534255,2.2577638938033553e-07,7.662867898069619e-08,3.9893666214442404e-05
144.66620870004408,570487.0216256,1.2906235000001025,0.4066900000000093,6.439145999999992,1.3146368976380631,0.4246783627470909,6.398397905215994,0.0998408800000012,-0.0411313599999994,0.0372361200000011,6.545847358279095,1.0,0.0,0.0,1426.69,0.0,0.0,0.0,8.90445656866156e-05,8.068543955107214e-05,3.468773645814638,2.2577638938033553e-07,7.662867898069619e-08,3.9893666214442404e-05
144.77693009993527,570487.132347,1.3656235000001022,0.4216900000000093,6.509145999999992,1.3268256132400744,0.423963973045632,6.42487303727523,0.0982408800000012,-0.0455313599999994,0.0356361200000011,6.5741315170520265,1.0,0.0,0.0,1434.51,0.0,0.0,0.0,8.90445656866156e-05,8.068543955107214e-05,3.4902910772279916,2.2577638938033553e-07,7.662867898069619e-08,3.9893666214442404e-05
144.88776279997546,570487.2431797,1.4906235000001022,0.4266900000000093,6.559145999999992,1.3659826812822249,0.4246156494808333,6.456971958950193,0.0998408800000012,-0.0439313599999994,0.0428361200000011,6.613523570232142,1.0,0.0,0.0,1508.31,0.0,0.0,0.0,8.90445656866156e-05,8.068543955107214e-05,3.696922528970714,2.2577638938033553e-07,7.662867898069619e-08,3.9893666214442404e-05
144.9977645999752,570487.3531815,1.4806235000001022,0.3616900000000093,5.914145999999993,1.3933883971173766,0.4095728184220482,6.327205492299749,0.0886408800000012,-0.0391313599999994,0.0416361200000011,6.491749414495264,1.0,0.0,0.0,1392.47,0.0,0.0,0.0,8.90445656866156e-05,8.068543955107214e-05,3.375428913596156,2.2577638938033553e-07,7.662867898069619e-08,3.9893666214442404e-05
145.10855669993907,570487.4639736,1.3606235000001023,0.2566900000000093,5.179145999999992,1.3855557117806312,0.3730250763122986,6.052753577530672,0.0746408800000012,-0.0327313599999994,0.0368361200000011,6.220509481410351,1.0,0.0,0.0,992.67,0.0,0.0,0.0,8.90445656866156e-05,8.068543955107214e-05,2.367834850563698,2.2577638938033553e-07,7.662867898069619e-08,3.9893666214442404e-05
145.2186157000251,570487.5740326,1.2106235000001022,0.1066900000000093,4.024145999999992,1.343736902912301,0.309355752418942,5.567800282250584,0.0494408800000012,-0.0263313599999994,0.0340361200000011,5.736002948816599,1.0,0.0,0.0,430.6,0.0,0.0,0.0,8.90445656866156e-05,8.068543955107214e-05,1.1082444330637575,2.2577638938033553e-07,7.662867898069619e-08,3.9893666214442404e-05
145.32862439996097,570487.6840413,1.1256235000001025,-0.0233099999999907,2.934145999999992,1.2915953183798314,0.2298296012553113,4.938206201585357,0.0278408800000012,-0.0195313599999994,0.0340361200000011,5.109493184401948,1.0,0.0,0.0,116.32,0.0,0.0,0.0,8.90445656866156e-05,8.068543955107214e-05,0.3811372308460815,2.2577638938033553e-07,7.662867898069619e-08,3.9893666214442404e-05
145.4395464999834,570487.7949634,0.9756235000001022,-0.2583099999999907,2.4641459999999924,1.2160599727387529,0.1131363034447903,4.34676423874866,0.0218408800000012,-0.0195313599999994,0.0316361200000011,4.51508150842471,1.0,0.0,0.0,0.0,0.0,0.0,0.0,8.90445656866156e-05,8.068543955107214e-05,2.2305454642175129e-07,2.2577638938033553e-07,7.662867898069619e-08,3.9893666214442404e-05
145.5494951000437,570487.904912,0.7606235000001023,-0.1133099999999907,2.494145999999992,1.107184594034806,0.0590026788463775,3.90388246618288,0.0182408800000012,-0.0235313599999994,0.0280361200000011,4.058280097670588,1.0,0.0,0.0,0.0,0.0,0.0,0.0,8.90445656866156e-05,8.068543955107214e-05,2.2305454642175129e-07,2.2577638938033553e-07,7.662867898069619e-08,3.9893666214442404e-05
145.66032499994617,570488.0157419,0.5906235000001022,-0.1683099999999906,2.1491459999999925,0.98369693306957,0.0046619409498567,3.484400038408769,0.0090408800000012,-0.0283313599999994,0.0280361200000011,3.620597328823923,1.0,0.0,0.0,0.0,0.0,0.0,0.0,8.90445656866156e-05,8.068543955107214e-05,2.2305454642175129e-07,2.2577638938033553e-07,7.662867898069619e-08,3.9893666214442404e-05
145.77117840002757,570488.1265953,0.3156235000001022,-0.2783099999999907,1.6041459999999923,0.8239891529919221,-0.0629845456133413,3.034911728303982,0.0006408800000012,-0.0259313599999994,0.0236361200000011,3.145411638535016,1.0,0.0,0.0,0.0,0.0,0.0,0.0,8.90445656866156e-05,8.068543955107214e-05,2.2305454642175129e-07,2.2577638938033553e-07,7.662867898069619e-08,3.9893666214442404e-05
145.88110170001164,570488.2365186,0.1556235000001022,-0.4983099999999906,1.0791459999999922,0.6642115156309529,-0.167052240106075,2.5673718032626947,-0.0041591199999987,-0.0223313599999994,0.0200361200000011,2.657156631553655,1.0,0.0,0.0,0.0,0.0,0.0,0.0,8.90445656866156e-05,8.068543955107214e-05,2.2305454642175129e-07,2.2577638938033553e-07,7.662867898069619e-08,3.9893666214442404e-05
145.99109939998016,570488.3465163,0.1806235000001022,-0.4883099999999906,0.7741459999999921,0.5486063072428397,-0.2438512282497035,2.1386882214276666,-0.0041591199999987,-0.0167313599999994,0.0208361200000011,2.221355354358899,1.0,0.0,0.0,0.0,0.0,0.0,0.0,8.90445656866156e-05,8.068543955107214e-05,2.2305454642175129e-07,2.2577638938033553e-07,7.662867898069619e-08,3.9893666214442404e-05
146.1013343000086,570488.4567512,0.2256235000001023,-0.4133099999999906,0.6641459999999922,0.4713949340694048,-0.2843615717408045,1.78618825187643,-0.0033591199999987,-0.0151313599999994,0.0192361200000011,1.869102233290244,1.0,0.0,0.0,0.0,0.0,0.0,0.0,8.90445656866156e-05,8.068543955107214e-05,2.2305454642175129e-07,2.2577638938033553e-07,7.662867898069619e-08,3.9893666214442404e-05
146.21194619999733,570488.5673631,0.2306235000001022,-0.5633099999999908,0.2591459999999922,0.4138367835160335,-0.3510462085310107,1.4211377708066355,0.0018408800000012,-0.0131313599999994,0.0208361200000011,1.5212254558506926,1.0,0.0,0.0,0.0,0.0,0.0,0.0,8.90445656866156e-05,8.068543955107214e-05,2.2305454642175129e-07,2.2577638938033553e-07,7.662867898069619e-08,3.9893666214442404e-05
146.32195300003514,570488.6773699,0.3356235000001022,-0.5033099999999907,0.2841459999999921,0.3951393331092393,-0.3874459677760219,1.1493316748093994,0.0050408800000012,-0.0003313599999994,0.0164361200000011,1.2756225026378656,1.0,0.0,0.0,0.0,0.0,0.0,0.0,8.90445656866156e-05,8.068543955107214e-05,2.2305454642175129e-07,2.2577638938033553e-07,7.662867898069619e-08,3.9893666214442404e-05
146.43197090004105,570488.7873878,0.6306235000001023,-0.7333099999999907,-0.4608540000000078,0.4514335242504449,-0.4701272630662815,0.76440515789176,0.0086408800000012,0.0172686400000005,0.0196361200000011,1.0045531920744148,1.0,0.0,0.0,0.0,0.0,0.0,0.0,8.90445656866156e-05,8.068543955107214e-05,2.2305454642175129e-07,2.2577638938033553e-07,7.662867898069619e-08,3.9893666214442404e-05
146.54279969993513,570488.8982166,0.3406235000001023,-0.3433099999999907,0.3791459999999921,0.4249435875049249,-0.4398106802517477,0.6723061732355622,0.0014408800000012,6.864000000058375e-05,0.0028361200000011,0.908848764974518,1.0,0.0,0.0,0.0,0.0,0.0,0.0,8.90445656866156e-05,8.068543955107214e-05,2.2305454642175129e-07,2.2577638938033553e-07,7.662867898069619e-08,3.9893666214442404e-05
146.64604729996063,570489.0014642,0.4506235000001022,-0.2583099999999907,0.4091459999999921,0.4310825560885874,-0.3964216315473114,0.609395832856959,0.0018408800000012,0.0004686400000005,0.0016361200000011,0.8451896599142285,1.0,0.0,0.0,0.0,0.0,0.0,0.0,8.90445656866156e-05,8.068543955107214e-05,2.2305454642175129e-07,2.2577638938033553e-07,7.662867898069619e-08,3.9893666214442404e-05
146.75704569998197,570489.1124626,0.3856235000001022,-0.1733099999999906,0.3891459999999921,0.4202152403521116,-0.3430851843543581,0.5567435193134543,0.0018408800000012,0.0004686400000005,0.0028361200000011,0.77733624529233,1.0,0.0,0.0,0.0,0.0,0.0,0.0,8.90445656866156e-05,8.068543955107214e-05,2.2305454642175129e-07,2.2577638938033553e-07,7.662867898069619e-08,3.9893666214442404e-05
146.86793639999814,570489.2233533,0.4056235000001023,-0.2333099999999907,0.4291459999999921,0.4167269794159122,-0.3168426335612515,0.5262404106067669,0.0014408800000012,6.864000000058375e-05,0.0020361200000011,0.742280000788596,1.0,0.0,0.0,0.0,0.0,0.0,0.0,8.90445656866156e-05,8.068543955107214e-05,2.2305454642175129e-07,2.2577638938033553e-07,7.662867898069619e-08,3.9893666214442404e-05
146.97951730003115,570489.3349342,0.3856235000001022,-0.2233099999999906,0.3791459999999921,0.4092914679821365,-0.2944829818651006,0.4910764291984607,0.0018408800000012,6.864000000058375e-05,0.0024361200000011,0.7038435846730751,1.0,0.0,0.0,0.0,0.0,0.0,0.0,8.90445656866156e-05,8.068543955107214e-05,2.2305454642175129e-07,2.2577638938033553e-07,7.662867898069619e-08,3.9893666214442404e-05
147.09120999998413,570489.4466269,0.4056235000001023,-0.2333099999999907,0.3591459999999921,0.4084146137400585,-0.2798591386604404,0.4595375070845083,0.0018408800000012,6.864000000058375e-05,0.0020361200000011,0.6754985970567587,1.0,0.0,0.0,0.0,0.0,0.0,0.0,8.90445656866156e-05,8.068543955107214e-05,2.2305454642175129e-07,2.2577638938033553e-07,7.662867898069619e-08,3.9893666214442404e-05
147.20195859996602,570489.5573755,0.4056235000001023,-0.2583099999999907,0.3891459999999921,0.4077473778386029,-0.2747076614010715,0.4427099088351117,0.0014408800000012,6.864000000058375e-05,0.0016361200000011,0.6615997934911219,1.0,0.0,0.0,0.0,0.0,0.0,0.0,8.90445656866156e-05,8.068543955107214e-05,2.2305454642175129e-07,2.2577638938033553e-07,7.662867898069619e-08,3.9893666214442404e-05
147.31191329995636,570489.6673302,0.4506235000001022,-0.2333099999999907,0.4091459999999921,0.4179972245617236,-0.2648112514025538,0.4346862139754657,0.0014408800000012,6.864000000058375e-05,0.0020361200000011,0.6586340282972137,1.0,0.0,0.0,0.0,0.0,0.0,0.0,8.90445656866156e-05,8.068543955107214e-05,2.2305454642175129e-07,2.2577638938033553e-07,7.662867898069619e-08,3.9893666214442404e-05
147.4219450999517,570489.777362,0.3856235000001022,-0.2683099999999907,0.3991459999999921,0.4102580518500853,-0.2656476525283688,0.4261900690959592,0.0014408800000012,6.864000000058375e-05,0.0028361200000011,0.6484738386378273,1.0,0.0,0.0,0.0,0.0,0.0,0.0,8.90445656866156e-05,8.068543955107214e-05,2.2305454642175129e-07,2.2577638938033553e-07,7.662867898069619e-08,3.9893666214442404e-05
147.53193049994297,570489.8873474,0.4056235000001023,-0.2083099999999906,0.3591459999999921,0.4091501287521485,-0.2519406725065804,0.4101627000783142,0.0014408800000012,6.864000000058375e-05,0.0028361200000011,0.6317526184009852,1.0,0.0,0.0,0.0,0.0,0.0,0.0,8.90445656866156e-05,8.068543955107214e-05,2.2305454642175129e-07,2.2577638938033553e-07,7.662867898069619e-08,3.9893666214442404e-05
147.6427670000121,570489.9981839,0.4056235000001023,-0.2833099999999907,0.3991459999999921,0.4083070626739786,-0.2594397368436895,0.4075290783442389,0.0014408800000012,6.864000000058375e-05,0.0020361200000011,0.632537417216626,1.0,0.0,0.0,145.16,0.0,0.0,0.0,8.90445656866156e-05,8.068543955107214e-05,0.4544863022109802,2.2577638938033553e-07,7.662867898069619e-08,3.9893666214442404e-05
147.75359560002107,570490.1090125,0.3406235000001023,-0.2433099999999907,0.3891459999999921,0.3921268180970817,-0.2555838067362638,0.4031344706738454,0.0014408800000012,6.864000000058375e-05,0.0020361200000011,0.6177409855127174,1.0,0.0,0.0,303.52,0.0,0.0,0.0,8.90445656866156e-05,8.068543955107214e-05,0.8262782428781478,2.2577638938033553e-07,7.662867898069619e-08,3.9893666214442404e-05
147.86360709997825,570490.219024,0.4056235000001023,-0.2333099999999907,0.3891459999999921,0.3953532974007744,-0.2502590923386493,0.3997904257119945,0.0014408800000012,6.864000000058375e-05,0.0028361200000011,0.6154398651004074,1.0,0.0,0.0,0.0,0.0,0.0,0.0,8.90445656866156e-05,8.068543955107214e-05,2.2305454642175129e-07,2.2577638938033553e-07,7.662867898069619e-08,3.9893666214442404e-05
147.97378440003376,570490.3292013,0.4056235000001023,-0.2083099999999906,0.3791459999999921,0.397808463520089,-0.2402308587911812,0.3948552266182461,0.0018408800000012,6.864000000058375e-05,0.0020361200000011,0.6098139791374981,1.0,0.0,0.0,0.0,0.0,0.0,0.0,8.90445656866156e-05,8.068543955107214e-05,2.2305454642175129e-07,2.2577638938033553e-07,7.662867898069619e-08,3.9893666214442404e-05
148.0758390999399,570490.431256,0.3406235000001023,-0.2433099999999907,0.3791459999999921,0.3841379849087225,-0.2409669497396644,0.3910998225178152,0.0014408800000012,0.0004686400000005,0.0012361200000011,0.5988206187916699,1.0,0.0,0.0,0.0,0.0,0.0,0.0,8.90445656866156e-05,8.068543955107214e-05,2.2305454642175129e-07,2.2577638938033553e-07,7.662867898069619e-08,3.9893666214442404e-05
148.18633109994698,570490.541748,0.3406235000001023,-0.2433099999999907,0.3991459999999921,0.3737355329596185,-0.2415270728296783,0.3930233193673832,0.0014408800000012,6.864000000058375e-05,0.0028361200000011,0.593701023304524,1.0,0.0,0.0,0.0,0.0,0.0,0.0,8.90445656866156e-05,8.068543955107214e-05,2.2305454642175129e-07,2.2577638938033553e-07,7.662867898069619e-08,3.9893666214442404e-05
148.29873020004015,570490.6541471,0.3856235000001022,-0.2233099999999906,0.3891459999999921,0.3765774373546919,-0.2371721499766995,0.3920964181643627,0.0018408800000012,6.864000000058375e-05,0.0016361200000011,0.5931279762298519,1.0,0.0,0.0,0.0,0.0,0.0,0.0,8.90445656866156e-05,8.068543955107214e-05,2.2305454642175129e-07,2.2577638938033553e-07,7.662867898069619e-08,3.9893666214442404e-05
148.40946190000977,570490.7648788,0.4256235000001023,-0.1983099999999906,0.4091459999999921,0.3883022529197396,-0.2278818722997253,0.3961722438617114,0.0018408800000012,6.864000000058375e-05,0.0020361200000011,0.5997176286818632,1.0,0.0,0.0,0.0,0.0,0.0,0.0,8.90445656866156e-05,8.068543955107214e-05,2.2305454642175129e-07,2.2577638938033553e-07,7.662867898069619e-08,3.9893666214442404e-05
148.51948789996095,570490.8749048,0.4056235000001023,-0.1833099999999906,0.3891459999999921,0.3924430221562458,-0.2172266442566205,0.3944925695117172,0.0018408800000012,0.0004686400000005,0.0016361200000011,0.5973469075956425,1.0,0.0,0.0,0.0,0.0,0.0,0.0,8.90445656866156e-05,8.068543955107214e-05,2.2305454642175129e-07,2.2577638938033553e-07,7.662867898069619e-08,3.9893666214442404e-05
148.62945569993462,570490.9848726,0.4056235000001023,-0.2083099999999906,0.3991459999999921,0.3955939105954603,-0.2150950560367064,0.3956050056845095,0.0010408800000012,-0.0003313599999994,0.0008361200000011,0.5993861407759473,1.0,0.0,0.0,0.0,0.0,0.0,0.0,8.90445656866156e-05,8.068543955107214e-05,2.2305454642175129e-07,2.2577638938033553e-07,7.662867898069619e-08,3.9893666214442404e-05
148.740275499993,570491.0956924,0.3856235000001022,-0.1733099999999906,0.3891459999999921,0.3932104119202754,-0.2051060365521521,0.3940609337182831,0.0014408800000012,6.864000000058375e-05,0.0012361200000011,0.5932680117413803,1.0,0.0,0.0,0.0,0.0,0.0,0.0,8.90445656866156e-05,8.068543955107214e-05,2.2305454642175129e-07,2.2577638938033553e-07,7.662867898069619e-08,3.9893666214442404e-05
148.85030829999596,570491.2057252,0.3856235000001022,-0.2433099999999907,0.3891459999999921,0.39139670582086,-0.2142389699849166,0.3928859833093578,0.0014408800000012,6.864000000058375e-05,0.0012361200000011,0.594515864774507,1.0,0.0,0.0,0.0,0.0,0.0,0.0,8.90445656866156e-05,8.068543955107214e-05,2.2305454642175129e-07,2.2577638938033553e-07,7.662867898069619e-08,3.9893666214442404e-05
148.96113529999275,570491.3165522,0.4056235000001023,-0.2333099999999907,0.4091459999999921,0.3947977237382303,-0.2187980374717163,0.3967730577552843,0.0018408800000012,6.864000000058375e-05,0.0012361200000011,0.6009714495971009,1.0,0.0,0.0,0.0,0.0,0.0,0.0,8.90445656866156e-05,8.068543955107214e-05,2.2305454642175129e-07,2.2577638938033553e-07,7.662867898069619e-08,3.9893666214442404e-05
149.0711670999881,570491.426584,0.3856235000001022,-0.1983099999999906,0.3991459999999921,0.3926045592826101,-0.2139002241164938,0.3973403267400927,0.0014408800000012,-0.0003313599999994,0.0020361200000011,0.5981396000103173,1.0,0.0,0.0,0.0,0.0,0.0,0.0,8.90445656866156e-05,8.068543955107214e-05,2.2305454642175129e-07,2.2577638938033553e-07,7.662867898069619e-08,3.9893666214442404e-05
149.18197319994215,570491.5373901,0.3856235000001022,-0.2433099999999907,0.4091459999999921,0.3909356866326722,-0.2209308434862151,0.4001625582124591,0.0018408800000012,0.0004686400000005,0.0028361200000011,0.6014742069961347,1.0,0.0,0.0,0.0,0.0,0.0,0.0,8.90445656866156e-05,8.068543955107214e-05,2.2305454642175129e-07,2.2577638938033553e-07,7.662867898069619e-08,3.9893666214442404e-05
149.29205189994536,570491.6474688,0.2756235000001021,-0.2083099999999906,0.3691459999999921,0.3633694754478124,-0.2179137396827732,0.3927478259202275,0.0014408800000012,6.864000000058375e-05,0.0036361200000011,0.5777323155188874,1.0,0.0,0.0,0.0,0.0,0.0,0.0,8.90445656866156e-05,8.068543955107214e-05,2.2305454642175129e-07,2.2577638938033553e-07,7.662867898069619e-08,3.9893666214442404e-05
149.40295579994563,570491.7583727,0.4506235000001022,-0.2333099999999907,0.3691459999999921,0.3842281803061416,-0.2215943269281947,0.3871056389435932,0.0014408800000012,6.864000000058375e-05,0.0020361200000011,0.5887156495032692,1.0,0.0,0.0,0.0,0.0,0.0,0.0,8.90445656866156e-05,8.068543955107214e-05,2.2305454642175129e-07,2.2577638938033553e-07,7.662867898069619e-08,3.9893666214442404e-05
149.5137204999337,570491.8691374,0.3656235000001022,-0.2833099999999907,0.3891459999999921,0.3797805970860154,-0.2363479043860031,0.3875934019928992,0.0014408800000012,6.864000000058375e-05,0.0020361200000011,0.5918802911899457,1.0,0.0,0.0,0.0,0.0,0.0,0.0,8.90445656866156e-05,8.068543955107214e-05,2.2305454642175129e-07,2.2577638938033553e-07,7.662867898069619e-08,3.9893666214442404e-05
149.61580759997014,570491.9712245,0.3856235000001022,-0.2683099999999907,0.3691459999999921,0.3811773852344838,-0.2439886742242623,0.3831834172896446,0.0014408800000012,6.864000000058375e-05,0.0028361200000011,0.5930060737038713,1.0,0.0,0.0,0.0,0.0,0.0,0.0,8.90445656866156e-05,8.068543955107214e-05,2.2305454642175129e-07,2.2577638938033553e-07,7.662867898069619e-08,3.9893666214442404e-05
149.72698179993313,570492.0823987,0.4506235000001022,-0.2333099999999907,0.3991459999999921,0.3977789806209017,-0.2414358600123649,0.3869993879940362,0.0014408800000012,6.864000000058375e-05,0.0020361200000011,0.6052172487887904,1.0,0.0,0.0,0.0,0.0,0.0,0.0,8.90445656866156e-05,8.068543955107214e-05,2.2305454642175129e-07,2.2577638938033553e-07,7.662867898069619e-08,3.9893666214442404e-05
149.8378416999476,570492.1932586,0.4056235000001023,-0.2583099999999907,0.3891459999999921,0.3996542696442536,-0.2454697450686248,0.3875125511003494,0.0014408800000012,6.864000000058375e-05,0.0008361200000011,0.6083953552166868,1.0,0.0,0.0,0.0,0.0,0.0,0.0,8.90445656866156e-05,8.068543955107214e-05,2.2305454642175129e-07,2.2577638938033553e-07,7.662867898069619e-08,3.9893666214442404e-05
149.94874030002393,570492.3041572,0.4056235000001023,-0.2833099999999907,0.4091459999999921,0.4010812572802155,-0.2545157313532378,0.3926841833314217,0.0018408800000012,6.864000000058375e-05,0.0020361200000011,0.6163159094866995,1.0,0.0,0.0,0.0,0.0,0.0,0.0,8.90445656866156e-05,8.068543955107214e-05,2.2305454642175129e-07,2.2577638938033553e-07,7.662867898069619e-08,3.9893666214442404e-05
