time,world_time,Fx,Fy,Fz,LPF_Fx,LPF_Fy,LPF_Fz,Mx,My,Mz,force_magnitude,touch_count,V_SidePalm[mV],V_ThumbPalm[mV],V_UpperPalm[mV],V_Middle[mV],V_Index[mV],V_Thumb[mV],CalF1,CalF2,CalF3,CalF4,CalF5,CalF6
2.002920900005847,571321.8202239,0.4206235000001022,-0.2733099999999907,0.1691459999999921,0.1005530860954347,-0.0653367297850349,0.0404355731448515,0.0018408800000012,-0.0003313599999994,0.0028361200000011,0.126549780552442,,0.0,0.0,0.0,0.0,0.0,0.0,0.0,0.0,0.0,0.0,0.0,0.0
2.148273900034837,571321.9655769,0.4006235000001021,-0.3583099999999907,0.1991459999999921,0.1722870861311946,-0.1353741063547662,0.0783764471469087,0.0014408800000012,-0.0003313599999994,0.0020361200000011,0.2327055138717202,1.0,0.0,0.0,0.0,0.0,0.0,0.0,0.0,0.0,0.0,0.0,0.0,0.0
2.1574448000174016,571321.9747478,0.4456235000001023,-0.2133099999999906,0.1991459999999921,0.2376301303423977,-0.1540052447092114,0.1072472811486711,0.0014408800000012,-0.0003313599999994,0.0020361200000011,0.302799725162146,1.0,0.0,0.0,0.0,0.0,0.0,0.0,0.0,0.0,0.0,0.0,0.0,0.0
2.166471299948171,571321.9837743,0.5556235000001023,-0.2233099999999906,0.1891459999999921,0.3136487424193758,-0.1705730470920433,0.1268257614945402,0.0010408800000012,-0.0007313599999994,0.0024361200000011,0.3788871491541912,1.0,0.0,0.0,0.0,0.0,0.0,0.0,0.0,0.0,0.0,0.0,0.0,0.0
2.2296867999248207,571322.0469898,0.4706235000001022,-0.3433099999999907,0.1741459999999922,0.3511746921435851,-0.2118670634691873,0.1381380063322491,0.0006408800000012,6.864000000058375e-05,0.0028361200000011,0.4327741047921501,1.0,0.0,0.0,0.0,0.0,0.0,0.0,0.0,0.0,0.0,0.0,0.0,0.0
2.341278200037777,571322.1585812,0.4456235000001023,-0.2883099999999906,0.1791459999999921,0.3737533619231034,-0.2301412996408892,0.1479412634443044,0.0014408800000012,-0.0007313599999994,0.0008361200000011,0.4631880943836067,1.0,0.0,0.0,0.0,0.0,0.0,0.0,0.0,0.0,0.0,0.0,0.0,0.0
2.4522860000142828,571322.269589,0.5306235000001023,-0.3083099999999906,0.1991459999999921,0.411254301599216,-0.2488280921219918,0.1601821256010238,0.0014408800000012,-0.0003313599999994,0.0036361200000011,0.5066594846393301,1.0,0.0,0.0,0.0,0.0,0.0,0.0,0.0,0.0,0.0,0.0,0.0,0.0
2.5544455000199378,571322.3717485,0.5106235000001023,-0.2733099999999907,0.1991459999999921,0.4350092262813515,-0.2546806690479989,0.1694967212359568,0.0010408800000012,-0.0003313599999994,0.0020361200000011,0.5318123810578088,1.0,0.0,0.0,0.0,0.0,0.0,0.0,0.0,0.0,0.0,0.0,0.0,0.0
2.6672063999576494,571322.4845094,0.4906235000001022,-0.2583099999999907,0.1891459999999921,0.4483042201496809,-0.2555482868289464,0.1741940232632395,0.0010408800000012,-0.0003313599999994,0.0024361200000011,0.5446330493514483,1.0,0.0,0.0,0.0,0.0,0.0,0.0,0.0,0.0,0.0,0.0,0.0,0.0
2.777925599948503,571322.5952286,0.4906235000001022,-0.3333099999999906,0.1541459999999922,0.4584209496959264,-0.2741377860828269,0.1694013984830451,0.0010408800000012,-0.0003313599999994,0.0032361200000011,0.5603553575067525,1.0,0.0,0.0,0.0,0.0,0.0,0.0,0.0,0.0,0.0,0.0,0.0,0.0
2.8879902999615297,571322.7052933,0.4056235000001023,-0.2083099999999906,0.2091459999999921,0.4457993379579177,-0.2584011783054258,0.1789026325751996,0.0006408800000012,-0.0007313599999994,0.0036361200000011,0.5454487790945058,1.0,0.0,0.0,0.0,0.0,0.0,0.0,0.0,0.0,0.0,0.0,0.0,0.0
2.9995226999744773,571322.8168257,0.4706235000001022,-0.1983099999999906,0.1491459999999921,0.4517337332141842,-0.2440359480562336,0.1717890946077671,0.0010408800000012,6.864000000058375e-05,0.0020361200000011,0.5414133381193014,1.0,0.0,0.0,0.0,0.0,0.0,0.0,0.0,0.0,0.0,0.0,0.0,0.0
3.1092742999317124,571322.9265773,0.4456235000001023,-0.2133099999999906,0.1891459999999921,0.450273037826412,-0.2366906882211019,0.1759383882213058,0.0014408800000012,-0.0003313599999994,0.0036361200000011,0.538258866098753,1.0,0.0,0.0,0.0,0.0,0.0,0.0,0.0,0.0,0.0,0.0,0.0,0.0
3.217437000013888,571323.03474,0.4456235000001023,-0.2383099999999907,0.1891459999999921,0.4491615322225815,-0.2370777963991232,0.1790957632236464,0.0014408800000012,-0.0003313599999994,0.0028361200000011,0.538541786659737,1.0,0.0,0.0,0.0,0.0,0.0,0.0,0.0,0.0,0.0,0.0,0.0,0.0
3.328774999943562,571323.146078,0.4456235000001023,-0.2833099999999907,0.1991459999999921,0.4483157400624304,-0.2481299386333506,0.1838889171601365,0.0014408800000012,-0.0003313599999994,0.0044361200000011,0.5443993048197643,1.0,0.0,0.0,0.0,0.0,0.0,0.0,0.0,0.0,0.0,0.0,0.0,0.0
3.438721999991685,571323.256025,0.4456235000001023,-0.2633099999999907,0.1891459999999921,0.4476721406278368,-0.2517588419578995,0.1851456607881238,0.0014408800000012,-0.0007313599999994,0.0032361200000011,0.5459595000610973,1.0,0.0,0.0,0.0,0.0,0.0,0.0,0.0,0.0,0.0,0.0,0.0,0.0
3.5497317999834195,571323.3670348,0.4256235000001023,-0.1983099999999906,0.1691459999999921,0.4424012538149807,-0.2389815101942353,0.1813208263014002,0.0014408800000012,-0.0003313599999994,0.0028361200000011,0.5345168600169755,1.0,0.0,0.0,0.0,0.0,0.0,0.0,0.0,0.0,0.0,0.0,0.0,0.0
3.661175000015646,571323.478478,0.4456235000001023,-0.2133099999999906,0.1891459999999921,0.443171555041786,-0.2328445502413057,0.183191490600057,0.0014408800000012,-0.0003313599999994,0.0028361200000011,0.5330822957138058,1.0,0.0,0.0,0.0,0.0,0.0,0.0,0.0,0.0,0.0,0.0,0.0,0.0
3.764350599958562,571323.5816536,0.4656235000001023,-0.3483099999999907,0.1541459999999922,0.4485388546681811,-0.2604474000835763,0.1762479562587951,0.0014408800000012,-0.0003313599999994,0.0028361200000011,0.54779858930335,1.0,0.0,0.0,0.0,0.0,0.0,0.0,0.0,0.0,0.0,0.0,0.0,0.0
3.876258500036784,571323.6935615,0.4706235000001022,-0.3233099999999906,0.1891459999999921,0.4538183486656569,-0.2754751586885438,0.1793313267855749,0.0010408800000012,-0.0003313599999994,0.0028361200000011,0.5603546925000065,1.0,0.0,0.0,0.0,0.0,0.0,0.0,0.0,0.0,0.0,0.0,0.0,0.0
3.9870375000173226,571323.8043405,0.5556235000001023,-0.2483099999999907,0.1991459999999921,0.4781556054929353,-0.2689811312735145,0.1840681675509665,0.0014408800000012,-0.0003313599999994,0.0020361200000011,0.5786749712498943,1.0,0.0,0.0,0.0,0.0,0.0,0.0,0.0,0.0,0.0,0.0,0.0,0.0
4.099524399964139,571323.9168274,0.5106235000001023,-0.3483099999999907,0.1641459999999922,0.4859172902103033,-0.2879452703834426,0.1793056294879237,0.0014408800000012,-0.0007313599999994,0.0020361200000011,0.5926032403114065,1.0,0.0,0.0,0.0,0.0,0.0,0.0,0.0,0.0,0.0,0.0,0.0,0.0
4.209544999990612,571324.026848,0.4206235000001022,-0.2983099999999906,0.1691459999999921,0.4703083380036338,-0.2904230338690501,0.1768768966696255,0.0010408800000012,-0.0007313599999994,0.0024361200000011,0.580362738270576,1.0,0.0,0.0,0.0,0.0,0.0,0.0,0.0,0.0,0.0,0.0,0.0,0.0
4.314264299930073,571324.1315673,0.4906235000001022,-0.2633099999999907,0.1591459999999921,0.475164824227711,-0.2839414672686502,0.1726381977396549,0.0014408800000012,-0.0003313599999994,0.0024361200000011,0.5798347301919933,1.0,0.0,0.0,0.0,0.0,0.0,0.0,0.0,0.0,0.0,0.0,0.0,0.0
4.424580099992454,571324.2418831,0.4656235000001023,-0.3233099999999906,0.1791459999999921,0.4728839017482895,-0.293352799401031,0.1741939348798185,0.0014408800000012,-0.0003313599999994,0.0012361200000011,0.5831111183968472,1.0,0.0,0.0,0.0,0.0,0.0,0.0,0.0,0.0,0.0,0.0,0.0,0.0
4.535490100039169,571324.3527931,0.4256235000001023,-0.2483099999999907,0.1691459999999921,0.4615859613196421,-0.2825849928325651,0.1729871895824796,0.0010408800000012,-0.0007313599999994,0.0020361200000011,0.5681905011712214,1.0,0.0,0.0,0.0,0.0,0.0,0.0,0.0,0.0,0.0,0.0,0.0,0.0
4.646282300003804,571324.4635853,0.4906235000001022,-0.2633099999999907,0.1591459999999921,0.4685275946970808,-0.2779771665608939,0.169678353229421,0.0014408800000012,-0.0003313599999994,0.0032361200000011,0.5705963158630655,1.0,0.0,0.0,0.0,0.0,0.0,0.0,0.0,0.0,0.0,0.0,0.0,0.0
4.757102399948053,571324.5744054,0.4456235000001023,-0.2833099999999907,0.1891459999999921,0.4630522054095048,-0.2792520189168226,0.1743322348166273,0.0014408800000012,-0.0003313599999994,0.0028361200000011,0.5681467795384283,1.0,0.0,0.0,0.0,0.0,0.0,0.0,0.0,0.0,0.0,0.0,0.0,0.0
4.869646799983457,571324.6869498,0.4806235000001022,-0.2383099999999907,0.2991459999999922,0.4672527503095786,-0.2694645335455485,0.2041698669897589,0.0022408800000012,-0.0007313599999994,0.0028361200000011,0.5767335624856604,1.0,0.0,0.0,0.0,0.0,0.0,0.0,0.0,0.0,0.0,0.0,0.0,0.0
4.982228799955919,571324.7995318,0.3856235000001022,-0.2683099999999907,0.5191459999999922,0.4477386883651733,-0.269188533961582,0.2794671868508161,0.0046408800000012,-0.0011313599999994,0.0020361200000011,0.5924814835939267,1.0,0.0,0.0,0.0,0.0,0.0,0.0,0.0,0.0,0.0,0.0,0.0,0.0
5.084482499980368,571324.9017855,0.4656235000001023,-0.1733099999999906,0.5291459999999922,0.4520141817794195,-0.2462680778288609,0.3391547107166699,0.0046408800000012,-0.0019313599999994,0.0028361200000011,0.6164338605953993,1.0,0.0,0.0,0.0,0.0,0.0,0.0,0.0,0.0,0.0,0.0,0.0,0.0
5.195408700034022,571325.0127117,0.4906235000001022,-0.2583099999999907,0.5391459999999922,0.4612440181987575,-0.2491467863100271,0.3869640730790629,0.0046408800000012,-0.0015313599999994,0.0016361200000011,0.6515837316160437,1.0,0.0,0.0,0.0,0.0,0.0,0.0,0.0,0.0,0.0,0.0,0.0,0.0
5.306258099968545,571325.1235611,0.4706235000001022,-0.1933099999999906,0.5291459999999922,0.4634862510770939,-0.2357985991994065,0.420953689776398,0.0042408800000012,-0.0011313599999994,0.0040361200000011,0.6690459575083503,1.0,0.0,0.0,0.0,10.26,0.0,0.0,0.0,0.0,0.0,0.0228288781139298,0.0,0.0
5.417261100024916,571325.2345641,0.4006235000001021,-0.2583099999999907,0.5991459999999921,0.4484584563360985,-0.2411801121743816,0.4635518487272249,0.0050408800000012,-0.0019313599999994,0.0032361200000011,0.688595055185725,1.0,0.0,0.0,0.0,47.41,0.0,0.0,0.0,0.0,0.0,0.06856214617423306,0.0,0.0
5.527962299995124,571325.3452653,0.5056235000001021,-0.2983099999999906,0.6991459999999922,0.4621241729619989,-0.2548374245431618,0.5198723324294091,0.0066408800000012,-0.0019313599999994,0.0040361200000011,0.7407888404999075,1.0,0.0,0.0,0.0,334.8,0.0,0.0,0.0,0.0,0.0,0.2935846931222939,0.0,0.0
5.639564899960533,571325.4568679,0.5556235000001023,-0.2683099999999907,0.6991459999999922,0.4844758624931956,-0.2580581410267568,0.5627289976653381,0.0062408800000012,-0.0003313599999994,0.0048361200000011,0.7861137260614062,1.0,0.0,0.0,0.0,1326.98,0.0,0.0,0.0,0.0,0.0,1.0111753698546706,0.0,0.0
5.751236699987203,571325.5685397,0.4956235000001023,-0.2533099999999907,0.5891459999999923,0.4871407857654151,-0.2569230636155861,0.5690441728995776,0.0046408800000012,-0.0003313599999994,0.0032361200000011,0.7919134273926217,1.0,0.0,0.0,0.0,749.76,0.0,0.0,0.0,0.0,0.0,0.5742212661151189,0.0,0.0
5.861242200015113,571325.6785452,0.4706235000001022,-0.3883099999999907,0.5691459999999923,0.483192209288775,-0.288332059846356,0.5690685154034911,0.0050408800000012,-0.0007313599999994,0.0036361200000011,0.8002806152070306,1.0,0.0,0.0,0.0,915.93,0.0,0.0,0.0,0.0,0.0,0.6909039544101961,0.0,0.0
5.971222399966791,571325.7885254,0.5256235000001023,-0.3583099999999907,0.6491459999999921,0.4933357158404429,-0.3050607919334788,0.5882116165448583,0.0066408800000012,-0.0007313599999994,0.0028361200000011,0.8260963146856417,1.0,0.0,0.0,0.0,1055.72,0.0,0.0,0.0,0.0,0.0,0.7938006547801729,0.0,0.0
6.08123989996966,571325.8985429,0.3056235000001022,-0.3333099999999906,0.6291459999999921,0.4484617546838408,-0.3118139691830597,0.5979972766038578,0.0066408800000012,-0.0019313599999994,0.0024361200000011,0.8099053275645459,1.0,0.0,0.0,0.0,1176.44,0.0,0.0,0.0,0.0,0.0,0.8872391691219279,0.0,0.0
6.184462000033818,571326.001765,0.4106235000001021,-0.2983099999999906,0.6191459999999921,0.4394162465728721,-0.308585747802431,0.6030530317018481,0.0070408800000012,-0.0023313599999994,0.0032361200000011,0.8074557328694664,1.0,0.0,0.0,0.0,1286.9,0.0,0.0,0.0,0.0,0.0,0.9772774677422459,0.0,0.0
6.294482299941592,571326.1117853,0.4356235000001023,-0.3083099999999906,0.7091459999999922,0.4385095631073268,-0.3085198282983628,0.6284153221478191,0.0074408800000012,-0.0015313599999994,0.0036361200000011,0.8260635196520769,1.0,0.0,0.0,0.0,1394.92,0.0,0.0,0.0,0.0,0.0,1.0702954993791407,0.0,0.0
6.404599700006656,571326.2219027,0.5706235000001022,-0.1833099999999906,0.7991459999999923,0.4700923540611914,-0.278587514376583,0.6692297239803304,0.0066408800000012,-0.0007313599999994,0.0032361200000011,0.8639827822197064,1.0,0.0,0.0,0.0,1605.57,0.0,0.0,0.0,0.0,0.0,1.269094254635377,0.0,0.0
6.515425499994308,571326.3327285,0.5456235000001023,-0.1983099999999906,0.8091459999999923,0.4881486201054811,-0.2593965946713477,0.7026777204635375,0.0078408800000012,-0.0007313599999994,0.0036361200000011,0.8940534925125063,1.0,0.0,0.0,0.0,1582.6,0.0,0.0,0.0,0.0,0.0,1.2461327156667006,0.0,0.0
6.627045699977316,571326.4443487,0.5456235000001023,-0.2933099999999906,0.7591459999999922,0.501888405320447,-0.267503839192397,0.7161768705915946,0.0074408800000012,-0.0007313599999994,0.0040361200000011,0.9145269735486988,1.0,0.0,0.0,0.0,1722.39,0.0,0.0,0.0,0.0,0.0,1.39155758997614,0.0,0.0
6.737053000018932,571326.554356,0.4856235000001023,-0.2333099999999907,0.7291459999999922,0.4980001622122747,-0.25932955493047,0.7192772346606139,0.0070408800000012,-0.0007313599999994,0.0028361200000011,0.9124777914694184,1.0,0.0,0.0,0.0,1739.98,0.0,0.0,0.0,0.0,0.0,1.4108865301406586,0.0,0.0
6.847922099987045,571326.6652251,0.6306235000001023,-0.2233099999999906,0.8791459999999921,0.5297047291298151,-0.2507188201330969,0.7574950178447143,0.0090408800000012,-0.0003313599999994,0.0040361200000011,0.957729465397712,1.0,0.0,0.0,0.0,1741.45,0.0,0.0,0.0,0.0,0.0,1.4125131143039484,0.0,0.0
6.957949799951166,571326.7752528,0.5906235000001022,-0.3183099999999906,0.9591459999999922,0.5442678013598417,-0.2668769799326472,0.8057011417771234,0.0118408800000012,-0.0011313599999994,0.0052361200000011,1.008268363024451,1.0,0.0,0.0,0.0,1764.91,0.0,0.0,0.0,0.0,0.0,1.438712193439612,0.0,0.0
7.068945599952713,571326.8862486,0.5956235000001022,-0.2133099999999906,0.929145999999992,0.5565447520933695,-0.2540714064327369,0.8352115268528975,0.0106408800000012,-0.0011313599999994,0.0068361200000011,1.035312819990812,1.0,0.0,0.0,0.0,1717.5,0.0,0.0,0.0,0.0,0.0,1.3862278214921713,0.0,0.0
7.181296700029634,571326.9985997,0.5056235000001021,-0.1683099999999906,1.019145999999992,0.544371658945173,-0.2335695227179767,0.8791823913297365,0.0114408800000012,-0.0011313599999994,0.0052361200000011,1.0601211733710902,1.0,0.0,0.0,0.0,1715.54,0.0,0.0,0.0,0.0,0.0,1.3840968215044958,0.0,0.0
7.2921030999859795,571327.1094061,0.5056235000001021,-0.2683099999999907,0.9491459999999922,0.5351086316477387,-0.2418744847639252,0.8959076973722325,0.0110408800000012,-0.0015313599999994,0.0048361200000011,1.0712119847418369,1.0,0.0,0.0,0.0,1841.15,0.0,0.0,0.0,0.0,0.0,1.5271401110810563,0.0,0.0
7.394360300037079,571327.2116633,0.5506235000001023,-0.2183099999999906,0.919145999999992,0.5388175730007401,-0.2362412244604426,0.9014629814798496,0.0102408800000012,-0.0015313599999994,0.0040361200000011,1.076461703957701,1.0,0.0,0.0,0.0,1735.58,0.0,0.0,0.0,0.0,0.0,1.4060282916712101,0.0,0.0
7.5044839000329375,571327.3217869,0.4256235000001023,-0.2633099999999907,0.8991459999999921,0.5117577121800221,-0.2427122107874679,0.9009090903201172,0.0098408800000012,-0.0015313599999994,0.0040361200000011,1.0641627517736618,1.0,0.0,0.0,0.0,1722.39,0.0,0.0,0.0,0.0,0.0,1.39155758997614,0.0,0.0
7.616383099928498,571327.4336861,0.5056235000001021,-0.2683099999999907,0.8691459999999921,0.5102912844472516,-0.2488315472071852,0.8933158941348927,0.0098408800000012,-0.0019313599999994,0.0040361200000011,1.0584552992839944,1.0,0.0,0.0,0.0,1693.55,0.0,0.0,0.0,0.0,0.0,1.3603919880425774,0.0,0.0
7.727395399939269,571327.5446984,0.5806235000001022,-0.1283099999999907,0.8291459999999923,0.5271047086277045,-0.2200200007465688,0.8779756174036115,0.0090408800000012,-0.0015313599999994,0.0036361200000011,1.0474203355583995,1.0,0.0,0.0,0.0,1644.67,0.0,0.0,0.0,0.0,0.0,1.3089928754648288,0.0,0.0
7.838780399993993,571327.6560834,0.4706235000001022,-0.1883099999999906,0.909145999999992,0.5136024677070139,-0.2124394960073989,0.8854271225259852,0.0090408800000012,-0.0015313599999994,0.0048361200000011,1.0454182051233172,1.0,0.0,0.0,0.0,1693.55,0.0,0.0,0.0,0.0,0.0,1.3603919880425774,0.0,0.0
7.949766799923964,571327.7670698,0.6006235000001022,-0.2633099999999907,0.8991459999999921,0.5344054740827356,-0.2246004574555443,0.8887067192859766,0.0098408800000012,-0.0011313599999994,0.0064361200000011,1.0610533488580471,1.0,0.0,0.0,0.0,1695.99,0.0,0.0,0.0,0.0,0.0,1.3630040125100598,0.0,0.0
8.054490800015628,571327.8717938,0.5806235000001022,-0.3233099999999906,0.8691459999999921,0.5454542270393081,-0.2481976866401008,0.884030588041641,0.0098408800000012,-0.0007313599999994,0.0052361200000011,1.06800397285862,1.0,0.0,0.0,0.0,1680.35,0.0,0.0,0.0,0.0,0.0,1.3463389958461462,0.0,0.0
8.168049499974586,571327.9853525,0.6056235000001022,-0.2383099999999907,0.909145999999992,0.5598381263799892,-0.2458339637239836,0.8900346086942431,0.0090408800000012,-0.0011313599999994,0.0028361200000011,1.0798215918115437,1.0,0.0,0.0,0.0,1720.43,0.0,0.0,0.0,0.0,0.0,1.3894190644181048,0.0,0.0
8.28043779998552,571328.0977408,0.5806235000001022,-0.1783099999999906,0.9391459999999922,0.5648070200893243,-0.229691872428937,0.9017750415474536,0.0094408800000012,-0.0015313599999994,0.0040361200000011,1.0885603114940416,1.0,0.0,0.0,0.0,1754.15,0.0,0.0,0.0,0.0,0.0,1.4266394011860193,0.0,0.0
8.391258299932815,571328.2085613,0.4656235000001023,-0.1683099999999906,0.9391459999999922,0.5410964831488599,-0.2150180924260476,0.9107088391187876,0.0098408800000012,-0.0015313599999994,0.0044361200000011,1.0809295878065743,1.0,0.0,0.0,0.0,1768.33,0.0,0.0,0.0,0.0,0.0,1.4425697823588493,0.0,0.0
8.494818200008012,571328.3121212,0.5056235000001021,-0.1683099999999906,0.929145999999992,0.5326164102841292,-0.203852185530523,0.915116375610312,0.0106408800000012,-0.0019313599999994,0.0036361200000011,1.0782735900316192,1.0,0.0,0.0,0.0,1808.41,0.0,0.0,0.0,0.0,0.0,1.4885292147652338,0.0,0.0
8.607061099959537,571328.4243641,0.5956235000001022,-0.2633099999999907,0.929145999999992,0.5476787102194192,-0.2180660055795533,0.9184702586652096,0.0102408800000012,-0.0011313599999994,0.0048361200000011,1.0913717828813263,1.0,0.0,0.0,0.0,1791.3,0.0,0.0,0.0,0.0,0.0,1.4687376900395133,0.0,0.0
8.71712209994439,571328.5344251,0.5156235000001022,-0.1433099999999907,0.9491459999999922,0.5400156806621322,-0.200195042437478,0.9258035162209024,0.0098408800000012,-0.0007313599999994,0.0044361200000011,1.0903243283649668,1.0,0.0,0.0,0.0,1770.28,0.0,0.0,0.0,0.0,0.0,1.4447737095965272,0.0,0.0
8.828956999932416,571328.64626,0.5356235000001023,-0.0783099999999906,0.9391459999999922,0.5389656981474708,-0.1710575425927014,0.9289931333492022,0.0102408800000012,-0.0003313599999994,0.0048361200000011,1.0875536531442542,1.0,0.0,0.0,0.0,1719.94,0.0,0.0,0.0,0.0,0.0,1.3888849057152204,0.0,0.0
8.940569199970923,571328.7578722,0.5306235000001023,-0.2783099999999907,0.8491459999999921,0.5369714354195506,-0.1966970172859115,0.9099050993374675,0.0102408800000012,-0.0011313599999994,0.0036361200000011,1.0746884799168703,1.0,0.0,0.0,0.0,1717.5,0.0,0.0,0.0,0.0,0.0,1.3862278214921713,0.0,0.0
9.049925499944948,571328.8672285,0.4856235000001023,-0.2783099999999907,0.8991459999999921,0.5246963405400363,-0.2162071903441264,0.9073330589212992,0.0102408800000012,-0.0011313599999994,0.0052361200000011,1.0701892723925468,1.0,0.0,0.0,0.0,1753.18,0.0,0.0,0.0,0.0,0.0,1.4255557872609745,0.0,0.0
9.161677500000224,571328.9789805,0.6206235000001022,-0.2783099999999907,0.8991459999999921,0.5476284209494194,-0.2310533155988803,0.9053758833460344,0.0102408800000012,-0.0007313599999994,0.0052361200000011,1.0830457110507397,1.0,0.0,0.0,0.0,1730.69,0.0,0.0,0.0,0.0,0.0,1.4006473015644814,0.0,0.0
9.274821499944665,571329.0921245,0.5556235000001023,-0.1183099999999907,0.9491459999999922,0.5495397023498236,-0.2041012115911462,0.9158394459104454,0.0098408800000012,-0.0015313599999994,0.0064361200000011,1.0873881918235355,1.0,0.0,0.0,0.0,1745.85,0.0,0.0,0.0,0.0,0.0,1.4173923043267038,0.0,0.0
9.384914099937305,571329.2022171,0.5156235000001022,-0.1883099999999906,0.8891459999999921,0.5414317891806809,-0.2003262083907156,0.9094581848424904,0.0098408800000012,6.864000000058375e-05,0.0048361200000011,1.0772154668777232,1.0,0.0,0.0,0.0,1720.92,0.0,0.0,0.0,0.0,0.0,1.3899534120572516,0.0,0.0
9.486873899935745,571329.3041769,0.5156235000001022,-0.2833099999999907,0.8591459999999921,0.53526213122303,-0.2201640832175169,0.897430693620255,0.0094408800000012,-0.0007313599999994,0.0060361200000011,1.0678762205949537,1.0,0.0,0.0,0.0,1674.98,0.0,0.0,0.0,0.0,0.0,1.3406590957033342,0.0,0.0
9.598060199990869,571329.4153632,0.5356235000001023,-0.2733099999999907,0.8891459999999921,0.5353485190395765,-0.2328689985297797,0.8954501777649297,0.0098408800000012,-0.0007313599999994,0.0052361200000011,1.068951368479116,1.0,0.0,0.0,0.0,1707.72,0.0,0.0,0.0,0.0,0.0,1.3756243521226554,0.0,0.0
9.712135200039484,571329.5294382,0.5406235000001023,-0.1733099999999906,0.8991459999999921,0.5366095413425991,-0.2186309897002153,0.8963336907674024,0.0090408800000012,-0.0007313599999994,0.0044361200000011,1.0673159769824134,1.0,0.0,0.0,0.0,1786.41,0.0,0.0,0.0,0.0,0.0,1.4631287251046965,0.0,0.0
9.81782390002627,571329.6351269,0.5606235000001023,-0.1383099999999907,0.919145999999992,0.5423502516271637,-0.1994296769048169,0.9017871380766938,0.0094408800000012,-0.0007313599999994,0.0060361200000011,1.0710443659676108,1.0,0.0,0.0,0.0,1727.27,0.0,0.0,0.0,0.0,0.0,1.396895273061207,0.0,0.0
9.92814490001183,571329.7454479,0.6006235000001022,-0.3133099999999906,0.8791459999999921,0.5562808925939744,-0.2266535907678372,0.8963746104686913,0.0102408800000012,-0.0003313599999994,0.0056361200000011,1.079030918911039,1.0,0.0,0.0,0.0,1723.85,0.0,0.0,0.0,0.0,0.0,1.3931525431623961,0.0,0.0
10.038708199979736,571329.8560112,0.4906235000001022,-0.2533099999999907,0.8291459999999923,0.5405850186109663,-0.2330259979503061,0.8803031255028396,0.0098408800000012,-0.0007313599999994,0.0052361200000011,1.0589933289862703,1.0,0.0,0.0,0.0,1689.15,0.0,0.0,0.0,0.0,0.0,1.3556931462909838,0.0,0.0
10.149660399998538,571329.9669634,0.5606235000001023,-0.2133099999999906,0.8891459999999921,0.5453753623372276,-0.2283127462195897,0.8824170785288666,0.0094408800000012,-0.0007313599999994,0.0052361200000011,1.0621774316987784,1.0,0.0,0.0,0.0,1683.28,0.0,0.0,0.0,0.0,0.0,1.3494470896534416,0.0,0.0
10.267801200039685,571330.0851042,0.5656235000001022,-0.1883099999999906,0.8991459999999921,0.5502158259102014,-0.2187498007715294,0.886416248049755,0.0094408800000012,-0.0003313599999994,0.0048361200000011,1.065984378509476,1.0,0.0,0.0,0.0,1741.45,0.0,0.0,0.0,0.0,0.0,1.4125131143039484,0.0,0.0
10.36661060003098,571330.1839136,0.6906235000001022,-0.3133099999999906,0.8491459999999921,0.5837812946517674,-0.2413550994631589,0.8775065260276971,0.0098408800000012,-0.0003313599999994,0.0056361200000011,1.0812356760870234,1.0,0.0,0.0,0.0,1721.41,0.0,0.0,0.0,0.0,0.0,1.390487948770987,0.0,0.0
10.476618999964558,571330.293922,0.6456235000001023,-0.2883099999999906,0.8591459999999921,0.5985651205643023,-0.2525800076204099,0.8731173096514822,0.0098408800000012,-0.0003313599999994,0.0044361200000011,1.0883063448398738,1.0,0.0,0.0,0.0,1725.32,0.0,0.0,0.0,0.0,0.0,1.39476012401992,0.0,0.0
10.586117699975148,571330.4034207,0.5806235000001022,-0.2233099999999906,0.909145999999992,0.5942760465651482,-0.2455828008636088,0.8817302283365261,0.0098408800000012,-0.0003313599999994,0.0056361200000011,1.0912942440806237,1.0,0.0,0.0,0.0,1739.0,0.0,0.0,0.0,0.0,0.0,1.4098031136963711,0.0,0.0
10.697100699995644,571330.5144037,0.5156235000001022,-0.2383099999999907,0.8591459999999921,0.5754735871533979,-0.2438441852812788,0.8763313054130045,0.0102408800000012,-0.0007313599999994,0.0044361200000011,1.0763765108239545,1.0,0.0,0.0,0.0,1680.35,0.0,0.0,0.0,0.0,0.0,1.3463389958461462,0.0,0.0
10.809602899942549,571330.6269059,0.6056235000001022,-0.0883099999999906,0.8991459999999921,0.5826811416106352,-0.2066626147713837,0.8817853229584955,0.0094408800000012,-0.0003313599999994,0.0036361200000011,1.0769271585942275,1.0,0.0,0.0,0.0,1676.93,0.0,0.0,0.0,0.0,0.0,1.3427191675641184,0.0,0.0
10.920503700035624,571330.7378067,0.5606235000001023,-0.2133099999999906,0.8491459999999921,0.5774081030478216,-0.2082517202284051,0.873982657031503,0.0098408800000012,-0.0003313599999994,0.0060361200000011,1.0679955904568237,1.0,0.0,0.0,0.0,1754.64,0.0,0.0,0.0,0.0,0.0,1.4271870898117256,0.0,0.0
11.030538699938916,571330.8478417,0.5356235000001023,-0.2733099999999907,0.8791459999999921,0.5674191918535592,-0.2238043719634878,0.8752169914660998,0.0102408800000012,-0.0003313599999994,0.0064361200000011,1.0667978807368754,1.0,0.0,0.0,0.0,1672.53,0.0,0.0,0.0,0.0,0.0,1.3380747642179194,0.0,0.0
11.140475600026548,571330.9577786,0.6206235000001022,-0.2283099999999907,0.909145999999992,0.5801380660431993,-0.2248814748925166,0.8833279660460754,0.0106408800000012,-0.0003313599999994,0.0056361200000011,1.0804629327382194,1.0,0.0,0.0,0.0,1712.61,0.0,0.0,0.0,0.0,0.0,1.3809167875733503,0.0,0.0
11.256793699925764,571331.0740967,0.6006235000001022,-0.2383099999999907,0.909145999999992,0.5850352570093966,-0.2280916608218958,0.8894999535621853,0.0110408800000012,6.864000000058375e-05,0.0048361200000011,1.088807708030978,1.0,0.0,0.0,0.0,1730.21,0.0,0.0,0.0,0.0,0.0,1.4001201383405333,0.0,0.0
11.355518899974411,571331.1728219,0.5106235000001023,-0.2683099999999907,0.8991459999999921,0.5672465889747615,-0.2377061453240441,0.8918059106424272,0.0110408800000012,-0.0007313599999994,0.0040361200000011,1.083323906541846,1.0,0.0,0.0,0.0,1717.01,0.0,0.0,0.0,0.0,0.0,1.3856947896712735,0.0,0.0
11.467969399993308,571331.2852724,0.5706235000001022,-0.3033099999999906,0.8791459999999921,0.5680538639488598,-0.253389220681035,0.8887794675530872,0.0110408800000012,-0.0011313599999994,0.0048361200000011,1.0848134546771262,1.0,0.0,0.0,0.0,1726.3,0.0,0.0,0.0,0.0,0.0,1.3958327959704577,0.0,0.0
11.580409799935296,571331.3977128,0.5456235000001023,-0.3683099999999907,0.9691459999999922,0.5626917234186926,-0.2808618631202011,0.9079916676710628,0.0118408800000012,-0.0011313599999994,0.0032361200000011,1.104515382563469,1.0,0.0,0.0,0.0,1798.63,0.0,0.0,0.0,0.0,0.0,1.4771846780947377,0.0,0.0
11.692099899984896,571331.5094029,0.6106235000001022,-0.2833099999999907,1.0491459999999924,0.5741501608509721,-0.2814471079257025,0.9417356304582368,0.0118408800000012,-0.0015313599999994,0.0036361200000011,1.1382999953612898,1.0,0.0,0.0,0.0,1833.82,0.0,0.0,0.0,0.0,0.0,1.5184094138243398,0.0,0.0
11.802076200023292,571331.6193792,0.5206235000001023,-0.2833099999999907,1.1191459999999922,0.5613542259188122,-0.2818924457328682,0.9841468608406352,0.0126408800000012,-0.0011313599999994,0.0036361200000011,1.167530282956568,1.0,0.0,0.0,0.0,1901.27,0.0,0.0,0.0,0.0,0.0,1.6007207872446203,0.0,0.0
11.912048500031233,571331.7293515,0.5406235000001023,-0.1983099999999906,1.2441459999999922,0.5563983961372513,-0.2619114583133755,1.04630153318924,0.0138408800000012,-0.0011313599999994,0.0040361200000011,1.2136406739946133,1.0,0.0,0.0,0.0,1900.78,0.0,0.0,0.0,0.0,0.0,1.6001063575807737,0.0,0.0
12.015445600030944,571331.8327486,0.5506235000001023,-0.2133099999999906,1.394145999999992,0.5550178655000644,-0.2502929286255471,1.1294562656733589,0.0154408800000012,-0.0019313599999994,0.0036361200000011,1.283106713104179,1.0,0.0,0.0,0.0,1950.15,0.0,0.0,0.0,0.0,0.0,1.663301655098074,0.0,0.0
12.126329299993811,571331.9436323,0.5706235000001022,-0.1333099999999907,1.3841459999999923,0.5587485051563266,-0.2223273144984742,1.1903416864436276,0.0154408800000012,-0.0023313599999994,0.0028361200000011,1.3336201322985464,1.0,0.0,0.0,0.0,2086.02,0.0,0.0,0.0,0.0,0.0,1.8521196186673272,0.0,0.0
12.23716829996556,571332.0544713,0.6156235000001022,-0.2283099999999907,1.3641459999999923,0.5723448835165518,-0.2237575186842026,1.2318908630939736,0.0154408800000012,-0.0019313599999994,0.0040361200000011,1.3766630638720945,1.0,0.0,0.0,0.0,2050.34,0.0,0.0,0.0,0.0,0.0,1.8002367726010002,0.0,0.0
12.347217499976978,571332.1645205,0.5056235000001021,-0.2183099999999906,1.3641459999999923,0.5563946548176454,-0.2224552499919876,1.263507408930978,0.0150408800000012,-0.0027313599999994,0.0016361200000011,1.3983963395912182,1.0,0.0,0.0,0.0,2045.94,0.0,0.0,0.0,0.0,0.0,1.7939582825083018,0.0,0.0
12.458875600015745,571332.2761786,0.4406235000001022,-0.2783099999999907,1.3241459999999925,0.5287187239727603,-0.2358077314543699,1.2780035021556002,0.0142408800000012,-0.0035313599999994,0.0020361200000011,1.403011663107267,1.0,0.0,0.0,0.0,2083.58,0.0,0.0,0.0,0.0,0.0,1.848515350658279,0.0,0.0
12.569812000030652,571332.387115,0.3906235000001021,-0.3033099999999906,1.4241459999999924,0.4957060631359605,-0.251944636360309,1.3129399219418114,0.0154408800000012,-0.0035313599999994,0.0028361200000011,1.4258372415703873,1.0,0.0,0.0,0.0,2075.27,0.0,0.0,0.0,0.0,0.0,1.8363029876183874,0.0,0.0
12.680586599977689,571332.4978896,0.4856235000001023,-0.2533099999999907,1.3541459999999923,0.4932957535858228,-0.2522710364012303,1.3227905325582854,0.0142408800000012,-0.0031313599999994,0.0008361200000011,1.434139522270615,1.0,0.0,0.0,0.0,2126.1,0.0,0.0,0.0,0.0,0.0,1.912559291247824,0.0,0.0
12.792991499998609,571332.6102945,0.5056235000001021,-0.2183099999999906,1.3441459999999923,0.496242790416997,-0.2441524053282084,1.327895711313808,0.0142408800000012,-0.0031313599999994,0.0024361200000011,1.4384624861962865,1.0,0.0,0.0,0.0,2106.55,0.0,0.0,0.0,0.0,0.0,1.8827835095246377,0.0,0.0
12.90294860000722,571332.7202516,0.4206235000001022,-0.0683099999999906,1.414145999999992,0.4781654527985237,-0.2021160081174194,1.3485144658627477,0.0146408800000012,-0.0027313599999994,0.0024361200000011,1.4449859326749277,1.0,0.0,0.0,0.0,2140.76,0.0,0.0,0.0,0.0,0.0,1.935267957518149,0.0,0.0
13.00606439996045,571332.8233674,0.5956235000001022,-0.2133099999999906,1.5641459999999925,0.5062446474532662,-0.2047920127379874,1.4000627417365108,0.0158408800000012,-0.0019313599999994,0.0016361200000011,1.5027970895483906,1.0,0.0,0.0,0.0,2172.04,0.0,0.0,0.0,0.0,0.0,1.9848560677895901,0.0,0.0
13.118275600019842,571332.9355786,0.5206235000001023,-0.1333099999999907,1.664145999999992,0.5096820160218203,-0.1877037212347381,1.463193752259043,0.0170408800000012,-0.0031313599999994,0.0028361200000011,1.5607512297196289,1.0,0.0,0.0,0.0,2221.41,0.0,0.0,0.0,0.0,0.0,2.0664568660304106,0.0,0.0
13.229639300028794,571333.0469423,0.5306235000001023,-0.1983099999999906,1.934145999999992,0.5146882290399561,-0.1902392287892003,1.5757782890572072,0.0194408800000012,-0.0031313599999994,0.0020361200000011,1.6685838766890488,1.0,0.0,0.0,0.0,2291.79,0.0,0.0,0.0,0.0,0.0,2.190552429434273,0.0,0.0
13.341262300033122,571333.1585653,0.4906235000001022,-0.1233099999999907,1.9641459999999924,0.5089353817287452,-0.1742393131764473,1.6686203957752277,0.0190408800000012,-0.0031313599999994,0.0028361200000011,1.7531881206044777,1.0,0.0,0.0,0.0,2440.37,0.0,0.0,0.0,0.0,0.0,2.488480424120172,0.0,0.0
13.451372299925424,571333.2686753,0.5556235000001023,-0.1133099999999907,1.7641459999999922,0.5200965136583032,-0.1596737207319775,1.691456481504933,0.0182408800000012,-0.0035313599999994,0.0016361200000011,1.7768008074730728,1.0,0.0,0.0,0.0,2317.2,0.0,0.0,0.0,0.0,0.0,2.2378203321653096,0.0,0.0
13.563116899924353,571333.3804199,0.6406235000001023,-0.1133099999999907,1.8541459999999923,0.548909360383337,-0.1485901383775274,1.730348586106922,0.0190408800000012,-0.0027313599999994,0.0024361200000011,1.8213969212068304,1.0,0.0,0.0,0.0,2288.37,0.0,0.0,0.0,0.0,0.0,2.184294795322347,0.0,0.0
13.665603499975989,571333.4829065,0.4856235000001023,-0.0733099999999906,1.8141459999999925,0.5337804183063073,-0.130593877503965,1.750380963217955,0.0186408800000012,-0.0035313599999994,0.0024361200000011,1.83461434972165,1.0,0.0,0.0,0.0,2289.34,0.0,0.0,0.0,0.0,0.0,2.1860671546027395,0.0,0.0
13.77652620000299,571333.5938292,0.5306235000001023,-0.1233099999999907,1.8141459999999925,0.5330257341808602,-0.1288526139707446,1.7656244558745022,0.0214408800000012,-0.0047313599999994,0.0020361200000011,1.8488237202633115,1.0,0.0,0.0,0.0,2204.3,0.0,0.0,0.0,0.0,0.0,2.0376959873824836,0.0,0.0
13.888162899995224,571333.7054659,0.5006235000001023,-0.1383099999999907,1.909145999999992,0.5252797460388249,-0.1311134704175106,1.7999343177414606,0.0230408800000012,-0.0051313599999994,0.0016361200000011,1.879593866213377,1.0,0.0,0.0,0.0,2204.3,0.0,0.0,0.0,0.0,0.0,2.0376959873824836,0.0,0.0
14.000552000012249,571333.817855,0.5506235000001023,-0.1133099999999907,1.8391459999999924,0.5313383534966802,-0.1268574222088633,1.8093081536352893,0.0218408800000012,-0.0051313599999994,0.0024361200000011,1.8899759909261231,1.0,0.0,0.0,0.0,2197.46,0.0,0.0,0.0,0.0,0.0,2.026343315449503,0.0,0.0
14.112195399939084,571333.9294984,0.5006235000001023,-0.1183099999999907,1.9391459999999925,0.5239957458961793,-0.1248140991865818,1.8403468287068263,0.0230408800000012,-0.0055313599999994,0.0024361200000011,1.9175574439907463,1.0,0.0,0.0,0.0,2174.49,0.0,0.0,0.0,0.0,0.0,1.9888072507320722,0.0,0.0
14.223806699970735,571334.0411097,0.4256235000001023,-0.2833099999999907,1.8541459999999923,0.5004791499119152,-0.1627036891887104,1.843645620284299,0.0234408800000012,-0.0071313599999994,0.0004361200000011,1.917284810132717,1.0,0.0,0.0,0.0,2213.1,0.0,0.0,0.0,0.0,0.0,2.052422908457488,0.0,0.0
14.325668400037102,571334.1429714,0.4206235000001022,-0.2333099999999907,1.9491459999999925,0.4813890799543701,-0.1795826378206484,1.868866248149006,0.0238408800000012,-0.0071313599999994,-0.0003638799999988,1.9382070125702464,1.0,0.0,0.0,0.0,2227.27,0.0,0.0,0.0,0.0,0.0,2.0764285461590646,0.0,0.0
14.44467050000094,571334.2619735,0.3306235000001023,-0.2583099999999907,1.999145999999992,0.4453474789944476,-0.198402982445435,1.900010563919192,0.0246408800000012,-0.0071313599999994,0.0008361200000011,1.9615652585357644,1.0,0.0,0.0,0.0,2266.37,0.0,0.0,0.0,0.0,0.0,2.144612743437177,0.0,0.0
14.554994800011627,571334.3722978,0.4206235000001022,-0.2333099999999907,2.0891459999999924,0.4394370332194504,-0.2067477571465567,1.9452247561550648,0.0242408800000012,-0.0071313599999994,-0.0003638799999988,2.004931144256175,1.0,0.0,0.0,0.0,2349.46,0.0,0.0,0.0,0.0,0.0,2.299881772277952,0.0,0.0
14.657177099958062,571334.4744801,0.4656235000001023,-0.3083099999999906,2.1791459999999923,0.4456970972642065,-0.231026944946773,2.001145319252192,0.0254408800000012,-0.0063313599999994,-0.0003638799999988,2.0631533972456184,1.0,0.0,0.0,0.0,2456.5,0.0,0.0,0.0,0.0,0.0,2.5242783728433675,0.0,0.0
14.76878729998134,571334.5860903,0.5256235000001023,-0.3683099999999907,2.329145999999992,0.4648040811954395,-0.2638454509365885,2.0795562513341768,0.0266408800000012,-0.0063313599999994,0.0016361200000011,2.147140297777237,1.0,0.0,0.0,0.0,2520.53,0.0,0.0,0.0,0.0,0.0,2.6742671904553283,0.0,0.0
14.882952200016009,571334.7002552,0.4856235000001023,-0.2683099999999907,2.3391459999999924,0.4697811136520703,-0.2649127336403591,2.141613055928023,0.0266408800000012,-0.0059313599999994,0.0012361200000011,2.208479008845308,1.0,0.0,0.0,0.0,2601.66,0.0,0.0,0.0,0.0,0.0,2.884889302244774,0.0,0.0
14.993805199977942,571334.8111082,0.5306235000001023,-0.3883099999999907,2.204145999999992,0.4843259256102796,-0.2944117415374412,2.15656200792207,0.0258408800000012,-0.0055313599999994,0.0020361200000011,2.2298003430321365,1.0,0.0,0.0,0.0,2489.25,0.0,0.0,0.0,0.0,0.0,2.5993611570264075,0.0,0.0
15.103895099950025,571334.9211981,0.5106235000001023,-0.2533099999999907,2.0441459999999925,0.4906125507316061,-0.2845860733199342,2.129688149178821,0.0246408800000012,-0.0055313599999994,0.0016361200000011,2.203919581295049,1.0,0.0,0.0,0.0,2425.71,0.0,0.0,0.0,0.0,0.0,2.456589720748362,0.0,0.0
15.21398539992515,571335.0312884,0.5106235000001023,-0.2833099999999907,1.8441459999999923,0.4953963127055471,-0.2842810187749449,2.0614272357723014,0.0214408800000012,-0.0047313599999994,0.0028361200000011,2.13909220293605,1.0,0.0,0.0,0.0,2299.61,0.0,0.0,0.0,0.0,0.0,2.20495268490595,0.0,0.0
15.323815900017507,571335.1411189,0.5156235000001022,-0.3233099999999906,1.994145999999992,0.5002317679416368,-0.293611178666958,2.045343170347477,0.0242408800000012,-0.0047313599999994,0.0036361200000011,2.1259981256772744,1.0,0.0,0.0,0.0,2252.2,0.0,0.0,0.0,0.0,0.0,2.119564394277504,0.0,0.0
15.434695999952964,571335.251999,0.4506235000001022,-0.3133099999999906,1.9241459999999924,0.4883725531393984,-0.2983203242032358,2.0163701112947354,0.0246408800000012,-0.0051313599999994,0.0036361200000011,2.09600839507273,1.0,0.0,0.0,0.0,2263.44,0.0,0.0,0.0,0.0,0.0,2.139401106546774,0.0,0.0
15.544682599953376,571335.3619856,0.4906235000001022,-0.3133099999999906,1.9841459999999924,0.4889106582464134,-0.3019037144820323,2.008666704715292,0.0246408800000012,-0.0055313599999994,0.0036361200000011,2.0892394346260987,1.0,0.0,0.0,0.0,2270.28,0.0,0.0,0.0,0.0,0.0,2.1515940369784468,0.0,0.0
15.654671999975108,571335.471975,0.5806235000001022,-0.3633099999999907,1.974145999999992,0.5108352755654967,-0.3165833306102006,2.000414280888968,0.0246408800000012,-0.0047313599999994,0.0044361200000011,2.088740045857036,1.0,0.0,0.0,0.0,2275.66,0.0,0.0,0.0,0.0,0.0,2.1612499627890345,0.0,0.0
15.757016699993985,571335.5743197,0.6256235000001023,-0.3383099999999907,1.954145999999992,0.538276229802034,-0.3217772478728312,1.9893535141184104,0.0246408800000012,-0.0043313599999994,0.0048361200000011,2.085859367491916,1.0,0.0,0.0,0.0,2286.41,0.0,0.0,0.0,0.0,0.0,2.1807194728833235,0.0,0.0
15.867102499934845,571335.6844055,0.4956235000001023,-0.3133099999999906,1.9041459999999923,0.5280797866361674,-0.3197530911047264,1.9689840423624927,0.0238408800000012,-0.0047313599999994,0.0044361200000011,2.06349423536943,1.0,0.0,0.0,0.0,2269.79,0.0,0.0,0.0,0.0,0.0,2.150717475035956,0.0,0.0
15.977108499966562,571335.7944115,0.5156235000001022,-0.4233099999999906,1.9241459999999924,0.5251020213364507,-0.3445091182309332,1.9582651844431749,0.0242408800000012,-0.0051313599999994,0.0036361200000011,2.0565070381494306,1.0,0.0,0.0,0.0,2263.93,0.0,0.0,0.0,0.0,0.0,2.140271496790765,0.0,0.0
16.090203600004315,571335.9075066,0.4956235000001023,-0.3133099999999906,1.9241459999999924,0.5180549678696348,-0.3370507436475425,1.9501087469383265,0.0242408800000012,-0.0047313599999994,0.0044361200000011,2.045704836581548,1.0,0.0,0.0,0.0,2276.64,0.0,0.0,0.0,0.0,0.0,2.1630151203740944,0.0,0.0
16.20462889992632,571336.0219319,0.4906235000001022,-0.4133099999999906,1.8841459999999923,0.5114972773211786,-0.3552810697457745,1.9343398757935133,0.0246408800000012,-0.0051313599999994,0.0040361200000011,2.032123238957605,1.0,0.0,0.0,0.0,2255.13,0.0,0.0,0.0,0.0,0.0,2.1247116705073834,0.0,0.0
16.308030999964103,571336.125334,0.3856235000001022,-0.3233099999999906,1.8541459999999923,0.481406241589412,-0.3476381545764837,1.915168950495734,0.0238408800000012,-0.0051313599999994,0.0036361200000011,2.0051125566664627,1.0,0.0,0.0,0.0,2258.06,0.0,0.0,0.0,0.0,0.0,2.129875587875364,0.0,0.0
16.419966700021178,571336.2372697,0.5206235000001023,-0.2733099999999907,1.8541459999999923,0.4907814105026945,-0.3298694723073212,1.9005809733736896,0.0230408800000012,-0.0051313599999994,0.0044361200000011,1.990449270392342,1.0,0.0,0.0,0.0,2224.83,0.0,0.0,0.0,0.0,0.0,2.072268892453733,0.0,0.0
16.527243899996392,571336.3445469,0.5306235000001023,-0.1933099999999906,1.8141459999999925,0.5003059498007933,-0.2972239439997901,1.8799180686161097,0.0218408800000012,-0.0043313599999994,0.0048361200000011,1.967927859704768,1.0,0.0,0.0,0.0,2219.94,0.0,0.0,0.0,0.0,0.0,2.063965250314331,0.0,0.0
16.640481999958865,571336.457785,0.4656235000001023,-0.2083099999999906,1.8141459999999925,0.492014859643423,-0.2759684234069218,1.8641947805016088,0.0214408800000012,-0.0047313599999994,0.0036361200000011,1.9476805108839288,1.0,0.0,0.0,0.0,2222.87,0.0,0.0,0.0,0.0,0.0,2.0689354167313723,0.0,0.0
16.747966299997643,571336.5652693,0.4356235000001023,-0.2283099999999907,1.7841459999999922,0.4785340977714589,-0.2645753330255982,1.845058541281471,0.0226408800000012,-0.0055313599999994,0.0024361200000011,1.92437938316,1.0,0.0,0.0,0.0,2211.63,0.0,0.0,0.0,0.0,0.0,2.0499532739612305,0.0,0.0
16.858842400019057,571336.6761454,0.4406235000001022,-0.1983099999999906,1.7941459999999925,0.4694712955228168,-0.2487341264908588,1.832887530515756,0.0222408800000012,-0.0051313599999994,0.0044361200000011,1.90833662190956,1.0,0.0,0.0,0.0,2212.12,0.0,0.0,0.0,0.0,0.0,2.05077605688912,0.0,0.0
16.968818199937232,571336.7861212,0.5406235000001023,-0.2883099999999906,1.8341459999999925,0.4864807439789367,-0.2581950249339196,1.8331883767366568,0.0230408800000012,-0.0055313599999994,0.0052361200000011,1.9141336969410745,1.0,0.0,0.0,0.0,2229.23,0.0,0.0,0.0,0.0,0.0,2.0797778248602716,0.0,0.0
17.080735599971376,571336.8980386,0.3906235000001021,-0.2983099999999906,1.8341459999999925,0.4635653773703841,-0.2677847994984266,1.8334173034952548,0.0230408800000012,-0.0051313599999994,0.0040361200000011,1.9099792058278464,1.0,0.0,0.0,0.0,2246.82,0.0,0.0,0.0,0.0,0.0,2.110156097620951,0.0,0.0
17.19130409997888,571337.0086071,0.5006235000001023,-0.3133099999999906,1.7641459999999922,0.4724243892784689,-0.2786679275346504,1.816857498005784,0.0230408800000012,-0.0051313599999994,0.0044361200000011,1.8978439834405323,1.0,0.0,0.0,0.0,2244.38,0.0,0.0,0.0,0.0,0.0,2.1059073690390484,0.0,0.0
17.302168700029142,571337.1194717,0.6006235000001022,-0.3483099999999907,1.874145999999992,0.5030713127569418,-0.295316368024709,1.8305527282373344,0.0242408800000012,-0.0047313599999994,0.0044361200000011,1.92125370365276,1.0,0.0,0.0,0.0,2220.92,0.0,0.0,0.0,0.0,0.0,2.0656258919205954,0.0,0.0
17.412256099982187,571337.2295591,0.4856235000001023,-0.3883099999999907,1.9241459999999924,0.4989002870812126,-0.317547167498194,1.852926875933556,0.0250408800000012,-0.0055313599999994,0.0052361200000011,1.9450130353272008,1.0,0.0,0.0,0.0,2268.82,0.0,0.0,0.0,0.0,0.0,2.148983652367248,0.0,0.0
17.522197699989192,571337.3395007,0.4406235000001022,-0.4633099999999907,1.914145999999992,0.4849688001606511,-0.3523928255417032,1.8675617497647563,0.0254408800000012,-0.0059313599999994,0.0036361200000011,1.961418448421174,1.0,0.0,0.0,0.0,2281.04,0.0,0.0,0.0,0.0,0.0,2.1709643062966846,0.0,0.0
17.632204100023955,571337.4495071,0.4856235000001023,-0.4883099999999906,1.9241459999999924,0.4851253108865686,-0.384884807908711,1.881088623526084,0.0250408800000012,-0.0055313599999994,0.0048361200000011,1.9803982660518,1.0,0.0,0.0,0.0,2291.3,0.0,0.0,0.0,0.0,0.0,2.1896543756397704,0.0,0.0
17.742146700038575,571337.5594497,0.5706235000001022,-0.3183099999999906,1.974145999999992,0.5055642705997916,-0.3689696191676374,1.9033346615824311,0.0262408800000012,-0.0047313599999994,0.0052361200000011,2.003600919733498,1.0,0.0,0.0,0.0,2316.23,0.0,0.0,0.0,0.0,0.0,2.235990382972864,0.0,0.0
17.85297340003308,571337.6702764,0.4156235000001023,-0.4033099999999907,2.034145999999992,0.4840632796908241,-0.3771789352671534,1.934606056961332,0.0258408800000012,-0.0059313599999994,0.0040361200000011,2.0296013903192347,1.0,0.0,0.0,0.0,2333.82,0.0,0.0,0.0,0.0,0.0,2.269498852969558,0.0,0.0
17.95689599995967,571337.774199,0.5256235000001023,-0.4183099999999906,2.0241459999999925,0.4939985505706086,-0.387011613406337,1.9560112271464127,0.0266408800000012,-0.0055313599999994,0.0048361200000011,2.0542133476345765,1.0,0.0,0.0,0.0,2345.06,0.0,0.0,0.0,0.0,0.0,2.291276965014485,0.0,0.0
18.068030999973416,571337.885334,0.5256235000001023,-0.3683099999999907,1.994145999999992,0.5015587231780517,-0.3825408576283754,1.9651276200678136,0.0266408800000012,-0.0051313599999994,0.0060361200000011,2.063885952203861,1.0,0.0,0.0,0.0,2350.93,0.0,0.0,0.0,0.0,0.0,2.3027666560454785,0.0,0.0
18.18060510000214,571337.9979081,0.5156235000001022,-0.4933099999999907,2.0541459999999923,0.5049210096758351,-0.4090210212654708,1.9864081068247217,0.0274408800000012,-0.0059313599999994,0.0048361200000011,2.089990571439998,1.0,0.0,0.0,0.0,2346.53,0.0,0.0,0.0,0.0,0.0,2.2941467289409854,0.0,0.0
18.29217849997804,571338.1094815,0.4556235000001023,-0.5283099999999906,1.954145999999992,0.4931360838818334,-0.4375379133290995,1.9786956171393704,0.0274408800000012,-0.0051313599999994,0.0048361200000011,2.08563155138036,1.0,0.0,0.0,0.0,2349.46,0.0,0.0,0.0,0.0,0.0,2.299881772277952,0.0,0.0
18.402136799995787,571338.2194398,0.4856235000001023,-0.4133099999999906,1.974145999999992,0.4913401464369243,-0.4317460556347623,1.977607998297539,0.0262408800000012,-0.0051313599999994,0.0064361200000011,2.0829674003659377,1.0,0.0,0.0,0.0,2340.66,0.0,0.0,0.0,0.0,0.0,2.282717138903792,0.0,0.0
18.512956199934703,571338.3302592,0.4806235000001022,-0.4883099999999906,1.934145999999992,0.4887782546933202,-0.4452680751311832,1.967218093651955,0.0262408800000012,-0.0051313599999994,0.0048361200000011,2.0753589735233056,1.0,0.0,0.0,0.0,2318.67,0.0,0.0,0.0,0.0,0.0,2.240597489963216,0.0,0.0
18.62299940001685,571338.4403024,0.5056235000001021,-0.4533099999999906,1.9241459999999924,0.4928052322674005,-0.4471905553628061,1.9569213985284173,0.0258408800000012,-0.0055313599999994,0.0040361200000011,2.066973088788105,1.0,0.0,0.0,0.0,2322.09,0.0,0.0,0.0,0.0,0.0,2.2470770570692933,0.0,0.0
18.73299869999755,571338.5503017,0.3756235000001022,-0.4033099999999907,1.974145999999992,0.4647920926936891,-0.4367005916272763,1.9610390639340125,0.0258408800000012,-0.0055313599999994,0.0056361200000011,2.0621380425261013,1.0,0.0,0.0,0.0,2329.42,0.0,0.0,0.0,0.0,0.0,2.2610520877492353,0.0,0.0
18.84309740003664,571338.6604004,0.5056235000001021,-0.3283099999999906,1.934145999999992,0.4745531355604774,-0.4107890377273375,1.9546100827355608,0.0258408800000012,-0.0051313599999994,0.0060361200000011,2.052912294161333,1.0,0.0,0.0,0.0,2333.82,0.0,0.0,0.0,0.0,0.0,2.269498852969558,0.0,0.0
18.95381149998866,571338.7711145,0.5506235000001023,-0.4033099999999907,1.8841459999999923,0.4927383056824673,-0.4090011197329584,1.937765134752521,0.0254408800000012,-0.0055313599999994,0.0048361200000011,2.040834797648281,1.0,0.0,0.0,0.0,2334.31,0.0,0.0,0.0,0.0,0.0,2.2704422276495384,0.0,0.0
19.064642500015907,571338.8819455,0.2856235000001021,-0.4533099999999906,1.954145999999992,0.4432260152673739,-0.4195934776308935,1.9416810989189228,0.0262408800000012,-0.0059313599999994,0.0048361200000011,2.035346033719863,1.0,0.0,0.0,0.0,2334.8,0.0,0.0,0.0,0.0,0.0,2.271386147888679,0.0,0.0
19.17486549995374,571338.9921685,0.3706235000001021,-0.3783099999999907,1.9641459999999924,0.4258698595404273,-0.4097243640874559,1.947051495800052,0.0262408800000012,-0.0059313599999994,0.0056361200000011,2.034760113401349,1.0,0.0,0.0,0.0,2337.73,0.0,0.0,0.0,0.0,0.0,2.27704182082152,0.0,0.0
19.28484380000737,571339.1021468,0.5206235000001023,-0.4183099999999906,1.934145999999992,0.4485214017557226,-0.4117768223716386,1.94396634380477,0.0262408800000012,-0.0059313599999994,0.0048361200000011,2.0370902643528312,1.0,0.0,0.0,0.0,2343.11,0.0,0.0,0.0,0.0,0.0,2.2874778800761226,0.0,0.0
19.39645539992489,571339.2137584,0.4606235000001022,-0.4533099999999906,1.994145999999992,0.4514144957618877,-0.421705628503202,1.9559621530965388,0.0266408800000012,-0.0055313599999994,0.0048361200000011,2.051194439452605,1.0,0.0,0.0,0.0,2347.02,0.0,0.0,0.0,0.0,0.0,2.2951044352635797,0.0,0.0
19.50091449997853,571339.3182175,0.4756235000001023,-0.5183099999999906,1.9641459999999924,0.4572018331014547,-0.4447996013418798,1.9579185608157328,0.0266408800000012,-0.0067313599999994,0.0032361200000011,2.059205014643267,1.0,0.0,0.0,0.0,2353.86,0.0,0.0,0.0,0.0,0.0,2.308531974872569,0.0,0.0
19.608659100020304,571339.4259621,0.4806235000001022,-0.3433099999999907,1.934145999999992,0.4628009517625797,-0.4205377790197321,1.952235558429006,0.0258408800000012,-0.0059313599999994,0.0040361200000011,2.04994156505248,1.0,0.0,0.0,0.0,2343.11,0.0,0.0,0.0,0.0,0.0,2.2874778800761226,0.0,0.0
19.72217780002393,571339.5394808,0.4556235000001023,-0.4533099999999906,1.9441459999999924,0.4610851300716422,-0.4283722151788287,1.9503016910507296,0.0262408800000012,-0.0059313599999994,0.0040361200000011,2.0493362188830155,1.0,0.0,0.0,0.0,2336.75,0.0,0.0,0.0,0.0,0.0,2.275147981682311,0.0,0.0
19.83390700002201,571339.65121,0.4606235000001022,-0.5033099999999907,1.914145999999992,0.4609747740684047,-0.4462866339617108,1.9416584119304143,0.0258408800000012,-0.0059313599999994,0.0044361200000011,2.0449222211615847,1.0,0.0,0.0,0.0,2322.58,0.0,0.0,0.0,0.0,0.0,2.248007534574668,0.0,0.0
19.94554889993742,571339.7628519,0.5206235000001023,-0.4183099999999906,1.934145999999992,0.4752342328815511,-0.4395986175208495,1.939862515591708,0.0258408800000012,-0.0063313599999994,0.0036361200000011,2.045033276019377,1.0,0.0,0.0,0.0,2317.2,0.0,0.0,0.0,0.0,0.0,2.2378203321653096,0.0,0.0
20.0555360999424,571339.8728391,0.5306235000001023,-0.3933099999999907,1.8641459999999923,0.4884754372967427,-0.4285329891315359,1.9217619355928768,0.0250408800000012,-0.0055313599999994,0.0044361200000011,2.028649233531991,1.0,0.0,0.0,0.0,2328.93,0.0,0.0,0.0,0.0,0.0,2.260114127449939,0.0,0.0
20.158596099936403,571339.9758991,0.4006235000001021,-0.4383099999999906,1.894145999999992,0.4674737970777876,-0.4308702542049602,1.9151601467026305,0.0250408800000012,-0.0055313599999994,0.0032361200000011,2.0179245066233307,1.0,0.0,0.0,0.0,2284.46,0.0,0.0,0.0,0.0,0.0,2.1771702521338594,0.0,0.0
20.27263519994449,571340.0899382,0.4606235000001022,-0.3283099999999906,1.9641459999999924,0.4658361840774877,-0.4063524845819138,1.926870568788098,0.0254408800000012,-0.0059313599999994,0.0056361200000011,2.0235997333918427,1.0,0.0,0.0,0.0,2319.65,0.0,0.0,0.0,0.0,0.0,2.242451569264695,0.0,0.0
20.38469899992924,571340.202002,0.5456235000001023,-0.3833099999999907,1.874145999999992,0.4849099183012968,-0.4008440121926672,1.9142663797575423,0.0250408800000012,-0.0063313599999994,0.0028361200000011,2.015001072865157,1.0,0.0,0.0,0.0,2325.02,0.0,0.0,0.0,0.0,0.0,2.252648872169462,0.0,0.0
20.49565309996251,571340.3129561,0.4856235000001023,-0.3183099999999906,1.9641459999999924,0.4850805051610326,-0.3811136603844352,1.926190463287458,0.0254408800000012,-0.0059313599999994,0.0036361200000011,2.0225628344945075,1.0,0.0,0.0,0.0,2324.54,0.0,0.0,0.0,0.0,0.0,2.2517347756155237,0.0,0.0
20.598558399942704,571340.4158614,0.4356235000001023,-0.3733099999999907,1.7541459999999924,0.4732574508191611,-0.3792481389989292,1.8850619915563656,0.0226408800000012,-0.0055313599999994,0.0032361200000011,1.980217280426684,1.0,0.0,0.0,0.0,2305.96,0.0,0.0,0.0,0.0,0.0,2.2167411422608274,0.0,0.0
20.709823800018057,571340.5271268,0.4056235000001023,-0.1933099999999906,1.8641459999999923,0.457089066314535,-0.3347982837265047,1.8800618726858345,0.0238408800000012,-0.0055313599999994,0.0032361200000011,1.9635816638116868,1.0,0.0,0.0,0.0,2296.19,0.0,0.0,0.0,0.0,0.0,2.1986390654588286,0.0,0.0
20.821331899962388,571340.6386349,0.3956235000001022,-0.3183099999999906,1.9241459999999924,0.4423952786837481,-0.3308566403967389,1.890600501766857,0.0254408800000012,-0.0063313599999994,0.0028361200000011,1.969657319529816,1.0,0.0,0.0,0.0,2323.07,0.0,0.0,0.0,0.0,0.0,2.24893854464732,0.0,0.0
20.932316199992783,571340.7496192,0.4456235000001023,-0.3883099999999907,1.8341459999999925,0.4431670083088366,-0.3445912810305988,1.8771046453141456,0.0242408800000012,-0.0059313599999994,0.0036361200000011,1.9592503662563543,1.0,0.0,0.0,0.0,2319.65,0.0,0.0,0.0,0.0,0.0,2.242451569264695,0.0,0.0
21.042189299943857,571340.8594923,0.4006235000001021,-0.3433099999999907,1.8341459999999925,0.4329966753298923,-0.3442849815447565,1.866835070835268,0.0246408800000012,-0.0063313599999994,0.0032361200000011,1.947072533591015,1.0,0.0,0.0,0.0,2307.92,0.0,0.0,0.0,0.0,0.0,2.220397196181046,0.0,0.0
21.153100800002,571340.9704038,0.4856235000001023,-0.3433099999999907,1.914145999999992,0.4455774979229991,-0.3440519051635932,1.878145090207829,0.0250408800000012,-0.0063313599999994,0.0040361200000011,1.960698854993748,1.0,0.0,0.0,0.0,2326.49,0.0,0.0,0.0,0.0,0.0,2.2554514900546767,0.0,0.0
21.2630340999458,571341.0803371,0.3606235000001023,-0.4583099999999908,2.0541459999999923,0.4252686310449232,-0.3713661280902291,1.9202193790556987,0.0282408800000012,-0.0067313599999994,0.0028361200000011,2.001501604632033,1.0,0.0,0.0,0.0,2343.6,0.0,0.0,0.0,0.0,0.0,2.288431692818789,0.0,0.0
21.373831899953075,571341.1911349,0.3156235000001022,-0.6083099999999907,1.894145999999992,0.3990571704349182,-0.4280092722605432,1.9139863494484923,0.0274408800000012,-0.0071313599999994,0.0036361200000011,2.001445055026915,1.0,0.0,0.0,0.0,2368.04,0.0,0.0,0.0,0.0,0.0,2.336723106728219,0.0,0.0
21.484673799946904,571341.3019768,0.4156235000001023,-0.5533099999999908,1.9841459999999924,0.4030174711861908,-0.4579633163503343,1.93075852071883,0.0290408800000012,-0.0075313599999994,0.0040361200000011,2.0248412151406523,1.0,0.0,0.0,0.0,2177.42,0.0,0.0,0.0,0.0,0.0,1.9935456529679074,0.0,0.0
21.59560380002949,571341.4129068,0.5206235000001023,-0.4383099999999906,2.1941459999999924,0.4311320419143231,-0.4532650491088786,1.9937232002496024,0.0330408800000012,-0.0079313599999994,0.0052361200000011,2.089558862899632,1.0,0.0,0.0,0.0,2136.85,0.0,0.0,0.0,0.0,0.0,1.9291787955691677,0.0,0.0
21.705483800033107,571341.5227868,0.4606235000001022,-0.6183099999999907,2.164145999999992,0.4381821880045404,-0.4927202368398702,2.0344640015978905,0.0362408800000012,-0.0083313599999994,0.0044361200000011,2.1386492548975125,1.0,0.0,0.0,0.0,2136.36,0.0,0.0,0.0,0.0,0.0,1.9284173802495466,0.0,0.0
21.816359999938868,571341.633663,0.5156235000001022,-0.7333099999999907,2.474145999999992,0.4566950930429684,-0.5502349576500817,2.139573159407496,0.0422408800000012,-0.0087313599999994,0.0048361200000011,2.2559038590078893,1.0,0.0,0.0,0.0,2109.97,0.0,0.0,0.0,0.0,0.0,1.887951265050354,0.0,0.0
21.91858960001264,571341.7358926,0.4806235000001022,-0.7983099999999906,2.6141459999999923,0.4624153515755675,-0.6095390885213547,2.253023225080576,0.0442408800000012,-0.0095313599999994,0.0024361200000011,2.379386372693741,1.0,0.0,0.0,0.0,2245.36,0.0,0.0,0.0,0.0,0.0,2.107612464551718,0.0,0.0
22.02967840002384,571341.8469814,0.4956235000001023,-0.6683099999999907,2.5941459999999923,0.4703539993391885,-0.623588699448507,2.3345710885631856,0.0454408800000012,-0.0103313599999994,0.0020361200000011,2.4617712969180032,1.0,0.0,0.0,0.0,2238.03,0.0,0.0,0.0,0.0,0.0,2.0949030720763155,0.0,0.0
22.140540899941698,571341.9578439,0.5206235000001023,-0.6333099999999906,2.5541459999999923,0.4823712865994822,-0.6259126465682298,2.3870620572658314,0.0442408800000012,-0.0107313599999994,0.0028361200000011,2.5144609689768243,1.0,0.0,0.0,0.0,2162.76,0.0,0.0,0.0,0.0,0.0,1.9699796717877955,0.0,0.0
22.25135659996885,571342.0686596,0.4306235000001022,-0.7083099999999908,2.6241459999999925,0.470000604407036,-0.6456103291124952,2.443738686378535,0.0446408800000012,-0.0111313599999994,0.0036361200000011,2.570908795057268,1.0,0.0,0.0,0.0,2163.25,0.0,0.0,0.0,0.0,0.0,1.97076164572597,0.0,0.0
22.363004899933003,571342.1803079,0.3256235000001022,-0.6433099999999906,2.599145999999992,0.4354862146745639,-0.645060418821469,2.480889927301676,0.0438408800000012,-0.0107313599999994,0.0040361200000011,2.6001088474309344,1.0,0.0,0.0,0.0,2191.1,0.0,0.0,0.0,0.0,0.0,2.0158602024640535,0.0,0.0
22.475532999960706,571342.292836,0.4656235000001023,-0.6383099999999907,2.5541459999999923,0.4426907504316503,-0.6434466824397971,2.498402320653558,0.0426408800000012,-0.0095313599999994,0.0044361200000011,2.6176349801887207,1.0,0.0,0.0,0.0,2224.83,0.0,0.0,0.0,0.0,0.0,2.072268892453733,0.0,0.0
22.5855193999596,571342.4028224,0.2856235000001021,-0.6633099999999906,2.5491459999999924,0.4051426896233197,-0.6481951519874344,2.510532963753908,0.0430408800000012,-0.0111313599999994,0.0020361200000011,2.624323401585675,1.0,0.0,0.0,0.0,2240.96,0.0,0.0,0.0,0.0,0.0,2.099971194017205,0.0,0.0
22.69632129999809,571342.5136243,0.4506235000001022,-0.7433099999999907,2.644145999999992,0.4160152058795575,-0.6709330434774686,2.5424741252370904,0.0446408800000012,-0.0111313599999994,0.0020361200000011,2.662216083989626,1.0,0.0,0.0,0.0,2273.7,0.0,0.0,0.0,0.0,0.0,2.1577254588394337,0.0,0.0
22.806389300036244,571342.6236923,0.3356235000001022,-0.7083099999999908,2.789145999999992,0.3967969878706878,-0.6798682749307602,2.601442818760753,0.0466408800000012,-0.0111313599999994,0.0028361200000011,2.717935514342176,1.0,0.0,0.0,0.0,2313.78,0.0,0.0,0.0,0.0,0.0,2.231377510225829,0.0,0.0
22.908632299979217,571342.7259353,0.3506235000001023,-0.7283099999999908,2.809145999999992,0.3857588820559238,-0.6914486192327227,2.651095764602913,0.0446408800000012,-0.0103313599999994,0.0012361200000011,2.76680679867955,1.0,0.0,0.0,0.0,2406.16,0.0,0.0,0.0,0.0,0.0,2.414981979639967,0.0,0.0
23.019729399937205,571342.8370324,0.4106235000001021,-0.7433099999999907,2.6041459999999925,0.3917029485877996,-0.7038464569315624,2.639872084227764,0.0414408800000012,-0.0095313599999994,0.0016361200000011,2.760028198398076,1.0,0.0,0.0,0.0,2453.57,0.0,0.0,0.0,0.0,0.0,2.5177192976161322,0.0,0.0
23.12968110002112,571342.9469841,0.3706235000001021,-0.7883099999999906,2.514145999999992,0.3866637541331804,-0.7240380770338226,2.609816355596829,0.0402408800000012,-0.0095313599999994,0.0016361200000011,2.735851130031734,1.0,0.0,0.0,0.0,2399.32,0.0,0.0,0.0,0.0,0.0,2.400665643973696,0.0,0.0
23.240596599993296,571343.0578996,0.3406235000001023,-0.7383099999999906,2.3841459999999923,0.3756574988057962,-0.7274498833137003,2.555868226936613,0.0378408800000012,-0.0099313599999994,0.0012361200000011,2.683796617220882,1.0,0.0,0.0,0.0,2335.78,0.0,0.0,0.0,0.0,0.0,2.273275627253158,0.0,0.0
23.352228799951263,571343.1695318,0.3306235000001023,-0.5983099999999907,2.3241459999999923,0.36489179608322,-0.6965780613513166,2.5004733547162585,0.0362408800000012,-0.0095313599999994,3.612000000116633e-05,2.6212085029716308,1.0,0.0,0.0,0.0,2287.39,0.0,0.0,0.0,0.0,0.0,2.1825061420774947,0.0,0.0
23.462381599936634,571343.2796846,0.3756235000001022,-0.6433099999999906,2.6491459999999925,0.3674572874262018,-0.6838439464975448,2.536014624524644,0.0402408800000012,-0.0099313599999994,0.0024361200000011,2.65217600793138,1.0,0.0,0.0,0.0,2329.42,0.0,0.0,0.0,0.0,0.0,2.2610520877492353,0.0,0.0
23.57229149993509,571343.3895945,0.4706235000001022,-0.7033099999999907,2.9291459999999923,0.3921199157745485,-0.6884974472024965,2.629995519660032,0.0454408800000012,-0.0111313599999994,0.0016361200000011,2.746755030319092,1.0,0.0,0.0,0.0,2420.33,0.0,0.0,0.0,0.0,0.0,2.4450362363112115,0.0,0.0
23.682323399931192,571343.4996264,0.3206235000001023,-0.7883099999999906,3.0891459999999924,0.375028181121394,-0.7123583589557607,2.739758758709617,0.0494408800000012,-0.0119313599999994,0.0008361200000011,2.855587264318047,1.0,0.0,0.0,0.0,2470.19,0.0,0.0,0.0,0.0,0.0,2.5552641122669577,0.0,0.0
23.792218099930324,571343.6095211,0.3506235000001023,-0.7183099999999908,3.2191459999999923,0.3691940658094338,-0.7137811417397217,2.8543597416468813,0.0514408800000012,-0.0123313599999994,0.0016361200000011,2.965325835598276,1.0,0.0,0.0,0.0,2514.66,0.0,0.0,0.0,0.0,0.0,2.6599615571838577,0.0,0.0
23.90317649999633,571343.7204795,0.4206235000001022,-0.7033099999999907,3.4491459999999927,0.3814886435589236,-0.7112779396673876,2.996547693210566,0.0546408800000012,-0.0131313599999994,0.0020361200000011,3.103344642528038,1.0,0.0,0.0,0.0,2537.15,0.0,0.0,0.0,0.0,0.0,2.715418949522838,0.0,0.0
24.013057600008324,571343.8303606,0.2856235000001021,-0.8283099999999907,3.6591459999999927,0.3585713884987117,-0.7392552990839383,3.1549466048007893,0.0590408800000012,-0.0143313599999994,0.0016361200000011,3.260177896529207,1.0,0.0,0.0,0.0,2559.63,0.0,0.0,0.0,0.0,0.0,2.772659497854483,0.0,0.0
24.12386789999437,571343.9411709,0.3356235000001022,-0.7983099999999906,3.7041459999999926,0.3530855299865064,-0.7533727519260893,3.28623668742578,0.0570408800000012,-0.0147313599999994,0.0004361200000011,3.389924993361019,1.0,0.0,0.0,0.0,2608.99,0.0,0.0,0.0,0.0,0.0,2.9052002892335254,0.0,0.0
24.2364222999895,571344.0537253,0.3856235000001022,-0.9183099999999907,3.7391459999999928,0.3608639667598844,-0.7928021925206236,3.3945079302371965,0.0566408800000012,-0.0135313599999994,0.0012361200000011,3.504488865357458,1.0,0.0,0.0,0.0,2701.37,0.0,0.0,0.0,0.0,0.0,3.182478081540081,0.0,0.0
24.34217209997587,571344.1594751,0.4756235000001023,-0.6733099999999906,3.694145999999992,0.3882980621591494,-0.7642367207334871,3.466138575282756,0.0534408800000012,-0.0123313599999994,-0.0007638799999988,3.5705671501117577,1.0,0.0,0.0,0.0,2747.8,0.0,0.0,0.0,0.0,0.0,3.3388912375723527,0.0,0.0
24.453133499948308,571344.2704365,0.4256235000001023,-0.8233099999999908,3.569145999999992,0.3972209776994609,-0.7783586148645163,3.4907632442469456,0.0538408800000012,-0.0127313599999994,0.0008361200000011,3.598479493597787,1.0,0.0,0.0,0.0,2747.8,0.0,0.0,0.0,0.0,0.0,3.3388912375723527,0.0,0.0
24.56389839993789,571344.3812014,0.4806235000001022,-0.6933099999999907,3.539145999999993,0.4171589531227807,-0.758027129123068,3.502329491507903,0.0526408800000012,-0.0115313599999994,0.0004361200000011,3.607622290060735,1.0,0.0,0.0,0.0,2728.74,0.0,0.0,0.0,0.0,0.0,3.273140803126067,0.0,0.0
24.67473279999104,571344.4920358,0.4556235000001023,-0.5633099999999908,3.814145999999992,0.4263541809067164,-0.7114785928454613,3.5768714803040003,0.0538408800000012,-0.0119313599999994,-0.0007638799999988,3.671782845194705,1.0,0.0,0.0,0.0,2781.52,0.0,0.0,0.0,0.0,0.0,3.460905742697883,0.0,0.0
24.7855314000044,571344.6028344,0.4856235000001023,-0.5433099999999907,3.654145999999993,0.4405229397744772,-0.6712766759413069,3.5953445124383734,0.0522408800000012,-0.0115313599999994,0.0004361200000011,3.6839075720287937,1.0,0.0,0.0,0.0,2796.19,0.0,0.0,0.0,0.0,0.0,3.5164195828733593,0.0,0.0
24.895676899934188,571344.7129799,0.3656235000001022,-0.5883099999999907,3.604145999999992,0.4226176876520192,-0.6514428927385681,3.5974485716184974,0.0542408800000012,-0.0123313599999994,0.0020361200000011,3.680301587894109,1.0,0.0,0.0,0.0,2740.96,0.0,0.0,0.0,0.0,0.0,3.315038998820603,0.0,0.0
25.00560639996548,571344.8229094,0.3906235000001021,-0.8883099999999907,3.679145999999992,0.4149692459802725,-0.7080676857651789,3.6169789320235104,0.0566408800000012,-0.0127313599999994,0.0012361200000011,3.708921125804137,1.0,0.0,0.0,0.0,2744.38,0.0,0.0,0.0,0.0,0.0,3.3269286545010432,0.0,0.0
25.11645630002021,571344.9337593,0.4806235000001022,-0.8383099999999907,3.629145999999992,0.4306643696644838,-0.7392030518027838,3.6198875575134495,0.0562408800000012,-0.0123313599999994,0.0012361200000011,3.719607355640344,1.0,0.0,0.0,0.0,2752.69,0.0,0.0,0.0,0.0,0.0,3.3561238033152674,0.0,0.0
25.21872759994585,571345.0360306,0.3106235000001023,-0.9133099999999906,3.5491459999999924,0.4019677326427043,-0.780824575450138,3.602976277180387,0.0562408800000012,-0.0119313599999994,0.0008361200000011,3.7084637155616673,1.0,0.0,0.0,0.0,2741.94,0.0,0.0,0.0,0.0,0.0,3.3184385648332957,0.0,0.0
25.32972359994892,571345.1470266,0.3756235000001022,-0.8533099999999908,3.5491459999999924,0.3956699535290098,-0.7981527397952678,3.590107760571448,0.0558408800000012,-0.0123313599999994,-0.0003638799999988,3.698983136036672,1.0,0.0,0.0,0.0,2737.05,0.0,0.0,0.0,0.0,0.0,3.3015342570086723,0.0,0.0
25.44059150002431,571345.2578945,0.4806235000001022,-0.9133099999999906,3.669145999999993,0.4159787124842707,-0.8256819146984223,3.609002422648313,0.0566408800000012,-0.0119313599999994,0.0004361200000011,3.725545248709445,1.0,0.0,0.0,0.0,2740.96,0.0,0.0,0.0,0.0,0.0,3.315038998820603,0.0,0.0
25.551385800004937,571345.3686888,0.4506235000001022,-0.9033099999999906,3.759145999999992,0.4242607992003877,-0.844239469244829,3.6448953293929818,0.0586408800000012,-0.0123313599999994,0.0016361200000011,3.765368437404196,1.0,0.0,0.0,0.0,2762.46,0.0,0.0,0.0,0.0,0.0,3.3910137164041814,0.0,0.0
25.66484460001812,571345.4821476,0.3906235000001021,-0.8933099999999906,3.6591459999999927,0.4162195598438054,-0.8559701340882607,3.648302055142884,0.0574408800000012,-0.0127313599999994,-0.0003638799999988,3.770415292511879,1.0,0.0,0.0,0.0,2774.68,0.0,0.0,0.0,0.0,0.0,3.43553974478923,0.0,0.0
25.76914540003054,571345.5864484,0.3556235000001022,-0.9633099999999908,3.519145999999992,0.4017336340158225,-0.8816305044158623,3.617426367187916,0.0558408800000012,-0.0119313599999994,0.0004361200000011,3.744921331756181,1.0,0.0,0.0,0.0,2772.24,0.0,0.0,0.0,0.0,0.0,3.4265687823001088,0.0,0.0
25.87874209997244,571345.6960451,0.3506235000001023,-0.8883099999999907,3.529145999999993,0.3895153872796543,-0.8832272860853239,3.596322307708639,0.0562408800000012,-0.0127313599999994,-0.0003638799999988,3.723620122506599,1.0,0.0,0.0,0.0,2750.73,0.0,0.0,0.0,0.0,0.0,3.3491984523952714,0.0,0.0
25.99072899995372,571345.808032,0.3756235000001022,-0.9733099999999908,3.539145999999993,0.3861944312758919,-0.90476220956908,3.5826538983314995,0.0558408800000012,-0.0119313599999994,0.0016361200000011,3.71525904209151,1.0,0.0,0.0,0.0,2745.85,0.0,0.0,0.0,0.0,0.0,3.332061486726063,0.0,0.0
26.10225170000922,571345.9195547,0.3856235000001022,-0.9183099999999907,3.439145999999992,0.3860579460302291,-0.908000906735553,3.548347298590164,0.0542408800000012,-0.0119313599999994,0.0004361200000011,3.682970938758244,1.0,0.0,0.0,0.0,2747.31,0.0,0.0,0.0,0.0,0.0,3.337172796119802,0.0,0.0
26.21226719999686,571346.0295702,0.3256235000001022,-0.8333099999999908,3.3391459999999924,0.371610655151817,-0.8901455059423846,3.498336216973447,0.0530408800000012,-0.0115313599999994,3.612000000116633e-05,3.628885474599588,1.0,0.0,0.0,0.0,2717.99,0.0,0.0,0.0,0.0,0.0,3.2370189365588744,0.0,0.0
26.322166500031017,571346.1394695,0.4356235000001023,-0.8683099999999907,3.3391459999999924,0.3869133881166698,-0.8849255705156611,3.46028064567779,0.0530408800000012,-0.0115313599999994,0.0008361200000011,3.592539127429052,1.0,0.0,0.0,0.0,2719.94,0.0,0.0,0.0,0.0,0.0,3.2435211537412645,0.0,0.0
26.43323590001092,571346.2505389,0.3706235000001021,-0.8533099999999908,3.319145999999992,0.3830191726905944,-0.877367640005317,3.4265413891267773,0.0530408800000012,-0.0111313599999994,0.0020361200000011,3.557761031010368,1.0,0.0,0.0,0.0,2720.43,0.0,0.0,0.0,0.0,0.0,3.2451585082839185,0.0,0.0
26.543852500035428,571346.3611555,0.4206235000001022,-0.9283099999999908,3.1991459999999927,0.3920087587729529,-0.8895457791498198,3.372180878740256,0.0510408800000012,-0.0123313599999994,3.612000000116633e-05,3.509496607648934,1.0,0.0,0.0,0.0,2710.66,0.0,0.0,0.0,0.0,0.0,3.212772509326714,0.0,0.0
26.65197080001235,571346.4692738,0.3606235000001023,-0.8133099999999908,3.1691459999999925,0.3845058859484122,-0.871321065446464,3.323643924332476,0.0506408800000012,-0.0115313599999994,0.0004361200000011,3.4574056908572235,1.0,0.0,0.0,0.0,2670.09,0.0,0.0,0.0,0.0,0.0,3.0838953590221636,0.0,0.0
26.76557869999669,571346.5828817,0.3756235000001022,-0.8333099999999908,3.2591459999999923,0.3823824874245706,-0.8622342456743459,3.3082252296129,0.0514408800000012,-0.0119313599999994,3.612000000116633e-05,3.4400608179144063,1.0,0.0,0.0,0.0,2664.71,0.0,0.0,0.0,0.0,0.0,3.06744889629209,0.0,0.0
26.872281900024973,571346.6895849,0.3706235000001021,-0.8333099999999908,3.319145999999992,0.3795714165384042,-0.8553196958084011,3.310835918661328,0.0530408800000012,-0.0119313599999994,0.0008361200000011,3.440534947154112,1.0,0.0,0.0,0.0,2680.84,0.0,0.0,0.0,0.0,0.0,3.1171969097396457,0.0,0.0
26.98219499993138,571346.799498,0.3706235000001021,-0.8583099999999907,3.359145999999992,0.3774323524536575,-0.8560345496261939,3.3223847925785552,0.0530408800000012,-0.0115313599999994,0.0012361200000011,3.4515925369008538,1.0,0.0,0.0,0.0,2694.53,0.0,0.0,0.0,0.0,0.0,3.16047724946657,0.0,0.0
27.09304940002039,571346.9103524,0.3256235000001022,-0.9333099999999906,3.279145999999992,0.3650470720276547,-0.8745078042458192,3.312048246872445,0.0530408800000012,-0.0119313599999994,0.0012361200000011,3.4449509218701,1.0,0.0,0.0,0.0,2696.97,0.0,0.0,0.0,0.0,0.0,3.16829627922812,0.0,0.0
27.20307709998451,571347.0203801,0.3356235000001022,-0.9733099999999908,3.359145999999992,0.3580131545900389,-0.8981271828494511,3.3233073049734183,0.0550408800000012,-0.0123313599999994,3.612000000116633e-05,3.4610948121544265,1.0,0.0,0.0,0.0,2698.44,0.0,0.0,0.0,0.0,0.0,3.17302252447067,0.0,0.0
27.313023200025786,571347.1303262,0.3706235000001021,-0.7833099999999907,3.2991459999999924,0.3610277487525404,-0.8706793058946584,3.31753137048766,0.0530408800000012,-0.0119313599999994,3.612000000116633e-05,3.448831379359139,1.0,0.0,0.0,0.0,2692.08,0.0,0.0,0.0,0.0,0.0,3.1526584974808154,0.0,0.0
27.423006299999543,571347.2403093,0.4656235000001023,-0.8283099999999907,3.149145999999992,0.3860321186472567,-0.8605506172611671,3.277277631322221,0.0506408800000012,-0.0119313599999994,0.0016361200000011,3.41029571067684,1.0,0.0,0.0,0.0,2666.67,0.0,0.0,0.0,0.0,0.0,3.0734237861446907,0.0,0.0
27.53487029997632,571347.3521733,0.4106235000001021,-0.8083099999999906,3.229145999999992,0.3919108659982195,-0.8480621203390016,3.2657714171704755,0.0526408800000012,-0.0119313599999994,0.0004361200000011,3.3967729444354995,1.0,0.0,0.0,0.0,2593.84,0.0,0.0,0.0,0.0,0.0,2.8634693187168443,0.0,0.0
27.646429699962027,571347.4637327,0.3706235000001021,-0.8583099999999907,3.189145999999992,0.386821967384725,-0.8505119499986541,3.2474535576836887,0.0514408800000012,-0.0123313599999994,0.0016361200000011,3.379194640865535,1.0,0.0,0.0,0.0,2597.75,0.0,0.0,0.0,0.0,0.0,2.8741475179246776,0.0,0.0
27.75637409999036,571347.5736771,0.3656235000001022,-0.8133099999999908,3.1791459999999923,0.3817543206269553,-0.8416185551190699,3.231124142592197,0.0530408800000012,-0.0123313599999994,0.0012361200000011,3.360687634767656,1.0,0.0,0.0,0.0,2590.91,0.0,0.0,0.0,0.0,0.0,2.8555087928468237,0.0,0.0
27.85862299997825,571347.675926,0.3756235000001022,-0.8083099999999906,3.2091459999999925,0.3802887036694447,-0.8336559044098193,3.225870108843985,0.0518408800000012,-0.0119313599999994,0.0004361200000011,3.3534817166981905,1.0,0.0,0.0,0.0,2602.15,0.0,0.0,0.0,0.0,0.0,2.8862399748827507,0.0,0.0
27.96889999997802,571347.786203,0.3506235000001023,-0.7933099999999907,3.2091459999999925,0.3731970224424061,-0.8240109245175435,3.2218720898163773,0.0514408800000012,-0.0123313599999994,0.0008361200000011,3.3464503260054355,1.0,0.0,0.0,0.0,2603.62,0.0,0.0,0.0,0.0,0.0,2.8902980576338724,0.0,0.0
28.08074889995624,571347.8980519,0.3156235000001022,-0.8133099999999908,3.1291459999999924,0.3594336560138613,-0.8214527912123097,3.199705248228597,0.0506408800000012,-0.0115313599999994,0.0020361200000011,3.322964176275094,1.0,0.0,0.0,0.0,2606.06,0.0,0.0,0.0,0.0,0.0,2.897054081274889,0.0,0.0
28.19220839999616,571348.0095114,0.4206235000001022,-0.8033099999999908,3.189145999999992,0.3740615302303832,-0.8171156259165444,3.1971809836636504,0.0510408800000012,-0.0115313599999994,0.0012361200000011,3.321079074158842,1.0,0.0,0.0,0.0,2605.57,0.0,0.0,0.0,0.0,0.0,2.895695313949895,0.0,0.0
28.305638600024395,571348.1229416,0.3606235000001023,-0.8583099999999907,3.2991459999999924,0.3708490720327357,-0.8269634386133131,3.2215564573744344,0.0534408800000012,-0.0123313599999994,0.0024361200000011,3.346613746921149,1.0,0.0,0.0,0.0,2618.28,0.0,0.0,0.0,0.0,0.0,2.931273421138223,0.0,0.0
28.415557399974205,571348.2328604,0.2706235000001022,-0.8633099999999906,3.269145999999992,0.3468894250478213,-0.8356523466662077,3.232933081307402,0.0542408800000012,-0.0131313599999994,0.0016361200000011,3.3571570451664194,1.0,0.0,0.0,0.0,2623.66,0.0,0.0,0.0,0.0,0.0,2.9465453348552186,0.0,0.0
28.526386699988507,571348.3436897,0.3656235000001022,-0.7883099999999906,3.2191459999999923,0.3513679409928281,-0.824334816712967,3.229637179928358,0.0530408800000012,-0.0123313599999994,0.0008361200000011,3.3516478982700937,1.0,0.0,0.0,0.0,2627.08,0.0,0.0,0.0,0.0,0.0,2.9563203319382896,0.0,0.0
28.637315699947067,571348.4546187,0.3556235000001022,-0.8883099999999907,3.289145999999993,0.3523852631140185,-0.8396285464095478,3.243863193235031,0.0546408800000012,-0.0131313599999994,-0.0003638799999988,3.369243221560402,1.0,0.0,0.0,0.0,2626.1,0.0,0.0,0.0,0.0,0.0,2.9535139631903062,0.0,0.0
28.739457999938168,571348.556761,0.2406235000001022,-0.9283099999999908,3.269145999999992,0.3256678063181702,-0.8608284884906391,3.249907230825348,0.0554408800000012,-0.0131313599999994,0.0012361200000011,3.3777184926574395,1.0,0.0,0.0,0.0,2628.05,0.0,0.0,0.0,0.0,0.0,2.9591023095846483,0.0,0.0
28.85054200002924,571348.667845,0.2806235000001023,-0.9783099999999908,3.359145999999992,0.3148996395103035,-0.8889132924576517,3.276021547694887,0.0558408800000012,-0.0135313599999994,0.0024361200000011,3.409053505803748,1.0,0.0,0.0,0.0,2630.99,0.0,0.0,0.0,0.0,0.0,2.9675601948881547,0.0,0.0
28.96055239997804,571348.7778554,0.3256235000001022,-0.8783099999999907,3.349145999999992,0.3174632558253831,-0.8863784988015911,3.293502476240997,0.0558408800000012,-0.0131313599999994,0.0004361200000011,3.425435493910606,1.0,0.0,0.0,0.0,2633.92,0.0,0.0,0.0,0.0,0.0,2.9760283151114004,0.0,0.0
29.07221749995369,571348.8895205,0.3906235000001021,-0.8933099999999906,3.3691459999999926,0.3349527406764715,-0.8880355242335346,3.311585607014952,0.0562408800000012,-0.0131313599999994,0.0004361200000011,3.444909238771901,1.0,0.0,0.0,0.0,2637.83,0.0,0.0,0.0,0.0,0.0,2.987389952374801,0.0,0.0
29.185568499960937,571349.0028715,0.3256235000001022,-0.9283099999999908,3.349145999999992,0.3327225183019827,-0.8976634285926395,3.320564690279682,0.0554408800000012,-0.0135313599999994,0.0012361200000011,3.455814486854019,1.0,0.0,0.0,0.0,2643.21,0.0,0.0,0.0,0.0,0.0,3.003138674988676,0.0,0.0
29.296436100034043,571349.1137391,0.3906235000001021,-0.9183099999999907,3.3291459999999926,0.3465641662310684,-0.9025991406303608,3.3226161143563626,0.0554408800000012,-0.0131313599999994,0.0012361200000011,3.460429131388573,1.0,0.0,0.0,0.0,2638.32,0.0,0.0,0.0,0.0,0.0,2.988818753146527,0.0,0.0
29.407347799977288,571349.2246508,0.3706235000001021,-0.9033099999999906,3.359145999999992,0.3523157237638165,-0.902769076697642,3.3313488473971447,0.0562408800000012,-0.0123313599999994,3.612000000116633e-05,3.4694385018482485,1.0,0.0,0.0,0.0,2640.76,0.0,0.0,0.0,0.0,0.0,2.9959501581191046,0.0,0.0
29.51725879998412,571349.3345618,0.3856235000001022,-0.9183099999999907,3.4091459999999927,0.360278188275509,-0.9064842466746482,3.349946818703198,0.0562408800000012,-0.0131313599999994,0.0020361200000011,3.4890769195528013,1.0,0.0,0.0,0.0,2647.61,0.0,0.0,0.0,0.0,0.0,3.016119400372861,0.0,0.0
29.61981389997527,571349.4371169,0.3056235000001022,-0.9433099999999908,3.3391459999999924,0.3472125902390827,-0.9152877090219766,3.347364804971288,0.0558408800000012,-0.0127313599999994,0.0008361200000011,3.4875721226474585,1.0,0.0,0.0,0.0,2646.63,0.0,0.0,0.0,0.0,0.0,3.013220331518366,0.0,0.0
29.72969029995147,571349.5469933,0.4156235000001023,-0.9283099999999908,3.359145999999992,0.3635667123912334,-0.9184007817482313,3.350181184745666,0.0558408800000012,-0.0127313599999994,0.0020361200000011,3.492757466658486,1.0,0.0,0.0,0.0,2639.3,0.0,0.0,0.0,0.0,0.0,2.9916796873409446,0.0,0.0
29.83981389994733,571349.6571169,0.3156235000001022,-0.8883099999999907,3.289145999999993,0.352105541146032,-0.9112073630072216,3.3355902829378,0.0550408800000012,-0.0119313599999994,0.0012361200000011,3.475692694432778,1.0,0.0,0.0,0.0,2637.83,0.0,0.0,0.0,0.0,0.0,2.987389952374801,0.0,0.0
29.949770499952137,571349.7670735,0.4406235000001022,-0.8433099999999908,3.309145999999992,0.3732663986293711,-0.8949760079162259,3.329268586078312,0.0550408800000012,-0.0127313599999994,0.0016361200000011,3.467612893236396,1.0,0.0,0.0,0.0,2635.87,0.0,0.0,0.0,0.0,0.0,2.9816858243198556,0.0,0.0
30.061415000003763,571349.878718,0.2906235000001023,-0.8983099999999907,3.2091459999999925,0.3535100167319185,-0.8957730228073107,3.300552414157493,0.0542408800000012,-0.0123313599999994,0.0008361200000011,3.438171734937044,1.0,0.0,0.0,0.0,2627.57,0.0,0.0,0.0,0.0,0.0,2.9577251322828544,0.0,0.0
30.17141930002253,571349.9887223,0.3256235000001022,-0.8333099999999908,3.1591459999999927,0.3468435434658375,-0.8808407859966617,3.2667481893882577,0.0526408800000012,-0.0119313599999994,0.0016361200000011,3.401150491641117,1.0,0.0,0.0,0.0,2621.7,0.0,0.0,0.0,0.0,0.0,2.940966774791517,0.0,0.0
30.283103400026448,571350.1004064,0.3856235000001022,-0.8983099999999907,3.1991459999999927,0.356114172206662,-0.8850169277949586,3.250587397683095,0.0534408800000012,-0.0127313599999994,0.0008361200000011,3.3876822011673733,1.0,0.0,0.0,0.0,2621.7,0.0,0.0,0.0,0.0,0.0,2.940966774791517,0.0,0.0
30.39491769997403,571350.2122207,0.2956235000001022,-0.9233099999999906,3.1991459999999927,0.3416534400546176,-0.8941711633198172,3.2382899599743187,0.0538408800000012,-0.0123313599999994,0.0020361200000011,3.376801890440768,1.0,0.0,0.0,0.0,2625.61,0.0,0.0,0.0,0.0,0.0,2.9521123920050374,0.0,0.0
30.50564069999382,571350.3229437,0.4206235000001022,-0.9983099999999906,3.189145999999992,0.3605318033335547,-0.9190663044866264,3.226541741345621,0.0542408800000012,-0.0123313599999994,0.0004361200000011,3.374201781444507,1.0,0.0,0.0,0.0,2626.59,0.0,0.0,0.0,0.0,0.0,2.9549166093714914,0.0,0.0
30.617255899938755,571350.4345589,0.2956235000001022,-0.9233099999999906,3.1591459999999927,0.3450150045493791,-0.9200807905539004,3.210430302536351,0.0530408800000012,-0.0131313599999994,0.0012361200000011,3.357446461517167,1.0,0.0,0.0,0.0,2616.81,0.0,0.0,0.0,0.0,0.0,2.9271227715136736,0.0,0.0
30.71961269993335,571350.5369157,0.2956235000001022,-0.8983099999999907,3.1791459999999923,0.3332076086018743,-0.9148763258082728,3.202951564029412,0.0530408800000012,-0.0131313599999994,0.0016361200000011,3.347674524722062,1.0,0.0,0.0,0.0,2601.66,0.0,0.0,0.0,0.0,0.0,2.884889302244774,0.0,0.0
30.83072930003982,571350.6480323,0.3306235000001023,-0.8333099999999908,3.139145999999992,0.3325898587740262,-0.8953773064204201,3.187698383041625,0.0522408800000012,-0.0119313599999994,0.0016361200000011,3.3277225720090016,1.0,0.0,0.0,0.0,2617.79,0.0,0.0,0.0,0.0,0.0,2.929888819915529,0.0,0.0
30.940645699971355,571350.7579487,0.3556235000001022,-0.9633099999999908,3.189145999999992,0.3380962170951766,-0.911617107539948,3.188044446332544,0.0542408800000012,-0.0127313599999994,0.0004361200000011,3.333013980553539,1.0,0.0,0.0,0.0,2620.23,0.0,0.0,0.0,0.0,0.0,2.9367940171273346,0.0,0.0
31.051444999990053,571350.868748,0.2756235000001021,-0.8383099999999907,3.1791459999999923,0.3231616627950121,-0.8940925139405156,3.185917208457836,0.0534408800000012,-0.0127313599999994,0.0016361200000011,3.324741094120364,1.0,0.0,0.0,0.0,2621.21,0.0,0.0,0.0,0.0,0.0,2.939574794763775,0.0,0.0
31.163170799962245,571350.9804738,0.3606235000001023,-0.9333099999999906,3.2091459999999925,0.3321171855886166,-0.9034677372748844,3.1914702188717348,0.0534408800000012,-0.0123313599999994,0.0016361200000011,3.333472354048418,1.0,0.0,0.0,0.0,2623.66,0.0,0.0,0.0,0.0,0.0,2.9465453348552186,0.0,0.0
31.27479499997571,571351.092098,0.3806235000001021,-0.8983099999999907,3.279145999999992,0.3437129704394134,-0.902234742921835,3.212429747686154,0.0546408800000012,-0.0119313599999994,0.0028361200000011,3.354380870026903,1.0,0.0,0.0,0.0,2626.59,0.0,0.0,0.0,0.0,0.0,2.9549166093714914,0.0,0.0
31.38641859998461,571351.2037216,0.3206235000001023,-0.9533099999999908,3.529145999999993,0.3381932657415506,-0.914444652074141,3.288143055636682,0.0582408800000012,-0.0123313599999994,0.0032361200000011,3.4296455299391613,1.0,0.0,0.0,0.0,2652.0,0.0,0.0,0.0,0.0,0.0,3.0291621038308545,0.0,0.0
31.497359200031497,571351.3146622,0.2906235000001023,-1.1183099999999908,3.669145999999993,0.3268213696155891,-0.9631801361397216,3.379224561703673,0.0598408800000012,-0.0123313599999994,0.0020361200000011,3.5289781553181827,1.0,0.0,0.0,0.0,2732.16,0.0,0.0,0.0,0.0,0.0,3.284775837214752,0.0,0.0
31.60726880002767,571351.4245718,0.4706235000001022,-0.9633099999999908,3.719145999999992,0.361198307654613,-0.9632111810336048,3.460485236988544,0.0590408800000012,-0.0115313599999994,0.0028361200000011,3.61015208434996,1.0,0.0,0.0,0.0,2759.53,0.0,0.0,0.0,0.0,0.0,3.3804851831784974,0.0,0.0
31.70975829998497,571351.5270613,0.4306235000001022,-0.9183099999999907,3.6591459999999927,0.3777949013853636,-0.952477229358868,3.507976527434441,0.0582408800000012,-0.0115313599999994,0.0016361200000011,3.654564430543115,1.0,0.0,0.0,0.0,2771.75,0.0,0.0,0.0,0.0,0.0,3.4247721155525745,0.0,0.0
31.820985800004564,571351.6382888,0.4406235000001022,-0.8633099999999906,3.529145999999993,0.3928145317335533,-0.9311611590712774,3.513037242771264,0.0570408800000012,-0.0111313599999994,0.0036361200000011,3.655515699542534,1.0,0.0,0.0,0.0,2752.2,0.0,0.0,0.0,0.0,0.0,3.3543901691808653,0.0,0.0
31.93314909993205,571351.7504521,0.4406235000001022,-1.083309999999991,3.4891459999999928,0.404243610951046,-0.9675334385592798,3.507325868605755,0.0562408800000012,-0.0115313599999994,0.0016361200000011,3.6607196833841567,1.0,0.0,0.0,0.0,2739.49,0.0,0.0,0.0,0.0,0.0,3.309950758476715,0.0,0.0
32.046465900028124,571351.8637689,0.4156235000001023,-0.8783099999999907,3.4691459999999923,0.406964055632111,-0.9462039310562972,3.49819869521904,0.0562408800000012,-0.0119313599999994,0.0024361200000011,3.646685581861304,1.0,0.0,0.0,0.0,2723.36,0.0,0.0,0.0,0.0,0.0,3.2549784045381944,0.0,0.0
32.15011459996458,571351.9674176,0.3506235000001023,-0.9133099999999906,3.359145999999992,0.3934954388260395,-0.9383403992243352,3.464957143964391,0.0558408800000012,-0.0123313599999994,0.0024361200000011,3.611267004072567,1.0,0.0,0.0,0.0,2706.26,0.0,0.0,0.0,0.0,0.0,3.198364243853606,0.0,0.0
32.26144679996651,571352.0787498,0.3306235000001023,-0.9033099999999906,3.439145999999992,0.3784654476872899,-0.9299661292437894,3.458786803550046,0.0562408800000012,-0.0119313599999994,0.0016361200000011,3.601566221666036,1.0,0.0,0.0,0.0,2700.88,0.0,0.0,0.0,0.0,0.0,3.1808934985801,0.0,0.0
32.37308349995874,571352.1903865,0.4606235000001022,-0.8533099999999908,3.4091459999999927,0.3981059235704525,-0.9116409278140248,3.4469198108755665,0.0562408800000012,-0.0123313599999994,0.0028361200000011,3.587594415517722,1.0,0.0,0.0,0.0,2701.86,0.0,0.0,0.0,0.0,0.0,3.1840639854214348,0.0,0.0
32.48478930001147,571352.3020923,0.4356235000001023,-0.7933099999999907,3.279145999999992,0.4070747712283264,-0.883353064743525,3.406812269453067,0.0530408800000012,-0.0111313599999994,0.0024361200000011,3.542935554827145,1.0,0.0,0.0,0.0,2680.84,0.0,0.0,0.0,0.0,0.0,3.1171969097396457,0.0,0.0
32.59557879995555,571352.4128818,0.4356235000001023,-0.7933099999999907,3.309145999999992,0.4138995510661217,-0.8618276196805383,3.3834644422372016,0.0538408800000012,-0.0107313599999994,0.0032361200000011,3.5159481390231653,1.0,0.0,0.0,0.0,2637.83,0.0,0.0,0.0,0.0,0.0,2.987389952374801,0.0,0.0
32.70560270000715,571352.5229057,0.5806235000001022,-0.7833099999999907,3.4091459999999927,0.4537561154076892,-0.8430574155151866,3.389603804133972,0.0546408800000012,-0.0103313599999994,0.0036361200000011,3.522222929788021,1.0,0.0,0.0,0.0,2640.76,0.0,0.0,0.0,0.0,0.0,2.9959501581191046,0.0,0.0
32.81560069997795,571352.6329037,0.4856235000001023,-0.7883099999999906,3.399145999999992,0.4613742438920855,-0.8299696503622631,3.3918849349848514,0.0558408800000012,-0.0111313599999994,0.0044361200000011,3.52230027476742,1.0,0.0,0.0,0.0,2646.63,0.0,0.0,0.0,0.0,0.0,3.013220331518366,0.0,0.0
32.926429599989206,571352.7437326,0.5256235000001023,-0.8433099999999908,3.349145999999992,0.47673349267632,-0.8331587573086541,3.381667883847293,0.0538408800000012,-0.0099313599999994,0.0040361200000011,3.515267559455993,1.0,0.0,0.0,0.0,2651.52,0.0,0.0,0.0,0.0,0.0,3.027731539785429,0.0,0.0
33.0365720000118,571352.853875,0.6206235000001022,-0.6633099999999906,3.3691459999999926,0.511131438332465,-0.7925551849527194,3.378674437060382,0.0534408800000012,-0.0087313599999994,0.0056361200000011,3.5078255401448546,1.0,0.0,0.0,0.0,2627.08,0.0,0.0,0.0,0.0,0.0,2.9563203319382896,0.0,0.0
33.146436400013044,571352.9637394,0.5256235000001023,-0.7633099999999907,3.529145999999993,0.5145958703591252,-0.785563912233939,3.414645751129086,0.0574408800000012,-0.0103313599999994,0.0040361200000011,3.5414298208066866,1.0,0.0,0.0,0.0,2648.58,0.0,0.0,0.0,0.0,0.0,3.0189933709499033,0.0,0.0
33.257257899967954,571353.0745609,0.5156235000001022,-0.7483099999999906,3.4091459999999927,0.5148415326479973,-0.776658095406655,3.413330995893616,0.0554408800000012,-0.0103313599999994,0.0036361200000011,3.5382323395204183,1.0,0.0,0.0,0.0,2650.05,0.0,0.0,0.0,0.0,0.0,3.0233572988093806,0.0,0.0
33.359527299995534,571353.1768303,0.5006235000001023,-0.7083099999999908,3.319145999999992,0.5114426092379853,-0.7603189894796594,3.390815392269501,0.0538408800000012,-0.0103313599999994,0.0044361200000011,3.512447513167891,1.0,0.0,0.0,0.0,2634.9,0.0,0.0,0.0,0.0,0.0,2.97886939795851,0.0,0.0
33.47059329994954,571353.2878963,0.4906235000001022,-0.8383099999999907,3.3391459999999924,0.5064656507855294,-0.7789633039212417,3.378463450807901,0.0554408800000012,-0.0107313599999994,0.0032361200000011,3.503898767476928,1.0,0.0,0.0,0.0,2632.45,0.0,0.0,0.0,0.0,0.0,2.971774918309802,0.0,0.0
33.582265399978496,571353.3995684,0.4506235000001022,-0.7583099999999906,3.3291459999999926,0.4931161812583157,-0.7740259824274397,3.366673757942205,0.0546408800000012,-0.0103313599999994,0.0040361200000011,3.4895231740322687,1.0,0.0,0.0,0.0,2634.41,0.0,0.0,0.0,0.0,0.0,2.977448307084813,0.0,0.0
33.69310539995786,571353.5104084,0.4706235000001022,-0.8483099999999907,3.3791459999999924,0.487739143325167,-0.7917841134269812,3.36965533750074,0.0554408800000012,-0.0107313599999994,0.0020361200000011,3.495624214321978,1.0,0.0,0.0,0.0,2638.81,0.0,0.0,0.0,0.0,0.0,2.990248664317689,0.0,0.0
33.80399699998088,571353.6213,0.5306235000001023,-0.7383099999999906,3.3691459999999926,0.4979909585682075,-0.7790007403360818,3.3695335766919308,0.0562408800000012,-0.0107313599999994,0.0048361200000011,3.4940798034266707,1.0,0.0,0.0,0.0,2644.18,0.0,0.0,0.0,0.0,0.0,3.005992502613336,0.0,0.0
33.91477849998046,571353.7320815,0.5506235000001023,-0.8483099999999907,3.349145999999992,0.5105731477944908,-0.795569619521848,3.364659779211806,0.0554408800000012,-0.0111313599999994,0.0036361200000011,3.494932243778204,1.0,0.0,0.0,0.0,2645.65,0.0,0.0,0.0,0.0,0.0,3.010325804230948,0.0,0.0
34.02642509993166,571353.8437281,0.4656235000001023,-0.7983099999999906,3.319145999999992,0.499827609790486,-0.7962247272705898,3.3537793815174,0.0550408800000012,-0.0111313599999994,0.0032361200000011,3.4830500420920205,1.0,0.0,0.0,0.0,2642.72,0.0,0.0,0.0,0.0,0.0,3.0016987274846287,0.0,0.0
34.13644519995432,571353.9537482,0.5106235000001023,-0.8733099999999906,3.349145999999992,0.5024084453304027,-0.8146525185505531,3.3526717381959186,0.0550408800000012,-0.0111313599999994,0.0032361200000011,3.486614512104502,1.0,0.0,0.0,0.0,2643.7,0.0,0.0,0.0,0.0,0.0,3.0045797475062423,0.0,0.0
34.24763310002163,571354.0649361,0.4906235000001022,-0.9083099999999908,3.3391459999999924,0.4995911690193373,-0.8370420160362252,3.3494383127755154,0.0550408800000012,-0.0111313599999994,0.0040361200000011,3.4884047477121385,1.0,0.0,0.0,0.0,2645.65,0.0,0.0,0.0,0.0,0.0,3.010325804230948,0.0,0.0
34.349578300025314,571354.1668813,0.4456235000001023,-0.8133099999999908,3.309145999999992,0.4866898078988584,-0.8313687061719186,3.339806144350545,0.0546408800000012,-0.0115313599999994,0.0020361200000011,3.4759669124656885,1.0,0.0,0.0,0.0,2642.23,0.0,0.0,0.0,0.0,0.0,3.000259903517894,0.0,0.0
34.460652499925345,571354.2779555,0.4706235000001022,-0.8233099999999908,3.3291459999999926,0.4828490409389073,-0.8294422142485632,3.3372577598388125,0.0550408800000012,-0.0107313599999994,0.0028361200000011,3.4725216973717457,1.0,0.0,0.0,0.0,2644.67,0.0,0.0,0.0,0.0,0.0,3.0074358065624907,0.0,0.0
34.572406099992804,571354.3897091,0.4106235000001021,-0.9783099999999908,3.4491459999999927,0.4655830036482964,-0.8650301337953702,3.36400545188643,0.0574408800000012,-0.0115313599999994,0.0024361200000011,3.504508146085814,1.0,0.0,0.0,0.0,2664.71,0.0,0.0,0.0,0.0,0.0,3.06744889629209,0.0,0.0
34.682871900033206,571354.5001749,0.3706235000001021,-0.8533099999999908,3.4591459999999925,0.44288224835071,-0.8622283511499009,3.3867494871712576,0.0570408800000012,-0.0119313599999994,0.0020361200000011,3.522733953094618,1.0,0.0,0.0,0.0,2692.57,0.0,0.0,0.0,0.0,0.0,3.1542196674603917,0.0,0.0
34.79308339999989,571354.6103864,0.5256235000001023,-0.7933099999999907,3.439145999999992,0.462662142248087,-0.8457529214681769,3.3992752520549763,0.0562408800000012,-0.0119313599999994,0.0016361200000011,3.533330794204665,1.0,0.0,0.0,0.0,2687.19,0.0,0.0,0.0,0.0,0.0,3.1371488588104044,0.0,0.0
34.903129199985415,571354.7204322,0.4206235000001022,-0.8533099999999908,3.4091459999999927,0.4526125011479207,-0.8475594956806003,3.4016349256536724,0.0562408800000012,-0.0119313599999994,0.0028361200000011,3.5347327115838048,1.0,0.0,0.0,0.0,2683.28,0.0,0.0,0.0,0.0,0.0,3.124838511386211,0.0,0.0
35.01410609995946,571354.8314091,0.4456235000001023,-0.8633099999999906,3.2991459999999924,0.4509417299377113,-0.8513247675136618,3.377134207636061,0.0554408800000012,-0.0111313599999994,0.0028361200000011,3.5118567396702063,1.0,0.0,0.0,0.0,2669.11,0.0,0.0,0.0,0.0,0.0,3.080888730663488,0.0,0.0
35.12393949995749,571354.9412425,0.4906235000001022,-0.8083099999999906,3.3791459999999924,0.4604279437167842,-0.8410417766175844,3.3776151411330635,0.0558408800000012,-0.0103313599999994,0.0048361200000011,3.511072372222289,1.0,0.0,0.0,0.0,2660.8,0.0,0.0,0.0,0.0,0.0,3.055586496052496,0.0,0.0
35.234013200039044,571355.0513162,0.5306235000001023,-0.8633099999999906,3.3791459999999924,0.477208698511682,-0.846365156274125,3.3779811040035312,0.0566408800000012,-0.0103313599999994,0.0036361200000011,3.514942170035668,1.0,0.0,0.0,0.0,2658.36,0.0,0.0,0.0,0.0,0.0,3.0482219916105944,0.0,0.0
35.34644779993687,571355.1637508,0.5756235000001022,-0.8133099999999908,3.399145999999992,0.5007354677177007,-0.838463082389213,3.383040725278454,0.0562408800000012,-0.0103313599999994,0.0032361200000011,3.5211817473758225,1.0,0.0,0.0,0.0,2662.76,0.0,0.0,0.0,0.0,0.0,3.0615234248159884,0.0,0.0
35.44975259993225,571355.2670556,0.5706235000001022,-0.8383099999999907,3.4991459999999925,0.5174427066787457,-0.8384264869382617,3.410796529899941,0.0570408800000012,-0.0111313599999994,0.0040361200000011,3.550244906632801,1.0,0.0,0.0,0.0,2666.67,0.0,0.0,0.0,0.0,0.0,3.0734237861446907,0.0,0.0
35.56074600003194,571355.378049,0.5606235000001023,-0.6733099999999906,3.5491459999999924,0.5277653872434561,-0.7989541979984481,3.443869970110069,0.0578408800000012,-0.0123313599999994,0.0036361200000011,3.574507586437257,1.0,0.0,0.0,0.0,2687.68,0.0,0.0,0.0,0.0,0.0,3.138697267628756,0.0,0.0
35.672281999955885,571355.489585,0.3456235000001022,-0.8683099999999907,3.6191459999999926,0.4842230533758488,-0.8155342034662294,3.4857709711810583,0.0606408800000012,-0.0135313599999994,0.0008361200000011,3.6125015247017496,1.0,0.0,0.0,0.0,2688.17,0.0,0.0,0.0,0.0,0.0,3.1402469472886434,0.0,0.0
35.78313320002053,571355.6004362,0.4056235000001023,-0.9033099999999906,3.709145999999993,0.4654332623688028,-0.836517641685807,3.53917038539447,0.0618408800000012,-0.0135313599999994,0.0016361200000011,3.666349260971204,1.0,0.0,0.0,0.0,2692.57,0.0,0.0,0.0,0.0,0.0,3.1542196674603917,0.0,0.0
35.89392159995623,571355.7112246,0.3106235000001023,-0.9533099999999908,3.8691459999999926,0.4284248703891108,-0.8644376986033404,3.618053439681297,0.0630408800000012,-0.0139313599999994,0.0020361200000011,3.744477413034325,1.0,0.0,0.0,0.0,2747.31,0.0,0.0,0.0,0.0,0.0,3.337172796119802,0.0,0.0
36.00474280002527,571355.8220458,0.4656235000001023,-0.8183099999999907,3.959145999999993,0.4373174715060368,-0.8534105390436729,3.699594080145345,0.0610408800000012,-0.0107313599999994,0.0052361200000011,3.8218519695144826,1.0,0.0,0.0,0.0,2794.23,0.0,0.0,0.0,0.0,0.0,3.508913136525105,0.0,0.0
36.11645580001641,571355.9337588,0.6806235000001023,-0.6933099999999907,4.029145999999993,0.4954815351655711,-0.8151373486813156,3.7783758471413695,0.0626408800000012,-0.0091313599999994,0.0064361200000011,3.896931471191981,1.0,0.0,0.0,0.0,2774.68,0.0,0.0,0.0,0.0,0.0,3.43553974478923,0.0,0.0
36.21952219994273,571356.0368252,0.6056235000001022,-0.7883099999999906,4.119145999999993,0.5218117674819402,-0.8087240771887222,3.8598394137731415,0.0642408800000012,-0.0099313599999994,0.0052361200000011,3.9780249438413486,1.0,0.0,0.0,0.0,2782.99,0.0,0.0,0.0,0.0,0.0,3.466399606782347,0.0,0.0
36.33145389996935,571356.1487569,0.6956235000001022,-0.7833099999999907,4.099145999999992,0.5633627176886956,-0.8026486584553563,3.917047381868284,0.0634408800000012,-0.0099313599999994,0.0044361200000011,4.037930486326251,1.0,0.0,0.0,0.0,2799.61,0.0,0.0,0.0,0.0,0.0,3.529584906156218,0.0,0.0
36.44227699993644,571356.25958,0.6256235000001023,-0.7983099999999906,4.129145999999992,0.5782466074478899,-0.8016114708108215,3.9677510886505134,0.0646408800000012,-0.0103313599999994,0.0056361200000011,4.0890095121738,1.0,0.0,0.0,0.0,2805.96,0.0,0.0,0.0,0.0,0.0,3.5542591840849833,0.0,0.0
36.55225449998397,571356.3695575,0.7006235000001022,-0.8783099999999907,4.2091459999999925,0.6075016876155253,-0.8199468082538076,4.025458285951468,0.0666408800000012,-0.0103313599999994,0.0056361200000011,4.152792491897067,1.0,0.0,0.0,0.0,2813.29,0.0,0.0,0.0,0.0,0.0,3.58311985133519,0.0,0.0
36.663948399946094,571356.4812514,0.7256235000001022,-0.8633099999999906,4.219145999999992,0.6357395601320448,-0.830313092479548,4.07176073311941,0.0662408800000012,-0.0103313599999994,0.0068361200000011,4.203905337615602,1.0,0.0,0.0,0.0,2836.27,0.0,0.0,0.0,0.0,0.0,3.676334317452218,0.0,0.0
36.77573609992396,571356.5930391,0.6256235000001023,-0.8233099999999908,4.149145999999992,0.6333212428830238,-0.8286389526346961,4.090260240168254,0.0654408800000012,-0.0099313599999994,0.0052361200000011,4.22113339552444,1.0,0.0,0.0,0.0,2844.57,0.0,0.0,0.0,0.0,0.0,3.7110649317992372,0.0,0.0
36.88646549999248,571356.7037685,0.5756235000001022,-0.7783099999999906,4.1691459999999925,0.6195281806608293,-0.8166074529506095,4.109118450896049,0.0650408800000012,-0.0115313599999994,0.0044361200000011,4.235034514893798,1.0,0.0,0.0,0.0,2838.71,0.0,0.0,0.0,0.0,0.0,3.6864840862958754,0.0,0.0
36.99744930001907,571356.8147523,0.6106235000001022,-0.8783099999999907,4.494145999999993,0.6173994524249361,-0.8313578925379425,4.201162067798466,0.0710408800000012,-0.0119313599999994,0.0056361200000011,4.326904291667245,1.0,0.0,0.0,0.0,2850.93,0.0,0.0,0.0,0.0,0.0,3.738075698971919,0.0,0.0
37.099758099997416,571356.9170611,0.5656235000001022,-0.7583099999999906,4.364145999999993,0.6050220369884562,-0.8138952661572078,4.240124554123716,0.0666408800000012,-0.0115313599999994,0.0052361200000011,4.359717124309513,1.0,0.0,0.0,0.0,2902.25,0.0,0.0,0.0,0.0,0.0,3.969659591908847,0.0,0.0
37.2108898999868,571357.0281929,0.5556235000001023,-0.7433099999999907,4.154145999999993,0.5932129598855904,-0.7970213484018419,4.219570759684837,0.0650408800000012,-0.0115313599999994,0.0044361200000011,4.334965056557179,1.0,0.0,0.0,0.0,2841.15,0.0,0.0,0.0,0.0,0.0,3.696683792831518,0.0,0.0
37.32144009997137,571357.1387431,0.6606235000001023,-0.7833099999999907,4.129145999999992,0.6093279364474625,-0.7937435515209365,4.197954067688914,0.0650408800000012,-0.0115313599999994,0.0044361200000011,4.315568063898691,1.0,0.0,0.0,0.0,2802.54,0.0,0.0,0.0,0.0,0.0,3.5409326634473657,0.0,0.0
37.43240829999559,571357.2497113,0.5756235000001022,-0.8033099999999908,4.089145999999992,0.6012706474469937,-0.7960304801341539,4.171942713120757,0.0646408800000012,-0.0119313599999994,0.0040361200000011,4.289556727488905,1.0,0.0,0.0,0.0,2792.28,0.0,0.0,0.0,0.0,0.0,3.501472678717651,0.0,0.0
37.54227119998541,571357.3595742,0.4706235000001022,-0.8633099999999906,4.179145999999992,0.5700385031056835,-0.8121141353591409,4.173664710882978,0.0670408800000012,-0.0127313599999994,0.0044361200000011,4.289982562055816,1.0,0.0,0.0,0.0,2798.14,0.0,0.0,0.0,0.0,0.0,3.52391559252241,0.0,0.0
37.65244159998838,571357.4697446,0.4256235000001023,-0.8833099999999906,4.494145999999993,0.5355150534155343,-0.8291340210927448,4.250278078078465,0.0710408800000012,-0.0143313599999994,0.0028361200000011,4.363382098597651,1.0,0.0,0.0,0.0,2826.0,0.0,0.0,0.0,0.0,0.0,3.6341521547764817,0.0,0.0
37.76314049994107,571357.5804435,0.4406235000001022,-0.9983099999999906,4.654145999999993,0.5128305421119357,-0.8695767609119314,4.346825622198444,0.0742408800000012,-0.0171313599999994,-0.0011638799999988,4.462516319056077,1.0,0.0,0.0,0.0,2902.25,0.0,0.0,0.0,0.0,0.0,3.969659591908847,0.0,0.0
37.87401969998609,571357.6913227,0.3656235000001022,-0.8733099999999906,4.364145999999993,0.4776396353287391,-0.8704692186833978,4.35096618362757,0.0694408800000012,-0.0143313599999994,0.0016361200000011,4.462820074009585,1.0,0.0,0.0,0.0,2924.24,0.0,0.0,0.0,0.0,0.0,4.077040887453603,0.0,0.0
37.98476699995808,571357.80207,0.4606235000001022,-0.9883099999999908,4.364145999999993,0.4735718052604914,-0.8986399086930568,4.35411691393726,0.0690408800000012,-0.0135313599999994,0.0024361200000011,4.471035455067212,1.0,0.0,0.0,0.0,2904.69,0.0,0.0,0.0,0.0,0.0,3.981317779605061,0.0,0.0
38.097397699952126,571357.9147007,0.4406235000001022,-1.0033099999999906,4.269145999999992,0.4656952748822653,-0.9236620501159696,4.3338040031637535,0.0686408800000012,-0.0131313599999994,0.0036361200000011,4.455544950924665,1.0,0.0,0.0,0.0,2903.71,0.0,0.0,0.0,0.0,0.0,3.976627881026231,0.0,0.0
38.20065669994801,571358.0179597,0.3956235000001022,-0.9783099999999908,4.304145999999992,0.4489441109254622,-0.9367260372912596,4.326714043269588,0.0686408800000012,-0.0135313599999994,0.0016361200000011,4.449658514526739,1.0,0.0,0.0,0.0,2898.34,0.0,0.0,0.0,0.0,0.0,3.951107336364862,0.0,0.0
38.31062420003582,571358.1279272,0.4856235000001023,-0.9033099999999906,4.284145999999993,0.4577125838413819,-0.9287376921923376,4.316537845031019,0.0678408800000012,-0.0135313599999994,0.0028361200000011,4.438981130607624,1.0,0.0,0.0,0.0,2895.41,0.0,0.0,0.0,0.0,0.0,3.937308390978348,0.0,0.0
38.42148479993921,571358.2387878,0.4906235000001022,-0.9233099999999906,4.1691459999999925,0.4655801760847697,-0.9274401631662218,4.281302759775045,0.0674408800000012,-0.0131313599999994,0.0020361200000011,4.405276776489115,1.0,0.0,0.0,0.0,2890.52,0.0,0.0,0.0,0.0,0.0,3.91447327428451,0.0,0.0
38.53313619992696,571358.3504392,0.5456235000001023,-0.7483099999999906,4.164145999999993,0.4847151108685401,-0.8846178036947729,4.2532955900559966,0.0658408800000012,-0.0131313599999994,0.0028361200000011,4.371272214551257,1.0,0.0,0.0,0.0,2866.57,0.0,0.0,0.0,0.0,0.0,3.8060177702321902,0.0,0.0
38.64395960001275,571358.4612626,0.3506235000001023,-0.9283099999999908,4.154145999999993,0.4526595426648466,-0.8950627388369514,4.22959316433507,0.0670408800000012,-0.0151313599999994,0.0012361200000011,4.346895018724263,1.0,0.0,0.0,0.0,2856.31,0.0,0.0,0.0,0.0,0.0,3.7612000932117176,0.0,0.0
38.75398659997154,571358.5712896,0.4256235000001023,-0.8133099999999908,4.234145999999992,0.4461963813679926,-0.8755191560680179,4.230681552588682,0.0666408800000012,-0.0135313599999994,0.0028361200000011,4.343304203345896,1.0,0.0,0.0,0.0,2864.13,0.0,0.0,0.0,0.0,0.0,3.795272711460699,0.0,0.0
38.86574259994086,571358.6830456,0.4456235000001023,-0.8533099999999908,4.254145999999992,0.4460594299387265,-0.8702098968796589,4.236290898240389,0.0678408800000012,-0.0135313599999994,0.0020361200000011,4.347688449530271,1.0,0.0,0.0,0.0,2873.9,0.0,0.0,0.0,0.0,0.0,3.8386288691084047,0.0,0.0
38.97731170000043,571358.7946147,0.5456235000001023,-0.8683099999999907,4.224145999999992,0.469860940098979,-0.8697557128064588,4.233387572586006,0.0686408800000012,-0.0139313599999994,0.0016361200000011,4.34727669267966,1.0,0.0,0.0,0.0,2880.25,0.0,0.0,0.0,0.0,0.0,3.867290103542806,0.0,0.0
39.080746999941766,571358.89805,0.5656235000001022,-0.8083099999999906,4.204145999999993,0.4927536717947938,-0.8550666713001648,4.226397163429583,0.0658408800000012,-0.0127313599999994,0.0024361200000011,4.340089650742392,1.0,0.0,0.0,0.0,2859.24,0.0,0.0,0.0,0.0,0.0,3.7739018990553452,0.0,0.0
39.194009399972856,571359.0113124,0.5556235000001023,-0.8883099999999907,4.239145999999993,0.5077831583744358,-0.8630137291627226,4.229444864904371,0.0678408800000012,-0.0127313599999994,0.0028361200000011,4.346359430364454,1.0,0.0,0.0,0.0,2853.86,0.0,0.0,0.0,0.0,0.0,3.7506378089387615,0.0,0.0
39.30413579999004,571359.1214388,0.6106235000001022,-0.8583099999999907,4.109145999999992,0.5323678849186423,-0.8618892687284633,4.200686552256813,0.0658408800000012,-0.0127313599999994,0.0028361200000011,4.321115155460829,1.0,0.0,0.0,0.0,2868.04,0.0,0.0,0.0,0.0,0.0,3.812517685257156,0.0,0.0
39.41398389998358,571359.2312869,0.4756235000001023,-0.9083099999999908,4.109145999999992,0.5188027298045199,-0.8729864798642124,4.178803121986508,0.0658408800000012,-0.0127313599999994,0.0024361200000011,4.300425234648606,1.0,0.0,0.0,0.0,2844.57,0.0,0.0,0.0,0.0,0.0,3.7110649317992372,0.0,0.0
39.52398629998788,571359.3412893,0.4956235000001023,-0.8733099999999906,4.099145999999992,0.5132615674820418,-0.8730638196896536,4.159760511563594,0.0662408800000012,-0.0131313599999994,0.0024361200000011,4.281271468088542,1.0,0.0,0.0,0.0,2866.08,0.0,0.0,0.0,0.0,0.0,3.8038555626334,0.0,0.0
39.63492280000355,571359.4522258,0.3856235000001022,-0.8883099999999907,4.059145999999992,0.4827487654427756,-0.8767085292253107,4.135707885774254,0.0662408800000012,-0.0139313599999994,0.0004361200000011,4.2550844800318925,1.0,0.0,0.0,0.0,2879.28,0.0,0.0,0.0,0.0,0.0,3.862886926167876,0.0,0.0
39.745005000033416,571359.562308,0.3506235000001023,-1.0083099999999905,3.979145999999992,0.4511632663172249,-0.9081688114517888,4.0982806360378055,0.0646408800000012,-0.0135313599999994,0.0020361200000011,4.221874353257119,1.0,0.0,0.0,0.0,2879.77,0.0,0.0,0.0,0.0,0.0,3.8651100769836764,0.0,0.0
39.856458400026895,571359.6737614,0.3806235000001021,-0.9633099999999908,4.059145999999992,0.4343002256273068,-0.9213507108927153,4.088925218599592,0.0638408800000012,-0.0123313599999994,0.0020361200000011,4.21388339441686,1.0,0.0,0.0,0.0,2880.74,0.0,0.0,0.0,0.0,0.0,3.869517844196351,0.0,0.0
39.96729940001387,571359.7846024,0.4356235000001023,-1.0533099999999909,4.089145999999992,0.4346165639249424,-0.9528965321763408,4.088977997988196,0.0650408800000012,-0.0131313599999994,0.0016361200000011,4.220976714778604,1.0,0.0,0.0,0.0,2891.5,0.0,0.0,0.0,0.0,0.0,3.919030303149079,0.0,0.0
40.07734880002681,571359.8946518,0.4106235000001021,-1.0183099999999907,4.099145999999992,0.4288808486771563,-0.9685340941810096,4.091408732318803,0.0654408800000012,-0.0127313599999994,0.0016361200000011,4.226301277576839,1.0,0.0,0.0,0.0,2891.98,0.0,0.0,0.0,0.0,0.0,3.9212658389087927,0.0,0.0
40.1795659000054,571359.9968689,0.5256235000001023,-0.9583099999999908,4.089145999999992,0.4520078783071567,-0.966089950612161,4.090867809812893,0.0650408800000012,-0.0127313599999994,0.0032361200000011,4.227628218290828,1.0,0.0,0.0,0.0,2899.8,0.0,0.0,0.0,0.0,0.0,3.958016227755098,0.0,0.0
40.29075859999284,571360.1080616,0.5456235000001023,-1.0883099999999906,4.059145999999992,0.4743873689156608,-0.9953075362883768,4.083284482031115,0.0650408800000012,-0.0123313599999994,0.0032361200000011,4.229526288932991,1.0,0.0,0.0,0.0,2896.38,0.0,0.0,0.0,0.0,0.0,3.9418669037014307,0.0,0.0
40.401542100007646,571360.2188451,0.5656235000001022,-1.0083099999999905,4.079145999999993,0.4961980251056881,-0.998415869163374,4.082295148006792,0.0658408800000012,-0.0123313599999994,0.0028361200000011,4.231805808795559,1.0,0.0,0.0,0.0,2903.23,0.0,0.0,0.0,0.0,0.0,3.9743344713932127,0.0,0.0
40.51146489998792,571360.3287679,0.5506235000001023,-0.9883099999999908,4.029145999999993,0.50920882802764,-0.9959999881390028,4.069589460247013,0.0646408800000012,-0.0115313599999994,0.0032361200000011,4.220529348537663,1.0,0.0,0.0,0.0,2897.85,0.0,0.0,0.0,0.0,0.0,3.9487935277336055,0.0,0.0
40.62255259999074,571360.4398556,0.5756235000001022,-0.9033099999999906,4.089145999999992,0.5250857351163914,-0.9738417769179828,4.074264592343791,0.0650408800000012,-0.0111313599999994,0.0036361200000011,4.221814160301211,1.0,0.0,0.0,0.0,2887.59,0.0,0.0,0.0,0.0,0.0,3.900905959499611,0.0,0.0
40.73314389993902,571360.5504469,0.5056235000001021,-0.9683099999999908,4.079145999999993,0.5204331472242328,-0.972519365686334,4.075431528105394,0.0658408800000012,-0.0119313599999994,0.0028361200000011,4.222059535065811,1.0,0.0,0.0,0.0,2887.59,0.0,0.0,0.0,0.0,0.0,3.900905959499611,0.0,0.0
40.84482609992847,571360.6621291,0.4806235000001022,-1.0083099999999905,4.069145999999992,0.5109163634859112,-0.981075375356622,4.073928927207589,0.0650408800000012,-0.0127313599999994,0.0020361200000011,4.22142645637083,1.0,0.0,0.0,0.0,2890.03,0.0,0.0,0.0,0.0,0.0,3.9121983711156103,0.0,0.0
40.95480870001484,571360.7721117,0.5406235000001023,-0.8983099999999907,4.089145999999992,0.5180180690624174,-0.9612897145127692,4.077566678380823,0.0658408800000012,-0.0127313599999994,0.0028361200000011,4.221252261088504,1.0,0.0,0.0,0.0,2896.87,0.0,0.0,0.0,0.0,0.0,3.9441733157302066,0.0,0.0
41.06485139997676,571360.8821544,0.5456235000001023,-1.0683099999999903,4.039145999999993,0.524617346738957,-0.9868736868313676,4.068381937677862,0.0654408800000012,-0.0123313599999994,0.0032361200000011,4.2191082736856895,1.0,0.0,0.0,0.0,2903.23,0.0,0.0,0.0,0.0,0.0,3.9743344713932127,0.0,0.0
41.17488399997819,571360.992187,0.4156235000001023,-1.0183099999999907,4.049145999999992,0.4985615803469175,-0.9943887645780148,4.063783447823042,0.0654408800000012,-0.0127313599999994,0.0024361200000011,4.213277652293703,1.0,0.0,0.0,0.0,2892.47,0.0,0.0,0.0,0.0,0.0,3.9235503423073665,0.0,0.0
41.28661119996104,571361.1039142,0.4556235000001023,-1.0183099999999907,4.019145999999992,0.4882969220720352,-1.00010730870333,4.053112543477396,0.0658408800000012,-0.0127313599999994,0.0024361200000011,4.203138089941924,1.0,0.0,0.0,0.0,2896.38,0.0,0.0,0.0,0.0,0.0,3.9418669037014307,0.0,0.0
41.39736239996273,571361.2146654,0.3906235000001021,-1.103309999999991,4.019145999999992,0.464947384970964,-1.0247786575538609,4.044992595898036,0.0654408800000012,-0.0127313599999994,0.0024361200000011,4.1986083966761125,1.0,0.0,0.0,0.0,2884.16,0.0,0.0,0.0,0.0,0.0,3.8851315182834085,0.0,0.0
41.5073472999502,571361.3246503,0.4556235000001023,-0.9933099999999908,4.059145999999992,0.4627184429165644,-1.017255847648277,4.048376069387289,0.0658408800000012,-0.0123313599999994,0.0024361200000011,4.199793639713435,1.0,0.0,0.0,0.0,2885.63,0.0,0.0,0.0,0.0,0.0,3.8918777958731794,0.0,0.0
41.61736509995535,571361.4346681,0.4356235000001023,-1.0083099999999905,4.009145999999992,0.4562412010890648,-1.015117278146633,4.038997837917507,0.0650408800000012,-0.0127313599999994,0.0020361200000011,4.189525349805789,1.0,0.0,0.0,0.0,2888.07,0.0,0.0,0.0,0.0,0.0,3.903122736090283,0.0,0.0
41.72732920001727,571361.5446322,0.5206235000001023,-0.9083099999999908,4.079145999999993,0.4716322547164108,-0.9895842267714824,4.048595546078018,0.0658408800000012,-0.0127313599999994,0.0032361200000011,4.194381935552193,1.0,0.0,0.0,0.0,2894.43,0.0,0.0,0.0,0.0,0.0,3.9327126267575045,0.0,0.0
41.83016330003738,571361.6474663,0.4556235000001023,-0.9733099999999908,4.019145999999992,0.4678052462604656,-0.9856937553030788,4.04155541935601,0.0658408800000012,-0.0127313599999994,0.0028361200000011,4.186239856410313,1.0,0.0,0.0,0.0,2889.54,0.0,0.0,0.0,0.0,0.0,3.9099258698777413,0.0,0.0
41.94149090000428,571361.7587939,0.4406235000001022,-1.0033099999999906,3.999145999999993,0.4613072534665729,-0.989905045850769,4.031417141309819,0.0650408800000012,-0.0123313599999994,0.0012361200000011,4.176726056272822,1.0,0.0,0.0,0.0,2887.1,0.0,0.0,0.0,0.0,0.0,3.8986453569963078,0.0,0.0
42.052475999924354,571361.869779,0.5506235000001023,-0.9433099999999908,4.019145999999992,0.4826589473862062,-0.9787661635556693,4.028483636337757,0.0654408800000012,-0.0111313599999994,0.0028361200000011,4.173682219653831,1.0,0.0,0.0,0.0,2886.61,0.0,0.0,0.0,0.0,0.0,3.896387131630552,0.0,0.0
42.163172099972144,571361.9804751,0.6206235000001022,-0.9983099999999906,4.089145999999992,0.5156403702907749,-0.98343825883475,4.042985412572513,0.0646408800000012,-0.0111313599999994,0.0028361200000011,4.192704001797368,1.0,0.0,0.0,0.0,2893.45,0.0,0.0,0.0,0.0,0.0,3.9281266218841524,0.0,0.0
42.27646970003843,571362.0937727,0.5056235000001021,-1.0383099999999907,3.979145999999992,0.5132457650898183,-0.9965557449323968,4.027724139845989,0.0642408800000012,-0.0123313599999994,0.0028361200000011,4.180802113810041,1.0,0.0,0.0,0.0,2891.5,0.0,0.0,0.0,0.0,0.0,3.919030303149079,0.0,0.0
42.38732229999732,571362.2046253,0.6056235000001022,-0.9133099999999906,3.9091459999999927,0.535329329920915,-0.9766552482714522,3.999377178953485,0.0618408800000012,-0.0123313599999994,0.0032361200000011,4.151560042319475,1.0,0.0,0.0,0.0,2868.04,0.0,0.0,0.0,0.0,0.0,3.812517685257156,0.0,0.0
42.490045199985616,571362.3073482,0.4906235000001022,-0.8283099999999907,3.979145999999992,0.5246420783408339,-0.9411922450838384,3.994540769482492,0.0630408800000012,-0.0123313599999994,0.0008361200000011,4.137323786172594,1.0,0.0,0.0,0.0,2862.17,0.0,0.0,0.0,0.0,0.0,3.786680866300028,0.0,0.0
42.601516299997456,571362.4188193,0.5156235000001022,-0.8633099999999906,4.079145999999993,0.522486122041783,-0.9225739318055264,4.014766260992948,0.0638408800000012,-0.0119313599999994,0.0028361200000011,4.152406836737058,1.0,0.0,0.0,0.0,2891.5,0.0,0.0,0.0,0.0,0.0,3.919030303149079,0.0,0.0
42.71233539993409,571362.5296384,0.4756235000001023,-0.8883099999999907,3.999145999999993,0.5112832737253817,-0.9143828913981092,4.0110321247678975,0.0630408800000012,-0.0115313599999994,0.0028361200000011,4.145586250941233,1.0,0.0,0.0,0.0,2895.89,0.0,0.0,0.0,0.0,0.0,3.93956294856752,0.0,0.0
42.822329199989326,571362.6396322,0.4106235000001021,-0.9233099999999906,3.969145999999992,0.4872198276893362,-0.916516981195346,4.001018944073071,0.0630408800000012,-0.0119313599999994,0.0020361200000011,4.133465752627527,1.0,0.0,0.0,0.0,2881.72,0.0,0.0,0.0,0.0,0.0,3.873980303043417,0.0,0.0
42.93290979997255,571362.7502128,0.5156235000001022,-0.9633099999999908,3.969145999999992,0.4940099307322957,-0.9277031903551471,3.9933994865546616,0.0630408800000012,-0.0119313599999994,0.0028361200000011,4.129396866404618,1.0,0.0,0.0,0.0,2884.65,0.0,0.0,0.0,0.0,0.0,3.8873779194478195,0.0,0.0
43.04395930003375,571362.8612623,0.5156235000001022,-0.8183099999999907,4.029145999999993,0.4991768105937748,-0.901551957986928,4.001944948812665,0.0634408800000012,-0.0115313599999994,0.0012361200000011,4.13249764603827,1.0,0.0,0.0,0.0,2882.21,0.0,0.0,0.0,0.0,0.0,3.876215029240757,0.0,0.0
43.15578629996162,571362.9730893,0.4906235000001022,-0.9033099999999906,3.969145999999992,0.4971320799105715,-0.9019722306295616,3.9941041231721583,0.0630408800000012,-0.0123313599999994,0.0008361200000011,4.124749926534204,1.0,0.0,0.0,0.0,2894.92,0.0,0.0,0.0,0.0,0.0,3.935009286814925,0.0,0.0
43.26652519998606,571363.0838282,0.3856235000001022,-0.9183099999999907,3.929145999999992,0.4704751483884041,-0.9058778924152482,3.978575414595659,0.0622408800000012,-0.0135313599999994,0.0016361200000011,4.107435203486818,1.0,0.0,0.0,0.0,2883.68,0.0,0.0,0.0,0.0,0.0,3.8829332431495276,0.0,0.0
43.377336799982,571363.1946398,0.4806235000001022,-0.7633099999999907,3.934145999999992,0.4729011851489217,-0.8717960078784294,3.9679542420957694,0.0610408800000012,-0.0127313599999994,0.0008361200000011,4.090027466611177,1.0,0.0,0.0,0.0,2886.61,0.0,0.0,0.0,0.0,0.0,3.896387131630552,0.0,0.0
43.47975229995791,571363.2970553,0.4256235000001023,-0.8183099999999907,3.9541459999999926,0.4615991129985047,-0.8590097913329904,3.9646532820774096,0.0626408800000012,-0.0135313599999994,0.0012361200000011,4.082823436032243,1.0,0.0,0.0,0.0,2887.1,0.0,0.0,0.0,0.0,0.0,3.8986453569963078,0.0,0.0
43.590803700033575,571363.4081067,0.4706235000001022,-0.9133099999999906,3.959145999999993,0.463756457899895,-0.8719906484584045,3.963336726514341,0.0626408800000012,-0.0127313599999994,0.0024361200000011,4.0845410698119045,1.0,0.0,0.0,0.0,2889.54,0.0,0.0,0.0,0.0,0.0,3.9099258698777413,0.0,0.0
43.70152559992857,571363.5188286,0.4656235000001023,-0.7733099999999907,4.034145999999993,0.4642027878007348,-0.8484003266138338,3.980264194839711,0.0634408800000012,-0.0135313599999994,0.0004361200000011,4.096067675603449,1.0,0.0,0.0,0.0,2887.59,0.0,0.0,0.0,0.0,0.0,3.900905959499611,0.0,0.0
43.81238090002444,571363.6296839,0.4006235000001021,-0.9083099999999908,3.9891459999999928,0.4490036997799707,-0.8627221668009516,3.9823874545219775,0.0630408800000012,-0.0135313599999994,0.0008361200000011,4.099427240169031,1.0,0.0,0.0,0.0,2890.52,0.0,0.0,0.0,0.0,0.0,3.91447327428451,0.0,0.0
43.92408659995999,571363.7413896,0.3806235000001021,-0.7183099999999908,4.0841459999999925,0.4326569190706511,-0.8281993951499103,4.006713569882614,0.0638408800000012,-0.0127313599999994,0.0024361200000011,4.114226522546841,1.0,0.0,0.0,0.0,2896.87,0.0,0.0,0.0,0.0,0.0,3.9441733157302066,0.0,0.0
44.03488049993757,571363.8521835,0.5906235000001022,-0.8183099999999907,4.284145999999993,0.4704199713309187,-0.8258352638021814,4.073035796366041,0.0658408800000012,-0.0123313599999994,0.0028361200000011,4.182453757167597,1.0,0.0,0.0,0.0,2913.0,0.0,0.0,0.0,0.0,0.0,4.021496814334687,0.0,0.0
44.14738460001536,571363.9646876,0.5806235000001022,-0.7733099999999907,4.504145999999992,0.4967649209266746,-0.8132787200682108,4.176095804717011,0.0678408800000012,-0.0123313599999994,0.0036361200000011,4.283453493777433,1.0,0.0,0.0,0.0,2927.66,0.0,0.0,0.0,0.0,0.0,4.094222549907931,0.0,0.0
44.24962989997584,571364.0669329,0.2756235000001021,-1.1833099999999908,5.024145999999992,0.4438994668146456,-0.9017373704978112,4.378828329883863,0.0806408800000012,-0.0179313599999994,0.0012361200000011,4.492695690182469,1.0,0.0,0.0,0.0,2979.47,0.0,0.0,0.0,0.0,0.0,4.371982068089703,0.0,0.0
44.36073730001226,571364.1780403,0.5806235000001022,-1.2933099999999906,5.714145999999992,0.4765843345888165,-0.995345636148539,4.698045664740118,0.0950408800000012,-0.0167313599999994,0.0092361200000011,4.825917387539785,1.0,0.0,0.0,0.0,3001.47,0.0,0.0,0.0,0.0,0.0,4.500896430788794,0.0,0.0
44.47151349997148,571364.2888165,0.4356235000001023,-1.2833099999999908,5.454145999999993,0.4667923511952618,-1.064185597469685,4.878796911658454,0.0866408800000012,-0.0151313599999994,0.0048361200000011,5.015281187551141,1.0,0.0,0.0,0.0,3038.12,0.0,0.0,0.0,0.0,0.0,4.7325149461765275,0.0,0.0
44.58238469995558,571364.3996877,0.6106235000001022,-1.1633099999999907,5.414145999999993,0.5011762262972828,-1.087882001930648,5.006775978379896,0.0826408800000012,-0.0135313599999994,0.0036361200000011,5.148055026669021,1.0,0.0,0.0,0.0,3087.49,0.0,0.0,0.0,0.0,0.0,5.083520521150147,0.0,0.0
44.69411109993234,571364.5114141,0.5256235000001023,-0.8933099999999906,5.364145999999993,0.5070205236735293,-1.0413681593567317,5.092207863550088,0.0762408800000012,-0.0119313599999994,0.0028361200000011,5.22226946646279,1.0,0.0,0.0,0.0,3105.57,0.0,0.0,0.0,0.0,0.0,5.225172808988257,0.0,0.0
44.80579459993169,571364.6230976,0.4956235000001023,-0.9633099999999908,5.3341459999999925,0.5042959828367346,-1.0227077925007484,5.150044922735345,0.0770408800000012,-0.0131313599999994,0.0028361200000011,5.274770930887817,1.0,0.0,0.0,0.0,3112.41,0.0,0.0,0.0,0.0,0.0,5.280821485795238,0.0,0.0
44.91573340003379,571364.7330364,0.4706235000001022,-0.9283099999999908,5.304145999999992,0.4962463325777307,-1.0001413183105394,5.186883898421648,0.0766408800000012,-0.0139313599999994,0.0004361200000011,5.305686350972374,1.0,0.0,0.0,0.0,3104.11,0.0,0.0,0.0,0.0,0.0,5.213444970161825,0.0,0.0
45.02649359998759,571364.8437966,0.4656235000001023,-0.9283099999999908,5.174145999999992,0.4889257232426279,-0.982969522786924,5.183838811790332,0.0766408800000012,-0.0143313599999994,0.0012361200000011,5.298817063477477,1.0,0.0,0.0,0.0,3096.77,0.0,0.0,0.0,0.0,0.0,5.155265651564574,0.0,0.0
45.13734569994267,571364.9546487,0.3956235000001022,-0.8533099999999908,4.989145999999993,0.4666211527975651,-0.951973477254793,5.137296088746775,0.0726408800000012,-0.0155313599999994,-0.0003638799999988,5.245550486372962,1.0,0.0,0.0,0.0,3079.67,0.0,0.0,0.0,0.0,0.0,5.024572608111594,0.0,0.0
45.23981449997518,571365.0571175,0.5556235000001023,-0.8333099999999908,4.754145999999992,0.4878978068146382,-0.92360611583827,5.04570129230478,0.0682408800000012,-0.0127313599999994,0.0024361200000011,5.152688042010162,1.0,0.0,0.0,0.0,3049.85,0.0,0.0,0.0,0.0,0.0,4.811563311675066,0.0,0.0
45.35064359998796,571365.1679466,0.5306235000001023,-0.7233099999999907,5.054145999999992,0.4981116924043973,-0.8757238824859661,5.047720060680601,0.0734408800000012,-0.0131313599999994,0.0032361200000011,5.147279416105525,1.0,0.0,0.0,0.0,3037.63,0.0,0.0,0.0,0.0,0.0,4.729267482301534,0.0,0.0
45.46075590001419,571365.2780589,0.6706235000001023,-0.7633099999999907,5.324145999999993,0.5393518861682878,-0.8488505318435706,5.113801678268271,0.0778408800000012,-0.0119313599999994,0.0056361200000011,5.211757408704265,1.0,0.0,0.0,0.0,3070.38,0.0,0.0,0.0,0.0,0.0,4.956264601744553,0.0,0.0
45.571504799998365,571365.3888078,0.4306235000001022,-0.9233099999999906,5.329145999999993,0.5133595800432506,-0.8666506055725729,5.165281293941783,0.0782408800000012,-0.0159313599999994,0.0028361200000011,5.262580372412985,1.0,0.0,0.0,0.0,3091.89,0.0,0.0,0.0,0.0,0.0,5.1172904164276405,0.0,0.0
45.681602900032885,571365.4989059,0.4356235000001023,-0.5383099999999906,4.869145999999993,0.4947762085737572,-0.7881584120057392,5.094488012758924,0.0706408800000012,-0.0143313599999994,0.0032361200000011,5.17878415181888,1.0,0.0,0.0,0.0,3052.79,0.0,0.0,0.0,0.0,0.0,4.831778499942272,0.0,0.0
45.7916287999833,571365.6089318,0.4906235000001022,-0.9383099999999908,5.274145999999992,0.4937834735916749,-0.8240532337523809,5.137436552388258,0.0810408800000012,-0.0139313599999994,0.0036361200000011,5.226484495400801,1.0,0.0,0.0,0.0,3026.88,0.0,0.0,0.0,0.0,0.0,4.659088117349854,0.0,0.0
45.90493309998419,571365.7222361,0.3256235000001022,-1.0083099999999905,5.314145999999992,0.4535836171824269,-0.868101144723018,5.179680222320098,0.0814408800000012,-0.0163313599999994,0.0020361200000011,5.271472744948956,1.0,0.0,0.0,0.0,3068.92,0.0,0.0,0.0,0.0,0.0,4.94569446834366,0.0,0.0
46.01584529993124,571365.8331483,0.1706235000001021,-0.9283099999999908,5.129145999999992,0.3859399571762654,-0.8824945065023089,5.167599651434928,0.0762408800000012,-0.0179313599999994,-0.0011638799999988,5.256598934868664,1.0,0.0,0.0,0.0,3090.42,0.0,0.0,0.0,0.0,0.0,5.105959123008737,0.0,0.0
46.12574259995017,571365.9430456,0.2456235000001021,-0.8883099999999907,5.099145999999992,0.3523962944968437,-0.8838847422317906,5.151235311576878,0.0750408800000012,-0.0175313599999994,-0.0011638799999988,5.2383833976869045,1.0,0.0,0.0,0.0,3091.89,0.0,0.0,0.0,0.0,0.0,5.1172904164276405,0.0,0.0
46.230844100005925,571366.0481471,0.3806235000001021,-0.8133099999999908,4.9591459999999925,0.359144211874741,-0.8670133402968164,5.105314974066019,0.0718408800000012,-0.0151313599999994,0.0012361200000011,5.19085134458679,1.0,0.0,0.0,0.0,3067.45,0.0,0.0,0.0,0.0,0.0,4.935096370628077,0.0,0.0
46.34070880000945,571366.1580118,0.2556235000001021,-0.9333099999999906,4.8341459999999925,0.3343968379077878,-0.8828620357001198,5.040490071996436,0.0734408800000012,-0.0167313599999994,-0.0023638799999988,5.128138725227499,1.0,0.0,0.0,0.0,3045.45,0.0,0.0,0.0,0.0,0.0,4.781614012529871,0.0,0.0
46.45241859997623,571366.2697216,0.1756235000001023,-1.0483099999999903,5.004145999999992,0.2964409245641748,-0.9224135666976871,5.031801759050259,0.0758408800000012,-0.0175313599999994,-0.0015638799999988,5.1242319377801095,1.0,0.0,0.0,0.0,3046.43,0.0,0.0,0.0,0.0,0.0,4.788253214520932,0.0,0.0
46.56258080003317,571366.3798838,0.0606235000001023,-1.0133099999999908,4.949145999999993,0.2400670657688647,-0.94414301567905,5.012042302776268,0.0750408800000012,-0.0195313599999994,-0.0007638799999988,5.105840408291395,1.0,0.0,0.0,0.0,3077.22,0.0,0.0,0.0,0.0,0.0,5.00637961257078,0.0,0.0
46.67339589993935,571366.4906989,0.1106235000001023,-1.1083099999999906,4.784145999999993,0.2091226463219168,-0.9833883191593534,4.957562045363431,0.0738408800000012,-0.0191313599999994,-0.0015638799999988,5.058478654802428,1.0,0.0,0.0,0.0,3063.54,0.0,0.0,0.0,0.0,0.0,4.907121608660541,0.0,0.0
46.78404269996099,571366.6013457,0.2406235000001022,-1.0633099999999909,4.774145999999992,0.2166531529435904,-1.0024941742874156,4.913715114793195,0.0742408800000012,-0.0191313599999994,-0.0019638799999988,5.019614466023034,1.0,0.0,0.0,0.0,3050.34,0.0,0.0,0.0,0.0,0.0,4.814921099518546,0.0,0.0
46.895767299924046,571366.7130703,0.1506235000001021,-1.1833099999999908,5.064145999999992,0.2008682874349427,-1.0457195035671378,4.94967670455603,0.0786408800000012,-0.0195313599999994,-0.0019638799999988,5.062921767977695,1.0,0.0,0.0,0.0,3060.12,0.0,0.0,0.0,0.0,0.0,4.882905102060739,0.0,0.0
47.00571119994856,571366.8230142,0.0556235000001021,-1.2633099999999908,5.024145999999992,0.1661464718068452,-1.097736083528447,4.967479127569107,0.0794408800000012,-0.0211313599999994,-0.0015638799999988,5.0900371356218,1.0,0.0,0.0,0.0,3073.8,0.0,0.0,0.0,0.0,0.0,4.981198659802934,0.0,0.0
47.11572569992859,571366.9330287,0.1306235000001021,-1.1433099999999907,4.974145999999992,0.1576544487923244,-1.1086308574691996,4.969072891582601,0.0778408800000012,-0.0195313599999994,-0.0019638799999988,5.093682627060503,1.0,0.0,0.0,0.0,3075.76,0.0,0.0,0.0,0.0,0.0,4.995599392460542,0.0,0.0
47.22657759999856,571367.0438806,0.1956235000001023,-1.1833099999999908,5.064145999999992,0.1667312247571878,-1.1264834459442374,4.991800804920901,0.0786408800000012,-0.0191313599999994,-0.0003638799999988,5.120042922799026,1.0,0.0,0.0,0.0,3075.76,0.0,0.0,0.0,0.0,0.0,4.995599392460542,0.0,0.0
47.33047299995087,571367.147776,0.2356235000001023,-1.228309999999991,5.184145999999992,0.1832004208049823,-1.1508258192466494,5.037782313231364,0.0794408800000012,-0.0187313599999994,0.0008361200000011,5.170803911959397,1.0,0.0,0.0,0.0,3086.02,0.0,0.0,0.0,0.0,0.0,5.072335940038507,0.0,0.0
47.4407200999558,571367.2580231,0.2506235000001022,-1.1283099999999906,5.134145999999992,0.1993183949246512,-1.145443250010223,5.060818748647162,0.0774408800000012,-0.0183313599999994,-0.0007638799999988,5.192653894513667,1.0,0.0,0.0,0.0,3103.62,0.0,0.0,0.0,0.0,0.0,5.209520600950509,0.0,0.0
47.55154100002255,571367.368844,0.2906235000001023,-1.0583099999999908,4.964145999999992,0.2211455398454707,-1.1246134171786009,5.037708429756756,0.0738408800000012,-0.0175313599999994,-0.0011638799999988,5.166446255515869,1.0,0.0,0.0,0.0,3099.71,0.0,0.0,0.0,0.0,0.0,5.178414133582274,0.0,0.0
47.66148509993218,571367.4787881,0.1306235000001021,-1.1433099999999907,4.934145999999992,0.1995055923244608,-1.1290829703588896,5.012951082828726,0.0746408800000012,-0.0183313599999994,-0.0011638799999988,5.142403075815516,1.0,0.0,0.0,0.0,3088.47,0.0,0.0,0.0,0.0,0.0,5.091003926447591,0.0,0.0
47.77241540001705,571367.5897184,0.1956235000001023,-1.1083099999999906,4.944145999999992,0.1985775501115993,-1.124117041738744,4.996502730757386,0.0754408800000012,-0.0183313599999994,0.0004361200000011,5.125242599663142,1.0,0.0,0.0,0.0,3081.13,0.0,0.0,0.0,0.0,0.0,5.035475988829807,0.0,0.0
47.88320309994742,571367.7005061,0.1506235000001021,-0.9383099999999908,4.774145999999992,0.187113788031057,-1.0796985262133625,4.943346748051374,0.0714408800000012,-0.0175313599999994,0.0016361200000011,5.063342527288543,1.0,0.0,0.0,0.0,3067.45,0.0,0.0,0.0,0.0,0.0,4.935096370628077,0.0,0.0
47.9932479999261,571367.810551,0.2306235000001022,-0.9933099999999908,4.824145999999993,0.1975150989744776,-1.0590467249849749,4.914850948169893,0.0726408800000012,-0.0179313599999994,0.0012361200000011,5.0315357519102255,1.0,0.0,0.0,0.0,3056.7,0.0,0.0,0.0,0.0,0.0,4.858920342483052,0.0,0.0
48.10317569994368,571367.9204787,0.3206235000001023,-0.9933099999999908,4.904145999999993,0.2269450515268146,-1.043331886020805,4.9122918529815,0.0734408800000012,-0.0167313599999994,0.0004361200000011,5.026992811778097,1.0,0.0,0.0,0.0,3068.91,0.0,0.0,0.0,0.0,0.0,4.945622222163792,0.0,0.0
48.2139769999776,571368.03128,0.2456235000001021,-1.103309999999991,4.8741459999999925,0.231410269560194,-1.0576700874260745,4.903172811275479,0.0750408800000012,-0.0167313599999994,0.0020361200000011,5.021286721939396,1.0,0.0,0.0,0.0,3074.29,0.0,0.0,0.0,0.0,0.0,4.98479121175452,0.0,0.0
48.32403979997616,571368.1413428,0.2156235000001023,-1.1233099999999907,4.854145999999992,0.2276363282593768,-1.0733617826840431,4.891452597889476,0.0758408800000012,-0.0175313599999994,0.0008361200000011,5.013006316759413,1.0,0.0,0.0,0.0,3078.2,0.0,0.0,0.0,0.0,0.0,5.013641276897048,0.0,0.0
48.4348697999958,571368.2521728,0.2656235000001021,-1.1433099999999907,4.894145999999992,0.236717436068537,-1.0900834093121106,4.892096475120083,0.0754408800000012,-0.0167313599999994,0.0012361200000011,5.017661298421678,1.0,0.0,0.0,0.0,3077.22,0.0,0.0,0.0,0.0,0.0,5.00637961257078,0.0,0.0
48.544910999946296,571368.362214,0.2456235000001021,-0.9333099999999906,4.969145999999992,0.2388464949853162,-1.052605593345973,4.910515720618397,0.0742408800000012,-0.0179313599999994,0.0016361200000011,5.02774212005254,1.0,0.0,0.0,0.0,3080.65,0.0,0.0,0.0,0.0,0.0,5.031886192325818,0.0,0.0
48.65573180001229,571368.4730348,0.3706235000001021,-0.9633099999999908,4.9991459999999925,0.2703487399398827,-1.0312588367200135,4.931703429135201,0.0746408800000012,-0.0183313599999994,0.0012361200000011,5.045620075119023,1.0,0.0,0.0,0.0,3083.58,0.0,0.0,0.0,0.0,0.0,5.053877578850868,0.0,0.0
48.76575030002277,571368.5830533,0.2606235000001022,-0.9733099999999908,5.009145999999992,0.2680238510809309,-1.0174057487022556,4.950216635115412,0.0754408800000012,-0.0175313599999994,0.0016361200000011,5.060790054607482,1.0,0.0,0.0,0.0,3084.07,0.0,0.0,0.0,0.0,0.0,5.057573770423805,0.0,0.0
48.87762299994938,571368.694926,0.2606235000001022,-1.0483099999999903,5.014145999999992,0.2662547436978036,-1.0247936332152592,4.965499411591914,0.0754408800000012,-0.0179313599999994,0.0008361200000011,5.077132850905101,1.0,0.0,0.0,0.0,3084.07,0.0,0.0,0.0,0.0,0.0,5.057573770423805,0.0,0.0
48.98834449995775,571368.8056475,0.3356235000001022,-1.0083099999999905,4.864145999999993,0.2828378459847576,-1.0208531016238,4.941270146413277,0.0730408800000012,-0.0179313599999994,0.0008361200000011,5.053542219280583,1.0,0.0,0.0,0.0,3086.02,0.0,0.0,0.0,0.0,0.0,5.072335940038507,0.0,0.0
49.09907160000876,571368.9163746,0.2206235000001022,-1.0233099999999906,4.804145999999992,0.2679650571649111,-1.0214404409283058,4.908489628681732,0.0718408800000012,-0.0167313599999994,0.0020361200000011,5.020798370886978,1.0,0.0,0.0,0.0,3079.18,0.0,0.0,0.0,0.0,0.0,5.020923637085854,0.0,0.0
49.201688100001775,571369.0189911,0.2156235000001023,-0.9783099999999908,4.594145999999992,0.2554524298296318,-1.011129797466878,4.833343513549366,0.0686408800000012,-0.0159313599999994,0.0024361200000011,4.94457773032248,1.0,0.0,0.0,0.0,3067.94,0.0,0.0,0.0,0.0,0.0,4.938624134602198,0.0,0.0
49.31152320001274,571369.1288262,0.3706235000001021,-0.9883099999999908,4.574145999999993,0.2829849061048561,-1.0056745600410857,4.771380475593459,0.0682408800000012,-0.0151313599999994,0.0020361200000011,4.884417408521866,1.0,0.0,0.0,0.0,3061.09,0.0,0.0,0.0,0.0,0.0,4.889749825185861,0.0,0.0
49.42406109999865,571369.2413641,0.2256235000001023,-1.1183099999999908,4.454145999999993,0.2692722476190485,-1.0326008755978298,4.695543282624492,0.0690408800000012,-0.0171313599999994,0.0016361200000011,4.815277648342119,1.0,0.0,0.0,0.0,3060.12,0.0,0.0,0.0,0.0,0.0,4.882905102060739,0.0,0.0
49.534859300008975,571369.3521623,0.2806235000001023,-1.0633099999999909,4.494145999999993,0.2719858464977674,-1.0399421136169256,4.6473978073975415,0.0678408800000012,-0.0159313599999994,0.0012361200000011,4.770090384947922,1.0,0.0,0.0,0.0,3040.57,0.0,0.0,0.0,0.0,0.0,4.748817096359301,0.0,0.0
49.64632449997589,571369.4636275,0.3506235000001023,-1.0283099999999905,4.554145999999992,0.2907847456152949,-1.037161372830937,4.625105289224404,0.0678408800000012,-0.0155313599999994,0.0020361200000011,4.7488797013597495,1.0,0.0,0.0,0.0,3046.92,0.0,0.0,0.0,0.0,0.0,4.791579517955256,0.0,0.0
49.75657269998919,571369.5738757,0.4106235000001021,-0.9633099999999908,4.674145999999992,0.3194330655194901,-1.0195066686821332,4.636828825386311,0.0690408800000012,-0.0151313599999994,0.0028361200000011,4.7583203850484805,1.0,0.0,0.0,0.0,3054.74,0.0,0.0,0.0,0.0,0.0,4.845277765735902,0.0,0.0
49.86738569999579,571369.6846887,0.4256235000001023,-0.8333099999999908,4.744145999999993,0.344818655960438,-0.9749950100214212,4.662483771195201,0.0698408800000012,-0.0159313599999994,0.0024361200000011,4.775800466070966,1.0,0.0,0.0,0.0,3060.12,0.0,0.0,0.0,0.0,0.0,4.882905102060739,0.0,0.0
49.97821259999182,571369.7955156,0.3506235000001023,-0.9233099999999906,5.004145999999992,0.3462063458600531,-0.9626393350234074,4.744160595025914,0.0722408800000012,-0.0163313599999994,0.0036361200000011,4.853204413029056,1.0,0.0,0.0,0.0,3070.38,0.0,0.0,0.0,0.0,0.0,4.956264601744553,0.0,0.0
50.08829370001331,571369.9055967,0.4456235000001023,-0.8883099999999907,5.239145999999993,0.3699727347080491,-0.9448703705598808,4.86249043166683,0.0750408800000012,-0.0159313599999994,0.0036361200000011,4.967239982086711,1.0,0.0,0.0,0.0,3087.49,0.0,0.0,0.0,0.0,0.0,5.083520521150147,0.0,0.0
50.19910540001001,571370.0164084,0.5006235000001023,-0.9083099999999908,5.299145999999992,0.401205743921379,-0.9361303498796554,4.966876099506703,0.0746408800000012,-0.0147313599999994,0.0028361200000011,5.070223295750615,1.0,0.0,0.0,0.0,3141.25,0.0,0.0,0.0,0.0,0.0,5.529062081284125,0.0,0.0
50.30138710001484,571370.1186901,0.5306235000001023,-0.8433099999999908,5.299145999999992,0.4321439933754838,-0.91394097474285,5.046307619408028,0.0742408800000012,-0.0135313599999994,0.0036361200000011,5.146577224332686,1.0,0.0,0.0,0.0,3145.16,0.0,0.0,0.0,0.0,0.0,5.564529500745971,0.0,0.0
50.41158249997534,571370.2288855,0.5356235000001023,-0.8433099999999908,5.259145999999992,0.4568815169297689,-0.8970561300199054,5.097188171750138,0.0730408800000012,-0.0135313599999994,0.0036361200000011,5.195649880346813,1.0,0.0,0.0,0.0,3145.65,0.0,0.0,0.0,0.0,0.0,5.569006582215534,0.0,0.0
50.52153419994284,571370.3388372,0.4356235000001023,-0.9233099999999906,5.344145999999992,0.4517996344230938,-0.9033323072863806,5.1562252245204725,0.0750408800000012,-0.0139313599999994,0.0036361200000011,5.25421647184748,1.0,0.0,0.0,0.0,3149.56,0.0,0.0,0.0,0.0,0.0,5.604993578413904,0.0,0.0
50.63235209998675,571370.4496551,0.3806235000001021,-0.9533099999999908,5.439145999999992,0.4347844653405923,-0.9152798357489644,5.2238594796083895,0.0762408800000012,-0.0155313599999994,0.0012361200000011,5.321229422955243,1.0,0.0,0.0,0.0,3157.87,0.0,0.0,0.0,0.0,0.0,5.683058082165357,0.0,0.0
50.74402400001418,571370.561327,0.5206235000001023,-0.9483099999999908,5.439145999999992,0.4553049066437163,-0.9231759351102196,5.275325277454011,0.0746408800000012,-0.0147313599999994,0.0020361200000011,5.374812847730208,1.0,0.0,0.0,0.0,3168.13,0.0,0.0,0.0,0.0,0.0,5.782530793033485,0.0,0.0
50.85409829998389,571370.6714013,0.4956235000001023,-0.8633099999999906,5.529145999999993,0.4649433576313823,-0.9088645508739106,5.336002954680713,0.0762408800000012,-0.0139313599999994,0.0024361200000011,5.4327833225706765,1.0,0.0,0.0,0.0,3178.4,0.0,0.0,0.0,0.0,0.0,5.8857073394454815,0.0,0.0
50.965803000028245,571370.783106,0.5906235000001022,-0.8583099999999907,5.779145999999993,0.4949881035290444,-0.896779120301106,5.441939500757125,0.0790408800000012,-0.0143313599999994,0.0016361200000011,5.537502283804858,1.0,0.0,0.0,0.0,3182.31,0.0,0.0,0.0,0.0,0.0,5.925981757813556,0.0,0.0
51.07585949997883,571370.8931625,0.5656235000001022,-0.8383099999999907,6.219145999999992,0.5118740052980557,-0.882801654734962,5.627736328638308,0.0846408800000012,-0.0147313599999994,0.0036361200000011,5.719507841027761,1.0,0.0,0.0,0.0,3192.08,0.0,0.0,0.0,0.0,0.0,6.029122418435728,0.0,0.0
51.186548899975605,571371.0038519,0.6306235000001023,-0.7283099999999908,6.284145999999993,0.5402619298066991,-0.8458693086829987,5.784655802225236,0.0846408800000012,-0.0143313599999994,0.0020361200000011,5.871083425602842,1.0,0.0,0.0,0.0,3211.14,0.0,0.0,0.0,0.0,0.0,6.241328887577663,0.0,0.0
51.29825510003138,571371.1155581,0.7306235000001022,-0.8033099999999908,6.059145999999992,0.5857692382593052,-0.8356951985104486,5.850274666813618,0.0822408800000012,-0.0143313599999994,0.0016361200000011,5.938621535547243,1.0,0.0,0.0,0.0,3210.66,0.0,0.0,0.0,0.0,0.0,6.235796012583873,0.0,0.0
51.40903480001725,571371.2263378,0.5906235000001022,-0.7033099999999907,6.484145999999992,0.5869296845937396,-0.8040475605073887,6.001806187851559,0.0886408800000012,-0.0143313599999994,0.0028361200000011,6.083802795188915,1.0,0.0,0.0,0.0,3215.54,0.0,0.0,0.0,0.0,0.0,6.292523385894244,0.0,0.0
51.519072599941865,571371.3363756,0.5956235000001022,-0.7983099999999906,6.924145999999992,0.5890080039673684,-0.8026759552221918,6.222298182569366,0.0942408800000012,-0.0175313599999994,-0.0015638799999988,6.301445373137462,1.0,0.0,0.0,0.0,3216.03,0.0,0.0,0.0,0.0,0.0,6.298278354442417,0.0,0.0
51.62989270000253,571371.4471957,0.5156235000001022,-0.7633099999999907,7.004145999999992,0.5714649081929062,-0.7932652392619897,6.409204551090408,0.0934408800000012,-0.0171313599999994,0.0004361200000011,6.483343648059642,1.0,0.0,0.0,0.0,3235.09,0.0,0.0,0.0,0.0,0.0,6.530928660265695,0.0,0.0
51.73992710001767,571371.5572301,0.4556235000001023,-0.7533099999999907,7.019145999999992,0.5437721827711821,-0.7837136506953154,6.555015460431813,0.0922408800000012,-0.0175313599999994,-0.0007638799999988,6.62405638257571,1.0,0.0,0.0,0.0,3248.78,0.0,0.0,0.0,0.0,0.0,6.709398057972726,0.0,0.0
51.84989479999058,571371.6671978,0.2306235000001022,-1.0033099999999906,6.574145999999993,0.4689117280905835,-0.836209744275134,6.559588754107156,0.0914408800000012,-0.0195313599999994,-0.0015638799999988,6.629278208686875,1.0,0.0,0.0,0.0,3252.2,0.0,0.0,0.0,0.0,0.0,6.755587367868267,0.0,0.0
51.95242380001582,571371.7697268,0.0956235000001022,-1.0333099999999908,6.214145999999992,0.3796744806767197,-0.8833279841816749,6.477008168393868,0.0874408800000012,-0.0195313599999994,-0.0019638799999988,6.54798105161862,1.0,0.0,0.0,0.0,3235.09,0.0,0.0,0.0,0.0,0.0,6.530928660265695,0.0,0.0
52.0625489000231,571371.8798519,0.2506235000001022,-0.9233099999999906,5.954145999999993,0.3488239115319309,-0.8928859738775601,6.352014190086564,0.0822408800000012,-0.0191313599999994,-0.0031638799999988,6.4239402047859056,1.0,0.0,0.0,0.0,3216.03,0.0,0.0,0.0,0.0,0.0,6.298278354442417,0.0,0.0
52.17682509997394,571371.9941281,0.2356235000001023,-0.8333099999999908,5.904145999999993,0.3217625354395446,-0.8786439069684854,6.2449480640209245,0.0814408800000012,-0.0183313599999994,-0.0019638799999988,6.314659338933813,1.0,0.0,0.0,0.0,3203.81,0.0,0.0,0.0,0.0,0.0,6.157925067337884,0.0,0.0
52.28218540002126,571372.0994884,0.3106235000001023,-0.8683099999999907,5.974145999999992,0.3190996685536905,-0.876173511859546,6.180210874448036,0.0846408800000012,-0.0183313599999994,3.612000000116633e-05,6.250160883849402,1.0,0.0,0.0,0.0,3190.13,0.0,0.0,0.0,0.0,0.0,6.008244023134922,0.0,0.0
52.39296690002084,571372.2102699,0.3456235000001022,-0.9433099999999908,6.049145999999992,0.3254403820587875,-0.8922229743173726,6.148878869449603,0.0858408800000012,-0.0183313599999994,3.612000000116633e-05,6.221791111033714,1.0,0.0,0.0,0.0,3194.04,0.0,0.0,0.0,0.0,0.0,6.050258278763304,0.0,0.0
52.50409289996605,571372.3213959,0.3256235000001022,-0.9033099999999906,5.949145999999993,0.3254841577254315,-0.8948734078951597,6.101131284215183,0.0850408800000012,-0.0187313599999994,0.0008361200000011,6.174993222694041,1.0,0.0,0.0,0.0,3195.5,0.0,0.0,0.0,0.0,0.0,6.066101370049438,0.0,0.0
52.614066699985415,571372.4313697,0.5106235000001023,-0.7033099999999907,5.934145999999992,0.3697430548707232,-0.8490787914583386,6.061212245786857,0.0838408800000012,-0.0171313599999994,0.0012361200000011,6.131552707855168,1.0,0.0,0.0,0.0,3189.64,0.0,0.0,0.0,0.0,0.0,6.003020918538674,0.0,0.0
52.724075000034645,571372.541378,0.3756235000001022,-0.9283099999999908,5.939145999999992,0.3711488177569475,-0.8680195841956254,6.032031427972469,0.0850408800000012,-0.0171313599999994,0.0012361200000011,6.105457607052653,1.0,0.0,0.0,0.0,3186.22,0.0,0.0,0.0,0.0,0.0,5.966822986326782,0.0,0.0
52.83595049998257,571372.6532535,0.4006235000001021,-0.9133099999999906,5.819145999999993,0.3781949534608033,-0.8788465852539905,5.981139628614196,0.0842408800000012,-0.0167313599999994,0.0008361200000011,6.057180367152276,1.0,0.0,0.0,0.0,3184.75,0.0,0.0,0.0,0.0,0.0,5.951401048310552,0.0,0.0
52.94660409993958,571372.7639071,0.3906235000001021,-0.8233099999999908,5.409145999999993,0.3811660872900043,-0.865570163374351,5.844400419834681,0.0778408800000012,-0.0159313599999994,0.0008361200000011,5.920432041767532,1.0,0.0,0.0,0.0,3163.73,0.0,0.0,0.0,0.0,0.0,5.739442830260769,0.0,0.0
53.05830070003867,571372.8756037,0.5256235000001023,-0.8433099999999908,5.559145999999992,0.4156996753024636,-0.860248710520956,5.776208290206323,0.0806408800000012,-0.0167313599999994,0.0004361200000011,5.854691817324615,1.0,0.0,0.0,0.0,3151.51,0.0,0.0,0.0,0.0,0.0,5.6231168803297855,0.0,0.0
53.16829159995541,571372.9855946,0.4356235000001023,-0.7483099999999906,5.739145999999993,0.4204626095183872,-0.8334889531692534,5.767348282008944,0.0818408800000012,-0.0167313599999994,0.0016361200000011,5.842413786017703,1.0,0.0,0.0,0.0,3160.8,0.0,0.0,0.0,0.0,0.0,5.711109512729863,0.0,0.0
53.278280599974096,571373.0955836,0.5256235000001023,-0.6533099999999906,5.519145999999992,0.4456020800293736,-0.7904158728715291,5.708013733578047,0.0778408800000012,-0.0155313599999994,0.0008361200000011,5.779683317321924,1.0,0.0,0.0,0.0,3163.73,0.0,0.0,0.0,0.0,0.0,5.739442830260769,0.0,0.0
53.38826319994405,571373.2055662,0.4806235000001022,-0.7933099999999907,5.589145999999992,0.4539742034544799,-0.7911077348676356,5.679597543211981,0.0810408800000012,-0.0167313599999994,0.0016361200000011,5.752371013628129,1.0,0.0,0.0,0.0,3167.64,0.0,0.0,0.0,0.0,0.0,5.77769989531647,0.0,0.0
53.49822569999378,571373.3155287,0.4606235000001022,-0.9083099999999908,5.589145999999992,0.4555637658256405,-0.8191257829710602,5.65797444842042,0.0810408800000012,-0.0167313599999994,0.0008361200000011,5.735083282049141,1.0,0.0,0.0,0.0,3172.04,0.0,0.0,0.0,0.0,0.0,5.821375470082179,0.0,0.0
53.60824830003549,571373.4255513,0.4106235000001021,-0.8833099999999906,5.609145999999992,0.444820470649061,-0.8344694836936222,5.646301655107815,0.0818408800000012,-0.0171313599999994,0.0012361200000011,5.724939034679548,1.0,0.0,0.0,0.0,3171.55,0.0,0.0,0.0,0.0,0.0,5.816478414078391,0.0,0.0
53.718301499960944,571373.5356045,0.4506235000001022,-0.7883099999999906,6.0841459999999925,0.4462077267342523,-0.8234347256785197,5.75097150857138,0.0862408800000012,-0.0187313599999994,-0.0007638799999988,5.826733164926155,1.0,0.0,0.0,0.0,3179.37,0.0,0.0,0.0,0.0,0.0,5.895646518679254,0.0,0.0
53.828252300038,571373.6455553,0.3156235000001022,-0.8583099999999907,6.154145999999993,0.4149906240438378,-0.8317719119304716,5.847353283122954,0.0866408800000012,-0.0191313599999994,-0.0007638799999988,5.920777157533423,1.0,0.0,0.0,0.0,3207.23,0.0,0.0,0.0,0.0,0.0,6.196551581883883,0.0,0.0
53.93827429995872,571373.7555773,0.3906235000001021,-0.9933099999999908,5.989145999999993,0.4091654870225651,-0.8703887587717497,5.881249856347795,0.0858408800000012,-0.0179313599999994,-0.0003638799999988,5.959370173093596,1.0,0.0,0.0,0.0,3214.57,0.0,0.0,0.0,0.0,0.0,6.281162898822569,0.0,0.0
54.04838219995145,571373.8656852,0.3856235000001022,-0.9933099999999908,5.949145999999993,0.4035376049666963,-0.8997739694225527,5.8974809199431615,0.0862408800000012,-0.0183313599999994,-0.0003638799999988,5.979357573834025,1.0,0.0,0.0,0.0,3204.79,0.0,0.0,0.0,0.0,0.0,6.168942701644155,0.0,0.0
54.152458299999125,571373.9697613,0.4606235000001022,-1.093309999999991,6.029145999999993,0.4171844005407135,-0.9460401555610284,5.928956408428027,0.0882408800000012,-0.0183313599999994,0.0016361200000011,6.018434920561011,1.0,0.0,0.0,0.0,3205.77,0.0,0.0,0.0,0.0,0.0,6.180001007467586,0.0,0.0
54.26242970000021,571374.0797327,0.2806235000001023,-1.0283099999999905,6.109145999999992,0.3845385308036996,-0.9657073561594898,5.972032031912764,0.0894408800000012,-0.0191313599999994,0.0004361200000011,6.061817150789466,1.0,0.0,0.0,0.0,3211.63,0.0,0.0,0.0,0.0,0.0,6.246987493298371,0.0,0.0
54.372487299959175,571374.1897903,0.4456235000001023,-0.9333099999999906,6.039145999999993,0.399141333944136,-0.9579625341436732,5.988076110789193,0.0878408800000012,-0.0179313599999994,3.612000000116633e-05,6.077340004466584,1.0,0.0,0.0,0.0,3216.03,0.0,0.0,0.0,0.0,0.0,6.298278354442417,0.0,0.0
54.48320010001771,571374.3005031,0.4306235000001022,-0.9183099999999907,6.039145999999993,0.4066673731547259,-0.9484833094221564,6.000284736714033,0.0870408800000012,-0.0175313599999994,0.0020361200000011,6.088383682249695,1.0,0.0,0.0,0.0,3215.05,0.0,0.0,0.0,0.0,0.0,6.286779279145909,0.0,0.0
54.59489359997679,571374.4121966,0.4406235000001022,-0.9633099999999908,5.859145999999992,0.4147848305629539,-0.9520277369070282,5.966544502171255,0.0850408800000012,-0.0167313599999994,0.0004361200000011,6.056241124979708,1.0,0.0,0.0,0.0,3209.68,0.0,0.0,0.0,0.0,0.0,6.224531095876469,0.0,0.0
54.70585449994542,571374.5231575,0.5106235000001023,-0.8033099999999908,5.649145999999992,0.4376957567931411,-0.916475687620367,5.890668097464001,0.0810408800000012,-0.0151313599999994,0.0032361200000011,5.977581107437531,1.0,0.0,0.0,0.0,3192.08,0.0,0.0,0.0,0.0,0.0,6.029122418435728,0.0,0.0
54.81653930002358,571374.6338423,0.4456235000001023,-0.9083099999999908,5.809145999999992,0.4395909410736957,-0.9145236210089676,5.871179651181335,0.0846408800000012,-0.0159313599999994,0.0024361200000011,5.9582165238688,1.0,0.0,0.0,0.0,3188.17,0.0,0.0,0.0,0.0,0.0,5.987407233509904,0.0,0.0
54.92743339994922,571374.7447364,0.4756235000001023,-0.9883099999999908,5.949145999999993,0.448204784570231,-0.9321627879108476,5.889818070064986,0.0862408800000012,-0.0171313599999994,0.0032361200000011,5.979947482256128,1.0,0.0,0.0,0.0,3198.92,0.0,0.0,0.0,0.0,0.0,6.103548795030548,0.0,0.0
55.037443900015205,571374.8547469,0.4806235000001022,-0.8433099999999908,5.949145999999993,0.4559547126739209,-0.9109218871228087,5.904000840277818,0.0854408800000012,-0.0171313599999994,0.0004361200000011,5.991235207071252,1.0,0.0,0.0,0.0,3209.68,0.0,0.0,0.0,0.0,0.0,6.224531095876469,0.0,0.0
55.14909510000143,571374.9663981,0.4406235000001022,-0.8883099999999907,6.114145999999993,0.4522896755375328,-0.9055163521666296,5.954237558716225,0.0878408800000012,-0.0187313599999994,0.0020361200000011,6.039658162534198,1.0,0.0,0.0,0.0,3209.68,0.0,0.0,0.0,0.0,0.0,6.224531095876469,0.0,0.0
55.25924729998224,571375.0765503,0.2956235000001022,-0.8933099999999906,6.564145999999992,0.4148374945798499,-0.9025983355072584,6.1000405773462445,0.0942408800000012,-0.0211313599999994,-0.0007638799999988,6.180393915232302,1.0,0.0,0.0,0.0,3219.45,0.0,0.0,0.0,0.0,0.0,6.338750937479724,0.0,0.0
55.36992159998045,571375.1872246,0.2506235000001022,-0.9933099999999908,6.424145999999992,0.3755809529575948,-0.9242836141699954,6.177520319843018,0.0934408800000012,-0.0211313599999994,-0.0011638799999988,6.257564906073374,1.0,0.0,0.0,0.0,3227.76,0.0,0.0,0.0,0.0,0.0,6.439375213443005,0.0,0.0
55.47225869994145,571375.2895617,0.2806235000001023,-0.9983099999999906,6.304145999999992,0.3528806878924341,-0.9419801564404476,6.20779110337916,0.0922408800000012,-0.0207313599999994,-0.0003638799999988,6.288761545662903,1.0,0.0,0.0,0.0,3228.25,0.0,0.0,0.0,0.0,0.0,6.445412157472427,0.0,0.0
55.58248869993258,571375.3997917,0.3156235000001022,-1.083309999999991,6.049145999999992,0.3439740879953515,-0.9757660764551248,6.169865845425905,0.0898408800000012,-0.0203313599999994,-0.0007638799999988,6.256011681552871,1.0,0.0,0.0,0.0,3217.5,0.0,0.0,0.0,0.0,0.0,6.3156087631859075,0.0,0.0
55.69439880002756,571375.5117018,0.3156235000001022,-1.103309999999991,5.989145999999993,0.3371966751414767,-1.0062563727061744,6.126663460927034,0.0890408800000012,-0.0203313599999994,-0.0003638799999988,6.217898250116085,1.0,0.0,0.0,0.0,3215.54,0.0,0.0,0.0,0.0,0.0,6.292523385894244,0.0,0.0
55.80503449996468,571375.6223375,0.2256235000001023,-1.3283099999999908,5.859145999999992,0.3105243016627507,-1.0832456187007855,6.062711479450435,0.0898408800000012,-0.0207313599999994,-0.0011638799999988,6.166548215607956,1.0,0.0,0.0,0.0,3212.12,0.0,0.0,0.0,0.0,0.0,6.252656701105726,0.0,0.0
55.91672420001123,571375.7340272,0.2206235000001022,-1.2583099999999905,5.9991459999999925,0.2890328656169028,-1.1250960236472964,6.04751569241553,0.0914408800000012,-0.0203313599999994,-0.0011638799999988,6.158070079971952,1.0,0.0,0.0,0.0,3217.5,0.0,0.0,0.0,0.0,0.0,6.3156087631859075,0.0,0.0
56.026718299952336,571375.8440213,0.3156235000001022,-1.1283099999999906,6.099145999999992,0.2953895488465973,-1.1258643479109218,6.059858290400838,0.0902408800000012,-0.0195313599999994,3.612000000116633e-05,6.170632707851315,1.0,0.0,0.0,0.0,3223.36,0.0,0.0,0.0,0.0,0.0,6.385687247711594,0.0,0.0
56.13745639997069,571375.9547594,0.1556235000001022,-1.1733099999999903,6.029145999999993,0.2619774652543184,-1.1372065737717332,6.052516295526886,0.0906408800000012,-0.0211313599999994,-0.0011638799999988,6.163994199490232,1.0,0.0,0.0,0.0,3225.81,0.0,0.0,0.0,0.0,0.0,6.415466525148958,0.0,0.0
56.24828289996367,571376.0655859,0.3906235000001021,-0.9883099999999908,6.109145999999992,0.2927312291491696,-1.1016117722407164,6.066054035452121,0.0886408800000012,-0.0195313599999994,-0.0003638799999988,6.172216103660295,1.0,0.0,0.0,0.0,3225.81,0.0,0.0,0.0,0.0,0.0,6.415466525148958,0.0,0.0
56.35907410003711,571376.1763771,0.2506235000001022,-0.9933099999999908,6.019145999999992,0.2826650723262427,-1.0757214512567312,6.054840330731903,0.0902408800000012,-0.0203313599999994,-0.0003638799999988,6.1561487648094335,1.0,0.0,0.0,0.0,3227.76,0.0,0.0,0.0,0.0,0.0,6.439375213443005,0.0,0.0
56.46988839993719,571376.2871914,0.3406235000001023,-1.0183099999999907,6.029145999999993,0.2965204531307964,-1.0619968291158344,6.048697915364597,0.0898408800000012,-0.0195313599999994,0.0008361200000011,6.148374428701704,1.0,0.0,0.0,0.0,3226.78,0.0,0.0,0.0,0.0,0.0,6.427336484768658,0.0,0.0
56.579911199980415,571376.3972142,0.3356235000001022,-0.9733099999999908,5.909145999999993,0.3058683189500912,-1.0407956019765652,6.015337021927981,0.0874408800000012,-0.0183313599999994,0.0020361200000011,6.112371912850895,1.0,0.0,0.0,0.0,3224.34,0.0,0.0,0.0,0.0,0.0,6.397564485404246,0.0,0.0
56.682424500002526,571376.4997275,0.2906235000001023,-1.0483099999999903,5.819145999999993,0.3022239348574592,-1.042591973105151,5.968436140928532,0.0866408800000012,-0.0187313599999994,3.612000000116633e-05,6.0663471131749365,1.0,0.0,0.0,0.0,3212.12,0.0,0.0,0.0,0.0,0.0,6.252656701105726,0.0,0.0
56.79241190000903,571376.6097149,0.2706235000001022,-1.0583099999999908,5.759145999999992,0.294669622635569,-1.0463494809752694,5.918403820909065,0.0862408800000012,-0.0195313599999994,0.0008361200000011,6.017406518608529,1.0,0.0,0.0,0.0,3201.37,0.0,0.0,0.0,0.0,0.0,6.130668540249208,0.0,0.0
56.90236850001384,571376.7196715,0.4556235000001023,-0.8833099999999906,5.889145999999992,0.3331468096877096,-1.0073737153143916,5.9114095274736425,0.0854408800000012,-0.0179313599999994,0.0004361200000011,6.00587638905577,1.0,0.0,0.0,0.0,3202.35,0.0,0.0,0.0,0.0,0.0,6.141585952840493,0.0,0.0
57.01272819994483,571376.8300312,0.4356235000001023,-0.9383099999999908,5.809145999999992,0.3576446027586025,-0.990863535279092,5.886962692519156,0.0846408800000012,-0.0179313599999994,0.0016361200000011,5.980472385233505,1.0,0.0,0.0,0.0,3207.23,0.0,0.0,0.0,0.0,0.0,6.196551581883883,0.0,0.0
57.12341060000472,571376.9407136,0.3556235000001022,-0.9383099999999908,5.899145999999992,0.3571614435445235,-0.9783002330443438,5.889875200179921,0.0866408800000012,-0.0191313599999994,0.0008361200000011,5.981242807011256,1.0,0.0,0.0,0.0,3205.28,0.0,0.0,0.0,0.0,0.0,6.174466755487611,0.0,0.0
57.23500700003933,571377.05231,0.3656235000001022,-0.7833099999999907,6.224145999999992,0.359184359266831,-0.9316864093015595,5.969785049519031,0.0894408800000012,-0.0195313599999994,-0.0003638799999988,6.052717282897004,1.0,0.0,0.0,0.0,3219.45,0.0,0.0,0.0,0.0,0.0,6.338750937479724,0.0,0.0
57.34496090002358,571377.1622639,0.4406235000001022,-1.0083099999999905,6.299145999999992,0.378652974143767,-0.9500038321570082,6.048521163906787,0.0918408800000012,-0.0191313599999994,0.0020361200000011,6.134369863822137,1.0,0.0,0.0,0.0,3229.72,0.0,0.0,0.0,0.0,0.0,6.463593751127505,0.0,0.0
57.45664380001836,571377.2739468,0.3806235000001021,-1.0433099999999906,6.199145999999993,0.3791240425840355,-0.9723093455873044,6.084529119030044,0.0910408800000012,-0.0191313599999994,0.0004361200000011,6.173379552846738,1.0,0.0,0.0,0.0,3230.69,0.0,0.0,0.0,0.0,0.0,6.475649622917324,0.0,0.0
57.56661249999888,571377.3839155,0.4206235000001022,-1.0433099999999906,6.219145999999992,0.3890447876552704,-0.9892825649057432,6.116710256845851,0.0914408800000012,-0.0191313599999994,0.0012361200000011,6.208395944705158,1.0,0.0,0.0,0.0,3231.67,0.0,0.0,0.0,0.0,0.0,6.487877358532621,0.0,0.0
57.67825669993181,571377.4955597,0.3906235000001021,-1.083309999999991,6.229145999999992,0.3894221902453058,-1.0117605024826082,6.143588833438884,0.0922408800000012,-0.0199313599999994,0.0008361200000011,6.238508853163091,1.0,0.0,0.0,0.0,3233.14,0.0,0.0,0.0,0.0,0.0,6.506309287494618,0.0,0.0
57.78914170002099,571377.6064447,0.4256235000001023,-1.0683099999999903,6.119145999999993,0.3980763748463579,-1.0252790683556932,6.137745597539805,0.0906408800000012,-0.0191313599999994,-0.0003638799999988,6.2355098418925134,1.0,0.0,0.0,0.0,3231.18,0.0,0.0,0.0,0.0,0.0,6.481757494402917,0.0,0.0
57.8924246999668,571377.7097277,0.3706235000001021,-1.0483099999999903,6.039145999999993,0.3915135668054803,-1.0307847789317464,6.114174651502806,0.0890408800000012,-0.0183313599999994,0.0016361200000011,6.212803859977359,1.0,0.0,0.0,0.0,3227.76,0.0,0.0,0.0,0.0,0.0,6.439375213443005,0.0,0.0
58.00241960003041,571377.8197226,0.5756235000001022,-1.0783099999999908,6.039145999999993,0.4355263762741359,-1.042146026331805,6.096238510383289,0.0894408800000012,-0.0155313599999994,0.0044361200000011,6.199989962903966,1.0,0.0,0.0,0.0,3224.34,0.0,0.0,0.0,0.0,0.0,6.397564485404246,0.0,0.0
58.1132801999338,571377.9305832,0.5056235000001021,-1.0433099999999906,6.029145999999993,0.4522836000551603,-1.0424242826452774,6.080199561125987,0.0882408800000012,-0.0175313599999994,0.0028361200000011,6.185469710785433,1.0,0.0,0.0,0.0,3223.85,0.0,0.0,0.0,0.0,0.0,6.391620144809376,0.0,0.0
58.22494049998932,571378.0422435,0.5156235000001022,-0.9683099999999908,6.029145999999993,0.4674254606797768,-1.0247067280061972,6.067994838547769,0.0874408800000012,-0.0163313599999994,0.0028361200000011,6.171634451290454,1.0,0.0,0.0,0.0,3226.3,0.0,0.0,0.0,0.0,0.0,6.421456997474372,0.0,0.0
58.33670039998833,571378.1540034,0.5606235000001023,-1.113309999999991,5.939145999999992,0.4897051252056535,-1.045887980211856,6.037192592939076,0.0878408800000012,-0.0159313599999994,0.0028361200000011,6.146656585579087,1.0,0.0,0.0,0.0,3221.9,0.0,0.0,0.0,0.0,0.0,6.368077133596203,0.0,0.0
58.44747589994222,571378.2647789,0.4506235000001022,-1.0033099999999906,5.869145999999993,0.4803623803898209,-1.0357094064754566,5.997019840993823,0.0870408800000012,-0.0175313599999994,0.0036361200000011,6.104726772299403,1.0,0.0,0.0,0.0,3219.94,0.0,0.0,0.0,0.0,0.0,6.344593778466657,0.0,0.0
58.55833130003885,571378.3756343,0.4306235000001022,-0.9883099999999908,5.859145999999992,0.4684719417383506,-1.0243782359626372,5.964060103357296,0.0866408800000012,-0.0167313599999994,0.0032361200000011,6.069499950322783,1.0,0.0,0.0,0.0,3213.1,0.0,0.0,0.0,0.0,0.0,6.264027051422382,0.0,0.0
58.66908879997209,571378.4863918,0.5206235000001023,-0.9883099999999908,5.869145999999993,0.480939148463376,-1.0157558636128718,5.941370201327201,0.0858408800000012,-0.0167313599999994,0.0016361200000011,6.04672988550071,1.0,0.0,0.0,0.0,3216.03,0.0,0.0,0.0,0.0,0.0,6.298278354442417,0.0,0.0
58.772367600002326,571378.5896706,0.4956235000001023,-0.8333099999999908,5.829145999999993,0.4844495487722692,-0.9721408619983222,5.914542195335992,0.0834408800000012,-0.0163313599999994,0.0040361200000011,6.013448145721586,1.0,0.0,0.0,0.0,3210.66,0.0,0.0,0.0,0.0,0.0,6.235796012583873,0.0,0.0
58.88408719992731,571378.7013902,0.4606235000001022,-1.0483099999999903,6.019145999999992,0.4787537597031821,-0.9903496446538202,5.939548490458082,0.0890408800000012,-0.0175313599999994,0.0020361200000011,6.040549134937879,1.0,0.0,0.0,0.0,3215.05,0.0,0.0,0.0,0.0,0.0,6.286779279145909,0.0,0.0
58.99494779994711,571378.8122508,0.3306235000001023,-1.113309999999991,6.774145999999992,0.4433421510858336,-1.0197442058170594,6.139065053921566,0.0994408800000012,-0.0215313599999994,0.0004361200000011,6.238954258888895,1.0,0.0,0.0,0.0,3231.18,0.0,0.0,0.0,0.0,0.0,6.481757494402917,0.0,0.0
59.10689830000047,571378.9242013,0.4406235000001022,-0.4383099999999906,7.299145999999993,0.4426922379053125,-0.8807481588621454,6.416390784054735,0.0946408800000012,-0.0191313599999994,0.0020361200000011,6.491668847880582,1.0,0.0,0.0,0.0,3249.27,0.0,0.0,0.0,0.0,0.0,6.715975203015006,0.0,0.0
59.21746499999426,571379.034768,0.3406235000001023,-1.1433099999999907,7.929145999999992,0.4182919688042459,-0.9435154636306692,6.778025845981195,0.1130408800000012,-0.0251313599999994,0.0012361200000011,6.856152271505164,1.0,0.0,0.0,0.0,3262.46,0.0,0.0,0.0,0.0,0.0,6.898247996302395,0.0,0.0
59.32754710002337,571379.1448501,1.1406235000001024,-0.1683099999999906,8.279145999999992,0.5909705391783846,-0.7581969977672829,7.136879462306977,0.1026408800000012,-0.0091313599999994,0.0236361200000011,7.201330246912666,1.0,0.0,0.0,0.0,3286.9,0.0,0.0,0.0,0.0,0.0,7.26512753778573,0.0,0.0
59.438320599962026,571379.2556236,1.1756235000001023,-0.2883099999999906,8.439145999999992,0.730736052768193,-0.6458671166702723,7.448195685208972,0.1170408800000012,-0.0135313599999994,0.0252361200000011,7.511773324347372,1.0,0.0,0.0,0.0,3266.86,0.0,0.0,0.0,0.0,0.0,6.961388639035237,0.0,0.0
59.54844719998073,571379.3657502,1.1506235000001022,-0.5933099999999908,8.749145999999993,0.8311131801324325,-0.6333029582780918,7.759197255518364,0.1258408800000012,-0.0151313599999994,0.0220361200000011,7.829237753778929,1.0,0.0,0.0,0.0,3269.79,0.0,0.0,0.0,0.0,0.0,7.004114529373781,0.0,0.0
59.66010770003777,571379.4774107,1.0256235000001022,-0.9133099999999906,8.719145999999993,0.8776122771636246,-0.700240664263571,7.988679937182708,0.1270408800000012,-0.0171313599999994,0.0200361200000011,8.067189562397932,1.0,0.0,0.0,0.0,3296.19,0.0,0.0,0.0,0.0,0.0,7.415692394851885,0.0,0.0
59.76995510002598,571379.5872581,1.0356235000001024,-0.6883099999999908,8.579145999999993,0.9153860013942428,-0.6973885527888882,8.129835114796142,0.1214408800000012,-0.0159313599999994,0.0184361200000011,8.210877012772869,1.0,0.0,0.0,0.0,3303.52,0.0,0.0,0.0,0.0,0.0,7.539269000661633,0.0,0.0
59.8799488999648,571379.6972519,0.9406235000001024,-0.5933099999999908,8.549145999999993,0.9214192077418382,-0.6725078229217559,8.230074410842715,0.1182408800000012,-0.0167313599999994,0.0184361200000011,8.308754716339545,1.0,0.0,0.0,0.0,3311.83,0.0,0.0,0.0,0.0,0.0,7.684802109170837,0.0,0.0
59.98239190003369,571379.7996949,0.9106235000001024,-0.5383099999999906,8.589145999999992,0.9188384158221864,-0.6404268639594799,8.31591306802413,0.1186408800000012,-0.0179313599999994,0.0156361200000011,8.390996410284425,1.0,0.0,0.0,0.0,3312.32,0.0,0.0,0.0,0.0,0.0,7.69357153848038,0.0,0.0
60.09258019994013,571379.9098832,0.9706235000001022,-0.3633099999999907,8.544145999999992,0.9312180142702048,-0.5741800758456236,8.370473799078805,0.1162408800000012,-0.0171313599999994,0.0144361200000011,8.441663424388832,1.0,0.0,0.0,0.0,3309.87,0.0,0.0,0.0,0.0,0.0,7.649937339443609,0.0,0.0
60.20414119993802,571380.0214442,0.9756235000001022,-0.4333099999999906,8.199145999999992,0.941833466401878,-0.5405040666241395,8.329516651103695,0.1122408800000012,-0.0151313599999994,0.0164361200000011,8.400002533659471,1.0,0.0,0.0,0.0,3310.36,0.0,0.0,0.0,0.0,0.0,7.658621755903648,0.0,0.0
60.314165299991146,571380.1314683,0.8806235000001023,-0.6183099999999907,7.724145999999992,0.927200781776566,-0.5591041370374087,8.18479842399545,0.1062408800000012,-0.0139313599999994,0.0148361200000011,8.256102226063932,1.0,0.0,0.0,0.0,3292.28,0.0,0.0,0.0,0.0,0.0,7.351520624249966,0.0,0.0
60.42497169994749,571380.2422747,0.8806235000001023,-0.7183099999999908,7.354145999999993,0.916066146111752,-0.5971634486197872,7.986224961729607,0.1046408800000012,-0.0147313599999994,0.0140361200000011,8.06074255312577,1.0,0.0,0.0,0.0,3271.75,0.0,0.0,0.0,0.0,0.0,7.033005821350332,0.0,0.0
60.53496509999968,571380.3522681,0.9306235000001024,-0.5933099999999908,7.284145999999993,0.9195461867154192,-0.5962422538914123,7.818387914383051,0.1010408800000012,-0.0127313599999994,0.0136361200000011,7.894824861553253,1.0,0.0,0.0,0.0,3240.47,0.0,0.0,0.0,0.0,0.0,6.599870654117335,0.0,0.0
60.64495640003588,571380.4622594,0.9206235000001024,-0.4283099999999906,7.184145999999993,0.9198037262382144,-0.5560968355214437,7.666767803233109,0.0990408800000012,-0.0123313599999994,0.0132361200000011,7.741744708653889,1.0,0.0,0.0,0.0,3249.27,0.0,0.0,0.0,0.0,0.0,6.715975203015006,0.0,0.0
60.75579349999316,571380.5730965,0.9556235000001022,-0.4583099999999908,7.084145999999992,0.9283667019040942,-0.5327201861160101,7.527487852537146,0.0966408800000012,-0.0115313599999994,0.0148361200000011,7.60320517281982,1.0,0.0,0.0,0.0,3245.36,0.0,0.0,0.0,0.0,0.0,6.663864856663142,0.0,0.0
60.86576910002623,571380.6830721,0.9106235000001024,-0.4383099999999906,7.034145999999993,0.924125061318962,-0.5101507491425461,7.409550918978661,0.0966408800000012,-0.0123313599999994,0.0144361200000011,7.484364083657743,1.0,0.0,0.0,0.0,3241.94,0.0,0.0,0.0,0.0,0.0,6.618972887267196,0.0,0.0
60.97884250001516,571380.7961455,0.9006235000001023,-0.5183099999999906,6.864145999999993,0.918506843319559,-0.5121012769992699,7.279167933304008,0.0942408800000012,-0.0115313599999994,0.0136361200000011,7.35473917555004,1.0,0.0,0.0,0.0,3231.18,0.0,0.0,0.0,0.0,0.0,6.481757494402917,0.0,0.0
61.08759559993632,571380.9048986,0.9456235000001022,-0.4183099999999906,6.884145999999992,0.924989275979214,-0.4896797947209211,7.184735086663023,0.0942408800000012,-0.0115313599999994,0.0124361200000011,7.260565386218982,1.0,0.0,0.0,0.0,3229.72,0.0,0.0,0.0,0.0,0.0,6.463593751127505,0.0,0.0
61.1991718999343,571381.0164749,0.9056235000001024,-0.6083099999999907,6.944145999999993,0.9203597473405808,-0.5180392022313015,7.127220527574328,0.0962408800000012,-0.0127313599999994,0.0124361200000011,7.205046781822457,1.0,0.0,0.0,0.0,3229.72,0.0,0.0,0.0,0.0,0.0,6.463593751127505,0.0,0.0
61.31016679992899,571381.1274698,0.8056235000001023,-0.4983099999999906,6.894145999999992,0.8929312186038568,-0.5133227939218306,7.0715023781180335,0.0958408800000012,-0.0123313599999994,0.0124361200000011,7.146115891562778,1.0,0.0,0.0,0.0,3232.16,0.0,0.0,0.0,0.0,0.0,6.494009253294548,0.0,0.0
61.42168309993576,571381.2389861,0.8906235000001023,-0.5233099999999907,6.814145999999992,0.8923795418015685,-0.5157103076785033,7.009979476886632,0.0946408800000012,-0.0131313599999994,0.0128361200000011,7.085344778798249,1.0,0.0,0.0,0.0,3228.25,0.0,0.0,0.0,0.0,0.0,6.445412157472427,0.0,0.0
61.52327290002722,571381.3405759,0.9606235000001022,-0.4583099999999908,6.774145999999992,0.9086937529767138,-0.5019883494904789,6.953601780667656,0.0950408800000012,-0.0119313599999994,0.0124361200000011,7.03066813068484,1.0,0.0,0.0,0.0,3223.36,0.0,0.0,0.0,0.0,0.0,6.385687247711594,0.0,0.0
61.63398689997848,571381.4512899,0.8006235000001023,-0.6233099999999906,6.804145999999992,0.8828587783452204,-0.530991166425149,6.917873296688676,0.0958408800000012,-0.0123313599999994,0.0112361200000011,6.994166297019324,1.0,0.0,0.0,0.0,3214.56,0.0,0.0,0.0,0.0,0.0,6.281046001175243,0.0,0.0
61.74580519995652,571381.5631082,0.8106235000001023,-0.6183099999999907,6.684145999999992,0.8655904132572911,-0.5518653643484743,6.861999098060247,0.0934408800000012,-0.0127313599999994,0.0112361200000011,6.938359587515628,1.0,0.0,0.0,0.0,3225.81,0.0,0.0,0.0,0.0,0.0,6.415466525148958,0.0,0.0
61.85680389998015,571381.6741069,0.8256235000001022,-0.4633099999999907,6.604145999999992,0.8560360339377383,-0.5306955648114928,6.800357452338547,0.0910408800000012,-0.0123313599999994,0.0108361200000011,6.874539763030457,1.0,0.0,0.0,0.0,3210.17,0.0,0.0,0.0,0.0,0.0,6.230158300583684,0.0,0.0
61.96830319997389,571381.7856062,0.9156235000001024,-0.5083099999999906,6.704145999999993,0.8702808481366031,-0.5253441338386979,6.77735740966294,0.0918408800000012,-0.0107313599999994,0.0128361200000011,6.8531707020842,1.0,0.0,0.0,0.0,3212.12,0.0,0.0,0.0,0.0,0.0,6.252656701105726,0.0,0.0
62.07923639996443,571381.8965394,0.8156235000001023,-0.5433099999999907,6.714145999999992,0.8572146142411683,-0.5296390039229778,6.762246265568398,0.0930408800000012,-0.0127313599999994,0.0112361200000011,6.836907848255592,1.0,0.0,0.0,0.0,3222.39,0.0,0.0,0.0,0.0,0.0,6.373976143449566,0.0,0.0
62.189109200029634,571382.0064122,0.8556235000001022,-0.5683099999999907,6.954145999999993,0.8568342468882516,-0.5388835848794082,6.808121283293243,0.0946408800000012,-0.0119313599999994,0.0124361200000011,6.882955459155861,1.0,0.0,0.0,0.0,3241.45,0.0,0.0,0.0,0.0,0.0,6.612592665389454,0.0,0.0
62.29912590002641,571382.1164289,0.9356235000001024,-0.4233099999999906,7.224145999999992,0.8756693869875305,-0.5112548845554005,6.907574997022581,0.0962408800000012,-0.0119313599999994,0.0116361200000011,6.98160230690494,1.0,0.0,0.0,0.0,3254.64,0.0,0.0,0.0,0.0,0.0,6.788950647314065,0.0,0.0
62.41002599999774,571382.227329,0.9606235000001022,-0.5733099999999908,7.424145999999993,0.8959782813786245,-0.526089608164425,7.031065026792149,0.0998408800000012,-0.0119313599999994,0.0124361200000011,7.10742026107226,1.0,0.0,0.0,0.0,3271.75,0.0,0.0,0.0,0.0,0.0,7.033005821350332,0.0,0.0
62.5208862000145,571382.3381892,0.9306235000001024,-0.7883099999999906,7.454145999999993,0.9042604711536604,-0.5887752870107421,7.132205589609724,0.1030408800000012,-0.0103313599999994,0.0144361200000011,7.213369525453816,1.0,0.0,0.0,0.0,3292.28,0.0,0.0,0.0,0.0,0.0,7.351520624249966,0.0,0.0
62.62418579997029,571382.4414888,0.9756235000001022,-0.8583099999999907,7.439145999999992,0.92132031869814,-0.6532095071646555,7.205581911931546,0.1038408800000012,-0.0095313599999994,0.0136361200000011,7.293553624910933,1.0,0.0,0.0,0.0,3300.59,0.0,0.0,0.0,0.0,0.0,7.489348631812301,0.0,0.0
62.73423860000912,571382.5515416,0.9606235000001022,-0.8933099999999906,7.229145999999993,0.9307160280992548,-0.7106072643694287,7.211215077402106,0.1010408800000012,-0.0103313599999994,0.0128361200000011,7.305670256840704,1.0,0.0,0.0,0.0,3299.61,0.0,0.0,0.0,0.0,0.0,7.472808664948459,0.0,0.0
62.84414790000301,571382.6614509,0.8606235000001022,-0.9533099999999908,7.059145999999993,0.9139599029360173,-0.7686271065119896,7.174861865961318,0.0990408800000012,-0.0107313599999994,0.0116361200000011,7.273565365669421,1.0,0.0,0.0,0.0,3292.28,0.0,0.0,0.0,0.0,0.0,7.351520624249966,0.0,0.0
62.95495179994032,571382.7722548,0.8306235000001022,-1.0233099999999906,6.9991459999999925,0.8940377338244557,-0.8295108919303678,7.132855718900255,0.1002408800000012,-0.0111313599999994,0.0108361200000011,7.236368045917866,1.0,0.0,0.0,0.0,3285.43,0.0,0.0,0.0,0.0,0.0,7.241895502311604,0.0,0.0
63.065024200011976,571382.8823272,0.7706235000001023,-1.2983099999999903,7.059145999999993,0.8645346697323655,-0.9415807051366588,7.1152348781468335,0.1022408800000012,-0.0123313599999994,0.0104361200000011,7.229146684820559,1.0,0.0,0.0,0.0,3287.88,0.0,0.0,0.0,0.0,0.0,7.280703647239462,0.0,0.0
63.17588410002645,571382.9931871,0.6756235000001023,-1.6183099999999908,7.014145999999992,0.8193740899871231,-1.1033577315027057,7.091068851599131,0.1034408800000012,-0.0123313599999994,0.0084361200000011,7.2230208113453775,1.0,0.0,0.0,0.0,3304.5,0.0,0.0,0.0,0.0,0.0,7.556124864458098,0.0,0.0
63.286686299950816,571383.1039893,0.6156235000001022,-1.798309999999991,7.024145999999992,0.7706660396357862,-1.2694910913516162,7.07507046049973,0.1054408800000012,-0.0135313599999994,0.0068361200000011,7.229256932541884,1.0,0.0,0.0,0.0,3314.76,0.0,0.0,0.0,0.0,0.0,7.73756091700092,0.0,0.0
63.39668659993913,571383.2139896,0.4006235000001021,-2.118309999999991,7.014145999999992,0.6822046974926315,-1.472407383001351,7.060506028122684,0.1078408800000012,-0.0151313599999994,0.0056361200000011,7.244593302867639,1.0,0.0,0.0,0.0,3314.27,0.0,0.0,0.0,0.0,0.0,7.728683774542471,0.0,0.0
63.50753039994743,571383.3248334,0.4856235000001023,-2.1883099999999907,6.809145999999992,0.635210542206003,-1.6435490749966717,7.000416597672968,0.1074408800000012,-0.0151313599999994,0.0072361200000011,7.21876572107914,1.0,0.0,0.0,0.0,3314.27,0.0,0.0,0.0,0.0,0.0,7.728683774542471,0.0,0.0
63.618504200014286,571383.4358072,0.4506235000001022,-2.4783099999999907,6.769145999999992,0.5910836763817515,-1.843104704106655,6.945129690690482,0.1102408800000012,-0.0147313599999994,0.0084361200000011,7.209801750623627,1.0,0.0,0.0,0.0,3313.29,0.0,0.0,0.0,0.0,0.0,7.710994805995818,0.0,0.0
63.73083899996709,571383.548142,0.6156235000001022,-2.363309999999991,6.719145999999992,0.5969500984838505,-1.9674635378504923,6.891106657012717,0.1090408800000012,-0.0135313599999994,0.0100361200000011,7.191287308345846,1.0,0.0,0.0,0.0,3315.74,0.0,0.0,0.0,0.0,0.0,7.7553809495884884,0.0,0.0
63.84169060003478,571383.6589936,0.6056235000001022,-2.243309999999991,6.829145999999993,0.5990235377695863,-2.033406627234782,6.876294514374161,0.1086408800000012,-0.0111313599999994,0.0120361200000011,7.1956235281521295,1.0,0.0,0.0,0.0,3319.65,0.0,0.0,0.0,0.0,0.0,7.82736465183508,0.0,0.0
63.943961999961175,571383.761265,0.7056235000001022,-2.04330999999999,6.859145999999993,0.6245070287774176,-2.0357741000324148,6.872195038138824,0.1078408800000012,-0.0099313599999994,0.0116361200000011,7.194543061068928,1.0,0.0,0.0,0.0,3326.49,0.0,0.0,0.0,0.0,0.0,7.956806175740102,0.0,0.0
64.054183500004,571383.8714865,0.7206235000001022,-2.108309999999991,6.769145999999992,0.6474843655311692,-2.0531143308907662,6.8475604211856025,0.1062408800000012,-0.0079313599999994,0.0136361200000011,7.177994022086107,1.0,0.0,0.0,0.0,3322.09,0.0,0.0,0.0,0.0,0.0,7.8730173651742215,0.0,0.0
64.16419529996347,571383.9814983,0.6656235000001023,-2.0383099999999907,6.9591459999999925,0.6518206566560133,-2.049575248650604,6.874235759851962,0.1086408800000012,-0.0083313599999994,0.0132361200000011,7.202829037978907,1.0,0.0,0.0,0.0,3326.98,0.0,0.0,0.0,0.0,0.0,7.966256160599777,0.0,0.0
64.27495610003825,571384.0922591,0.7456235000001022,-2.118309999999991,7.019145999999992,0.6742449039526395,-2.066006787473759,6.908877599534508,0.1098408800000012,-0.0087313599999994,0.0116361200000011,7.242622447825335,1.0,0.0,0.0,0.0,3338.22,0.0,0.0,0.0,0.0,0.0,8.189877208772518,0.0,0.0
64.38499299995601,571384.202296,0.7856235000001023,-2.113309999999991,7.069145999999993,0.7008707618934022,-2.0773149621281464,6.947190918382312,0.1110408800000012,-0.0075313599999994,0.0152361200000011,7.2849103586257105,1.0,0.0,0.0,0.0,3344.09,0.0,0.0,0.0,0.0,0.0,8.312149350662756,0.0,0.0
64.49582630000077,571384.3131293,0.7406235000001022,-2.04330999999999,7.199145999999992,0.7103739410961127,-2.069185830292803,7.00742260066844,0.1150408800000012,-0.0087313599999994,0.0136361200000011,7.340989895159357,1.0,0.0,0.0,0.0,3318.67,0.0,0.0,0.0,0.0,0.0,7.809188317809149,0.0,0.0
64.60678389994428,571384.4240869,0.6706235000001023,-2.0783099999999908,7.149145999999993,0.7008713110104002,-2.071367028970756,7.0413026030333095,0.1134408800000012,-0.0107313599999994,0.0116361200000011,7.373040370890982,1.0,0.0,0.0,0.0,3317.2,0.0,0.0,0.0,0.0,0.0,7.78209303547298,0.0,0.0
64.71662399999332,571384.533927,0.6356235000001023,-2.028309999999991,7.099145999999992,0.6852733504636035,-2.06107393516808,7.055130484916376,0.1118408800000012,-0.0119313599999994,0.0112361200000011,7.381902972152995,1.0,0.0,0.0,0.0,3321.11,0.0,0.0,0.0,0.0,0.0,7.854612854033111,0.0,0.0
64.8274491999764,571384.6447522,0.6606235000001023,-2.138309999999991,7.239145999999993,0.6793806256493803,-2.0795377743894115,7.099120723053556,0.1142408800000012,-0.0127313599999994,0.0112361200000011,7.428563147076873,1.0,0.0,0.0,0.0,3330.89,0.0,0.0,0.0,0.0,0.0,8.042538504715443,0.0,0.0
64.9374968999764,571384.7547999,0.6356235000001023,-1.9283099999999909,7.464145999999992,0.6689201686784798,-2.043385682511053,7.186382652308094,0.1118408800000012,-0.0123313599999994,0.0104361200000011,7.501131572299656,1.0,0.0,0.0,0.0,3340.18,0.0,0.0,0.0,0.0,0.0,8.23026921295309,0.0,0.0
65.04840390000027,571384.8657069,0.6456235000001023,-2.093309999999991,7.604145999999993,0.6633509317448487,-2.055320451240617,7.286251998333626,0.1142408800000012,-0.0127313599999994,0.0104361200000011,7.599595041787125,1.0,0.0,0.0,0.0,3356.79,0.0,0.0,0.0,0.0,0.0,8.590751873889316,0.0,0.0
65.16003040003125,571384.9773334,0.6906235000001022,-1.9733099999999908,7.564145999999992,0.6698706361926826,-2.0357152604599733,7.352684566830051,0.1142408800000012,-0.0119313599999994,0.0104361200000011,7.658644372877202,1.0,0.0,0.0,0.0,3362.17,0.0,0.0,0.0,0.0,0.0,8.715006938890975,0.0,0.0
65.27091329998802,571385.0882163,0.7556235000001023,-1.983309999999991,7.724145999999992,0.6903704777311498,-2.0231874043918148,7.441485105722104,0.1146408800000012,-0.0115313599999994,0.0112361200000011,7.742454342680771,1.0,0.0,0.0,0.0,3365.59,0.0,0.0,0.0,0.0,0.0,8.796053916796598,0.0,0.0
65.37399210000876,571385.1912951,0.6556235000001023,-1.968309999999991,7.724145999999992,0.6820639617059032,-2.0100685644589444,7.50905723433149,0.1162408800000012,-0.0131313599999994,0.0092361200000011,7.8033023413264,1.0,0.0,0.0,0.0,3371.46,0.0,0.0,0.0,0.0,0.0,8.939069426688176,0.0,0.0
65.48836920002941,571385.3056722,0.7206235000001022,-1.6833099999999908,7.729145999999993,0.6912818978742244,-1.9319545692483728,7.561671043600105,0.1130408800000012,-0.0119313599999994,0.0104361200000011,7.835125276062187,1.0,0.0,0.0,0.0,3370.48,0.0,0.0,0.0,0.0,0.0,8.914840226757713,0.0,0.0
65.59921809996013,571385.4165211,0.8356235000001022,-1.548309999999991,7.789145999999992,0.7257878005299554,-1.8402415636705365,7.616050575118025,0.1126408800000012,-0.0115313599999994,0.0100361200000011,7.868766314157149,1.0,0.0,0.0,0.0,3371.46,0.0,0.0,0.0,0.0,0.0,8.939069426688176,0.0,0.0
65.7100153999636,571385.5273184,0.7206235000001022,-1.588309999999991,7.749145999999992,0.7245532371833975,-1.7800155035195564,7.647867997865593,0.1126408800000012,-0.0127313599999994,0.0100361200000011,7.885639954947194,1.0,0.0,0.0,0.0,3370.97,0.0,0.0,0.0,0.0,0.0,8.926936849832012,0.0,0.0
65.8216539999703,571385.638957,0.7156235000001022,-1.6433099999999907,7.294145999999992,0.7224185190047857,-1.747335065395868,7.563308199125815,0.1082408800000012,-0.0127313599999994,0.0088361200000011,7.796069475211649,1.0,0.0,0.0,0.0,3363.64,0.0,0.0,0.0,0.0,0.0,8.749642529001061,0.0,0.0
65.93251289997716,571385.7498159,0.7056235000001022,-1.528309999999991,7.1691459999999925,0.7184035483910374,-1.69497554136118,7.469080878150513,0.1062408800000012,-0.0131313599999994,0.0080361200000011,7.692607809352242,1.0,0.0,0.0,0.0,3338.71,0.0,0.0,0.0,0.0,0.0,8.199934979174976,0.0,0.0
66.04253380000591,571385.8598368,0.7856235000001023,-1.483309999999991,7.209145999999992,0.7344729633939452,-1.6443753647093209,7.406941567860267,0.1074408800000012,-0.0127313599999994,0.0096361200000011,7.622742568374975,1.0,0.0,0.0,0.0,3335.29,0.0,0.0,0.0,0.0,0.0,8.130287677671827,0.0,0.0
66.14673059992492,571385.9640336,0.7706235000001023,-1.463309999999991,7.184145999999993,0.7431150103070496,-1.6010903813298518,7.353680677974823,0.1062408800000012,-0.0119313599999994,0.0100361200000011,7.562561063644436,1.0,0.0,0.0,0.0,3339.2,0.0,0.0,0.0,0.0,0.0,8.210019493774846,0.0,0.0
66.25761099997908,571386.074914,0.7256235000001022,-1.3733099999999907,6.954145999999993,0.7389335384163129,-1.5466378357761512,7.258169027121969,0.1030408800000012,-0.0115313599999994,0.0112361200000011,7.457823341667692,1.0,0.0,0.0,0.0,3315.74,0.0,0.0,0.0,0.0,0.0,7.7553809495884884,0.0,0.0
66.36920960003044,571386.1865126,0.6706235000001023,-1.4733099999999908,7.054145999999992,0.7226035302877941,-1.529108286942122,7.209395848705541,0.1050408800000012,-0.0123313599999994,0.0108361200000011,7.405114213738512,1.0,0.0,0.0,0.0,3318.67,0.0,0.0,0.0,0.0,0.0,7.809188317809149,0.0,0.0
66.48001229995862,571386.2973153,0.6256235000001023,-1.5433099999999906,7.469145999999993,0.6994197535015381,-1.5325033090362516,7.271490998706449,0.1118408800000012,-0.0139313599999994,0.0116361200000011,7.46406964919702,1.0,0.0,0.0,0.0,3326.98,0.0,0.0,0.0,0.0,0.0,7.966256160599777,0.0,0.0
66.59179390000645,571386.4090969,0.6656235000001023,-1.713309999999991,7.779145999999992,0.6913405149710418,-1.575726454588279,7.392849593867764,0.1166408800000012,-0.0155313599999994,0.0096361200000011,7.5904605054555505,1.0,0.0,0.0,0.0,3347.51,0.0,0.0,0.0,0.0,0.0,8.38522992650674,0.0,0.0
66.69587269995827,571386.5131757,0.6606235000001023,-1.8133099999999909,7.979145999999993,0.6839973906544811,-1.6325225173299869,7.533007984930659,0.1186408800000012,-0.0143313599999994,0.0092361200000011,7.738164608034689,1.0,0.0,0.0,0.0,3368.52,0.0,0.0,0.0,0.0,0.0,8.866809883850067,0.0,0.0
66.80772689997684,571386.6250299,0.7306235000001022,-1.8483099999999908,7.999145999999992,0.6951436989024137,-1.684108073827017,7.644441644632531,0.1178408800000012,-0.0139313599999994,0.0092361200000011,7.858557935438613,1.0,0.0,0.0,0.0,3378.3,0.0,0.0,0.0,0.0,0.0,9.112281429760307,0.0,0.0
66.91855239996221,571386.7358554,0.6106235000001022,-1.963309999999991,8.059145999999993,0.674938534813804,-1.750853311124685,7.743579716445936,0.1194408800000012,-0.0147313599999994,0.0084361200000011,7.967688257443673,1.0,0.0,0.0,0.0,3384.65,0.0,0.0,0.0,0.0,0.0,9.279816660175047,0.0,0.0
67.0300781999249,571386.8473812,0.6956235000001022,-1.9133099999999907,8.199145999999992,0.6798834251617241,-1.789689756124201,7.852486127363008,0.1202408800000012,-0.0147313599999994,0.0084361200000011,8.082497712676078,1.0,0.0,0.0,0.0,3389.05,0.0,0.0,0.0,0.0,0.0,9.399936066032872,0.0,0.0
67.14185579994228,571386.9591588,0.6556235000001023,-1.818309999999991,7.829145999999993,0.6740839148075837,-1.796531632164208,7.846906501316885,0.1154408800000012,-0.0143313599999994,0.0080361200000011,8.078109721338162,1.0,0.0,0.0,0.0,3388.07,0.0,0.0,0.0,0.0,0.0,9.37288689729885,0.0,0.0
67.2447850999888,571387.0620881,0.6956235000001022,-1.7483099999999907,7.829145999999993,0.679233108241433,-1.7850039026610545,7.842660725182135,0.1158408800000012,-0.0147313599999994,0.0096361200000011,8.071859996194242,1.0,0.0,0.0,0.0,3387.1,0.0,0.0,0.0,0.0,0.0,9.346281796574365,0.0,0.0
67.35670010000467,571387.1740031,0.6556235000001023,-1.7933099999999906,7.849145999999992,0.6735890608447245,-1.7869895352299403,7.844211076974444,0.1154408800000012,-0.0139313599999994,0.0080361200000011,8.073332722119135,1.0,0.0,0.0,0.0,3386.12,0.0,0.0,0.0,0.0,0.0,9.319570503867743,0.0,0.0
67.46672799997032,571387.284031,0.6206235000001022,-1.7433099999999908,7.649145999999993,0.6609272609222261,-1.7765476268092637,7.797579361249527,0.1130408800000012,-0.0139313599999994,0.0080361200000011,8.024661376627451,1.0,0.0,0.0,0.0,3383.68,0.0,0.0,0.0,0.0,0.0,9.253787904623648,0.0,0.0
67.57765250001103,571387.3949555,0.7056235000001022,-1.6483099999999906,7.479145999999993,0.6716122197420227,-1.745891495781815,7.721455566004194,0.1098408800000012,-0.0131313599999994,0.0096361200000011,7.94481441863353,1.0,0.0,0.0,0.0,3378.3,0.0,0.0,0.0,0.0,0.0,9.112281429760307,0.0,0.0
67.68757289997302,571387.5048759,0.7656235000001023,-1.5183099999999907,7.294145999999992,0.6940862953886054,-1.6914864952550446,7.619304127532942,0.1078408800000012,-0.0119313599999994,0.0116361200000011,7.835603214617048,1.0,0.0,0.0,0.0,3355.33,0.0,0.0,0.0,0.0,0.0,8.557694008573016,0.0,0.0
67.79753430001438,571387.6148373,0.7206235000001022,-1.5383099999999907,7.364145999999993,0.7004302058454186,-1.6548685475769556,7.558306733983214,0.1078408800000012,-0.0119313599999994,0.0116361200000011,7.7689891921662575,1.0,0.0,0.0,0.0,3356.3,0.0,0.0,0.0,0.0,0.0,8.57962617536214,0.0,0.0
67.90929660003167,571387.7265996,0.6856235000001023,-1.3483099999999908,6.989145999999993,0.6968905558552171,-1.5815835123190811,7.422244749128963,0.1014408800000012,-0.0123313599999994,0.0104361200000011,7.620812290645415,1.0,0.0,0.0,0.0,3344.09,0.0,0.0,0.0,0.0,0.0,8.312149350662756,0.0,0.0
68.02253179997206,571387.8398348,0.7156235000001022,-1.353309999999991,7.199145999999992,0.7013688014725474,-1.527013080240219,7.368911381571173,0.1042408800000012,-0.0127313599999994,0.0092361200000011,7.558077936377273,1.0,0.0,0.0,0.0,3337.24,0.0,0.0,0.0,0.0,0.0,8.169841447159989,0.0,0.0
68.12597099994309,571387.943274,0.7756235000001023,-1.458309999999991,7.749145999999992,0.7191199235425934,-1.510589112624488,7.459809213773436,0.1134408800000012,-0.0139313599999994,0.0096361200000011,7.645113893037474,1.0,0.0,0.0,0.0,3351.91,0.0,0.0,0.0,0.0,0.0,8.48132891689905,0.0,0.0
68.23683009995148,571388.0541331,0.6756235000001023,-1.5183099999999907,7.549145999999993,0.7087217892935309,-1.5124348465242865,7.481165817855058,0.1110408800000012,-0.0143313599999994,0.0088361200000011,7.665349811576984,1.0,0.0,0.0,0.0,3362.66,0.0,0.0,0.0,0.0,0.0,8.726518874456369,0.0,0.0
68.34678789996542,571388.1640909,0.7356235000001022,-1.5733099999999909,7.969145999999993,0.7151528375654218,-1.526987491701063,7.597821005375664,0.1166408800000012,-0.0143313599999994,0.0100361200000011,7.782674245438842,1.0,0.0,0.0,0.0,3367.55,0.0,0.0,0.0,0.0,0.0,8.843248251938816,0.0,0.0
68.45751660002861,571388.2748196,0.7706235000001023,-1.508309999999991,8.199145999999992,0.7284135001189023,-1.5225225023909932,7.741572089078268,0.1190408800000012,-0.0147313599999994,0.0092361200000011,7.923420940972281,1.0,0.0,0.0,0.0,3383.19,0.0,0.0,0.0,0.0,0.0,9.240700221268934,0.0,0.0
68.5683436000254,571388.3856466,0.7956235000001023,-1.2233099999999908,8.104145999999993,0.7444805360893767,-1.4509935922997936,7.828248001576885,0.1154408800000012,-0.0127313599999994,0.0124361200000011,7.9963179306292895,1.0,0.0,0.0,0.0,3381.72,0.0,0.0,0.0,0.0,0.0,9.201679876036433,0.0,0.0
68.68001469993033,571388.4973177,0.8056235000001023,-1.3883099999999908,8.119145999999992,0.7590972032852032,-1.4360086267586585,7.897789269433819,0.1166408800000012,-0.0135313599999994,0.0104361200000011,8.06309026890712,1.0,0.0,0.0,0.0,3380.74,0.0,0.0,0.0,0.0,0.0,9.175866573819812,0.0,0.0
68.79085490002763,571388.6081579,0.9306235000001024,-1.3183099999999903,8.069145999999993,0.8001018035540901,-1.4078719198229406,7.938753333689974,0.1150408800000012,-0.0115313599999994,0.0112361200000011,8.102226282439297,1.0,0.0,0.0,0.0,3384.16,0.0,0.0,0.0,0.0,0.0,9.26664803787572,0.0,0.0
68.90084919997025,571388.7181522,0.7706235000001023,-1.4333099999999908,7.929145999999992,0.7930548021497206,-1.4139530766440522,7.936456631171745,0.1150408800000012,-0.0139313599999994,0.0108361200000011,8.100342158244544,1.0,0.0,0.0,0.0,3382.21,0.0,0.0,0.0,0.0,0.0,9.214646407264938,0.0,0.0
69.01168530003633,571388.8289883,0.8356235000001022,-1.3983099999999906,7.759145999999992,0.803231156870555,-1.4102134861727935,7.8940692439671665,0.1138408800000012,-0.0139313599999994,0.0108361200000011,8.059169411080747,1.0,0.0,0.0,0.0,3378.3,0.0,0.0,0.0,0.0,0.0,9.112281429760307,0.0,0.0
69.11478149995673,571388.9320845,0.7306235000001022,-1.508309999999991,7.729145999999993,0.7858737720062271,-1.433664166414211,7.854643151155505,0.1134408800000012,-0.0135313599999994,0.0108361200000011,8.022992556370816,1.0,0.0,0.0,0.0,3375.37,0.0,0.0,0.0,0.0,0.0,9.03719120249337,0.0,0.0
69.22505819995422,571389.0423612,0.8006235000001023,-1.3983099999999906,7.549145999999993,0.7893998010294557,-1.425212497548157,7.781611850379294,0.1090408800000012,-0.0127313599999994,0.0108361200000011,7.950337458183537,1.0,0.0,0.0,0.0,3373.41,0.0,0.0,0.0,0.0,0.0,8.987711774695676,0.0,0.0
69.33591249992605,571389.1532155,0.7606235000001023,-1.3683099999999908,7.569145999999993,0.7825206183995931,-1.4116095444677783,7.730820354075534,0.1090408800000012,-0.0123313599999994,0.0112361200000011,7.8975036164120604,1.0,0.0,0.0,0.0,3365.59,0.0,0.0,0.0,0.0,0.0,8.796053916796598,0.0,0.0
69.44613559998106,571389.2634386,0.7506235000001023,-1.2333099999999906,7.439145999999992,0.7748953818338293,-1.3689857503962586,7.661093492791793,0.1070408800000012,-0.0123313599999994,0.0112361200000011,7.8209295063229,1.0,0.0,0.0,0.0,3362.17,0.0,0.0,0.0,0.0,0.0,8.715006938890975,0.0,0.0
69.55681420001201,571389.3741172,0.7906235000001023,-1.1833099999999908,7.469145999999993,0.7786553020952793,-1.3245986210146956,7.615207058085954,0.1078408800000012,-0.0123313599999994,0.0124361200000011,7.768670679324568,1.0,0.0,0.0,0.0,3355.33,0.0,0.0,0.0,0.0,0.0,8.557694008573016,0.0,0.0
69.67256540001836,571389.4898684,0.6756235000001023,-1.343309999999991,7.619145999999992,0.7540248055428005,-1.3290717113248476,7.616148690603888,0.1118408800000012,-0.0135313599999994,0.0112361200000011,7.767928031245213,1.0,0.0,0.0,0.0,3353.37,0.0,0.0,0.0,0.0,0.0,8.513747354810688,0.0,0.0
69.7748058999423,571389.5921089,0.7806235000001023,-1.4033099999999905,7.959145999999992,0.7603834155914321,-1.346818910501136,7.698144675094056,0.1166408800000012,-0.0147313599999994,0.0116361200000011,7.851976538112486,1.0,0.0,0.0,0.0,3366.57,0.0,0.0,0.0,0.0,0.0,8.819582156217896,0.0,0.0
69.8850426999852,571389.7023457,0.7756235000001023,-1.4033099999999905,7.929145999999992,0.7640266678577613,-1.3603235135154752,7.753367210476459,0.1170408800000012,-0.0147313599999994,0.0116361200000011,7.908787512072406,1.0,0.0,0.0,0.0,3370.97,0.0,0.0,0.0,0.0,0.0,8.926936849832012,0.0,0.0
69.9958754000254,571389.8131784,0.7606235000001023,-1.508309999999991,8.159145999999993,0.7632131159982282,-1.3957007521063642,7.850371561300061,0.1198408800000012,-0.0147313599999994,0.0108361200000011,8.009919381637417,1.0,0.0,0.0,0.0,3375.37,0.0,0.0,0.0,0.0,0.0,9.03719120249337,0.0,0.0
70.10755670000799,571389.9248597,0.7706235000001023,-1.4333099999999908,8.204145999999993,0.7649846218236052,-1.4046915144899006,7.934943896400096,0.1190408800000012,-0.0147313599999994,0.0108361200000011,8.094547199289387,1.0,0.0,0.0,0.0,3383.19,0.0,0.0,0.0,0.0,0.0,9.240700221268934,0.0,0.0
70.21842259995174,571390.0357256,0.7656235000001023,-1.458309999999991,8.139145999999993,0.7651373502667039,-1.4175094007701523,7.983759884342149,0.1194408800000012,-0.0147313599999994,0.0096361200000011,8.144641794264244,1.0,0.0,0.0,0.0,3380.74,0.0,0.0,0.0,0.0,0.0,9.175866573819812,0.0,0.0
70.32923409994692,571390.1465371,0.7106235000001022,-1.5133099999999908,8.099145999999992,0.7521054205736414,-1.440411226042278,8.011343768794534,0.1202408800000012,-0.0155313599999994,0.0116361200000011,8.174477111446816,1.0,0.0,0.0,0.0,3386.12,0.0,0.0,0.0,0.0,0.0,9.319570503867743,0.0,0.0
70.44166759995278,571390.2589706,0.7306235000001022,-1.478309999999991,7.989145999999993,0.7469700122835058,-1.4494712017228577,8.006037231816158,0.1174408800000012,-0.0147313599999994,0.0108361200000011,8.170407769573147,1.0,0.0,0.0,0.0,3380.74,0.0,0.0,0.0,0.0,0.0,9.175866573819812,0.0,0.0
70.54452470003162,571390.3618277,0.7606235000001023,-1.3683099999999908,7.989145999999993,0.7502339771496379,-1.4300690301740822,8.001999260834822,0.1162408800000012,-0.0147313599999994,0.0116361200000011,8.163329015906063,1.0,0.0,0.0,0.0,3377.81,0.0,0.0,0.0,0.0,0.0,9.099628557447263,0.0,0.0
70.655046400032,571390.4723494,0.7106235000001022,-1.4433099999999903,7.949145999999992,0.7407648064563753,-1.4332343796585767,7.989364307040876,0.1166408800000012,-0.0151313599999994,0.0116361200000011,8.150634043811463,1.0,0.0,0.0,0.0,3379.77,0.0,0.0,0.0,0.0,0.0,9.150472636141973,0.0,0.0
70.76673119992483,571390.5840342,0.7356235000001022,-1.333309999999991,7.839145999999992,0.739535740009207,-1.4093467348863746,7.953453535624185,0.1130408800000012,-0.0139313599999994,0.0096361200000011,8.111140146318437,1.0,0.0,0.0,0.0,3377.81,0.0,0.0,0.0,0.0,0.0,9.099628557447263,0.0,0.0
70.8767636999255,571390.6940667,0.8706235000001022,-1.3833099999999905,7.759145999999992,0.7708732159619747,-1.403122465332548,7.90700291563123,0.1130408800000012,-0.0131313599999994,0.0112361200000011,8.067446515199789,1.0,0.0,0.0,0.0,3377.32,0.0,0.0,0.0,0.0,0.0,9.087014135834591,0.0,0.0
70.98676110000815,571390.8040641,0.8606235000001022,-1.4333099999999908,7.749145999999992,0.7923286696824001,-1.4103390135577984,7.86926607965268,0.1134408800000012,-0.0139313599999994,0.0108361200000011,8.033815375420083,1.0,0.0,0.0,0.0,3377.81,0.0,0.0,0.0,0.0,0.0,9.099628557447263,0.0,0.0
71.09777649992611,571390.9150795,0.7406235000001022,-1.3783099999999906,7.809145999999993,0.7799681753718304,-1.4026822465016795,7.854893940327655,0.1150408800000012,-0.0147313599999994,0.0104361200000011,8.017183211891817,1.0,0.0,0.0,0.0,3375.86,0.0,0.0,0.0,0.0,0.0,9.049654443187807,0.0,0.0
71.21003139996901,571391.0273344,0.8056235000001023,-1.4133099999999907,7.859145999999992,0.786101266048296,-1.4052228877462047,7.855910425907551,0.1150408800000012,-0.0147313599999994,0.0112361200000011,8.019222854155599,1.0,0.0,0.0,0.0,3376.34,0.0,0.0,0.0,0.0,0.0,9.061899899380059,0.0,0.0
71.3208354000235,571391.1381384,0.7856235000001023,-1.4033099999999905,7.859145999999992,0.7859870526232793,-1.4047655981125158,7.856683913266877,0.1150408800000012,-0.0147313599999994,0.0108361200000011,8.019889285115996,1.0,0.0,0.0,0.0,3378.3,0.0,0.0,0.0,0.0,0.0,9.112281429760307,0.0,0.0
71.43168169993442,571391.2489847,0.7906235000001023,-1.4033099999999905,7.799145999999993,0.7870954288605996,-1.4044176268690425,7.842929059468943,0.1142408800000012,-0.0151313599999994,0.0108361200000011,8.006462659418087,1.0,0.0,0.0,0.0,3377.81,0.0,0.0,0.0,0.0,0.0,9.099628557447263,0.0,0.0
71.54177100001834,571391.359074,0.7006235000001022,-1.4033099999999905,7.799145999999993,0.7664236896269481,-1.4041528406649304,7.832462402831114,0.1146408800000012,-0.0147313599999994,0.0100361200000011,7.994155225146165,1.0,0.0,0.0,0.0,3380.25,0.0,0.0,0.0,0.0,0.0,9.163019410317062,0.0,0.0
71.64481049997266,571391.4621135,0.7256235000001022,-1.2933099999999906,7.764145999999993,0.7566701095719646,-1.3776550589184478,7.816130873243237,0.1134408800000012,-0.0151313599999994,0.0092361200000011,7.972602143826651,1.0,0.0,0.0,0.0,3378.3,0.0,0.0,0.0,0.0,0.0,9.112281429760307,0.0,0.0
71.75501419999637,571391.5723172,0.7806235000001023,-1.208309999999991,7.694145999999993,0.762396340583778,-1.337171899301213,7.786969508123205,0.1106408800000012,-0.0155313599999994,0.0108361200000011,7.937642659433397,1.0,0.0,0.0,0.0,3374.88,0.0,0.0,0.0,0.0,0.0,9.024765495275926,0.0,0.0
71.86506400001235,571391.682367,0.8306235000001022,-1.1783099999999909,8.024145999999993,0.7787065358886883,-1.299194814716742,7.843668261776992,0.1146408800000012,-0.0155313599999994,0.0108361200000011,7.988580777361541,1.0,0.0,0.0,0.0,3375.37,0.0,0.0,0.0,0.0,0.0,9.03719120249337,0.0,0.0
71.97509550000541,571391.7923985,0.8456235000001022,-1.4133099999999907,8.354145999999993,0.794703519541619,-1.3264748740823746,7.965701652591646,0.1214408800000012,-0.0143313599999994,0.0108361200000011,8.114400291681756,1.0,0.0,0.0,0.0,3386.12,0.0,0.0,0.0,0.0,0.0,9.319570503867743,0.0,0.0
72.08674850000534,571391.9040515,0.9156235000001024,-1.1983099999999909,8.434145999999993,0.8236103143490827,-1.2958361351198264,8.077686657699207,0.1210408800000012,-0.0135313599999994,0.0136361200000011,8.222320048438656,1.0,0.0,0.0,0.0,3390.03,0.0,0.0,0.0,0.0,0.0,9.427157627866373,0.0,0.0
72.20004959998187,571392.0173526,0.9556235000001022,-1.3983099999999906,8.389145999999993,0.8551690199908177,-1.3203332527507352,8.152143263337244,0.1226408800000012,-0.0131313599999994,0.0136361200000011,8.302531766699012,1.0,0.0,0.0,0.0,3392.96,0.0,0.0,0.0,0.0,0.0,9.509590375570601,0.0,0.0
72.31089790002443,571392.1282009,0.8806235000001023,-1.3883099999999908,8.359145999999992,0.861254097310291,-1.3365835852182275,8.201628762843654,0.1234408800000012,-0.0135313599999994,0.0136361200000011,8.354335919982683,1.0,0.0,0.0,0.0,3391.01,0.0,0.0,0.0,0.0,0.0,9.454553346820912,0.0,0.0
72.42174809996504,571392.2390511,0.9006235000001023,-1.568309999999991,8.834145999999992,0.8706656374125284,-1.3919794585732148,8.352836577444151,0.1306408800000012,-0.0159313599999994,0.0144361200000011,8.512669637355232,1.0,0.0,0.0,0.0,3394.43,0.0,0.0,0.0,0.0,0.0,9.551549074989556,0.0,0.0
72.53257789998315,571392.3498809,0.7456235000001022,-1.728309999999991,9.184145999999991,0.8407734112083676,-1.4723817040221794,8.551567099961755,0.1362408800000012,-0.0211313599999994,0.0132361200000011,8.718033475301784,1.0,0.0,0.0,0.0,3403.23,0.0,0.0,0.0,0.0,0.0,9.811541524702822,0.0,0.0
72.63421879999805,571392.4515218,0.6856235000001023,-2.04330999999999,9.839145999999992,0.8036837041914748,-1.608866237339416,8.8593721369846,0.1526408800000012,-0.0259313599999994,0.0180361200000011,9.040068181579866,1.0,0.0,0.0,0.0,3400.29,0.0,0.0,0.0,0.0,0.0,9.72295631631709,0.0,0.0
72.74508749996312,571392.5623905,0.6356235000001023,-1.833309999999991,9.299145999999991,0.76350769837804,-1.6625211400977893,8.964503255693607,0.1406408800000012,-0.0259313599999994,0.0140361200000011,9.149275335680738,1.0,0.0,0.0,0.0,3387.59,0.0,0.0,0.0,0.0,0.0,9.359700694444692,0.0,0.0
72.85589879995678,571392.6732018,1.0206235000001025,-1.2733099999999906,9.409145999999993,0.8249730880602467,-1.5694774055476588,9.07079831564613,0.1378408800000012,-0.0207313599999994,0.0184361200000011,9.242468393544929,1.0,0.0,0.0,0.0,3373.9,0.0,0.0,0.0,0.0,0.0,9.000025960171373,0.0,0.0
72.96678459993564,571392.7840876,0.9456235000001022,-1.5783099999999908,9.779145999999992,0.8538154405660744,-1.5715889010547124,9.240133946418824,0.1462408800000012,-0.0231313599999994,0.0200361200000011,9.4116400179899,1.0,0.0,0.0,0.0,3374.39,0.0,0.0,0.0,0.0,0.0,9.01237714096314,0.0,0.0
73.0783655999694,571392.8956686,1.0106235000001025,-1.343309999999991,10.124145999999993,0.8913015398941528,-1.5170171807596715,9.45146341358632,0.1502408800000012,-0.0235313599999994,0.0196361200000011,9.613840035079557,1.0,0.0,0.0,0.0,3388.56,0.0,0.0,0.0,0.0,0.0,9.386390041821684,0.0,0.0
73.19087940000463,571393.0081824,0.8706235000001022,-1.613309999999991,10.474145999999992,0.88635830508737,-1.5400366747809082,9.69594307332937,0.1554408800000012,-0.0259313599999994,0.0200361200000011,9.857416298701777,1.0,0.0,0.0,0.0,3389.54,0.0,0.0,0.0,0.0,0.0,9.413525188137712,0.0,0.0
73.30086990003474,571393.1181729,0.9206235000001024,-1.3683099999999908,10.324145999999992,0.8945496474496869,-1.4989841726878863,9.84611952084336,0.1514408800000012,-0.0243313599999994,0.0196361200000011,9.999662106314084,1.0,0.0,0.0,0.0,3393.45,0.0,0.0,0.0,0.0,0.0,9.523531403439362,0.0,0.0
73.41174100001808,571393.229044,0.9156235000001024,-1.7883099999999907,10.159145999999993,0.8995875041311703,-1.5681496016839835,9.920950761867172,0.1542408800000012,-0.0263313599999994,0.0184361200000011,10.084325206489694,1.0,0.0,0.0,0.0,3395.41,0.0,0.0,0.0,0.0,0.0,9.579749136288543,0.0,0.0
73.51439799997024,571393.331701,0.8556235000001022,-1.603309999999991,10.139145999999991,0.8890775913647883,-1.576554948886454,9.97311190970028,0.1538408800000012,-0.0259313599999994,0.0188361200000011,10.13602218001376,1.0,0.0,0.0,0.0,3397.36,0.0,0.0,0.0,0.0,0.0,9.636411595902317,0.0,0.0
73.62594549998175,571393.4432485,0.9006235000001023,-1.693309999999991,10.299145999999991,0.8918377242272091,-1.6044660872481802,10.051052714129764,0.1566408800000012,-0.0263313599999994,0.0192361200000011,10.217306230788012,1.0,0.0,0.0,0.0,3396.87,0.0,0.0,0.0,0.0,0.0,9.622103859833462,0.0,0.0
73.73693290003575,571393.5542359,1.0856235000001022,-1.3233099999999909,10.194145999999993,0.93816361375872,-1.5372536936293837,10.08526019776723,0.1498408800000012,-0.0223313599999994,0.0216361200000011,10.24479248893924,1.0,0.0,0.0,0.0,3399.8,0.0,0.0,0.0,0.0,0.0,9.708363562987932,0.0,0.0
73.84755479998421,571393.6648578,0.9856235000001022,-1.4383099999999909,9.539145999999992,0.949509242396464,-1.5136004889365542,9.954707653874616,0.1398408800000012,-0.0215313599999994,0.0180361200000011,10.113790521640002,1.0,0.0,0.0,0.0,3393.94,0.0,0.0,0.0,0.0,0.0,9.537517558563229,0.0,0.0
73.96013729996048,571393.7774403,0.7656235000001023,-1.613309999999991,9.239145999999993,0.9055500273575996,-1.5374367678189589,9.783647471577076,0.1378408800000012,-0.0235313599999994,0.0156361200000011,9.945023404456396,1.0,0.0,0.0,0.0,3381.72,0.0,0.0,0.0,0.0,0.0,9.201679876036433,0.0,0.0
74.07100769993849,571393.8883107,0.7906235000001023,-1.3833099999999905,9.209145999999992,0.8780760108082983,-1.500591650620067,9.646308744821605,0.1350408800000012,-0.0219313599999994,0.0160361200000011,9.801737865454747,1.0,0.0,0.0,0.0,3384.65,0.0,0.0,0.0,0.0,0.0,9.279816660175047,0.0,0.0
74.1817585999379,571393.9990616,0.8156235000001023,-1.343309999999991,9.149145999999991,0.8631462869669744,-1.462992335897925,9.52745839936188,0.1334408800000012,-0.0223313599999994,0.0144361200000011,9.677697641442006,1.0,0.0,0.0,0.0,3383.68,0.0,0.0,0.0,0.0,0.0,9.253787904623648,0.0,0.0
74.28562730003614,571394.1029303,0.7906235000001023,-1.4333099999999908,8.879145999999993,0.8458091908661645,-1.455896559087885,9.372474637138044,0.1306408800000012,-0.0219313599999994,0.0148361200000011,9.522515886146556,1.0,0.0,0.0,0.0,3378.79,0.0,0.0,0.0,0.0,0.0,9.124972940666286,0.0,0.0
74.39673079992644,571394.2140338,0.8356235000001022,-1.483309999999991,8.774145999999993,0.8433742278871669,-1.4624499401619486,9.229439854337054,0.1298408800000012,-0.0219313599999994,0.0144361200000011,9.382568941423726,1.0,0.0,0.0,0.0,3372.43,0.0,0.0,0.0,0.0,0.0,8.963193682707406,0.0,0.0
74.50751689996105,571394.3248199,0.8656235000001022,-1.3383099999999906,9.259145999999992,0.8486930771058439,-1.432773390727634,9.23654132304341,0.1362408800000012,-0.0231313599999994,0.0152361200000011,9.385457641510778,1.0,0.0,0.0,0.0,3370.48,0.0,0.0,0.0,0.0,0.0,8.914840226757713,0.0,0.0
74.61840359994676,571394.4357066,0.9756235000001022,-1.3883099999999908,10.214145999999992,0.8790367115946758,-1.4221440959879663,9.470244782905471,0.1494408800000012,-0.0239313599999994,0.0192361200000011,9.616690471166937,1.0,0.0,0.0,0.0,3389.54,0.0,0.0,0.0,0.0,0.0,9.413525188137712,0.0,0.0
74.72925899992697,571394.546562,1.0356235000001024,-1.353309999999991,10.584145999999992,0.9164699144849914,-1.4056888081113292,9.736530915240657,0.1526408800000012,-0.0219313599999994,0.0176361200000011,9.880076537802864,1.0,0.0,0.0,0.0,3405.67,0.0,0.0,0.0,0.0,0.0,9.886429306275904,0.0,0.0
74.83923359995242,571394.6565366,0.9356235000001024,-1.1483099999999906,9.654145999999992,0.9210487174604236,-1.3441605448280045,9.71683620613582,0.1374408800000012,-0.0219313599999994,0.0152361200000011,9.852512581422047,1.0,0.0,0.0,0.0,3398.34,0.0,0.0,0.0,0.0,0.0,9.665168442193822,0.0,0.0
74.94921250001062,571394.7665155,0.8706235000001022,-1.0233099999999906,9.144145999999992,0.908994204974394,-1.267458904387443,9.579930475467956,0.1314408800000012,-0.0227313599999994,0.0140361200000011,9.706069773795557,1.0,0.0,0.0,0.0,3381.72,0.0,0.0,0.0,0.0,0.0,9.201679876036433,0.0,0.0
75.05952809995506,571394.8768311,0.8506235000001022,-1.228309999999991,9.119145999999992,0.8950402663030412,-1.2581000759971783,9.469776618079678,0.1330408800000012,-0.0247313599999994,0.0128361200000011,9.594820585912824,1.0,0.0,0.0,0.0,3369.99,0.0,0.0,0.0,0.0,0.0,8.90277938721924,0.0,0.0
75.17184590001125,571394.9891489,0.8506235000001022,-1.0333099999999908,9.159145999999993,0.8844221174688959,-1.204362384534055,9.395518124953076,0.1318408800000012,-0.0227313599999994,0.0144361200000011,9.513593015862645,1.0,0.0,0.0,0.0,3367.06,0.0,0.0,0.0,0.0,0.0,8.831397891324292,0.0,0.0
75.28271269996185,571395.1000157,0.8406235000001022,-0.9433099999999908,9.059145999999991,0.8739517415788194,-1.1419559262703918,9.315105938661764,0.1298408800000012,-0.0215313599999994,0.0148361200000011,9.425447131709156,1.0,0.0,0.0,0.0,3369.01,0.0,0.0,0.0,0.0,0.0,8.878764383271896,0.0,0.0
75.38572210003622,571395.2030251,0.9556235000001022,-0.9033099999999906,9.019145999999992,0.8934759653944141,-1.0849058937101883,9.244354577425293,0.1290408800000012,-0.0215313599999994,0.0148361200000011,9.350583492601332,1.0,0.0,0.0,0.0,3371.46,0.0,0.0,0.0,0.0,0.0,8.939069426688176,0.0,0.0
75.49596580001526,571395.3132688,1.0006235000001025,-0.8983099999999907,8.939145999999992,0.91909035753398,-1.0402987974226734,9.171392262283833,0.1286408800000012,-0.0207313599999994,0.0168361200000011,9.27584954071112,1.0,0.0,0.0,0.0,3369.99,0.0,0.0,0.0,0.0,0.0,8.90277938721924,0.0,0.0
75.60672139993403,571395.4240244,1.0156235000001024,-0.8433099999999908,9.029145999999992,0.9421673025583462,-0.9932072024283984,9.137387265753258,0.1278408800000012,-0.0187313599999994,0.0172361200000011,9.239371505536267,1.0,0.0,0.0,0.0,3373.9,0.0,0.0,0.0,0.0,0.0,9.000025960171373,0.0,0.0
75.71837699995376,571395.53568,0.8806235000001023,-1.0633099999999909,9.069145999999993,0.927454811988328,-1.0099657825832054,9.121073698226605,0.1318408800000012,-0.0207313599999994,0.0156361200000011,9.223567027931782,1.0,0.0,0.0,0.0,3376.83,0.0,0.0,0.0,0.0,0.0,9.07443797827981,0.0,0.0
75.82853129995055,571395.6458343,0.9356235000001024,-1.083309999999991,9.029145999999992,0.9294075958649646,-1.0274992475667608,9.099097717915628,0.1322408800000012,-0.0211313599999994,0.0152361200000011,9.203973732208231,1.0,0.0,0.0,0.0,3373.41,0.0,0.0,0.0,0.0,0.0,8.987711774695676,0.0,0.0
75.93842240003869,571395.7557254,0.7956235000001023,-1.0633099999999909,8.909145999999993,0.8974255413442445,-1.0360600666188584,9.053688387610634,0.1298408800000012,-0.0215313599999994,0.0140361200000011,9.15685898569236,1.0,0.0,0.0,0.0,3372.43,0.0,0.0,0.0,0.0,0.0,8.963193682707406,0.0,0.0
76.0509616000345,571395.8682646,0.8056235000001023,-1.1833099999999908,8.739145999999993,0.8754796002187202,-1.0712612268698107,8.978494757720558,0.1298408800000012,-0.0231313599999994,0.0128361200000011,9.084461088089336,1.0,0.0,0.0,0.0,3369.5,0.0,0.0,0.0,0.0,0.0,8.890754162073627,0.0,0.0
76.16176489996724,571395.9790679,0.7456235000001022,-1.2933099999999906,8.659145999999993,0.8444365614315461,-1.1243435900804712,8.902152130336358,0.1294408800000012,-0.0231313599999994,0.0140361200000011,9.012520966216362,1.0,0.0,0.0,0.0,3362.66,0.0,0.0,0.0,0.0,0.0,8.726518874456369,0.0,0.0
76.27265209995676,571396.0899551,0.9806235000001022,-1.1583099999999908,8.799145999999993,0.8769930328577844,-1.1324635057318542,8.877527770803265,0.1306408800000012,-0.0227313599999994,0.0136361200000011,8.992335052303087,1.0,0.0,0.0,0.0,3358.75,0.0,0.0,0.0,0.0,0.0,8.63557051906714,0.0,0.0
76.38353829993866,571396.2008413,0.7956235000001023,-1.333309999999991,8.879145999999993,0.8575410582463283,-1.180477311023535,8.8779146201822,0.1322408800000012,-0.0231313599999994,0.0144361200000011,8.99701457994064,1.0,0.0,0.0,0.0,3363.15,0.0,0.0,0.0,0.0,0.0,8.73806401993452,0.0,0.0
76.48775570001453,571396.3050587,0.8006235000001023,-1.208309999999991,8.909145999999993,0.8439345047972859,-1.187130916375866,8.885380707130972,0.1322408800000012,-0.0223313599999994,0.0140361200000011,9.003971100112334,1.0,0.0,0.0,0.0,3370.48,0.0,0.0,0.0,0.0,0.0,8.914840226757713,0.0,0.0
76.59928059997037,571396.4165836,0.7206235000001022,-1.2533099999999906,9.089145999999992,0.8144561183498269,-1.202951504368149,8.934092272312459,0.1338408800000012,-0.0247313599999994,0.0112361200000011,9.051432804853176,1.0,0.0,0.0,0.0,3371.95,0.0,0.0,0.0,0.0,0.0,8.951238128684414,0.0,0.0
76.70926139992662,571396.5265644,0.7706235000001023,-1.2483099999999907,8.969145999999993,0.8039776143035549,-1.2137947804010545,8.942472119130645,0.1322408800000012,-0.0235313599999994,0.0140361200000011,9.060214422112702,1.0,0.0,0.0,0.0,3374.39,0.0,0.0,0.0,0.0,0.0,9.01237714096314,0.0,0.0
76.82009469997138,571396.6373977,0.8956235000001023,-1.1083099999999906,8.779145999999992,0.825886225293514,-1.1885778816651928,8.903427830548162,0.1274408800000012,-0.0215313599999994,0.0128361200000011,9.020301135310996,1.0,0.0,0.0,0.0,3378.79,0.0,0.0,0.0,0.0,0.0,9.124972940666286,0.0,0.0
76.9310202000197,571396.7483232,0.6956235000001022,-1.3483099999999908,8.519145999999992,0.7947459798449091,-1.2267629983957635,8.811562483053283,0.1262408800000012,-0.0227313599999994,0.0108361200000011,8.931976378129576,1.0,0.0,0.0,0.0,3369.01,0.0,0.0,0.0,0.0,0.0,8.878764383271896,0.0,0.0
77.04089009994641,571396.8581931,0.6656235000001023,-1.3383099999999906,8.469145999999993,0.7638783183074825,-1.253429114901367,8.729705349296028,0.1270408800000012,-0.0243313599999994,0.0112361200000011,8.852251132722703,1.0,0.0,0.0,0.0,3361.19,0.0,0.0,0.0,0.0,0.0,8.692082087631354,0.0,0.0
77.14570839994121,571396.9630114,0.6156235000001022,-1.4133099999999907,8.519145999999992,0.7284369330560132,-1.2916497954014634,8.679369615848044,0.1282408800000012,-0.0243313599999994,0.0120361200000011,8.80513693748751,1.0,0.0,0.0,0.0,3357.28,0.0,0.0,0.0,0.0,0.0,8.601909014513982,0.0,0.0
77.25764239998534,571397.0749454,0.7956235000001023,-1.3133099999999909,8.579145999999993,0.7444983672136007,-1.2968278237756268,8.655410436503185,0.1274408800000012,-0.0231313599999994,0.0100361200000011,8.783630800963268,1.0,0.0,0.0,0.0,3361.68,0.0,0.0,0.0,0.0,0.0,8.703528060531337,0.0,0.0
77.36838799994439,571397.185691,0.8156235000001023,-1.3033099999999909,8.579145999999993,0.7615013439864833,-1.2983774348267785,8.637178872052498,0.1270408800000012,-0.0239313599999994,0.0112361200000011,8.767355766021511,1.0,0.0,0.0,0.0,3360.21,0.0,0.0,0.0,0.0,0.0,8.66928825598446,0.0,0.0
77.48009039997123,571397.2973934,0.5906235000001022,-1.2583099999999905,8.699145999999992,0.7206517610265187,-1.2887990250998844,8.651992561614755,0.1282408800000012,-0.0251313599999994,0.0104361200000011,8.777090473158294,1.0,0.0,0.0,0.0,3364.12,0.0,0.0,0.0,0.0,0.0,8.76101724009125,0.0,0.0
77.59176799992565,571397.409071,0.6656235000001023,-1.1433099999999907,8.829145999999993,0.7074968577254194,-1.254018822693678,8.694342370748217,0.1274408800000012,-0.0243313599999994,0.0096361200000011,8.81275803997529,1.0,0.0,0.0,0.0,3366.57,0.0,0.0,0.0,0.0,0.0,8.819582156217896,0.0,0.0
77.7034818000393,571397.5207848,0.7256235000001022,-1.3983099999999906,9.019145999999992,0.7118301625009891,-1.2885126709320425,8.77198902457582,0.1286408800000012,-0.0235313599999994,0.0088361200000011,8.894647746295368,1.0,0.0,0.0,0.0,3380.74,0.0,0.0,0.0,0.0,0.0,9.175866573819812,0.0,0.0
77.80590489995666,571397.6232079,0.7056235000001022,-1.3933099999999907,8.479145999999993,0.7103464149956386,-1.3135652294608418,8.701982784166965,0.1238408800000012,-0.0235313599999994,0.0088361200000011,8.829187392805972,1.0,0.0,0.0,0.0,3377.32,0.0,0.0,0.0,0.0,0.0,9.087014135834591,0.0,0.0
77.91597360000014,571397.7332766,0.6356235000001023,-1.458309999999991,8.174145999999993,0.6924833623967082,-1.348167512438097,8.575799588024415,0.1202408800000012,-0.0231313599999994,0.0076361200000011,8.708698377068155,1.0,0.0,0.0,0.0,3361.68,0.0,0.0,0.0,0.0,0.0,8.703528060531337,0.0,0.0
78.02675159997307,571397.8440546,0.6256235000001023,-1.5383099999999907,8.204145999999993,0.6765000293211829,-1.393622447605073,8.486953113126345,0.1218408800000012,-0.0235313599999994,0.0084361200000011,8.627178505197703,1.0,0.0,0.0,0.0,3354.35,0.0,0.0,0.0,0.0,0.0,8.535659190952098,0.0,0.0
78.13759749999736,571397.9549005,0.6706235000001023,-1.463309999999991,8.394145999999992,0.6750952025372186,-1.4102817604008262,8.464766902331036,0.1226408800000012,-0.0227313599999994,0.0092361200000011,8.607957184315392,1.0,0.0,0.0,0.0,3362.66,0.0,0.0,0.0,0.0,0.0,8.726518874456369,0.0,0.0
78.24843679997139,571398.0657398,0.6656235000001023,-1.363309999999991,8.749145999999993,0.6728309236258292,-1.399052821771296,8.532749779872688,0.1270408800000012,-0.0239313599999994,0.0072361200000011,8.67282359187657,1.0,0.0,0.0,0.0,3368.52,0.0,0.0,0.0,0.0,0.0,8.866809883850067,0.0,0.0
78.35841700003948,571398.17572,0.6506235000001023,-1.488309999999991,9.109145999999992,0.6675220785903164,-1.4203903949859722,8.670541459956016,0.1302408800000012,-0.0247313599999994,0.0084361200000011,8.81143483255651,1.0,0.0,0.0,0.0,3385.14,0.0,0.0,0.0,0.0,0.0,9.293026474031821,0.0,0.0
78.46845939999912,571398.2857624,0.7506235000001023,-1.1283099999999906,8.024145999999993,0.6873880736706417,-1.3505664666895103,8.516015955944376,0.1142408800000012,-0.0191313599999994,0.0092361200000011,8.649801148388905,1.0,0.0,0.0,0.0,3374.88,0.0,0.0,0.0,0.0,0.0,9.024765495275926,0.0,0.0
78.57842359994538,571398.3957266,0.7706235000001023,-1.3133099999999909,8.144145999999992,0.7072861035950144,-1.3416600392011695,8.427117756732082,0.1178408800000012,-0.0203313599999994,0.0092361200000011,8.56251242211987,1.0,0.0,0.0,0.0,3360.21,0.0,0.0,0.0,0.0,0.0,8.66928825598446,0.0,0.0
78.69093319994863,571398.5082362,0.7406235000001022,-1.3733099999999907,8.234145999999992,0.7152556490220237,-1.3492261909571228,8.380986464332432,0.1190408800000012,-0.0211313599999994,0.0100361200000011,8.518975060014322,1.0,0.0,0.0,0.0,3369.01,0.0,0.0,0.0,0.0,0.0,8.878764383271896,0.0,0.0
78.80091230000835,571398.6182153,0.7306235000001022,-1.2833099999999908,8.219145999999993,0.7189294448097059,-1.333468449355919,8.342297332261253,0.1194408800000012,-0.0219313599999994,0.0088361200000011,8.478733539385189,1.0,0.0,0.0,0.0,3365.1,0.0,0.0,0.0,0.0,0.0,8.784341092189875,0.0,0.0
78.91175460000522,571398.7290576,0.8506235000001022,-1.1933099999999903,8.259145999999992,0.7504118600095548,-1.2999625595873114,8.322419405631347,0.1182408800000012,-0.0219313599999994,0.0084361200000011,8.456694707697626,1.0,0.0,0.0,0.0,3365.59,0.0,0.0,0.0,0.0,0.0,8.796053916796598,0.0,0.0
79.02273690002039,571398.8400399,0.7556235000001023,-1.1483099999999906,8.069145999999993,0.7516577401961535,-1.263708919738912,8.261872568466691,0.1162408800000012,-0.0207313599999994,0.0096361200000011,8.39169160120931,1.0,0.0,0.0,0.0,3358.26,0.0,0.0,0.0,0.0,0.0,8.62431819320306,0.0,0.0
79.13272530003451,571398.9500283,0.6706235000001023,-1.2983099999999903,7.934145999999993,0.7322859197174838,-1.271980557920056,8.183527164905584,0.1150408800000012,-0.0215313599999994,0.0096361200000011,8.314102120294814,1.0,0.0,0.0,0.0,3348.0,0.0,0.0,0.0,0.0,0.0,8.395814847463079,0.0,0.0
79.24280030000955,571399.0601033,0.6006235000001022,-1.3383099999999906,7.654145999999992,0.7008110672059814,-1.287837090187331,8.056974773391461,0.1142408800000012,-0.0223313599999994,0.0084361200000011,8.189291973171244,1.0,0.0,0.0,0.0,3333.33,0.0,0.0,0.0,0.0,0.0,8.090945457258762,0.0,0.0
79.3534547999734,571399.1707578,0.6556235000001023,-1.2533099999999906,7.934145999999993,0.6900086528480226,-1.2795831398677897,8.02761166784499,0.1166408800000012,-0.0231313599999994,0.0080361200000011,8.158185707775969,1.0,0.0,0.0,0.0,3324.54,0.0,0.0,0.0,0.0,0.0,7.919436914647131,0.0,0.0
79.45602929999586,571399.2733323,0.6006235000001022,-1.528309999999991,8.184145999999993,0.6686404863761817,-1.3390430924883976,8.065032330689718,0.1222408800000012,-0.0239313599999994,0.0084361200000011,8.202735092554963,1.0,0.0,0.0,0.0,3338.22,0.0,0.0,0.0,0.0,0.0,8.189877208772518,0.0,0.0
79.56681059999391,571399.3841136,0.7056235000001022,-1.608309999999991,8.654145999999992,0.6774815429338724,-1.403413291808355,8.205864208866137,0.1286408800000012,-0.0223313599999994,0.0084361200000011,8.352530007308605,1.0,0.0,0.0,0.0,3361.19,0.0,0.0,0.0,0.0,0.0,8.692082087631354,0.0,0.0
79.6792561999755,571399.4965592,0.6406235000001023,-1.3383099999999906,8.094145999999993,0.6686703615224018,-1.387849879620731,8.179157164027837,0.1166408800000012,-0.0211313599999994,0.0068361200000011,8.322971780236292,1.0,0.0,0.0,0.0,3374.88,0.0,0.0,0.0,0.0,0.0,9.024765495275926,0.0,0.0
79.7893017999595,571399.6066048,0.6156235000001022,-1.353309999999991,7.694145999999993,0.6559891260856202,-1.3795928718947494,8.063211741735152,0.1122408800000012,-0.0211313599999994,0.0080361200000011,8.20664254234221,1.0,0.0,0.0,0.0,3347.51,0.0,0.0,0.0,0.0,0.0,8.38522992650674,0.0,0.0
79.90093769994564,571399.7182407,0.5456235000001023,-1.2233099999999908,7.674145999999993,0.629605425931561,-1.3422323224416834,7.970202765713911,0.1126408800000012,-0.0219313599999994,0.0080361200000011,8.106918201534004,1.0,0.0,0.0,0.0,3334.8,0.0,0.0,0.0,0.0,0.0,8.120413446058272,0.0,0.0
80.0117541999789,571399.8290572,0.5406235000001023,-1.3283099999999908,7.424145999999993,0.6083336537668546,-1.3389040906925596,7.839663951368509,0.1094408800000012,-0.0219313599999994,0.0056361200000011,7.97640676424952,1.0,0.0,0.0,0.0,3326.49,0.0,0.0,0.0,0.0,0.0,7.956806175740102,0.0,0.0
80.1160142000299,571399.9333172,0.4356235000001023,-1.0983099999999908,7.054145999999992,0.5670460439179997,-1.281388335354456,7.651880210817995,0.1030408800000012,-0.0235313599999994,0.0036361200000011,7.779123860860783,1.0,0.0,0.0,0.0,3297.17,0.0,0.0,0.0,0.0,0.0,7.431963773298445,0.0,0.0
80.2267770000035,571400.04408,0.5056235000001021,-1.1533099999999905,7.254145999999991,0.5523625411018815,-1.2507702840999388,7.556798974644855,0.1066408800000012,-0.0231313599999994,0.0044361200000011,7.679501378578788,1.0,0.0,0.0,0.0,3285.43,0.0,0.0,0.0,0.0,0.0,7.241895502311604,0.0,0.0
80.33758910000324,571400.1548921,0.5256235000001023,-1.3833099999999905,7.354145999999993,0.5459703801740781,-1.2824548606011543,7.5083533171698065,0.1098408800000012,-0.0239313599999994,0.0056361200000011,7.636631696039936,1.0,0.0,0.0,0.0,3305.47,0.0,0.0,0.0,0.0,0.0,7.572888192723551,0.0,0.0
80.44936850003432,571400.2666715,0.6506235000001023,-1.1183099999999908,7.649145999999993,0.5709884644418841,-1.243214845955877,7.542010825031891,0.1094408800000012,-0.0223313599999994,0.0068361200000011,7.665085665837599,1.0,0.0,0.0,0.0,3304.5,0.0,0.0,0.0,0.0,0.0,7.556124864458098,0.0,0.0
80.56012489995919,571400.3774279,0.6156235000001022,-1.3283099999999908,7.854145999999993,0.5816587921181962,-1.2635574572243866,7.616628993351002,0.1158408800000012,-0.0231313599999994,0.0064361200000011,7.742605609257833,1.0,0.0,0.0,0.0,3322.58,0.0,0.0,0.0,0.0,0.0,7.882254426646823,0.0,0.0
80.67012359993532,571400.4874266,0.6906235000001022,-1.2133099999999906,8.019145999999992,0.6077075926559943,-1.2515454396068255,7.712853591416595,0.1154408800000012,-0.0215313599999994,0.0072361200000011,7.837332775134679,1.0,0.0,0.0,0.0,3329.91,0.0,0.0,0.0,0.0,0.0,8.023271644517088,0.0,0.0
80.78008900000714,571400.597392,0.5906235000001022,-1.1983099999999909,7.574145999999992,0.6036235168977689,-1.2388191232167214,7.679694539718816,0.1114408800000012,-0.0227313599999994,0.0052361200000011,7.802354926148033,1.0,0.0,0.0,0.0,3338.71,0.0,0.0,0.0,0.0,0.0,8.199934979174976,0.0,0.0
80.89096530003008,571400.7082683,0.5556235000001023,-1.363309999999991,7.624145999999992,0.5921487661249466,-1.26857956658539,7.666415260038006,0.1138408800000012,-0.0235313599999994,0.0056361200000011,7.79319300526587,1.0,0.0,0.0,0.0,3324.54,0.0,0.0,0.0,0.0,0.0,7.919436914647131,0.0,0.0
81.00094729999546,571400.8182503,0.5956235000001022,-1.4133099999999907,7.724145999999992,0.5929794263579273,-1.303178422169456,7.680216210450308,0.1154408800000012,-0.0223313599999994,0.0076361200000011,7.812529656862465,1.0,0.0,0.0,0.0,3325.51,0.0,0.0,0.0,0.0,0.0,7.937978406287484,0.0,0.0
81.11144140001852,571400.9287444,0.4256235000001023,-1.5583099999999908,7.634145999999992,0.5529717832480309,-1.3641694688210375,7.669202793848896,0.1166408800000012,-0.0247313599999994,0.0028361200000011,7.80918738575991,1.0,0.0,0.0,0.0,3330.4,0.0,0.0,0.0,0.0,0.0,8.03289262204348,0.0,0.0
81.22263670002576,571401.0399397,0.5156235000001022,-1.4083099999999908,7.874145999999992,0.5440434063481554,-1.374721581653379,7.71819594770925,0.1174408800000012,-0.0243313599999994,0.0060361200000011,7.858523483599828,1.0,0.0,0.0,0.0,3333.33,0.0,0.0,0.0,0.0,0.0,8.090945457258762,0.0,0.0
81.33344580000266,571401.1507488,0.6306235000001023,-1.4333099999999908,8.519145999999992,0.5647410031565432,-1.3887275662790617,7.909668843460711,0.1274408800000012,-0.0259313599999994,0.0072361200000011,8.05048805149121,1.0,0.0,0.0,0.0,3335.78,0.0,0.0,0.0,0.0,0.0,8.140187874790616,0.0,0.0
81.43576789996587,571401.2530709,0.5356235000001023,-1.4383099999999909,8.529145999999992,0.5577802536934889,-1.4005806052242478,8.057759332593236,0.1262408800000012,-0.0247313599999994,0.0072361200000011,8.197574659930465,1.0,0.0,0.0,0.0,3360.22,0.0,0.0,0.0,0.0,0.0,8.669520188472408,0.0,0.0
81.54680429992732,571401.3641073,0.5206235000001023,-1.548309999999991,8.259145999999992,0.5488976633171617,-1.4358963841850243,8.105902270175704,0.1206408800000012,-0.0243313599999994,0.0028361200000011,8.25037809343004,1.0,0.0,0.0,0.0,3357.77,0.0,0.0,0.0,0.0,0.0,8.613097739801061,0.0,0.0
81.65844299993478,571401.475746,0.6306235000001023,-1.5633099999999909,7.964145999999992,0.568434814931846,-1.466355529431949,8.072014409798092,0.1162408800000012,-0.0235313599999994,0.0044361200000011,8.223790689792043,1.0,0.0,0.0,0.0,3355.33,0.0,0.0,0.0,0.0,0.0,8.557694008573016,0.0,0.0
81.76853559992742,571401.5858386,0.6506235000001023,-1.4283099999999909,8.044145999999992,0.5880826137964765,-1.4572604707951464,8.065352265125313,0.1170408800000012,-0.0231313599999994,0.0056361200000011,8.217016271187115,1.0,0.0,0.0,0.0,3351.42,0.0,0.0,0.0,0.0,0.0,8.470508764176238,0.0,0.0
81.87927319994196,571401.6965762,0.5506235000001023,-1.3383099999999906,8.309145999999993,0.5791277420533985,-1.428824501499672,8.123632918518133,0.1198408800000012,-0.0235313599999994,0.0052361200000011,8.268635933002075,1.0,0.0,0.0,0.0,3357.28,0.0,0.0,0.0,0.0,0.0,8.601909014513982,0.0,0.0
81.99041700002272,571401.80772,0.7356235000001022,-1.3483099999999908,8.979145999999993,0.6165391834549878,-1.4095769283107595,8.328149500539812,0.1274408800000012,-0.0239313599999994,0.0064361200000011,8.469067350358177,1.0,0.0,0.0,0.0,3362.17,0.0,0.0,0.0,0.0,0.0,8.715006938890975,0.0,0.0
82.10180139995646,571401.9191044,0.7306235000001022,-1.2133099999999906,10.274145999999991,0.6438118634257858,-1.3626579013421891,8.793354020856881,0.1418408800000012,-0.0251313599999994,0.0104361200000011,8.921569660530482,1.0,0.0,0.0,0.0,3386.12,0.0,0.0,0.0,0.0,0.0,9.319570503867743,0.0,0.0
82.21264669997618,571402.0299497,0.5856235000001022,-1.6833099999999908,10.734145999999992,0.6299015148187922,-1.4393121017922637,9.257314362996729,0.1542408800000012,-0.0295313599999994,0.0092361200000011,9.389689263233484,1.0,0.0,0.0,0.0,3413.49,0.0,0.0,0.0,0.0,0.0,10.135219843254218,0.0,0.0
82.32262250001077,571402.1399255,0.8356235000001022,-1.2783099999999905,10.354145999999991,0.6790808414319153,-1.4008233863423172,9.519519888907094,0.1442408800000012,-0.0235313599999994,0.0108361200000011,9.645968891937253,1.0,0.0,0.0,0.0,3421.8,0.0,0.0,0.0,0.0,0.0,10.415342039849733,0.0,0.0
82.43346740002744,571402.2507704,0.8006235000001023,-1.2483099999999907,10.234145999999992,0.7081364919394879,-1.3643639596398562,9.690356422944664,0.1426408800000012,-0.0231313599999994,0.0104361200000011,9.811521487989792,1.0,0.0,0.0,0.0,3419.35,0.0,0.0,0.0,0.0,0.0,10.330978635981992,0.0,0.0
82.54345550003927,571402.3607585,0.6756235000001023,-1.3933099999999907,10.194145999999993,0.7003640263551816,-1.3712837196828729,9.810790960519515,0.1430408800000012,-0.0255313599999994,0.0088361200000011,9.93088858462782,1.0,0.0,0.0,0.0,3417.4,0.0,0.0,0.0,0.0,0.0,10.264909865221906,0.0,0.0
82.64609669998754,571402.4633997,0.6756235000001023,-1.3683099999999908,10.319145999999993,0.6944496248140692,-1.3705728305116869,9.93231690486622,0.1462408800000012,-0.0279313599999994,0.0064361200000011,10.050455176947583,1.0,0.0,0.0,0.0,3416.42,0.0,0.0,0.0,0.0,0.0,10.232059207225358,0.0,0.0
82.7568679000251,571402.5741709,0.7906235000001023,-1.5233099999999906,10.134145999999992,0.7174406843999231,-1.4070857541917157,9.980565607992755,0.1486408800000012,-0.0275313599999994,0.0088361200000011,10.104766267001397,1.0,0.0,0.0,0.0,3421.8,0.0,0.0,0.0,0.0,0.0,10.415342039849733,0.0,0.0
82.8685131999664,571402.6858162,0.6056235000001022,-1.4283099999999909,10.439145999999992,0.6907099787453377,-1.4121595634678727,10.090192563308308,0.1534408800000012,-0.0303313599999994,0.0084361200000011,10.21191759034876,1.0,0.0,0.0,0.0,3411.53,0.0,0.0,0.0,0.0,0.0,10.071566643709433,0.0,0.0
82.97849240002688,571402.7957954,0.4656235000001023,-1.6833099999999908,9.904145999999992,0.6369014300641955,-1.476980034006067,10.045716788421512,0.1494408800000012,-0.0307313599999994,0.0052361200000011,10.173668917634592,1.0,0.0,0.0,0.0,3414.96,0.0,0.0,0.0,0.0,0.0,10.183549158218202,0.0,0.0
83.08848069992382,571402.9057837,0.7656235000001023,-1.6183099999999908,9.299145999999991,0.6676733707204943,-1.5107659832895677,9.86724364851262,0.1390408800000012,-0.0231313599999994,0.0084361200000011,10.004533912449237,1.0,0.0,0.0,0.0,3404.2,0.0,0.0,0.0,0.0,0.0,9.841161751636921,0.0,0.0
83.20012149994727,571403.0174245,0.5756235000001022,-1.528309999999991,9.564145999999992,0.6456681841923545,-1.5149600072153406,9.794785966176264,0.1430408800000012,-0.0271313599999994,0.0072361200000011,9.932261743970686,1.0,0.0,0.0,0.0,3394.43,0.0,0.0,0.0,0.0,0.0,9.551549074989556,0.0,0.0
83.31105669995304,571403.1283597,0.5006235000001023,-1.1733099999999903,10.604145999999991,0.6109942046898655,-1.4332861050438674,9.988269328763616,0.1514408800000012,-0.0323313599999994,0.0032361200000011,10.109062625238623,1.0,0.0,0.0,0.0,3409.58,0.0,0.0,0.0,0.0,0.0,10.009111486605942,0.0,0.0
83.42177609994542,571403.2390791,0.4406235000001022,-0.9133099999999906,10.364145999999993,0.5702658570421342,-1.3089820610281788,10.078125362209413,0.1458408800000012,-0.0327313599999994,0.0048361200000011,10.178764561586544,1.0,0.0,0.0,0.0,3419.84,0.0,0.0,0.0,0.0,0.0,10.347729540989354,0.0,0.0
83.5335109999869,571403.350814,0.3106235000001023,-1.0883099999999906,10.314145999999992,0.508196476035931,-1.2562288107903317,10.13454780059445,0.1490408800000012,-0.0339313599999994,0.0024361200000011,10.224746138943932,1.0,0.0,0.0,0.0,3418.87,0.0,0.0,0.0,0.0,0.0,10.3146279473116,0.0,0.0
83.63576879992615,571403.4530718,0.3856235000001022,-1.1583099999999908,10.704145999999993,0.4788945206951063,-1.2328206117435323,10.270714364717987,0.1558408800000012,-0.0331313599999994,0.0060361200000011,10.355518344550209,1.0,0.0,0.0,0.0,3415.93,0.0,0.0,0.0,0.0,0.0,10.215721294807905,0.0,0.0
83.74585680000018,571403.5631598,0.2806235000001023,-1.0233099999999906,10.894145999999992,0.4314964009653013,-1.1827355865831444,10.419750200559571,0.1582408800000012,-0.0363313599999994,0.0024361200000011,10.495534614962567,1.0,0.0,0.0,0.0,3419.35,0.0,0.0,0.0,0.0,0.0,10.330978635981992,0.0,0.0
83.85852310003247,571403.6758261,0.1906235000001022,-1.0983099999999908,10.694145999999993,0.3739139940175085,-1.162553040252872,10.485346498544237,0.1554408800000012,-0.0387313599999994,0.0004361200000011,10.556222451277597,1.0,0.0,0.0,0.0,3419.84,0.0,0.0,0.0,0.0,0.0,10.347729540989354,0.0,0.0
83.96932219993323,571403.7866252,0.0506235000001022,-0.9083099999999908,10.839145999999992,0.2966290660979795,-1.1017744049276776,10.569924825077097,0.1562408800000012,-0.0411313599999994,0.0004361200000011,10.631331358300754,1.0,0.0,0.0,0.0,3417.4,0.0,0.0,0.0,0.0,0.0,10.264909865221906,0.0,0.0
84.07934519997798,571403.8966482,-0.0093764999998977,-1.0383099999999907,11.189145999999992,0.223476225057204,-1.0866027804875602,10.717954119955111,0.1618408800000012,-0.0435313599999994,0.0008361200000011,10.775211726142176,1.0,0.0,0.0,0.0,3413.49,0.0,0.0,0.0,0.0,0.0,10.135219843254218,0.0,0.0
84.19097009999678,571404.0082731,-0.1643764999998977,-1.0733099999999909,11.444145999999993,0.1307572294352136,-1.0834250452901355,10.891555534607267,0.1650408800000012,-0.0455313599999994,-0.0015638799999988,10.946090135077716,1.0,0.0,0.0,0.0,3413.0,0.0,0.0,0.0,0.0,0.0,10.119222969449625,0.0,0.0
84.3018044999335,571404.1191075,-0.2393764999998977,-1.1883099999999909,11.384145999999992,0.0422740877117862,-1.108498551361606,11.009312843641148,0.1662408800000012,-0.0467313599999994,-0.0015638799999988,11.065058762881677,1.0,0.0,0.0,0.0,3418.87,0.0,0.0,0.0,0.0,0.0,10.3146279473116,0.0,0.0
84.41264070000034,571404.2299437,-0.2143764999998978,-1.1783099999999909,11.274145999999991,-0.0190800892246203,-1.1251874824493386,11.072623122720348,0.1650408800000012,-0.0467313599999994,-0.0023638799999988,11.129662786368094,1.0,0.0,0.0,0.0,3423.27,0.0,0.0,0.0,0.0,0.0,10.466700699791698,0.0,0.0
84.52263200003654,571404.339935,-0.1493764999998976,-0.9733099999999908,11.234145999999992,-0.0502283874309959,-1.0888800731660164,11.11123633331243,0.1622408800000012,-0.0455313599999994,-0.0023638799999988,11.1645759238479,1.0,0.0,0.0,0.0,3425.71,0.0,0.0,0.0,0.0,0.0,10.55320660316683,0.0,0.0
84.63347450003494,571404.4507775,-0.2243764999998978,-0.9183099999999907,11.124145999999993,-0.0918597517187592,-1.0481040650438744,11.1143224823885,0.1610408800000012,-0.0447313599999994,-0.0019638799999988,11.164010237709109,1.0,0.0,0.0,0.0,3426.2,0.0,0.0,0.0,0.0,0.0,10.570771283165717,0.0,0.0
84.73543070000596,571404.5527337,-0.2793764999998978,-1.0483099999999903,10.989145999999993,-0.1366869849433525,-1.048153295282728,11.08439814004735,0.1586408800000012,-0.0451313599999994,-0.0035638799999988,11.134684135140525,1.0,0.0,0.0,0.0,3427.66,0.0,0.0,0.0,0.0,0.0,10.623495570624067,0.0,0.0
84.84600220003631,571404.6633052,-0.2443764999998978,-1.1533099999999905,10.569145999999993,-0.1624309414247516,-1.0732917651564855,10.961223393988163,0.1546408800000012,-0.0447313599999994,-0.0047638799999988,11.014842591557914,1.0,0.0,0.0,0.0,3419.35,0.0,0.0,0.0,0.0,0.0,10.330978635981992,0.0,0.0
84.9616102,571404.7789132,-0.2243764999998978,-0.9933099999999908,10.769145999999992,-0.1772394746727393,-1.0541715464386918,10.915305905462976,0.1570408800000012,-0.0435313599999994,-0.0039638799999988,10.967524537950126,1.0,0.0,0.0,0.0,3415.44,0.0,0.0,0.0,0.0,0.0,10.199441220626541,0.0,0.0
85.07176520000212,571404.8890682,-0.1593764999998976,-1.0533099999999909,10.869145999999992,-0.1729692015420217,-1.0539655875390443,10.904271046620863,0.1590408800000012,-0.0455313599999994,-0.0035638799999988,10.956454210307852,1.0,0.0,0.0,0.0,3416.42,0.0,0.0,0.0,0.0,0.0,10.232059207225358,0.0,0.0
85.182643200038,571404.9999462,-0.2243764999998978,-0.9683099999999908,10.869145999999992,-0.1852584875846876,-1.033489000595216,10.895874150496482,0.1602408800000012,-0.0447313599999994,-0.0023638799999988,10.946346135813124,1.0,0.0,0.0,0.0,3416.91,0.0,0.0,0.0,0.0,0.0,10.24845528684985,0.0,0.0
85.285380300018,571405.1026833,-0.1643764999998977,-0.9533099999999908,11.154145999999992,-0.1802664976091949,-1.0143216313210417,10.95761590177559,0.1642408800000012,-0.0459313599999994,-0.0019638799999988,11.00593888011247,1.0,0.0,0.0,0.0,3416.91,0.0,0.0,0.0,0.0,0.0,10.24845528684985,0.0,0.0
85.3967831999762,571405.2140862,-0.2093764999998977,-0.9783099999999908,11.154145999999992,-0.1872254539600168,-1.0057127907197396,11.004597841413052,0.1642408800000012,-0.0467313599999994,-0.0035638799999988,11.052044391842651,1.0,0.0,0.0,0.0,3420.33,0.0,0.0,0.0,0.0,0.0,10.364540982281866,0.0,0.0
85.50764029996935,571405.3249433,-0.2543764999998978,-1.0783099999999908,11.234145999999992,-0.2032783965888642,-1.0230676780121606,11.059472986889793,0.1678408800000012,-0.0479313599999994,-0.0023638799999988,11.108552215660598,1.0,0.0,0.0,0.0,3421.8,0.0,0.0,0.0,0.0,0.0,10.415342039849733,0.0,0.0
85.62017110001761,571405.4374741,-0.3143764999998977,-1.083309999999991,11.604145999999991,-0.229837200738719,-1.0374690402504323,11.189681005179583,0.1742408800000012,-0.0495313599999994,-0.0039638799999988,11.24002349401452,1.0,0.0,0.0,0.0,3422.29,0.0,0.0,0.0,0.0,0.0,10.432399156286333,0.0,0.0
85.73011100001168,571405.547414,-0.4143764999998978,-1.3033099999999909,12.349145999999992,-0.2739526532671583,-1.1010202420101625,11.466859487715132,0.1874408800000012,-0.0535313599999994,-0.0055638799999988,11.522853906066446,1.0,0.0,0.0,0.0,3431.57,0.0,0.0,0.0,0.0,0.0,10.767631570358672,0.0,0.0
85.84186249994673,571405.6591655,-0.3643764999998977,-1.1783099999999909,12.439145999999992,-0.2955691270152854,-1.1194969169687528,11.69929160189607,0.1870408800000012,-0.0527313599999994,-0.0043638799999988,11.756447526448753,1.0,0.0,0.0,0.0,3437.93,0.0,0.0,0.0,0.0,0.0,11.011670808048029,0.0,0.0
85.95263019995764,571405.7699332,-0.3193764999998978,-1.103309999999991,12.489145999999993,-0.3012604515024509,-1.1156273175393838,11.888112001363483,0.1866408800000012,-0.0523313599999994,-0.0043638799999988,11.944144554058363,1.0,0.0,0.0,0.0,3439.39,0.0,0.0,0.0,0.0,0.0,11.069452335445872,0.0,0.0
86.06358580000233,571405.8808888,-0.3293764999998978,-1.1083099999999906,12.509145999999992,-0.3079817959951541,-1.113878059924139,12.036574664845372,0.1882408800000012,-0.0527313599999994,-0.0051638799999988,12.091927339404675,1.0,0.0,0.0,0.0,3445.75,0.0,0.0,0.0,0.0,0.0,11.329303450265423,0.0,0.0
86.16610080003738,571405.9834038,-0.4243764999998978,-1.1083099999999906,12.639145999999991,-0.3358067907775159,-1.112546974977774,12.18062369525482,0.1898408800000012,-0.0535313599999994,-0.0051638799999988,12.23593562330514,1.0,0.0,0.0,0.0,3445.75,0.0,0.0,0.0,0.0,0.0,11.329303450265423,0.0,0.0
86.27601020003203,571406.0933132,-0.3843764999998977,-1.2533099999999906,12.749145999999993,-0.3474177306157969,-1.146197392926627,12.31653305898795,0.1958408800000012,-0.0523313599999994,-0.0027638799999988,12.37462945450251,1.0,0.0,0.0,0.0,3444.28,0.0,0.0,0.0,0.0,0.0,11.268033518635155,0.0,0.0
86.38681349996477,571406.2041165,-0.0743764999998977,-0.8833099999999906,12.939145999999992,-0.2821452520935144,-1.0833522626513332,12.465373180050374,0.1930408800000012,-0.0495313599999994,-0.0015638799999988,12.515541801543783,1.0,0.0,0.0,0.0,3448.68,0.0,0.0,0.0,0.0,0.0,11.453686807639022,0.0,0.0
86.49847360001877,571406.3157766,-0.2893764999998978,-0.8333099999999908,13.094145999999991,-0.283873934141255,-1.0235778535565687,12.615685864669391,0.1942408800000012,-0.0535313599999994,-0.0039638799999988,12.660324872166411,1.0,0.0,0.0,0.0,3450.15,0.0,0.0,0.0,0.0,0.0,11.517254766411959,0.0,0.0
86.60936150001362,571406.4266645,-0.2243764999998978,-0.9433099999999908,13.074145999999992,-0.2696506427234624,-1.0043892433401438,12.725284071757706,0.1938408800000012,-0.0531313599999994,-0.0039638799999988,12.767707857254134,1.0,0.0,0.0,0.0,3455.03,0.0,0.0,0.0,0.0,0.0,11.734098834079312,0.0,0.0
86.7203346999595,571406.5376377,-0.2293764999998977,-0.8033099999999908,12.914145999999992,-0.2600228179806664,-0.9563197977015088,12.770432879969068,0.1902408800000012,-0.0535313599999994,-0.0051638799999988,12.80882958599815,1.0,0.0,0.0,0.0,3450.64,0.0,0.0,0.0,0.0,0.0,11.538620748235559,0.0,0.0
86.83026930002961,571406.6475723,-0.3043764999998977,-0.7483099999999906,12.774145999999991,-0.2706258860610951,-0.9065935529791628,12.771320528134591,0.1886408800000012,-0.0531313599999994,-0.0047638799999988,12.806317904568113,1.0,0.0,0.0,0.0,3454.06,0.0,0.0,0.0,0.0,0.0,11.690267207864716,0.0,0.0
86.94015799998306,571406.757461,-0.1643764999998977,-0.5733099999999908,12.564145999999992,-0.2452262028189651,-0.8269197121288562,12.72179396063588,0.1834408800000012,-0.0511313599999994,-0.0043638799999988,12.75099892862233,1.0,0.0,0.0,0.0,3454.06,0.0,0.0,0.0,0.0,0.0,11.690267207864716,0.0,0.0
87.05103309999686,571406.8683361,-0.2443764999998978,-0.5733099999999908,12.494145999999992,-0.2450230752221447,-0.7662924784666236,12.66737307120563,0.1822408800000012,-0.0515313599999994,-0.0051638799999988,12.692894902072236,1.0,0.0,0.0,0.0,3450.15,0.0,0.0,0.0,0.0,0.0,11.517254766411959,0.0,0.0
87.16180859995075,571406.9791116,-0.1893764999998977,-0.6183099999999907,12.344145999999991,-0.231720359446071,-0.7309161980213619,12.590103304967394,0.1802408800000012,-0.0503313599999994,-0.0043638799999988,12.613430700775371,1.0,0.0,0.0,0.0,3447.7,0.0,0.0,0.0,0.0,0.0,11.4117440269848,0.0,0.0
87.27276670001447,571407.0900697,-0.2893764999998978,-0.3383099999999907,12.044145999999992,-0.2455034763309764,-0.6370608503500247,12.459588267431917,0.1738408800000012,-0.0515313599999994,-0.0063638799999988,12.47827945984006,1.0,0.0,0.0,0.0,3444.77,0.0,0.0,0.0,0.0,0.0,11.288374086157223,0.0,0.0
87.3826499999268,571407.199953,-0.2393764999998977,-0.3333099999999906,11.934145999999991,-0.2440387783801403,-0.5644470153959599,12.333977497811937,0.1730408800000012,-0.0503313599999994,-0.0063638799999988,12.349297804939107,1.0,0.0,0.0,0.0,3431.57,0.0,0.0,0.0,0.0,0.0,10.767631570358672,0.0,0.0
87.49356580001768,571407.3108688,-0.2643764999998979,-0.4683099999999908,11.789145999999992,-0.2489006576451266,-0.5414647674091815,12.20373159260936,0.1726408800000012,-0.0507313599999994,-0.0067638799999988,12.218273217446622,1.0,0.0,0.0,0.0,3429.62,0.0,0.0,0.0,0.0,0.0,10.695205966677145,0.0,0.0
87.60355300002266,571407.420856,-0.2693764999998977,-0.4283099999999906,11.694145999999993,-0.2537955556695483,-0.5144143028740271,12.081911475648155,0.1698408800000012,-0.0511313599999994,-0.0075638799999988,12.095520623953217,1.0,0.0,0.0,0.0,3426.2,0.0,0.0,0.0,0.0,0.0,10.570771283165717,0.0,0.0
87.7142835999839,571407.5315866,-0.3193764999998978,-0.3333099999999906,11.804145999999992,-0.2694731541429288,-0.4711200110450108,12.015509632224804,0.1714408800000012,-0.0511313599999994,-0.0071638799999988,12.02776128661098,1.0,0.0,0.0,0.0,3427.18,0.0,0.0,0.0,0.0,0.0,10.606096950827993,0.0,0.0
87.82517979992554,571407.6424828,-0.2993764999998978,-0.4383099999999906,11.799145999999991,-0.276621764980166,-0.4632765408979522,11.963786343014815,0.1714408800000012,-0.0507313599999994,-0.0063638799999988,11.975947913026133,1.0,0.0,0.0,0.0,3431.08,0.0,0.0,0.0,0.0,0.0,10.749329450488958,0.0,0.0
87.927402399946,571407.7447054,-0.3743764999998977,-0.4583099999999908,11.914145999999992,-0.2999907405287816,-0.4620892534199366,11.951919460434612,0.1734408800000012,-0.0515313599999994,-0.0075638799999988,11.964610303359018,1.0,0.0,0.0,0.0,3429.13,0.0,0.0,0.0,0.0,0.0,10.677177254595339,0.0,0.0
88.03925339994021,571407.8565564,-0.3043764999998977,-0.3933099999999907,12.064145999999992,-0.3010391880113708,-0.4456470760553483,11.978748025398549,0.1758408800000012,-0.0523313599999994,-0.0059638799999988,11.990814407916789,1.0,0.0,0.0,0.0,3432.55,0.0,0.0,0.0,0.0,0.0,10.804445467325758,0.0,0.0
88.15016359998845,571407.9674666,-0.2893764999998978,-0.3333099999999906,12.274145999999991,-0.2982511381955104,-0.4187920865450118,12.049365045066988,0.1770408800000012,-0.0523313599999994,-0.0063638799999988,12.060329122477125,1.0,0.0,0.0,0.0,3432.55,0.0,0.0,0.0,0.0,0.0,10.804445467325758,0.0,0.0
88.26180780003779,571408.0791108,-0.3093764999998978,-0.3183099999999906,12.284145999999993,-0.3009107363001316,-0.3947711179129501,12.105491128309938,0.1770408800000012,-0.0523313599999994,-0.0059638799999988,12.115663703006517,1.0,0.0,0.0,0.0,3436.95,0.0,0.0,0.0,0.0,0.0,10.973262943808095,0.0,0.0
88.37265439995099,571408.1899574,-0.3493764999998978,-0.3883099999999907,12.504145999999992,-0.3124968272103694,-0.3932265410032567,12.200792455115035,0.1802408800000012,-0.0531313599999994,-0.0075638799999988,12.211126807643836,1.0,0.0,0.0,0.0,3436.46,0.0,0.0,0.0,0.0,0.0,10.954171167336701,0.0,0.0
88.48263680003583,571408.2999398,-0.3293764999998978,-0.2983099999999906,12.909145999999993,-0.3165320349228909,-0.3705360562362859,12.370129486890022,0.1846408800000012,-0.0539313599999994,-0.0063638799999988,12.37972507855201,1.0,0.0,0.0,0.0,3442.33,0.0,0.0,0.0,0.0,0.0,11.187894015264918,0.0,0.0
88.59264519996941,571408.4099482,-0.2893764999998978,-0.3483099999999907,13.079145999999993,-0.3100403081385371,-0.3652227569406221,12.539625006008222,0.1862408800000012,-0.0535313599999994,-0.0051638799999988,12.548773164981691,1.0,0.0,0.0,0.0,3446.24,0.0,0.0,0.0,0.0,0.0,11.349893323750617,0.0,0.0
88.70434059994295,571408.5216436,-0.2243764999998978,-0.3633099999999907,12.864145999999993,-0.2895617560009953,-0.3647654985769527,12.617204093835277,0.1834408800000012,-0.0511313599999994,-0.0043638799999988,12.625796569919228,1.0,0.0,0.0,0.0,3447.21,0.0,0.0,0.0,0.0,0.0,11.39090168239631,0.0,0.0
88.8151904999977,571408.6324935,-0.2393764999998977,-0.5483099999999906,12.494145999999992,-0.2775646080351813,-0.4086431374961521,12.58778616758019,0.1818408800000012,-0.0511313599999994,-0.0043638799999988,12.597475617209172,1.0,0.0,0.0,0.0,3451.61,0.0,0.0,0.0,0.0,0.0,11.581180646424883,0.0,0.0
88.92531680001412,571408.7426198,-0.2193764999998977,-0.4133099999999906,12.644145999999992,-0.2636543204811076,-0.4097587846892926,12.60125939264163,0.1822408800000012,-0.0519313599999994,-0.0055638799999988,12.61067619689671,1.0,0.0,0.0,0.0,3447.7,0.0,0.0,0.0,0.0,0.0,11.4117440269848,0.0,0.0
89.0286903999513,571408.8459934,-0.2693764999998977,-0.2883099999999906,12.789145999999992,-0.2650222488298715,-0.3807255754105758,12.646175043350352,0.1830408800000012,-0.0519313599999994,-0.0047638799999988,12.654680240259088,1.0,0.0,0.0,0.0,3450.64,0.0,0.0,0.0,0.0,0.0,11.538620748235559,0.0,0.0
89.13934759993572,571408.9566506,-0.2543764999998978,-0.4283099999999906,12.704145999999993,-0.2624773056713212,-0.3921009758400334,12.660033419297072,0.1834408800000012,-0.0523313599999994,-0.0051638799999988,12.668823295356436,1.0,0.0,0.0,0.0,3450.64,0.0,0.0,0.0,0.0,0.0,11.538620748235559,0.0,0.0
89.2501981999958,571409.0675012,-0.2243764999998978,-0.4633099999999907,12.624145999999993,-0.2533690328501804,-0.4091240074517392,12.65145427247736,0.1822408800000012,-0.0519313599999994,-0.0051638799999988,12.660603205569094,1.0,0.0,0.0,0.0,3452.59,0.0,0.0,0.0,0.0,0.0,11.624539481330224,0.0,0.0
89.36350159998983,571409.1808046,-0.2493764999998977,-0.3783099999999907,12.724145999999992,-0.2524145890318173,-0.4017576963820051,12.668831755038385,0.1822408800000012,-0.0527313599999994,-0.0059638799999988,12.677713532369598,1.0,0.0,0.0,0.0,3453.57,0.0,0.0,0.0,0.0,0.0,11.668265208180761,0.0,0.0
89.47436570003629,571409.2916687,-0.1543764999998977,-0.2033099999999906,12.819145999999993,-0.2289778756597492,-0.3543173410529839,12.704765461108044,0.1826408800000012,-0.0515313599999994,-0.0043638799999988,12.711767661009084,1.0,0.0,0.0,0.0,3452.1,0.0,0.0,0.0,0.0,0.0,11.602814509888843,0.0,0.0
89.58440289995633,571409.4017059,-0.2443764999998978,-0.2033099999999906,12.979145999999991,-0.2326590280419291,-0.318217945356023,12.770358110948358,0.1826408800000012,-0.0519313599999994,-0.0059638799999988,12.77644078630432,1.0,0.0,0.0,0.0,3453.08,0.0,0.0,0.0,0.0,0.0,11.646356174338875,0.0,0.0
89.69608469994273,571409.5133877,-0.2693764999998977,-0.2383099999999907,13.109145999999992,-0.2414366049462044,-0.2991153737947753,12.851347803097967,0.1858408800000012,-0.0535313599999994,-0.0051638799999988,12.857095395043132,1.0,0.0,0.0,0.0,3453.08,0.0,0.0,0.0,0.0,0.0,11.646356174338875,0.0,0.0
89.79855199996382,571409.615855,-0.2493764999998977,-0.3283099999999906,12.919145999999992,-0.2433346942135005,-0.3060945600797459,12.867555451815177,0.1838408800000012,-0.0519313599999994,-0.0055638799999988,12.873495599822792,1.0,0.0,0.0,0.0,3451.61,0.0,0.0,0.0,0.0,0.0,11.581180646424883,0.0,0.0
89.91015579993837,571409.7274588,-0.2193764999998977,-0.2633099999999907,12.869145999999992,-0.237607314822071,-0.295866601933675,12.867935683848255,0.1822408800000012,-0.0515313599999994,-0.0063638799999988,12.87352954887866,1.0,0.0,0.0,0.0,3450.64,0.0,0.0,0.0,0.0,0.0,11.538620748235559,0.0,0.0
90.0218784000026,571409.8391814,-0.2093764999998977,-0.2583099999999907,12.679145999999992,-0.2308585346104147,-0.2868884249471566,12.82280414618115,0.1802408800000012,-0.0511313599999994,-0.0071638799999988,12.828090536112208,1.0,0.0,0.0,0.0,3452.1,0.0,0.0,0.0,0.0,0.0,11.602814509888843,0.0,0.0
90.13190040003974,571409.9492034,-0.3143764999998977,-0.3433099999999907,12.614145999999993,-0.2508241075380381,-0.3003764100310292,12.77292290907133,0.1794408800000012,-0.0511313599999994,-0.0075638799999988,12.778916165375865,1.0,0.0,0.0,0.0,3451.61,0.0,0.0,0.0,0.0,0.0,11.581180646424883,0.0,0.0
90.24189910001589,571410.0592021,-0.1693764999998976,-0.3583099999999907,12.694145999999993,-0.2313534686102372,-0.3142258532028091,12.754090719904104,0.1814408800000012,-0.0507313599999994,-0.0059638799999988,12.760058479717207,1.0,0.0,0.0,0.0,3452.1,0.0,0.0,0.0,0.0,0.0,11.602814509888843,0.0,0.0
90.35274480003864,571410.1700478,-0.2643764999998979,-0.3133099999999906,12.879145999999992,-0.2392478628094581,-0.3140069118789084,12.783986087961685,0.1830408800000012,-0.0515313599999994,-0.0059638799999988,12.790079756505216,1.0,0.0,0.0,0.0,3454.55,0.0,0.0,0.0,0.0,0.0,11.712362804210322,0.0,0.0
90.46439009997994,571410.2816931,-0.1893764999998977,-0.1983099999999906,12.799145999999991,-0.2273257532785232,-0.2863487293448039,12.787610174443746,0.1814408800000012,-0.0503313599999994,-0.0051638799999988,12.79283575156182,1.0,0.0,0.0,0.0,3455.03,0.0,0.0,0.0,0.0,0.0,11.734098834079312,0.0,0.0
90.57521719997747,571410.3925202,-0.1893764999998977,-0.2683099999999907,12.814145999999992,-0.2182537101516362,-0.2820364407901682,12.793953755227438,0.1818408800000012,-0.0499313599999994,-0.0039638799999988,12.79892307683841,1.0,0.0,0.0,0.0,3456.01,0.0,0.0,0.0,0.0,0.0,11.778759871471573,0.0,0.0
90.68527809996158,571410.5025811,-0.1343764999998977,-0.2633099999999907,13.079145999999993,-0.1982022571685514,-0.2775597498467584,12.862131021458064,0.1838408800000012,-0.0503313599999994,-0.0039638799999988,12.866652166070068,1.0,0.0,0.0,0.0,3456.5,0.0,0.0,0.0,0.0,0.0,11.801234311870612,0.0,0.0
90.79610639996828,571410.6134094,-0.0943764999998977,-0.1883099999999906,13.239145999999993,-0.1733819599205355,-0.2562239524404417,12.95225917548794,0.1850408800000012,-0.0503313599999994,-0.0047638799999988,12.955953448775649,1.0,0.0,0.0,0.0,3456.5,0.0,0.0,0.0,0.0,0.0,11.801234311870612,0.0,0.0
90.90607569995336,571410.7233787,-0.1093764999998978,-0.1983099999999906,13.349145999999992,-0.1580809923759827,-0.242379203761706,13.047137837843454,0.1874408800000012,-0.0507313599999994,-0.0039638799999988,13.05034647196208,1.0,0.0,0.0,0.0,3457.48,0.0,0.0,0.0,0.0,0.0,11.846474340139437,0.0,0.0
91.01603079994676,571410.8333338,-0.1343764999998977,-0.2583099999999907,13.589145999999992,-0.1524142622414551,-0.2461875756803379,13.176708804262928,0.1890408800000012,-0.0511313599999994,-0.0039638799999988,13.179889731788128,1.0,0.0,0.0,0.0,3459.92,0.0,0.0,0.0,0.0,0.0,11.960830547130241,0.0,0.0
91.1185965000186,571410.9358995,-0.2193764999998977,-0.2083099999999906,13.569145999999993,-0.1684220688867471,-0.2371326676010904,13.270523750717397,0.1874408800000012,-0.0515313599999994,-0.0051638799999988,13.273710804205663,1.0,0.0,0.0,0.0,3464.32,0.0,0.0,0.0,0.0,0.0,12.173476805824379,0.0,0.0
91.2295729999896,571411.046876,-0.1093764999998978,-0.2683099999999907,13.489145999999993,-0.1543067991221433,-0.244585834123959,13.322786978650417,0.1870408800000012,-0.0515313599999994,-0.0051638799999988,13.325925322355912,1.0,0.0,0.0,0.0,3464.81,0.0,0.0,0.0,0.0,0.0,12.197688063408886,0.0,0.0
91.34017119999044,571411.1574742,-0.1393764999998978,-0.2833099999999907,13.709145999999992,-0.1507376032663022,-0.2538431257049229,13.415148893611187,0.1890408800000012,-0.0515313599999994,-0.0047638799999988,13.418396997974968,1.0,0.0,0.0,0.0,3467.74,0.0,0.0,0.0,0.0,0.0,12.3447645204852,0.0,0.0
91.45107830001508,571411.2683813,-0.1543764999998977,-0.2933099999999906,13.869145999999992,-0.1516075078164416,-0.2632779670984939,13.523680181391782,0.1922408800000012,-0.0519313599999994,-0.0063638799999988,13.527092288180588,1.0,0.0,0.0,0.0,3467.25,0.0,0.0,0.0,0.0,0.0,12.319889359433327,0.0,0.0
91.56200989999344,571411.3793129,-0.0593764999998978,-0.2083099999999906,14.064145999999992,-0.1295590191570029,-0.250137477496402,13.652882439444738,0.1954408800000012,-0.0511313599999994,-0.0043638799999988,13.655788267338934,1.0,0.0,0.0,0.0,3466.28,0.0,0.0,0.0,0.0,0.0,12.270979269127832,0.0,0.0
91.67441119998692,571411.4917142,0.0506235000001022,0.0016900000000092,14.534145999999993,-0.0864850863841257,-0.1899362998972268,13.863554859500349,0.2002408800000012,-0.0511313599999994,-0.0055638799999988,13.86512563270024,1.0,0.0,0.0,0.0,3470.19,0.0,0.0,0.0,0.0,0.0,12.470865013753047,0.0,0.0
91.78444900002796,571411.601752,0.0906235000001023,-0.0683099999999906,15.219145999999991,-0.0441459994454984,-0.1608606543257526,14.187618713899438,0.2122408800000012,-0.0543313599999994,-0.0059638799999988,14.188599289231009,1.0,0.0,0.0,0.0,3475.56,0.0,0.0,0.0,0.0,0.0,12.757742719793523,0.0,0.0
91.89522019994912,571411.7125232,0.0856235000001022,0.0116900000000093,15.844145999999991,-0.0131236631986843,-0.1196111739704283,14.583623527749983,0.2198408800000012,-0.0567313599999994,-0.0067638799999988,14.584119934456698,1.0,0.0,0.0,0.0,3482.4,0.0,0.0,0.0,0.0,0.0,13.145644579750062,0.0,0.0
92.0059973000316,571411.8233003,0.0256235000001021,0.1966900000000093,16.104145999999993,-0.0038608739415922,-0.0439970934962542,14.947115408403732,0.2226408800000012,-0.0591313599999994,-0.0083638799999988,14.947180660001536,1.0,0.0,0.0,0.0,3490.22,0.0,0.0,0.0,0.0,0.0,13.623471630645756,0.0,0.0
92.11604480003008,571411.9333478,-0.0893764999998978,0.2266900000000093,16.169145999999994,-0.0243040020824205,0.0207126115422092,15.23925064879806,0.2218408800000012,-0.0611313599999994,-0.0095638799999988,15.239284105025613,1.0,0.0,0.0,0.0,3496.09,0.0,0.0,0.0,0.0,0.0,14.009106779272305,0.0,0.0
92.22602089995053,571412.0433239,-0.0393764999998977,0.1566900000000093,16.12914599999999,-0.0279071915874505,0.053218988500763,15.451986560760451,0.2210408800000012,-0.0607313599999994,-0.0111638799999988,15.452103408468409,1.0,0.0,0.0,0.0,3499.02,0.0,0.0,0.0,0.0,0.0,14.211101865475934,0.0,0.0
92.33690240001306,571412.1542054,-0.0643764999998977,0.2416900000000093,15.949145999999992,-0.036625443203532,0.0982743452408709,15.570836115996904,0.2178408800000012,-0.0603313599999994,-0.0091638799999988,15.571189312999053,1.0,0.0,0.0,0.0,3501.96,0.0,0.0,0.0,0.0,0.0,14.420603026702437,0.0,0.0
92.4393390000332,571412.256642,-0.0343764999998976,0.2816900000000093,15.869145999999994,-0.0360878170852131,0.1421211824343271,15.642149248642308,0.2166408800000012,-0.0595313599999994,-0.0091638799999988,15.642836503583348,1.0,0.0,0.0,0.0,3501.96,0.0,0.0,0.0,0.0,0.0,14.420603026702437,0.0,0.0
92.55102180002724,571412.3683248,-0.0343764999998976,0.3016900000000093,15.809145999999991,-0.03567871437408,0.1802672609364195,15.68207102837388,0.2158408800000012,-0.0607313599999994,-0.0095638799999988,15.683147674972275,1.0,0.0,0.0,0.0,3501.96,0.0,0.0,0.0,0.0,0.0,14.420603026702437,0.0,0.0
92.6618518999312,571412.4791549,-0.1793764999998977,0.3466900000000093,15.959145999999992,-0.0700307080447918,0.2200518188826473,15.748307801822827,0.2178408800000012,-0.0615313599999994,-0.0111638799999988,15.750000816635426,1.0,0.0,0.0,0.0,3502.93,0.0,0.0,0.0,0.0,0.0,14.491285034061361,0.0,0.0
92.77225309994536,571412.5895561,-0.1443764999998977,0.3216900000000093,16.069145999999993,-0.0878036066567173,0.2443491602734041,15.825006490707317,0.2198408800000012,-0.0607313599999994,-0.0083638799999988,15.827136393435072,1.0,0.0,0.0,0.0,3504.4,0.0,0.0,0.0,0.0,0.0,14.599926382506947,0.0,0.0
92.88271489995532,571412.7000179,-0.0943764999998977,0.2766900000000093,16.209145999999993,-0.0893749042904272,0.2520804716276846,15.916837815277995,0.2222408800000012,-0.0615313599999994,-0.0091638799999988,15.91908472480615,1.0,0.0,0.0,0.0,3505.38,0.0,0.0,0.0,0.0,0.0,14.673396772882489,0.0,0.0
92.99280300003012,571412.810106,-0.0893764999998978,0.4966900000000093,16.36414599999999,-0.0893752857563029,0.3105561463490924,16.02377006801597,0.2210408800000012,-0.0627313599999994,-0.0111638799999988,16.027028428700802,1.0,0.0,0.0,0.0,3506.84,0.0,0.0,0.0,0.0,0.0,14.78443802653761,0.0,0.0
93.10686790000182,571412.9241709,-0.0943764999998977,0.4916900000000093,16.12914599999999,-0.0905708621480589,0.3538575025047853,16.04896094575146,0.2190408800000012,-0.0615313599999994,-0.0103638799999988,16.053117007341744,1.0,0.0,0.0,0.0,3509.78,0.0,0.0,0.0,0.0,0.0,15.01399755595419,0.0,0.0
93.21693789993878,571413.0342409,-0.1093764999998978,0.3866900000000093,15.909145999999993,-0.0950664857211476,0.3617063482001984,16.015537173000837,0.2170408800000012,-0.0611313599999994,-0.0095638799999988,16.01990324748584,1.0,0.0,0.0,0.0,3508.8,0.0,0.0,0.0,0.0,0.0,14.936574021193113,0.0,0.0
93.319367100019,571413.1366701,-0.0893764999998978,0.4216900000000093,15.779145999999994,-0.0937062535322411,0.3760458734614915,15.95902615549718,0.2146408800000012,-0.0591313599999994,-0.0095638799999988,15.963730992244312,1.0,0.0,0.0,0.0,3509.29,0.0,0.0,0.0,0.0,0.0,14.975171051646807,0.0,0.0
93.429183500004,571413.2464865,-0.2193764999998977,0.2766900000000093,15.899145999999991,-0.12374863374327,0.3522941342023747,15.944711371774645,0.2174408800000012,-0.0607313599999994,-0.0095638799999988,15.949082908134448,1.0,0.0,0.0,0.0,3510.26,0.0,0.0,0.0,0.0,0.0,15.052256277845574,0.0,0.0
93.54110479995144,571413.3584078,-0.1243764999998977,0.3566900000000093,16.009145999999994,-0.1238987297073783,0.3533449976753224,15.960114935102585,0.2174408800000012,-0.0595313599999994,-0.0083638799999988,15.96450664205724,1.0,0.0,0.0,0.0,3513.2,0.0,0.0,0.0,0.0,0.0,15.291566132685917,0.0,0.0
93.65192690002732,571413.4692299,-0.1093764999998978,0.2416900000000093,15.989145999999993,-0.1204270857928713,0.3266530639288043,15.96705502087542,0.2182408800000012,-0.0599313599999994,-0.0075638799999988,15.97085003833013,1.0,0.0,0.0,0.0,3514.17,0.0,0.0,0.0,0.0,0.0,15.372453445535804,0.0,0.0
93.76184960000684,571413.5791526,-0.0693764999998978,0.2166900000000093,15.904145999999994,-0.1082230744895038,0.3003655991662619,15.952016165004872,0.2162408800000012,-0.0575313599999994,-0.0067638799999988,15.955210793204555,1.0,0.0,0.0,0.0,3514.66,0.0,0.0,0.0,0.0,0.0,15.413689031172048,0.0,0.0
93.87452069995923,571413.6918237,-0.2593764999998977,0.2766900000000093,15.929145999999992,-0.1443573927312636,0.294705776162258,15.946548886855286,0.2174408800000012,-0.0607313599999994,-0.0083638799999988,15.949925139391882,1.0,0.0,0.0,0.0,3513.69,0.0,0.0,0.0,0.0,0.0,15.332304243959648,0.0,0.0
93.9845776000293,571413.8018806,-0.2543764999998978,0.0616900000000093,15.914145999999992,-0.1706582550590298,0.2390016716554213,15.938802742686686,0.2206408800000012,-0.0607313599999994,-0.0075638799999988,15.94150805003562,1.0,0.0,0.0,0.0,3514.17,0.0,0.0,0.0,0.0,0.0,15.372453445535804,0.0,0.0
94.08917539997492,571413.9064784,-0.2943764999998977,-0.1783099999999906,15.894145999999992,-0.2002339952045807,0.1392403020491433,15.928127225764507,0.2222408800000012,-0.0619313599999994,-0.0095638799999988,15.929994301150607,1.0,0.0,0.0,0.0,3514.17,0.0,0.0,0.0,0.0,0.0,15.372453445535804,0.0,0.0
94.19939710001928,571414.0167001,-0.3193764999998978,0.0516900000000093,15.914145999999992,-0.2287158716149723,0.1183107699150002,15.924784912750567,0.2206408800000012,-0.0607313599999994,-0.0075638799999988,15.92686670081641,1.0,0.0,0.0,0.0,3517.11,0.0,0.0,0.0,0.0,0.0,15.623742643953578,0.0,0.0
94.31104729999788,571414.1283503,-0.2143764999998978,0.0866900000000093,15.924145999999991,-0.2252879412483507,0.1107515964506901,15.924632176042286,0.2206408800000012,-0.0603313599999994,-0.0083638799999988,15.926610766727162,1.0,0.0,0.0,0.0,3517.11,0.0,0.0,0.0,0.0,0.0,15.623742643953578,0.0,0.0
94.42190640000626,571414.2392094,-0.2543764999998978,0.0116900000000093,15.824145999999992,-0.2322417713423319,0.0870702062367479,15.90061022978636,0.2202408800000012,-0.0607313599999994,-0.0067638799999988,15.902544549246104,1.0,0.0,0.0,0.0,3520.04,0.0,0.0,0.0,0.0,0.0,15.883776452852548,0.0,0.0
94.53438780002762,571414.3516908,-0.1943764999998978,-0.0033099999999907,15.924145999999991,-0.2231898047039443,0.0654641650644317,15.90623662566917,0.2214408800000012,-0.0607313599999994,-0.0071638799999988,15.907937101887557,1.0,0.0,0.0,0.0,3518.08,0.0,0.0,0.0,0.0,0.0,15.708739414603302,0.0,0.0
94.64532659994438,571414.4626296,-0.3093764999998978,0.0066900000000093,15.934145999999991,-0.2437933567935753,0.0514137763440946,15.912908563209406,0.2222408800000012,-0.0611313599999994,-0.0071638799999988,15.91485901660074,1.0,0.0,0.0,0.0,3517.11,0.0,0.0,0.0,0.0,0.0,15.623742643953578,0.0,0.0
94.75517569994554,571414.5724787,-0.1693764999998976,0.0866900000000093,15.914145999999992,-0.2260034696186445,0.0598468124307472,15.913204381412957,0.2202408800000012,-0.0607313599999994,-0.0079638799999988,15.914921705552256,1.0,0.0,0.0,0.0,3517.6,0.0,0.0,0.0,0.0,0.0,15.66654661698314,0.0,0.0
94.8652636000188,571414.6825666,-0.2143764999998978,0.0116900000000093,15.824145999999992,-0.2232239585425811,0.0483345785531143,15.891914332013112,0.2202408800000012,-0.0607313599999994,-0.0075638799999988,15.893555495961094,1.0,0.0,0.0,0.0,3516.62,0.0,0.0,0.0,0.0,0.0,15.581206596726611,0.0,0.0
94.9760161000304,571414.7933191,-0.2843764999998976,0.0216900000000093,15.914145999999992,-0.2378429153201047,0.0419649995799321,15.897228972838288,0.2206408800000012,-0.0619313599999994,-0.0067638799999988,15.899063473312092,1.0,0.0,0.0,0.0,3518.57,0.0,0.0,0.0,0.0,0.0,15.752081755838095,0.0,0.0
95.08593329996802,571414.9032363,-0.2593764999998977,0.0866900000000093,15.979145999999991,-0.2429906742880416,0.0526568340063426,15.916811829918007,0.2202408800000012,-0.0615313599999994,-0.0095638799999988,15.918753595648637,1.0,0.0,0.0,0.0,3519.55,0.0,0.0,0.0,0.0,0.0,15.839597447144504,0.0,0.0
95.19770289992448,571415.0150059,-0.2193764999998977,0.0316900000000093,15.874145999999993,-0.237345535344859,0.0476445608808824,15.90661225507476,0.2210408800000012,-0.0615313599999994,-0.0071638799999988,15.908454241082763,1.0,0.0,0.0,0.0,3519.55,0.0,0.0,0.0,0.0,0.0,15.839597447144504,0.0,0.0
95.30019129998982,571415.1174943,-0.1893764999998977,0.0266900000000093,15.864145999999993,-0.2258781909360096,0.0426352217347197,15.896460390039442,0.2202408800000012,-0.0603313599999994,-0.0083638799999988,15.89812226809713,1.0,0.0,0.0,0.0,3518.57,0.0,0.0,0.0,0.0,0.0,15.752081755838095,0.0,0.0
95.411042099935,571415.2283451,-0.2343764999998978,0.0716900000000093,15.824145999999992,-0.2279097731062082,0.049580976359444,15.87917311272951,0.2202408800000012,-0.0607313599999994,-0.0087638799999988,15.8808859917174,1.0,0.0,0.0,0.0,3520.53,0.0,0.0,0.0,0.0,0.0,15.928240068506431,0.0,0.0
95.52110459993128,571415.3384076,-0.2543764999998978,0.1366900000000093,16.009145999999994,-0.234236835355476,0.0704050177023954,15.910244070305056,0.2206408800000012,-0.0607313599999994,-0.0083638799999988,15.912123998330085,1.0,0.0,0.0,0.0,3522.48,0.0,0.0,0.0,0.0,0.0,16.108065573372173,0.0,0.0
95.63190789998043,571415.4492109,-0.2893764999998978,0.0716900000000093,16.209145999999993,-0.2474183704961959,0.0707122020028518,15.981698735749806,0.2222408800000012,-0.0619313599999994,-0.0075638799999988,15.98377022313065,1.0,0.0,0.0,0.0,3523.95,0.0,0.0,0.0,0.0,0.0,16.24675285087051,0.0,0.0
95.74195299996065,571415.559256,-0.2843764999998976,-0.0733099999999906,16.09414599999999,-0.2562534783251951,0.0362826542537546,16.00858006654407,0.2214408800000012,-0.0607313599999994,-0.0071638799999988,16.01067200410731,1.0,0.0,0.0,0.0,3526.88,0.0,0.0,0.0,0.0,0.0,16.53157391681959,0.0,0.0
95.85276379995048,571415.6700668,-0.2793764999998978,0.1466900000000093,15.989145999999993,-0.2617812036882393,0.0626763277940796,16.003934212552576,0.2202408800000012,-0.0611313599999994,-0.0079638799999988,16.006197799614405,1.0,0.0,0.0,0.0,3528.35,0.0,0.0,0.0,0.0,0.0,16.6788628287197,0.0,0.0
95.96402059996036,571415.7813236,-0.3693764999998978,0.1416900000000093,16.119145999999994,-0.2875026364980737,0.0815651168989141,16.03147642258698,0.2210408800000012,-0.0619313599999994,-0.0107638799999988,16.03426165815721,1.0,0.0,0.0,0.0,3530.3,0.0,0.0,0.0,0.0,0.0,16.87899141625127,0.0,0.0
96.07525919994804,571415.8925622,-0.2643764999998979,0.1316900000000093,16.179145999999992,-0.281974166513978,0.0935478322868722,16.066777901775097,0.2206408800000012,-0.0623313599999994,-0.0103638799999988,16.069524348047004,1.0,0.0,0.0,0.0,3528.35,0.0,0.0,0.0,0.0,0.0,16.6788628287197,0.0,0.0
96.18605639995076,571416.0033594,-0.3693764999998978,0.1916900000000093,16.049145999999993,-0.3028683256942174,0.1170094264195093,16.062562868289763,0.2202408800000012,-0.0627313599999994,-0.0087638799999988,16.065844090067007,1.0,0.0,0.0,0.0,3526.88,0.0,0.0,0.0,0.0,0.0,16.53157391681959,0.0,0.0
96.29602549993432,571416.1133285,-0.3343764999998977,0.2616900000000093,15.999145999999993,-0.3104005823647749,0.1515963626500655,16.047402607826328,0.2206408800000012,-0.0639313599999994,-0.0115638799999988,16.051120223721842,1.0,0.0,0.0,0.0,3527.37,0.0,0.0,0.0,0.0,0.0,16.58033591307526,0.0,0.0
96.40687810000964,571416.2241811,-0.2943764999998977,0.1866900000000093,16.089145999999992,-0.3065699097237184,0.1599857501613434,16.057381667263456,0.2218408800000012,-0.0635313599999994,-0.0095638799999988,16.061104773893085,1.0,0.0,0.0,0.0,3529.81,0.0,0.0,0.0,0.0,0.0,16.82818244969564,0.0,0.0
96.51685719995294,571416.3341602,-0.2143764999998978,0.1816900000000093,16.009145999999994,-0.2845304091599392,0.1651743078683276,16.045850582568445,0.2202408800000012,-0.0619313599999994,-0.0091638799999988,16.049223066049915,1.0,0.0,0.0,0.0,3529.81,0.0,0.0,0.0,0.0,0.0,16.82818244969564,0.0,0.0
96.62688929995056,571416.4441923,-0.1793764999998977,0.2466900000000093,15.919145999999994,-0.2593926075843291,0.1846612229100311,16.015560936840878,0.2186408800000012,-0.0611313599999994,-0.0091638799999988,16.01872580493778,1.0,0.0,0.0,0.0,3529.33,0.0,0.0,0.0,0.0,0.0,16.778751472930864,0.0,0.0
96.73698409995995,571416.5542871,-0.2793764999998978,0.2666900000000093,15.899145999999991,-0.2641699014221297,0.2042707946173413,15.98773110525288,0.2166408800000012,-0.0611313599999994,-0.0079638799999988,15.991218158358716,1.0,0.0,0.0,0.0,3527.86,0.0,0.0,0.0,0.0,0.0,16.62943100583437,0.0,0.0
96.84705690003466,571416.6643599,-0.2393764999998977,0.4116900000000093,15.889145999999991,-0.2582428597142656,0.253855853979657,15.964163623701758,0.2158408800000012,-0.0623313599999994,-0.0099638799999988,15.96827017474077,1.0,0.0,0.0,0.0,3529.32,0.0,0.0,0.0,0.0,0.0,16.77772522403886,0.0,0.0
96.94928449997678,571416.7665875,-0.1693764999998976,0.3016900000000093,15.889145999999991,-0.2369987144885601,0.2652909521210707,15.946230118857745,0.2158408800000012,-0.0615313599999994,-0.0095638799999988,15.950197575061958,1.0,0.0,0.0,0.0,3530.3,0.0,0.0,0.0,0.0,0.0,16.87899141625127,0.0,0.0
97.06536250002682,571416.8826655,-0.2093764999998977,0.2566900000000093,15.899145999999991,-0.2303954245829215,0.2632348323866013,15.934974320127452,0.2166408800000012,-0.0599313599999994,-0.0083638799999988,15.93881367015035,1.0,0.0,0.0,0.0,3527.86,0.0,0.0,0.0,0.0,0.0,16.62943100583437,0.0,0.0
97.16924019996075,571416.9865432,-0.1693764999998976,0.3566900000000093,15.879145999999992,-0.2158084098843938,0.2855759652883341,15.921628156918931,0.2162408800000012,-0.0603313599999994,-0.0075638799999988,15.925651323224455,1.0,0.0,0.0,0.0,3529.81,0.0,0.0,0.0,0.0,0.0,16.82818244969564,0.0,0.0
97.28027059999296,571417.0975736,-0.1543764999998977,0.3116900000000093,16.019145999999992,-0.2011226680663042,0.2918187139237803,15.944940501738392,0.2178408800000012,-0.0611313599999994,-0.0095638799999988,15.948878834996007,1.0,0.0,0.0,0.0,3529.32,0.0,0.0,0.0,0.0,0.0,16.77772522403886,0.0,0.0
97.39107429992872,571417.2083773,-0.2693764999998977,0.4216900000000093,16.109145999999992,-0.2174392396291396,0.3228653829999131,15.98419501225442,0.2186408800000012,-0.0619313599999994,-0.0095638799999988,15.988934050406527,1.0,0.0,0.0,0.0,3530.79,0.0,0.0,0.0,0.0,0.0,16.930156039312692,0.0,0.0
97.5018648999976,571417.3191679,-0.1993764999998977,0.3816900000000093,16.029145999999994,-0.2131212112425703,0.3369278326199181,15.994940870583434,0.2182408800000012,-0.0615313599999994,-0.0103638799999988,15.99990857688055,1.0,0.0,0.0,0.0,3530.3,0.0,0.0,0.0,0.0,0.0,16.87899141625127,0.0,0.0
97.612736399984,571417.4300394,-0.2643764999998979,0.4216900000000093,15.879145999999992,-0.2253741582682611,0.3571908410210272,15.967259270313397,0.2166408800000012,-0.0619313599999994,-0.0103638799999988,15.972844061516833,1.0,0.0,0.0,0.0,3529.81,0.0,0.0,0.0,0.0,0.0,16.82818244969564,0.0,0.0
97.7243663999252,571417.5416694,-0.1693764999998976,0.2516900000000093,15.514145999999991,-0.2119875135539261,0.3319701028779501,15.858939269931112,0.2118408800000012,-0.0599313599999994,-0.0083638799999988,15.863829853552728,1.0,0.0,0.0,0.0,3528.35,0.0,0.0,0.0,0.0,0.0,16.6788628287197,0.0,0.0
97.83519270003308,571417.6524957,-0.2843764999998976,0.2566900000000093,15.294145999999994,-0.2292926236736918,0.3139738504908225,15.723921358907376,0.2090408800000012,-0.0595313599999994,-0.0091638799999988,15.728727144532924,1.0,0.0,0.0,0.0,3526.88,0.0,0.0,0.0,0.0,0.0,16.53157391681959,0.0,0.0
97.9452358999988,571417.7625389,-0.2593764999998977,0.3916900000000093,15.124145999999993,-0.2364843916236819,0.3325524574222018,15.580540726816874,0.2046408800000012,-0.0587313599999994,-0.0079638799999988,15.585883527872856,1.0,0.0,0.0,0.0,3523.95,0.0,0.0,0.0,0.0,0.0,16.24675285087051,0.0,0.0
98.0562216999242,571417.8735247,-0.2393764999998977,0.3516900000000093,15.104145999999991,-0.2371757710224812,0.3371274252175838,15.46665512608126,0.2046408800000012,-0.0599313599999994,-0.0079638799999988,15.47214684639238,1.0,0.0,0.0,0.0,3519.55,0.0,0.0,0.0,0.0,0.0,15.839597447144504,0.0,0.0
98.1669366999995,571417.9842397,-0.1793764999998977,0.2116900000000093,14.769145999999992,-0.2233584377651007,0.3071407026081971,15.299910530957153,0.2030408800000012,-0.0575313599999994,-0.0075638799999988,15.30462304855017,1.0,0.0,0.0,0.0,3512.71,0.0,0.0,0.0,0.0,0.0,15.251075702187933,0.0,0.0
98.26913139992394,571418.0864344,-0.1193764999998978,0.1266900000000093,14.529145999999992,-0.1985008044172919,0.2640026586440857,15.115653702128938,0.2006408800000012,-0.0551313599999994,-0.0059638799999988,15.119262112147196,1.0,0.0,0.0,0.0,3505.86,0.0,0.0,0.0,0.0,0.0,14.709692230946322,0.0,0.0
98.37938910000958,571418.1966921,-0.0343764999998976,0.1716900000000093,14.299145999999991,-0.1592657038762342,0.2419346507645116,14.92046163780125,0.1970408800000012,-0.0539313599999994,-0.0067638799999988,14.92327287912308,1.0,0.0,0.0,0.0,3505.38,0.0,0.0,0.0,0.0,0.0,14.673396772882489,0.0,0.0
98.49032320000696,571418.3076262,-0.0593764999998978,0.1016900000000093,13.794145999999992,-0.1353864681288752,0.2084081539264991,14.65120774851918,0.1906408800000012,-0.0519313599999994,-0.0063638799999988,14.653315390881476,1.0,0.0,0.0,0.0,3490.22,0.0,0.0,0.0,0.0,0.0,13.623471630645756,0.0,0.0
98.60121999995316,571418.418523,-0.1293764999998978,0.1066900000000093,13.304145999999992,-0.1339497418339731,0.1840916944580278,14.329182906886023,0.1870408800000012,-0.0511313599999994,-0.0063638799999988,14.330991419448289,1.0,0.0,0.0,0.0,3465.79,0.0,0.0,0.0,0.0,0.0,12.246438506007511,0.0,0.0
98.71192100003827,571418.529224,-0.2193764999998977,-0.1133099999999907,13.644145999999992,-0.1543716254631807,0.1129956710837797,14.165419885854996,0.1914408800000012,-0.0527313599999994,-0.0071638799999988,14.166711656662176,1.0,0.0,0.0,0.0,3460.9,0.0,0.0,0.0,0.0,0.0,12.007464895728091,0.0,0.0
98.8219029000029,571418.6392059,-0.0393764999998977,-0.0333099999999906,13.724145999999992,-0.1268812100411656,0.078020243555995,14.059930175850598,0.1914408800000012,-0.0515313599999994,-0.0071638799999988,14.060719133446208,1.0,0.0,0.0,0.0,3474.1,0.0,0.0,0.0,0.0,0.0,12.678274230743462,0.0,0.0
98.93441530002748,571418.7517183,-0.1643764999998977,-0.0083099999999907,13.744145999999992,-0.1358447299571778,0.0573823752178665,13.984439687511562,0.1898408800000012,-0.0523313599999994,-0.0055638799999988,13.98521719178116,1.0,0.0,0.0,0.0,3479.47,0.0,0.0,0.0,0.0,0.0,12.976245060360469,0.0,0.0
99.04436699999496,571418.86167,-0.0793764999998978,0.0116900000000093,13.424145999999991,-0.1223455916813805,0.0464592828581077,13.850497434168451,0.1858408800000012,-0.0515313599999994,-0.0067638799999988,13.85111569811885,1.0,0.0,0.0,0.0,3478.01,0.0,0.0,0.0,0.0,0.0,12.893668600086896,0.0,0.0
99.15521300002,571418.972516,-0.0493764999998977,-0.0733099999999906,12.614145999999993,-0.1049018032146115,0.0178275706242075,13.55493869290905,0.1778408800000012,-0.0479313599999994,-0.0055638799999988,13.555356328002407,1.0,0.0,0.0,0.0,3464.32,0.0,0.0,0.0,0.0,0.0,12.173476805824379,0.0,0.0
99.2660976999905,571419.0834007,0.0556235000001021,-0.0183099999999907,12.464145999999992,-0.0665270699088381,0.0091886233227515,13.294176820207383,0.1750408800000012,-0.0463313599999994,-0.0047638799999988,13.294346452863657,1.0,0.0,0.0,0.0,3444.28,0.0,0.0,0.0,0.0,0.0,11.268033518635155,0.0,0.0
99.37694560003,571419.1942486,0.0456235000001021,0.1016900000000093,12.629145999999992,-0.0397166660400504,0.0313017456113832,13.135196398713068,0.1762408800000012,-0.0483313599999994,-0.0067638799999988,13.135293740362428,1.0,0.0,0.0,0.0,3444.28,0.0,0.0,0.0,0.0,0.0,11.268033518635155,0.0,0.0
99.48691810003947,571419.3042211,0.0556235000001021,0.0866900000000093,12.929145999999992,-0.0169249106479095,0.0445427079261707,13.085938562472844,0.1794408800000012,-0.0471313599999994,-0.0051638799999988,13.08602531581854,1.0,0.0,0.0,0.0,3449.66,0.0,0.0,0.0,0.0,0.0,11.49597750568103,0.0,0.0
99.58936849993188,571419.4066715,0.0606235000001023,-0.0083099999999907,12.949145999999992,0.0016135970970256,0.0319078863090359,13.053237312277492,0.1818408800000012,-0.0487313599999994,-0.0047638799999988,13.05327641044721,1.0,0.0,0.0,0.0,3459.92,0.0,0.0,0.0,0.0,0.0,11.960830547130241,0.0,0.0
99.69938659993932,571419.5166896,0.0056235000001021,-0.0433099999999906,12.754145999999992,0.0025721933519835,0.0139265072421356,12.981737373558357,0.1802408800000012,-0.0479313599999994,-0.0039638799999988,12.981745098399692,1.0,0.0,0.0,0.0,3452.59,0.0,0.0,0.0,0.0,0.0,11.624539481330224,0.0,0.0
99.81030789995566,571419.6276109,0.1106235000001023,0.0166900000000093,12.829145999999993,0.0284026387267899,0.0145871401483011,12.945259303448552,0.1806408800000012,-0.0471313599999994,-0.0055638799999988,12.945298680527443,1.0,0.0,0.0,0.0,3452.1,0.0,0.0,0.0,0.0,0.0,11.602814509888843,0.0,0.0
99.92107989999931,571419.7383829,0.0256235000001021,-0.0033099999999907,12.769145999999992,0.027738265538759,0.0103086995138791,12.903158146085232,0.1798408800000012,-0.0479313599999994,-0.0047638799999988,12.903192078844151,1.0,0.0,0.0,0.0,3453.08,0.0,0.0,0.0,0.0,0.0,11.646356174338875,0.0,0.0
100.03277659998275,571419.8500796,0.2056235000001023,0.0216900000000093,12.829145999999993,0.070263015810424,0.0130294816091723,12.885465007928628,0.1794408800000012,-0.0475313599999994,-0.0059638799999988,12.88566316218668,1.0,0.0,0.0,0.0,3452.1,0.0,0.0,0.0,0.0,0.0,11.602814509888843,0.0,0.0
100.1427436999511,571419.9600467,-0.0843764999998977,0.1316900000000093,12.979145999999991,0.0332953225003074,0.0413961356878908,12.9078601257983,0.1814408800000012,-0.0479313599999994,-0.0035638799999988,12.907969447040228,1.0,0.0,0.0,0.0,3455.03,0.0,0.0,0.0,0.0,0.0,11.734098834079312,0.0,0.0
100.25439210003242,571420.0716951,-0.0593764999998978,0.0466900000000093,13.059145999999991,0.0111414539064658,0.0426616721925176,12.944026106856471,0.1838408800000012,-0.0487313599999994,-0.0051638799999988,12.9441012049988,1.0,0.0,0.0,0.0,3459.43,0.0,0.0,0.0,0.0,0.0,11.937666154438961,0.0,0.0
100.365273399977,571420.1825764,0.0656235000001022,0.0916900000000093,13.149145999999991,0.0241657805822401,0.0543822481164512,12.993061499018683,0.1846408800000012,-0.0495313599999994,-0.0051638799999988,12.99319777926677,1.0,0.0,0.0,0.0,3460.41,0.0,0.0,0.0,0.0,0.0,11.984096556654602,0.0,0.0
100.47689559997524,571420.2941986,0.0206235000001022,-0.0033099999999907,13.149145999999991,0.0233189728210241,0.0405904994578757,13.030374626471936,0.1846408800000012,-0.0495313599999994,-0.0055638799999988,13.030458712928848,1.0,0.0,0.0,0.0,3460.41,0.0,0.0,0.0,0.0,0.0,11.984096556654602,0.0,0.0
100.58699680003338,571420.4042998,0.1356235000001022,0.1566900000000093,13.139145999999991,0.0501661812873656,0.0683449237200657,13.056377209035874,0.1846408800000012,-0.0483313599999994,-0.0051638799999988,13.056652461445648,1.0,0.0,0.0,0.0,3461.39,0.0,0.0,0.0,0.0,0.0,12.030936283933332,0.0,0.0
100.6969355000183,571420.5142385,0.0206235000001022,0.1416900000000093,13.229145999999991,0.043103789920817,0.0858785940210632,13.097678836530331,0.1854408800000012,-0.0487313599999994,-0.0047638799999988,13.09803130147852,1.0,0.0,0.0,0.0,3463.34,0.0,0.0,0.0,0.0,0.0,12.12537833048885,0.0,0.0
100.80195420002563,571420.6192572,0.1356235000001022,0.1316900000000093,13.229145999999991,0.0652212949416367,0.0968301415440921,13.12910701162536,0.1846408800000012,-0.0483313599999994,-0.0047638799999988,13.129626072982258,1.0,0.0,0.0,0.0,3461.88,0.0,0.0,0.0,0.0,0.0,12.054511447803883,0.0,0.0
100.9119228000054,571420.7292258,0.0356235000001021,0.1016900000000093,13.269145999999992,0.058145728257915,0.0979919258137046,13.162584343383449,0.1862408800000012,-0.0487313599999994,-0.0063638799999988,13.163077525408806,1.0,0.0,0.0,0.0,3465.79,0.0,0.0,0.0,0.0,0.0,12.246438506007511,0.0,0.0
101.02209450001828,571420.8393975,0.1106235000001023,0.2416900000000093,13.279145999999992,0.0706909186718777,0.1323439884668853,13.190449249393662,0.1846408800000012,-0.0487313599999994,-0.0039638799999988,13.191302571698362,1.0,0.0,0.0,0.0,3465.3,0.0,0.0,0.0,0.0,0.0,12.222008368413292,0.0,0.0
101.13371019996704,571420.9510132,0.1206235000001021,0.1016900000000093,13.279145999999992,0.0826276629319179,0.1250159310913998,13.2116528483369,0.1866408800000012,-0.0487313599999994,-0.0047638799999988,13.212502688691371,1.0,0.0,0.0,0.0,3465.79,0.0,0.0,0.0,0.0,0.0,12.246438506007511,0.0,0.0
101.24451150000095,571421.0618145,0.0756235000001022,0.1216900000000093,13.099145999999992,0.0809532671877212,0.1242208432387716,13.18475727353629,0.1834408800000012,-0.0479313599999994,-0.0035638799999988,13.185590946614088,1.0,0.0,0.0,0.0,3464.81,0.0,0.0,0.0,0.0,0.0,12.197688063408886,0.0,0.0
101.3552831999259,571421.1725862,0.1106235000001023,0.1916900000000093,12.999145999999993,0.0880461506677317,0.1403498325334674,13.14038555781386,0.1814408800000012,-0.0475313599999994,-0.0035638799999988,13.141430013820514,1.0,0.0,0.0,0.0,3462.85,0.0,0.0,0.0,0.0,0.0,12.101489580368561,0.0,0.0
101.46612400002778,571421.283427,0.0506235000001022,0.2316900000000093,13.149145999999991,0.0790999956989756,0.1621853593721542,13.142479804800477,0.1838408800000012,-0.0487313599999994,-0.0035638799999988,13.1437185118863,1.0,0.0,0.0,0.0,3462.85,0.0,0.0,0.0,0.0,0.0,12.101489580368561,0.0,0.0
101.57616049994247,571421.3934635,0.0756235000001022,0.2716900000000093,13.119145999999992,0.0782689142893084,0.1883632347331354,13.136901690208598,0.1830408800000012,-0.0483313599999994,-0.0035638799999988,13.138485177117971,1.0,0.0,0.0,0.0,3463.34,0.0,0.0,0.0,0.0,0.0,12.12537833048885,0.0,0.0
101.68608250003308,571421.5033855,0.0706235000001023,0.1216900000000093,13.239145999999993,0.0764412227759773,0.1724245163486906,13.16134393103732,0.1846408800000012,-0.0483313599999994,-0.0035638799999988,13.162695299422168,1.0,0.0,0.0,0.0,3466.28,0.0,0.0,0.0,0.0,0.0,12.270979269127832,0.0,0.0
101.79607219994068,571421.6133752,0.0256235000001021,0.1966900000000093,13.179145999999992,0.0642928790589589,0.1782253554999454,13.16559964421806,0.1846408800000012,-0.0487313599999994,-0.0035638799999988,13.166962893677322,1.0,0.0,0.0,0.0,3466.76,0.0,0.0,0.0,0.0,0.0,12.295127233546909,0.0,0.0
101.9069045999786,571421.7242076,0.0606235000001023,0.2166900000000093,13.219145999999991,0.0634156874887734,0.1874206066213027,13.17840028736576,0.1850408800000012,-0.0495313599999994,-0.0039638799999988,13.17988551419351,1.0,0.0,0.0,0.0,3463.34,0.0,0.0,0.0,0.0,0.0,12.12537833048885,0.0,0.0
102.01689470000564,571421.8341977,0.0856235000001022,0.2066900000000093,13.319145999999993,0.0687246254901984,0.1920270943030785,13.212046566663208,0.1858408800000012,-0.0491313599999994,-0.0035638799999988,13.21362069830871,1.0,0.0,0.0,0.0,3464.81,0.0,0.0,0.0,0.0,0.0,12.197688063408886,0.0,0.0
102.11944089992905,571421.9367439,-0.0343764999998976,0.1866900000000093,13.394145999999992,0.0440775566793988,0.1907512233568384,13.255578751617778,0.1870408800000012,-0.0503313599999994,-0.0055638799999988,13.257024436145375,1.0,0.0,0.0,0.0,3471.65,0.0,0.0,0.0,0.0,0.0,12.547407881640806,0.0,0.0
102.23026690003462,571422.0475699,0.0456235000001021,0.1366900000000093,13.359145999999992,0.0444471255975057,0.1778274973961575,13.280337250473028,0.1878408800000012,-0.0495313599999994,-0.0047638799999988,13.281602149293043,1.0,0.0,0.0,0.0,3469.7,0.0,0.0,0.0,0.0,0.0,12.445412137526034,0.0,0.0
102.3420643999707,571422.1593674,-0.0843764999998977,0.0366900000000093,13.319145999999993,0.0136509073267276,0.1440875591212735,13.289614762386748,0.1878408800000012,-0.0503313599999994,-0.0055638799999988,13.290402857122585,1.0,0.0,0.0,0.0,3469.21,0.0,0.0,0.0,0.0,0.0,12.420076504340495,0.0,0.0
102.4529319999274,571422.270235,-0.0393764999998977,-0.0383099999999906,13.319145999999993,0.0009743225559515,0.1004841050443778,13.296674418060356,0.1874408800000012,-0.0503313599999994,-0.0055638799999988,13.297054131820769,1.0,0.0,0.0,0.0,3469.21,0.0,0.0,0.0,0.0,0.0,12.420076504340495,0.0,0.0
102.56289770000149,571422.3802007,-0.0843764999998977,0.1066900000000093,13.414145999999992,-0.0194294081171383,0.1019676690624906,13.324756848292,0.1882408800000012,-0.0503313599999994,-0.0055638799999988,13.32516116125949,1.0,0.0,0.0,0.0,3471.65,0.0,0.0,0.0,0.0,0.0,12.547407881640806,0.0,0.0
102.6738231999334,571422.4911262,-0.1193764999998978,0.0616900000000093,13.159145999999993,-0.0433224824105931,0.0923390013229037,13.285166378699502,0.1854408800000012,-0.0503313599999994,-0.0063638799999988,13.285557912198312,1.0,0.0,0.0,0.0,3471.65,0.0,0.0,0.0,0.0,0.0,12.547407881640806,0.0,0.0
102.7853745999746,571422.6026776,-0.0943764999998977,-0.0433099999999906,13.209145999999992,-0.0555273141096635,0.05991112768109,13.266993158029765,0.1874408800000012,-0.0527313599999994,-0.0063638799999988,13.267244630330776,1.0,0.0,0.0,0.0,3460.41,0.0,0.0,0.0,0.0,0.0,11.984096556654602,0.0,0.0
102.89564839995,571422.7129514,0.0056235000001021,0.0116900000000093,13.139145999999991,-0.0409087702670496,0.0483835187782743,13.23643037138465,0.1866408800000012,-0.0503313599999994,-0.0051638799999988,13.236582016097966,1.0,0.0,0.0,0.0,3464.81,0.0,0.0,0.0,0.0,0.0,12.197688063408886,0.0,0.0
103.006071300013,571422.8233743,0.0156235000001021,0.0916900000000093,13.069145999999993,-0.0273943226925752,0.0587362459434907,13.196439834007974,0.1854408800000012,-0.0491313599999994,-0.0031638799999988,13.19659898186255,1.0,0.0,0.0,0.0,3467.25,0.0,0.0,0.0,0.0,0.0,12.319889359433327,0.0,0.0
103.1169488999294,571422.9342519,0.0206235000001022,-0.1033099999999906,12.949145999999992,-0.0159153153158334,0.0199979202917073,13.13732245663398,0.1842408800000012,-0.0491313599999994,-0.0043638799999988,13.137347317615422,1.0,0.0,0.0,0.0,3466.28,0.0,0.0,0.0,0.0,0.0,12.270979269127832,0.0,0.0
103.22689459996764,571423.0441976,-0.0143764999998978,0.0466900000000093,12.879145999999992,-0.0155474503987563,0.0263788547591691,13.075603509709415,0.1826408800000012,-0.0491313599999994,-0.0035638799999988,13.075639361435352,1.0,0.0,0.0,0.0,3465.3,0.0,0.0,0.0,0.0,0.0,12.222008368413292,0.0,0.0
103.32921470003204,571423.1465177,0.0406235000001022,0.0066900000000093,13.049145999999991,-0.0021193789488314,0.0216720918043703,13.069278650894628,0.1846408800000012,-0.0495313599999994,-0.0043638799999988,13.069296791566885,1.0,0.0,0.0,0.0,3463.34,0.0,0.0,0.0,0.0,0.0,12.12537833048885,0.0,0.0
103.4394331999356,571423.2567362,0.0406235000001022,-0.1933099999999906,12.894145999999992,0.0080986150218283,-0.0297209301883982,13.027411925608176,0.1854408800000012,-0.0483313599999994,-0.0043638799999988,13.027448345732738,1.0,0.0,0.0,0.0,3463.34,0.0,0.0,0.0,0.0,0.0,12.12537833048885,0.0,0.0
103.54944299999624,571423.366746,0.0606235000001023,-0.2483099999999907,13.034145999999993,0.0206550681952052,-0.0819762263292004,13.02902175473587,0.1886408800000012,-0.0495313599999994,-0.0035638799999988,13.029296013941272,1.0,0.0,0.0,0.0,3463.34,0.0,0.0,0.0,0.0,0.0,12.12537833048885,0.0,0.0
103.66029259993228,571423.4775956,0.1106235000001023,-0.0533099999999906,13.109145999999992,0.0421626717150915,-0.0751233578515439,13.048176034352611,0.1882408800000012,-0.0495313599999994,-0.0039638799999988,13.048460408539963,1.0,0.0,0.0,0.0,3465.3,0.0,0.0,0.0,0.0,0.0,12.222008368413292,0.0,0.0
103.77027879992966,571423.5875818,0.0506235000001022,-0.1833099999999906,13.024145999999991,0.0441852938343529,-0.1009861561553147,13.042431481057005,0.1874408800000012,-0.0479313599999994,-0.0035638799999988,13.04289728097224,1.0,0.0,0.0,0.0,3464.81,0.0,0.0,0.0,0.0,0.0,12.197688063408886,0.0,0.0
103.88200169999618,571423.6993047,0.0906235000001023,-0.3583099999999907,12.874145999999993,0.0552866824697977,-0.1625012798336532,13.002201621181529,0.1882408800000012,-0.0475313599999994,-0.0031638799999988,13.003334583139113,1.0,0.0,0.0,0.0,3459.92,0.0,0.0,0.0,0.0,0.0,11.960830547130241,0.0,0.0
103.99287970003206,571423.8101827,0.0406235000001022,-0.2133099999999906,12.734145999999992,0.0517813427792954,-0.1746474714118302,12.93812098860863,0.1850408800000012,-0.0475313599999994,-0.0015638799999988,12.939403300098723,1.0,0.0,0.0,0.0,3456.5,0.0,0.0,0.0,0.0,0.0,11.801234311870612,0.0,0.0
104.10278169997036,571423.9200847,0.1656235000001023,-0.2433099999999907,12.564145999999992,0.0789961328143529,-0.1910617448622054,12.848719566132008,0.1830408800000012,-0.0459313599999994,-0.0039638799999988,12.850382852991302,1.0,0.0,0.0,0.0,3453.57,0.0,0.0,0.0,0.0,0.0,11.668265208180761,0.0,0.0
104.21363419992848,571424.0309372,0.1156235000001022,-0.1533099999999907,12.504145999999992,0.0877521695219474,-0.1820369175489853,12.766346766082854,0.1806408800000012,-0.0459313599999994,-0.0035638799999988,12.767946100860572,1.0,0.0,0.0,0.0,3452.1,0.0,0.0,0.0,0.0,0.0,11.602814509888843,0.0,0.0
104.3244441000279,571424.1417471,-0.0243764999998976,-0.1583099999999906,12.394145999999992,0.0609470010988947,-0.1763648265148829,12.677369484317314,0.1778408800000012,-0.0459313599999994,-0.0031638799999988,12.678742687304386,1.0,0.0,0.0,0.0,3451.12,0.0,0.0,0.0,0.0,0.0,11.559637282958548,0.0,0.0
104.43533919996116,571424.2526422,0.0806235000001023,-0.1233099999999907,12.284145999999993,0.0656508102965961,-0.163681686989086,12.583366569897894,0.1750408800000012,-0.0451313599999994,-0.0039638799999988,12.584602336028423,1.0,0.0,0.0,0.0,3449.66,0.0,0.0,0.0,0.0,0.0,11.49597750568103,0.0,0.0
104.54526479996277,571424.3625678,-0.0243764999998976,-0.1633099999999906,12.104145999999991,0.0441291314479784,-0.1635928325294206,12.46880543096097,0.1738408800000012,-0.0459313599999994,-0.0031638799999988,12.469956650696872,1.0,0.0,0.0,0.0,3440.86,0.0,0.0,0.0,0.0,0.0,11.128320129132865,0.0,0.0
104.65695430000778,571424.4742573,0.0056235000001021,-0.2433099999999907,11.889145999999991,0.0349240821006727,-0.1826497972590434,12.330233656755688,0.1718408800000012,-0.0451313599999994,-0.0039638799999988,12.331635847288878,1.0,0.0,0.0,0.0,3431.57,0.0,0.0,0.0,0.0,0.0,10.767631570358672,0.0,0.0
104.75922689994331,571424.5765299,0.0006235000001022,-0.1983099999999906,11.759145999999992,0.0267242801754798,-0.1863934818474747,12.193711027093338,0.1694408800000012,-0.0443313599999994,-0.0039638799999988,12.195164834043194,1.0,0.0,0.0,0.0,3430.6,0.0,0.0,0.0,0.0,0.0,10.731468060585826,0.0,0.0
104.87027600000148,571424.687579,-0.0993764999998978,-0.1083099999999906,11.824145999999992,-0.0034210222283876,-0.1677270614671596,12.105363837772794,0.1702408800000012,-0.0463313599999994,-0.0051638799999988,12.10652624477388,1.0,0.0,0.0,0.0,3423.75,0.0,0.0,0.0,0.0,0.0,10.48359328392466,0.0,0.0
104.98196340003052,571424.7992664,-0.0093764999998977,-0.2033099999999906,11.779145999999992,-0.00484472220972,-0.176233419960728,12.027379107182544,0.1702408800000012,-0.0455313599999994,-0.0039638799999988,12.028671160088114,1.0,0.0,0.0,0.0,3422.29,0.0,0.0,0.0,0.0,0.0,10.432399156286333,0.0,0.0
105.09363240003586,571424.9109354,-0.0043764999998978,-0.3033099999999906,11.549145999999991,-0.004732790308207,-0.2066119943708555,11.91305402834077,0.1690408800000012,-0.0455313599999994,-0.0055638799999988,11.91484650332048,1.0,0.0,0.0,0.0,3421.31,0.0,0.0,0.0,0.0,0.0,10.398346877320614,0.0,0.0
105.20449219993316,571425.0217952,-0.0593764999998978,-0.3833099999999907,11.389145999999991,-0.0177957638348911,-0.2488529290141023,11.787810029658274,0.1670408800000012,-0.0447313599999994,-0.0047638799999988,11.790449939031232,1.0,0.0,0.0,0.0,3411.53,0.0,0.0,0.0,0.0,0.0,10.071566643709433,0.0,0.0
105.31446399993727,571425.131767,-0.1593764999998976,-0.3233099999999906,11.099145999999992,-0.0516416615392549,-0.2666524296821727,11.623179918727615,0.1618408800000012,-0.0447313599999994,-0.0051638799999988,11.62635290203144,1.0,0.0,0.0,0.0,3403.23,0.0,0.0,0.0,0.0,0.0,9.811541524702822,0.0,0.0
105.4266348000383,571425.2439378,-0.1543764999998977,-0.2233099999999906,11.009145999999992,-0.0762011667897487,-0.2562911087778088,11.4763906749138,0.1602408800000012,-0.0443313599999994,-0.0043638799999988,11.479504983818208,1.0,0.0,0.0,0.0,3398.83,0.0,0.0,0.0,0.0,0.0,9.679618049765338,0.0,0.0
105.53051499999128,571425.347818,-0.1543764999998977,-0.0583099999999906,10.679145999999992,-0.0948895449018074,-0.2089622945860179,11.2858035763905,0.1526408800000012,-0.0435313599999994,-0.0083638799999988,11.28813676525754,1.0,0.0,0.0,0.0,3391.01,0.0,0.0,0.0,0.0,0.0,9.454553346820912,0.0,0.0
105.64115389995276,571425.4584569,-0.1093764999998978,0.0666900000000093,10.899145999999991,-0.0983527561661296,-0.1430656223603666,11.193370289690549,0.1534408800000012,-0.0427313599999994,-0.0071638799999988,11.194716587706624,1.0,0.0,0.0,0.0,3391.5,0.0,0.0,0.0,0.0,0.0,9.468317073253687,0.0,0.0
105.7511290999828,571425.5684321,-0.1343764999998977,0.0816900000000093,11.039145999999992,-0.1069644923510928,-0.0893361672880028,11.156501859183791,0.1570408800000012,-0.0447313599999994,-0.0079638799999988,11.157372275199076,1.0,0.0,0.0,0.0,3395.89,0.0,0.0,0.0,0.0,0.0,9.593628531820954,0.0,0.0
105.8628061999334,571425.6801092,-0.0993764999998978,0.0516900000000093,10.899145999999991,-0.105150527966837,-0.0556228432796742,11.094979082007368,0.1554408800000012,-0.0427313599999994,-0.0059638799999988,11.09561676358765,1.0,0.0,0.0,0.0,3395.89,0.0,0.0,0.0,0.0,0.0,9.593628531820954,0.0,0.0
105.97370129998308,571425.7910043,-0.0643764999998977,0.0666900000000093,10.779145999999992,-0.0954032020456359,-0.0263830745533038,11.019476902298278,0.1542408800000012,-0.0415313599999994,-0.0063638799999988,11.019921462418356,1.0,0.0,0.0,0.0,3392.47,0.0,0.0,0.0,0.0,0.0,9.49569424256155,0.0,0.0
106.08369110000784,571425.9009941,-0.0043764999998978,0.0516900000000093,10.604145999999991,-0.0736426113801444,-0.0077191421118385,10.920189049915129,0.1510408800000012,-0.0407313599999994,-0.0051638799999988,10.920440087526332,1.0,0.0,0.0,0.0,3389.05,0.0,0.0,0.0,0.0,0.0,9.399936066032872,0.0,0.0
106.19612219999544,571426.0134252,0.0356235000001021,0.1466900000000093,10.669145999999992,-0.0475217581588464,0.029193478701528,10.860175395395656,0.1518408800000012,-0.0411313599999994,-0.0043638799999988,10.86031860469362,1.0,0.0,0.0,0.0,3386.61,0.0,0.0,0.0,0.0,0.0,9.33290513713833,0.0,0.0
106.30612660001498,571426.1234296,-0.0543764999998976,0.0266900000000093,10.789145999999992,-0.0491604337119361,0.0285950040337744,10.843195305337623,0.1546408800000012,-0.0427313599999994,-0.0055638799999988,10.843344449578014,1.0,0.0,0.0,0.0,3385.14,0.0,0.0,0.0,0.0,0.0,9.293026474031821,0.0,0.0
106.41697389993352,571426.2342769,-0.1243764999998977,-0.0383099999999906,10.899145999999991,-0.0671413776896537,0.0126008795238006,10.8565707230627,0.1558408800000012,-0.0431313599999994,-0.0063638799999988,10.856785648230556,1.0,0.0,0.0,0.0,3390.03,0.0,0.0,0.0,0.0,0.0,9.427157627866373,0.0,0.0
106.52708299993536,571426.344386,-0.0843764999998977,0.1816900000000093,11.059145999999991,-0.0712615581777313,0.0530228552076163,10.904997806339496,0.1566408800000012,-0.0427313599999994,-0.0063638799999988,10.90535954423867,1.0,0.0,0.0,0.0,3391.98,0.0,0.0,0.0,0.0,0.0,9.4818427736539,0.0,0.0
106.6369810999604,571426.4542841,0.0956235000001022,0.2816900000000093,11.139145999999991,-0.0313664795076302,0.107687387972669,10.96097262342943,0.1558408800000012,-0.0431313599999994,-0.0063638799999988,10.961546482186469,1.0,0.0,0.0,0.0,3394.43,0.0,0.0,0.0,0.0,0.0,9.551549074989556,0.0,0.0
106.740106799989,571426.5574098,0.0856235000001022,0.2316900000000093,11.219145999999991,-0.0033991798162404,0.1373311081243983,11.022690834042589,0.1574408800000012,-0.0435313599999994,-0.0051638799999988,11.02354682534476,1.0,0.0,0.0,0.0,3396.87,0.0,0.0,0.0,0.0,0.0,9.622103859833462,0.0,0.0
106.85023600002752,571426.667539,-0.0893764999998978,0.0366900000000093,11.169145999999992,-0.0239526792728327,0.1132721242350788,11.057701999399807,0.1602408800000012,-0.0451313599999994,-0.0063638799999988,11.0583080899613,1.0,0.0,0.0,0.0,3398.83,0.0,0.0,0.0,0.0,0.0,9.679618049765338,0.0,0.0
106.9604088999331,571426.7777119,0.0106235000001022,0.0916900000000093,11.029145999999992,-0.0156869938527794,0.1081127615358221,11.05087548146586,0.1562408800000012,-0.0419313599999994,-0.0051638799999988,11.051415445898607,1.0,0.0,0.0,0.0,3397.36,0.0,0.0,0.0,0.0,0.0,9.636411595902317,0.0,0.0
107.07375209999736,571426.8910551,0.0756235000001022,0.1516900000000093,11.019145999999992,0.0061414392942112,0.1185302151756916,11.043290319720022,0.1558408800000012,-0.0419313599999994,-0.0043638799999988,11.043928115249942,1.0,0.0,0.0,0.0,3396.87,0.0,0.0,0.0,0.0,0.0,9.622103859833462,0.0,0.0
107.1853116999846,571427.0026147,0.1206235000001021,0.2266900000000093,11.019145999999992,0.0335092028797917,0.1443865930421224,11.037518445681783,0.1558408800000012,-0.0411313599999994,-0.0035638799999988,11.038513658717534,1.0,0.0,0.0,0.0,3397.85,0.0,0.0,0.0,0.0,0.0,9.650766374096312,0.0,0.0
107.29616339993665,571427.1134664,0.1006235000001023,0.2866900000000093,11.059145999999991,0.049553360413956,0.1784052504198167,11.042688668770584,0.1550408800000012,-0.0423313599999994,-0.0039638799999988,11.044240897603595,1.0,0.0,0.0,0.0,3400.78,0.0,0.0,0.0,0.0,0.0,9.737597620394988,0.0,0.0
107.40780139993876,571427.2251044,0.1006235000001023,0.2366900000000093,11.089145999999992,0.0617620461928304,0.1923386408333018,11.053794629390648,0.1554408800000012,-0.0419313599999994,-0.0051638799999988,11.055640389043642,1.0,0.0,0.0,0.0,3396.87,0.0,0.0,0.0,0.0,0.0,9.622103859833462,0.0,0.0
107.51029270002618,571427.3275957,0.1356235000001022,0.0866900000000093,11.029145999999992,0.0794191602718459,0.1670825700774521,11.047902196482708,0.1570408800000012,-0.0419313599999994,-0.0043638799999988,11.049450978726924,1.0,0.0,0.0,0.0,3400.29,0.0,0.0,0.0,0.0,0.0,9.72295631631709,0.0,0.0
107.6220137999626,571427.4393168,0.0106235000001022,0.0616900000000093,10.859145999999992,0.0629730607308187,0.1418877148855437,11.002778664212236,0.1558408800000012,-0.0423313599999994,-0.0047638799999988,11.003873684464812,1.0,0.0,0.0,0.0,3397.85,0.0,0.0,0.0,0.0,0.0,9.650766374096312,0.0,0.0
107.73277789994609,571427.5500809,0.0306235000001022,0.0516900000000093,10.959145999999992,0.0552396645575083,0.1203252995889794,10.99234796064692,0.1562408800000012,-0.0419313599999994,-0.0051638799999988,10.993145286322749,1.0,0.0,0.0,0.0,3395.89,0.0,0.0,0.0,0.0,0.0,9.593628531820954,0.0,0.0
107.84460199996828,571427.661905,0.0856235000001022,0.3016900000000093,11.009145999999992,0.0625031399010588,0.1636818413302245,10.996363653296768,0.1550408800000012,-0.0411313599999994,-0.0043638799999988,10.997759407407717,1.0,0.0,0.0,0.0,3397.36,0.0,0.0,0.0,0.0,0.0,9.636411595902317,0.0,0.0
107.95455080003012,571427.7718538,0.0356235000001021,0.1516900000000093,11.069145999999993,0.056077367814681,0.1608151050358433,11.01376279902751,0.1558408800000012,-0.0419313599999994,-0.0051638799999988,11.015079535002506,1.0,0.0,0.0,0.0,3399.8,0.0,0.0,0.0,0.0,0.0,9.708363562987932,0.0,0.0
108.06469389994164,571427.8819969,0.1306235000001021,0.0816900000000093,10.909145999999993,0.0738981592058432,0.1418996771080727,10.988753397508956,0.1546408800000012,-0.0407313599999994,-0.0043638799999988,10.989918001857976,1.0,0.0,0.0,0.0,3400.29,0.0,0.0,0.0,0.0,0.0,9.72295631631709,0.0,0.0
108.17450379999354,571427.9918068,-0.0143764999998978,0.0516900000000093,10.979145999999991,0.052795464260939,0.1203344021558024,10.986456679734337,0.1566408800000012,-0.0419313599999994,-0.0035638799999988,10.98724251598498,1.0,0.0,0.0,0.0,3401.27,0.0,0.0,0.0,0.0,0.0,9.7522877339656,0.0,0.0
108.28541320003568,571428.1027162,0.1056235000001022,0.0966900000000093,11.119145999999992,0.0654243878135496,0.1146820370225039,11.018177020239833,0.1586408800000012,-0.0415313599999994,-0.0039638799999988,11.01896806282138,1.0,0.0,0.0,0.0,3402.25,0.0,0.0,0.0,0.0,0.0,9.781815434046587,0.0,0.0
108.39626049995422,571428.2135635,0.0606235000001023,0.1216900000000093,11.249145999999993,0.0642767009020005,0.1163573411950729,11.07339182328149,0.1590408800000012,-0.0423313599999994,-0.0051638799999988,11.074189676768508,1.0,0.0,0.0,0.0,3404.69,0.0,0.0,0.0,0.0,0.0,9.856199900883865,0.0,0.0
108.50701289996503,571428.3243159,0.0506235000001022,0.1616900000000093,11.089145999999992,0.0610128046009937,0.1271944407478716,11.077157973028086,0.1570408800000012,-0.0415313599999994,-0.0031638799999988,11.07805622604896,1.0,0.0,0.0,0.0,3406.16,0.0,0.0,0.0,0.0,0.0,9.901621117273187,0.0,0.0
108.61952199996448,571428.436825,-0.0093764999998977,0.1016900000000093,10.919145999999992,0.0441857328712176,0.1210974199529443,11.039384069458745,0.1554408800000012,-0.0419313599999994,-0.0047638799999988,11.040136665690698,1.0,0.0,0.0,0.0,3401.76,0.0,0.0,0.0,0.0,0.0,9.767026917666527,0.0,0.0
108.72138659993652,571428.5386896,0.0256235000001021,0.0016900000000092,10.869145999999992,0.0397482970170336,0.0925522136604802,10.998687429221093,0.1566408800000012,-0.0423313599999994,-0.0051638799999988,10.999148649103496,1.0,0.0,0.0,0.0,3398.83,0.0,0.0,0.0,0.0,0.0,9.679618049765338,0.0,0.0
108.8319477000041,571428.6492507,0.1106235000001023,0.1216900000000093,10.919145999999992,0.05669152626501,0.0995178119649694,10.979672475989467,0.1570408800000012,-0.0419313599999994,-0.0043638799999988,10.980269823827156,1.0,0.0,0.0,0.0,3396.38,0.0,0.0,0.0,0.0,0.0,9.607842919887283,0.0,0.0
108.94280199997591,571428.760105,0.0206235000001022,0.1166900000000093,10.849145999999992,0.0480692040450038,0.1036229475599467,10.948469179031738,0.1546408800000012,-0.0415313599999994,-0.0043638799999988,10.949065061814476,1.0,0.0,0.0,0.0,3396.87,0.0,0.0,0.0,0.0,0.0,9.622103859833462,0.0,0.0
109.05361890001222,571428.8709219,-0.0293764999998977,0.0916900000000093,10.879145999999992,0.0295552490554545,0.1007702902467762,10.931896972320542,0.1550408800000012,-0.0423313599999994,-0.0059638799999988,10.932401363724908,1.0,0.0,0.0,0.0,3396.38,0.0,0.0,0.0,0.0,0.0,9.607842919887283,0.0,0.0
109.1636166999815,571428.9809197,0.0256235000001021,0.1216900000000093,10.949145999999992,0.0286153360423481,0.1057712979791255,10.936020476987576,0.1562408800000012,-0.0427313599999994,-0.0051638799999988,10.936569401691948,1.0,0.0,0.0,0.0,3396.87,0.0,0.0,0.0,0.0,0.0,9.622103859833462,0.0,0.0
109.27534419996664,571429.0926472,-0.0293764999998977,0.1616900000000093,10.819145999999993,0.0147519687260025,0.1191390676321514,10.908080789007974,0.1542408800000012,-0.0423313599999994,-0.0059638799999988,10.908741368166282,1.0,0.0,0.0,0.0,3394.92,0.0,0.0,0.0,0.0,0.0,9.565626188432613,0.0,0.0
109.38701639999636,571429.2043194,0.0856235000001022,-0.0183099999999907,10.694145999999993,0.0316943202254268,0.0862808751361337,10.856938132313989,0.1542408800000012,-0.0415313599999994,-0.0047638799999988,10.857327227648724,1.0,0.0,0.0,0.0,3389.05,0.0,0.0,0.0,0.0,0.0,9.399936066032872,0.0,0.0
109.4978398999665,571429.3151429,0.0856235000001022,0.1066900000000093,10.799145999999991,0.0445864802139624,0.0911598238624157,10.84312250561646,0.1538408800000012,-0.0419313599999994,-0.0031638799999988,10.843597361554451,1.0,0.0,0.0,0.0,3390.52,0.0,0.0,0.0,0.0,0.0,9.440833606487258,0.0,0.0
109.60876760003156,571429.4260706,-0.0093764999998977,-0.0183099999999907,10.829145999999993,0.0316862399862785,0.0649902717007177,10.839781320988006,0.1554408800000012,-0.0419313599999994,-0.0047638799999988,10.840022455699096,1.0,0.0,0.0,0.0,3393.45,0.0,0.0,0.0,0.0,0.0,9.523531403439362,0.0,0.0
109.71949309995398,571429.5367961,0.0706235000001023,0.1216900000000093,10.779145999999992,0.0409944732601907,0.0785447513274268,10.825286009499868,0.1534408800000012,-0.0411313599999994,-0.0043638799999988,10.825648572361498,1.0,0.0,0.0,0.0,3396.38,0.0,0.0,0.0,0.0,0.0,9.607842919887283,0.0,0.0
109.82952040003148,571429.6468234,0.0206235000001022,0.0416900000000093,10.669145999999992,0.0361246449503863,0.069734356798232,10.78795961233428,0.1526408800000012,-0.0427313599999994,-0.0059638799999988,10.788245476806988,1.0,0.0,0.0,0.0,3386.61,0.0,0.0,0.0,0.0,0.0,9.33290513713833,0.0,0.0
109.93217739998364,571429.7494804,-0.0143764999998978,0.0716900000000093,10.619145999999992,0.0240519814494105,0.070201867432422,10.747603498861952,0.1518408800000012,-0.0419313599999994,-0.0047638799999988,10.747859683153308,1.0,0.0,0.0,0.0,3388.56,0.0,0.0,0.0,0.0,0.0,9.386390041821684,0.0,0.0
110.04285410000011,571429.8601571,-0.0093764999998977,0.0766900000000093,10.604145999999991,0.0160606614846174,0.0717529023904475,10.71330894747788,0.1518408800000012,-0.0411313599999994,-0.0043638799999988,10.713561267289151,1.0,0.0,0.0,0.0,3385.14,0.0,0.0,0.0,0.0,0.0,9.293026474031821,0.0,0.0
110.15448150003796,571429.9717845,0.0056235000001021,0.1566900000000093,10.669145999999992,0.0135655826377528,0.0920577291265394,10.70275147586735,0.1518408800000012,-0.0419313599999994,-0.0043638799999988,10.70315597404359,1.0,0.0,0.0,0.0,3383.68,0.0,0.0,0.0,0.0,0.0,9.253787904623648,0.0,0.0
110.26535220001824,571430.0826552,-0.0093764999998977,0.1466900000000093,10.659145999999993,0.0080811120585491,0.1051179681210982,10.692327271872276,0.1510408800000012,-0.0419313599999994,-0.0063638799999988,10.692847028757946,1.0,0.0,0.0,0.0,3384.65,0.0,0.0,0.0,0.0,0.0,9.279816660175047,0.0,0.0
110.37536359997466,571430.1926666,0.0456235000001021,0.1516900000000093,10.479145999999991,0.0170558910875721,0.1162513487599791,10.641364748892691,0.1494408800000012,-0.0411313599999994,-0.0051638799999988,10.642013390260574,1.0,0.0,0.0,0.0,3382.21,0.0,0.0,0.0,0.0,0.0,9.214646407264938,0.0,0.0
110.4853521999903,571430.3026552,0.0306235000001022,0.1416900000000093,10.444145999999993,0.0202993260052372,0.1223326420978213,10.59421818233843,0.1482408800000012,-0.0407313599999994,-0.0055638799999988,10.594943899471534,1.0,0.0,0.0,0.0,3376.34,0.0,0.0,0.0,0.0,0.0,9.061899899380059,0.0,0.0
110.59615599992684,571430.413459,0.0356235000001021,0.1466900000000093,10.274145999999991,0.0239626804945767,0.1281554444524102,10.517702615073588,0.1470408800000012,-0.0411313599999994,-0.0055638799999988,10.51851065156684,1.0,0.0,0.0,0.0,3373.41,0.0,0.0,0.0,0.0,0.0,8.987711774695676,0.0,0.0
110.70620110002346,571430.5235041,0.0156235000001021,0.0366900000000093,10.154145999999992,0.0219691391583792,0.1062899692453016,10.430791780048796,0.1466408800000012,-0.0403313599999994,-0.0051638799999988,10.431356448677755,1.0,0.0,0.0,0.0,3369.5,0.0,0.0,0.0,0.0,0.0,8.890754162073627,0.0,0.0
110.81703969999216,571430.6343427,0.0956235000001022,0.1516900000000093,10.014145999999991,0.0395767461680213,0.1171431745493619,10.331189596641218,0.1430408800000012,-0.0403313599999994,-0.0043638799999988,10.33192950633755,1.0,0.0,0.0,0.0,3364.12,0.0,0.0,0.0,0.0,0.0,8.76101724009125,0.0,0.0
110.92781879997348,571430.7451218,0.1206235000001021,0.1166900000000093,9.764145999999991,0.0589515581217774,0.1170348398997826,10.195633728761948,0.1398408800000012,-0.0379313599999994,-0.0019638799999988,10.196475840751235,1.0,0.0,0.0,0.0,3354.35,0.0,0.0,0.0,0.0,0.0,8.535659190952098,0.0,0.0
111.03095809998922,571430.8482611,0.1456235000001022,0.1516900000000093,9.529145999999992,0.0796711119121567,0.1253194062571267,10.03630502275352,0.1362408800000012,-0.0367313599999994,-0.0011638799999988,10.03740359602051,1.0,0.0,0.0,0.0,3333.82,0.0,0.0,0.0,0.0,0.0,8.100742443926134,0.0,0.0
111.14199249993544,571430.9592955,0.1206235000001021,0.0416900000000093,9.419145999999992,0.0894610761086883,0.1053271925850899,9.888768700247777,0.1354408800000012,-0.0371313599999994,-0.0035638799999988,9.889734248635628,1.0,0.0,0.0,0.0,3329.91,0.0,0.0,0.0,0.0,0.0,8.023271644517088,0.0,0.0
111.25365770002828,571431.0709607,0.1256235000001022,-0.0133099999999907,8.934145999999993,0.0981059647632026,0.076966114708734,9.660559247930802,0.1290408800000012,-0.0339313599999994,-0.0015638799999988,9.66136395887852,1.0,0.0,0.0,0.0,3320.14,0.0,0.0,0.0,0.0,0.0,7.836486934350697,0.0,0.0
111.36362099996768,571431.180924,0.1156235000001022,0.0066900000000093,8.744145999999992,0.1022936581014382,0.06016610184032,9.44148404120041,0.1258408800000012,-0.0339313599999994,-0.0019638799999988,9.442229866537907,1.0,0.0,0.0,0.0,3292.28,0.0,0.0,0.0,0.0,0.0,7.351520624249966,0.0,0.0
111.4736970999511,571431.2910001,0.2406235000001022,0.0516900000000093,8.654145999999992,0.1353624060482383,0.0581398284673339,9.25326519502796,0.1234408800000012,-0.0331313599999994,-0.0027638799999988,9.25443785381593,1.0,0.0,0.0,0.0,3284.46,0.0,0.0,0.0,0.0,0.0,7.226651618532961,0.0,0.0
111.58421689993702,571431.4015199,0.2756235000001021,0.0966900000000093,8.804145999999992,0.1688928337489687,0.067355525443651,9.145900007194308,0.1258408800000012,-0.0327313599999994,-0.0007638799999988,9.147707280936377,1.0,0.0,0.0,0.0,3289.83,0.0,0.0,0.0,0.0,0.0,7.311908843902951,0.0,0.0
111.69616619998123,571431.5134692,0.0456235000001021,-0.0283099999999907,9.209145999999992,0.1394244090666254,0.0444859905358364,9.161019418638936,0.1342408800000012,-0.0367313599999994,-0.0035638799999988,9.162188328007517,1.0,0.0,0.0,0.0,3298.63,0.0,0.0,0.0,0.0,0.0,7.456346385764943,0.0,0.0
111.80710949993228,571431.6244125,0.1256235000001022,-0.2683099999999907,9.579145999999993,0.1361252020618788,-0.0302901505182135,9.260975598296938,0.1430408800000012,-0.0371313599999994,-0.0019638799999988,9.262025512602852,1.0,0.0,0.0,0.0,3308.9,0.0,0.0,0.0,0.0,0.0,7.632807731236373,0.0,0.0
111.917050799937,571431.7343538,0.2306235000001022,-0.1883099999999906,9.659145999999993,0.1587157028029261,-0.068065937010706,9.356161109052024,0.1418408800000012,-0.0355313599999994,-0.0003638799999988,9.357754770490352,1.0,0.0,0.0,0.0,3325.02,0.0,0.0,0.0,0.0,0.0,7.928600425394903,0.0,0.0
112.02791119995528,571431.8452142,0.2156235000001023,-0.1733099999999906,9.334145999999992,0.1723199228026831,-0.0932252905104328,9.350898238204556,0.1362408800000012,-0.0351313599999994,-0.0003638799999988,9.352950495530411,1.0,0.0,0.0,0.0,3329.91,0.0,0.0,0.0,0.0,0.0,8.023271644517088,0.0,0.0
112.13882550003471,571431.9561285,0.0806235000001023,-0.2483099999999907,9.164145999999992,0.1503992305524664,-0.1302994105854766,9.306253766636292,0.1358408800000012,-0.0355313599999994,3.612000000116633e-05,9.30838101035738,1.0,0.0,0.0,0.0,3322.58,0.0,0.0,0.0,0.0,0.0,7.882254426646823,0.0,0.0
112.24127230001612,571432.0585753,0.1106235000001023,-0.2333099999999907,9.074145999999992,0.1408905548395314,-0.1549248360934109,9.25076672836574,0.1346408800000012,-0.0351313599999994,-0.0007638799999988,9.253136598792873,1.0,0.0,0.0,0.0,3315.25,0.0,0.0,0.0,0.0,0.0,7.746459946440224,0.0,0.0
112.35261669999454,571432.1699197,0.1506235000001021,-0.1683099999999906,8.954145999999993,0.1432172856871725,-0.1581246562144918,9.179857400577244,0.1310408800000012,-0.0355313599999994,-0.0023638799999988,9.18233611303547,1.0,0.0,0.0,0.0,3310.36,0.0,0.0,0.0,0.0,0.0,7.658621755903648,0.0,0.0
112.46283480001148,571432.2801378,0.0056235000001021,-0.1283099999999907,8.774145999999993,0.1103244972947374,-0.150997247276946,9.082869159568045,0.1286408800000012,-0.0359313599999994,-0.0023638799999988,9.084794099660202,1.0,0.0,0.0,0.0,3300.59,0.0,0.0,0.0,0.0,0.0,7.489348631812301,0.0,0.0
112.57367239997257,571432.3909754,0.0906235000001023,-0.0533099999999906,8.919145999999992,0.1056148315791202,-0.1276444051607463,9.043729955600934,0.1294408800000012,-0.0359313599999994,-0.0023638799999988,9.045247320922298,1.0,0.0,0.0,0.0,3309.38,0.0,0.0,0.0,0.0,0.0,7.64127396961025,0.0,0.0
112.68366889993194,571432.5009719,0.1256235000001022,-0.0833099999999906,8.774145999999993,0.110398048299987,-0.1170459453525847,8.979283963644987,0.1270408800000012,-0.0351313599999994,-0.0031638799999988,8.980725359466458,1.0,0.0,0.0,0.0,3305.47,0.0,0.0,0.0,0.0,0.0,7.572888192723551,0.0,0.0
112.79451469995549,571432.6118177,0.1406235000001021,-0.0783099999999906,8.654145999999992,0.1176236608657955,-0.1077858378026582,8.901557384765582,0.1254408800000012,-0.0343313599999994,-0.0031638799999988,8.902986969927618,1.0,0.0,0.0,0.0,3299.12,0.0,0.0,0.0,0.0,0.0,7.4645678510603775,0.0,0.0
112.9045030999696,571432.7218061,-0.0093764999998977,-0.1183099999999907,8.434145999999993,0.0872633550111321,-0.110301714798381,8.789819316839493,0.1226408800000012,-0.0359313599999994,-0.0039638799999988,8.790944487601998,1.0,0.0,0.0,0.0,3282.01,0.0,0.0,0.0,0.0,0.0,7.188450182530321,0.0,0.0
113.0178264999995,571432.8351295,0.1006235000001023,-0.0783099999999906,8.494145999999992,0.0904571941792315,-0.1026538642801328,8.719136474620079,0.1238408800000012,-0.0347313599999994,-0.0031638799999988,8.72020992768412,1.0,0.0,0.0,0.0,3275.66,0.0,0.0,0.0,0.0,0.0,7.0913994251742,0.0,0.0
113.12867759994695,571432.9459806,0.0356235000001021,0.0066900000000093,8.584145999999992,0.0773488034884513,-0.0765144236664581,8.686866026543512,0.1242408800000012,-0.0343313599999994,-0.0027638799999988,8.68754733267946,1.0,0.0,0.0,0.0,3280.55,0.0,0.0,0.0,0.0,0.0,7.165887979579859,0.0,0.0
113.23868309997488,571433.0559861,0.1156235000001022,-0.0683099999999906,8.614145999999993,0.0864986461710683,-0.0745530969234266,8.669481778897122,0.1254408800000012,-0.0343313599999994,-0.0019638799999988,8.670233820069647,1.0,0.0,0.0,0.0,3287.39,0.0,0.0,0.0,0.0,0.0,7.272906741039464,0.0,0.0
113.350391499931,571433.1676945,0.0556235000001021,-0.1283099999999907,8.694145999999993,0.0791177194488629,-0.0874040729228189,8.675377939116494,0.1278408800000012,-0.0351313599999994,-0.0039638799999988,8.676178967264532,1.0,0.0,0.0,0.0,3291.79,0.0,0.0,0.0,0.0,0.0,7.343561809030282,0.0,0.0
113.45391969999764,571433.2712227,0.1406235000001021,-0.0783099999999906,8.754145999999993,0.0938211205834504,-0.0852300690985744,8.6942080130605,0.1282408800000012,-0.0351313599999994,-0.0027638799999988,8.695131945043244,1.0,0.0,0.0,0.0,3290.81,0.0,0.0,0.0,0.0,0.0,7.327699001772359,0.0,0.0
113.56661859992892,571433.3839216,0.1306235000001021,-0.1083099999999906,8.724145999999992,0.1026189952290623,-0.0907474933009935,8.701364905098748,0.1274408800000012,-0.0339313599999994,-0.0019638799999988,8.702443161400502,1.0,0.0,0.0,0.0,3293.26,0.0,0.0,0.0,0.0,0.0,7.367493417004539,0.0,0.0
113.67879429995082,571433.4960973,0.1806235000001022,-0.1033099999999906,8.854145999999993,0.1212665355687538,-0.0937506512740464,8.73788832946604,0.1294408800000012,-0.0347313599999994,-0.0019638799999988,8.739232644545057,1.0,0.0,0.0,0.0,3296.19,0.0,0.0,0.0,0.0,0.0,7.415692394851885,0.0,0.0
113.79037119995336,571433.6076742,0.1056235000001022,-0.1683099999999906,8.974145999999992,0.1175269549168687,-0.1115746021746917,8.794367432240616,0.1318408800000012,-0.0347313599999994,-0.0023638799999988,8.795860390560827,1.0,0.0,0.0,0.0,3302.05,0.0,0.0,0.0,0.0,0.0,7.514135165387945,0.0,0.0
113.90118009992877,571433.7184831,0.1106235000001023,-0.1633099999999906,9.134145999999992,0.115876634151145,-0.1239423227412021,8.875593953291588,0.1346408800000012,-0.0359313599999994,-0.0031638799999988,8.87721561737772,1.0,0.0,0.0,0.0,3312.32,0.0,0.0,0.0,0.0,0.0,7.69357153848038,0.0,0.0
114.00368930003606,571433.8209923,0.1306235000001021,-0.1533099999999907,9.219145999999991,0.1194019789579559,-0.1309628781305829,8.957722551743469,0.1350408800000012,-0.0355313599999994,-0.0019638799999988,8.959475510432563,1.0,0.0,0.0,0.0,3316.23,0.0,0.0,0.0,0.0,0.0,7.764324013645711,0.0,0.0
114.1142001999542,571433.9315032,0.1906235000001022,-0.0233099999999907,9.089145999999992,0.1364279980396216,-0.1052276799709837,8.989140276401017,0.1322408800000012,-0.0347313599999994,-0.0023638799999988,8.990791309562029,1.0,0.0,0.0,0.0,3317.69,0.0,0.0,0.0,0.0,0.0,7.7911023537157185,0.0,0.0
114.22700810001696,571434.0443111,0.2156235000001023,-0.0583099999999906,9.069145999999993,0.1553602548607489,-0.0940116696588633,9.008266222557552,0.1310408800000012,-0.0351313599999994,-0.0031638799999988,9.010096300223086,1.0,0.0,0.0,0.0,3316.23,0.0,0.0,0.0,0.0,0.0,7.764324013645711,0.0,0.0
114.33785469993018,571434.1551577,0.1306235000001021,-0.1533099999999907,9.034145999999993,0.1494467549226245,-0.1081873638749627,9.014452970300605,0.1314408800000012,-0.0343313599999994,-0.0003638799999988,9.016340787260678,1.0,0.0,0.0,0.0,3317.69,0.0,0.0,0.0,0.0,0.0,7.7911023537157185,0.0,0.0
114.4486970999278,571434.2660001,0.2606235000001022,-0.1783099999999906,8.974145999999992,0.1760243589309196,-0.1249506865792744,9.00481729788838,0.1314408800000012,-0.0343313599999994,-0.0011638799999988,9.007404277446607,1.0,0.0,0.0,0.0,3316.72,0.0,0.0,0.0,0.0,0.0,7.773289226286956,0.0,0.0
114.56037419999484,571434.3776772,0.1256235000001022,-0.2033099999999906,9.024145999999991,0.1639756695273244,-0.1436830464896705,9.00943796375118,0.1326408800000012,-0.0347313599999994,-0.0007638799999988,9.01207552457959,1.0,0.0,0.0,0.0,3316.23,0.0,0.0,0.0,0.0,0.0,7.764324013645711,0.0,0.0
114.67037629999686,571434.4876793,0.2156235000001023,-0.1533099999999907,8.984145999999992,0.1763224564856622,-0.1459844392676768,9.003391737117159,0.1310408800000012,-0.0347313599999994,-0.0003638799999988,9.006301340570333,1.0,0.0,0.0,0.0,3319.16,0.0,0.0,0.0,0.0,0.0,7.818265143349461,0.0,0.0
114.78072209993844,571434.5980251,0.0806235000001023,-0.0583099999999906,9.129145999999992,0.1534449296457841,-0.1250252312347199,9.033454202059138,0.1322408800000012,-0.0355313599999994,-0.0019638799999988,9.035622362382083,1.0,0.0,0.0,0.0,3321.6,0.0,0.0,0.0,0.0,0.0,7.863803538843212,0.0,0.0
114.89117890002672,571434.7084819,0.1506235000001021,0.0516900000000093,9.049145999999991,0.1527704465080745,-0.0827801786860247,9.037205439708336,0.1314408800000012,-0.0355313599999994,-0.0031638799999988,9.03887567824691,1.0,0.0,0.0,0.0,3322.09,0.0,0.0,0.0,0.0,0.0,7.8730173651742215,0.0,0.0
114.99358699994627,571434.81089,0.1156235000001022,-0.1883099999999906,9.034145999999993,0.1438902006102639,-0.1080078447774734,9.036474058545856,0.1334408800000012,-0.0359313599999994,-0.0019638799999988,9.0382649604411,1.0,0.0,0.0,0.0,3324.54,0.0,0.0,0.0,0.0,0.0,7.919436914647131,0.0,0.0
115.10471350001173,571434.9220165,0.0106235000001022,-0.1983099999999906,9.094145999999991,0.1120318331626418,-0.1295952272910298,9.05026095275012,0.1334408800000012,-0.0355313599999994,-0.0031638799999988,9.0518820897895,1.0,0.0,0.0,0.0,3323.56,0.0,0.0,0.0,0.0,0.0,7.9007986321037,0.0,0.0
115.2179243999999,571435.0352274,0.0756235000001022,-0.1583099999999906,9.124145999999993,0.1033281581205121,-0.1364597011314459,9.06792370701202,0.1330408800000012,-0.0355313599999994,-0.0015638799999988,9.069539035391164,1.0,0.0,0.0,0.0,3325.51,0.0,0.0,0.0,0.0,0.0,7.937978406287484,0.0,0.0
115.3286805000389,571435.1459835,0.1356235000001022,-0.1733099999999906,9.224145999999992,0.1110485928858049,-0.1452690312681843,9.10526977463982,0.1342408800000012,-0.0355313599999994,-0.0027638799999988,9.107105607732732,1.0,0.0,0.0,0.0,3327.47,0.0,0.0,0.0,0.0,0.0,7.975730344002453,0.0,0.0
115.4396773999324,571435.2569804,0.0656235000001022,-0.0433099999999906,9.229145999999991,0.1001893962982912,-0.1208949883311746,9.134883281145791,0.1342408800000012,-0.0363313599999994,-0.0031638799999988,9.136232597383406,1.0,0.0,0.0,0.0,3330.89,0.0,0.0,0.0,0.0,0.0,8.042538504715443,0.0,0.0
115.55036899994592,571435.367672,-0.0043764999998978,-0.2033099999999906,9.299145999999991,0.075192163444883,-0.1405968922045642,9.17415147065782,0.1354408800000012,-0.0367313599999994,-0.0039638799999988,9.17553685372764,1.0,0.0,0.0,0.0,3331.38,0.0,0.0,0.0,0.0,0.0,8.052209396079704,0.0,0.0
115.66117899992967,571435.478482,0.1056235000001022,-0.2883099999999906,9.194145999999993,0.0824669942725361,-0.1759087776450451,9.178931307329762,0.1358408800000012,-0.0355313599999994,-0.0027638799999988,9.180987128183732,1.0,0.0,0.0,0.0,3329.42,0.0,0.0,0.0,0.0,0.0,8.013675469176466,0.0,0.0
115.77121060003992,571435.5885136,0.2256235000001023,-0.1233099999999907,9.184145999999991,0.1166895910735757,-0.1633346598959025,9.18017791728149,0.1342408800000012,-0.0347313599999994,-0.0023638799999988,9.182372311376344,1.0,0.0,0.0,0.0,3329.91,0.0,0.0,0.0,0.0,0.0,8.023271644517088,0.0,0.0
115.87344470003154,571435.6907477,0.1656235000001023,-0.0833099999999906,9.204145999999993,0.1283875954819694,-0.1442041868807962,9.185907660591448,0.1334408800000012,-0.0343313599999994,-0.0015638799999988,9.187936534995233,1.0,0.0,0.0,0.0,3331.38,0.0,0.0,0.0,0.0,0.0,8.052209396079704,0.0,0.0
115.9836805999512,571435.8009836,0.2756235000001021,-0.0683099999999906,9.184145999999991,0.1635854020318826,-0.1260611332768801,9.18548652290151,0.1326408800000012,-0.0343313599999994,-0.0003638799999988,9.187807913506152,1.0,0.0,0.0,0.0,3333.33,0.0,0.0,0.0,0.0,0.0,8.090945457258762,0.0,0.0
116.09363260003738,571435.9109356,0.1606235000001021,0.0116900000000093,9.269145999999992,0.1628773379555583,-0.093130729806481,9.205485925225394,0.1342408800000012,-0.0347313599999994,-0.0015638799999988,9.20739775830156,1.0,0.0,0.0,0.0,3332.84,0.0,0.0,0.0,0.0,0.0,8.081174003790002,0.0,0.0
116.20451760001016,571436.0218206,0.2006235000001022,-0.1833099999999906,9.204145999999993,0.1719008306558861,-0.1146887357661795,9.205165606421165,0.1350408800000012,-0.0343313599999994,-0.0011638799999988,9.207484848933008,1.0,0.0,0.0,0.0,3332.36,0.0,0.0,0.0,0.0,0.0,8.071626622031754,0.0,0.0
116.31461639993358,571436.1319194,0.0706235000001023,-0.2333099999999907,9.134145999999992,0.1476897531746127,-0.1430460058551042,9.188187856488195,0.1354408800000012,-0.0343313599999994,-0.0023638799999988,9.190488045207449,1.0,0.0,0.0,0.0,3332.84,0.0,0.0,0.0,0.0,0.0,8.081174003790002,0.0,0.0
116.42457020003349,571436.2418732,0.1106235000001023,-0.2333099999999907,9.204145999999993,0.1388287976010634,-0.1646242656873922,9.192002765970106,0.1350408800000012,-0.0351313599999994,-0.0015638799999988,9.19452497051906,1.0,0.0,0.0,0.0,3334.31,0.0,0.0,0.0,0.0,0.0,8.11056507093815,0.0,0.0
116.5354437000351,571436.3527467,0.2706235000001022,-0.0933099999999906,9.254145999999992,0.1703352732431746,-0.147576075328327,9.20685855496348,0.1342408800000012,-0.0339313599999994,3.612000000116633e-05,9.209616563919711,1.0,0.0,0.0,0.0,3335.29,0.0,0.0,0.0,0.0,0.0,8.130287677671827,0.0,0.0
116.64621069992428,571436.4635137,0.2056235000001023,-0.0083099999999907,9.309145999999991,0.1787711787578301,-0.1142835140171779,9.23131110758414,0.1346408800000012,-0.0339313599999994,0.0004361200000011,9.233749218001153,1.0,0.0,0.0,0.0,3334.31,0.0,0.0,0.0,0.0,0.0,8.11056507093815,0.0,0.0
116.75631700002124,571436.57362,0.2256235000001023,-0.0733099999999906,9.329145999999993,0.1899715645937237,-0.1044884995146555,9.254699245337324,0.1346408800000012,-0.0347313599999994,-0.0027638799999988,9.257238527959204,1.0,0.0,0.0,0.0,3336.27,0.0,0.0,0.0,0.0,0.0,8.150114147057495,0.0,0.0
116.86620149994268,571436.6835045,0.1206235000001021,-0.0333099999999906,9.419145999999992,0.1733934088091979,-0.087472765039905,9.29401142993877,0.1366408800000012,-0.0359313599999994,-0.0027638799999988,9.296040297818996,1.0,0.0,0.0,0.0,3337.24,0.0,0.0,0.0,0.0,0.0,8.169841447159989,0.0,0.0
116.97700479999185,571436.7943078,0.1256235000001022,-0.0533099999999906,9.469145999999991,0.1619736670371597,-0.0793059092785988,9.335878614015858,0.1366408800000012,-0.0351313599999994,-0.0015638799999988,9.337620381644276,1.0,0.0,0.0,0.0,3337.24,0.0,0.0,0.0,0.0,0.0,8.169841447159989,0.0,0.0
117.08894459996372,571436.9062476,0.1056235000001022,-0.0183099999999907,9.429145999999992,0.1485027525552822,-0.0647243965548453,9.358174856362652,0.1366408800000012,-0.0351313599999994,-0.0023638799999988,9.359576857811684,1.0,0.0,0.0,0.0,3337.24,0.0,0.0,0.0,0.0,0.0,8.169841447159989,0.0,0.0
117.19375049998052,571437.0110535,0.2006235000001022,-0.0133099999999907,9.559145999999991,0.1609625937319548,-0.0524334136608228,9.40621845998646,0.1394408800000012,-0.0355313599999994,-0.0039638799999988,9.40774170225985,1.0,0.0,0.0,0.0,3341.64,0.0,0.0,0.0,0.0,0.0,8.260638405013786,0.0,0.0
117.30460639996454,571437.1219094,0.1406235000001021,-0.0483099999999906,9.569145999999993,0.1561003864536605,-0.0514476818392659,9.445167465351814,0.1382408800000012,-0.0359313599999994,-0.0023638799999988,9.44659741087541,1.0,0.0,0.0,0.0,3345.06,0.0,0.0,0.0,0.0,0.0,8.332736321443868,0.0,0.0
117.41459499998018,571437.231898,0.1556235000001022,0.0366900000000093,9.399145999999991,0.1559863833020953,-0.0303777323232866,9.434165701618312,0.1350408800000012,-0.0351313599999994,-0.0027638799999988,9.435504069417176,1.0,0.0,0.0,0.0,3348.48,0.0,0.0,0.0,0.0,0.0,8.406211894097073,0.0,0.0
117.5262883999385,571437.3435914,0.0706235000001023,0.0616900000000093,9.339145999999992,0.1355797694205177,-0.0083682758499474,9.41145055556112,0.1342408800000012,-0.0355313599999994,-0.0031638799999988,9.412430794523194,1.0,0.0,0.0,0.0,3342.13,0.0,0.0,0.0,0.0,0.0,8.270885244996562,0.0,0.0
117.63792170002124,571437.4552247,0.1256235000001022,-0.0083099999999907,9.269145999999992,0.1331996512953532,-0.0083543445870532,9.377431623601524,0.1326408800000012,-0.0351313599999994,-0.0015638799999988,9.37838129943012,1.0,0.0,0.0,0.0,3337.73,0.0,0.0,0.0,0.0,0.0,8.17984606905265,0.0,0.0
117.74978219997138,571437.5670852,-0.0043764999998978,-0.0083099999999907,9.219145999999991,0.1003110785316665,-0.0083437436931879,9.339592301885856,0.1322408800000012,-0.0355313599999994,-0.0023638799999988,9.340134704380905,1.0,0.0,0.0,0.0,3340.18,0.0,0.0,0.0,0.0,0.0,8.23026921295309,0.0,0.0
117.86127749993466,571437.6785805,0.1906235000001022,0.0016900000000092,8.974145999999992,0.121900915265469,-0.0059451047834709,9.252229723578226,0.1282408800000012,-0.0335313599999994,-0.0011638799999988,9.253034639256349,1.0,0.0,0.0,0.0,3332.84,0.0,0.0,0.0,0.0,0.0,8.081174003790002,0.0,0.0
117.97060340002643,571437.7879064,0.1406235000001021,0.0716900000000093,8.774145999999993,0.1263766843909463,0.0126141278207927,9.137940355966157,0.1262408800000012,-0.0327313599999994,-0.0027638799999988,9.138822907342782,1.0,0.0,0.0,0.0,3313.78,0.0,0.0,0.0,0.0,0.0,7.719828432805452,0.0,0.0
118.08122379996348,571437.8985268,0.0806235000001023,-0.1383099999999907,8.594145999999993,0.1154390551591232,-0.0234653751519084,9.00794238701372,0.1246408800000012,-0.0327313599999994,-0.0027638799999988,9.008712607639644,1.0,0.0,0.0,0.0,3310.85,0.0,0.0,0.0,0.0,0.0,7.66732730118237,0.0,0.0
118.1839539000066,571438.0012569,0.1506235000001021,-0.0733099999999906,8.594145999999993,0.123850150857091,-0.0353810927800072,8.909021371594084,0.1246408800000012,-0.0323313599999994,-0.0019638799999988,8.909952439890674,1.0,0.0,0.0,0.0,3315.25,0.0,0.0,0.0,0.0,0.0,7.746459946440224,0.0,0.0
118.29536220000593,571438.1126652,0.1306235000001021,-0.2283099999999907,8.554145999999992,0.1254693688977651,-0.0815021416942605,8.82418585053299,0.1234408800000012,-0.0327313599999994,-0.0015638799999988,8.825454157513878,1.0,0.0,0.0,0.0,3317.69,0.0,0.0,0.0,0.0,0.0,7.7911023537157185,0.0,0.0
118.40626009996048,571438.2235631,0.0956235000001022,-0.2733099999999907,8.724145999999992,0.1183344983428412,-0.1273551957675407,8.800270601614143,0.1266408800000012,-0.0331313599999994,-0.0023638799999988,8.801987563103074,1.0,0.0,0.0,0.0,3318.18,0.0,0.0,0.0,0.0,0.0,7.800134084628138,0.0,0.0
118.51723230001517,571438.3345353,0.0806235000001023,-0.2583099999999907,8.704145999999993,0.1093194117794387,-0.1586608876858314,8.77729132123158,0.1254408800000012,-0.0327313599999994,-0.0019638799999988,8.779405842586403,1.0,0.0,0.0,0.0,3329.91,0.0,0.0,0.0,0.0,0.0,8.023271644517088,0.0,0.0
118.62870989996009,571438.4460129,0.0156235000001021,-0.2683099999999907,8.724145999999992,0.0869207272457985,-0.1848733000470308,8.764586548290058,0.1258408800000012,-0.0327313599999994,-0.0015638799999988,8.76696701900733,1.0,0.0,0.0,0.0,3329.91,0.0,0.0,0.0,0.0,0.0,8.023271644517088,0.0,0.0
118.73890390002634,571438.5562069,0.1656235000001023,-0.1883099999999906,8.654145999999992,0.1057351935909053,-0.1856948679961684,8.738184937441792,0.1226408800000012,-0.0315313599999994,-0.0015638799999988,8.740797361573968,1.0,0.0,0.0,0.0,3335.78,0.0,0.0,0.0,0.0,0.0,8.140187874790616,0.0,0.0
118.85121959995011,571438.6685226,0.2006235000001022,-0.0733099999999906,8.594145999999993,0.1284189286742082,-0.1588284534771484,8.703751388965122,0.1210408800000012,-0.0307313599999994,-0.0011638799999988,8.70614760613373,1.0,0.0,0.0,0.0,3333.33,0.0,0.0,0.0,0.0,0.0,8.090945457258762,0.0,0.0
118.9611770999618,571438.7784801,0.1106235000001023,-0.0433099999999906,8.544145999999992,0.1241648029024144,-0.1312129327130986,8.665596567805814,0.1206408800000012,-0.0307313599999994,3.612000000116633e-05,8.667479311077637,1.0,0.0,0.0,0.0,3334.8,0.0,0.0,0.0,0.0,0.0,8.120413446058272,0.0,0.0
119.06321099994238,571438.880514,0.1706235000001021,-0.0633099999999906,8.374145999999993,0.1352710900431576,-0.1149802461436796,8.595923204246395,0.1182408800000012,-0.0295313599999994,0.0004361200000011,8.597756361871761,1.0,0.0,0.0,0.0,3325.02,0.0,0.0,0.0,0.0,0.0,7.928600425394903,0.0,0.0
119.17365849995986,571438.9909615,0.2506235000001022,-0.1683099999999906,8.159145999999993,0.1628469169042667,-0.1277291090364107,8.49150845846281,0.1158408800000012,-0.0291313599999994,3.612000000116633e-05,8.494030241515857,1.0,0.0,0.0,0.0,3320.14,0.0,0.0,0.0,0.0,0.0,7.836486934350697,0.0,0.0
119.28469689993652,571439.1019999,0.2806235000001023,-0.2283099999999907,7.639145999999993,0.1910022598655106,-0.1517736975784535,8.287745055632708,0.1102408800000012,-0.0279313599999994,0.0008361200000011,8.291334948349077,1.0,0.0,0.0,0.0,3293.26,0.0,0.0,0.0,0.0,0.0,7.367493417004539,0.0,0.0
119.39544979995117,571439.2127528,0.1056235000001022,-0.1083099999999906,7.489145999999993,0.1705918505767625,-0.1413833867074916,8.096834182615034,0.1062408800000012,-0.0275313599999994,0.0012361200000011,8.099865099017597,1.0,0.0,0.0,0.0,3267.35,0.0,0.0,0.0,0.0,0.0,6.968495635874172,0.0,0.0
119.50627869996242,571439.3235817,0.1706235000001021,-0.1483099999999907,7.234145999999992,0.1705994166000349,-0.1430392436502213,7.890602340837331,0.1014408800000012,-0.0271313599999994,-0.0007638799999988,7.893742438627946,1.0,0.0,0.0,0.0,3248.29,0.0,0.0,0.0,0.0,0.0,6.702834380520217,0.0,0.0
119.61623679997864,571439.4335398,0.1806235000001022,-0.1683099999999906,6.954145999999993,0.172995746146897,-0.1490804005017393,7.666735687964132,0.0974408800000012,-0.0247313599999994,0.0020361200000011,7.670136152839892,1.0,0.0,0.0,0.0,3239.0,0.0,0.0,0.0,0.0,0.0,6.580883099174588,0.0,0.0
119.72704509994946,571439.5443481,0.1656235000001023,-0.2583099999999907,6.539145999999993,0.1712333574512696,-0.1751925252938987,7.397177227787382,0.0922408800000012,-0.0239313599999994,0.0012361200000011,7.401232615106696,1.0,0.0,0.0,0.0,3210.65,0.0,0.0,0.0,0.0,0.0,6.235680851998999,0.0,0.0
119.83961819997056,571439.6569212,0.3156235000001022,-0.2733099999999907,6.299145999999992,0.205750864045745,-0.198648216384829,7.134684931034694,0.0890408800000012,-0.0219313599999994,0.0024361200000011,7.140414805672145,1.0,0.0,0.0,0.0,3185.73,0.0,0.0,0.0,0.0,0.0,5.961673269487144,0.0,0.0
119.94957039994188,571439.7668734,0.2856235000001021,-0.2633099999999907,6.439145999999992,0.2248449946394609,-0.2141060828495846,6.968411325268392,0.0906408800000012,-0.0227313599999994,0.0016361200000011,6.975324586315421,1.0,0.0,0.0,0.0,3184.75,0.0,0.0,0.0,0.0,0.0,5.951401048310552,0.0,0.0
120.06041679996996,571439.8777198,0.2506235000001022,-0.1333099999999907,6.359145999999992,0.231007532559809,-0.1947911956049415,6.822762048167466,0.0886408800000012,-0.0227313599999994,0.0020361200000011,6.829450201582766,1.0,0.0,0.0,0.0,3189.64,0.0,0.0,0.0,0.0,0.0,6.003020918538674,0.0,0.0
120.17118699999992,571439.98849,0.3206235000001023,-0.1483099999999907,6.099145999999992,0.2524308769272714,-0.1836795300335167,6.649776404732411,0.0838408800000012,-0.0219313599999994,0.0016361200000011,6.657100401099229,1.0,0.0,0.0,0.0,3179.37,0.0,0.0,0.0,0.0,0.0,5.895646518679254,0.0,0.0
120.27344749995972,571440.0907505,0.2356235000001023,-0.0983099999999906,6.019145999999992,0.248412952062884,-0.1632713272027527,6.499019651052594,0.0826408800000012,-0.0223313599999994,0.0020361200000011,6.5058145489866925,1.0,0.0,0.0,0.0,3161.78,0.0,0.0,0.0,0.0,0.0,5.720554585338232,0.0,0.0
120.38626870000736,571440.2035717,0.3006235000001023,-0.1633099999999906,6.069145999999993,0.2608942606959481,-0.1632805722142896,6.396255249528569,0.0838408800000012,-0.0219313599999994,0.0004361200000011,6.40365579787425,1.0,0.0,0.0,0.0,3167.16,0.0,0.0,0.0,0.0,0.0,5.7729755275206935,0.0,0.0
120.4989259999711,571440.316229,0.3756235000001022,-0.0683099999999906,6.069145999999993,0.2883211141109654,-0.1405771708960209,6.318057420518892,0.0826408800000012,-0.0211313599999994,0.0024361200000011,6.326194794249791,1.0,0.0,0.0,0.0,3174.49,0.0,0.0,0.0,0.0,0.0,5.845987129468632,0.0,0.0
120.60882920003496,571440.4261322,0.2356235000001023,-0.0533099999999906,5.869145999999993,0.2757233687907151,-0.1197153233092565,6.210741902682514,0.0798408800000012,-0.0211313599999994,0.0012361200000011,6.218011749463711,1.0,0.0,0.0,0.0,3169.6,0.0,0.0,0.0,0.0,0.0,5.797072845667954,0.0,0.0
120.72050499997567,571440.537808,0.2606235000001022,-0.1083099999999906,5.929145999999992,0.2721136360807454,-0.1169887983845611,6.143424368007084,0.0822408800000012,-0.0219313599999994,0.0016361200000011,6.150560557811929,1.0,0.0,0.0,0.0,3159.82,0.0,0.0,0.0,0.0,0.0,5.701695974216773,0.0,0.0
120.83124560001306,571440.6485486,0.2206235000001022,-0.2033099999999906,5.899145999999992,0.2598045471059703,-0.1376245051814841,6.085027859563159,0.0822408800000012,-0.0211313599999994,0.0028361200000011,6.092126308505363,1.0,0.0,0.0,0.0,3166.67,0.0,0.0,0.0,0.0,0.0,5.7681608189469475,0.0,0.0
120.9345473999856,571440.7518504,0.2206235000001022,-0.3533099999999907,5.789145999999993,0.2504380347666819,-0.1891856807458938,6.01429516369922,0.0814408800000012,-0.0219313599999994,0.0004361200000011,6.022479285738799,1.0,0.0,0.0,0.0,3157.38,0.0,0.0,0.0,0.0,0.0,5.678394080561227,0.0,0.0
121.04542239999864,571440.8627254,0.2206235000001022,-0.1583099999999906,5.829145999999993,0.243310654862139,-0.1818046262296882,5.970033918671442,0.0822408800000012,-0.0219313599999994,0.0024361200000011,5.977755263221759,1.0,0.0,0.0,0.0,3153.47,0.0,0.0,0.0,0.0,0.0,5.641452709362017,0.0,0.0
121.15624509996267,571440.9735481,0.2506235000001022,-0.2133099999999906,6.079145999999993,0.2450588433175154,-0.1893362134120337,5.996117949896228,0.0842408800000012,-0.0223313599999994,0.0020361200000011,6.004109634863863,1.0,0.0,0.0,0.0,3167.64,0.0,0.0,0.0,0.0,0.0,5.77769989531647,0.0,0.0
121.26625230000354,571441.0835553,0.3756235000001022,-0.0683099999999906,5.969145999999992,0.2762712676457373,-0.160404022849636,5.989670110438667,0.0814408800000012,-0.0215313599999994,0.0032361200000011,5.998183332956345,1.0,0.0,0.0,0.0,3165.2,0.0,0.0,0.0,0.0,0.0,5.753765472502907,0.0,0.0
121.37969109998085,571441.1969941,0.3406235000001023,-0.1183099999999907,5.859145999999992,0.2916551336455217,-0.1503411426165949,5.958467378982943,0.0806408800000012,-0.0215313599999994,0.0016361200000011,5.967495176583633,1.0,0.0,0.0,0.0,3143.21,0.0,0.0,0.0,0.0,0.0,5.546784107706726,0.0,0.0
121.49048010003752,571441.3077831,0.3556235000001022,-0.2083099999999906,5.819145999999993,0.3069472337051591,-0.1641990167185535,5.925161596933666,0.0810408800000012,-0.0219313599999994,0.0012361200000011,5.935378494346262,1.0,0.0,0.0,0.0,3136.36,0.0,0.0,0.0,0.0,0.0,5.485339607923601,0.0,0.0
121.60124670004006,571441.4185497,0.2156235000001023,-0.3583099999999907,5.764145999999992,0.2851156354758664,-0.2106026494541545,5.8866696553726845,0.0826408800000012,-0.0223313599999994,0.0020361200000011,5.897331941906907,1.0,0.0,0.0,0.0,3134.9,0.0,0.0,0.0,0.0,0.0,5.472419696783528,0.0,0.0
121.71120469993912,571441.5285077,0.2856235000001021,-0.2933099999999906,5.949145999999993,0.2852370441590005,-0.2303744390478381,5.9016050768606325,0.0854408800000012,-0.0223313599999994,0.0012361200000011,5.912983598552795,1.0,0.0,0.0,0.0,3132.45,0.0,0.0,0.0,0.0,0.0,5.450875609596536,0.0,0.0
121.82118410000112,571441.6384871,0.2206235000001022,-0.3283099999999906,6.069145999999993,0.2697907096847277,-0.253786642341815,5.9416569447875,0.0862408800000012,-0.0223313599999994,0.0036361200000011,5.953190903742702,1.0,0.0,0.0,0.0,3144.18,0.0,0.0,0.0,0.0,0.0,5.555597042888802,0.0,0.0
121.93146270001309,571441.7487657,0.2556235000001021,-0.4033099999999907,6.039145999999993,0.2664039358712106,-0.2895312810885264,5.964962407659027,0.0874408800000012,-0.0223313599999994,0.0028361200000011,5.977924049748526,1.0,0.0,0.0,0.0,3142.23,0.0,0.0,0.0,0.0,0.0,5.537908836289458,0.0,0.0
122.04128320002928,571441.8585862,0.2556235000001021,-0.2833099999999907,6.109145999999992,0.2638267948025503,-0.2880440389041994,5.999430536934273,0.0870408800000012,-0.0223313599999994,0.0012361200000011,6.012132792404331,1.0,0.0,0.0,0.0,3136.36,0.0,0.0,0.0,0.0,0.0,5.485339607923601,0.0,0.0
122.15216970001347,571441.9694727,0.4056235000001023,-0.2183099999999906,6.1691459999999925,0.2977243214642203,-0.2713736131725995,6.040002244338567,0.0878408800000012,-0.0219313599999994,0.0028361200000011,6.053421389688034,1.0,0.0,0.0,0.0,3138.81,0.0,0.0,0.0,0.0,0.0,5.507158394541214,0.0,0.0
122.25429730000906,571442.0716003,0.3356235000001022,-0.3083099999999906,6.2491459999999925,0.3067843938621341,-0.2802035232577661,6.089999569902499,0.0886408800000012,-0.0223313599999994,0.0024361200000011,6.104156406922749,1.0,0.0,0.0,0.0,3153.47,0.0,0.0,0.0,0.0,0.0,5.641452709362017,0.0,0.0
122.3646133999573,571442.1819164,0.3106235000001023,-0.2483099999999907,6.339145999999992,0.3077021599166235,-0.2725791461365994,6.14955982375412,0.0898408800000012,-0.0223313599999994,0.0028361200000011,6.163283705627765,1.0,0.0,0.0,0.0,3164.22,0.0,0.0,0.0,0.0,0.0,5.74420900277215,0.0,0.0
122.4746836000122,571442.2919866,0.3756235000001022,-0.2383099999999907,6.359145999999992,0.3239392469008972,-0.2643868592056728,6.199662913154638,0.0902408800000012,-0.0223313599999994,0.0016361200000011,6.213747442867984,1.0,0.0,0.0,0.0,3168.62,0.0,0.0,0.0,0.0,0.0,5.787369902257262,0.0,0.0
122.58466799999589,571442.401971,0.3856235000001022,-0.2283099999999907,6.479145999999992,0.3386853131872921,-0.2557624254073687,6.266475363942033,0.0922408800000012,-0.0227313599999994,0.0024361200000011,6.280830808620103,1.0,0.0,0.0,0.0,3170.58,0.0,0.0,0.0,0.0,0.0,5.806808907290014,0.0,0.0
122.6954388000304,571442.5127418,0.4006235000001021,-0.2933099999999906,6.519145999999992,0.3534920841622426,-0.2647384443427961,6.326878104685996,0.0926408800000012,-0.0231313599999994,0.0028361200000011,6.342273224091932,1.0,0.0,0.0,0.0,3174.98,0.0,0.0,0.0,0.0,0.0,5.850934901438964,0.0,0.0
122.80637030000798,571442.6236733,0.3856235000001022,-0.2283099999999907,6.489145999999993,0.3611733312231218,-0.2560299615777486,6.36566941722091,0.0918408800000012,-0.0227313599999994,0.0032361200000011,6.381045732930764,1.0,0.0,0.0,0.0,3180.35,0.0,0.0,0.0,0.0,0.0,5.905722993395253,0.0,0.0
122.91707960003988,571442.7343826,0.3806235000001021,-0.4033099999999907,6.469145999999992,0.365823034569706,-0.2912383186562453,6.390406241808798,0.0926408800000012,-0.0227313599999994,0.0036361200000011,6.407490787057315,1.0,0.0,0.0,0.0,3178.89,0.0,0.0,0.0,0.0,0.0,5.8907238871698695,0.0,0.0
123.02717429993208,571442.8444773,0.3456235000001022,-0.2983099999999906,6.449145999999993,0.3609941899172684,-0.2929288551645405,6.404448405317549,0.0914408800000012,-0.0223313599999994,0.0040361200000011,6.421299206213376,1.0,0.0,0.0,0.0,3185.24,0.0,0.0,0.0,0.0,0.0,5.9565326320911165,0.0,0.0
123.13708050001878,571442.9543835,0.3356235000001022,-0.3783099999999907,6.4991459999999925,0.3549291432245829,-0.3133398345976053,6.427086549384944,0.0934408800000012,-0.0227313599999994,0.0032361200000011,6.444501381948851,1.0,0.0,0.0,0.0,3183.77,0.0,0.0,0.0,0.0,0.0,5.941164938785995,0.0,0.0
123.2479619999649,571443.065265,0.3806235000001021,-0.2533099999999907,6.559145999999992,0.361071564817801,-0.2989892690048907,6.45865631500053,0.0934408800000012,-0.0223313599999994,0.0036361200000011,6.475647353986803,1.0,0.0,0.0,0.0,3187.68,0.0,0.0,0.0,0.0,0.0,5.982221126269935,0.0,0.0
123.35872579994611,571443.1760288,0.3706235000001021,-0.2833099999999907,6.619145999999993,0.3633550239225911,-0.2952410264883341,6.497022533514656,0.0946408800000012,-0.0227313599999994,0.0044361200000011,6.513869505764517,1.0,0.0,0.0,0.0,3188.17,0.0,0.0,0.0,0.0,0.0,5.987407233509904,0.0,0.0
123.47051919996738,571443.2878222,0.3706235000001021,-0.3583099999999907,6.599145999999992,0.3650926056335616,-0.3103181201920068,6.521435885878139,0.0950408800000012,-0.0231313599999994,0.0028361200000011,6.53901490746328,1.0,0.0,0.0,0.0,3189.15,0.0,0.0,0.0,0.0,0.0,5.9978071031514375,0.0,0.0
123.5804933999898,571443.3977964,0.3656235000001022,-0.3083099999999906,6.699145999999993,0.3652195197668574,-0.3098380645542269,6.563918772367648,0.0958408800000012,-0.0231313599999994,0.0032361200000011,6.581368746249207,1.0,0.0,0.0,0.0,3193.06,0.0,0.0,0.0,0.0,0.0,6.039671392195825,0.0,0.0
123.68436209997162,571443.5016651,0.3456235000001022,-0.3233099999999906,6.679145999999992,0.3605349496875967,-0.3130586280385536,6.591464673489793,0.0958408800000012,-0.0227313599999994,0.0028361200000011,6.608736467464831,1.0,0.0,0.0,0.0,3196.97,0.0,0.0,0.0,0.0,0.0,6.082139229713225,0.0,0.0
123.79458560002968,571443.6118886,0.2956235000001022,-0.3233099999999906,6.7491459999999925,0.3450173987447594,-0.3155092925578552,6.629159533620571,0.0962408800000012,-0.0235313599999994,0.0044361200000011,6.645625571856985,1.0,0.0,0.0,0.0,3197.46,0.0,0.0,0.0,0.0,0.0,6.087504546732277,0.0,0.0
123.90544699993916,571443.72275,0.3406235000001023,-0.4233099999999906,6.659145999999993,0.3439670055100352,-0.3412798303822401,6.636328015019131,0.0958408800000012,-0.0231313599999994,0.0024361200000011,6.653993894379001,1.0,0.0,0.0,0.0,3198.92,0.0,0.0,0.0,0.0,0.0,6.103548795030548,0.0,0.0
124.01555419992656,571443.8328572,0.4556235000001023,-0.3583099999999907,6.689145999999992,0.3706592970809327,-0.3453510154486786,6.648954535865366,0.0958408800000012,-0.0227313599999994,0.0028361200000011,6.668227055101572,1.0,0.0,0.0,0.0,3197.46,0.0,0.0,0.0,0.0,0.0,6.087504546732277,0.0,0.0
124.12629609997384,571443.9435991,0.3956235000001022,-0.2233099999999906,6.619145999999993,0.3766271701204432,-0.3161762291288861,6.64182859004149,0.0946408800000012,-0.0227313599999994,0.0020361200000011,6.6600076916345685,1.0,0.0,0.0,0.0,3198.92,0.0,0.0,0.0,0.0,0.0,6.103548795030548,0.0,0.0
124.23797120002564,571444.0552742,0.3156235000001022,-0.2433099999999907,6.579145999999993,0.3620438021114122,-0.2987570306983521,6.626843864097442,0.0934408800000012,-0.0231313599999994,0.0028361200000011,6.643447228447359,1.0,0.0,0.0,0.0,3193.55,0.0,0.0,0.0,0.0,0.0,6.044960082639896,0.0,0.0
124.34872929996344,571444.1660323,0.2706235000001022,-0.1483099999999907,6.684145999999992,0.3401891185070321,-0.2627915812391299,6.640542353613268,0.0938408800000012,-0.0235313599999994,0.0020361200000011,6.654441434234161,1.0,0.0,0.0,0.0,3194.53,0.0,0.0,0.0,0.0,0.0,6.05556600818041,0.0,0.0
124.45962999993937,571444.276933,0.2906235000001023,-0.2083099999999906,6.629145999999992,0.3283400993602189,-0.2497673656901811,6.637817972959192,0.0938408800000012,-0.0231313599999994,0.0020361200000011,6.6506254141961545,1.0,0.0,0.0,0.0,3202.35,0.0,0.0,0.0,0.0,0.0,6.141585952840493,0.0,0.0
124.57216979993972,571444.3894728,0.3306235000001023,-0.1633099999999906,6.639145999999992,0.3288859627775803,-0.2290991078875902,6.638135447416445,0.0942408800000012,-0.0235313599999994,0.0016361200000011,6.65022515378192,1.0,0.0,0.0,0.0,3198.44,0.0,0.0,0.0,0.0,0.0,6.098264396667342,0.0,0.0
124.6744655999355,571444.4917686,0.3556235000001022,-0.1933099999999906,6.629145999999992,0.3352777641921838,-0.2205434631204772,6.635986455075273,0.0926408800000012,-0.0235313599999994,0.0024361200000011,6.648110019413742,1.0,0.0,0.0,0.0,3195.99,0.0,0.0,0.0,0.0,0.0,6.071437669596731,0.0,0.0
124.78627199993934,571444.603575,0.3456235000001022,-0.1283099999999907,6.4991459999999925,0.3377509870706344,-0.1984943875028949,6.603273755807353,0.0910408800000012,-0.0231313599999994,0.0028361200000011,6.6148847340880765,1.0,0.0,0.0,0.0,3192.08,0.0,0.0,0.0,0.0,0.0,6.029122418435728,0.0,0.0
124.89809879998212,571444.7154018,0.3406235000001023,-0.1333099999999907,6.559145999999992,0.3384376820363388,-0.1829115888036873,6.592724697019875,0.0922408800000012,-0.0231313599999994,0.0012361200000011,6.6039394034649215,1.0,0.0,0.0,0.0,3192.57,0.0,0.0,0.0,0.0,0.0,6.0343921799263445,0.0,0.0
125.008722199942,571444.8260252,0.3356235000001022,-0.2583099999999907,6.589145999999992,0.337764931492021,-0.2009361236489326,6.591869183646159,0.0934408800000012,-0.0227313599999994,0.0028361200000011,6.603574775001548,1.0,0.0,0.0,0.0,3192.57,0.0,0.0,0.0,0.0,0.0,6.0343921799263445,0.0,0.0
125.12044979992788,571444.9377528,0.4406235000001022,-0.2683099999999907,6.629145999999992,0.3623540153041327,-0.2170423354733064,6.600780475868752,0.0942408800000012,-0.0223313599999994,0.0032361200000011,6.614280814903828,1.0,0.0,0.0,0.0,3197.46,0.0,0.0,0.0,0.0,0.0,6.087504546732277,0.0,0.0
125.2312989999773,571445.048602,0.4306235000001022,-0.2733099999999907,6.7091459999999925,0.3786743287728835,-0.2304935271341132,6.626686037202683,0.0962408800000012,-0.0223313599999994,0.0040361200000011,6.641497523072587,1.0,0.0,0.0,0.0,3201.37,0.0,0.0,0.0,0.0,0.0,6.130668540249208,0.0,0.0
125.34211049997248,571445.1594135,0.3056235000001022,-0.2233099999999906,6.729145999999992,0.3612110004640026,-0.2287762530816978,6.651179831440262,0.0954408800000012,-0.0227313599999994,0.0028361200000011,6.664908484817179,1.0,0.0,0.0,0.0,3206.75,0.0,0.0,0.0,0.0,0.0,6.191100227609292,0.0,0.0
125.44440429995302,571445.2617073,0.4256235000001023,-0.2033099999999906,6.689145999999992,0.3766092737689273,-0.2226883613242177,6.660255918287287,0.0938408800000012,-0.0219313599999994,0.0040361200000011,6.674611115895732,1.0,0.0,0.0,0.0,3199.41,0.0,0.0,0.0,0.0,0.0,6.1089529994865215,0.0,0.0
125.55566529999489,571445.3729683,0.3156235000001022,-0.2683099999999907,6.629145999999992,0.3620301840120025,-0.233594543602618,6.652818867594771,0.0934408800000012,-0.0227313599999994,0.0032361200000011,6.666755668986351,1.0,0.0,0.0,0.0,3201.86,0.0,0.0,0.0,0.0,0.0,6.136122251900696,0.0,0.0
125.66546829999425,571445.4827713,0.3356235000001022,-0.2083099999999906,6.659145999999993,0.3557174754473529,-0.2275500908087105,6.65433141430098,0.0934408800000012,-0.0227313599999994,0.0020361200000011,6.66771629101888,1.0,0.0,0.0,0.0,3200.88,0.0,0.0,0.0,0.0,0.0,6.12522478844507,0.0,0.0
125.77545389998704,571445.5927569,0.3506235000001023,-0.1283099999999907,6.509145999999992,0.3544997238197921,-0.2038260302291054,6.619623792249418,0.0914408800000012,-0.0223313599999994,0.0040361200000011,6.632242023305681,1.0,0.0,0.0,0.0,3204.3,0.0,0.0,0.0,0.0,0.0,6.163428815649173,0.0,0.0
125.88626539998222,571445.7035684,0.4056235000001023,-0.1683099999999906,6.389145999999992,0.3667212318139513,-0.1953356666488599,6.564526411130348,0.0894408800000012,-0.0207313599999994,0.0032361200000011,6.577662767804092,1.0,0.0,0.0,0.0,3195.5,0.0,0.0,0.0,0.0,0.0,6.066101370049438,0.0,0.0
125.99796730000526,571445.8152703,0.4606235000001022,-0.3133099999999906,6.229145999999992,0.3891692473372788,-0.2235382832371031,6.484351301192114,0.0878408800000012,-0.0199313599999994,0.0040361200000011,6.499864141996933,1.0,0.0,0.0,0.0,3175.46,0.0,0.0,0.0,0.0,0.0,5.855789973999762,0.0,0.0
126.10800929996184,571445.9253123,0.3856235000001022,-0.1633099999999906,6.029145999999993,0.3883216108232284,-0.2091402770636008,6.375531185716259,0.0858408800000012,-0.0199313599999994,0.0040361200000011,6.39076922044312,1.0,0.0,0.0,0.0,3163.25,0.0,0.0,0.0,0.0,0.0,5.7347816955307325,0.0,0.0
126.21877040003892,571446.0360734,0.4406235000001022,-0.4483099999999906,5.764145999999992,0.4008247552394458,-0.2663155270005117,6.229375140662223,0.0830408800000012,-0.0187313599999994,0.0044361200000011,6.247935586050389,1.0,0.0,0.0,0.0,3139.3,0.0,0.0,0.0,0.0,0.0,5.511543082887341,0.0,0.0
126.3288858999731,571446.1461889,0.3806235000001021,-0.4333099999999906,5.654145999999993,0.3959954992484774,-0.3062367620740971,6.091862459355548,0.0818408800000012,-0.0187313599999994,0.0036361200000011,6.11239573437258,1.0,0.0,0.0,0.0,3121.21,0.0,0.0,0.0,0.0,0.0,5.354173920612496,0.0,0.0
126.43961779994424,571446.2569208,0.3456235000001022,-0.2833099999999907,5.614145999999993,0.3839537089604412,-0.3007559539862784,5.977660888908881,0.0802408800000012,-0.0191313599999994,0.0028361200000011,5.997524847574505,1.0,0.0,0.0,0.0,3109.48,0.0,0.0,0.0,0.0,0.0,5.256840229349577,0.0,0.0
126.55138790002091,571446.3686909,0.4506235000001022,-0.3483099999999907,5.594145999999992,0.3998916041050873,-0.3121240921977714,5.88597888435296,0.0814408800000012,-0.0187313599999994,0.0032361200000011,5.907798419971093,1.0,0.0,0.0,0.0,3111.44,0.0,0.0,0.0,0.0,0.0,5.272858259934652,0.0,0.0
126.66207449999638,571446.4793775,0.3406235000001023,-0.3333099999999906,5.534145999999993,0.3857231356890803,-0.317188736496642,5.8018706918446,0.0810408800000012,-0.0187313599999994,0.0036361200000011,5.823323325803874,1.0,0.0,0.0,0.0,3109.97,0.0,0.0,0.0,0.0,0.0,5.260835666626227,0.0,0.0
126.77226949995384,571446.5895725,0.2656235000001021,-0.4283099999999906,5.384145999999992,0.3570124502246181,-0.3437530772338641,5.702010586778598,0.0782408800000012,-0.0191313599999994,0.0012361200000011,5.723508434470796,1.0,0.0,0.0,0.0,3108.99,0.0,0.0,0.0,0.0,0.0,5.252850814344624,0.0,0.0
126.88213349995203,571446.6994365,0.3706235000001021,-0.3983099999999907,5.224145999999992,0.3602662699943721,-0.3567953037190771,5.587773605401435,0.0750408800000012,-0.0187313599999994,0.0012361200000011,5.610731551168047,1.0,0.0,0.0,0.0,3081.62,0.0,0.0,0.0,0.0,0.0,5.039145765494175,0.0,0.0
126.9846111999359,571446.8019142,0.2906235000001023,-0.3683099999999907,5.104145999999992,0.3436176627549842,-0.3595479750427126,5.472158932792681,0.0738408800000012,-0.0187313599999994,0.0008361200000011,5.494713025286876,1.0,0.0,0.0,0.0,3070.38,0.0,0.0,0.0,0.0,0.0,4.956264601744553,0.0,0.0
127.09547499998008,571446.912778,0.2906235000001023,-0.3733099999999907,5.114145999999993,0.3309490253392292,-0.3628378865202605,5.386573355062541,0.0738408800000012,-0.0191313599999994,0.0024361200000011,5.408914040612699,1.0,0.0,0.0,0.0,3061.09,0.0,0.0,0.0,0.0,0.0,4.889749825185861,0.0,0.0
127.20711109996772,571447.0244141,0.2656235000001021,-0.4083099999999907,5.114145999999993,0.3153324866207478,-0.373708323720435,5.321447627925686,0.0734408800000012,-0.0199313599999994,-0.0007638799999988,5.343865393616522,1.0,0.0,0.0,0.0,3056.21,0.0,0.0,0.0,0.0,0.0,4.8555026991000885,0.0,0.0
127.3189882999286,571447.1362913,0.1706235000001021,-0.4633099999999907,5.214145999999992,0.2807387580477,-0.3951282516826892,5.295796398664862,0.0754408800000012,-0.0203313599999994,-0.0011638799999988,5.317931936538837,1.0,0.0,0.0,0.0,3060.61,0.0,0.0,0.0,0.0,0.0,4.8863604104987575,0.0,0.0
127.42965760000516,571447.2469606,0.1656235000001023,-0.3433099999999907,5.144145999999992,0.2532196240636133,-0.3827407243030634,5.259543275400584,0.0750408800000012,-0.0211313599999994,-0.0015638799999988,5.279527072178194,1.0,0.0,0.0,0.0,3070.38,0.0,0.0,0.0,0.0,0.0,4.956264601744553,0.0,0.0
127.54051910003182,571447.3578221,0.1556235000001022,-0.3733099999999907,5.024145999999992,0.229888565609826,-0.380486241534533,5.203269856297798,0.0726408800000012,-0.0207313599999994,-0.0015638799999988,5.222225170370627,1.0,0.0,0.0,0.0,3066.47,0.0,0.0,0.0,0.0,0.0,4.928055592548731,0.0,0.0
127.64428120001683,571447.4615842,0.0906235000001023,-0.3633099999999907,4.884145999999992,0.1965962456792051,-0.3763801369212187,5.126980993223308,0.0698408800000012,-0.0195313599999994,-0.0015638799999988,5.14453556661406,1.0,0.0,0.0,0.0,3034.7,0.0,0.0,0.0,0.0,0.0,4.709938390360827,0.0,0.0
127.75459869997576,571447.5719017,0.2306235000001022,-0.3083099999999906,4.904145999999993,0.2047307066242536,-0.3601074789780305,5.073710678420035,0.0718408800000012,-0.0195313599999994,0.0008361200000011,5.090592510402328,1.0,0.0,0.0,0.0,3015.64,0.0,0.0,0.0,0.0,0.0,4.587820856154165,0.0,0.0
127.86630380002316,571447.6836068,0.2106235000001022,-0.2733099999999907,4.804145999999992,0.2061394214479954,-0.3393579146371333,5.009269294813431,0.0682408800000012,-0.0187313599999994,-0.0003638799999988,5.024981206259624,1.0,0.0,0.0,0.0,3007.82,0.0,0.0,0.0,0.0,0.0,4.539457841506312,0.0,0.0
127.97707249992528,571447.7943755,0.3106235000001023,-0.1933099999999906,4.684145999999992,0.2311170951781831,-0.3044441056498471,4.931546222624171,0.0654408800000012,-0.0183313599999994,3.612000000116633e-05,4.946336975078352,1.0,0.0,0.0,0.0,2983.38,0.0,0.0,0.0,0.0,0.0,4.394379979458565,0.0,0.0
128.08712000004016,571447.904423,0.2656235000001021,-0.0233099999999907,4.564145999999992,0.2393661005116976,-0.2372369668909185,4.843716545449686,0.0626408800000012,-0.0171313599999994,-0.0003638799999988,4.855426601360257,1.0,0.0,0.0,0.0,2972.63,0.0,0.0,0.0,0.0,0.0,4.333313574830362,0.0,0.0
128.19876900000963,571448.016072,0.3956235000001022,0.0716900000000093,4.494145999999993,0.2767205606020217,-0.1633857438875023,4.7601491813984085,0.0590408800000012,-0.0163313599999994,-0.0007638799999988,4.770984112228159,1.0,0.0,0.0,0.0,2956.99,0.0,0.0,0.0,0.0,0.0,4.247267351882465,0.0,0.0
128.3096094999928,571448.1269125,0.4006235000001021,0.1666900000000093,4.444145999999992,0.3063404532917302,-0.0844787529725211,4.684606338201158,0.0582408800000012,-0.0167313599999994,-0.0003638799999988,4.695371942342932,1.0,0.0,0.0,0.0,2935.97,0.0,0.0,0.0,0.0,0.0,4.136533550238101,0.0,0.0
128.42048780003097,571448.2377908,0.2756235000001021,0.0516900000000093,4.494145999999993,0.2989973437200544,-0.0519266289443784,4.639075418542834,0.0598408800000012,-0.0175313599999994,-0.0003638799999988,4.648990914733384,1.0,0.0,0.0,0.0,2932.55,0.0,0.0,0.0,0.0,0.0,4.119022834411182,0.0,0.0
128.5304486999521,571448.3477517,0.2306235000001022,-0.0483099999999906,4.604145999999992,0.2826520824727715,-0.051062047670103,4.630725288723647,0.0614408800000012,-0.0175313599999994,-0.0003638799999988,4.639624578784706,1.0,0.0,0.0,0.0,2946.73,0.0,0.0,0.0,0.0,0.0,4.192537144614723,0.0,0.0
128.64129920001142,571448.4586022,0.3456235000001022,0.1166900000000093,4.594145999999992,0.2977058547136846,-0.0109597088990781,4.621980745519716,0.0598408800000012,-0.0167313599999994,-0.0007638799999988,4.6315715370816575,1.0,0.0,0.0,0.0,2956.5,0.0,0.0,0.0,0.0,0.0,4.244623245676653,0.0,0.0
128.75214350002352,571448.5694465,0.4056235000001023,0.2716900000000093,4.534145999999993,0.3235043473744587,0.0566097457647069,4.60098321511922,0.0574408800000012,-0.0167313599999994,3.612000000116633e-05,4.612689700369462,1.0,0.0,0.0,0.0,2941.84,0.0,0.0,0.0,0.0,0.0,4.166912213776239,0.0,0.0
128.86212169995997,571448.6794247,0.2706235000001022,0.3116900000000093,4.394145999999992,0.3108627988189645,0.1175885231401068,4.551537284733451,0.0546408800000012,-0.0167313599999994,-0.0031638799999988,4.563655814671236,1.0,0.0,0.0,0.0,2938.91,0.0,0.0,0.0,0.0,0.0,4.151697210477587,0.0,0.0
128.9644720000215,571448.781775,0.2556235000001021,0.1366900000000093,4.404145999999993,0.2976574454091261,0.1221548691650989,4.516302333420658,0.0570408800000012,-0.0167313599999994,-0.0019638799999988,4.527748726876206,1.0,0.0,0.0,0.0,2935.0,0.0,0.0,0.0,0.0,0.0,4.13155307432541,0.0,0.0
129.07458549994044,571448.8918885,0.2706235000001022,0.1666900000000093,4.254145999999992,0.2911947854764019,0.1328013138956313,4.453631968201155,0.0538408800000012,-0.0163313599999994,-0.0019638799999988,4.465116829405962,1.0,0.0,0.0,0.0,2928.64,0.0,0.0,0.0,0.0,0.0,4.0991706092176745,0.0,0.0
129.18550100002903,571449.002804,0.2806235000001023,0.1966900000000093,4.224145999999992,0.2886676433204417,0.1480743658158786,4.398771689785375,0.0522408800000012,-0.0155313599999994,-0.0023638799999988,4.410719601716848,1.0,0.0,0.0,0.0,2920.33,0.0,0.0,0.0,0.0,0.0,4.057559744970073,0.0,0.0
129.2954224999994,571449.1127255,0.3456235000001022,0.4266900000000093,4.154145999999993,0.3022833522866496,0.2146794457784681,4.340292151561432,0.0498408800000012,-0.0143313599999994,-0.0003638799999988,4.356098994560979,1.0,0.0,0.0,0.0,2876.34,0.0,0.0,0.0,0.0,0.0,3.8495964488576577,0.0,0.0
129.40628689993173,571449.2235899,0.3756235000001022,0.3716900000000093,4.064145999999992,0.3198158443782253,0.2522139529482451,4.274277419258378,0.0490408800000012,-0.0131313599999994,0.0008361200000011,4.293639657581805,1.0,0.0,0.0,0.0,2847.02,0.0,0.0,0.0,0.0,0.0,3.721428648634295,0.0,0.0
129.5171036999673,571449.3344067,0.3156235000001022,0.0666900000000093,4.029145999999993,0.3188136341707713,0.2078631118431599,4.215676982750721,0.0514408800000012,-0.0135313599999994,3.612000000116633e-05,4.232821946348857,1.0,0.0,0.0,0.0,2846.04,0.0,0.0,0.0,0.0,0.0,3.7172769739029348,0.0,0.0
129.62963229999878,571449.4469353,0.3656235000001022,0.0966900000000093,3.969145999999992,0.33000387073352,0.1812863763857758,4.156741970480317,0.0502408800000012,-0.0131313599999994,0.0004361200000011,4.173759829472076,1.0,0.0,0.0,0.0,2850.44,0.0,0.0,0.0,0.0,0.0,3.7359822101313025,0.0,0.0
129.74139199999627,571449.558695,0.3356235000001022,0.1516900000000093,3.959145999999993,0.3313472837037104,0.1742111488180575,4.109505226380631,0.0518408800000012,-0.0139313599999994,0.0008361200000011,4.12652078056564,1.0,0.0,0.0,0.0,2843.6,0.0,0.0,0.0,0.0,0.0,3.7069759568509006,0.0,0.0
129.85210729995742,571449.6694103,0.4156235000001023,0.0066900000000093,3.939145999999992,0.3514941219879397,0.134164008085542,4.068779622705611,0.0526408800000012,-0.0135313599999994,0.0024361200000011,4.086137016425424,1.0,0.0,0.0,0.0,2841.64,0.0,0.0,0.0,0.0,0.0,3.6987381516873374,0.0,0.0
129.95478309993632,571449.7720861,0.3556235000001022,-0.0283099999999907,3.8691459999999926,0.3524812796307663,0.095323422803714,4.021055763122262,0.0514408800000012,-0.0131313599999994,0.0020361200000011,4.037600656028765,1.0,0.0,0.0,0.0,2827.47,0.0,0.0,0.0,0.0,0.0,3.6401372140888975,0.0,0.0
130.06660679995548,571449.8839098,0.2906235000001023,-0.0683099999999906,3.899145999999992,0.3376937305735379,0.0562056710583464,3.991912353619215,0.0518408800000012,-0.0131313599999994,0.0008361200000011,4.006564659668616,1.0,0.0,0.0,0.0,2829.91,0.0,0.0,0.0,0.0,0.0,3.6501101933551454,0.0,0.0
130.17807190003805,571449.9953749,0.3556235000001022,0.0416900000000093,3.879145999999992,0.3419799714726322,0.0527355950362943,3.9649547422063023,0.0514408800000012,-0.0131313599999994,0.0020361200000011,3.98002480540216,1.0,0.0,0.0,0.0,2829.91,0.0,0.0,0.0,0.0,0.0,3.6501101933551454,0.0,0.0
130.28804729995318,571450.1053503,0.2956235000001022,0.0316900000000093,3.889145999999992,0.3308981221060211,0.0477044935176851,3.9468321147690433,0.0514408800000012,-0.0131313599999994,3.612000000116633e-05,3.960966173560101,1.0,0.0,0.0,0.0,2830.89,0.0,0.0,0.0,0.0,0.0,3.654129365630332,0.0,0.0
130.39815799996722,571450.215461,0.3206235000001023,0.0466900000000093,3.8691459999999926,0.3284418994717312,0.0474619715139785,3.928260687859253,0.0502408800000012,-0.0135313599999994,0.0008361200000011,3.942253004545629,1.0,0.0,0.0,0.0,2830.89,0.0,0.0,0.0,0.0,0.0,3.654129365630332,0.0,0.0
130.50964750000276,571450.3269505,0.3406235000001023,0.0316900000000093,3.879145999999992,0.3313539990731781,0.0436915677929822,3.916519466941113,0.0506408800000012,-0.0131313599999994,3.612000000116633e-05,3.9307542737656207,1.0,0.0,0.0,0.0,2825.02,0.0,0.0,0.0,0.0,0.0,3.630171776572944,0.0,0.0
130.62045839999337,571450.4377614,0.3156235000001022,0.0466900000000093,3.879145999999992,0.327593509638758,0.0444083646715789,3.907585069697462,0.0510408800000012,-0.0131313599999994,0.0020361200000011,3.921544426285741,1.0,0.0,0.0,0.0,2829.42,0.0,0.0,0.0,0.0,0.0,3.648103543034731,0.0,0.0
130.73216449993197,571450.5494675,0.3156235000001022,0.0166900000000093,3.919145999999993,0.3247319923679478,0.0377820893701649,3.9103487935979415,0.0518408800000012,-0.0131313599999994,0.0004361200000011,3.923991085710736,1.0,0.0,0.0,0.0,2833.82,0.0,0.0,0.0,0.0,0.0,3.6661927905435023,0.0,0.0
130.8344148999313,571450.6517179,0.3706235000001021,0.0016900000000092,3.919145999999993,0.3357026887697993,0.0291540146910267,3.912451829335946,0.0526408800000012,-0.0135313599999994,0.0016361200000011,3.9269359007620777,1.0,0.0,0.0,0.0,2831.87,0.0,0.0,0.0,0.0,0.0,3.6581563878194743,0.0,0.0
130.9446750000352,571450.761978,0.2906235000001023,-0.0183099999999907,3.899145999999992,0.3249261830598934,0.0178073991175751,3.909270974717055,0.0514408800000012,-0.0139313599999994,0.0012361200000011,3.922791567451225,1.0,0.0,0.0,0.0,2827.47,0.0,0.0,0.0,0.0,0.0,3.6401372140888975,0.0,0.0
131.05466849997174,571450.8719715,0.3856235000001022,-0.0633099999999906,4.009145999999992,0.3394363151282377,-0.0015843011019902,3.933146820969241,0.0530408800000012,-0.0147313599999994,-0.0011638799999988,3.947766892477096,1.0,0.0,0.0,0.0,2827.47,0.0,0.0,0.0,0.0,0.0,3.6401372140888975,0.0,0.0
131.16549679997843,571450.9827998,0.2156235000001023,-0.1083099999999906,3.979145999999992,0.3098379672962822,-0.0270978503684565,3.944143256996703,0.0530408800000012,-0.0147313599999994,3.612000000116633e-05,3.9563872271537632,1.0,0.0,0.0,0.0,2852.4,0.0,0.0,0.0,0.0,0.0,3.744368767534234,0.0,0.0
131.27629660000093,571451.0935996,0.2856235000001021,-0.0483099999999906,3.919145999999993,0.3040493239732456,-0.0321687679661855,3.9381674821411865,0.0522408800000012,-0.0143313599999994,-0.0011638799999988,3.95001822001308,1.0,0.0,0.0,0.0,2842.62,0.0,0.0,0.0,0.0,0.0,3.702852973654665,0.0,0.0
131.38632009993307,571451.2036231,0.3306235000001023,-0.0933099999999906,3.919145999999993,0.3104020727139677,-0.0467850211443238,3.933620259431552,0.0514408800000012,-0.0139313599999994,-0.0003638799999988,3.946125521363829,1.0,0.0,0.0,0.0,2839.2,0.0,0.0,0.0,0.0,0.0,3.688528367724978,0.0,0.0
131.49713489995338,571451.3144379,0.3156235000001022,0.0216900000000093,3.8691459999999926,0.311650292624276,-0.0304155727028764,3.918207221977488,0.0510408800000012,-0.0135313599999994,0.0004361200000011,3.930699536509015,1.0,0.0,0.0,0.0,2837.73,0.0,0.0,0.0,0.0,0.0,3.6824015618607886,0.0,0.0
131.60808030003682,571451.4253833,0.3556235000001022,-0.0283099999999907,3.8691459999999926,0.3221624054927981,-0.0299122203384141,3.9064787824646,0.0506408800000012,-0.0139313599999994,3.612000000116633e-05,3.9198545680018007,1.0,0.0,0.0,0.0,2839.69,0.0,0.0,0.0,0.0,0.0,3.690574666337182,0.0,0.0
131.71968019998167,571451.5369832,0.3456235000001022,0.0066900000000093,3.839145999999992,0.3277709496085822,-0.0211621951663239,3.890382394430629,0.0502408800000012,-0.0131313599999994,-0.0015638799999988,3.904222945581792,1.0,0.0,0.0,0.0,2831.38,0.0,0.0,0.0,0.0,0.0,3.656141893902053,0.0,0.0
131.829692899948,571451.6469959,0.3606235000001023,0.0416900000000093,3.929145999999992,0.3356245890937092,-0.0061369238920231,3.89964911435518,0.0510408800000012,-0.0135313599999994,3.612000000116633e-05,3.9140700992356177,1.0,0.0,0.0,0.0,2833.33,0.0,0.0,0.0,0.0,0.0,3.664170442620309,0.0,0.0
131.94048230000772,571451.7577853,0.3756235000001022,-0.0433099999999906,3.969145999999992,0.3451866176824428,-0.0150234162594626,3.9162628468870175,0.0518408800000012,-0.0135313599999994,0.0008361200000011,3.931474811056376,1.0,0.0,0.0,0.0,2841.15,0.0,0.0,0.0,0.0,0.0,3.696683792831518,0.0,0.0
132.04436960001476,571451.8616726,0.3356235000001022,-0.0433099999999906,3.9091459999999927,0.3429004853202402,-0.0217855284339045,3.914561513229344,0.0518408800000012,-0.0135313599999994,0.0016361200000011,3.9296115829606375,1.0,0.0,0.0,0.0,2843.11,0.0,0.0,0.0,0.0,0.0,3.7049134434288318,0.0,0.0
132.15545670001302,571451.9727597,0.2906235000001023,0.0316900000000093,3.899145999999992,0.3304032943508713,-0.0090018170753786,3.910876323436201,0.0518408800000012,-0.0135313599999994,0.0016361200000011,3.9248185928578176,1.0,0.0,0.0,0.0,2843.11,0.0,0.0,0.0,0.0,0.0,3.7049134434288318,0.0,0.0
132.26797980000265,571452.0852828,0.2856235000001021,-0.0233099999999907,3.939145999999992,0.3196983610395188,-0.0124222915602502,3.917634393827913,0.0518408800000012,-0.0143313599999994,-0.0011638799999988,3.930676862714914,1.0,0.0,0.0,0.0,2843.11,0.0,0.0,0.0,0.0,0.0,3.7049134434288318,0.0,0.0
132.3788153999485,571452.1961184,0.3106235000001023,-0.0783099999999906,3.929145999999992,0.3175289499547831,-0.0281732242099251,3.9203863264387095,0.0514408800000012,-0.0135313599999994,0.0016361200000011,3.933325223414582,1.0,0.0,0.0,0.0,2846.04,0.0,0.0,0.0,0.0,0.0,3.7172769739029348,0.0,0.0
132.4897278000135,571452.3070308,0.3956235000001022,-0.0083099999999907,3.9491459999999927,0.336198016267743,-0.0234247769783416,3.92726153415222,0.0518408800000012,-0.0135313599999994,0.0008361200000011,3.941695191659357,1.0,0.0,0.0,0.0,2847.02,0.0,0.0,0.0,0.0,0.0,3.721428648634295,0.0,0.0
132.59962500003166,571452.416928,0.3806235000001021,-0.0183099999999907,3.939145999999992,0.3468182490663626,-0.0222020525945091,3.930102601561884,0.0518408800000012,-0.0131313599999994,0.0020361200000011,3.945438161703761,1.0,0.0,0.0,0.0,2852.4,0.0,0.0,0.0,0.0,0.0,3.744368767534234,0.0,0.0
132.71059739997145,571452.5279004,0.3806235000001021,-0.0183099999999907,3.959145999999993,0.354899638498045,-0.0212716293071168,3.937045635756717,0.0514408800000012,-0.0131313599999994,0.0004361200000011,3.953066477261726,1.0,0.0,0.0,0.0,2847.02,0.0,0.0,0.0,0.0,0.0,3.721428648634295,0.0,0.0
132.821299299947,571452.6386023,0.5406235000001023,0.1716900000000093,3.9891459999999928,0.3992982691869828,0.0248572420584395,3.94950060418182,0.0510408800000012,-0.0119313599999994,0.0012361200000011,3.96971182993061,1.0,0.0,0.0,0.0,2844.57,0.0,0.0,0.0,0.0,0.0,3.7110649317992372,0.0,0.0
132.92423220002092,571452.7415352,0.5206235000001023,0.0616900000000093,4.019145999999992,0.428301942019093,0.0336623789098757,3.9661498391433794,0.0510408800000012,-0.0119313599999994,0.0032361200000011,3.989350856446228,1.0,0.0,0.0,0.0,2850.44,0.0,0.0,0.0,0.0,0.0,3.7359822101313025,0.0,0.0
133.03468989999965,571452.8519929,0.4456235000001023,0.0216900000000093,4.009145999999992,0.4324427855786447,0.0308002952476679,3.97642838198368,0.0518408800000012,-0.0127313599999994,0.0020361200000011,3.999992262246479,1.0,0.0,0.0,0.0,2841.64,0.0,0.0,0.0,0.0,0.0,3.6987381516873374,0.0,0.0
133.14482970000245,571452.9621327,0.4506235000001022,0.0466900000000093,3.959145999999993,0.4367890166914971,0.0345988439497562,3.97229690372928,0.0518408800000012,-0.0119313599999994,0.0012361200000011,3.9963889220748032,1.0,0.0,0.0,0.0,2842.13,0.0,0.0,0.0,0.0,0.0,3.7007945441858556,0.0,0.0
133.2555075000273,571453.0728105,0.4406235000001022,-0.0083099999999907,3.969145999999992,0.4377056776252337,0.0243411748467854,3.971543657431892,0.0526408800000012,-0.0127313599999994,0.0016361200000011,3.9956648728222657,1.0,0.0,0.0,0.0,2843.11,0.0,0.0,0.0,0.0,0.0,3.7049134434288318,0.0,0.0
133.36558089999016,571453.1828839,0.5056235000001021,-0.1433099999999907,3.9491459999999927,0.4539419236758537,-0.0157370495471549,3.966189335630839,0.0534408800000012,-0.0123313599999994,0.0028361200000011,3.992113321396423,1.0,0.0,0.0,0.0,2844.57,0.0,0.0,0.0,0.0,0.0,3.7110649317992372,0.0,0.0
133.4763990000356,571453.293702,0.4006235000001021,-0.0533099999999906,3.959145999999993,0.4411957693446301,-0.0247191347652717,3.9645055753699694,0.0526408800000012,-0.0119313599999994,0.0032361200000011,3.989056179054229,1.0,0.0,0.0,0.0,2845.55,0.0,0.0,0.0,0.0,0.0,3.7152042339237186,0.0,0.0
133.58800460002385,571453.4053076,0.3956235000001022,-0.0283099999999907,3.9891459999999928,0.4303013891614888,-0.0255775570386438,3.970396046870612,0.0530408800000012,-0.0123313599999994,0.0020361200000011,3.993727364999288,1.0,0.0,0.0,0.0,2843.6,0.0,0.0,0.0,0.0,0.0,3.7069759568509006,0.0,0.0
133.6979890000075,571453.515292,0.4256235000001023,-0.1133099999999907,3.9091459999999927,0.4291831059662092,-0.0465506312735664,3.955753780719697,0.0526408800000012,-0.0115313599999994,0.0024361200000011,3.9792402633413513,1.0,0.0,0.0,0.0,2842.62,0.0,0.0,0.0,0.0,0.0,3.702852973654665,0.0,0.0
133.80798179993872,571453.6252848,0.4506235000001022,-0.0483099999999906,3.859145999999992,0.4343085870370708,-0.0469712210766129,3.932658992881654,0.0514408800000012,-0.0115313599999994,0.0024361200000011,3.95684685054609,1.0,0.0,0.0,0.0,2831.38,0.0,0.0,0.0,0.0,0.0,3.656141893902053,0.0,0.0
133.91964899993036,571453.736952,0.5256235000001023,0.0416900000000093,3.789145999999993,0.4561380766042647,-0.0257761157241021,3.898351175251304,0.0498408800000012,-0.0115313599999994,0.0032361200000011,3.925030985693397,1.0,0.0,0.0,0.0,2822.58,0.0,0.0,0.0,0.0,0.0,3.6202948472289336,0.0,0.0
134.03045770002063,571453.8477607,0.5156235000001022,0.1566900000000093,3.719145999999992,0.4703584967665798,0.0178437273039304,3.855510883599058,0.0474408800000012,-0.0115313599999994,0.0008361200000011,3.88413692956819,1.0,0.0,0.0,0.0,2812.32,0.0,0.0,0.0,0.0,0.0,3.5792770390675557,0.0,0.0
134.14214769995306,571453.9594507,0.4506235000001022,0.0466900000000093,3.569145999999992,0.4656407032316198,0.0247396371661718,3.787053289586267,0.0466408800000012,-0.0115313599999994,0.0036361200000011,3.815652753110445,1.0,0.0,0.0,0.0,2785.44,0.0,0.0,0.0,0.0,0.0,3.475589754282398,0.0,0.0
134.244601399987,571454.0619044,0.4206235000001022,0.0966900000000093,3.2841459999999927,0.4548790156123751,0.0419398911430107,3.666829669204196,0.0410408800000012,-0.0095313599999994,0.0028361200000011,3.695174379683552,1.0,0.0,0.0,0.0,2724.34,0.0,0.0,0.0,0.0,0.0,3.2582740825244842,0.0,0.0
134.35642520000692,571454.1737282,0.5806235000001022,0.3816900000000093,2.894145999999992,0.4849391429344626,0.1231596088877939,3.48211405651492,0.0322408800000012,-0.0079313599999994,0.0040361200000011,3.517876143952512,1.0,0.0,0.0,0.0,2586.02,0.0,0.0,0.0,0.0,0.0,2.84230115010335,0.0,0.0
134.46637449995615,571454.2836775,0.4606235000001022,0.4066900000000093,2.704145999999992,0.4791263128442656,0.1909395969963326,3.296135172866658,0.0302408800000012,-0.0083313599999994,0.0040361200000011,3.3362444501519333,1.0,0.0,0.0,0.0,2521.51,0.0,0.0,0.0,0.0,0.0,2.6766670092148623,0.0,0.0
134.57813709997572,571454.3954401,0.4706235000001022,0.1216900000000093,2.6541459999999923,0.4770936540128586,0.1743849806022325,3.1426630236130304,0.0318408800000012,-0.0079313599999994,0.0052361200000011,3.1834508565617243,1.0,0.0,0.0,0.0,2513.69,0.0,0.0,0.0,0.0,0.0,2.6576088745032953,0.0,0.0
134.68968269997276,571454.5069857,0.5406235000001023,0.1116900000000093,2.6541459999999923,0.4922809226109836,0.1593972926051391,3.0258795002615404,0.0318408800000012,-0.0071313599999994,0.0032361200000011,3.069803699548165,1.0,0.0,0.0,0.0,2518.08,0.0,0.0,0.0,0.0,0.0,2.6682820595936274,0.0,0.0
134.79967199999373,571454.616975,0.5456235000001023,0.0166900000000093,2.519145999999992,0.5050328510618647,0.1252820834459586,2.9047411965784886,0.0302408800000012,-0.0071313599999994,0.0068361200000011,2.9509786851457376,1.0,0.0,0.0,0.0,2489.25,0.0,0.0,0.0,0.0,0.0,2.5993611570264075,0.0,0.0
134.91048339998815,571454.7277864,0.4306235000001022,0.0466900000000093,2.289145999999992,0.4872447581863667,0.1064940781795904,2.757578718016357,0.0278408800000012,-0.0059313599999994,0.0060361200000011,2.8023184738933846,1.0,0.0,0.0,0.0,2422.78,0.0,0.0,0.0,0.0,0.0,2.4502877283940685,0.0,0.0
135.0224734999938,571454.8397765,0.4806235000001022,0.0016900000000092,2.269145999999992,0.4856618985875487,0.0814399062269023,2.6408153485267425,0.0270408800000012,-0.0063313599999994,0.0056361200000011,2.686336844679075,1.0,0.0,0.0,0.0,2371.46,0.0,0.0,0.0,0.0,0.0,2.343595205108855,0.0,0.0
135.12484740000218,571454.9421504,0.6256235000001023,0.1066900000000093,2.159145999999992,0.5191207304333396,0.0874761235402107,2.5256688113695684,0.0246408800000012,-0.0047313599999994,0.0064361200000011,2.5799498734820867,1.0,0.0,0.0,0.0,2357.28,0.0,0.0,0.0,0.0,0.0,2.3152871645348694,0.0,0.0
135.2363880999619,571455.0536911,0.4806235000001022,-0.0233099999999907,2.1091459999999924,0.509917689409269,0.0609919004320995,2.426096024513039,0.0262408800000012,-0.0063313599999994,0.0060361200000011,2.4798544275922283,1.0,0.0,0.0,0.0,2327.47,0.0,0.0,0.0,0.0,0.0,2.257322585335353,0.0,0.0
135.3472000999609,571455.1645031,0.5156235000001022,-0.1483099999999907,2.059145999999992,0.511281704647562,0.0109567692183632,2.338373970449076,0.0270408800000012,-0.0063313599999994,0.0064361200000011,2.3936419652848664,1.0,0.0,0.0,0.0,2314.76,0.0,0.0,0.0,0.0,0.0,2.233221086388888,0.0,0.0
135.45889979996718,571455.2762028,0.4506235000001022,-0.2133099999999906,2.099145999999992,0.4967809226553312,-0.0426558219791153,2.2811847960234983,0.0274408800000012,-0.0063313599999994,0.0044361200000011,2.3350406587191936,1.0,0.0,0.0,0.0,2305.96,0.0,0.0,0.0,0.0,0.0,2.2167411422608274,0.0,0.0
135.56973849993665,571455.3870415,0.4756235000001023,-0.0283099999999907,2.1791459999999923,0.4917230879366143,-0.0392263496063726,2.256791684745542,0.0274408800000012,-0.0067313599999994,0.0036361200000011,2.3100733776332696,1.0,0.0,0.0,0.0,2314.27,0.0,0.0,0.0,0.0,0.0,2.2322990364997652,0.0,0.0
135.6754421000369,571455.4927451,0.3706235000001021,-0.0383099999999906,2.1491459999999925,0.4627733566641133,-0.0390072896136142,2.2310582062166,0.0266408800000012,-0.0067313599999994,0.0040361200000011,2.2788816265457057,1.0,0.0,0.0,0.0,2318.67,0.0,0.0,0.0,0.0,0.0,2.240597489963216,0.0,0.0
135.7864308999851,571455.6037339,0.4956235000001023,-0.0883099999999906,2.1891459999999925,0.470626420725228,-0.0507934586750632,2.221038790563058,0.0274408800000012,-0.0071313599999994,0.0044361200000011,2.2709210713969408,1.0,0.0,0.0,0.0,2321.11,0.0,0.0,0.0,0.0,0.0,2.245217697626806,0.0,0.0
135.896385799977,571455.7136888,0.5206235000001023,-0.0283099999999907,2.1491459999999925,0.4825785836853229,-0.0454186254670347,2.203852299653428,0.0266408800000012,-0.0067313599999994,0.0044361200000011,2.256526068907414,1.0,0.0,0.0,0.0,2324.54,0.0,0.0,0.0,0.0,0.0,2.2517347756155237,0.0,0.0
136.00718620000407,571455.8244892,0.4806235000001022,-0.0733099999999906,2.119145999999992,0.4821112068076074,-0.052086260025569,2.183602646835942,0.0262408800000012,-0.0067313599999994,0.0040361200000011,2.236797870501908,1.0,0.0,0.0,0.0,2313.29,0.0,0.0,0.0,0.0,0.0,2.230456507045579,0.0,0.0
136.11886329995468,571455.9361663,0.5056235000001021,-0.0083099999999907,2.099145999999992,0.4877319903389256,-0.0416212288437947,2.1634126753278715,0.0254408800000012,-0.0059313599999994,0.0048361200000011,2.2181003640186656,1.0,0.0,0.0,0.0,2310.36,0.0,0.0,0.0,0.0,0.0,2.224960170775435,0.0,0.0
136.2314123000251,571456.0487153,0.5756235000001022,-0.0933099999999906,2.0491459999999924,0.5087430906174785,-0.0539778029682431,2.136096401172765,0.0254408800000012,-0.0055313599999994,0.0044361200000011,2.196506537793033,1.0,0.0,0.0,0.0,2299.61,0.0,0.0,0.0,0.0,0.0,2.20495268490595,0.0,0.0
136.3422453999519,571456.1595484,0.5406235000001023,-0.0683099999999906,1.9491459999999925,0.5163643327720606,-0.057404018198894,2.091404557315497,0.0242408800000012,-0.0051313599999994,0.0068361200000011,2.1549710828279216,1.0,0.0,0.0,0.0,2272.24,0.0,0.0,0.0,0.0,0.0,2.1551050839562977,0.0,0.0
136.45297989994287,571456.2702829,0.5356235000001023,-0.1433099999999907,1.9441459999999924,0.5209683758186502,-0.0779404636998145,2.056201335450737,0.0246408800000012,-0.0051313599999994,0.0068361200000011,2.122603753976295,1.0,0.0,0.0,0.0,2280.55,0.0,0.0,0.0,0.0,0.0,2.1700771082360277,0.0,0.0
136.56313369993586,571456.3804367,0.6406235000001023,-0.0833099999999906,2.0291459999999923,0.5495727975962602,-0.0792240901398114,2.0497335620740262,0.0246408800000012,-0.0055313599999994,0.0064361200000011,2.1236088132725706,1.0,0.0,0.0,0.0,2282.5,0.0,0.0,0.0,0.0,0.0,2.173610700058827,0.0,0.0
136.66520569997374,571456.4825087,0.5306235000001023,-0.0433099999999906,2.0691459999999924,0.54504283112355,-0.0706385674624818,2.0543742455881224,0.0254408800000012,-0.0055313599999994,0.0064361200000011,2.1266205669813534,1.0,0.0,0.0,0.0,2286.9,0.0,0.0,0.0,0.0,0.0,2.181612559716532,0.0,0.0
136.77636260003783,571456.5936656,0.5256235000001023,0.0016900000000092,2.1091459999999924,0.540400499740802,-0.0533479009371603,2.0674678291301105,0.0258408800000012,-0.0063313599999994,0.0056361200000011,2.1375925531172872,1.0,0.0,0.0,0.0,2293.26,0.0,0.0,0.0,0.0,0.0,2.1932495951483775,0.0,0.0
136.8863347999286,571456.7036378,0.4006235000001021,-0.0933099999999906,2.1291459999999924,0.5069857982581584,-0.0629011293887758,2.08221244141565,0.0262408800000012,-0.0055313599999994,0.0060361200000011,2.143968237381321,1.0,0.0,0.0,0.0,2304.01,0.0,0.0,0.0,0.0,0.0,2.213111916649804,0.0,0.0
136.9971574000083,571456.8144604,0.5256235000001023,-0.0233099999999907,2.119145999999992,0.5114412754910715,-0.0534365839174813,2.0910416753888854,0.0266408800000012,-0.0063313599999994,0.0052361200000011,2.1533422707479324,1.0,0.0,0.0,0.0,2302.05,0.0,0.0,0.0,0.0,0.0,2.2094722640991535,0.0,0.0
137.10979369992856,571456.9270967,0.5456235000001023,-0.1333099999999907,2.099145999999992,0.5196127831790377,-0.0725309010064673,2.092979072729656,0.0266408800000012,-0.0059313599999994,0.0052361200000011,2.1577348249792343,1.0,0.0,0.0,0.0,2312.32,0.0,0.0,0.0,0.0,0.0,2.228634837333122,0.0,0.0
137.22051290003583,571457.0378159,0.5306235000001023,-0.0483099999999906,2.1091459999999924,0.5222449745722448,-0.0667407196585097,2.0968438934772187,0.0254408800000012,-0.0059313599999994,0.0048361200000011,2.1619316480266444,1.0,0.0,0.0,0.0,2309.87,0.0,0.0,0.0,0.0,0.0,2.2240428041117433,0.0,0.0
137.33144179999363,571457.1487448,0.4056235000001023,-0.1183099999999907,2.0491459999999924,0.4943657686476439,-0.0790687286405453,2.0854413674904744,0.0246408800000012,-0.0055313599999994,0.0072361200000011,2.144694634277791,1.0,0.0,0.0,0.0,2304.01,0.0,0.0,0.0,0.0,0.0,2.213111916649804,0.0,0.0
137.44215349992737,571457.2594565,0.5256235000001023,0.0716900000000093,2.019145999999992,0.5018381551211314,-0.0430287655366572,2.0695929809999494,0.0230408800000012,-0.0051313599999994,0.0048361200000011,2.1300019050703325,1.0,0.0,0.0,0.0,2293.74,0.0,0.0,0.0,0.0,0.0,2.1941312799123773,0.0,0.0
137.553587900009,571457.3708909,0.5456235000001023,-0.0383099999999906,1.9791459999999923,0.5123053581027346,-0.0419007105485919,2.047970976838131,0.0226408800000012,-0.0055313599999994,0.0048361200000011,2.1114917881575046,1.0,0.0,0.0,0.0,2295.7,0.0,0.0,0.0,0.0,0.0,2.1977365006767022,0.0,0.0
137.65571610000916,571457.4730191,0.4706235000001022,-0.0333099999999906,1.999145999999992,0.5023410088297846,-0.0398470391360002,2.036299013432349,0.0242408800000012,-0.0059313599999994,0.0040361200000011,2.0977244689867143,1.0,0.0,0.0,0.0,2298.63,0.0,0.0,0.0,0.0,0.0,2.203140995370902,0.0,0.0
137.7657229999313,571457.583026,0.3806235000001021,-0.1583099999999906,1.9491459999999925,0.4732435591041513,-0.0681664656608474,2.0154644560119053,0.0242408800000012,-0.0059313599999994,0.0040361200000011,2.071401242328878,1.0,0.0,0.0,0.0,2295.21,0.0,0.0,0.0,0.0,0.0,2.1968344402264144,0.0,0.0
137.87720939994324,571457.6945124,0.4456235000001023,-0.0433099999999906,2.0291459999999923,0.4666407844587742,-0.0622243479911885,2.0187351279324046,0.0242408800000012,-0.0063313599999994,0.0036361200000011,2.072900626646509,1.0,0.0,0.0,0.0,2284.95,0.0,0.0,0.0,0.0,0.0,2.1780613717594046,0.0,0.0
137.98891479999293,571457.8062178,0.5206235000001023,-0.0783099999999906,2.019145999999992,0.4795457425590496,-0.0660697393003804,2.018833349868141,0.0234408800000012,-0.0059313599999994,0.0048361200000011,2.0760581456687457,1.0,0.0,0.0,0.0,2287.88,0.0,0.0,0.0,0.0,0.0,2.183400220450969,0.0,0.0
138.09888499998488,571457.916188,0.4756235000001023,0.0416900000000093,2.0491459999999924,0.47860810214258,-0.0403089952062177,2.0260798078489435,0.0238408800000012,-0.0059313599999994,0.0040361200000011,2.082231955931968,1.0,0.0,0.0,0.0,2283.97,0.0,0.0,0.0,0.0,0.0,2.1762796256316665,0.0,0.0
138.21052409999538,571458.0278271,0.4506235000001022,0.0766900000000093,1.999145999999992,0.4719181808505495,-0.0123395402469768,2.019641086523309,0.0242408800000012,-0.0059313599999994,0.0040361200000011,2.0740803147525053,1.0,0.0,0.0,0.0,2298.63,0.0,0.0,0.0,0.0,0.0,2.203140995370902,0.0,0.0
138.32142309995834,571458.1387261,0.4906235000001022,-0.1183099999999907,1.999145999999992,0.4763898225131934,-0.0376725441402805,2.0147415880413844,0.0238408800000012,-0.0067313599999994,0.0036361200000011,2.070640033941117,1.0,0.0,0.0,0.0,2291.3,0.0,0.0,0.0,0.0,0.0,2.1896543756397704,0.0,0.0
138.4330856000306,571458.2503886,0.4956235000001023,-0.0933099999999906,2.0091459999999923,0.4809877720530372,-0.050973079866865,2.01340392229974,0.0230408800000012,-0.0059313599999994,0.0036361200000011,2.0706865639366177,1.0,0.0,0.0,0.0,2289.35,0.0,0.0,0.0,0.0,0.0,2.1860854365036055,0.0,0.0
138.53551089996472,571458.3528139,0.5256235000001023,0.0466900000000093,1.9891459999999923,0.4916582652499046,-0.0276260151446211,2.0076048907441986,0.0226408800000012,-0.0051313599999994,0.0040361200000011,2.067115972518557,1.0,0.0,0.0,0.0,2289.83,0.0,0.0,0.0,0.0,0.0,2.1869632117193336,0.0,0.0
138.64647050003987,571458.4637735,0.5256235000001023,0.0966900000000093,1.9791459999999923,0.4997778999685721,0.0020926262861984,2.000801587335849,0.0222408800000012,-0.0051313599999994,0.0044361200000011,2.0622777020244927,1.0,0.0,0.0,0.0,2281.52,0.0,0.0,0.0,0.0,0.0,2.1718338731597067,0.0,0.0
138.75650290003978,571458.5738059,0.4506235000001022,-0.0433099999999906,2.0291459999999923,0.4880271855838604,-0.0087611994984115,2.0075775239322144,0.0242408800000012,-0.0055313599999994,0.0056361200000011,2.0660626338723023,1.0,0.0,0.0,0.0,2294.72,0.0,0.0,0.0,0.0,0.0,2.195932883612216,0.0,0.0
138.86642099998426,571458.683724,0.4706235000001022,-0.0833099999999906,1.9591459999999925,0.4838667088276138,-0.0265826287698261,1.995999618285743,0.0246408800000012,-0.0055313599999994,0.0056361200000011,2.0539834722462627,1.0,0.0,0.0,0.0,2299.12,0.0,0.0,0.0,0.0,0.0,2.204046586233249,0.0,0.0
138.97800420003475,571458.7953072,0.4956235000001023,-0.0433099999999906,2.0091459999999923,0.4866772546838795,-0.0305814276944145,1.9991423557988777,0.0246408800000012,-0.0051313599999994,0.0056361200000011,2.057756091643408,1.0,0.0,0.0,0.0,2283.48,0.0,0.0,0.0,0.0,0.0,2.1753894917718735,0.0,0.0
139.08801780000795,571458.9053208,0.5206235000001023,-0.0033099999999907,1.9791459999999923,0.4947923498411831,-0.0240619959058859,1.9943620824992645,0.0234408800000012,-0.0047313599999994,0.0056361200000011,2.0549643707906804,1.0,0.0,0.0,0.0,2291.79,0.0,0.0,0.0,0.0,0.0,2.190552429434273,0.0,0.0
139.19884580001235,571459.0161488,0.5606235000001023,-0.0533099999999906,1.999145999999992,0.5105297618252727,-0.0310539425607766,1.9955057125349709,0.0242408800000012,-0.0047313599999994,0.0060361200000011,2.0600116586606103,1.0,0.0,0.0,0.0,2293.26,0.0,0.0,0.0,0.0,0.0,2.1932495951483775,0.0,0.0
139.3105483999243,571459.1278514,0.4956235000001023,-0.0883099999999906,2.039145999999992,0.5069663122589334,-0.0447414166870892,2.005938238493931,0.0238408800000012,-0.0055313599999994,0.0060361200000011,2.0694938639156977,1.0,0.0,0.0,0.0,2292.77,0.0,0.0,0.0,0.0,0.0,2.192350038697065,0.0,0.0
139.42142749996856,571459.2387305,0.4756235000001023,-0.0283099999999907,2.019145999999992,0.4994735865801862,-0.0408133678338811,2.009095649289682,0.0246408800000012,-0.0051313599999994,0.0068361200000011,2.070653259886828,1.0,0.0,0.0,0.0,2296.68,0.0,0.0,0.0,0.0,0.0,2.1995421350692004,0.0,0.0
139.53222659998573,571459.3495296,0.5806235000001022,0.0316900000000093,2.0891459999999924,0.5188730595785991,-0.0234809140170868,2.0282322638795507,0.0246408800000012,-0.0047313599999994,0.0064361200000011,2.093682574203048,1.0,0.0,0.0,0.0,2294.72,0.0,0.0,0.0,0.0,0.0,2.195932883612216,0.0,0.0
139.64220849995036,571459.4595115,0.4906235000001022,-0.0683099999999906,2.0891459999999924,0.5121197982975388,-0.0341976308491646,2.0427941325162577,0.0254408800000012,-0.0051313599999994,0.0060361200000011,2.106286788072046,1.0,0.0,0.0,0.0,2294.72,0.0,0.0,0.0,0.0,0.0,2.195932883612216,0.0,0.0
139.74539269995876,571459.5626957,0.5756235000001022,0.0066900000000093,2.059145999999992,0.527300816915555,-0.0244231473383423,2.046703164557769,0.0250408800000012,-0.0051313599999994,0.0068361200000011,2.113678425271098,1.0,0.0,0.0,0.0,2296.19,0.0,0.0,0.0,0.0,0.0,2.1986390654588286,0.0,0.0
139.85655729996506,571459.6738603,0.4906235000001022,-0.0683099999999906,2.039145999999992,0.5185328393642575,-0.0349146164886473,2.0448965697802177,0.0250408800000012,-0.0051313599999994,0.0060361200000011,2.1099045753404604,1.0,0.0,0.0,0.0,2295.7,0.0,0.0,0.0,0.0,0.0,2.1977365006767022,0.0,0.0
139.96728899993468,571459.784592,0.5156235000001022,-0.0783099999999906,2.059145999999992,0.5178373407733212,-0.0452885963883901,2.048302999006592,0.0250408800000012,-0.0051313599999994,0.0056361200000011,2.113232534341976,1.0,0.0,0.0,0.0,2294.72,0.0,0.0,0.0,0.0,0.0,2.195932883612216,0.0,0.0
140.07897339994088,571459.8962764,0.5356235000001023,-0.1883099999999906,2.0241459999999925,0.5220892506167731,-0.079478896052683,2.042528093893308,0.0250408800000012,-0.0047313599999994,0.0064361200000011,2.109695498139664,1.0,0.0,0.0,0.0,2298.63,0.0,0.0,0.0,0.0,0.0,2.203140995370902,0.0,0.0
140.18972699996084,571460.00703,0.5106235000001023,-0.0833099999999906,2.0291459999999923,0.5193482801077393,-0.0803947491256903,2.039329007681074,0.0258408800000012,-0.0047313599999994,0.0072361200000011,2.105955544000709,1.0,0.0,0.0,0.0,2292.77,0.0,0.0,0.0,0.0,0.0,2.192350038697065,0.0,0.0
140.30058549996463,571460.1178885,0.5356235000001023,-0.0183099999999907,2.0491459999999924,0.523238988988861,-0.0655529413711344,2.041675830609042,0.0254408800000012,-0.0051313599999994,0.0068361200000011,2.1086764628585426,1.0,0.0,0.0,0.0,2296.68,0.0,0.0,0.0,0.0,0.0,2.1995421350692004,0.0,0.0
140.40651430003345,571460.2238173,0.4906235000001022,-0.1183099999999907,2.0041459999999924,0.5154420207445034,-0.0781648973328151,2.0327040535010634,0.0254408800000012,-0.0047313599999994,0.0056361200000011,2.0984937448188594,1.0,0.0,0.0,0.0,2293.26,0.0,0.0,0.0,0.0,0.0,2.1932495951483775,0.0,0.0
140.51814539998304,571460.3354484,0.4856235000001023,-0.1683099999999906,1.934145999999992,0.5083136879631691,-0.0997147352985305,2.009143038866624,0.0254408800000012,-0.0055313599999994,0.0060361200000011,2.074844954311667,1.0,0.0,0.0,0.0,2285.44,0.0,0.0,0.0,0.0,0.0,2.178952984989891,0.0,0.0
140.62889309995808,571460.4461961,0.4256235000001023,-0.2733099999999907,1.934145999999992,0.4885460012088723,-0.1412139373100241,1.991214454976144,0.0250408800000012,-0.0047313599999994,0.0068361200000011,2.055128603541326,1.0,0.0,0.0,0.0,2278.59,0.0,0.0,0.0,0.0,0.0,2.166533204267861,0.0,0.0
140.74055899993982,571460.557862,0.5356235000001023,-0.1383099999999907,1.9441459999999924,0.4998002173644393,-0.140519730119148,1.9799624008099,0.0246408800000012,-0.0047313599999994,0.0076361200000011,2.046899401644156,1.0,0.0,0.0,0.0,2274.68,0.0,0.0,0.0,0.0,0.0,2.1594867435293703,0.0,0.0
140.8513942999998,571460.6686973,0.5206235000001023,-0.1533099999999907,1.934145999999992,0.5047781734977816,-0.1435773365260937,1.9690096592364488,0.0242408800000012,-0.0047313599999994,0.0056361200000011,2.037747406861341,1.0,0.0,0.0,0.0,2268.33,0.0,0.0,0.0,0.0,0.0,2.1481085162671163,0.0,0.0
140.96219600003678,571460.779499,0.5856235000001022,-0.0633099999999906,1.914145999999992,0.524104832793326,-0.1243888499095387,1.955894105182259,0.0242408800000012,-0.0047313599999994,0.0068361200000011,2.0287139306530744,1.0,0.0,0.0,0.0,2267.35,0.0,0.0,0.0,0.0,0.0,2.14635967645853,0.0,0.0
141.07390349998605,571460.8912065,0.5206235000001023,-0.1283099999999907,1.9041459999999923,0.5232725950413131,-0.1253262291635229,1.9435233468302724,0.0242408800000012,-0.0043313599999994,0.0072361200000011,2.016631813721077,1.0,0.0,0.0,0.0,2272.73,0.0,0.0,0.0,0.0,0.0,2.1559840478257244,0.0,0.0
141.17623600002844,571460.993539,0.5306235000001023,-0.0933099999999906,1.974145999999992,0.5250298819717872,-0.1176725183092053,1.9508439132766184,0.0254408800000012,-0.0051313599999994,0.0060361200000011,2.02368356530782,1.0,0.0,0.0,0.0,2263.93,0.0,0.0,0.0,0.0,0.0,2.140271496790765,0.0,0.0
141.286415199982,571461.1037182,0.5706235000001022,-0.2683099999999907,1.954145999999992,0.5359293657120024,-0.1536834964539104,1.951633300960829,0.0258408800000012,-0.0047313599999994,0.0064361200000011,2.0297072309902315,1.0,0.0,0.0,0.0,2281.52,0.0,0.0,0.0,0.0,0.0,2.1718338731597067,0.0,0.0
141.398898000014,571461.216201,0.5256235000001023,-0.2183099999999906,1.974145999999992,0.5334656740680109,-0.1691329289633026,1.9570151242891147,0.0270408800000012,-0.0051313599999994,0.0060361200000011,2.035460579270668,1.0,0.0,0.0,0.0,2278.1,0.0,0.0,0.0,0.0,0.0,2.1656484479694034,0.0,0.0
141.5097295999294,571461.3270326,0.4256235000001023,-0.2033099999999906,1.9641459999999924,0.5076852233471961,-0.1773032046764785,1.9587198116384696,0.0258408800000012,-0.0047313599999994,0.0060361200000011,2.0311976794243054,1.0,0.0,0.0,0.0,2278.1,0.0,0.0,0.0,0.0,0.0,2.1656484479694034,0.0,0.0
141.62054259993602,571461.4378456,0.5956235000001022,-0.2033099999999906,1.9441459999999924,0.5287075036129485,-0.1835203169615287,1.9552358366907503,0.0258408800000012,-0.0043313599999994,0.0076361200000011,2.0337547807427705,1.0,0.0,0.0,0.0,2273.7,0.0,0.0,0.0,0.0,0.0,2.1577254588394337,0.0,0.0
141.73052680003457,571461.5478298,0.4806235000001022,-0.1983099999999906,1.994145999999992,0.5172126752091751,-0.1870558975267855,1.964537592301696,0.0270408800000012,-0.0051313599999994,0.0064361200000011,2.040075197575601,1.0,0.0,0.0,0.0,2271.75,0.0,0.0,0.0,0.0,0.0,2.1542266014020606,0.0,0.0
141.84143219992984,571461.6587352,0.5056235000001021,-0.2083099999999906,1.974145999999992,0.5144421991597563,-0.192136844254367,1.96683455156937,0.0266408800000012,-0.0051313599999994,0.0052361200000011,2.0420591314757366,1.0,0.0,0.0,0.0,2278.59,0.0,0.0,0.0,0.0,0.0,2.166533204267861,0.0,0.0
141.9518701999914,571461.7691732,0.4606235000001022,-0.2833099999999907,1.9641459999999924,0.5015764503603105,-0.2139324457347407,1.9661918338956603,0.0266408800000012,-0.0051313599999994,0.0060361200000011,2.0404059288710363,1.0,0.0,0.0,0.0,2279.57,0.0,0.0,0.0,0.0,0.0,2.1683041795479983,0.0,0.0
142.06311330001336,571461.8804163,0.4856235000001023,-0.2433099999999907,1.934145999999992,0.4977627823388,-0.2209553622938637,1.9585310458162724,0.0262408800000012,-0.0051313599999994,0.0060361200000011,2.0328386352670145,1.0,0.0,0.0,0.0,2274.68,0.0,0.0,0.0,0.0,0.0,2.1594867435293703,0.0,0.0
142.17389839992393,571461.9912014,0.4656235000001023,-0.2783099999999907,1.954145999999992,0.4900796547340709,-0.2346664027450873,1.9574827689380268,0.0258408800000012,-0.0051313599999994,0.0068361200000011,2.031498259721349,1.0,0.0,0.0,0.0,2270.28,0.0,0.0,0.0,0.0,0.0,2.1515940369784468,0.0,0.0
142.27617910003755,571462.0934821,0.5756235000001022,-0.2183099999999906,1.9041459999999923,0.5105295288803506,-0.2307562865165862,1.944732229039336,0.0250408800000012,-0.0047313599999994,0.0068361200000011,2.023826155155136,1.0,0.0,0.0,0.0,2267.35,0.0,0.0,0.0,0.0,0.0,2.14635967645853,0.0,0.0
142.3864078000188,571462.2037108,0.6006235000001022,-0.2233099999999906,1.954145999999992,0.5320671434802999,-0.2289761979357192,1.946982658988897,0.0250408800000012,-0.0043313599999994,0.0072361200000011,2.0313214956761176,1.0,0.0,0.0,0.0,2252.69,0.0,0.0,0.0,0.0,0.0,2.1204240468208404,0.0,0.0
142.49723720003385,571462.3145402,0.4906235000001022,-0.1633099999999906,1.9641459999999924,0.5221597411336126,-0.213278218972134,1.951085679638893,0.0254408800000012,-0.0047313599999994,0.0068361200000011,2.0309785137318928,1.0,0.0,0.0,0.0,2262.95,0.0,0.0,0.0,0.0,0.0,2.138531189349334,0.0,0.0
142.60974979994353,571462.4270528,0.4956235000001023,-0.1633099999999906,1.9241459999999924,0.5158160610031719,-0.2013329552758824,1.944645554619456,0.0250408800000012,-0.0043313599999994,0.0072361200000011,2.021941517643416,1.0,0.0,0.0,0.0,2259.04,0.0,0.0,0.0,0.0,0.0,2.1316064988198318,0.0,0.0
142.71971209999174,571462.5370151,0.5356235000001023,-0.1383099999999907,1.9641459999999924,0.5205511723766162,-0.1862668625638872,1.949307276951299,0.0246408800000012,-0.0047313599999994,0.0060361200000011,2.026195382268786,1.0,0.0,0.0,0.0,2260.02,0.0,0.0,0.0,0.0,0.0,2.1333392857002718,0.0,0.0
142.83058309997432,571462.6478861,0.6306235000001023,-0.0633099999999906,1.9291459999999925,0.5468647574146528,-0.1568731363754811,1.9444875780588733,0.0234408800000012,-0.0051313599999994,0.0052361200000011,2.0260064622413547,1.0,0.0,0.0,0.0,2265.4,0.0,0.0,0.0,0.0,0.0,2.1428855103586395,0.0,0.0
142.9415640999796,571462.7588671,0.6306235000001023,-0.0883099999999906,1.8641459999999923,0.5668878898702526,-0.1404826233515153,1.925281343467616,0.0230408800000012,-0.0047313599999994,0.0052361200000011,2.0119158776275263,1.0,0.0,0.0,0.0,2249.27,0.0,0.0,0.0,0.0,0.0,2.1144336643610786,0.0,0.0
143.04645809996873,571462.8637611,0.5256235000001023,-0.1233099999999907,1.7941459999999925,0.5570233393939055,-0.1363773836909878,1.893932492341012,0.0230408800000012,-0.0047313599999994,0.0056361200000011,1.97885170666146,1.0,0.0,0.0,0.0,2216.03,0.0,0.0,0.0,0.0,0.0,2.0573569116487405,0.0,0.0
143.15890209993813,571462.9762051,0.4906235000001022,-0.3133099999999906,1.6141459999999923,0.5411499781402273,-0.1786744037119932,1.8270475102781945,0.0214408800000012,-0.0035313599999994,0.0076361200000011,1.9138627030685231,1.0,0.0,0.0,0.0,2194.53,0.0,0.0,0.0,0.0,0.0,2.021505159827827,0.0,0.0
143.26889850001317,571463.0862015,0.5906235000001022,-0.1633099999999906,1.5741459999999925,0.5529769809182916,-0.1750014320181681,1.7665895773841374,0.0190408800000012,-0.0031313599999994,0.0052361200000011,1.8593675746221303,1.0,0.0,0.0,0.0,2137.34,0.0,0.0,0.0,0.0,0.0,1.9299405835393209,0.0,0.0
143.37888289999682,571463.1961859,0.5706235000001022,-0.1483099999999907,1.5841459999999925,0.5571955087763822,-0.1686206523857092,1.722975122309082,0.0186408800000012,-0.0027313599999994,0.0064361200000011,1.8186651785052543,1.0,0.0,0.0,0.0,2125.61,0.0,0.0,0.0,0.0,0.0,1.911805968948877,0.0,0.0
143.48970339994412,571463.3070064,0.5056235000001021,-0.1133099999999907,1.5741459999999925,0.5448668475422986,-0.1553982413902834,1.6873964455374553,0.0190408800000012,-0.0027313599999994,0.0056361200000011,1.779981814342583,1.0,0.0,0.0,0.0,2122.19,0.0,0.0,0.0,0.0,0.0,1.9065582378088852,0.0,0.0
143.6005510999821,571463.4178541,0.6256235000001023,-0.2633099999999907,1.5841459999999925,0.5641723086669544,-0.1811953267984668,1.6627136806907026,0.0214408800000012,-0.0027313599999994,0.0072361200000011,1.765145581609695,1.0,0.0,0.0,0.0,2114.86,0.0,0.0,0.0,0.0,0.0,1.8953703233552375,0.0,0.0
143.71056579996366,571463.5278688,0.5256235000001023,-0.1983099999999906,1.5141459999999922,0.5549569374935571,-0.1852867130570273,1.627197503426502,0.0202408800000012,-0.0023313599999994,0.0088361200000011,1.7291848032136836,1.0,0.0,0.0,0.0,2118.77,0.0,0.0,0.0,0.0,0.0,1.9013281867466016,0.0,0.0
143.82059489993844,571463.6378979,0.4806235000001022,-0.2733099999999907,1.5041459999999924,0.5371869923049332,-0.2063293156466991,1.5977811526562395,0.0194408800000012,-0.0027313599999994,0.0056361200000011,1.6982479980793022,1.0,0.0,0.0,0.0,2109.48,0.0,0.0,0.0,0.0,0.0,1.8872097964704173,0.0,0.0
143.93223819998093,571463.7495412,0.6606235000001023,-0.0033099999999907,1.5641459999999925,0.5666953811267397,-0.1577960817088551,1.5897404264465154,0.0154408800000012,-0.0019313599999994,0.0064361200000011,1.6950863936305425,1.0,0.0,0.0,0.0,2099.71,0.0,0.0,0.0,0.0,0.0,1.8724994726367774,0.0,0.0
144.04307959997095,571463.8603826,0.5956235000001022,-0.0883099999999906,1.3841459999999923,0.5736108569088856,-0.1411849319359485,1.5405915936703776,0.0158408800000012,-0.0011313599999994,0.0064361200000011,1.6499651689224648,1.0,0.0,0.0,0.0,2056.7,0.0,0.0,0.0,0.0,0.0,1.8093576782503251,0.0,0.0
144.15308169997297,571463.9703847,0.7106235000001022,-0.1733099999999906,1.309145999999992,0.606364718965834,-0.1488646615156428,1.4852628526306078,0.0150408800000012,-0.0003313599999994,0.0084361200000011,1.611162499954332,1.0,0.0,0.0,0.0,1992.18,0.0,0.0,0.0,0.0,0.0,1.7192566936426599,0.0,0.0
144.26315330003854,571464.0804563,0.7456235000001022,0.0216900000000093,1.2641459999999922,0.639655536523295,-0.1080923376598503,1.4324032717471988,0.0126408800000012,0.0004686400000005,0.0088361200000011,1.5724574053937852,1.0,0.0,0.0,0.0,1982.4,0.0,0.0,0.0,0.0,0.0,1.7060514935364295,0.0,0.0
144.3739612000063,571464.1912642,0.6606235000001023,-0.0033099999999907,1.2241459999999922,0.6446680796568308,-0.0830433629354466,1.382617866566575,0.0122408800000012,6.864000000058375e-05,0.0072361200000011,1.5277844409487753,1.0,0.0,0.0,0.0,2006.35,0.0,0.0,0.0,0.0,0.0,1.7385946917076196,0.0,0.0
144.48468180000782,571464.3019848,0.6556235000001023,-0.1533099999999907,1.1691459999999925,0.6472870520275813,-0.0998411101045564,1.3315858748261764,0.0130408800000012,6.864000000058375e-05,0.0072361200000011,1.4839372348674524,1.0,0.0,0.0,0.0,1995.11,0.0,0.0,0.0,0.0,0.0,1.7232352408051623,0.0,0.0
144.59472579997964,571464.4120288,0.6956235000001022,-0.1783099999999906,1.1791459999999925,0.6588422290790946,-0.1185996650627717,1.295144021582668,0.0134408800000012,6.864000000058375e-05,0.0084361200000011,1.457922151560994,1.0,0.0,0.0,0.0,1990.22,0.0,0.0,0.0,0.0,0.0,1.7166010634364721,0.0,0.0
144.70477249997202,571464.5220755,0.6356235000001023,-0.1433099999999907,1.1591459999999922,0.653291624169702,-0.1245068491273534,1.262632712126567,0.0130408800000012,6.864000000058375e-05,0.0068361200000011,1.427071570532466,1.0,0.0,0.0,0.0,1979.47,0.0,0.0,0.0,0.0,0.0,1.7021175286498167,0.0,0.0
144.81482410000172,571464.6321271,0.6006235000001022,-0.1133099999999907,1.1691459999999925,0.6407009286329345,-0.1218301614617783,1.2402840382810965,0.0118408800000012,0.0004686400000005,0.0080361200000011,1.4013010967696315,1.0,0.0,0.0,0.0,1966.76,0.0,0.0,0.0,0.0,0.0,1.685169260126553,0.0,0.0
144.92478819994722,571464.7420912,0.6406235000001023,-0.1883099999999906,1.1091459999999924,0.6406824187589416,-0.1377226470888102,1.2089345429398637,0.0118408800000012,6.864000000058375e-05,0.0080361200000011,1.3751233465915609,1.0,0.0,0.0,0.0,2004.4,0.0,0.0,0.0,0.0,0.0,1.7359189055292374,0.0,0.0
145.02704559999984,571464.8443486,0.5856235000001022,-0.0033099999999907,1.124145999999992,0.627520186505447,-0.1055903328575937,1.1886652292706623,0.0106408800000012,0.0004686400000005,0.0064361200000011,1.3482788769916574,1.0,0.0,0.0,0.0,1994.62,0.0,0.0,0.0,0.0,0.0,1.7225691628325384,0.0,0.0
145.1397201999789,571464.9570232,0.6706235000001023,-0.0733099999999906,1.1091459999999924,0.6378243449579004,-0.0978734861074262,1.169655583097554,0.0102408800000012,6.864000000058375e-05,0.0072361200000011,1.335849279438019,1.0,0.0,0.0,0.0,1995.11,0.0,0.0,0.0,0.0,0.0,1.7232352408051623,0.0,0.0
145.25151610001922,571465.0688191,0.5806235000001022,-0.0783099999999906,1.0991459999999922,0.6241500697741038,-0.0931966934344364,1.1527997579243037,0.0110408800000012,6.864000000058375e-05,0.0064361200000011,1.3142283725199606,1.0,0.0,0.0,0.0,1987.78,0.0,0.0,0.0,0.0,0.0,1.7133015307376265,0.0,0.0
145.36143439996522,571465.1787374,0.6956235000001022,-0.1133099999999907,1.0691459999999924,0.6412363095658632,-0.0980049246596284,1.132801722810317,0.0106408800000012,0.0012686400000005,0.0064361200000011,1.305384507785047,1.0,0.0,0.0,0.0,1952.59,0.0,0.0,0.0,0.0,0.0,1.6664943268981727,0.0,0.0
145.47226069995668,571465.2895637,0.6306235000001023,-0.0483099999999906,1.039145999999992,0.6386992407763634,-0.0861249939429531,1.1104126457400283,0.0102408800000012,0.0012686400000005,0.0080361200000011,1.2838888108280042,1.0,0.0,0.0,0.0,2022.97,0.0,0.0,0.0,0.0,0.0,1.7615929392615302,0.0,0.0
145.58321730000898,571465.4005203,0.6756235000001023,0.0266900000000093,1.0741459999999925,0.6475262516702718,-0.0591557547092919,1.101742842099743,0.0094408800000012,0.0004686400000005,0.0072361200000011,1.2793072109682635,1.0,0.0,0.0,0.0,2030.3,0.0,0.0,0.0,0.0,0.0,1.7718469714118186,0.0,0.0
145.69318429997656,571465.5104873,0.5406235000001023,-0.0033099999999907,1.0641459999999925,0.6219703766596583,-0.0458054236380428,1.0927550454108472,0.0098408800000012,6.864000000058375e-05,0.0056361200000011,1.2581966760199617,1.0,0.0,0.0,0.0,2027.37,0.0,0.0,0.0,0.0,0.0,1.7677399075145044,0.0,0.0
145.80326099996455,571465.620564,0.5806235000001022,-0.1033099999999906,1.0491459999999924,0.6120861071204512,-0.0595523080080389,1.082329988090616,0.0106408800000012,6.864000000058375e-05,0.0060361200000011,1.2448429953368358,1.0,0.0,0.0,0.0,2031.77,0.0,0.0,0.0,0.0,0.0,1.773911671228378,0.0,0.0
145.91304349992424,571465.7303465,0.6256235000001023,-0.1983099999999906,1.0491459999999924,0.6153223186771877,-0.0927233366102619,1.0743971160293413,0.0106408800000012,0.0004686400000005,0.0056361200000011,1.2415910502039615,1.0,0.0,0.0,0.0,2029.33,0.0,0.0,0.0,0.0,0.0,1.7704860741020698,0.0,0.0
146.0232366999844,571465.8405397,0.7156235000001022,-0.0983099999999906,1.0491459999999924,0.6393000406091158,-0.0940588688494579,1.0683606543382935,0.0098408800000012,0.0004686400000005,0.0052361200000011,1.2485776309345782,1.0,0.0,0.0,0.0,2049.85,0.0,0.0,0.0,0.0,0.0,1.7995363045594748,0.0,0.0
146.13561569992453,571465.9529187,0.5606235000001023,-0.1883099999999906,0.9791459999999922,0.6204918452478315,-0.1165902825844711,1.0470332467667922,0.0098408800000012,6.864000000058375e-05,0.0056361200000011,1.2226536892543187,1.0,0.0,0.0,0.0,2043.5,0.0,0.0,0.0,0.0,0.0,1.7904876194253627,0.0,0.0
146.24556499999017,571466.062868,0.5656235000001022,-0.1383099999999907,0.9391459999999922,0.6073751709687967,-0.1217825379274339,1.0212420210917197,0.0086408800000012,-0.0003313599999994,0.0052361200000011,1.1944332758663927,1.0,0.0,0.0,0.0,2008.31,0.0,0.0,0.0,0.0,0.0,1.741288935891534,0.0,0.0
146.35641789995134,571466.1737209,0.6106235000001022,-0.0833099999999906,0.9891459999999922,0.6081517074883945,-0.1125853998252424,1.0135692354005812,0.0086408800000012,6.864000000058375e-05,0.0056361200000011,1.1873695997983855,1.0,0.0,0.0,0.0,1991.69,0.0,0.0,0.0,0.0,0.0,1.7185923520064887,0.0,0.0
146.45894589996897,571466.2762489,0.6756235000001023,-0.0233099999999907,1.0491459999999924,0.6242813268782799,-0.0912434706062836,1.0220741179707675,0.0098408800000012,0.0004686400000005,0.0076361200000011,1.201119498069575,1.0,0.0,0.0,0.0,1997.07,0.0,0.0,0.0,0.0,0.0,1.7259024671754475,0.0,0.0
146.56964619993232,571466.3869492,0.5806235000001022,-0.1983099999999906,0.8791459999999921,0.6138446079959066,-0.1168384978647754,0.987906118912773,0.0102408800000012,6.864000000058375e-05,0.0056361200000011,1.1689375249063756,1.0,0.0,0.0,0.0,2005.38,0.0,0.0,0.0,0.0,0.0,1.7372630731133005,0.0,0.0
146.68145699996967,571466.49876,0.6256235000001023,-0.1483099999999907,0.8791459999999921,0.6166604372156397,-0.1243619877880778,0.9619062268459152,0.0094408800000012,6.864000000058375e-05,0.0064361200000011,1.1493474618576105,1.0,0.0,0.0,0.0,1978.49,0.0,0.0,0.0,0.0,0.0,1.7008039978766105,0.0,0.0
146.7922601000173,571466.6095631,0.5256235000001023,-0.1833099999999906,0.7491459999999922,0.5948973997588728,-0.1384539359248266,0.9110443577213488,0.0078408800000012,-0.0007313599999994,0.0048361200000011,1.0968474052250152,1.0,0.0,0.0,0.0,1873.9,0.0,0.0,0.0,0.0,0.0,1.566777541914468,0.0,0.0
146.90235340001527,571466.7196564,0.5356235000001023,-0.1283099999999907,0.7291459999999922,0.5807275458499629,-0.1360289547661506,0.8675602413451374,0.0058408800000012,6.864000000058375e-05,0.0044361200000011,1.0528101117516515,1.0,0.0,0.0,0.0,1772.73,0.0,0.0,0.0,0.0,0.0,1.4475473195801019,0.0,0.0
147.0131645000074,571466.8304675,0.6006235000001022,-0.1433099999999907,0.6491459999999921,0.5854838174101807,-0.1377695412247362,0.8153467392121322,0.0058408800000012,6.864000000058375e-05,0.0060361200000011,1.013193985415591,1.0,0.0,0.0,0.0,1776.64,0.0,0.0,0.0,0.0,0.0,1.4519843687802554,0.0,0.0
147.12725000001956,571466.944553,0.5556235000001023,-0.1433099999999907,0.7291459999999922,0.5783454928339935,-0.1390940279170781,0.794739829822889,0.0058408800000012,-0.0007313599999994,0.0040361200000011,0.9926943410690454,1.0,0.0,0.0,0.0,1698.44,0.0,0.0,0.0,0.0,0.0,1.3656312874549648,0.0,0.0
147.23728330002632,571467.0545863,0.5156235000001022,-0.1683099999999906,0.6591459999999921,0.5633513473677939,-0.1460783170883065,0.762325145326687,0.0058408800000012,6.864000000058375e-05,0.0036361200000011,0.9590845856866927,1.0,0.0,0.0,0.0,1762.95,0.0,0.0,0.0,0.0,0.0,1.436505850763135,0.0,0.0
147.34730040002614,571467.1646034,0.5056235000001021,-0.3183099999999906,0.5891459999999923,0.5495510884510519,-0.1872515450229701,0.7209254196576155,0.0062408800000012,-0.0007313599999994,0.0052361200000011,0.9256365380859456,1.0,0.0,0.0,0.0,1700.39,0.0,0.0,0.0,0.0,0.0,1.3677256501575565,0.0,0.0
147.45729859999847,571467.2746016,0.6006235000001022,-0.2683099999999907,0.5291459999999922,0.5617603173590703,-0.2066291542199486,0.6750791640485949,0.0054408800000012,-0.0007313599999994,0.0040361200000011,0.9022206710475904,1.0,0.0,0.0,0.0,1662.76,0.0,0.0,0.0,0.0,0.0,1.3278126800180508,0.0,0.0
147.5595489999978,571467.376852,0.5056235000001021,-0.4433099999999906,0.5491459999999923,0.5483404056588951,-0.263209420093955,0.6449739314906265,0.0066408800000012,-0.0007313599999994,0.0032361200000011,0.8865369544507623,1.0,0.0,0.0,0.0,1623.17,0.0,0.0,0.0,0.0,0.0,1.2869244718881452,0.0,0.0
147.67145060002804,571467.4887536,0.5456235000001023,-0.3183099999999906,0.5691459999999923,0.5476909097352919,-0.2763816117456307,0.6268467167163341,0.0070408800000012,-0.0003313599999994,0.0044361200000011,0.8770911778007074,1.0,0.0,0.0,0.0,1649.56,0.0,0.0,0.0,0.0,0.0,1.3140571884842622,0.0,0.0
147.78138239996042,571467.5986854,0.4606235000001022,-0.3683099999999907,0.6091459999999921,0.5268768164970232,-0.2983577570127234,0.6226152325222061,0.0074408800000012,-0.0003313599999994,0.0048361200000011,0.8684850365437403,1.0,0.0,0.0,0.0,1680.35,0.0,0.0,0.0,0.0,0.0,1.3463389958461462,0.0,0.0
147.89177749992814,571467.7090805,0.5456235000001023,-0.2983099999999906,0.5991459999999921,0.5313583466071776,-0.2983463403538515,0.6170047429551719,0.0074408800000012,-0.0011313599999994,0.0048361200000011,0.8672064829905434,1.0,0.0,0.0,0.0,1694.53,0.0,0.0,0.0,0.0,0.0,1.3614405380327357,0.0,0.0
148.00485299993306,571467.822156,0.4656235000001023,-0.3683099999999907,0.6291459999999921,0.5156439566828157,-0.3150716585825007,0.6199071981554504,0.0066408800000012,-0.0003313599999994,0.0056361200000011,0.8657042072384644,1.0,0.0,0.0,0.0,1705.28,0.0,0.0,0.0,0.0,0.0,1.3729904592314837,0.0,0.0
148.11562779999804,571467.9329308,0.5306235000001023,-0.3033099999999906,0.6391459999999921,0.5192249247192022,-0.312259949136709,0.6245063727100026,0.0062408800000012,-0.0003313599999994,0.0048361200000011,0.8701201111570322,1.0,0.0,0.0,0.0,1709.68,0.0,0.0,0.0,0.0,0.0,1.3777434308241934,0.0,0.0
148.22726820001844,571468.0445712,0.5706235000001022,-0.3333099999999906,0.5891459999999923,0.5315121254233991,-0.3172921158529489,0.6160532201841085,0.0070408800000012,-0.0003313599999994,0.0064361200000011,0.8733275424225151,1.0,0.0,0.0,0.0,1715.54,0.0,0.0,0.0,0.0,0.0,1.3840968215044958,0.0,0.0
148.32972689997405,571468.1470299,0.4806235000001022,-0.3583099999999907,0.6191459999999921,0.5193468319163415,-0.3270977373555255,0.6167925715401328,0.0074408800000012,-0.0007313599999994,0.0060361200000011,0.8701420216905599,1.0,0.0,0.0,0.0,1736.07,0.0,0.0,0.0,0.0,0.0,1.4065685497738891,0.0,0.0
148.44061519997194,571468.2579182,0.5656235000001022,-0.3083099999999906,0.6491459999999921,0.5304096037063987,-0.3226063930253845,0.6245268923220337,0.0078408800000012,-0.0003313599999994,0.0048361200000011,0.8805924549746295,1.0,0.0,0.0,0.0,1731.67,0.0,0.0,0.0,0.0,0.0,1.4017241649492944,0.0,0.0
148.55057830002625,571468.3678813,0.6306235000001023,-0.3933099999999907,0.6591459999999921,0.5543664595215809,-0.3395086010079952,0.632802840087406,0.0078408800000012,6.864000000058375e-05,0.0052361200000011,0.9072087389479808,1.0,0.0,0.0,0.0,1727.27,0.0,0.0,0.0,0.0,0.0,1.396895273061207,0.0,0.0
148.6614051000215,571468.4787081,0.6106235000001022,-0.3583099999999907,0.6491459999999921,0.5678151114269303,-0.3440032112510184,0.6367097905211343,0.0078408800000012,-0.0003313599999994,0.0052361200000011,0.9198649724069596,1.0,0.0,0.0,0.0,1718.48,0.0,0.0,0.0,0.0,0.0,1.3872944496065944,0.0,0.0
148.77153669996187,571468.5888397,0.5906235000001022,-0.3483099999999907,0.6391459999999921,0.5732676214742665,-0.3450327802120254,0.6372921839952841,0.0078408800000012,-0.0003313599999994,0.0040361200000011,0.9240263594904,1.0,0.0,0.0,0.0,1717.01,0.0,0.0,0.0,0.0,0.0,1.3856947896712735,0.0,0.0
148.88230339996517,571468.6996064,0.5656235000001022,-0.3583099999999907,0.6491459999999921,0.5714402390177099,-0.3482067955118053,0.6401259243385615,0.0082408800000012,6.864000000058375e-05,0.0068361200000011,0.9260416395710914,1.0,0.0,0.0,0.0,1753.18,0.0,0.0,0.0,0.0,0.0,1.4255557872609745,0.0,0.0
148.9939639000222,571468.8112669,0.5456235000001023,-0.4683099999999908,0.6791459999999921,0.5652685610654788,-0.3769183341234977,0.6494539552912622,0.0082408800000012,6.864000000058375e-05,0.0060361200000011,0.9398863850332838,1.0,0.0,0.0,0.0,1752.2,0.0,0.0,0.0,0.0,0.0,1.424461791838149,0.0,0.0
149.1047928000335,571468.9220958,0.5906235000001022,-0.3433099999999907,0.6391459999999921,0.5713298423720085,-0.3688840190777517,0.6469897641182281,0.0078408800000012,0.0008686400000005,0.0072361200000011,0.938663391844776,1.0,0.0,0.0,0.0,1732.65,0.0,0.0,0.0,0.0,0.0,1.402801796895779,0.0,0.0
149.21486569999252,571469.0321687,0.5956235000001022,-0.3933099999999907,0.6391459999999921,0.5771374167159291,-0.3747232262609898,0.6451146556454654,0.0078408800000012,0.0008686400000005,0.0052361200000011,0.94322744500017,1.0,0.0,0.0,0.0,1728.25,0.0,0.0,0.0,0.0,0.0,1.3979694631457285,0.0,0.0
149.324783799937,571469.1420868,0.6156235000001022,-0.4283099999999906,0.6441459999999922,0.5863377929334932,-0.3875335316132895,0.6448830915162238,0.0078408800000012,0.0008686400000005,0.0052361200000011,0.9538597628951077,1.0,0.0,0.0,0.0,1728.74,0.0,0.0,0.0,0.0,0.0,1.398506844855713,0.0,0.0
149.43482680001762,571469.2521298,0.6556235000001023,-0.3533099999999907,0.6491459999999921,0.6029010417007402,-0.3793521491636616,0.6459021705828599,0.0082408800000012,0.0004686400000005,0.0076361200000011,0.9615546438567996,1.0,0.0,0.0,0.0,1754.64,0.0,0.0,0.0,0.0,0.0,1.4271870898117256,0.0,0.0
149.54560640000273,571469.3629094,0.6106235000001022,-0.4283099999999906,0.6241459999999922,0.604747151141235,-0.3910558770585406,0.6407012008469191,0.0078408800000012,6.864000000058375e-05,0.0060361200000011,0.9639200405438972,1.0,0.0,0.0,0.0,1738.03,0.0,0.0,0.0,0.0,0.0,1.4087315177344417,0.0,0.0
149.65646410000045,571469.4737671,0.6806235000001023,-0.3683099999999907,0.6191459999999921,0.6228859404371518,-0.3856183108403336,0.6355482743780819,0.0078408800000012,0.0008686400000005,0.0068361200000011,0.9698504964759184,1.0,0.0,0.0,0.0,1757.09,0.0,0.0,0.0,0.0,0.0,1.4299285193337856,0.0,0.0
149.76644379994832,571469.5837468,0.5256235000001023,-0.2333099999999907,0.6491459999999921,0.5996346514646708,-0.3492079089180075,0.6387989089126757,0.0078408800000012,0.0004686400000005,0.0064361200000011,0.9431712065770824,1.0,0.0,0.0,0.0,1762.46,0.0,0.0,0.0,0.0,0.0,1.4359547689979935,0.0,0.0
149.87642809993122,571469.6937311,0.5456235000001023,-0.4683099999999908,0.6241459999999922,0.5867228955515347,-0.3776801241382937,0.6352960251901892,0.0082408800000012,6.864000000058375e-05,0.0060361200000011,0.9436562255164472,1.0,0.0,0.0,0.0,1751.22,0.0,0.0,0.0,0.0,0.0,1.4233685890759913,0.0,0.0
149.9872843000339,571469.8045873,0.6156235000001022,-0.3333099999999906,0.6091459999999921,0.59363179381168,-0.3670731254505294,0.6290446727708712,0.0078408800000012,0.0004686400000005,0.0060361200000011,0.9395949054744313,1.0,0.0,0.0,0.0,1751.71,0.0,0.0,0.0,0.0,0.0,1.4239150914477334,0.0,0.0
150.08954399998763,571469.906847,0.6106235000001022,-0.4083099999999907,0.5791459999999923,0.5976937839174927,-0.3769310981907059,0.6171160345964066,0.0078408800000012,6.864000000058375e-05,0.0048361200000011,0.938161559792798,1.0,0.0,0.0,0.0,1724.83,0.0,0.0,0.0,0.0,0.0,1.394224073597739,0.0,0.0
150.20148029993288,571470.0187833,0.5056235000001021,-0.4183099999999906,0.5791459999999923,0.5756837174671535,-0.3868230235732928,0.6080390235453861,0.0070408800000012,-0.0003313599999994,0.0040361200000011,0.9223639456728632,1.0,0.0,0.0,0.0,1721.9,0.0,0.0,0.0,0.0,0.0,1.3910226746977594,0.0,0.0
150.3122823999729,571470.1295854,0.4856235000001023,-0.4283099999999906,0.5141459999999921,0.5541541719217055,-0.3967407849738612,0.5855932180202112,0.0070408800000012,-0.0003313599999994,0.0052361200000011,0.8985596884521213,1.0,0.0,0.0,0.0,1720.92,0.0,0.0,0.0,0.0,0.0,1.3899534120572516,0.0,0.0
150.42415780003648,571470.2414608,0.5056235000001021,-0.3683099999999907,0.5291459999999922,0.5425525642321658,-0.3899442004529352,0.5720991027997504,0.0066408800000012,-0.0003313599999994,0.0032361200000011,0.8796119302545053,1.0,0.0,0.0,0.0,1720.43,0.0,0.0,0.0,0.0,0.0,1.3894190644181048,0.0,0.0
150.53483949997462,571470.3521425,0.4606235000001022,-0.4183099999999906,0.5291459999999922,0.5229668296038269,-0.3967252497381516,0.5618308532989758,0.0066408800000012,-0.0007313599999994,0.0020361200000011,0.8640249628131887,1.0,0.0,0.0,0.0,1693.55,0.0,0.0,0.0,0.0,0.0,1.3603919880425774,0.0,0.0
150.64477270003408,571470.4620757,0.4406235000001022,-0.3833099999999907,0.4491459999999921,0.5032820618459006,-0.3935182373817029,0.534892725126343,0.0062408800000012,-0.0007313599999994,0.0032361200000011,0.8332224578832167,1.0,0.0,0.0,0.0,1647.12,0.0,0.0,0.0,0.0,0.0,1.3115280996304175,0.0,0.0
150.7556428000098,571470.5729458,0.4256235000001023,-0.2933099999999906,0.4791459999999922,0.4847172216614451,-0.3695627343703099,0.5215660677922493,0.0046408800000012,-0.0011313599999994,0.0040361200000011,0.8022210185994382,1.0,0.0,0.0,0.0,1266.37,0.0,0.0,0.0,0.0,0.0,0.9601784734546902,0.0,0.0
150.8665269999765,571470.68383,0.4256235000001023,-0.4383099999999906,0.4291459999999921,0.4705904406282617,-0.3859972648225679,0.4994723829799207,0.0046408800000012,-0.0011313599999994,0.0024361200000011,0.7873512003044422,1.0,0.0,0.0,0.0,1078.69,0.0,0.0,0.0,0.0,0.0,0.8112221475204632,0.0,0.0
150.97647570003755,571470.7937787,0.3206235000001023,-0.3033099999999906,0.4091459999999921,0.4347397601683049,-0.3662302768661208,0.4778792086459432,0.0046408800000012,-0.0007313599999994,0.0024361200000011,0.7426249476153517,1.0,0.0,0.0,0.0,989.25,0.0,0.0,0.0,0.0,0.0,0.7442393507310773,0.0,0.0
151.07968189998064,571470.8969849,0.4506235000001022,-0.3033099999999906,0.3791459999999921,0.4385368829130489,-0.351188730169688,0.4542763219088673,0.0038408800000012,-0.0007313599999994,0.0040361200000011,0.722506123517538,1.0,0.0,0.0,0.0,956.99,0.0,0.0,0.0,0.0,0.0,0.7206106186568618,0.0,0.0
151.18975190003405,571471.0070549,0.4356235000001023,-0.3133099999999906,0.2991459999999922,0.437840417682565,-0.3421335461014217,0.4171912978554993,0.0026408800000012,-0.0007313599999994,0.0028361200000011,0.6948439923685983,1.0,0.0,0.0,0.0,517.11,0.0,0.0,0.0,0.0,0.0,0.41688117516473616,0.0,0.0
151.30229439993855,571471.1195974,0.4206235000001022,-0.3233099999999906,0.2191459999999921,0.4337245891422617,-0.3376336414319058,0.36984713880101,0.0018408800000012,-0.0003313599999994,0.0020361200000011,0.6624955857456607,1.0,0.0,0.0,0.0,88.95,0.0,0.0,0.0,0.0,0.0,0.10832265763903733,0.0,0.0
151.413071100018,571471.2303741,0.4656235000001023,-0.2483099999999907,0.1891459999999921,0.4413502542081419,-0.3162801797083955,0.3266492262559491,0.0010408800000012,-0.0007313599999994,0.0028361200000011,0.6336583590386674,1.0,0.0,0.0,0.0,34.7,0.0,0.0,0.0,0.0,0.0,0.05473385519346553,0.0,0.0
151.52320379996672,571471.3405068,0.4856235000001023,-0.2833099999999907,0.2091459999999921,0.4519340934274015,-0.3083984200853588,0.2985592312219015,0.0014408800000012,-0.0007313599999994,0.0032361200000011,0.6232909632434964,1.0,0.0,0.0,0.0,28.84,0.0,0.0,0.0,0.0,0.0,0.04790916611826211,0.0,0.0
151.6339941000333,571471.4512971,0.4656235000001023,-0.3233099999999906,0.1991459999999921,0.4552066449555493,-0.3119631409793996,0.2747937801758244,0.0010408800000012,-0.0011313599999994,0.0024361200000011,0.6164784769679632,1.0,0.0,0.0,0.0,0.0,0.0,0.0,0.0,0.0,0.0,0.0,0.0,0.0
151.74484780000057,571471.5621508,0.4656235000001023,-0.2733099999999907,0.1891459999999921,0.4576968694012551,-0.3027228284130295,0.2543190596385714,0.0010408800000012,-0.0007313599999994,0.0020361200000011,0.6048187490459778,1.0,0.0,0.0,0.0,0.0,0.0,0.0,0.0,0.0,0.0,0.0,0.0,0.0
151.85479459993076,571471.6720976,0.3556235000001022,-0.2383099999999907,0.1891459999999921,0.4332954931076273,-0.2873244764876968,0.2387389689471588,0.0010408800000012,-0.0011313599999994,0.0028361200000011,0.5720984481977411,1.0,0.0,0.0,0.0,0.0,0.0,0.0,0.0,0.0,0.0,0.0,0.0,0.0
151.96643949998543,571471.7837425,0.4456235000001023,-0.2833099999999907,0.1891459999999921,0.4362425922079958,-0.2863647868842954,0.2268834114800381,0.0010408800000012,-0.0007313599999994,0.0028361200000011,0.569024140813428,1.0,0.0,0.0,0.0,0.0,0.0,0.0,0.0,0.0,0.0,0.0,0.0,0.0
152.07731990003958,571471.8946229,0.3806235000001021,-0.2983099999999906,0.2091459999999921,0.4229464464450299,-0.2892203763671714,0.2226431551375779,0.0010408800000012,-0.0007313599999994,0.0024361200000011,0.5586609859262257,1.0,0.0,0.0,0.0,0.0,0.0,0.0,0.0,0.0,0.0,0.0,0.0,0.0
152.1798636999447,571471.9971667,0.4456235000001023,-0.2833099999999907,0.1891459999999921,0.4283675599075763,-0.287807458202339,0.2146354182315302,0.0010408800000012,-0.0003313599999994,0.0028361200000011,0.558927778999654,1.0,0.0,0.0,0.0,0.0,0.0,0.0,0.0,0.0,0.0,0.0,0.0,0.0
152.2906132999342,571472.1079163,0.3806235000001021,-0.2733099999999907,0.1891459999999921,0.4169539975021932,-0.2843417360950736,0.208541988677647,0.0010408800000012,-0.0011313599999994,0.0028361200000011,0.5460683290214213,1.0,0.0,0.0,0.0,34.7,0.0,0.0,0.0,0.0,0.0,0.05473385519346553,0.0,0.0
152.40184069995303,571472.2191437,0.3606235000001023,-0.3583099999999907,0.1891459999999921,0.4034877851647345,-0.3020243838994857,0.2039052374751825,0.0006408800000012,-0.0007313599999994,0.0020361200000011,0.5436896790604154,1.0,0.0,0.0,0.0,27.86,0.0,0.0,0.0,0.0,0.0,0.0467324959668248,0.0,0.0
152.51230900001246,571472.329612,0.3806235000001021,-0.2983099999999906,0.1591459999999921,0.3980219126334344,-0.3011364335970482,0.193205218433432,0.0006408800000012,-0.0007313599999994,0.0024361200000011,0.5351942180235479,1.0,0.0,0.0,0.0,23.46,0.0,0.0,0.0,0.0,0.0,0.041301129882274135,0.0,0.0
152.62316029996146,571472.4404633,0.4206235000001022,-0.2733099999999907,0.1791459999999921,0.4034249853585044,-0.2944843236383485,0.1898442607085976,0.0014408800000012,-0.0007313599999994,0.0020361200000011,0.5343347069059234,1.0,0.0,0.0,0.0,35.19,0.0,0.0,0.0,0.0,0.0,0.05528972174866418,0.0,0.0
152.73396119999234,571472.5512642,0.4656235000001023,-0.1983099999999906,0.2091459999999921,0.4182939895814335,-0.2714931568467268,0.1944584809144557,0.0010408800000012,-0.0007313599999994,0.0020361200000011,0.5352499385652573,1.0,0.0,0.0,0.0,141.74,0.0,0.0,0.0,0.0,0.0,0.15267417148861848,0.0,0.0
152.84398519992828,571472.6612882,0.5106235000001023,-0.2983099999999906,0.1691459999999921,0.4403660259994545,-0.2779039169169494,0.1884073495043455,0.0014408800000012,-0.0007313599999994,0.0024361200000011,0.5537600141212686,1.0,0.0,0.0,0.0,157.38,0.0,0.0,0.0,0.0,0.0,0.1650417145688598,0.0,0.0
152.9539616999682,571472.7712647,0.3806235000001021,-0.2733099999999907,0.1791459999999921,0.42608414360256,-0.276805707893283,0.1861933570049466,0.0010408800000012,-0.0007313599999994,0.0020361200000011,0.5411442169557023,1.0,0.0,0.0,0.0,186.22,0.0,0.0,0.0,0.0,0.0,0.18720590115461144,0.0,0.0
153.0648983999854,571472.8822014,0.4006235000001021,-0.2333099999999907,0.1791459999999921,0.4199975928316152,-0.2664077447253311,0.1845086354055488,0.0010408800000012,-0.0007313599999994,0.0044361200000011,0.5304851562232502,1.0,0.0,0.0,0.0,261.49,0.0,0.0,0.0,0.0,0.0,0.24229863650811428,0.0,0.0
153.1764890999766,571472.9937921,0.4006235000001021,-0.3333099999999906,0.1791459999999921,0.4153660759893379,-0.2824012121245847,0.18322665867426,0.0010408800000012,-0.0007313599999994,0.0032361200000011,0.5346507552983994,1.0,0.0,0.0,0.0,304.01,0.0,0.0,0.0,0.0,0.0,0.2722482893758555,0.0,0.0
153.2795340999728,571473.0968371,0.4256235000001023,-0.2983099999999906,0.1791459999999921,0.4178181872947488,-0.2862043227850906,0.1822511477410867,0.0006408800000012,-0.0007313599999994,0.0032361200000011,0.5382382677477379,1.0,0.0,0.0,0.0,349.46,0.0,0.0,0.0,0.0,0.0,0.3036621896225691,0.0,0.0
153.39060159993824,571473.2079046,0.4006235000001021,-0.2133099999999906,0.1491459999999921,0.4137076730892366,-0.2687784083631033,0.1743371230348789,0.0010408800000012,-0.0007313599999994,0.0036361200000011,0.5232487974598626,1.0,0.0,0.0,0.0,228.74,0.0,0.0,0.0,0.0,0.0,0.21872262525268846,0.0,0.0
153.50314809998963,571473.3204511,0.4006235000001021,-0.2633099999999907,0.2091459999999921,0.4105798069973064,-0.2674711458422482,0.1826584365191649,0.0010408800000012,-0.0007313599999994,0.0032361200000011,0.5229538184235166,1.0,0.0,0.0,0.0,255.62,0.0,0.0,0.0,0.0,0.0,0.23810971166728273,0.0,0.0
153.61317150003742,571473.4304745,0.4656235000001023,-0.2733099999999907,0.2091459999999921,0.4237383994238339,-0.2688669661062658,0.1889904799051033,0.0010408800000012,-0.0007313599999994,0.0012361200000011,0.536247217339374,1.0,0.0,0.0,0.0,283.48,0.0,0.0,0.0,0.0,0.0,0.25786772484595627,0.0,0.0
153.72412869997788,571473.5414317,0.4906235000001022,-0.2883099999999906,0.1691459999999921,0.4397277658685182,-0.2735149638074681,0.1842465136349894,0.0010408800000012,-0.0007313599999994,0.0020361200000011,0.5496523640347301,1.0,0.0,0.0,0.0,281.04,0.0,0.0,0.0,0.0,0.0,0.2561491616574291,0.0,0.0
153.83573379996233,571473.6530368,0.4206235000001022,-0.2733099999999907,0.1691459999999921,0.4351607531108942,-0.2734659657287119,0.1806366267703116,0.0010408800000012,-0.0011313599999994,0.0028361200000011,0.5447734450126351,1.0,0.0,0.0,0.0,265.4,0.0,0.0,0.0,0.0,0.0,0.24508080777473393,0.0,0.0
153.94761859998107,571473.7649216,0.3606235000001023,-0.3583099999999907,0.1541459999999922,0.4173420843266612,-0.2937485450015339,0.1743038510828921,0.0006408800000012,-0.0007313599999994,0.0036361200000011,0.5392999680539274,1.0,0.0,0.0,0.0,247.31,0.0,0.0,0.0,0.0,0.0,0.23215347950610857,0.0,0.0
154.04892780003138,571473.8662308,0.4056235000001023,-0.2083099999999906,0.1791459999999921,0.4145406720929062,-0.2733238436441281,0.1754614017593235,0.0010408800000012,-0.0003313599999994,0.0028361200000011,0.5266275684304659,1.0,0.0,0.0,0.0,243.4,0.0,0.0,0.0,0.0,0.0,0.22933986912840656,0.0,0.0
154.16067100001965,571473.977974,0.4456235000001023,-0.3083099999999906,0.1891459999999921,0.4219712466343693,-0.28168753704737,0.1787328038209654,0.0010408800000012,-0.0007313599999994,0.0020361200000011,0.5379154363612193,1.0,0.0,0.0,0.0,254.64,0.0,0.0,0.0,0.0,0.0,0.23740891114568624,0.0,0.0
154.27066849998664,571474.0879715,0.4006235000001021,-0.2833099999999907,0.1891459999999921,0.416867913593637,-0.2820753985362347,0.181222153588437,0.0010408800000012,-0.0007313599999994,0.0036361200000011,0.5349643509566958,1.0,0.0,0.0,0.0,221.41,0.0,0.0,0.0,0.0,0.0,0.21337079376651352,0.0,0.0
154.38063799997326,571474.197941,0.3406235000001023,-0.2983099999999906,0.1591459999999921,0.3986411357641416,-0.2859563972885862,0.1759446896035802,0.0010408800000012,-0.0003313599999994,0.0016361200000011,0.5211931984142663,1.0,0.0,0.0,0.0,275.17,0.0,0.0,0.0,0.0,0.0,0.25200590243643717,0.0,0.0
154.49061310000252,571474.3079161,0.4256235000001023,-0.2483099999999907,0.1991459999999921,0.4050914648448427,-0.2769567540738296,0.1814911304510762,0.0010408800000012,-0.0007313599999994,0.0028361200000011,0.52320471036647,1.0,0.0,0.0,0.0,406.16,0.0,0.0,0.0,0.0,0.0,0.3422684824857747,0.0,0.0
154.60064359998796,571474.4179466,0.4056235000001023,-0.2133099999999906,0.1891459999999921,0.4052186516919223,-0.2617415377531054,0.1833210823125421,0.0010408800000012,-0.0007313599999994,0.0012361200000011,0.5160594999461027,1.0,0.0,0.0,0.0,439.39,0.0,0.0,0.0,0.0,0.0,0.3646984524697796,0.0,0.0
154.710639399942,571474.5279424,0.3756235000001022,-0.2483099999999907,0.1791459999999921,0.3981437168961386,-0.2585306316290237,0.1823229987265578,0.0014408800000012,-0.0011313599999994,0.0024361200000011,0.5085254985337696,1.0,0.0,0.0,0.0,240.47,0.0,0.0,0.0,0.0,0.0,0.22722661251035764,0.0,0.0
154.8207375999773,571474.6380406,0.4656235000001023,-0.2483099999999907,0.1791459999999921,0.4142752464948236,-0.2560873158082394,0.1815635142315703,0.0014408800000012,-0.0007313599999994,0.0036361200000011,0.5197788018728096,1.0,0.0,0.0,0.0,310.85,0.0,0.0,0.0,0.0,0.0,0.277010373957761,0.0,0.0
154.93070809997153,571474.7480111,0.4206235000001022,-0.2483099999999907,0.1691459999999921,0.4157928423525723,-0.2542280922839759,0.178595017755223,0.0010408800000012,-0.0011313599999994,0.0016361200000011,0.5190489293168509,1.0,0.0,0.0,0.0,177.42,0.0,0.0,0.0,0.0,0.0,0.18052118368798484,0.0,0.0
155.04067579994444,571474.8579788,0.4256235000001023,-0.2233099999999906,0.1491459999999921,0.4181429320760579,-0.2468368989832274,0.1715550173325956,0.0006408800000012,-0.0003313599999994,0.0024361200000011,0.514978728023601,1.0,0.0,0.0,0.0,33.24,0.0,0.0,0.0,0.0,0.0,0.05306485762626902,0.0,0.0
155.15063609997742,571474.9679391,0.4256235000001023,-0.3233099999999906,0.1891459999999921,0.4199312158750111,-0.2651183461931945,0.1757602688096471,0.0006408800000012,-0.0011313599999994,0.0016361200000011,0.5268032228892674,1.0,0.0,0.0,0.0,0.0,0.0,0.0,0.0,0.0,0.0,0.0,0.0,0.0
155.26146509998944,571475.0787681,0.4256235000001023,-0.2983099999999906,0.1991459999999921,0.4212919975139586,-0.2730530507992943,0.1813507967801169,0.0006408800000012,-0.0011313599999994,0.0008361200000011,0.5337911831539432,1.0,0.0,0.0,0.0,0.0,0.0,0.0,0.0,0.0,0.0,0.0,0.0,0.0
155.37316419999115,571475.1904672,0.4056235000001023,-0.1833099999999906,0.1691459999999921,0.4175463300001452,-0.2515993262368598,0.1784331519471276,0.0006408800000012,-0.0003313599999994,0.0032361200000011,0.519119974931825,1.0,0.0,0.0,0.0,0.0,0.0,0.0,0.0,0.0,0.0,0.0,0.0,0.0
155.48414820001926,571475.3014512,0.5106235000001023,-0.3233099999999906,0.1791459999999921,0.4397970998418749,-0.2687422808099257,0.1786035634235016,0.0014408800000012,-0.0007313599999994,0.0024361200000011,0.5454751464474049,1.0,0.0,0.0,0.0,11.24,0.0,0.0,0.0,0.0,0.0,0.024369382312833518,0.0,0.0
155.59480670001358,571475.4121097,0.4006235000001021,-0.2833099999999907,0.1691459999999921,0.4304323678248646,-0.2722247993138427,0.1763426645693555,0.0010408800000012,-0.0007313599999994,0.0028361200000011,0.5389574194499986,1.0,0.0,0.0,0.0,118.77,0.0,0.0,0.0,0.0,0.0,0.13394915040246516,0.0,0.0
155.7056459999876,571475.522949,0.4056235000001023,-0.2833099999999907,0.1891459999999921,0.4245016287617523,-0.2748747966130406,0.1794033943903598,0.0006408800000012,-0.0011313599999994,0.0016361200000011,0.5366035450434744,1.0,0.0,0.0,0.0,124.63,0.0,0.0,0.0,0.0,0.0,0.1387978150453246,0.0,0.0
155.81649819994345,571475.6338012,0.4006235000001021,-0.3333099999999906,0.1691459999999921,0.4187933895949737,-0.2888441540958508,0.1769512901659187,0.0010408800000012,-0.0011313599999994,0.0016361200000011,0.53863773318918,1.0,0.0,0.0,0.0,90.91,0.0,0.0,0.0,0.0,0.0,0.11006411214855595,0.0,0.0
155.91893229994457,571475.7362353,0.4456235000001023,-0.2833099999999907,0.2091459999999921,0.425207321297592,-0.2875211745826607,0.184647668113804,0.0010408800000012,-0.0007313599999994,0.0028361200000011,0.5454946867370314,1.0,0.0,0.0,0.0,82.6,0.0,0.0,0.0,0.0,0.0,0.10261478029803577,0.0,0.0
156.02978929993697,571475.8470923,0.4256235000001023,-0.2483099999999907,0.1791459999999921,0.4253068118227399,-0.2781474600524136,0.1833324546092886,0.0010408800000012,-0.0007313599999994,0.0036361200000011,0.5402431699054598,1.0,0.0,0.0,0.0,126.1,0.0,0.0,0.0,0.0,0.0,0.14000594289687804,0.0,0.0
156.13999519997742,571475.9572982,0.4656235000001023,-0.2483099999999907,0.2091459999999921,0.434944807363598,-0.2710145996926866,0.1895033691019387,0.0010408800000012,-0.0007313599999994,0.0028361200000011,0.5463857845882616,1.0,0.0,0.0,0.0,142.72,0.0,0.0,0.0,0.0,0.0,0.15345741699277185,0.0,0.0
156.25155269994866,571476.0688557,0.4256235000001023,-0.2483099999999907,0.1691459999999921,0.4327164815048588,-0.2655869011269586,0.1846367929644093,0.0006408800000012,-0.0007313599999994,0.0008361200000011,0.5402505906820907,1.0,0.0,0.0,0.0,145.16,0.0,0.0,0.0,0.0,0.0,0.15540250878649614,0.0,0.0
156.36341460002586,571476.1807176,0.4456235000001023,-0.3083099999999906,0.1791459999999921,0.4358019975114235,-0.2758001665275906,0.1833241792429146,0.0010408800000012,-0.0003313599999994,0.0020361200000011,0.5473544259313903,1.0,0.0,0.0,0.0,0.0,0.0,0.0,0.0,0.0,0.0,0.0,0.0,0.0
156.4741649000207,571476.2914679,0.3556235000001022,-0.2883099999999906,0.1691459999999921,0.4166347485030905,-0.2787907325853346,0.1799347830772468,0.0010408800000012,-0.0011313599999994,0.0016361200000011,0.5326211715626379,1.0,0.0,0.0,0.0,0.0,0.0,0.0,0.0,0.0,0.0,0.0,0.0,0.0
156.58502350002527,571476.4023265,0.4456235000001023,-0.2833099999999907,0.1891459999999921,0.4235647189519063,-0.2798710961062365,0.1821367910208741,0.0010408800000012,-0.0003313599999994,0.0036361200000011,0.5393595389161995,1.0,0.0,0.0,0.0,0.0,0.0,0.0,0.0,0.0,0.0,0.0,0.0,0.0
156.6949059999315,571476.512209,0.5106235000001023,-0.1733099999999906,0.1691459999999921,0.4443767494402188,-0.2543968963261657,0.1790312485869154,0.0010408800000012,-0.0007313599999994,0.0036361200000011,0.542439548958251,1.0,0.0,0.0,0.0,0.0,0.0,0.0,0.0,0.0,0.0,0.0,0.0,0.0
156.80570050003007,571476.6230035,0.4906235000001022,-0.3583099999999907,0.1441459999999922,0.4554323692300805,-0.2792380743871999,0.1706916779147568,0.0010408800000012,-0.0007313599999994,0.0028361200000011,0.5608281323537104,1.0,0.0,0.0,0.0,0.0,0.0,0.0,0.0,0.0,0.0,0.0,0.0,0.0
156.9165306999348,571476.7338337,0.4456235000001023,-0.1633099999999906,0.1891459999999921,0.4530874881852016,-0.2515246307856603,0.1751033169160706,0.0010408800000012,-0.0007313599999994,0.0028361200000011,0.5470046466318617,1.0,0.0,0.0,0.0,0.0,0.0,0.0,0.0,0.0,0.0,0.0,0.0,0.0
157.026513800025,571476.8438168,0.3806235000001021,-0.1983099999999906,0.1691459999999921,0.435764448357914,-0.2388032888945702,0.1736791772739438,0.0006408800000012,-0.0011313599999994,0.0036361200000011,0.5263859058315437,1.0,0.0,0.0,0.0,0.0,0.0,0.0,0.0,0.0,0.0,0.0,0.0,0.0
