time,world_time,Fx,Fy,Fz,LPF_Fx,LPF_Fy,LPF_Fz,Mx,My,Mz,force_magnitude,touch_count,V_SidePalm[mV],V_ThumbPalm[mV],V_UpperPalm[mV],V_Middle[mV],V_Index[mV],V_Thumb[mV],CalF1,CalF2,CalF3,CalF4,CalF5,CalF6
2.003082900075242,569096.2209435,-0.0443764999998976,0.0466900000000093,-0.0308540000000078,-0.0106085228835352,0.0111615817703852,-0.007375871577286,0.0002408800000012,-0.0003313599999994,-0.0011638799999988,0.0170741074997231,,0.0,0.0,0.0,0.0,0.0,0.0,8.90445656866156e-05,8.068543955107214e-05,2.2305454642175129e-07,2.2577638938033553e-07,7.662867898069619e-08,3.9893666214442404e-05
2.1471591000445187,569096.3650197,-0.0643764999998977,-0.0133099999999907,-0.0108540000000078,-0.0234621462121358,0.0053114733749972,-0.0082073433013833,0.0006408800000012,6.864000000058375e-05,3.612000000116633e-05,0.0254174062083389,,0.0,0.0,0.0,0.0,0.0,0.0,8.90445656866156e-05,8.068543955107214e-05,2.2305454642175129e-07,2.2577638938033553e-07,7.662867898069619e-08,3.9893666214442404e-05
2.157210199977272,569096.3750708,-0.0443764999998976,0.0466900000000093,-0.0308540000000078,-0.0284618735622498,0.0152033090670735,-0.0136211901758208,0.0002408800000012,6.864000000058375e-05,0.0012361200000011,0.0350250720922647,,0.0,0.0,0.0,0.0,0.0,0.0,8.90445656866156e-05,8.068543955107214e-05,2.2305454642175129e-07,2.2577638938033553e-07,7.662867898069619e-08,3.9893666214442404e-05
2.166237800032832,569096.3840984,-0.0643764999998977,0.0366900000000093,-0.0108540000000078,-0.0370475244454489,0.0203398577460821,-0.0129596733751882,0.0002408800000012,6.864000000058375e-05,3.612000000116633e-05,0.0442061309623287,,0.0,0.0,0.0,0.0,0.0,0.0,8.90445656866156e-05,8.068543955107214e-05,2.2305454642175129e-07,2.2577638938033553e-07,7.662867898069619e-08,3.9893666214442404e-05
2.229514200007543,569096.4473748,-0.0193764999998977,0.0616900000000093,0.0091459999999922,-0.0328231384031389,0.0302249079492129,-0.0076751524720728,0.0006408800000012,6.864000000058375e-05,3.612000000116633e-05,0.0452748433530098,,0.0,0.0,0.0,0.0,0.0,0.0,8.90445656866156e-05,8.068543955107214e-05,2.2305454642175129e-07,2.2577638938033553e-07,7.662867898069619e-08,3.9893666214442404e-05
2.342404399998486,569096.560265,0.0406235000001022,0.0216900000000093,-0.0208540000000078,-0.0152651889429219,0.0281845765511035,-0.0108256511724895,0.0006408800000012,6.864000000058375e-05,3.612000000116633e-05,0.0338318056292676,,0.0,0.0,0.0,0.0,0.0,0.0,8.90445656866156e-05,8.068543955107214e-05,2.2305454642175129e-07,2.2577638938033553e-07,7.662867898069619e-08,3.9893666214442404e-05
2.4530366000253707,569096.6708972,0.0656235000001022,0.0616900000000093,-0.0008540000000077,0.0040718364573059,0.0361942900566994,-0.0084418559283818,0.0006408800000012,0.0004686400000005,0.0008361200000011,0.0373881186523084,,0.0,0.0,0.0,0.0,0.0,0.0,8.90445656866156e-05,8.068543955107214e-05,2.2305454642175129e-07,2.2577638938033553e-07,7.662867898069619e-08,3.9893666214442404e-05
2.563020000001416,569096.7808806,0.0006235000001022,0.0016900000000092,-0.0008540000000077,0.0032474867177713,0.0279457902730892,-0.0066279241569868,0.0002408800000012,0.0004686400000005,3.612000000116633e-05,0.0289040264081037,,0.0,0.0,0.0,0.0,0.0,0.0,8.90445656866156e-05,8.068543955107214e-05,2.2305454642175129e-07,2.2577638938033553e-07,7.662867898069619e-08,3.9893666214442404e-05
2.665508100064472,569096.8833687,0.0656235000001022,0.0816900000000093,-0.0208540000000078,0.0181589232729487,0.0407937318355572,-0.0100287703508945,0.0002408800000012,6.864000000058375e-05,-0.0011638799999988,0.0457651754749742,,0.0,0.0,0.0,0.0,0.0,0.0,8.90445656866156e-05,8.068543955107214e-05,2.2305454642175129e-07,2.2577638938033553e-07,7.662867898069619e-08,3.9893666214442404e-05
2.7754079999867827,569096.9932686,-0.0193764999998977,0.0866900000000093,-0.0008540000000077,0.00918580919829,0.0517655662770428,-0.0078354752235458,0.0002408800000012,6.864000000058375e-05,0.0004361200000011,0.053154939700738,,0.0,0.0,0.0,0.0,0.0,0.0,8.90445656866156e-05,8.068543955107214e-05,2.2305454642175129e-07,2.2577638938033553e-07,7.662867898069619e-08,3.9893666214442404e-05
2.886413100059144,569097.1042737,0.0006235000001022,-0.0533099999999906,-0.0308540000000078,0.007138927333675,0.0266464931335343,-0.0133382198482207,0.0002408800000012,-0.0003313599999994,3.612000000116633e-05,0.0306416055145687,,0.0,0.0,0.0,0.0,0.0,0.0,8.90445656866156e-05,8.068543955107214e-05,2.2305454642175129e-07,2.2577638938033553e-07,7.662867898069619e-08,3.9893666214442404e-05
2.9963465000037104,569097.2142071,0.0406235000001022,-0.0033099999999907,-0.0008540000000077,0.0151436563091014,0.0194851770559211,-0.0103537769123614,0.0002408800000012,-0.0003313599999994,3.612000000116633e-05,0.0267619720435497,,0.0,0.0,0.0,0.0,0.0,0.0,8.90445656866156e-05,8.068543955107214e-05,2.2305454642175129e-07,2.2577638938033553e-07,7.662867898069619e-08,3.9893666214442404e-05
3.1063440999714658,569097.3242047,-0.0643764999998977,0.0116900000000093,-0.0008540000000077,-0.0038662114792158,0.0176216836713811,-0.0080827866187732,0.0002408800000012,6.864000000058375e-05,-0.0003638799999988,0.0197687320316924,,0.0,0.0,0.0,0.0,0.0,0.0,8.90445656866156e-05,8.068543955107214e-05,2.2305454642175129e-07,2.2577638938033553e-07,7.662867898069619e-08,3.9893666214442404e-05
3.217159799998626,569097.4350204,0.0856235000001022,0.0466900000000093,-0.0408540000000078,0.0175269504887514,0.0245706746679402,-0.0159169819040446,0.0002408800000012,6.864000000058375e-05,-0.0003638799999988,0.0341212889558203,,0.0,0.0,0.0,0.0,0.0,0.0,8.90445656866156e-05,8.068543955107214e-05,2.2305454642175129e-07,2.2577638938033553e-07,7.662867898069619e-08,3.9893666214442404e-05
3.328011400066316,569097.545872,-0.0193764999998977,0.1316900000000093,-0.0108540000000078,0.0087049140732804,0.0501783231768747,-0.0147066395068744,0.0002408800000012,6.864000000058375e-05,3.612000000116633e-05,0.053008724672937,,0.0,0.0,0.0,0.0,0.0,0.0,8.90445656866156e-05,8.068543955107214e-05,2.2305454642175129e-07,2.2577638938033553e-07,7.662867898069619e-08,3.9893666214442404e-05
3.4388330000219867,569097.6566936,-0.0243764999998976,-0.0133099999999907,-0.0008540000000077,0.0007965630718309,0.0350009809065151,-0.0113950659666831,0.0006408800000012,-0.0003313599999994,0.0008361200000011,0.0368178041921392,,0.0,0.0,0.0,0.0,0.0,0.0,8.90445656866156e-05,8.068543955107214e-05,2.2305454642175129e-07,2.2577638938033553e-07,7.662867898069619e-08,3.9893666214442404e-05
3.5496645000530407,569097.7675251,0.0656235000001022,-0.0633099999999906,0.0091459999999922,0.0162939106290886,0.0114990307605625,-0.0064845757666857,0.0002408800000012,6.864000000058375e-05,0.0004361200000011,0.0209706689186344,,0.0,0.0,0.0,0.0,0.0,0.0,8.90445656866156e-05,8.068543955107214e-05,2.2305454642175129e-07,2.2577638938033553e-07,7.662867898069619e-08,3.9893666214442404e-05
3.6596790000330657,569097.8775396,0.0006235000001022,-0.0033099999999907,-0.0308540000000078,0.0125477857712837,0.0079588249825793,-0.0123102626648947,0.0002408800000012,6.864000000058375e-05,3.612000000116633e-05,0.0192959164007326,,0.0,0.0,0.0,0.0,0.0,0.0,8.90445656866156e-05,8.068543955107214e-05,2.2305454642175129e-07,2.2577638938033553e-07,7.662867898069619e-08,3.9893666214442404e-05
3.771471400046721,569097.989332,0.0206235000001022,0.0616900000000093,-0.0208540000000078,0.0144783435934984,0.0208036505035861,-0.0143527047914858,0.0002408800000012,6.864000000058375e-05,0.0016361200000011,0.0291275546917055,,0.0,0.0,0.0,0.0,0.0,0.0,8.90445656866156e-05,8.068543955107214e-05,2.2305454642175129e-07,2.2577638938033553e-07,7.662867898069619e-08,3.9893666214442404e-05
3.883050100062974,569098.1009107,-0.0443764999998976,-0.0033099999999907,0.0191459999999921,0.0004086680880198,0.0150391081630825,-0.006344597429481,0.0002408800000012,-0.0003313599999994,-0.0007638799999988,0.0163277585874253,,0.0,0.0,0.0,0.0,0.0,0.0,8.90445656866156e-05,8.068543955107214e-05,2.2305454642175129e-07,2.2577638938033553e-07,7.662867898069619e-08,3.9893666214442404e-05
3.985217400011608,569098.203078,-0.0443764999998976,-0.0283099999999907,-0.0508540000000078,-0.0102975498540156,0.0046761907196188,-0.0169848916325616,0.0002408800000012,6.864000000058375e-05,0.0004361200000011,0.0204057059768107,,0.0,0.0,0.0,0.0,0.0,0.0,8.90445656866156e-05,8.068543955107214e-05,2.2305454642175129e-07,2.2577638938033553e-07,7.662867898069619e-08,3.9893666214442404e-05
4.0955448000459,569098.3134054,-0.0193764999998977,0.0366900000000093,-0.0208540000000078,-0.0124679384691901,0.012329323083391,-0.0179098299367322,0.0002408800000012,6.864000000058375e-05,0.0008361200000011,0.0250643911900692,,0.0,0.0,0.0,0.0,0.0,0.0,8.90445656866156e-05,8.068543955107214e-05,2.2305454642175129e-07,2.2577638938033553e-07,7.662867898069619e-08,3.9893666214442404e-05
4.206318499986082,569098.4241791,0.0406235000001022,-0.0283099999999907,-0.0008540000000077,0.0002239534087766,0.00261419933766,-0.0138325105856828,0.0002408800000012,-0.0003313599999994,0.0004361200000011,0.0140791527589323,,0.0,0.0,0.0,0.0,0.0,0.0,8.90445656866156e-05,8.068543955107214e-05,2.2305454642175129e-07,2.2577638938033553e-07,7.662867898069619e-08,3.9893666214442404e-05
4.316365699982271,569098.5342263,0.0006235000001022,-0.0483099999999906,-0.0008540000000077,0.000319467907602,-0.0095595983705959,-0.0107299038784694,0.0002408800000012,6.864000000058375e-05,-0.0007638799999988,0.0143742414753711,,0.0,0.0,0.0,0.0,0.0,0.0,8.90445656866156e-05,8.068543955107214e-05,2.2305454642175129e-07,2.2577638938033553e-07,7.662867898069619e-08,3.9893666214442404e-05
4.427228200016543,569098.6450888,0.0006235000001022,0.0466900000000093,-0.0108540000000078,0.0003921489755236,0.0038872744450972,-0.0107595699527452,0.0002408800000012,6.864000000058375e-05,0.0004361200000011,0.0114469659298229,,0.0,0.0,0.0,0.0,0.0,0.0,8.90445656866156e-05,8.068543955107214e-05,2.2305454642175129e-07,2.2577638938033553e-07,7.662867898069619e-08,3.9893666214442404e-05
4.539827900007367,569098.7576885,0.0806235000001023,0.0466900000000093,-0.0508540000000078,0.019572032997994,0.0141195751792247,-0.0203444330820967,0.0002408800000012,-0.0007313599999994,-0.0003638799999988,0.0315645819922941,,0.0,0.0,0.0,0.0,0.0,0.0,8.90445656866156e-05,8.068543955107214e-05,2.2305454642175129e-07,2.2577638938033553e-07,7.662867898069619e-08,3.9893666214442404e-05
4.65133889997378,569098.8691995,-0.0243764999998976,-0.0133099999999907,-0.0308540000000078,0.0090658187177553,0.0075623370920608,-0.0228568209708433,0.0006408800000012,-0.0003313599999994,3.612000000116633e-05,0.0257257123557414,,0.0,0.0,0.0,0.0,0.0,0.0,8.90445656866156e-05,8.068543955107214e-05,2.2305454642175129e-07,2.2577638938033553e-07,7.662867898069619e-08,3.9893666214442404e-05
4.7557072000345215,569098.9735678,0.0006235000001022,-0.0283099999999907,-0.0108540000000078,0.0070476214442766,-0.0010132042175916,-0.0199874599140592,0.0006408800000012,0.0004686400000005,-0.0003638799999988,0.0212177780322186,,0.0,0.0,0.0,0.0,0.0,0.0,8.90445656866156e-05,8.068543955107214e-05,2.2305454642175129e-07,2.2577638938033553e-07,7.662867898069619e-08,3.9893666214442404e-05
4.867196600069292,569099.0850572,0.0206235000001022,-0.1133099999999907,0.0191459999999921,0.0102930332799081,-0.0278585644377084,-0.0106323236367259,0.0006408800000012,6.864000000058375e-05,0.0008361200000011,0.0315450860285295,,0.0,0.0,0.0,0.0,0.0,0.0,8.90445656866156e-05,8.068543955107214e-05,2.2305454642175129e-07,2.2577638938033553e-07,7.662867898069619e-08,3.9893666214442404e-05
4.978864200063981,569099.1967248,-0.0893764999998978,0.0216900000000093,-0.0208540000000078,-0.0135336886245353,-0.0160136221893323,-0.0130758892087791,0.0002408800000012,6.864000000058375e-05,0.0008361200000011,0.0247098300683922,,0.0,0.0,0.0,0.0,0.0,0.0,8.90445656866156e-05,8.068543955107214e-05,2.2305454642175129e-07,2.2577638938033553e-07,7.662867898069619e-08,3.9893666214442404e-05
5.089736900059506,569099.3075975,0.0206235000001022,0.0316900000000093,-0.0108540000000078,-0.0053681659455828,-0.0046097267125751,-0.0125447305433596,0.0006408800000012,-0.0003313599999994,3.612000000116633e-05,0.0144026751122645,,0.0,0.0,0.0,0.0,0.0,0.0,8.90445656866156e-05,8.068543955107214e-05,2.2305454642175129e-07,2.2577638938033553e-07,7.662867898069619e-08,3.9893666214442404e-05
5.200811100075953,569099.4186717,0.0656235000001022,-0.0633099999999906,-0.0008540000000077,0.01160290461489,-0.0186424510698533,-0.0097499769576853,0.0002408800000012,6.864000000058375e-05,0.0004361200000011,0.0240256202431801,,0.0,0.0,0.0,0.0,0.0,0.0,8.90445656866156e-05,8.068543955107214e-05,2.2305454642175129e-07,2.2577638938033553e-07,7.662867898069619e-08,3.9893666214442404e-05
5.312192699988373,569099.5300533,0.0006235000001022,-0.0283099999999907,-0.0108540000000078,0.0089781986307804,-0.0209535484762124,-0.0100139016409851,0.0002408800000012,6.864000000058375e-05,0.0004361200000011,0.0248985435412206,,0.0,0.0,0.0,0.0,0.0,0.0,8.90445656866156e-05,8.068543955107214e-05,2.2305454642175129e-07,2.2577638938033553e-07,7.662867898069619e-08,3.9893666214442404e-05
5.423028900055215,569099.6408895,-0.0643764999998977,0.0116900000000093,-0.0108540000000078,-0.0085577719626681,-0.0131498724086859,-0.010214733222253,-0.0001591199999987,-0.0003313599999994,0.0004361200000011,0.0187215218433638,,0.0,0.0,0.0,0.0,0.0,0.0,8.90445656866156e-05,8.068543955107214e-05,2.2305454642175129e-07,2.2577638938033553e-07,7.662867898069619e-08,3.9893666214442404e-05
5.532983700046316,569099.7508443,-0.0243764999998976,-0.0383099999999906,-0.0108540000000078,-0.0123393531683008,-0.0191645826563539,-0.0103675545632896,0.0002408800000012,-0.0003313599999994,-0.0007638799999988,0.0250405082342005,,0.0,0.0,0.0,0.0,0.0,0.0,8.90445656866156e-05,8.068543955107214e-05,2.2305454642175129e-07,2.2577638938033553e-07,7.662867898069619e-08,3.9893666214442404e-05
5.635503400000744,569099.853364,-0.0443764999998976,-0.0033099999999907,-0.0208540000000078,-0.0199980645422703,-0.0153744301450175,-0.0128744150949364,0.0006408800000012,6.864000000058375e-05,0.0008361200000011,0.028320421108408,,0.0,0.0,0.0,0.0,0.0,0.0,8.90445656866156e-05,8.068543955107214e-05,2.2305454642175129e-07,2.2577638938033553e-07,7.662867898069619e-08,3.9893666214442404e-05
5.746372399968095,569099.964233,0.0356235000001021,-0.0283099999999907,0.0591459999999922,-0.006701327749888,-0.0184667715603695,0.0043425853809465,0.0010408800000012,-0.0007313599999994,-0.0003638799999988,0.0201193313324549,,0.0,0.0,0.0,0.0,0.0,0.0,8.90445656866156e-05,8.068543955107214e-05,2.2305454642175129e-07,2.2577638938033553e-07,7.662867898069619e-08,3.9893666214442404e-05
5.856304700020701,569100.0741653,-0.0643764999998977,0.0566900000000093,-0.0008540000000077,-0.0204889942992435,-0.0005000024156026,0.0031003041075196,0.0006408800000012,6.864000000058375e-05,3.612000000116633e-05,0.0207282603073472,,0.0,0.0,0.0,0.0,0.0,0.0,8.90445656866156e-05,8.068543955107214e-05,2.2305454642175129e-07,2.2577638938033553e-07,7.662867898069619e-08,3.9893666214442404e-05
5.967171599972062,569100.1850322,0.0656235000001022,-0.0883099999999906,-0.0008540000000077,9.681950614925072e-05,-0.0214916166433876,0.0021549991462618,0.0002408800000012,6.864000000058375e-05,0.0016361200000011,0.0215996060446365,,0.0,0.0,0.0,0.0,0.0,0.0,8.90445656866156e-05,8.068543955107214e-05,2.2305454642175129e-07,2.2577638938033553e-07,7.662867898069619e-08,3.9893666214442404e-05
6.078031999990344,569100.2958926,-0.0843764999998977,0.0016900000000092,-0.0008540000000077,-0.0200971377241449,-0.0159498837298098,0.0014356761645076,0.0002408800000012,6.864000000058375e-05,3.612000000116633e-05,0.0256973714949027,,0.0,0.0,0.0,0.0,0.0,0.0,8.90445656866156e-05,8.068543955107214e-05,2.2305454642175129e-07,2.2577638938033553e-07,7.662867898069619e-08,3.9893666214442404e-05
6.188841499970295,569100.4067021,0.0356235000001021,0.0916900000000093,0.1291459999999921,-0.0067767167719694,0.0097822080244179,0.0319657516070404,0.0014408800000012,-0.0011313599999994,0.0004361200000011,0.0341090128828655,,0.0,0.0,0.0,0.0,0.0,0.0,8.90445656866156e-05,8.068543955107214e-05,2.2305454642175129e-07,2.2577638938033553e-07,7.662867898069619e-08,3.9893666214442404e-05
6.299703399999999,569100.517564,0.0856235000001022,-0.0433099999999906,0.4591459999999921,0.0153122225105877,-0.0029098678212582,0.1340862757691837,0.0070408800000012,-0.0023313599999994,0.0016361200000011,0.1349891137781136,,0.0,0.0,0.0,0.0,0.0,0.0,8.90445656866156e-05,8.068543955107214e-05,2.2305454642175129e-07,2.2577638938033553e-07,7.662867898069619e-08,3.9893666214442404e-05
6.4104966999730095,569100.6283573,0.0056235000001021,0.0116900000000093,0.8341459999999922,0.0129960634068966,0.000580336045177,0.3014406098054648,0.0134408800000012,-0.0043313599999994,0.0004361200000011,0.3017211886724098,1.0,0.0,0.0,0.0,0.0,0.0,0.0,8.90445656866156e-05,8.068543955107214e-05,2.2305454642175129e-07,2.2577638938033553e-07,7.662867898069619e-08,3.9893666214442404e-05
6.521387899992988,569100.7392485,0.0906235000001023,-0.1083099999999906,1.2741459999999925,0.0315534628748831,-0.0254506853678156,0.5339728597765198,0.0222408800000012,-0.0007313599999994,-0.0003638799999988,0.5355094521882905,1.0,0.0,0.0,0.0,0.0,0.0,0.0,8.90445656866156e-05,8.068543955107214e-05,2.2305454642175129e-07,2.2577638938033553e-07,7.662867898069619e-08,3.9893666214442404e-05
6.633027200005017,569100.8508878,0.1056235000001022,-0.0933099999999906,1.9041459999999923,0.0492604403027786,-0.0416729447199075,0.8615226465442813,0.0270408800000012,0.0016686400000005,0.0016361200000011,0.8639354697019418,1.0,0.0,0.0,0.0,0.0,0.0,0.0,8.90445656866156e-05,8.068543955107214e-05,2.2305454642175129e-07,2.2577638938033553e-07,7.662867898069619e-08,3.9893666214442404e-05
6.743895199964754,569100.9617558,0.2306235000001022,0.1216900000000093,2.019145999999992,0.0926165898195603,-0.0026198527142978,1.138260871408298,0.0210408800000012,-0.0011313599999994,0.0036361200000011,1.1420256160512456,1.0,0.0,0.0,0.0,0.0,0.0,0.0,8.90445656866156e-05,8.068543955107214e-05,2.2305454642175129e-07,2.2577638938033553e-07,7.662867898069619e-08,3.9893666214442404e-05
6.85406659997534,569101.0719272,0.2556235000001021,0.2866900000000093,1.994145999999992,0.1315845691966774,0.0665417574388015,1.3428663939791052,0.0190408800000012,-0.0067313599999994,0.0012361200000011,1.350937621214305,1.0,0.0,0.0,0.0,0.0,0.0,0.0,8.90445656866156e-05,8.068543955107214e-05,2.2305454642175129e-07,2.2577638938033553e-07,7.662867898069619e-08,3.9893666214442404e-05
6.95614939997904,569101.17401,0.3556235000001022,0.4266900000000093,3.404145999999993,0.1851426939752513,0.1526377963937525,1.835630173679792,0.0494408800000012,-0.0067313599999994,0.0004361200000011,1.8512466741480071,1.0,0.0,0.0,0.0,0.0,0.0,0.0,8.90445656866156e-05,8.068543955107214e-05,2.2305454642175129e-07,2.2577638938033553e-07,7.662867898069619e-08,3.9893666214442404e-05
7.067274900036864,569101.2851355,0.1906235000001022,0.8366900000000093,4.574145999999993,0.1864529202467009,0.3161654169926375,2.4902921639338285,0.0710408800000012,-0.0063313599999994,0.0052361200000011,2.517196918026256,1.0,0.0,0.0,0.0,0.0,0.0,0.0,8.90445656866156e-05,8.068543955107214e-05,2.2305454642175129e-07,2.2577638938033553e-07,7.662867898069619e-08,3.9893666214442404e-05
7.17719760001637,569101.3950582,0.1006235000001023,0.7466900000000094,5.464145999999992,0.165934777338434,0.4190854285025291,3.2012134054078003,0.0974408800000012,-0.0119313599999994,0.0036361200000011,3.2327904685698563,1.0,0.0,0.0,0.0,0.0,0.0,0.0,8.90445656866156e-05,8.068543955107214e-05,2.2305454642175129e-07,2.2577638938033553e-07,7.662867898069619e-08,3.9893666214442404e-05
7.287237300071865,569101.5050979,0.7406235000001022,1.2666900000000094,6.239145999999993,0.3033182678183053,0.6217114240844439,3.927453136987424,0.0978408800000012,-0.0007313599999994,0.0176361200000011,3.987908626042197,1.0,4.4,0.0,0.0,0.0,0.0,0.0,0.31533988636482124,8.068543955107214e-05,2.2305454642175129e-07,2.2577638938033553e-07,7.662867898069619e-08,3.9893666214442404e-05
7.397982200025581,569101.6158428,0.8956235000001023,0.7316900000000093,7.149145999999993,0.4449131121537697,0.6480025970994763,4.697622088145578,0.1338408800000012,-0.0075313599999994,0.0136361200000011,4.762930644702612,1.0,333.82,0.0,0.0,0.0,0.0,0.0,3.3171521133527637,8.068543955107214e-05,2.2305454642175129e-07,2.2577638938033553e-07,7.662867898069619e-08,3.9893666214442404e-05
7.508894499973394,569101.7267551,0.8556235000001022,0.1716900000000093,6.839145999999992,0.5430963971803829,0.5341366300660813,5.209568848809394,0.1330408800000012,-0.0023313599999994,0.0168361200000011,5.264965643448578,1.0,526.39,0.0,0.0,0.0,0.0,0.0,4.339176569888308,8.068543955107214e-05,2.2305454642175129e-07,2.2577638938033553e-07,7.662867898069619e-08,3.9893666214442404e-05
7.620521500008181,569101.8383821,0.9206235000001024,0.2216900000000093,6.094145999999992,0.6333469782182518,0.4594440061559703,5.42103340664247,0.1086408800000012,0.0276686400000005,0.0172361200000011,5.477209178545631,1.0,422.78,0.0,0.0,0.0,0.0,0.0,3.8070024133375826,8.068543955107214e-05,2.2305454642175129e-07,2.2577638938033553e-07,7.662867898069619e-08,3.9893666214442404e-05
7.733853399986401,569101.951714,0.1506235000001021,-0.7183099999999908,4.744145999999993,0.5179484437437264,0.1778934033479607,5.25921858251348,0.0962408800000012,0.0052686400000005,0.0036361200000011,5.2876551279358575,1.0,122.19,0.0,0.0,0.0,0.0,0.0,1.88844056293656,8.068543955107214e-05,2.2305454642175129e-07,2.2577638938033553e-07,7.662867898069619e-08,3.9893666214442404e-05
7.83606050000526,569102.0539211,0.4906235000001022,0.6616900000000093,5.379145999999992,0.5114162185570573,0.2935484745358995,5.287888097972605,0.0954408800000012,0.0012686400000005,0.0236361200000011,5.32066516444945,1.0,38.12,0.0,0.0,0.0,0.0,0.0,1.0033369165913084,8.068543955107214e-05,2.2305454642175129e-07,2.2577638938033553e-07,7.662867898069619e-08,3.9893666214442404e-05
7.946288499981165,569102.1641491,0.8956235000001023,0.0166900000000093,5.379145999999992,0.6032637445498419,0.2273634562802591,5.309703958663808,0.1186408800000012,0.0032686400000005,0.0228361200000011,5.348698665599897,1.0,73.8,0.0,0.0,0.0,0.0,0.0,1.4340814931707786,8.068543955107214e-05,2.2305454642175129e-07,2.2577638938033553e-07,7.662867898069619e-08,3.9893666214442404e-05
8.057227600016631,569102.2750882,0.6906235000001022,0.7166900000000094,5.394145999999992,0.6241477251430898,0.3443405012609166,5.329890438621655,0.0946408800000012,-0.0087313599999994,0.0120361200000011,5.37734719460446,1.0,261.97,0.0,0.0,0.0,0.0,0.0,2.8878052313899882,8.068543955107214e-05,2.2305454642175129e-07,2.2577638938033553e-07,7.662867898069619e-08,3.9893666214442404e-05
8.16882819996681,569102.3866888,0.9506235000001022,0.6966900000000094,5.554145999999992,0.7021941174565552,0.4285721941701018,5.383500350504017,0.0910408800000012,-0.0075313599999994,0.0184361200000011,5.44599180389424,1.0,275.66,0.0,0.0,0.0,0.0,0.0,2.972598495026969,8.068543955107214e-05,2.2305454642175129e-07,2.2577638938033553e-07,7.662867898069619e-08,3.9893666214442404e-05
8.27967489999719,569102.4975355,0.8556235000001022,0.6366900000000093,5.674145999999992,0.7388725196677177,0.4783242590157478,5.452981292527049,0.0838408800000012,-0.0087313599999994,0.0088361200000011,5.523561502665925,1.0,530.79,0.0,0.0,0.0,0.0,0.0,4.36109507872667,8.068543955107214e-05,2.2305454642175129e-07,2.2577638938033553e-07,7.662867898069619e-08,3.9893666214442404e-05
8.389721999992616,569102.6075826,0.8906235000001023,0.3566900000000093,5.569145999999993,0.7751496877061776,0.449246710759502,5.480751304977079,0.0986408800000012,-0.0071313599999994,0.0244361200000011,5.553495702031935,1.0,612.41,0.0,0.0,0.0,0.0,0.0,4.759927762894021,8.068543955107214e-05,2.2305454642175129e-07,2.2577638938033553e-07,7.662867898069619e-08,3.9893666214442404e-05
8.500020100036636,569102.7178807,1.005623500000102,0.5416900000000093,5.899145999999992,0.8302461173881341,0.4713459468267775,5.580771579142698,0.0966408800000012,0.0004686400000005,0.0220361200000011,5.661844843829172,1.0,501.96,0.0,0.0,0.0,0.0,0.0,4.216578586213952,8.068543955107214e-05,2.2305454642175129e-07,2.2577638938033553e-07,7.662867898069619e-08,3.9893666214442404e-05
8.611449799966067,569102.8293104,0.9106235000001024,0.4416900000000093,5.739145999999993,0.8494609113164452,0.4642564785148241,5.618632128483793,0.0998408800000012,-0.0019313599999994,0.0272361200000011,5.7014160445391,1.0,533.24,0.0,0.0,0.0,0.0,0.0,4.373279145241264,8.068543955107214e-05,2.2305454642175129e-07,2.2577638938033553e-07,7.662867898069619e-08,3.9893666214442404e-05
8.722184500074945,569102.9400451,0.9556235000001022,0.7616900000000093,6.174145999999992,0.8748398450184837,0.5353601103698225,5.751431732285679,0.1006408800000012,-0.0055313599999994,0.0276361200000011,5.842167592028647,1.0,604.11,0.0,0.0,0.0,0.0,0.0,4.719975618872523,8.068543955107214e-05,2.2305454642175129e-07,2.2577638938033553e-07,7.662867898069619e-08,3.9893666214442404e-05
8.833828800008632,569103.0516894,1.0656235000001022,0.6766900000000093,6.324145999999993,0.9204480558886888,0.5691460413980198,5.888343215047692,0.1030408800000012,-0.0035313599999994,0.0264361200000011,5.98696397669357,1.0,761.49,0.0,0.0,0.0,0.0,0.0,5.460335613095879,8.068543955107214e-05,2.2305454642175129e-07,2.2577638938033553e-07,7.662867898069619e-08,3.9893666214442404e-05
8.936113100033253,569103.1539737,0.8206235000001022,0.5816900000000094,6.0441459999999925,0.8965842747097932,0.5721447653144989,5.925588996249202,0.1030408800000012,-0.0095313599999994,0.0228361200000011,6.020283875915096,1.0,747.8,0.0,0.0,0.0,0.0,0.0,5.397125145790577,8.068543955107214e-05,2.2305454642175129e-07,2.2577638938033553e-07,7.662867898069619e-08,3.9893666214442404e-05
9.047183000016958,569103.2650436,1.6406235000001024,1.1716900000000092,7.259145999999992,1.0744522261651417,0.7154703845474355,6.244385431092454,0.1254408800000012,0.0048686400000005,0.0512361200000011,6.376417087167007,1.0,789.83,0.0,0.0,0.0,0.0,0.0,5.590648749672074,8.068543955107214e-05,2.2305454642175129e-07,2.2577638938033553e-07,7.662867898069619e-08,3.9893666214442404e-05
9.157218000036664,569103.3750786,1.2456235000001024,1.0266900000000092,6.799145999999992,1.115371955650032,0.7898696817507138,6.377004952464175,0.1098408800000012,-0.0091313599999994,0.0260361200000011,6.52182036530846,1.0,1091.4,0.0,0.0,0.0,0.0,0.0,6.952790540231246,8.068543955107214e-05,2.2305454642175129e-07,2.2577638938033553e-07,7.662867898069619e-08,3.9893666214442404e-05
9.26720490003936,569103.4850655,1.2956235000001022,1.0366900000000094,7.029145999999993,1.1584623893938986,0.8488738617620969,6.532903980690653,0.1198408800000012,-0.0107313599999994,0.0308361200000011,6.68890546814252,1.0,1146.63,0.0,0.0,0.0,0.0,0.0,7.201152627984523,8.068543955107214e-05,2.2305454642175129e-07,2.2577638938033553e-07,7.662867898069619e-08,3.9893666214442404e-05
9.382251500035636,569103.6001121,1.1656235000001025,0.7966900000000093,7.1691459999999925,1.1601743046133866,0.8363989326519683,6.685002231371201,0.1326408800000012,-0.0111313599999994,0.0344361200000011,6.836287181289595,1.0,1147.12,0.0,0.0,0.0,0.0,0.0,7.203358684656719,8.068543955107214e-05,2.2305454642175129e-07,2.2577638938033553e-07,7.662867898069619e-08,3.9893666214442404e-05
9.49386410007719,569103.7117247,1.1606235000001024,0.7416900000000093,7.229145999999993,1.1602816880153934,0.8137580781610593,6.815083729944656,0.1342408800000012,-0.0147313599999994,0.0252361200000011,6.96087796556387,1.0,1112.41,0.0,0.0,0.0,0.0,0.0,7.0472109844044,8.068543955107214e-05,2.2305454642175129e-07,2.2577638938033553e-07,7.662867898069619e-08,3.9893666214442404e-05
9.60395839996636,569103.821819,1.2906235000001025,1.0366900000000094,7.634145999999992,1.1914408397088443,0.8670515644500736,7.0108864821883525,0.1374408800000012,-0.0131313599999994,0.0240361200000011,7.164065811818929,1.0,1178.89,0.0,0.0,0.0,0.0,0.0,7.3465228343311,8.068543955107214e-05,2.2305454642175129e-07,2.2577638938033553e-07,7.662867898069619e-08,3.9893666214442404e-05
9.706228399998508,569103.924089,1.4206235000001022,1.0116900000000093,7.744145999999992,1.246228610177784,0.9016284272800348,7.186177466702515,0.1382408800000012,-0.0163313599999994,0.0248361200000011,7.348956807101815,1.0,1254.15,0.0,0.0,0.0,0.0,0.0,7.687002584875952,8.068543955107214e-05,2.2305454642175129e-07,2.2577638938033553e-07,7.662867898069619e-08,3.9893666214442404e-05
9.817251699976625,569104.0351123,1.3906235000001024,0.9216900000000092,7.704145999999993,1.2807472516422789,0.9064242911557356,7.31000158619031,0.1402408800000012,-0.0163313599999994,0.0244361200000011,7.476499295010418,1.0,1288.86,0.0,0.0,0.0,0.0,0.0,7.844855754710966,8.068543955107214e-05,2.2305454642175129e-07,2.2577638938033553e-07,7.662867898069619e-08,3.9893666214442404e-05
9.927268999977969,569104.1451296,1.1556235000001025,0.5966900000000094,7.449145999999992,1.2508355149669466,0.8323800714550231,7.34326506343659,0.1426408800000012,-0.0159313599999994,0.0280361200000011,7.495397778687031,1.0,1284.46,0.0,0.0,0.0,0.0,0.0,7.824811959714951,8.068543955107214e-05,2.2305454642175129e-07,2.2577638938033553e-07,7.662867898069619e-08,3.9893666214442404e-05
10.03719619999174,569104.2550568,1.1256235000001025,0.5566900000000093,7.579145999999993,1.2209026783062729,0.7664743683959553,7.399654105234125,0.1498408800000012,-0.0151313599999994,0.0292361200000011,7.538764300892531,1.0,1218.96,0.0,0.0,0.0,0.0,0.0,7.527531269940892,8.068543955107214e-05,2.2305454642175129e-07,2.2577638938033553e-07,7.662867898069619e-08,3.9893666214442404e-05
10.148034200072289,569104.3658948,1.5106235000001025,1.0016900000000093,8.139145999999993,1.290162533562607,0.8227043642370548,7.57643498447946,0.1550408800000012,-0.0071313599999994,0.0332361200000011,7.729406763005015,1.0,1257.58,0.0,0.0,0.0,0.0,0.0,7.7025753917030055,8.068543955107214e-05,2.2305454642175129e-07,2.2577638938033553e-07,7.662867898069619e-08,3.9893666214442404e-05
10.258080100058578,569104.4759407,1.4956235000001024,1.1116900000000094,8.314145999999992,1.3392794617595234,0.8917884679859163,7.75279013167682,0.1526408800000012,-0.0087313599999994,0.0272361200000011,7.917999177453167,1.0,1327.47,0.0,0.0,0.0,0.0,0.0,8.02119935581219,8.068543955107214e-05,2.2305454642175129e-07,2.2577638938033553e-07,7.662867898069619e-08,3.9893666214442404e-05
10.368016900029032,569104.5858775,1.5056235000001024,0.9016900000000092,8.269145999999992,1.3790452057055065,0.8941555007386977,7.876228731953243,0.1546408800000012,-0.0083313599999994,0.0336361200000011,8.045884586353846,1.0,1378.3,0.0,0.0,0.0,0.0,0.0,8.25475464903765,8.068543955107214e-05,2.2305454642175129e-07,2.2577638938033553e-07,7.662867898069619e-08,3.9893666214442404e-05
10.478072799975052,569104.6959334,1.5206235000001025,1.0616900000000091,8.259145999999992,1.4128905196631094,0.9342058329911136,7.967767870925089,0.1554408800000012,-0.0039313599999994,0.0380361200000011,8.145816411133671,1.0,1369.99,0.0,0.0,0.0,0.0,0.0,8.216453378190927,8.068543955107214e-05,2.2305454642175129e-07,2.2577638938033553e-07,7.662867898069619e-08,3.9893666214442404e-05
10.588088100077584,569104.8059487,1.5356235000001022,0.8466900000000093,8.184145999999993,1.442230725187936,0.9132845409342836,8.019494625711811,0.1534408800000012,-0.0023313599999994,0.0340361200000011,8.199171431870802,1.0,1290.81,0.0,0.0,0.0,0.0,0.0,7.853742072955212,8.068543955107214e-05,2.2305454642175129e-07,2.2577638938033553e-07,7.662867898069619e-08,3.9893666214442404e-05
10.69893489999231,569104.9167955,1.5556235000001022,0.9866900000000094,8.559145999999993,1.4693380871120445,0.930832646176404,8.148502184966837,0.1606408800000012,-0.0043313599999994,0.0316361200000011,8.332076073094578,1.0,1365.1,0.0,0.0,0.0,0.0,0.0,8.193937479926753,8.068543955107214e-05,2.2305454642175129e-07,2.2577638938033553e-07,7.662867898069619e-08,3.9893666214442404e-05
10.808897700044326,569105.0267583,1.5206235000001025,1.0666900000000092,8.639145999999993,1.481598235528791,0.96331032798857,8.265794133170418,0.1614408800000012,-0.0019313599999994,0.0344361200000011,8.452600355599806,1.0,1427.66,0.0,0.0,0.0,0.0,0.0,8.483303651272355,8.068543955107214e-05,2.2305454642175129e-07,2.2577638938033553e-07,7.662867898069619e-08,3.9893666214442404e-05
10.920525999972597,569105.1383866,1.5356235000001022,0.8766900000000093,8.444145999999993,1.4945133652581355,0.9426031128713772,8.30843043528048,0.1610408800000012,-0.0035313599999994,0.0360361200000011,8.49423846646802,1.0,1413.0,0.0,0.0,0.0,0.0,0.0,8.415230166243855,8.068543955107214e-05,2.2305454642175129e-07,2.2577638938033553e-07,7.662867898069619e-08,3.9893666214442404e-05
11.030558399972506,569105.248419,1.4406235000001022,0.8166900000000094,8.359145999999992,1.481630603688796,0.9125026736921688,8.320554357376174,0.1590408800000012,-0.0079313599999994,0.0312361200000011,8.500559698592454,1.0,1390.03,0.0,0.0,0.0,0.0,0.0,8.308902374784626,8.068543955107214e-05,2.2305454642175129e-07,2.2577638938033553e-07,7.662867898069619e-08,3.9893666214442404e-05
11.140582700027151,569105.3584433,1.2206235000001022,0.8116900000000093,8.259145999999992,1.4192349701383098,0.8884026758145509,8.30587424595533,0.1546408800000012,-0.0095313599999994,0.0236361200000011,8.47295899933913,1.0,1354.84,0.0,0.0,0.0,0.0,0.0,8.14674826590658,8.068543955107214e-05,2.2305454642175129e-07,2.2577638938033553e-07,7.662867898069619e-08,3.9893666214442404e-05
11.2513798000291,569105.4692404,1.3506235000001023,0.9066900000000092,8.229145999999993,1.4028329025792223,0.8927743927615952,8.287531804504729,0.1570408800000012,-0.0071313599999994,0.0276361200000011,8.452701915932389,1.0,1390.52,0.0,0.0,0.0,0.0,0.0,8.311166466859241,8.068543955107214e-05,2.2305454642175129e-07,2.2577638938033553e-07,7.662867898069619e-08,3.9893666214442404e-05
11.361399700050242,569105.5792603,1.2856235000001022,0.6716900000000093,7.899145999999993,1.3748131482175905,0.8399225716443556,8.194685372390023,0.1478408800000012,-0.0071313599999994,0.0264361200000011,8.35155371600594,1.0,1347.51,0.0,0.0,0.0,0.0,0.0,8.113077901693662,8.068543955107214e-05,2.2305454642175129e-07,2.2577638938033553e-07,7.662867898069619e-08,3.9893666214442404e-05
11.471407599980012,569105.6892682,0.9906235000001022,0.5466900000000093,6.924145999999992,1.2829698375747507,0.769823207194836,7.890953757538395,0.1326408800000012,-0.0111313599999994,0.0220361200000011,8.031549699657697,1.0,1145.65,0.0,0.0,0.0,0.0,0.0,7.196740680666626,8.068543955107214e-05,2.2305454642175129e-07,2.2577638938033553e-07,7.662867898069619e-08,3.9893666214442404e-05
11.582336500054224,569105.8001971,1.0506235000001023,0.3816900000000093,6.479145999999992,1.2274257671980435,0.6770371602917288,7.553450914749233,0.1258408800000012,-0.0091313599999994,0.0248361200000011,7.682419804457682,1.0,859.24,0.0,0.0,0.0,0.0,0.0,5.907247457992017,8.068543955107214e-05,2.2305454642175129e-07,2.2577638938033553e-07,7.662867898069619e-08,3.9893666214442404e-05
11.693099100026302,569105.9109597,1.0006235000001025,0.4516900000000093,6.2091459999999925,1.1732070468930942,0.6231662938038376,7.232085114143076,0.1194408800000012,-0.0075313599999994,0.0224361200000011,7.353081401890142,1.0,739.49,0.0,0.0,0.0,0.0,0.0,5.35866588584433,8.068543955107214e-05,2.2305454642175129e-07,2.2577638938033553e-07,7.662867898069619e-08,3.9893666214442404e-05
11.79624799999874,569106.0141086,0.9806235000001022,0.4316900000000093,6.2091459999999925,1.1271685588597566,0.57739250261983,6.987544129593253,0.1162408800000012,-0.0071313599999994,0.0200361200000011,7.1013846554863305,1.0,751.71,0.0,0.0,0.0,0.0,0.0,5.415197096477727,8.068543955107214e-05,2.2305454642175129e-07,2.2577638938033553e-07,7.662867898069619e-08,3.9893666214442404e-05
11.906413899967449,569106.1242745,0.9106235000001024,0.4466900000000093,6.159145999999993,1.0754018983021545,0.5461471252245669,6.789509572688401,0.1146408800000012,-0.0051313599999994,0.0228361200000011,6.8958107690749735,1.0,772.73,0.0,0.0,0.0,0.0,0.0,5.5121031861152625,8.068543955107214e-05,2.2305454642175129e-07,2.2577638938033553e-07,7.662867898069619e-08,3.9893666214442404e-05
12.016390700009651,569106.2342513,1.0506235000001023,0.4266900000000093,6.199145999999993,1.069478443198546,0.5175900365278698,6.648378896080623,0.1134408800000012,-0.0039313599999994,0.0232361200000011,6.753711981734897,1.0,767.84,0.0,0.0,0.0,0.0,0.0,5.489595543188832,8.068543955107214e-05,2.2305454642175129e-07,2.2577638938033553e-07,7.662867898069619e-08,3.9893666214442404e-05
12.12638410006184,569106.3442447,1.0906235000001023,0.5216900000000093,6.229145999999992,1.0745333217706163,0.5185701624124247,6.548158243897319,0.1138408800000012,-0.0039313599999994,0.0236361200000011,6.655968243618675,1.0,781.52,0.0,0.0,0.0,0.0,0.0,5.552509158407916,8.068543955107214e-05,2.2305454642175129e-07,2.2577638938033553e-07,7.662867898069619e-08,3.9893666214442404e-05
12.237267900025472,569106.4551285,1.0506235000001023,0.4466900000000093,5.789145999999993,1.068817506161131,0.5013866903534273,6.366710884184705,0.1046408800000012,-0.0039313599999994,0.0244361200000011,6.475242617658125,1.0,734.12,0.0,0.0,0.0,0.0,0.0,5.333775559086679,8.068543955107214e-05,2.2305454642175129e-07,2.2577638938033553e-07,7.662867898069619e-08,3.9893666214442404e-05
12.34899059997406,569106.5668512,0.9506235000001022,0.3916900000000093,5.344145999999992,1.0405623752008508,0.4751629041182578,6.122259362009723,0.1014408800000012,-0.0039313599999994,0.0272361200000011,6.228210781424264,1.0,592.38,0.0,0.0,0.0,0.0,0.0,4.6632984626927945,8.068543955107214e-05,2.2305454642175129e-07,2.2577638938033553e-07,7.662867898069619e-08,3.9893666214442404e-05
12.459851399995388,569106.677712,0.8656235000001022,0.4116900000000093,5.2941459999999925,0.9987419733937832,0.4599892478852418,5.924292880852764,0.0978408800000012,-0.0039313599999994,0.0232361200000011,6.025472742923271,1.0,471.65,0.0,0.0,0.0,0.0,0.0,4.062171112826359,8.068543955107214e-05,2.2305454642175129e-07,2.2577638938033553e-07,7.662867898069619e-08,3.9893666214442404e-05
12.570762800052762,569106.7886234,0.8356235000001022,0.4666900000000093,5.279145999999993,0.959747324024676,0.4615911110819016,5.770065858695005,0.0958408800000012,-0.0031313599999994,0.0220361200000011,5.86752428997785,1.0,435.0,0.0,0.0,0.0,0.0,0.0,3.871597388292232,8.068543955107214e-05,2.2305454642175129e-07,2.2577638938033553e-07,7.662867898069619e-08,3.9893666214442404e-05
12.681385000003502,569106.8992456,0.9906235000001022,0.3666900000000093,5.484145999999992,0.9671284969290764,0.4389043149490949,5.701714651100215,0.1034408800000012,-0.0027313599999994,0.0284361200000011,5.79978659002416,1.0,470.67,0.0,0.0,0.0,0.0,0.0,4.0571328083548535,8.068543955107214e-05,2.2305454642175129e-07,2.2577638938033553e-07,7.662867898069619e-08,3.9893666214442404e-05
12.791384399984963,569107.009245,0.9406235000001024,0.4316900000000093,5.524145999999992,0.960792285951426,0.4371796808471134,5.6592655823679,0.1050408800000012,-0.0031313599999994,0.0256361200000011,5.75686849093005,1.0,456.01,0.0,0.0,0.0,0.0,0.0,3.981397872056449,8.068543955107214e-05,2.2305454642175129e-07,2.2577638938033553e-07,7.662867898069619e-08,3.9893666214442404e-05
12.90353030001279,569107.1213909,0.8856235000001023,0.2516900000000093,5.174145999999992,0.9428226446797164,0.392837032735372,5.543294241887852,0.1018408800000012,-0.0043313599999994,0.0232361200000011,5.636607714375393,1.0,380.74,0.0,0.0,0.0,0.0,0.0,3.5801777194418425,8.068543955107214e-05,2.2305454642175129e-07,2.2577638938033553e-07,7.662867898069619e-08,3.9893666214442404e-05
13.006100700004026,569107.2239613,0.8906235000001023,0.2066900000000093,5.114145999999993,0.9303440620777552,0.3483372399062883,5.440703254664731,0.1006408800000012,-0.0035313599999994,0.0256361200000011,5.530653741816447,1.0,248.29,0.0,0.0,0.0,0.0,0.0,2.8014148063251314,8.068543955107214e-05,2.2305454642175129e-07,2.2577638938033553e-07,7.662867898069619e-08,3.9893666214442404e-05
13.117218100000173,569107.3350787,0.9206235000001024,0.3216900000000093,5.314145999999992,0.928020291495536,0.3419670247174053,5.410448828736788,0.1046408800000012,-0.0023313599999994,0.0268361200000011,5.500101784130982,1.0,277.61,0.0,0.0,0.0,0.0,0.0,2.984549274458932,8.068543955107214e-05,2.2305454642175129e-07,2.2577638938033553e-07,7.662867898069619e-08,3.9893666214442404e-05
13.22893219999969,569107.4467928,0.9756235000001022,0.3316900000000093,5.494145999999993,0.9394001823555984,0.3395102277214862,5.430457242123038,0.1074408800000012,-0.0023313599999994,0.0276361200000011,5.521558272432138,1.0,356.79,0.0,0.0,0.0,0.0,0.0,3.447360129608492,8.068543955107214e-05,2.2305454642175129e-07,2.2577638938033553e-07,7.662867898069619e-08,3.9893666214442404e-05
13.339773199986666,569107.5576338,1.0306235000001025,0.3616900000000093,5.304145999999992,0.9612077754002494,0.3448124625027072,5.400261627270285,0.1050408800000012,-0.0015313599999994,0.0292361200000011,5.49596594465022,1.0,360.7,0.0,0.0,0.0,0.0,0.0,3.469239860761857,8.068543955107214e-05,2.2305454642175129e-07,2.2577638938033553e-07,7.662867898069619e-08,3.9893666214442404e-05
13.45225269999355,569107.6701133,0.7956235000001023,0.2966900000000093,5.004145999999992,0.9216236582495024,0.3333084402235028,5.305567325186242,0.0990408800000012,-0.0023313599999994,0.0252361200000011,5.395324765558911,1.0,301.08,0.0,0.0,0.0,0.0,0.0,3.1260853038604517,8.068543955107214e-05,2.2305454642175129e-07,2.2577638938033553e-07,7.662867898069619e-08,3.9893666214442404e-05
13.563053400022907,569107.780914,0.9206235000001024,0.2216900000000093,4.854145999999992,0.9213845631952295,0.3066252457999188,5.197651796508559,0.0958408800000012,-0.0023313599999994,0.0260361200000011,5.28758477496153,1.0,220.43,0.0,0.0,0.0,0.0,0.0,2.619690894031993,8.068543955107214e-05,2.2305454642175129e-07,2.2577638938033553e-07,7.662867898069619e-08,3.9893666214442404e-05
13.673856200068258,569107.8917168,0.9356235000001024,0.4516900000000093,5.094145999999992,0.9247884838949704,0.3413040231827594,5.1729079881676086,0.0974408800000012,-0.0019313599999994,0.0244361200000011,5.265994609780165,1.0,232.65,0.0,0.0,0.0,0.0,0.0,2.700418453957792,8.068543955107214e-05,2.2305454642175129e-07,2.2577638938033553e-07,7.662867898069619e-08,3.9893666214442404e-05
13.77619180001784,569107.9940524,1.0106235000001025,0.4416900000000093,5.204145999999993,0.945307964533642,0.3653020160901381,5.180375660547376,0.1006408800000012,-0.0019313599999994,0.0236361200000011,5.278574115721206,1.0,317.69,0.0,0.0,0.0,0.0,0.0,3.2238798680592775,8.068543955107214e-05,2.2305454642175129e-07,2.2577638938033553e-07,7.662867898069619e-08,3.9893666214442404e-05
13.88729590002913,569108.1051565,0.8506235000001022,0.2066900000000093,4.8741459999999925,0.9226729593231892,0.3273846678923381,5.107169248109675,0.0990408800000012,-0.0043313599999994,0.0232361200000011,5.200161905121256,1.0,243.89,0.0,0.0,0.0,0.0,0.0,2.7732514497683085,8.068543955107214e-05,2.2305454642175129e-07,2.2577638938033553e-07,7.662867898069619e-08,3.9893666214442404e-05
13.998253099969588,569108.2161137,0.8006235000001023,0.1466900000000093,4.5841459999999925,0.8934961544342265,0.2841883022647426,4.98213676253273,0.0954408800000012,-0.0047313599999994,0.0208361200000011,5.06959417406492,1.0,8.31,3.42,0.0,0.0,0.0,0.0,0.443097934346237,0.26407912610194173,2.2305454642175129e-07,2.2577638938033553e-07,7.662867898069619e-08,3.9893666214442404e-05
14.108942799968643,569108.3268034,0.8206235000001022,0.2566900000000093,4.814145999999992,0.8760754199880636,0.277614634471328,4.941977357249411,0.0978408800000012,-0.0031313599999994,0.0220361200000011,5.026700530800078,1.0,5.87,0.0,0.0,0.0,0.0,0.0,0.3678993855097313,8.068543955107214e-05,2.2305454642175129e-07,2.2577638938033553e-07,7.662867898069619e-08,3.9893666214442404e-05
14.21996440005023,569108.437825,0.9406235000001024,0.3566900000000093,5.0441459999999925,0.8915061047851421,0.2965181718106149,4.966401509325437,0.1002408800000012,-0.0023313599999994,0.0232361200000011,5.054488115814802,1.0,77.71,0.0,0.0,0.0,0.0,0.0,1.4748775434505632,8.068543955107214e-05,2.2305454642175129e-07,2.2577638938033553e-07,7.662867898069619e-08,3.9893666214442404e-05
14.331431800033895,569108.5492924,0.9506235000001022,0.2866900000000093,5.204145999999993,0.9056385451523262,0.2941686763444027,5.023236047194834,0.1034408800000012,-0.0015313599999994,0.0236361200000011,5.112691734345561,1.0,172.04,0.0,0.0,0.0,0.0,0.0,2.2810737489814934,8.068543955107214e-05,2.2305454642175129e-07,2.2577638938033553e-07,7.662867898069619e-08,3.9893666214442404e-05
14.441396599984728,569108.6592572,0.9206235000001024,0.3966900000000093,5.564145999999992,0.9092208068541672,0.3186771393384048,5.152544478735823,0.1102408800000012,-0.0015313599999994,0.0252361200000011,5.241846258724541,1.0,217.5,0.0,0.0,0.0,0.0,0.0,2.6000804410836293,8.068543955107214e-05,2.2305454642175129e-07,2.2577638938033553e-07,7.662867898069619e-08,3.9893666214442404e-05
14.552266100072302,569108.7701267,0.8756235000001023,0.4216900000000093,5.704145999999993,0.901189127956838,0.3433031078043627,5.284408806948667,0.1110408800000012,-0.0015313599999994,0.0232361200000011,5.371682725844144,1.0,354.84,0.0,0.0,0.0,0.0,0.0,3.436418383518984,8.068543955107214e-05,2.2305454642175129e-07,2.2577638938033553e-07,7.662867898069619e-08,3.9893666214442404e-05
14.663137700059451,569108.8809983,1.130623500000102,0.4716900000000093,5.8341459999999925,0.9560370719383624,0.3739949218006587,5.41582745403505,0.1130408800000012,-0.0003313599999994,0.0252361200000011,5.512265060420528,1.0,436.46,0.0,0.0,0.0,0.0,0.0,3.8792779273479825,8.068543955107214e-05,2.2305454642175129e-07,2.2577638938033553e-07,7.662867898069619e-08,3.9893666214442404e-05
14.773049600073136,569108.9909102,1.110623500000102,0.5316900000000093,5.844145999999992,0.9929920742386952,0.4116930693720658,5.518220096454396,0.1130408800000012,-0.0003313599999994,0.0244361200000011,5.6219460577084,1.0,486.8,0.0,0.0,0.0,0.0,0.0,4.139685604545136,8.068543955107214e-05,2.2305454642175129e-07,2.2577638938033553e-07,7.662867898069619e-08,3.9893666214442404e-05
14.883905700058676,569109.1017663,1.1206235000001024,0.6516900000000093,5.909145999999993,1.023503288526691,0.4690660692830689,5.611673757593506,0.1154408800000012,-0.0007313599999994,0.0248361200000011,5.723501054480661,1.0,549.85,0.0,0.0,0.0,0.0,0.0,4.455506381226717,8.068543955107214e-05,2.2305454642175129e-07,2.2577638938033553e-07,7.662867898069619e-08,3.9893666214442404e-05
14.986414100043476,569109.2042747,1.1056235000001022,0.6466900000000093,6.029145999999993,1.0431347182838473,0.5115283530070779,5.7114735127977285,0.1182408800000012,-0.0007313599999994,0.0248361200000011,5.828440699175833,1.0,570.38,0.0,0.0,0.0,0.0,0.0,4.556281105974812,8.068543955107214e-05,2.2305454642175129e-07,2.2577638938033553e-07,7.662867898069619e-08,3.9893666214442404e-05
15.097206400008872,569109.315067,1.0156235000001024,0.5466900000000093,5.979145999999992,1.0365579628227874,0.5199339987147872,5.775462554425269,0.1146408800000012,-0.0007313599999994,0.0240361200000011,5.890734376194477,1.0,588.47,0.0,0.0,0.0,0.0,0.0,4.644348383272912,8.068543955107214e-05,2.2305454642175129e-07,2.2577638938033553e-07,7.662867898069619e-08,3.9893666214442404e-05
15.20807379996404,569109.4259344,0.9606235000001022,0.5216900000000093,5.824145999999993,1.0184052809640274,0.5203537835066891,5.787100683760165,0.1122408800000012,-0.0007313599999994,0.0256361200000011,5.899021249349973,1.0,584.07,0.0,0.0,0.0,0.0,0.0,4.622988052823682,8.068543955107214e-05,2.2305454642175129e-07,2.2577638938033553e-07,7.662867898069619e-08,3.9893666214442404e-05
15.318085800041445,569109.5359464,1.0756235000001022,0.5366900000000093,5.744145999999993,1.0320837095467397,0.5242590740658853,5.776832056319382,0.1110408800000012,6.864000000058375e-05,0.0260361200000011,5.891674886411452,1.0,548.88,0.0,0.0,0.0,0.0,0.0,4.450722001855718,8.068543955107214e-05,2.2305454642175129e-07,2.2577638938033553e-07,7.662867898069619e-08,3.9893666214442404e-05
15.428098500007764,569109.6459591,1.0806235000001023,0.5166900000000093,5.8341459999999925,1.043687497087165,0.5224496322343933,5.790533368569848,0.1122408800000012,0.0016686400000005,0.0280361200000011,5.906988564600306,1.0,521.02,0.0,0.0,0.0,0.0,0.0,4.312360686167261,8.068543955107214e-05,2.2305454642175129e-07,2.2577638938033553e-07,7.662867898069619e-08,3.9893666214442404e-05
15.538047600071875,569109.7559082,1.1256235000001025,0.5866900000000094,5.814145999999992,1.063274890457289,0.537806756196171,5.796178138681681,0.1110408800000012,0.0012686400000005,0.0304361200000011,5.917387144257052,1.0,526.39,0.0,0.0,0.0,0.0,0.0,4.339176569888308,8.068543955107214e-05,2.2305454642175129e-07,2.2577638938033553e-07,7.662867898069619e-08,3.9893666214442404e-05
15.648076300043613,569109.8659369,1.1906235000001022,0.5466900000000093,5.694145999999993,1.0937184954852754,0.5399303597965734,5.771786618889375,0.1118408800000012,0.0024686400000005,0.0288361200000011,5.899259759900989,1.0,507.82,0.0,0.0,0.0,0.0,0.0,4.246129568753642,8.068543955107214e-05,2.2305454642175129e-07,2.2577638938033553e-07,7.662867898069619e-08,3.9893666214442404e-05
15.758902800036594,569109.9767634,1.0556235000001022,0.4766900000000093,5.574145999999993,1.0846116116311282,0.5248122949634658,5.724539201264982,0.1126408800000012,0.0020686400000005,0.0264361200000011,5.8499708853847645,1.0,557.18,0.0,0.0,0.0,0.0,0.0,4.49159227449242,8.068543955107214e-05,2.2305454642175129e-07,2.2577638938033553e-07,7.662867898069619e-08,3.9893666214442404e-05
15.86973030003719,569110.0875909,0.9206235000001024,0.2716900000000093,5.189145999999992,1.0454090689594555,0.4643015818955361,5.596549589030534,0.1046408800000012,0.0024686400000005,0.0260361200000011,5.712252041261066,1.0,326.0,0.0,0.0,0.0,0.0,0.0,3.2721322600145726,8.068543955107214e-05,2.2305454642175129e-07,2.2577638938033553e-07,7.662867898069619e-08,3.9893666214442404e-05
15.980594199965708,569110.1984548,0.6956235000001022,0.1916900000000093,5.059145999999992,0.9617903019849476,0.3991318140034737,5.468079379078473,0.0994408800000012,0.0040686400000005,0.0232361200000011,5.56634879304605,1.0,222.39,0.0,0.0,0.0,0.0,0.0,2.6327528815784667,8.068543955107214e-05,2.2305454642175129e-07,2.2577638938033553e-07,7.662867898069619e-08,3.9893666214442404e-05
16.091502700001,569110.3093633,0.8656235000001022,0.2416900000000093,5.049145999999992,0.9388009332989316,0.3614942110675752,5.367930328598127,0.1022408800000012,0.0024686400000005,0.0244361200000011,5.461382725068983,1.0,204.3,0.0,0.0,0.0,0.0,0.0,2.5104256265430416,8.068543955107214e-05,2.2305454642175129e-07,2.2577638938033553e-07,7.662867898069619e-08,3.9893666214442404e-05
16.202282699989155,569110.4201433,0.8256235000001022,0.2616900000000093,4.9991459999999925,0.9117450503191296,0.3376352934651078,5.279769770892324,0.0990408800000012,0.0032686400000005,0.0224361200000011,5.36854221011655,1.0,134.9,0.0,0.0,0.0,0.0,0.0,1.9940492148273266,8.068543955107214e-05,2.2305454642175129e-07,2.2577638938033553e-07,7.662867898069619e-08,3.9893666214442404e-05
16.314233800047077,569110.5320944,0.8356235000001022,0.1716900000000093,5.049145999999992,0.8935476438429215,0.2979648723380804,5.224637492524176,0.0978408800000012,0.0044686400000005,0.0244361200000011,5.308864980883766,1.0,123.66,0.0,0.0,0.0,0.0,0.0,1.9008841706444257,8.068543955107214e-05,2.2305454642175129e-07,2.2577638938033553e-07,7.662867898069619e-08,3.9893666214442404e-05
16.41641389997676,569110.6342745,0.8106235000001023,0.3766900000000093,5.109145999999992,0.8737240282455637,0.3167846827853381,5.1970284169706895,0.0958408800000012,0.0060686400000005,0.0232361200000011,5.279474460548316,1.0,112.9,0.0,0.0,0.0,0.0,0.0,1.8082817942681046,8.068543955107214e-05,2.2305454642175129e-07,2.2577638938033553e-07,7.662867898069619e-08,3.9893666214442404e-05
16.528090100036934,569110.7459507,0.9056235000001024,0.3316900000000093,5.319145999999993,0.8813498273978513,0.320347906535714,5.226221507323722,0.0970408800000012,0.0084686400000005,0.0208361200000011,5.3096884600783385,1.0,208.21,0.0,0.0,0.0,0.0,0.0,2.5372124025264493,8.068543955107214e-05,2.2305454642175129e-07,2.2577638938033553e-07,7.662867898069619e-08,3.9893666214442404e-05
16.638947600033134,569110.8568082,0.9256235000001024,0.2716900000000093,5.289145999999993,0.8919337686491939,0.30871588249258,5.241264061840022,0.0994408800000012,0.0108686400000005,0.0220361200000011,5.325570421062489,1.0,161.78,0.0,0.0,0.0,0.0,0.0,2.2045722743714786,8.068543955107214e-05,2.2305454642175129e-07,2.2577638938033553e-07,7.662867898069619e-08,3.9893666214442404e-05
16.749737599981017,569110.9675982,0.9156235000001024,0.2866900000000093,4.984145999999992,0.8975969700540252,0.3034504361763308,5.179798131836384,0.0942408800000012,0.0124686400000005,0.0216361200000011,5.265745073058652,1.0,0.0,0.0,0.0,0.0,0.0,0.0,8.90445656866156e-05,8.068543955107214e-05,2.2305454642175129e-07,2.2577638938033553e-07,7.662867898069619e-08,3.9893666214442404e-05
16.859733800054528,569111.0775944,0.8756235000001023,0.2116900000000093,4.864145999999993,0.8923440533098418,0.2815144410667136,5.104339209572781,0.0918408800000012,0.0108686400000005,0.0208361200000011,5.189393707976744,1.0,0.0,0.0,0.0,0.0,0.0,0.0,8.90445656866156e-05,8.068543955107214e-05,2.2305454642175129e-07,2.2577638938033553e-07,7.662867898069619e-08,3.9893666214442404e-05
16.96975940000266,569111.18762,0.7706235000001023,0.2016900000000093,4.809145999999992,0.8632458757792587,0.2624318318090323,5.033771140463582,0.0906408800000012,0.0096686400000005,0.0176361200000011,5.113992159063267,1.0,0.0,0.0,0.0,0.0,0.0,0.0,8.90445656866156e-05,8.068543955107214e-05,2.2305454642175129e-07,2.2577638938033553e-07,7.662867898069619e-08,3.9893666214442404e-05
17.080600299988873,569111.2984609,0.8806235000001023,0.3366900000000093,5.019145999999992,0.8674001223784434,0.2801837833271828,5.030274894989439,0.0914408800000012,0.0108686400000005,0.0208361200000011,5.1121963424640375,1.0,0.0,0.0,0.0,0.0,0.0,0.0,8.90445656866156e-05,8.068543955107214e-05,2.2305454642175129e-07,2.2577638938033553e-07,7.662867898069619e-08,3.9893666214442404e-05
17.19229510007426,569111.4101557,0.9306235000001024,0.1716900000000093,5.004145999999992,0.8825141274999673,0.2542475607059691,5.024028593897246,0.0946408800000012,0.0116686400000005,0.0232361200000011,5.107282674736059,1.0,29.81,0.0,0.0,0.0,0.0,0.0,0.8789561377975907,8.068543955107214e-05,2.2305454642175129e-07,2.2577638938033553e-07,7.662867898069619e-08,3.9893666214442404e-05
17.30229370004963,569111.5201543,0.9206235000001024,0.2166900000000093,4.9591459999999925,0.891624448283395,0.2452691545180124,5.008517941139509,0.0942408800000012,0.0096686400000005,0.0240361200000011,5.09317220223811,1.0,0.0,0.0,0.0,0.0,0.0,0.0,8.90445656866156e-05,8.068543955107214e-05,2.2305454642175129e-07,2.2577638938033553e-07,7.662867898069619e-08,3.9893666214442404e-05
17.412398000014946,569111.6302586,0.7906235000001023,0.2916900000000093,5.139145999999992,0.8674794420047443,0.2563663929565993,5.039745522216349,0.0942408800000012,0.0088686400000005,0.0216361200000011,5.120281167908475,1.0,41.06,0.0,0.0,0.0,0.0,0.0,1.0443264929854943,8.068543955107214e-05,2.2305454642175129e-07,2.2577638938033553e-07,7.662867898069619e-08,3.9893666214442404e-05
17.52309380006045,569111.7409544,0.7106235000001022,0.3166900000000093,5.009145999999992,0.8299818960022753,0.2707871869745791,5.032430485391493,0.0958408800000012,0.0068686400000005,0.0212361200000011,5.107597501626259,1.0,121.7,0.0,0.0,0.0,0.0,0.0,1.8842786438941692,8.068543955107214e-05,2.2305454642175129e-07,2.2577638938033553e-07,7.662867898069619e-08,3.9893666214442404e-05
17.63311130006332,569111.8509719,0.9906235000001022,0.2816900000000093,5.009145999999992,0.8683844318503635,0.2733935831859849,5.026864160960597,0.0970408800000012,0.0080686400000005,0.0228361200000011,5.10863962964285,1.0,80.65,0.0,0.0,0.0,0.0,0.0,1.5049621303081204,8.068543955107214e-05,2.2305454642175129e-07,2.2577638938033553e-07,7.662867898069619e-08,3.9893666214442404e-05
17.7364046999719,569111.9542653,0.7756235000001023,0.1316900000000093,4.799145999999992,0.8462092610226998,0.2395183180138593,4.972426489635623,0.0930408800000012,0.0052686400000005,0.0180361200000011,5.049600413194574,1.0,33.24,0.0,0.0,0.0,0.0,0.0,0.9319927198288759,8.068543955107214e-05,2.2305454642175129e-07,2.2577638938033553e-07,7.662867898069619e-08,3.9893666214442404e-05
17.84980560000986,569112.0676662,0.7356235000001022,0.1566900000000093,4.799145999999992,0.8197729360217625,0.2197176102731252,4.931002536877429,0.0906408800000012,0.0036686400000005,0.0180361200000011,5.003507720948327,1.0,0.0,0.0,0.0,0.0,0.0,0.0,8.90445656866156e-05,8.068543955107214e-05,2.2305454642175129e-07,2.2577638938033553e-07,7.662867898069619e-08,3.9893666214442404e-05
17.959733300027438,569112.1775939,0.7956235000001023,0.2416900000000093,4.899145999999992,0.8139998388946603,0.2249702687573261,4.923387001617657,0.0934408800000012,0.0052686400000005,0.0200361200000011,4.995292476646686,1.0,13.69,0.0,0.0,0.0,0.0,0.0,0.5788873047613086,8.068543955107214e-05,2.2305454642175129e-07,2.2577638938033553e-07,7.662867898069619e-08,3.9893666214442404e-05
18.06978100002744,569112.2876416,0.8406235000001022,0.1716900000000093,4.9191459999999925,0.8203644174008791,0.2122332356349706,4.92237315954561,0.0934408800000012,0.0052686400000005,0.0200361200000011,4.994777096674145,1.0,60.12,0.0,0.0,0.0,0.0,0.0,1.2831988414283795,8.068543955107214e-05,2.2305454642175129e-07,2.2577638938033553e-07,7.662867898069619e-08,3.9893666214442404e-05
18.18059710005764,569112.3984577,0.7406235000001022,0.2866900000000093,5.009145999999992,0.8013017750788801,0.230032663003112,4.943116833869448,0.0938408800000012,0.0068686400000005,0.0212361200000011,5.012923657315797,1.0,128.05,0.0,0.0,0.0,0.0,0.0,1.9376790137765767,8.068543955107214e-05,2.2305454642175129e-07,2.2577638938033553e-07,7.662867898069619e-08,3.9893666214442404e-05
18.29070390004199,569112.5085645,0.7806235000001023,0.2116900000000093,5.009145999999992,0.7963584840494894,0.2256477169119637,4.9589015830019445,0.0934408800000012,0.0056686400000005,0.0212361200000011,5.0275052100584015,1.0,134.9,0.0,0.0,0.0,0.0,0.0,1.9940492148273266,8.068543955107214e-05,2.2305454642175129e-07,2.2577638938033553e-07,7.662867898069619e-08,3.9893666214442404e-05
18.400612200028263,569112.6184728,0.7506235000001023,0.2666900000000093,5.009145999999992,0.7854252057407638,0.2354591711576358,4.970912873831435,0.0934408800000012,0.0048686400000005,0.0208361200000011,5.03808580458077,1.0,163.25,0.0,0.0,0.0,0.0,0.0,2.2156517704462164,8.068543955107214e-05,2.2305454642175129e-07,2.2577638938033553e-07,7.662867898069619e-08,3.9893666214442404e-05
18.510615200037137,569112.7284758,0.8056235000001023,0.2016900000000093,5.029145999999993,0.790253753888073,0.2273864068570595,4.9848339232954615,0.0958408800000012,0.0048686400000005,0.0216361200000011,5.052204946000783,1.0,176.44,0.0,0.0,0.0,0.0,0.0,2.313312098778722,8.068543955107214e-05,2.2305454642175129e-07,2.2577638938033553e-07,7.662867898069619e-08,3.9893666214442404e-05
18.621407700004056,569112.8392683,0.7756235000001023,0.2816900000000093,5.049145999999992,0.7867562860128953,0.2403680730658974,5.000208189797084,0.0966408800000012,0.0040686400000005,0.0220361200000011,5.067429743513377,1.0,177.91,0.0,0.0,0.0,0.0,0.0,2.3240101339257153,8.068543955107214e-05,2.2305454642175129e-07,2.2577638938033553e-07,7.662867898069619e-08,3.9893666214442404e-05
18.731423899997026,569112.9492845,0.8706235000001022,0.2366900000000093,4.979145999999992,0.8068053493406404,0.239488803130529,4.995173121181029,0.0946408800000012,0.0036686400000005,0.0200361200000011,5.065574426372491,1.0,184.75,0.0,0.0,0.0,0.0,0.0,2.373328611088194,8.068543955107214e-05,2.2305454642175129e-07,2.2577638938033553e-07,7.662867898069619e-08,3.9893666214442404e-05
18.84226329997182,569113.0601239,0.9056235000001024,0.2566900000000093,5.149145999999992,0.830428542079634,0.2436008734969278,5.031981450102835,0.0974408800000012,0.0048686400000005,0.0196361200000011,5.105858425695723,1.0,194.04,0.0,0.0,0.0,0.0,0.0,2.4391584489101286,8.068543955107214e-05,2.2305454642175129e-07,2.2577638938033553e-07,7.662867898069619e-08,3.9893666214442404e-05
18.952278300072063,569113.1701389,0.8456235000001022,0.2716900000000093,5.129145999999992,0.8340610065329823,0.2503157820924039,5.055209337634631,0.0962408800000012,0.0048686400000005,0.0184361200000011,5.129664433536731,1.0,221.9,0.0,0.0,0.0,0.0,0.0,2.6294915685012885,8.068543955107214e-05,2.2305454642175129e-07,2.2577638938033553e-07,7.662867898069619e-08,3.9893666214442404e-05
19.063104500062764,569113.2809651,0.8506235000001022,0.2516900000000093,5.159145999999993,0.8380203902373021,0.2506442988100321,5.080056147571056,0.0954408800000012,0.0044686400000005,0.0188361200000011,5.154810491323025,1.0,234.6,0.0,0.0,0.0,0.0,0.0,2.7131484789444777,8.068543955107214e-05,2.2305454642175129e-07,2.2577638938033553e-07,7.662867898069619e-08,3.9893666214442404e-05
19.166289999964647,569113.3841506,0.7606235000001023,0.3466900000000093,5.144145999999992,0.819518104541096,0.2736047174762498,5.095377289754336,0.0958408800000012,0.0036686400000005,0.0184361200000011,5.168107892646992,1.0,233.63,0.0,0.0,0.0,0.0,0.0,2.7068211781456712,8.068543955107214e-05,2.2305454642175129e-07,2.2577638938033553e-07,7.662867898069619e-08,3.9893666214442404e-05
19.277266700053588,569113.4951273,0.8956235000001023,0.3516900000000093,5.269145999999992,0.8377116490813195,0.2922715683212359,5.136917955176073,0.0962408800000012,0.0056686400000005,0.0176361200000011,5.212975115504181,1.0,288.86,0.0,0.0,0.0,0.0,0.0,3.0529094599883395,8.068543955107214e-05,2.2305454642175129e-07,2.2577638938033553e-07,7.662867898069619e-08,3.9893666214442404e-05
19.388133500004187,569113.6059941,0.7506235000001023,0.2616900000000093,5.099145999999992,0.8168925979525699,0.2849608235047028,5.127888296441332,0.0942408800000012,0.0044686400000005,0.0148361200000011,5.200361003651781,1.0,269.31,0.0,0.0,0.0,0.0,0.0,2.9334654080101292,8.068543955107214e-05,2.2305454642175129e-07,2.2577638938033553e-07,7.662867898069619e-08,3.9893666214442404e-05
19.499795900075696,569113.7176565,0.7956235000001023,0.2416900000000093,5.029145999999993,0.8118080664473493,0.2746166205743227,5.1042832372011215,0.0938408800000012,0.0052686400000005,0.0168361200000011,5.175727387586889,1.0,241.45,0.0,0.0,0.0,0.0,0.0,2.757550904347226,8.068543955107214e-05,2.2305454642175129e-07,2.2577638938033553e-07,7.662867898069619e-08,3.9893666214442404e-05
19.60979120002594,569113.8276518,0.9156235000001024,0.2816900000000093,5.119145999999993,0.8366258957604102,0.2763075630213722,5.107836288011004,0.0942408800000012,0.0072686400000005,0.0164361200000011,5.183269267939083,1.0,235.58,0.0,0.0,0.0,0.0,0.0,2.7195308845840915,8.068543955107214e-05,2.2305454642175129e-07,2.2577638938033553e-07,7.662867898069619e-08,3.9893666214442404e-05
19.72256600006949,569113.9404266,0.8606235000001022,0.2566900000000093,5.279145999999993,0.842362696403259,0.2716178428714775,5.148789112136639,0.0962408800000012,0.0072686400000005,0.0172361200000011,5.224306699085987,1.0,274.19,0.0,0.0,0.0,0.0,0.0,2.963569002440891,8.068543955107214e-05,2.2305454642175129e-07,2.2577638938033553e-07,7.662867898069619e-08,3.9893666214442404e-05
19.833996600005776,569114.0518572,0.8606235000001022,0.3266900000000093,5.1691459999999925,0.8467280734120204,0.2847832398528759,5.153655573230606,0.0958408800000012,0.0064686400000005,0.0196361200000011,5.23050816761584,1.0,289.83,0.0,0.0,0.0,0.0,0.0,3.058758087292864,8.068543955107214e-05,2.2305454642175129e-07,2.2577638938033553e-07,7.662867898069619e-08,3.9893666214442404e-05
19.936188300023787,569114.1540489,0.8456235000001022,0.2016900000000093,5.2091459999999925,0.8464640171588931,0.2649192006328326,5.166920960591067,0.0982408800000012,0.0060686400000005,0.0192361200000011,5.242495181514622,1.0,261.0,0.0,0.0,0.0,0.0,0.0,2.881735902167341,8.068543955107214e-05,2.2305454642175129e-07,2.2577638938033553e-07,7.662867898069619e-08,3.9893666214442404e-05
20.047290400019847,569114.265151,0.8356235000001022,0.1916900000000093,5.179145999999992,0.8438725132244085,0.2474132312423198,5.169843444570696,0.0994408800000012,0.0052686400000005,0.0200361200000011,5.244102913458129,1.0,240.47,0.0,0.0,0.0,0.0,0.0,2.751228052461732,8.068543955107214e-05,2.2305454642175129e-07,2.2577638938033553e-07,7.662867898069619e-08,3.9893666214442404e-05
20.157140500028618,569114.3750011,0.7806235000001023,0.1866900000000093,5.1691459999999925,0.8287523797268901,0.2328969041728632,5.169676715408001,0.0978408800000012,0.0060686400000005,0.0200361200000011,5.240861457499897,1.0,261.97,0.0,0.0,0.0,0.0,0.0,2.8878052313899882,8.068543955107214e-05,2.2305454642175129e-07,2.2577638938033553e-07,7.662867898069619e-08,3.9893666214442404e-05
20.267290299991146,569114.4851509,0.8606235000001022,0.1316900000000093,5.009145999999992,0.8363714012527664,0.2087026626510678,5.1313006882783245,0.0946408800000012,0.0052686400000005,0.0192361200000011,5.203202924714427,1.0,236.56,0.0,0.0,0.0,0.0,0.0,2.725903181300657,8.068543955107214e-05,2.2305454642175129e-07,2.2577638938033553e-07,7.662867898069619e-08,3.9893666214442404e-05
20.378111500060182,569114.5959721,0.8706235000001022,0.1366900000000093,4.929145999999992,0.8445596128821435,0.1914875154528926,5.082974149758622,0.0926408800000012,0.0060686400000005,0.0180361200000011,5.156217083812544,1.0,229.23,0.0,0.0,0.0,0.0,0.0,2.6779929812859544,8.068543955107214e-05,2.2305454642175129e-07,2.2577638938033553e-07,7.662867898069619e-08,3.9893666214442404e-05
20.48897199996281,569114.7068326,0.7706235000001023,0.1766900000000093,4.969145999999992,0.8268846510119963,0.1879500624923901,5.055762708308581,0.0918408800000012,0.0060686400000005,0.0180361200000011,5.126382741738452,1.0,226.3,0.0,0.0,0.0,0.0,0.0,2.6586782964670865,8.068543955107214e-05,2.2305454642175129e-07,2.2577638938033553e-07,7.662867898069619e-08,3.9893666214442404e-05
20.60060040000826,569114.818461,0.7956235000001023,0.3366900000000093,4.939145999999992,0.8194114470442184,0.2235074189929888,5.027884641793713,0.0906408800000012,0.0056686400000005,0.0180361200000011,5.099119007934322,1.0,238.51,0.0,0.0,0.0,0.0,0.0,2.7385529486254634,8.068543955107214e-05,2.2305454642175129e-07,2.2577638938033553e-07,7.662867898069619e-08,3.9893666214442404e-05
20.711463700048625,569114.9293243,0.8806235000001023,0.4166900000000093,5.264145999999992,0.8340446304753624,0.269689110458474,5.084364626132996,0.0958408800000012,0.0060686400000005,0.0200361200000011,5.159372666652137,1.0,297.17,0.0,0.0,0.0,0.0,0.0,3.102789082016498,8.068543955107214e-05,2.2305454642175129e-07,2.2577638938033553e-07,7.662867898069619e-08,3.9893666214442404e-05
20.82145270006731,569115.0393133,0.8656235000001022,0.3316900000000093,5.129145999999992,0.8415937873487109,0.2845108709736664,5.095069937039112,0.0934408800000012,0.0052686400000005,0.0196361200000011,5.171940081045592,1.0,326.0,0.0,0.0,0.0,0.0,0.0,3.2721322600145726,8.068543955107214e-05,2.2305454642175129e-07,2.2577638938033553e-07,7.662867898069619e-08,3.9893666214442404e-05
20.93144850002136,569115.1493091,0.8306235000001022,0.2566900000000093,5.094145999999992,0.838971260912941,0.2778600908002727,5.094849063215749,0.0934408800000012,0.0024686400000005,0.0148361200000011,5.17093473016705,1.0,331.87,0.0,0.0,0.0,0.0,0.0,3.3059602174606004,8.068543955107214e-05,2.2305454642175129e-07,2.2577638938033553e-07,7.662867898069619e-08,3.9893666214442404e-05
21.04230029997416,569115.2601609,0.8706235000001022,0.3866900000000093,5.304145999999992,0.8465379573101794,0.303876666739365,5.144883007833612,0.0990408800000012,0.0032686400000005,0.0168361200000011,5.22290998448667,1.0,338.71,0.0,0.0,0.0,0.0,0.0,3.3451199512391137,8.068543955107214e-05,2.2305454642175129e-07,2.2577638938033553e-07,7.662867898069619e-08,3.9893666214442404e-05
21.1531484000152,569115.371009,0.7856235000001023,0.2816900000000093,5.204145999999993,0.8319759162678806,0.298572783787479,5.159050254203769,0.0942408800000012,0.0028686400000005,0.0144361200000011,5.23422670103888,1.0,348.48,0.0,0.0,0.0,0.0,0.0,3.4005905313051934,8.068543955107214e-05,2.2305454642175129e-07,2.2577638938033553e-07,7.662867898069619e-08,3.9893666214442404e-05
21.263188100070693,569115.4810487,0.8106235000001023,0.2016900000000093,5.129145999999992,0.8268714669175258,0.2754122544795719,5.151901426219666,0.0938408800000012,0.0036686400000005,0.0152361200000011,5.225098720426638,1.0,333.82,0.0,0.0,0.0,0.0,0.0,3.3171521133527637,8.068543955107214e-05,2.2305454642175129e-07,2.2577638938033553e-07,7.662867898069619e-08,3.9893666214442404e-05
21.374107400071807,569115.591968,0.8556235000001022,0.3966900000000093,5.194145999999993,0.8337448481194092,0.3044045756094512,5.162000296740208,0.0946408800000012,0.0044686400000005,0.0164361200000011,5.23775139549059,1.0,343.6,0.0,0.0,0.0,0.0,0.0,3.3729504641748833,8.068543955107214e-05,2.2305454642175129e-07,2.2577638938033553e-07,7.662867898069619e-08,3.9893666214442404e-05
21.48399249999784,569115.7018531,0.8506235000001022,0.4216900000000093,5.154145999999993,0.837779811776299,0.3324425035342593,5.160122670368078,0.0918408800000012,0.0052686400000005,0.0176361200000011,5.2382496126495,1.0,344.09,0.0,0.0,0.0,0.0,0.0,3.3757317686683614,8.068543955107214e-05,2.2305454642175129e-07,2.2577638938033553e-07,7.662867898069619e-08,3.9893666214442404e-05
21.59396600001492,569115.8118266,0.8006235000001023,0.3166900000000093,5.164145999999993,0.8288973270434683,0.3286767537744439,5.161084476379553,0.0934408800000012,0.0052686400000005,0.0160361200000011,5.237546387343746,1.0,352.39,0.0,0.0,0.0,0.0,0.0,3.422642503859713,8.068543955107214e-05,2.2305454642175129e-07,2.2577638938033553e-07,7.662867898069619e-08,3.9893666214442404e-05
21.70408779999707,569115.9219484,0.8856235000001023,0.3166900000000093,4.979145999999992,0.8424581284565409,0.3258112336970226,5.117590769348296,0.0930408800000012,0.0044686400000005,0.0168361200000011,5.19669355847779,1.0,320.63,0.0,0.0,0.0,0.0,0.0,3.2410007273314196,8.068543955107214e-05,2.2305454642175129e-07,2.2577638938033553e-07,7.662867898069619e-08,3.9893666214442404e-05
21.807056699995883,569116.0249173,0.9406235000001024,0.2516900000000093,5.049145999999992,0.8659252696324563,0.3080920173588156,5.101228552817217,0.0954408800000012,0.0052686400000005,0.0196361200000011,5.18336570307613,1.0,309.38,0.0,0.0,0.0,0.0,0.0,3.1751845532949963,8.068543955107214e-05,2.2305454642175129e-07,2.2577638938033553e-07,7.662867898069619e-08,3.9893666214442404e-05
21.91817680001259,569116.1360374,0.8906235000001023,0.3466900000000093,5.109145999999992,0.871829560012243,0.3173191439259929,5.103121275758815,0.0978408800000012,0.0056686400000005,0.0192361200000011,5.186774043267678,1.0,334.31,0.0,0.0,0.0,0.0,0.0,3.3199609064985833,8.068543955107214e-05,2.2305454642175129e-07,2.2577638938033553e-07,7.662867898069619e-08,3.9893666214442404e-05
22.028134600026533,569116.2459952,0.8256235000001022,0.3116900000000093,5.339145999999992,0.8607836675917517,0.3159734564077423,5.159544691039389,0.1022408800000012,0.0064686400000005,0.0188361200000011,5.240390173105405,1.0,355.33,0.0,0.0,0.0,0.0,0.0,3.4391697339018545,8.068543955107214e-05,2.2305454642175129e-07,2.2577638938033553e-07,7.662867898069619e-08,3.9893666214442404e-05
22.13919110002461,569116.3570517,0.8456235000001022,0.3216900000000093,5.369145999999993,0.8571595200178193,0.3173400374475592,5.209651398024676,0.0998408800000012,0.0080686400000005,0.0180361200000011,5.289224407327114,1.0,384.16,0.0,0.0,0.0,0.0,0.0,3.59891781666269,8.068543955107214e-05,2.2305454642175129e-07,2.2577638938033553e-07,7.662867898069619e-08,3.9893666214442404e-05
22.24983089999296,569116.4676915,0.8356235000001022,0.2916900000000093,5.369145999999993,0.8520111788647596,0.3112082107098377,5.247779734753787,0.0998408800000012,0.0096686400000005,0.0200361200000011,5.325595341726244,1.0,398.83,0.0,0.0,0.0,0.0,0.0,3.6787037760269414,8.068543955107214e-05,2.2305454642175129e-07,2.2577638938033553e-07,7.662867898069619e-08,3.9893666214442404e-05
22.360638600075617,569116.5784992,0.8056235000001023,0.2966900000000093,5.279145999999993,0.8409218691456304,0.3077375275657512,5.2552780670385815,0.0974408800000012,0.0100686400000005,0.0184361200000011,5.331022372657653,1.0,358.26,0.0,0.0,0.0,0.0,0.0,3.4555953331192355,8.068543955107214e-05,2.2305454642175129e-07,2.2577638938033553e-07,7.662867898069619e-08,3.9893666214442404e-05
22.472292199963704,569116.6901528,0.8656235000001022,0.3866900000000093,5.519145999999992,0.8468269724363566,0.3266116864230843,5.318357602492227,0.0990408800000012,0.0104686400000005,0.0204361200000011,5.395249642318762,1.0,389.05,0.0,0.0,0.0,0.0,0.0,3.6256197207835776,8.068543955107214e-05,2.2305454642175129e-07,2.2577638938033553e-07,7.662867898069619e-08,3.9893666214442404e-05
22.58310940000229,569116.80097,0.9406235000001024,0.5066900000000093,5.929145999999992,0.8692497099000691,0.3696607080992788,5.464370981014055,0.1046408800000012,0.0128686400000005,0.0240361200000011,5.545412005921861,1.0,521.51,0.0,0.0,0.0,0.0,0.0,4.314810588780072,8.068543955107214e-05,2.2305454642175129e-07,2.2577638938033553e-07,7.662867898069619e-08,3.9893666214442404e-05
22.694012899999507,569116.9118735,1.1156235000001022,0.5766900000000094,6.1241459999999925,0.9281471441318256,0.4191525558271542,5.622094965260522,0.1078408800000012,0.0124686400000005,0.0248361200000011,5.713588870808278,1.0,631.48,0.0,0.0,0.0,0.0,0.0,4.851268911286403,8.068543955107214e-05,2.2305454642175129e-07,2.2577638938033553e-07,7.662867898069619e-08,3.9893666214442404e-05
22.80488209996838,569117.0227427,1.0656235000001022,0.4116900000000093,6.194145999999993,0.9610118600778106,0.4173685779500772,5.758847897388961,0.1102408800000012,0.0092686400000005,0.0268361200000011,5.853381025555361,1.0,674.49,0.0,0.0,0.0,0.0,0.0,5.055170898284233,8.068543955107214e-05,2.2305454642175129e-07,2.2577638938033553e-07,7.662867898069619e-08,3.9893666214442404e-05
22.90718720003497,569117.1250478,1.0756235000001022,0.5816900000000094,6.3341459999999925,0.9884106005111016,0.4566508008850941,5.89637706454765,0.1138408800000012,0.0052686400000005,0.0240361200000011,5.996061036753652,1.0,712.12,0.0,0.0,0.0,0.0,0.0,5.231478839417138,8.068543955107214e-05,2.2305454642175129e-07,2.2577638938033553e-07,7.662867898069619e-08,3.9893666214442404e-05
23.018947200034745,569117.2368078,1.110623500000102,0.3916900000000093,6.534145999999993,1.0176264769523542,0.441121452181979,6.048840335562032,0.1210408800000012,0.0068686400000005,0.0272361200000011,6.14968464128786,1.0,766.37,0.0,0.0,0.0,0.0,0.0,5.482825255215701,8.068543955107214e-05,2.2305454642175129e-07,2.2577638938033553e-07,7.662867898069619e-08,3.9893666214442404e-05
23.13061440002639,569117.348475,1.1556235000001025,0.4716900000000093,6.724145999999992,1.050615662148689,0.4484290843531678,6.210277032791141,0.1286408800000012,0.0104686400000005,0.0312361200000011,6.314461397241976,1.0,797.65,0.0,0.0,0.0,0.0,0.0,5.626488416354327,8.068543955107214e-05,2.2305454642175129e-07,2.2577638938033553e-07,7.662867898069619e-08,3.9893666214442404e-05
23.240641599986706,569117.4585022,1.1556235000001025,0.3766900000000093,7.034145999999993,1.0757185443228092,0.4312793380233288,6.407228860711093,0.1374408800000012,0.0104686400000005,0.0332361200000011,6.51120218757911,1.0,848.97,0.0,0.0,0.0,0.0,0.0,5.860598505042462,8.068543955107214e-05,2.2305454642175129e-07,2.2577638938033553e-07,7.662867898069619e-08,3.9893666214442404e-05
23.350637800060213,569117.5684984,1.1806235000001022,0.4966900000000093,7.524145999999993,1.1007968317700252,0.4469162292700112,6.67423597103269,0.1462408800000012,0.0064686400000005,0.0324361200000011,6.77915286579721,1.0,923.26,0.0,0.0,0.0,0.0,0.0,6.1968817330834325,8.068543955107214e-05,2.2305454642175129e-07,2.2577638938033553e-07,7.662867898069619e-08,3.9893666214442404e-05
23.46060039999429,569117.678461,1.2406235000001022,0.5316900000000093,7.969145999999993,1.1342234068638402,0.4671820115357336,6.98379356738325,0.1558408800000012,0.0052686400000005,0.0316361200000011,7.090704785873126,1.0,1115.35,0.0,0.0,0.0,0.0,0.0,7.060428471180989,8.068543955107214e-05,2.2305454642175129e-07,2.2577638938033553e-07,7.662867898069619e-08,3.9893666214442404e-05
23.571455999976024,569117.7893166,1.3656235000001022,0.3716900000000093,8.779145999999992,1.1895412706722497,0.4443539563810035,7.412985535327303,0.1770408800000012,0.0040686400000005,0.0328361200000011,7.520958278049136,1.0,1263.93,0.0,0.0,0.0,0.0,0.0,7.731420068377056,8.068543955107214e-05,2.2305454642175129e-07,2.2577638938033553e-07,7.662867898069619e-08,3.9893666214442404e-05
23.682400100049563,569117.9002607,1.3656235000001022,0.3716900000000093,10.539145999999992,1.2316349995425466,0.4269831127119948,8.160316776573456,0.2130408800000012,0.0076686400000005,0.0380361200000011,8.263776935800335,1.0,1489.74,0.0,0.0,0.0,0.0,0.0,8.7735618533624,8.068543955107214e-05,2.2305454642175129e-07,2.2577638938033553e-07,7.662867898069619e-08,3.9893666214442404e-05
23.792485899990425,569118.0103465,1.3106235000001023,0.4016900000000093,9.999145999999993,1.2505177711591011,0.4209366114105953,8.599902185420001,0.1950408800000012,0.0136686400000005,0.0336361200000011,8.70053446206624,1.0,1664.71,0.0,0.0,0.0,0.0,0.0,9.612408470638629,8.068543955107214e-05,2.2305454642175129e-07,2.2577638938033553e-07,7.662867898069619e-08,3.9893666214442404e-05
23.90313290001359,569118.1209935,1.3656235000001022,0.4716900000000093,8.894145999999992,1.2780346271175158,0.433069575575615,8.670243294798112,0.1694408800000012,0.0180686400000005,0.0364361200000011,8.774624810007108,1.0,1543.99,0.0,0.0,0.0,0.0,0.0,9.030117882267591,8.068543955107214e-05,2.2305454642175129e-07,2.2577638938033553e-07,7.662867898069619e-08,3.9893666214442404e-05
24.013175799977034,569118.2310364,1.4556235000001023,0.4916900000000093,8.349145999999992,1.3204885300129785,0.4470832114853909,8.59348266699477,0.1622408800000012,0.0208686400000005,0.0408361200000011,8.705832395803832,1.0,1296.19,0.0,0.0,0.0,0.0,0.0,7.878269775489491,8.068543955107214e-05,2.2305454642175129e-07,2.2577638938033553e-07,7.662867898069619e-08,3.9893666214442404e-05
24.123157000052743,569118.3410176,1.380623500000102,0.4716900000000093,8.444145999999993,1.334864228980012,0.4529656420296709,8.557782657999725,0.1618408800000012,0.0180686400000005,0.0376361200000011,8.673101198777205,1.0,1316.72,0.0,0.0,0.0,0.0,0.0,7.972014775575104,8.068543955107214e-05,2.2305454642175129e-07,2.2577638938033553e-07,7.662867898069619e-08,3.9893666214442404e-05
24.23577340005432,569118.453634,1.1706235000001022,0.4716900000000093,8.359145999999992,1.2956012963062793,0.4574418350599527,8.510297130031002,0.1566408800000012,0.0096686400000005,0.0304361200000011,8.620498419051385,1.0,1350.44,0.0,0.0,0.0,0.0,0.0,8.126532644289668,8.068543955107214e-05,2.2305454642175129e-07,2.2577638938033553e-07,7.662867898069619e-08,3.9893666214442404e-05
24.347361200023443,569118.5652218,1.2656235000001024,0.6066900000000093,9.039145999999992,1.2884348875513578,0.4931206869995126,8.636722272595438,0.1806408800000012,0.0128686400000005,0.0356361200000011,8.746210841578911,1.0,1424.73,0.0,0.0,0.0,0.0,0.0,8.46968460910527,8.068543955107214e-05,2.2305454642175129e-07,2.2577638938033553e-07,7.662867898069619e-08,3.9893666214442404e-05
24.44922549999319,569118.6670861,1.3006235000001023,0.7616900000000093,10.254145999999992,1.2913486634030211,0.5573241213124414,9.023379098270825,0.2042408800000012,0.0076686400000005,0.0336361200000011,9.132336059178956,1.0,1559.63,0.0,0.0,0.0,0.0,0.0,9.104632678734378,8.068543955107214e-05,2.2305454642175129e-07,2.2577638938033553e-07,7.662867898069619e-08,3.9893666214442404e-05
24.56247520004399,569118.7803358,1.2806235000001025,0.6866900000000093,10.959145999999992,1.288784735617149,0.5882499691014484,9.486138159355662,0.2258408800000012,0.0028686400000005,0.0340361200000011,9.591340954177952,1.0,1801.08,0.0,0.0,0.0,0.0,0.0,10.292831149400513,8.068543955107214e-05,2.2305454642175129e-07,2.2577638938033553e-07,7.662867898069619e-08,3.9893666214442404e-05
24.672404000069942,569118.8902646,1.1956235000001023,0.6266900000000093,9.924145999999991,1.2665138692823965,0.5974393361635675,9.590847097659807,0.1982408800000012,0.0068686400000005,0.0328361200000011,9.692540388988316,1.0,1826.0,0.0,0.0,0.0,0.0,0.0,10.420173059730427,8.068543955107214e-05,2.2305454642175129e-07,2.2577638938033553e-07,7.662867898069619e-08,3.9893666214442404e-05
24.78242419997696,569119.0002848,1.1456235000001025,0.5816900000000094,9.089145999999992,1.2376141532405,0.5936743435865959,9.470911826170816,0.1754408800000012,0.0088686400000005,0.0316361200000011,9.569864619608598,1.0,1612.41,0.0,0.0,0.0,0.0,0.0,9.358063854048213,8.068543955107214e-05,2.2305454642175129e-07,2.2577638938033553e-07,7.662867898069619e-08,3.9893666214442404e-05
24.89411480003037,569119.1119754,1.2406235000001022,0.5116900000000093,8.319145999999993,1.2383335593217324,0.5740753940292418,9.195573885516747,0.1550408800000012,0.0084686400000005,0.0320361200000011,9.296322479678178,1.0,1496.58,0.0,0.0,0.0,0.0,0.0,8.80575247289729,8.068543955107214e-05,2.2305454642175129e-07,2.2577638938033553e-07,7.662867898069619e-08,3.9893666214442404e-05
25.00487429997884,569119.2227349,1.1406235000001024,0.6166900000000093,7.774145999999993,1.2149752638214677,0.584262723417877,8.855771281642301,0.1466408800000012,0.0108686400000005,0.0320361200000011,8.957801784725662,1.0,1366.57,0.0,0.0,0.0,0.0,0.0,8.200704337948748,8.068543955107214e-05,2.2305454642175129e-07,2.2577638938033553e-07,7.662867898069619e-08,3.9893666214442404e-05
25.11567820003256,569119.3335388,1.1056235000001022,0.4266900000000093,7.364145999999993,1.1888339347654004,0.5465938256408267,8.49918748314538,0.1374408800000012,0.0088686400000005,0.0312361200000011,8.599318508366437,1.0,1250.24,0.0,0.0,0.0,0.0,0.0,7.669257084366569,8.068543955107214e-05,2.2305454642175129e-07,2.2577638938033553e-07,7.662867898069619e-08,3.9893666214442404e-05
25.22561029996723,569119.4434709,1.1056235000001022,0.4566900000000093,7.839145999999992,1.16894187925497,0.5251016666911534,8.341399798716763,0.1454408800000012,0.0072686400000005,0.0300361200000011,8.439259889319088,1.0,1251.71,0.0,0.0,0.0,0.0,0.0,7.675927849841402,8.068543955107214e-05,2.2305454642175129e-07,2.2577638938033553e-07,7.662867898069619e-08,3.9893666214442404e-05
25.33649480005261,569119.5543554,1.0656235000001022,0.5366900000000093,8.609145999999992,1.1442428743623452,0.5278719414782438,8.40540646222784,0.1634408800000012,0.0076686400000005,0.0296361200000011,8.499341053128209,1.0,1413.0,0.0,0.0,0.0,0.0,0.0,8.415230166243855,8.068543955107214e-05,2.2305454642175129e-07,2.2577638938033553e-07,7.662867898069619e-08,3.9893666214442404e-05
25.44802010001149,569119.6658807,1.1806235000001022,0.6266900000000093,9.014145999999991,1.152939925720527,0.5514951121910556,8.550930046029704,0.1714408800000012,0.0076686400000005,0.0284361200000011,8.645913600261375,1.0,1537.15,0.0,0.0,0.0,0.0,0.0,8.997609487615135,8.068543955107214e-05,2.2305454642175129e-07,2.2577638938033553e-07,7.662867898069619e-08,3.9893666214442404e-05
25.55066369997803,569119.7685243,0.9956235000001022,0.5716900000000094,9.084145999999992,1.115332297759445,0.5563228460017934,8.678399171570765,0.1750408800000012,0.0048686400000005,0.0296361200000011,8.767443950464072,1.0,1585.53,0.0,0.0,0.0,0.0,0.0,9.22860645329675,8.068543955107214e-05,2.2305454642175129e-07,2.2577638938033553e-07,7.662867898069619e-08,3.9893666214442404e-05
25.662380399997343,569119.880241,1.0456235000001022,0.5066900000000093,8.629145999999993,1.0986679061058575,0.54445775563671,8.666624845121035,0.1686408800000012,0.0052686400000005,0.0324361200000011,8.752936171459792,1.0,1528.84,0.0,0.0,0.0,0.0,0.0,8.958178789461872,8.068543955107214e-05,2.2305454642175129e-07,2.2577638938033553e-07,7.662867898069619e-08,3.9893666214442404e-05
25.773126799962483,569119.9909874,1.1606235000001024,0.5916900000000094,8.959145999999992,1.113478838369367,0.5557489648391019,8.73655414025379,0.1738408800000012,0.0060686400000005,0.0328361200000011,8.82474193849326,1.0,1544.48,0.0,0.0,0.0,0.0,0.0,9.032448548735243,8.068543955107214e-05,2.2305454642175129e-07,2.2577638938033553e-07,7.662867898069619e-08,3.9893666214442404e-05
25.884021100006063,569120.1018817,1.0306235000001025,0.6916900000000094,9.294145999999992,1.0936716712174863,0.5882466512794313,8.869850502152637,0.1798408800000012,0.0028686400000005,0.0292361200000011,8.956360855710454,1.0,1632.45,0.0,0.0,0.0,0.0,0.0,9.455127481663428,8.068543955107214e-05,2.2305454642175129e-07,2.2577638938033553e-07,7.662867898069619e-08,3.9893666214442404e-05
25.996529900003225,569120.2143905,1.1606235000001024,0.6716900000000093,9.404145999999992,1.1096769895219167,0.6081943865533512,8.997577700455716,0.1822408800000012,0.0056686400000005,0.0324361200000011,9.086126122206725,1.0,1689.15,0.0,0.0,0.0,0.0,0.0,9.732446328878607,8.068543955107214e-05,2.2305454642175129e-07,2.2577638938033553e-07,7.662867898069619e-08,3.9893666214442404e-05
26.10876009997446,569120.3266207,0.9756235000001022,0.6366900000000093,9.114145999999993,1.0776305345015071,0.6150064687889927,9.02544419450579,0.1774408800000012,0.0028686400000005,0.0316361200000011,9.110332783915227,1.0,1670.58,3.42,0.0,0.0,0.0,0.0,9.641168288492649,0.26407912610194173,2.2305454642175129e-07,2.2577638938033553e-07,7.662867898069619e-08,3.9893666214442404e-05
26.211245900020003,569120.4291065,1.0156235000001024,0.6116900000000094,9.024145999999991,1.0628073049892692,0.6142136429681069,9.025133851731528,0.1770408800000012,0.0024686400000005,0.0304361200000011,9.108230278622576,1.0,1607.53,0.0,0.0,0.0,0.0,0.0,9.334499450484149,8.068543955107214e-05,2.2305454642175129e-07,2.2577638938033553e-07,7.662867898069619e-08,3.9893666214442404e-05
26.32240000006277,569120.5402606,1.0356235000001024,0.6466900000000093,9.304145999999992,1.0563088200413846,0.6219773507131429,9.09183372125024,0.1830408800000012,0.0032686400000005,0.0292361200000011,9.174098569503183,1.0,1666.67,0.0,0.0,0.0,0.0,0.0,9.622006485337728,8.068543955107214e-05,2.2305454642175129e-07,2.2577638938033553e-07,7.662867898069619e-08,3.9893666214442404e-05
26.433158300002106,569120.6510189,1.0806235000001023,0.6016900000000094,9.394145999999992,1.062121419925298,0.6171275129772449,9.164103655271576,0.1838408800000012,0.0048686400000005,0.0316361200000011,9.246066411317813,1.0,1714.08,0.0,0.0,0.0,0.0,0.0,9.855710011596756,8.068543955107214e-05,2.2305454642175129e-07,2.2577638938033553e-07,7.662867898069619e-08,3.9893666214442404e-05
26.543411700055003,569120.7612723,1.005623500000102,0.5566900000000093,9.154145999999992,1.0486151840482016,0.602679488922972,9.161723205848675,0.1810408800000012,0.0040686400000005,0.0296361200000011,9.24121141794576,1.0,1705.28,0.0,0.0,0.0,0.0,0.0,9.812102851957418,8.068543955107214e-05,2.2305454642175129e-07,2.2577638938033553e-07,7.662867898069619e-08,3.9893666214442404e-05
26.656486100051552,569120.8743467,1.0906235000001023,0.5066900000000093,8.609145999999992,1.0586575754282237,0.5797325082052396,9.02962563318794,0.1726408800000012,0.0044686400000005,0.0296361200000011,9.109938787862747,1.0,1608.5,0.0,0.0,0.0,0.0,0.0,9.339181148678062,8.068543955107214e-05,2.2305454642175129e-07,2.2577638938033553e-07,7.662867898069619e-08,3.9893666214442404e-05
26.766494999988936,569120.9843556,1.0906235000001023,0.5016900000000093,8.299145999999993,1.0662992606065256,0.5610758828700828,8.854999200173875,0.1646408800000012,0.0052686400000005,0.0312361200000011,8.936599526362834,1.0,1512.22,0.0,0.0,0.0,0.0,0.0,8.879524167252818,8.068543955107214e-05,2.2305454642175129e-07,2.2577638938033553e-07,7.662867898069619e-08,3.9893666214442404e-05
26.87647979997564,569121.0943404,1.1006235000001023,0.3616900000000093,8.399145999999993,1.0745047179785026,0.5134112472839971,8.746024199766259,0.1646408800000012,0.0080686400000005,0.0304361200000011,8.826725938913748,1.0,1510.26,0.0,0.0,0.0,0.0,0.0,8.870266262489139,8.068543955107214e-05,2.2305454642175129e-07,2.2577638938033553e-07,7.662867898069619e-08,3.9893666214442404e-05
26.98816660000012,569121.2060272,1.2156235000001023,0.5266900000000093,8.579145999999993,1.1082401822079082,0.5165856290412999,8.706130760648986,0.1698408800000012,0.0096686400000005,0.0332361200000011,8.791573797398888,1.0,1545.45,0.0,0.0,0.0,0.0,0.0,9.037063049891497,8.068543955107214e-05,2.2305454642175129e-07,2.2577638938033553e-07,7.662867898069619e-08,3.9893666214442404e-05
27.0981274000369,569121.315988,1.0706235000001023,0.5416900000000093,8.469145999999993,1.0992476425978646,0.5225870102631818,8.649477841730194,0.1658408800000012,0.0068686400000005,0.0304361200000011,8.734695730111861,1.0,1584.56,0.0,0.0,0.0,0.0,0.0,9.223950134425795,8.068543955107214e-05,2.2305454642175129e-07,2.2577638938033553e-07,7.662867898069619e-08,3.9893666214442404e-05
27.20123390003573,569121.4190945,1.1356235000001025,0.5066900000000093,8.639145999999993,1.107943554074902,0.5187867151259571,8.647007940331386,0.1734408800000012,0.0056686400000005,0.0308361200000011,8.733122287873986,1.0,1606.06,0.0,0.0,0.0,0.0,0.0,9.327406587992394,8.068543955107214e-05,2.2305454642175129e-07,2.2577638938033553e-07,7.662867898069619e-08,3.9893666214442404e-05
27.312382800038904,569121.5302434,1.110623500000102,0.5216900000000093,8.609145999999992,1.108584214507207,0.5194807663472989,8.637956769995249,0.1734408800000012,0.0056686400000005,0.0332361200000011,8.724283144623751,1.0,1609.48,0.0,0.0,0.0,0.0,0.0,9.343912223383674,8.068543955107214e-05,2.2305454642175129e-07,2.2577638938033553e-07,7.662867898069619e-08,3.9893666214442404e-05
27.422376499976963,569121.6402371,1.005623500000102,0.4616900000000093,8.649145999999993,1.0839707119561657,0.5056654661939819,8.640631636254525,0.1762408800000012,0.0048686400000005,0.0328361200000011,8.723027292260554,1.0,1605.08,0.0,0.0,0.0,0.0,0.0,9.322679404032927,8.068543955107214e-05,2.2305454642175129e-07,2.2577638938033553e-07,7.662867898069619e-08,3.9893666214442404e-05
27.53741440002341,569121.755275,1.0656235000001022,0.4966900000000093,8.719145999999993,1.0795846784049523,0.5035198161650393,8.659401062065076,0.1770408800000012,0.0044686400000005,0.0312361200000011,8.740953153793432,1.0,1614.86,0.0,0.0,0.0,0.0,0.0,9.369904846197533,8.068543955107214e-05,2.2305454642175129e-07,2.2577638938033553e-07,7.662867898069619e-08,3.9893666214442404e-05
27.648197600035928,569121.8660582,1.0156235000001024,0.3716900000000093,8.539145999999992,1.064294296676621,0.4720049463235197,8.630653220802666,0.1738408800000012,0.0052686400000005,0.0328361200000011,8.708828051870336,1.0,1614.37,0.0,0.0,0.0,0.0,0.0,9.367536083865842,8.068543955107214e-05,2.2305454642175129e-07,2.2577638938033553e-07,7.662867898069619e-08,3.9893666214442404e-05
27.75819089997094,569121.9760515,1.0306235000001025,0.2516900000000093,8.409145999999993,1.0562450495063724,0.4193370669354835,8.577700319587859,0.1710408800000012,0.0044686400000005,0.0320361200000011,8.652655081128012,1.0,1526.88,0.0,0.0,0.0,0.0,0.0,8.948888791688951,8.068543955107214e-05,2.2305454642175129e-07,2.2577638938033553e-07,7.662867898069619e-08,3.9893666214442404e-05
27.868149999994785,569122.0860106,1.0806235000001023,0.4216900000000093,8.279145999999992,1.062072894197334,0.4198995525812308,8.506328752850205,0.1646408800000012,0.0040686400000005,0.0276361200000011,8.58265362917628,1.0,1529.33,0.0,0.0,0.0,0.0,0.0,8.960501890719414,8.068543955107214e-05,2.2305454642175129e-07,2.2577638938033553e-07,7.662867898069619e-08,3.9893666214442404e-05
27.979835900012404,569122.1976965,0.9906235000001022,0.3716900000000093,8.094145999999993,1.0449924003918782,0.4083747107896505,8.407793488333622,0.1634408800000012,0.0068686400000005,0.0328361200000011,8.482321048142104,1.0,1517.6,0.0,0.0,0.0,0.0,0.0,8.904955381945193,8.068543955107214e-05,2.2305454642175129e-07,2.2577638938033553e-07,7.662867898069619e-08,3.9893666214442404e-05
28.08208129997365,569122.2999419,1.0906235000001023,0.3566900000000093,8.054145999999992,1.055900844374523,0.3960191073251574,8.323251501635692,0.1614408800000012,0.0076686400000005,0.0356361200000011,8.399301952305219,1.0,1484.36,0.0,0.0,0.0,0.0,0.0,8.748272816150605,8.068543955107214e-05,2.2305454642175129e-07,2.2577638938033553e-07,7.662867898069619e-08,3.9893666214442404e-05
28.19325270003173,569122.4111133,1.130623500000102,0.5266900000000093,8.089145999999992,1.0737638349691916,0.4272569281347377,8.267286890382675,0.1602408800000012,0.0056686400000005,0.0320361200000011,8.347667325895307,1.0,1478.49,0.0,0.0,0.0,0.0,0.0,8.720710732497498,8.068543955107214e-05,2.2305454642175129e-07,2.2577638938033553e-07,7.662867898069619e-08,3.9893666214442404e-05
28.304015600006096,569122.5218762,1.0106235000001025,0.4116900000000093,8.259145999999992,1.0586696817936323,0.4235355415147024,8.265340751730072,0.1670408800000012,0.0052686400000005,0.0336361200000011,8.343621611283975,1.0,1482.89,0.0,0.0,0.0,0.0,0.0,8.741367610329666,8.068543955107214e-05,2.2305454642175129e-07,2.2577638938033553e-07,7.662867898069619e-08,3.9893666214442404e-05
28.415710299974307,569122.6335709,1.0606235000001023,0.4616900000000093,8.049145999999993,1.059136756149511,0.4326566404285691,8.213657834622278,0.1610408800000012,0.0052686400000005,0.0328361200000011,8.292957099912297,1.0,1507.82,0.0,0.0,0.0,0.0,0.0,8.858746304079832,8.068543955107214e-05,2.2305454642175129e-07,2.2577638938033553e-07,7.662867898069619e-08,3.9893666214442404e-05
28.52681020007003,569122.7446708,1.1356235000001025,0.4316900000000093,8.239145999999993,1.0774214647774552,0.4324255580514877,8.219750964672405,0.1634408800000012,0.0052686400000005,0.0332361200000011,8.301333314429211,1.0,1531.28,0.0,0.0,0.0,0.0,0.0,8.96974927763269,8.068543955107214e-05,2.2305454642175129e-07,2.2577638938033553e-07,7.662867898069619e-08,3.9893666214442404e-05
28.63902030000463,569122.8568809,1.0956235000001022,0.3866900000000093,8.439145999999992,1.081772792781845,0.4214921425234158,8.272198932691786,0.1678408800000012,0.0052686400000005,0.0316361200000011,8.353272603204037,1.0,1570.38,0.0,0.0,0.0,0.0,0.0,9.156000271865377,8.068543955107214e-05,2.2305454642175129e-07,2.2577638938033553e-07,7.662867898069619e-08,3.9893666214442404e-05
28.7490769000724,569122.9669375,1.1556235000001025,0.3716900000000093,8.509145999999992,1.0994273378111274,0.4095865806019064,8.32884284074518,0.1714408800000012,0.0036686400000005,0.0328361200000011,8.41107155503791,1.0,1617.79,0.0,0.0,0.0,0.0,0.0,9.38407498006231,8.068543955107214e-05,2.2305454642175129e-07,2.2577638938033553e-07,7.662867898069619e-08,3.9893666214442404e-05
28.852262699976563,569123.0701233,1.1206235000001024,0.4016900000000093,8.379145999999993,1.1044944334952256,0.4076988459671989,8.340868174335482,0.1682408800000012,0.0032686400000005,0.0324361200000011,8.42355080736547,1.0,1591.89,0.0,0.0,0.0,0.0,0.0,9.259162660843451,8.068543955107214e-05,2.2305454642175129e-07,2.2577638938033553e-07,7.662867898069619e-08,3.9893666214442404e-05
28.962467500008643,569123.1803281,1.0806235000001023,0.4216900000000093,8.309145999999993,1.098787914408886,0.411043532405392,8.333284759411946,0.1646408800000012,0.0036686400000005,0.0320361200000011,8.415457595866712,1.0,1600.2,0.0,0.0,0.0,0.0,0.0,9.299156454133698,8.068543955107214e-05,2.2305454642175129e-07,2.2577638938033553e-07,7.662867898069619e-08,3.9893666214442404e-05
29.073180800070983,569123.2910414,1.130623500000102,0.4516900000000093,8.379145999999993,1.1063984411123424,0.4207603640981431,8.344248220258265,0.1666408800000012,0.0032686400000005,0.0308361200000011,8.427789458438971,1.0,1607.04,0.0,0.0,0.0,0.0,0.0,9.332134884460922,8.068543955107214e-05,2.2305454642175129e-07,2.2577638938033553e-07,7.662867898069619e-08,3.9893666214442404e-05
29.18568780005444,569123.4035484,1.1906235000001022,0.4166900000000093,8.549145999999993,1.1265330498484971,0.4197873141577586,8.393230514607318,0.1690408800000012,0.0044686400000005,0.0320361200000011,8.478892414275826,1.0,1627.08,0.0,0.0,0.0,0.0,0.0,9.42907084840071,8.068543955107214e-05,2.2305454642175129e-07,2.2577638938033553e-07,7.662867898069619e-08,3.9893666214442404e-05
29.29654120001942,569123.5144018,1.1656235000001025,0.4266900000000093,8.599145999999992,1.1358779043314318,0.4214374510706638,8.442456098843737,0.1722408800000012,0.0028686400000005,0.0324361200000011,8.528944431734628,1.0,1636.85,0.0,0.0,0.0,0.0,0.0,9.47650346717651,8.068543955107214e-05,2.2305454642175129e-07,2.2577638938033553e-07,7.662867898069619e-08,3.9893666214442404e-05
29.406467900029384,569123.6243285,1.0956235000001022,0.3866900000000093,8.509145999999992,1.126254798193882,0.4131308218901649,8.458398801457022,0.1694408800000012,0.0028686400000005,0.0320361200000011,8.543046133021873,1.0,1635.87,0.0,0.0,0.0,0.0,0.0,9.47174041157785,8.068543955107214e-05,2.2305454642175129e-07,2.2577638938033553e-07,7.662867898069619e-08,3.9893666214442404e-05
29.5173225000035,569123.7351831,1.110623500000102,0.3716900000000093,8.559145999999993,1.1225180234462462,0.4032240940649593,8.48248314702726,0.1714408800000012,0.0032686400000005,0.0316361200000011,8.56592999753078,1.0,1642.23,0.0,0.0,0.0,0.0,0.0,9.5026726184706,8.068543955107214e-05,2.2305454642175129e-07,2.2577638938033553e-07,7.662867898069619e-08,3.9893666214442404e-05
29.62731210002676,569123.8451727,1.1356235000001025,0.4116900000000093,8.609145999999992,1.125650982285306,0.4052479300331416,8.51276281699353,0.1706408800000012,0.0036686400000005,0.0300361200000011,8.596420580515103,1.0,1635.39,0.0,0.0,0.0,0.0,0.0,9.469407913780694,8.068543955107214e-05,2.2305454642175129e-07,2.2577638938033553e-07,7.662867898069619e-08,3.9893666214442404e-05
29.737321999971755,569123.9551826,1.1606235000001024,0.3966900000000093,8.479145999999993,1.1340114152728809,0.4032020950395664,8.504726474056426,0.1694408800000012,0.0032686400000005,0.0296361200000011,8.589466003072005,1.0,1638.32,0.0,0.0,0.0,0.0,0.0,9.483650250632108,8.068543955107214e-05,2.2305454642175129e-07,2.2577638938033553e-07,7.662867898069619e-08,3.9893666214442404e-05
29.848100200062618,569124.0659608,0.8906235000001023,0.3166900000000093,8.499145999999993,1.0758277759873769,0.3825207537906659,8.503392421422063,0.1706408800000012,0.0016686400000005,0.0280361200000011,8.579709214382776,1.0,1637.34,0.0,0.0,0.0,0.0,0.0,9.478885434744777,8.068543955107214e-05,2.2305454642175129e-07,2.2577638938033553e-07,7.662867898069619e-08,3.9893666214442404e-05
29.95985710003879,569124.1777177,1.1206235000001024,0.4016900000000093,8.479145999999993,1.0865365173994896,0.3871033005681812,8.497596139234409,0.1690408800000012,0.0036686400000005,0.0304361200000011,8.575520434031098,1.0,1604.11,0.0,0.0,0.0,0.0,0.0,9.318001550305732,8.068543955107214e-05,2.2305454642175129e-07,2.2577638938033553e-07,7.662867898069619e-08,3.9893666214442404e-05
30.0621259000618,569124.2799865,1.110623500000102,0.4666900000000093,8.509145999999992,1.092294684585151,0.4061290759706923,8.500357216882119,0.1706408800000012,0.0028686400000005,0.0288361200000011,8.579867208699778,1.0,1629.03,0.0,0.0,0.0,0.0,0.0,9.438528731849198,8.068543955107214e-05,2.2305454642175129e-07,2.2577638938033553e-07,7.662867898069619e-08,3.9893666214442404e-05
30.17402330006007,569124.3918839,1.0456235000001022,0.4766900000000093,8.479145999999993,1.0811376007756273,0.4229971745645455,8.495286522264873,0.1666408800000012,0.0028686400000005,0.0304361200000011,8.574245052299105,1.0,1641.25,0.0,0.0,0.0,0.0,0.0,9.497903099185214,8.068543955107214e-05,2.2305454642175129e-07,2.2577638938033553e-07,7.662867898069619e-08,3.9893666214442404e-05
30.284043599967845,569124.5019042,1.1056235000001022,0.5816900000000094,8.489145999999993,1.0869911318618413,0.4609338408200831,8.493818586060712,0.1686408800000012,0.0036686400000005,0.0304361200000011,8.575486219408777,1.0,1647.61,0.0,0.0,0.0,0.0,0.0,9.528877444239367,8.068543955107214e-05,2.2305454642175129e-07,2.2577638938033553e-07,7.662867898069619e-08,3.9893666214442404e-05
30.39572510006837,569124.6135857,1.1406235000001024,0.6516900000000093,8.394145999999992,1.0998123368846402,0.5065354786202747,8.46999113436694,0.1646408800000012,0.0028686400000005,0.0324361200000011,8.556103972236386,1.0,1655.91,0.0,0.0,0.0,0.0,0.0,9.56937568291676,8.068543955107214e-05,2.2305454642175129e-07,2.2577638938033553e-07,7.662867898069619e-08,3.9893666214442404e-05
30.50731620006264,569124.7251768,1.2106235000001022,0.5216900000000093,8.349145999999992,1.1263025458840936,0.5101582764264628,8.441102232058316,0.1642408800000012,0.0032686400000005,0.0312361200000011,8.531179624409,1.0,1650.54,0.0,0.0,0.0,0.0,0.0,9.543163965445322,8.068543955107214e-05,2.2305454642175129e-07,2.2577638938033553e-07,7.662867898069619e-08,3.9893666214442404e-05
30.61818760004826,569124.8360482,1.130623500000102,0.6666900000000093,8.534145999999993,1.1273355011784156,0.5475783156709506,8.463345016896731,0.1650408800000012,0.0012686400000005,0.0272361200000011,8.555637686288554,1.0,1676.44,0.0,0.0,0.0,0.0,0.0,9.669923500801668,8.068543955107214e-05,2.2305454642175129e-07,2.2577638938033553e-07,7.662867898069619e-08,3.9893666214442404e-05
30.729002500069328,569124.9468631,1.110623500000102,0.7516900000000093,8.654145999999992,1.1233403765757497,0.5963726882331566,8.508957370179587,0.1658408800000012,0.0016686400000005,0.0268361200000011,8.603482406121913,1.0,1712.61,0.0,0.0,0.0,0.0,0.0,9.848418217139495,8.068543955107214e-05,2.2305454642175129e-07,2.2577638938033553e-07,7.662867898069619e-08,3.9893666214442404e-05
30.83911279996392,569125.0569734,1.0856235000001022,0.5966900000000094,8.834145999999992,1.114323884778308,0.5964485439031594,8.586696061174216,0.1714408800000012,0.0020686400000005,0.0276361200000011,8.679217581827086,1.0,1725.81,0.0,0.0,0.0,0.0,0.0,9.914003272066044,8.068543955107214e-05,2.2305454642175129e-07,2.2577638938033553e-07,7.662867898069619e-08,3.9893666214442404e-05
30.9491127000656,569125.1669733,1.1606235000001024,0.6166900000000093,8.894145999999992,1.1253921422474735,0.6012874101995099,8.66019418994918,0.1750408800000012,-0.0007313599999994,0.0264361200000011,8.753685934000965,1.0,1748.78,0.0,0.0,0.0,0.0,0.0,10.02871961940116,8.068543955107214e-05,2.2305454642175129e-07,2.2577638938033553e-07,7.662867898069619e-08,3.9893666214442404e-05
31.05900890007615,569125.2768695,1.0906235000001023,0.6216900000000093,8.864145999999993,1.1170804471631035,0.606164796671685,8.7089503434103,0.1730408800000012,-0.0003313599999994,0.0240361200000011,8.801199950583133,1.0,1775.17,0.0,0.0,0.0,0.0,0.0,10.161468382681795,8.068543955107214e-05,2.2305454642175129e-07,2.2577638938033553e-07,7.662867898069619e-08,3.9893666214442404e-05
31.17079600004945,569125.3886566,1.1706235000001022,0.6416900000000093,9.004145999999993,1.1298803007179568,0.6146573531475594,8.779518997496567,0.1758408800000012,0.0008686400000005,0.0272361200000011,8.873239937200616,1.0,1783.97,0.0,0.0,0.0,0.0,0.0,10.205967795724867,8.068543955107214e-05,2.2305454642175129e-07,2.2577638938033553e-07,7.662867898069619e-08,3.9893666214442404e-05
31.28070999996271,569125.4985706,1.1706235000001022,0.6966900000000094,9.114145999999993,1.1396202568193634,0.6342678499495422,8.859513999660201,0.1766408800000012,0.0020686400000005,0.0272361200000011,8.954999628442636,1.0,1795.21,0.0,0.0,0.0,0.0,0.0,10.262979121951501,8.068543955107214e-05,2.2305454642175129e-07,2.2577638938033553e-07,7.662867898069619e-08,3.9893666214442404e-05
31.383007199969143,569125.6008678,1.1406235000001024,0.6316900000000093,9.264145999999991,1.1398600893487572,0.6336515962977219,8.956244202245472,0.1790408800000012,0.0024686400000005,0.0284361200000011,9.050696414035576,1.0,1816.23,0.0,0.0,0.0,0.0,0.0,10.370129086552664,8.068543955107214e-05,2.2305454642175129e-07,2.2577638938033553e-07,7.662867898069619e-08,3.9893666214442404e-05
31.49319279997144,569125.7110534,1.110623500000102,0.7116900000000094,9.274145999999991,1.132870871471222,0.6523072404218008,9.032240923397516,0.1822408800000012,0.0004686400000005,0.0272361200000011,9.126350708012016,1.0,1829.42,0.0,0.0,0.0,0.0,0.0,10.43772777179306,8.068543955107214e-05,2.2305454642175129e-07,2.2577638938033553e-07,7.662867898069619e-08,3.9893666214442404e-05
31.604041900020093,569125.8219025,1.110623500000102,0.6616900000000093,9.224145999999992,1.1275524766147005,0.6545502568763739,9.0781172182069,0.1790408800000012,0.0008686400000005,0.0268361200000011,9.171260701441293,1.0,1830.89,0.0,0.0,0.0,0.0,0.0,10.445279117068091,8.068543955107214e-05,2.2305454642175129e-07,2.2577638938033553e-07,7.662867898069619e-08,3.9893666214442404e-05
31.714014400029555,569125.931875,1.0606235000001023,0.6116900000000094,9.504145999999992,1.1115526212861098,0.6443042028642693,9.1799624759606,0.1854408800000012,0.0008686400000005,0.0280361200000011,9.269433002927483,1.0,1851.42,0.0,0.0,0.0,0.0,0.0,10.551116249960668,8.068543955107214e-05,2.2305454642175129e-07,2.2577638938033553e-07,7.662867898069619e-08,3.9893666214442404e-05
31.824039799976163,569126.0419004,1.130623500000102,0.6066900000000093,9.669145999999992,1.1161116526032928,0.63531225595921,9.296905331053548,0.1882408800000012,0.0012686400000005,0.0248361200000011,9.38518916262324,1.0,1873.41,0.0,0.0,0.0,0.0,0.0,10.665272966665732,8.068543955107214e-05,2.2305454642175129e-07,2.2577638938033553e-07,7.662867898069619e-08,3.9893666214442404e-05
31.934034100035205,569126.1518947,1.2506235000001025,0.7016900000000094,10.109145999999992,1.1482676813847186,0.6511803351591444,9.491077330275573,0.1970408800000012,0.0024686400000005,0.0312361200000011,9.5824372362297,1.0,1908.11,0.0,0.0,0.0,0.0,0.0,10.847140624829937,8.068543955107214e-05,2.2305454642175129e-07,2.2577638938033553e-07,7.662867898069619e-08,3.9893666214442404e-05
32.044890200020745,569126.2627508,1.2006235000001022,0.7316900000000093,10.599145999999992,1.160783718022777,0.6704267521098286,9.75596915002988,0.2094408800000012,-0.0003313599999994,0.0296361200000011,9.847630421898767,1.0,1973.12,0.0,0.0,0.0,0.0,0.0,11.193895350574474,8.068543955107214e-05,2.2305454642175129e-07,2.2577638938033553e-07,7.662867898069619e-08,3.9893666214442404e-05
32.15652930003125,569126.3743899,1.2406235000001022,0.7066900000000094,11.009145999999992,1.179869994635959,0.6790957434695613,10.055550128476924,0.2198408800000012,0.0008686400000005,0.0288361200000011,10.14728301661844,1.0,2056.21,0.0,0.0,0.0,0.0,0.0,11.64951701089756,8.068543955107214e-05,2.2305454642175129e-07,2.2577638938033553e-07,7.662867898069619e-08,3.9893666214442404e-05
32.26733870001044,569126.4851993,1.3056235000001022,0.7466900000000094,11.259145999999992,1.2099322784876227,0.6952546387677588,10.343278415872517,0.2250408800000012,0.0012686400000005,0.0292361200000011,10.436988239885515,1.0,2105.57,0.0,0.0,0.0,0.0,0.0,11.927387797901151,8.068543955107214e-05,2.2305454642175129e-07,2.2577638938033553e-07,7.662867898069619e-08,3.9893666214442404e-05
32.37735780002549,569126.5952184,1.3306235000001023,0.7916900000000093,11.329145999999993,1.2387843868165789,0.7183082084818344,10.578957183381808,0.2262408800000012,0.0036686400000005,0.0324361200000011,10.67543388004527,1.0,2140.76,0.0,0.0,0.0,0.0,0.0,12.12901722765715,8.068543955107214e-05,2.2305454642175129e-07,2.2577638938033553e-07,7.662867898069619e-08,3.9893666214442404e-05
32.48818720004056,569126.7060478,1.3656235000001022,0.8316900000000094,11.369145999999992,1.2691061930594736,0.7454129447701752,10.767857528010763,0.2254408800000012,0.0052686400000005,0.0332361200000011,10.867981722980169,1.0,2159.82,0.0,0.0,0.0,0.0,0.0,12.239508604052341,8.068543955107214e-05,2.2305454642175129e-07,2.2577638938033553e-07,7.662867898069619e-08,3.9893666214442404e-05
32.59912190004252,569126.8169825,1.4706235000001022,1.0166900000000094,11.794145999999992,1.3172803609662032,0.8102636844227027,11.013199200748163,0.2334408800000012,0.0032686400000005,0.0332361200000011,11.121254939216236,1.0,2174.0,0.0,0.0,0.0,0.0,0.0,12.322312757028243,8.068543955107214e-05,2.2305454642175129e-07,2.2577638938033553e-07,7.662867898069619e-08,3.9893666214442404e-05
32.710702200070955,569126.9285628,1.4556235000001023,0.9166900000000092,11.859145999999992,1.3503522876892349,0.8357056639437285,11.215428893899654,0.2374408800000012,0.0048686400000005,0.0352361200000011,11.327298907141737,1.0,2219.94,0.0,0.0,0.0,0.0,0.0,12.594232579735039,8.068543955107214e-05,2.2305454642175129e-07,2.2577638938033553e-07,7.662867898069619e-08,3.9893666214442404e-05
32.81416820001323,569127.0320288,1.3206235000001023,0.9116900000000092,11.874145999999993,1.343245406242959,0.8538702683592445,11.372899976428869,0.2370408800000012,0.0032686400000005,0.0336361200000011,11.483738787103984,1.0,2234.12,0.0,0.0,0.0,0.0,0.0,12.679328861798709,8.068543955107214e-05,2.2305454642175129e-07,2.2577638938033553e-07,7.662867898069619e-08,3.9893666214442404e-05
32.92612720001489,569127.1439878,1.5456235000001022,0.9716900000000092,12.264145999999991,1.3916253514561652,0.882035926291842,11.585958776377849,0.2434408800000012,0.0028686400000005,0.0352361200000011,11.702523200661124,1.0,2260.51,0.0,0.0,0.0,0.0,0.0,12.839217677797015,8.068543955107214e-05,2.2305454642175129e-07,2.2577638938033553e-07,7.662867898069619e-08,3.9893666214442404e-05
33.03745629999321,569127.2553169,1.4456235000001023,0.9616900000000094,12.344145999999991,1.4045339989271963,0.9010778080017976,11.767208909034052,0.2458408800000012,0.0012686400000005,0.0340361200000011,11.884942678829637,1.0,2295.21,0.0,0.0,0.0,0.0,0.0,13.052561263164652,8.068543955107214e-05,2.2305454642175129e-07,2.2577638938033553e-07,7.662867898069619e-08,3.9893666214442404e-05
33.14734090003185,569127.3652015,1.2456235000001024,0.8916900000000094,11.784145999999993,1.366545296251096,0.8988335846850999,11.77125784297641,0.2346408800000012,-0.0011313599999994,0.0292361200000011,11.884353540075184,1.0,2243.4,0.0,0.0,0.0,0.0,0.0,12.735325994669658,8.068543955107214e-05,2.2305454642175129e-07,2.2577638938033553e-07,7.662867898069619e-08,3.9893666214442404e-05
33.25816219998524,569127.4760228,1.3156235000001022,0.9766900000000094,11.614145999999993,1.3543720730180642,0.9174457231705628,11.73369912199811,0.2294408800000012,0.0024686400000005,0.0316361200000011,11.847182173526091,1.0,2220.92,0.0,0.0,0.0,0.0,0.0,12.600095671920776,8.068543955107214e-05,2.2305454642175129e-07,2.2577638938033553e-07,7.662867898069619e-08,3.9893666214442404e-05
33.368193299975246,569127.5860539,1.4506235000001022,1.0266900000000092,11.524145999999991,1.377381671920957,0.9435613566847676,11.68360393445429,0.2270408800000012,0.0020686400000005,0.0316361200000011,11.802291692767485,1.0,2232.65,0.0,0.0,0.0,0.0,0.0,12.670480995139116,8.068543955107214e-05,2.2305454642175129e-07,2.2577638938033553e-07,7.662867898069619e-08,3.9893666214442404e-05
33.47906140005216,569127.696922,1.4806235000001022,1.1216900000000094,11.754145999999992,1.4020623767020497,0.9861442956012478,11.700467524791408,0.2282408800000012,0.0044686400000005,0.0320361200000011,11.825362564361765,1.0,2262.46,0.0,0.0,0.0,0.0,0.0,12.85111196573928,8.068543955107214e-05,2.2305454642175129e-07,2.2577638938033553e-07,7.662867898069619e-08,3.9893666214442404e-05
33.59073050005827,569127.8085911,1.5106235000001025,0.9616900000000094,11.544145999999992,1.4280146974297394,0.9802983195894608,11.663097735084182,0.2254408800000012,0.0036686400000005,0.0316361200000011,11.7910160524694,1.0,2282.5,0.0,0.0,0.0,0.0,0.0,12.973998899621856,8.068543955107214e-05,2.2305454642175129e-07,2.2577638938033553e-07,7.662867898069619e-08,3.9893666214442404e-05
33.693033699993975,569127.9108943,1.3556235000001022,1.0666900000000092,11.264145999999991,1.410709058758357,1.0009508748514682,11.56772544094029,0.2178408800000012,0.0040686400000005,0.0296361200000011,11.696335946752985,1.0,2235.58,0.0,0.0,0.0,0.0,0.0,12.688122573619797,8.068543955107214e-05,2.2305454642175129e-07,2.2577638938033553e-07,7.662867898069619e-08,3.9893666214442404e-05
33.80403770005796,569128.0218983,1.4506235000001022,1.0266900000000092,11.209145999999992,1.4202508942635803,1.0071039986476464,11.48200443534523,0.2182408800000012,0.0064686400000005,0.0312361200000011,11.613259530383194,1.0,2229.23,0.0,0.0,0.0,0.0,0.0,12.649919689834663,8.068543955107214e-05,2.2305454642175129e-07,2.2577638938033553e-07,7.662867898069619e-08,3.9893666214442404e-05
33.914236600045115,569128.1320972,1.3506235000001023,0.9166900000000092,11.139145999999991,1.4036059627037067,0.9854898791554018,11.400041649700093,0.2174408800000012,0.0068686400000005,0.0296361200000011,11.528323799033055,1.0,2220.43,0.0,0.0,0.0,0.0,0.0,12.59716379311265,8.068543955107214e-05,2.2305454642175129e-07,2.2577638938033553e-07,7.662867898069619e-08,3.9893666214442404e-05
34.024961899966,569128.2428225,1.4906235000001022,0.8766900000000093,11.079145999999993,1.4244081335752226,0.9594804821153352,11.32332922661404,0.2198408800000012,0.0076686400000005,0.0312361200000011,11.45283048424481,1.0,2204.3,0.0,0.0,0.0,0.0,0.0,12.501020105652655,8.068543955107214e-05,2.2305454642175129e-07,2.2577638938033553e-07,7.662867898069619e-08,3.9893666214442404e-05
34.134915100061335,569128.3527757,1.3206235000001023,0.8516900000000094,11.039145999999992,1.3995976672193016,0.9337123887291878,11.255393173462958,0.2214408800000012,0.0056686400000005,0.0308361200000011,11.380446737461083,1.0,2174.98,0.0,0.0,0.0,0.0,0.0,12.328054737758055,8.068543955107214e-05,2.2305454642175129e-07,2.2577638938033553e-07,7.662867898069619e-08,3.9893666214442404e-05
34.24484689999372,569128.4627075,1.4356235000001023,0.8166900000000094,10.959145999999992,1.4082099027821426,0.9057373413792996,11.184573146672388,0.2202408800000012,0.0060686400000005,0.0308361200000011,11.309203850631024,1.0,2118.28,0.0,0.0,0.0,0.0,0.0,11.999864706740333,8.068543955107214e-05,2.2305454642175129e-07,2.2577638938033553e-07,7.662867898069619e-08,3.9893666214442404e-05
34.355759800062515,569128.5736204,1.2906235000001025,0.7866900000000093,11.069145999999993,1.3801000237987,0.8772782144709328,11.15697945345958,0.2226408800000012,0.0052686400000005,0.0300361200000011,11.276191008766824,1.0,2130.99,0.0,0.0,0.0,0.0,0.0,12.072733497626754,8.068543955107214e-05,2.2305454642175129e-07,2.2577638938033553e-07,7.662867898069619e-08,3.9893666214442404e-05
34.466546099982224,569128.6844067,1.3656235000001022,0.8316900000000094,11.109145999999992,1.3766393062118731,0.8663800224901452,11.14554452087982,0.2242408800000012,0.0048686400000005,0.0296361200000011,11.263610113533392,1.0,2143.21,0.0,0.0,0.0,0.0,0.0,12.143168642519653,8.068543955107214e-05,2.2305454642175129e-07,2.2577638938033553e-07,7.662867898069619e-08,3.9893666214442404e-05
34.57740890001878,569128.7952695,1.3756235000001025,0.9616900000000094,11.239145999999993,1.376396470399161,0.8891645610960505,11.167920630604142,0.2258408800000012,0.0040686400000005,0.0308361200000011,11.287494499308073,1.0,2192.57,0.0,0.0,0.0,0.0,0.0,12.43154713287369,8.068543955107214e-05,2.2305454642175129e-07,2.2577638938033553e-07,7.662867898069619e-08,3.9893666214442404e-05
34.689982400042936,569128.907843,1.3306235000001023,0.8116900000000093,11.269145999999992,1.3654541111791474,0.8706437076199742,11.19211928637088,0.2254408800000012,0.0020686400000005,0.0312361200000011,11.308670103761507,1.0,2201.86,0.0,0.0,0.0,0.0,0.0,12.486538210873958,8.068543955107214e-05,2.2305454642175129e-07,2.2577638938033553e-07,7.662867898069619e-08,3.9893666214442404e-05
34.8007197000552,569129.0185803,1.2656235000001024,0.8016900000000093,11.419145999999992,1.3415888824393267,0.8541598257186822,11.246391662216515,0.2262408800000012,0.0032686400000005,0.0296361200000011,11.358291031547385,1.0,2216.03,0.0,0.0,0.0,0.0,0.0,12.570866482982272,8.068543955107214e-05,2.2305454642175129e-07,2.2577638938033553e-07,7.662867898069619e-08,3.9893666214442404e-05
34.90297150006518,569129.1208321,1.3056235000001022,0.9966900000000094,11.924145999999991,1.332991097967309,0.8882326934631237,11.408413732497134,0.2354408800000012,0.0020686400000005,0.0300361200000011,11.520317985056924,1.0,2268.82,0.0,0.0,0.0,0.0,0.0,12.88998316383034,8.068543955107214e-05,2.2305454642175129e-07,2.2577638938033553e-07,7.662867898069619e-08,3.9893666214442404e-05
35.014058500062674,569129.2319191,1.3706235000001024,1.0666900000000092,12.354145999999991,1.3419873955150696,0.9308942016968732,11.634497862645407,0.2438408800000012,0.0016686400000005,0.0300361200000011,11.748575858391296,1.0,2341.15,0.0,0.0,0.0,0.0,0.0,13.340701417654422,8.068543955107214e-05,2.2305454642175129e-07,2.2577638938033553e-07,7.662867898069619e-08,3.9893666214442404e-05
35.12405320000835,569129.3419138,1.5006235000001025,1.0966900000000095,12.799145999999991,1.3799105022176763,0.9705288849255383,11.912915412844756,0.2566408800000012,0.0012686400000005,0.0340361200000011,12.03177596800238,1.0,2378.79,0.0,0.0,0.0,0.0,0.0,13.581873135084676,8.068543955107214e-05,2.2305454642175129e-07,2.2577638938033553e-07,7.662867898069619e-08,3.9893666214442404e-05
35.2356940000318,569129.4535546,1.2306235000001022,1.1166900000000095,13.059145999999991,1.3442223659463806,1.0054697552950838,12.186930114627735,0.2622408800000012,-0.0007313599999994,0.0292361200000011,12.301998570018776,1.0,2397.85,0.0,0.0,0.0,0.0,0.0,13.705826047708939,8.068543955107214e-05,2.2305454642175129e-07,2.2577638938033553e-07,7.662867898069619e-08,3.9893666214442404e-05
35.346590199973434,569129.5644508,1.2806235000001025,1.2166900000000094,12.849145999999992,1.3290185976284747,1.0559634805646134,12.34523760561572,0.2554408800000012,-0.0015313599999994,0.0288361200000011,12.46139000449938,1.0,2418.87,0.0,0.0,0.0,0.0,0.0,13.844001447984981,8.068543955107214e-05,2.2305454642175129e-07,2.2577638938033553e-07,7.662867898069619e-08,3.9893666214442404e-05
35.45657390006818,569129.6744345,1.3756235000001025,1.146690000000009,12.909145999999993,1.3401598361960831,1.0776523104087004,12.480043980747986,0.2542408800000012,-0.0007313599999994,0.0288361200000011,12.59797049727004,1.0,2431.09,0.0,0.0,0.0,0.0,0.0,13.925058290662518,8.068543955107214e-05,2.2305454642175129e-07,2.2577638938033553e-07,7.662867898069619e-08,3.9893666214442404e-05
35.566799300024286,569129.7846599,1.3706235000001024,1.291690000000009,13.344145999999991,1.3474423950860812,1.128819566230445,12.68661381038676,0.2602408800000012,-0.0007313599999994,0.0272361200000011,12.807810296653994,1.0,2450.64,0.0,0.0,0.0,0.0,0.0,14.055876424903193,8.068543955107214e-05,2.2305454642175129e-07,2.2577638938033553e-07,7.662867898069619e-08,3.9893666214442404e-05
35.67742750002071,569129.8952881,1.4006235000001022,1.3366900000000093,13.674145999999991,1.3601557223753755,1.1785124949981465,12.922690513861884,0.2662408800000012,-0.0027313599999994,0.0284361200000011,13.047407612511888,1.0,2493.16,0.0,0.0,0.0,0.0,0.0,14.345408973291002,8.068543955107214e-05,2.2305454642175129e-07,2.2577638938033553e-07,7.662867898069619e-08,3.9893666214442404e-05
35.78738250001334,569130.0052431,1.3706235000001024,1.271690000000009,13.404145999999992,1.362658120231717,1.2007872506468629,13.037785925670194,0.2658408800000012,-0.0043313599999994,0.0284361200000011,13.16368447728649,1.0,2500.49,0.0,0.0,0.0,0.0,0.0,14.396037284291584,8.068543955107214e-05,2.2305454642175129e-07,2.2577638938033553e-07,7.662867898069619e-08,3.9893666214442404e-05
35.897358100046404,569130.1152187,1.3756235000001025,1.2266900000000094,13.354145999999991,1.3657575879222053,1.2069794899911097,13.113414086700748,0.2694408800000012,-0.0035313599999994,0.0300361200000011,13.239475906829089,1.0,2501.47,0.0,0.0,0.0,0.0,0.0,14.402822472423013,8.068543955107214e-05,2.2305454642175129e-07,2.2577638938033553e-07,7.662867898069619e-08,3.9893666214442404e-05
36.007355400011875,569130.225216,1.4006235000001022,1.3166900000000092,13.479145999999991,1.3740925360622016,1.2332065799147496,13.20084494247989,0.2726408800000012,-0.0003313599999994,0.0320361200000011,13.32933741645862,1.0,2473.61,0.0,0.0,0.0,0.0,0.0,14.211417477287586,8.068543955107214e-05,2.2305454642175129e-07,2.2577638938033553e-07,7.662867898069619e-08,3.9893666214442404e-05
36.11739879997913,569130.3352594,1.4106235000001022,1.2466900000000094,13.479145999999991,1.3828255268770182,1.2364298888851084,13.267374820618564,0.2698408800000012,-0.0003313599999994,0.0308361200000011,13.396424893929522,1.0,2499.02,0.0,0.0,0.0,0.0,0.0,14.385866742272576,8.068543955107214e-05,2.2305454642175129e-07,2.2577638938033553e-07,7.662867898069619e-08,3.9893666214442404e-05
36.22740710002836,569130.4452677,1.4606235000001022,1.2566900000000092,13.559145999999991,1.4014236943343616,1.2412732147982806,13.337124828691104,0.2766408800000012,-0.0011313599999994,0.0332361200000011,13.46787460072695,1.0,2532.75,0.0,0.0,0.0,0.0,0.0,14.621454867287477,8.068543955107214e-05,2.2305454642175129e-07,2.2577638938033553e-07,7.662867898069619e-08,3.9893666214442404e-05
36.33821890002582,569130.5560795,1.4706235000001022,1.1366900000000093,13.309145999999991,1.4179664077512126,1.2162718418323255,13.330436287584329,0.2714408800000012,0.0012686400000005,0.0348361200000011,13.460701227799763,1.0,2504.89,0.0,0.0,0.0,0.0,0.0,14.42653172683418,8.068543955107214e-05,2.2305454642175129e-07,2.2577638938033553e-07,7.662867898069619e-08,3.9893666214442404e-05
36.44907169998624,569130.6669323,1.4606235000001022,1.2516900000000093,13.179145999999992,1.428163893791537,1.2247388083892965,13.294269251475152,0.2686408800000012,0.0004686400000005,0.0336361200000011,13.426735723437112,1.0,2489.25,0.0,0.0,0.0,0.0,0.0,14.318490228096,8.068543955107214e-05,2.2305454642175129e-07,2.2577638938033553e-07,7.662867898069619e-08,3.9893666214442404e-05
36.559063000022434,569130.7769236,1.380623500000102,1.1766900000000091,13.089145999999992,1.4167990192423978,1.2132523936579511,13.245233056479504,0.2622408800000012,-0.0007313599999994,0.0316361200000011,13.375929857475342,1.0,2501.95,0.0,0.0,0.0,0.0,0.0,14.406147240595304,8.068543955107214e-05,2.2305454642175129e-07,2.2577638938033553e-07,7.662867898069619e-08,3.9893666214442404e-05
36.669063700013794,569130.8869243,1.5156235000001024,1.2766900000000092,13.149145999999991,1.4404237252371026,1.2284176117025916,13.222262751532586,0.2630408800000012,0.0008686400000005,0.0324361200000011,13.357097836264176,1.0,2520.04,0.0,0.0,0.0,0.0,0.0,14.532131760199336,8.068543955107214e-05,2.2305454642175129e-07,2.2577638938033553e-07,7.662867898069619e-08,3.9893666214442404e-05
36.77991609997116,569130.9977767,1.4906235000001022,1.2166900000000094,13.049145999999991,1.4524243440178273,1.225614041409388,13.180877941550705,0.2638408800000012,0.0012686400000005,0.0352361200000011,13.31717723707443,1.0,2510.26,0.0,0.0,0.0,0.0,0.0,14.46385498847742,8.068543955107214e-05,2.2305454642175129e-07,2.2577638938033553e-07,7.662867898069619e-08,3.9893666214442404e-05
36.89081959996838,569131.1086802,1.5856235000001022,1.3216900000000094,13.189145999999992,1.4842665644342368,1.2485816933257974,13.18285448064824,0.2614408800000012,0.0016686400000005,0.0320361200000011,13.324776010768552,1.0,2526.88,0.0,0.0,0.0,0.0,0.0,14.580118107114291,8.068543955107214e-05,2.2305454642175129e-07,2.2577638938033553e-07,7.662867898069619e-08,3.9893666214442404e-05
37.0008463000413,569131.2187069,1.5256235000001022,1.2866900000000094,13.169145999999992,1.4941532386276586,1.2576917593158392,13.17957736932455,0.2598408800000012,6.864000000058375e-05,0.0312361200000011,13.323495866174325,1.0,2569.4,0.0,0.0,0.0,0.0,0.0,14.882868538022613,8.068543955107214e-05,2.2305454642175129e-07,2.2577638938033553e-07,7.662867898069619e-08,3.9893666214442404e-05
37.1115928000072,569131.3294534,1.4856235000001023,1.3316900000000094,13.239145999999993,1.49211414299323,1.2753815732858724,13.193817680788111,0.2606408800000012,0.0004686400000005,0.0316361200000011,13.339033989276531,1.0,2575.76,0.0,0.0,0.0,0.0,0.0,14.928829216881175,8.068543955107214e-05,2.2305454642175129e-07,2.2577638938033553e-07,7.662867898069619e-08,3.9893666214442404e-05
37.22171279997565,569131.4395734,1.5556235000001022,1.3316900000000094,13.499145999999993,1.507296513552593,1.28884250944204,13.266808621068622,0.2670408800000012,0.0004686400000005,0.0344361200000011,13.41421890316292,1.0,2585.04,0.0,0.0,0.0,0.0,0.0,14.996215708687796,8.068543955107214e-05,2.2305454642175129e-07,2.2577638938033553e-07,7.662867898069619e-08,3.9893666214442404e-05
37.33163659996353,569131.5494972,1.4456235000001023,1.2866900000000094,13.394145999999992,1.4925531341610303,1.2883279365110325,13.297249541337816,0.2650408800000012,-0.0031313599999994,0.0288361200000011,13.442631777107392,1.0,2578.69,0.0,0.0,0.0,0.0,0.0,14.950063577906702,8.068543955107214e-05,2.2305454642175129e-07,2.2577638938033553e-07,7.662867898069619e-08,3.9893666214442404e-05
37.435312999994494,569131.6531736,1.4106235000001022,1.1516900000000092,13.279145999999992,1.4729672632870794,1.2556636507688137,13.292921759008074,0.2642408800000012,-0.0015313599999994,0.0328361200000011,13.433096912242084,1.0,2586.02,0.0,0.0,0.0,0.0,0.0,15.003354601261034,8.068543955107214e-05,2.2305454642175129e-07,2.2577638938033553e-07,7.662867898069619e-08,3.9893666214442404e-05
37.54576470004395,569131.7636253,1.5556235000001022,1.2066900000000094,13.309145999999991,1.4927268337498023,1.2439561457859436,13.296800281014791,0.2642408800000012,-0.0015313599999994,0.0304361200000011,13.43802656665146,1.0,2585.04,0.0,0.0,0.0,0.0,0.0,14.996215708687796,8.068543955107214e-05,2.2305454642175129e-07,2.2577638938033553e-07,7.662867898069619e-08,3.9893666214442404e-05
37.65577830001712,569131.8736389,1.4356235000001023,1.2116900000000093,13.289145999999992,1.4790758693246844,1.2362426905577404,13.294970469846657,0.2638408800000012,-0.0015313599999994,0.0312361200000011,13.433994238917576,1.0,2582.6,0.0,0.0,0.0,0.0,0.0,14.978460178537405,8.068543955107214e-05,2.2305454642175129e-07,2.2577638938033553e-07,7.662867898069619e-08,3.9893666214442404e-05
37.76655289996416,569131.9844135,1.5156235000001024,1.1116900000000094,13.379145999999992,1.4878128444434986,1.206467470159768,13.31509323838107,0.2722408800000012,-0.0027313599999994,0.0332361200000011,13.452169295820882,1.0,2564.52,0.0,0.0,0.0,0.0,0.0,14.847724527382825,8.068543955107214e-05,2.2305454642175129e-07,2.2577638938033553e-07,7.662867898069619e-08,3.9893666214442404e-05
37.877425600076094,569132.0952862,1.4056235000001025,1.0966900000000095,13.319145999999993,1.4681648879504778,1.1802243729283708,13.316062080321649,0.2686408800000012,-0.0027313599999994,0.0316361200000011,13.448641085092756,1.0,2532.26,0.0,0.0,0.0,0.0,0.0,14.617998743670789,8.068543955107214e-05,2.2305454642175129e-07,2.2577638938033553e-07,7.662867898069619e-08,3.9893666214442404e-05
37.98738389997743,569132.2052445,1.3756235000001025,1.0816900000000094,13.509145999999992,1.4460422006779814,1.1566690193058964,13.36222018608382,0.2702408800000012,-0.0031313599999994,0.0316361200000011,13.489916588613498,1.0,2561.58,0.0,0.0,0.0,0.0,0.0,14.826602257114676,8.068543955107214e-05,2.2305454642175129e-07,2.2577638938033553e-07,7.662867898069619e-08,3.9893666214442404e-05
38.09822769998573,569132.3160883,1.3406235000001023,1.1866900000000091,13.714145999999992,1.4208410987772817,1.163845751600701,13.446350594075552,0.2714408800000012,-0.0047313599999994,0.0284361200000011,13.571207413501924,1.0,2598.73,0.0,0.0,0.0,0.0,0.0,15.096337819819581,8.068543955107214e-05,2.2305454642175129e-07,2.2577638938033553e-07,7.662867898069619e-08,3.9893666214442404e-05
38.20906300004572,569132.4269236,1.2856235000001022,1.1766900000000091,13.999145999999993,1.388516355030305,1.1669162619624056,13.578500329040592,0.2722408800000012,-0.0067313599999994,0.0256361200000011,13.699100058630655,1.0,2611.93,0.0,0.0,0.0,0.0,0.0,15.193694362646474,8.068543955107214e-05,2.2305454642175129e-07,2.2577638938033553e-07,7.662867898069619e-08,3.9893666214442404e-05
38.319873800035566,569132.5377344,1.3306235000001023,1.1866900000000091,14.269145999999992,1.3746766498398886,1.1716433168780802,13.743604165638889,0.2786408800000012,-0.0091313599999994,0.0264361200000011,13.86178702099288,1.0,2633.92,0.0,0.0,0.0,0.0,0.0,15.357706704864484,8.068543955107214e-05,2.2305454642175129e-07,2.2577638938033553e-07,7.662867898069619e-08,3.9893666214442404e-05
38.43073829996865,569132.6485989,1.380623500000102,1.2566900000000092,14.069145999999993,1.376098287328418,1.1919743408225063,13.821427292730382,0.2742408800000012,-0.0079313599999994,0.0280361200000011,13.940814242138076,1.0,2637.83,0.0,0.0,0.0,0.0,0.0,15.3871127581794,8.068543955107214e-05,2.2305454642175129e-07,2.2577638938033553e-07,7.662867898069619e-08,3.9893666214442404e-05
38.54076930007432,569132.7586299,1.3556235000001022,1.2216900000000095,14.139145999999991,1.3712036415156916,1.1990780838032418,13.897380244779432,0.2758408800000012,-0.0067313599999994,0.0280361200000011,14.016246478481634,1.0,2641.25,0.0,0.0,0.0,0.0,0.0,15.4128947355343,8.068543955107214e-05,2.2305454642175129e-07,2.2577638938033553e-07,7.662867898069619e-08,3.9893666214442404e-05
38.65073590003885,569132.8685965,1.3306235000001023,1.3566900000000093,14.419145999999992,1.361502665551246,1.2367563508972017,14.022112117597592,0.2798408800000012,-0.0087313599999994,0.0264361200000011,14.142237588806974,1.0,2649.07,0.0,0.0,0.0,0.0,0.0,15.47206223493305,8.068543955107214e-05,2.2305454642175129e-07,2.2577638938033553e-07,7.662867898069619e-08,3.9893666214442404e-05
38.76208440004848,569132.979945,1.3906235000001024,1.2216900000000095,14.409145999999993,1.368464211383816,1.2331546308817742,14.114635362967974,0.2838408800000012,-0.0095313599999994,0.0260361200000011,14.234335111660451,1.0,2652.0,0.0,0.0,0.0,0.0,0.0,15.494308963510342,8.068543955107214e-05,2.2305454642175129e-07,2.2577638938033553e-07,7.662867898069619e-08,3.9893666214442404e-05
38.86407110001892,569133.0819317,1.3306235000001023,1.1816900000000097,13.944145999999993,1.3594181159809715,1.2208516391090307,14.073878649201692,0.2754408800000012,-0.0079313599999994,0.0288361200000011,14.191989168937091,1.0,2614.37,0.0,0.0,0.0,0.0,0.0,15.211779748173322,8.068543955107214e-05,2.2305454642175129e-07,2.2577638938033553e-07,7.662867898069619e-08,3.9893666214442404e-05
38.97399980004411,569133.1918604,1.1956235000001023,1.1266900000000093,13.754145999999992,1.3202618298422062,1.1983416190929963,13.997444249785843,0.2726408800000012,-0.0075313599999994,0.0284361200000011,14.110547808687354,1.0,2604.59,0.0,0.0,0.0,0.0,0.0,15.139458177042675,8.068543955107214e-05,2.2305454642175129e-07,2.2577638938033553e-07,7.662867898069619e-08,3.9893666214442404e-05
39.08493949996773,569133.3028001,1.3356235000001022,1.1816900000000097,13.774145999999991,1.3239341480601758,1.1943609292640045,13.944063190154912,0.2742408800000012,-0.0071313599999994,0.0284361200000011,14.057602850727624,1.0,2586.51,0.0,0.0,0.0,0.0,0.0,15.006925678083528,8.068543955107214e-05,2.2305454642175129e-07,2.2577638938033553e-07,7.662867898069619e-08,3.9893666214442404e-05
39.19660440005828,569133.414465,1.3356235000001022,1.0566900000000097,13.564145999999992,1.326728572080743,1.16144969914225,13.853241241474503,0.2714408800000012,-0.0063313599999994,0.0288361200000011,13.965008664591048,1.0,2585.04,0.0,0.0,0.0,0.0,0.0,14.996215708687796,8.068543955107214e-05,2.2305454642175129e-07,2.2577638938033553e-07,7.662867898069619e-08,3.9893666214442404e-05
39.30747190001421,569133.5253325,1.4006235000001022,1.021690000000009,13.429145999999992,1.344393688388057,1.128039133492641,13.7518582105011,0.2714408800000012,-0.0047313599999994,0.0304361200000011,13.863385983149824,1.0,2526.39,0.0,0.0,0.0,0.0,0.0,14.57667402279696,8.068543955107214e-05,2.2305454642175129e-07,2.2577638938033553e-07,7.662867898069619e-08,3.9893666214442404e-05
39.41738290002104,569133.6352435,1.4006235000001022,0.9966900000000094,13.239145999999993,1.3578358310361844,1.0966391743162227,13.629290652947407,0.2650408800000012,-0.0027313599999994,0.0296361200000011,13.740593121303398,1.0,2479.96,0.0,0.0,0.0,0.0,0.0,14.254774615327907,8.068543955107214e-05,2.2305454642175129e-07,2.2577638938033553e-07,7.662867898069619e-08,3.9893666214442404e-05
39.529075199970976,569133.7469358,1.4256235000001023,0.9416900000000094,13.469145999999991,1.3740409629737391,1.0595974549034202,13.5910069168377,0.2702408800000012,-0.0059313599999994,0.0316361200000011,13.70132126285264,1.0,2497.56,0.0,0.0,0.0,0.0,0.0,14.375773972039983,8.068543955107214e-05,2.2305454642175129e-07,2.2577638938033553e-07,7.662867898069619e-08,3.9893666214442404e-05
39.64076099998783,569133.8586216,1.3606235000001023,0.9916900000000092,13.299145999999991,1.3708334215273623,1.043363687271743,13.521235456378008,0.2646408800000012,-0.0171313599999994,0.0248361200000011,13.630539252733456,1.0,2534.7,0.0,0.0,0.0,0.0,0.0,14.635218836947105,8.068543955107214e-05,2.2305454642175129e-07,2.2577638938033553e-07,7.662867898069619e-08,3.9893666214442404e-05
39.75157910003327,569133.9694397,1.2256235000001023,1.3016900000000091,13.574145999999992,1.3361199408463296,1.1051184583781484,13.533884104036012,0.2594408800000012,-0.0199313599999994,0.0152361200000011,13.644505203372306,1.0,2586.51,0.0,0.0,0.0,0.0,0.0,15.006925678083528,8.068543955107214e-05,2.2305454642175129e-07,2.2577638938033553e-07,7.662867898069619e-08,3.9893666214442404e-05
39.8538900000276,569134.0717506,1.3606235000001023,1.0266900000000092,13.889145999999991,1.341977693666211,1.086369568866204,13.61881202653983,0.2690408800000012,-0.0167313599999994,0.0264361200000011,13.727823716258966,1.0,2639.78,0.0,0.0,0.0,0.0,0.0,15.401806004388236,8.068543955107214e-05,2.2305454642175129e-07,2.2577638938033553e-07,7.662867898069619e-08,3.9893666214442404e-05
39.96489449997898,569134.1827551,1.4306235000001022,0.7216900000000094,13.819145999999993,1.3631691140131217,0.9991902836255088,13.666703310030114,0.2762408800000012,-0.0175313599999994,0.0248361200000011,13.770816628678164,1.0,2658.85,0.0,0.0,0.0,0.0,0.0,15.546486181478008,8.068543955107214e-05,2.2305454642175129e-07,2.2577638938033553e-07,7.662867898069619e-08,3.9893666214442404e-05
40.07493370003067,569134.2927943,1.4006235000001022,0.6016900000000094,13.779145999999992,1.3721228555392124,0.9041649694375358,13.693583547309627,0.2838408800000012,-0.0199313599999994,0.0152361200000011,13.791826049867366,1.0,2657.38,0.0,0.0,0.0,0.0,0.0,15.535269239348297,8.068543955107214e-05,2.2305454642175129e-07,2.2577638938033553e-07,7.662867898069619e-08,3.9893666214442404e-05
40.18494730000384,569134.4028079,1.2856235000001022,0.7316900000000093,13.049145999999991,1.351444559759919,0.8629335821014623,13.539526096459303,0.2722408800000012,-0.0091313599999994,0.0248361200000011,13.634141838851674,1.0,2581.13,0.0,0.0,0.0,0.0,0.0,14.967776156752207,8.068543955107214e-05,2.2305454642175129e-07,2.2577638938033553e-07,7.662867898069619e-08,3.9893666214442404e-05
40.29492690006737,569134.5127875,1.1956235000001023,0.5666900000000094,13.104145999999991,1.314194409833662,0.7921144138518039,13.435445339384389,0.2798408800000012,-0.0067313599999994,0.0316361200000011,13.522786090856258,1.0,2435.0,0.0,0.0,0.0,0.0,0.0,13.9511088182945,8.068543955107214e-05,2.2305454642175129e-07,2.2577638938033553e-07,7.662867898069619e-08,3.9893666214442404e-05
40.40576440002769,569134.623625,1.1656235000001025,0.7716900000000093,13.474145999999992,1.2786774606195372,0.7872318101825182,13.444697011863052,0.2842408800000012,-0.0135313599999994,0.0260361200000011,13.528289903460044,1.0,2451.61,0.0,0.0,0.0,0.0,0.0,14.062404234161965,8.068543955107214e-05,2.2305454642175129e-07,2.2577638938033553e-07,7.662867898069619e-08,3.9893666214442404e-05
40.51571559999138,569134.7335762,1.2606235000001025,0.7716900000000093,13.609145999999992,1.2743615309186784,0.7835164281904032,13.484009730392655,0.2894408800000012,-0.0203313599999994,0.0224361200000011,13.566739243976553,1.0,2509.78,0.0,0.0,0.0,0.0,0.0,14.460514060437163,8.068543955107214e-05,2.2305454642175129e-07,2.2577638938033553e-07,7.662867898069619e-08,3.9893666214442404e-05
40.62657650001347,569134.8444371,1.4356235000001023,0.7816900000000093,13.774145999999991,1.3129123695212763,0.7830798073380834,13.553368901473746,0.2930408800000012,-0.0203313599999994,0.0292361200000011,13.639309419986713,1.0,2528.84,0.0,0.0,0.0,0.0,0.0,14.593904463703389,8.068543955107214e-05,2.2305454642175129e-07,2.2577638938033553e-07,7.662867898069619e-08,3.9893666214442404e-05
40.73664560006,569134.9545062,1.1506235000001022,0.8116900000000093,12.164145999999992,1.274116042950627,0.7899192805628102,13.221265131671045,0.2490408800000012,-0.0211313599999994,0.0156361200000011,13.305983460182476,1.0,2491.2,0.0,0.0,0.0,0.0,0.0,14.33190758957714,8.068543955107214e-05,2.2305454642175129e-07,2.2577638938033553e-07,7.662867898069619e-08,3.9893666214442404e-05
40.84660190006253,569135.0644625,1.3356235000001022,0.7916900000000093,11.799145999999991,1.288819844864228,0.7903425838352606,12.88129728041012,0.2398408800000012,-0.0139313599999994,0.0184361200000011,12.96971540237643,1.0,2379.77,0.0,0.0,0.0,0.0,0.0,13.588215863754954,8.068543955107214e-05,2.2305454642175129e-07,2.2577638938033553e-07,7.662867898069619e-08,3.9893666214442404e-05
40.95656429999508,569135.1744249,1.0706235000001023,0.7566900000000093,11.439145999999992,1.2366584324590095,0.7822976905762794,12.536540599288676,0.2330408800000012,-0.0131313599999994,0.0176361200000011,12.621654564789289,1.0,2334.31,0.0,0.0,0.0,0.0,0.0,13.297376021372274,8.068543955107214e-05,2.2305454642175129e-07,2.2577638938033553e-07,7.662867898069619e-08,3.9893666214442404e-05
41.06676429999061,569135.2846249,1.0206235000001025,0.6766900000000093,11.149145999999991,1.1850137213024607,0.7570514092751796,12.20487389833026,0.2206408800000012,-0.0135313599999994,0.0168361200000011,12.28561480879585,1.0,2309.38,0.0,0.0,0.0,0.0,0.0,13.140730533680383,8.068543955107214e-05,2.2305454642175129e-07,2.2577638938033553e-07,7.662867898069619e-08,3.9893666214442404e-05
41.17750940006226,569135.39537,1.235623500000102,1.0916900000000094,11.699145999999992,1.1971123544854705,0.8370491816868508,12.083975991052958,0.2250408800000012,-0.0199313599999994,0.0120361200000011,12.171943356513315,1.0,2330.89,0.0,0.0,0.0,0.0,0.0,13.275769860281608,8.068543955107214e-05,2.2305454642175129e-07,2.2577638938033553e-07,7.662867898069619e-08,3.9893666214442404e-05
41.28744610003196,569135.5053067,1.0606235000001023,0.9516900000000094,11.954145999999993,1.164483707878395,0.8644548974252518,12.052939193850436,0.2326408800000012,-0.0347313599999994,0.0100361200000011,12.13987840903906,1.0,2454.06,0.0,0.0,0.0,0.0,0.0,14.078907774610174,8.068543955107214e-05,2.2305454642175129e-07,2.2577638938033553e-07,7.662867898069619e-08,3.9893666214442404e-05
41.39832280005794,569135.6161834,1.0456235000001022,0.6766900000000093,11.579145999999993,1.136069316585221,0.8195683423552277,11.939675508362908,0.2358408800000012,-0.0331313599999994,0.0188361200000011,12.021572151964085,1.0,2434.51,0.0,0.0,0.0,0.0,0.0,13.947841097249412,8.068543955107214e-05,2.2305454642175129e-07,2.2577638938033553e-07,7.662867898069619e-08,3.9893666214442404e-05
41.5091570999939,569135.7270177,1.0806235000001023,0.7516900000000093,11.804145999999992,1.122814593611555,0.8033415342884933,11.907276200376348,0.2390408800000012,-0.0231313599999994,0.0276361200000011,11.98704704021758,1.0,2353.37,0.0,0.0,0.0,0.0,0.0,13.41848340672342,8.068543955107214e-05,2.2305454642175129e-07,2.2577638938033553e-07,7.662867898069619e-08,3.9893666214442404e-05
41.61999540007673,569135.837856,1.130623500000102,1.0466900000000092,12.559145999999991,1.1246813690922368,0.8615157428714091,12.063110384830033,0.2434408800000012,-0.0191313599999994,0.0204361200000011,12.14601785416902,1.0,2463.83,0.0,0.0,0.0,0.0,0.0,14.144945964017893,8.068543955107214e-05,2.2305454642175129e-07,2.2577638938033553e-07,7.662867898069619e-08,3.9893666214442404e-05
41.73073309997562,569135.9485937,1.1956235000001023,1.1116900000000094,12.929145999999992,1.1416405979440971,0.9213217061994388,12.270142454540537,0.2506408800000012,-0.0163313599999994,0.0196361200000011,12.357531015373032,1.0,2525.42,0.0,0.0,0.0,0.0,0.0,14.569859091835816,8.068543955107214e-05,2.2305454642175129e-07,2.2577638938033553e-07,7.662867898069619e-08,3.9893666214442404e-05
41.83392999996431,569136.0517906,1.1056235000001022,0.7766900000000093,12.884145999999992,1.1330304505070914,0.8867464520693263,12.416924437405193,0.2562408800000012,-0.0099313599999994,0.0268361200000011,12.50000359025005,1.0,2519.06,0.0,0.0,0.0,0.0,0.0,14.52527239526131,8.068543955107214e-05,2.2305454642175129e-07,2.2577638938033553e-07,7.662867898069619e-08,3.9893666214442404e-05
41.946386600029655,569136.1642472,0.8356235000001022,0.9016900000000092,12.424145999999991,1.0619331706363693,0.8903188151485286,12.418650804109236,0.2438408800000012,-0.0115313599999994,0.0136361200000011,12.495729568372878,1.0,2501.47,0.0,0.0,0.0,0.0,0.0,14.402822472423013,8.068543955107214e-05,2.2305454642175129e-07,2.2577638938033553e-07,7.662867898069619e-08,3.9893666214442404e-05
42.05743849999271,569136.2752991,0.9206235000001024,0.7816900000000093,12.389145999999991,1.0281520731047225,0.8643503121950049,12.411597467555705,0.2478408800000012,-0.0023313599999994,0.0184361200000011,12.4840678404219,1.0,2517.11,0.0,0.0,0.0,0.0,0.0,14.511635438988582,8.068543955107214e-05,2.2305454642175129e-07,2.2577638938033553e-07,7.662867898069619e-08,3.9893666214442404e-05
42.16921850002837,569136.3870791,0.8556235000001022,0.7766900000000093,10.829145999999993,0.9869078714248184,0.8433944813408231,12.033301013223175,0.2110408800000012,0.0052686400000005,0.0200361200000011,12.103124996160057,1.0,2377.81,0.0,0.0,0.0,0.0,0.0,13.575533684156483,8.068543955107214e-05,2.2305454642175129e-07,2.2577638938033553e-07,7.662867898069619e-08,3.9893666214442404e-05
42.279933599988,569136.4977942,0.6256235000001023,0.5466900000000093,10.309145999999991,0.9005402326580929,0.7724651317986388,11.621129302687592,0.2098408800000012,0.0032686400000005,0.0188361200000011,11.68153762825189,1.0,2128.54,0.0,0.0,0.0,0.0,0.0,12.058656397273799,8.068543955107214e-05,2.2305454642175129e-07,2.2577638938033553e-07,7.662867898069619e-08,3.9893666214442404e-05
42.390756000066176,569136.6086166,0.7906235000001023,0.4066900000000093,10.989145999999993,0.8742638437205154,0.6850239443250249,11.47004912897878,0.2298408800000012,0.0028686400000005,0.0212361200000011,11.523698281971916,1.0,2122.68,0.0,0.0,0.0,0.0,0.0,12.025046043725274,8.068543955107214e-05,2.2305454642175129e-07,2.2577638938033553e-07,7.662867898069619e-08,3.9893666214442404e-05
42.49393890006468,569136.7117995,0.8656235000001022,0.7516900000000093,11.894145999999992,0.8721983071396713,0.7009609465037622,11.571432549507092,0.2426408800000012,0.0040686400000005,0.0252361200000011,11.62540869747352,1.0,2215.05,0.0,0.0,0.0,0.0,0.0,12.56501662997766,8.068543955107214e-05,2.2305454642175129e-07,2.2577638938033553e-07,7.662867898069619e-08,3.9893666214442404e-05
42.60413920006249,569136.8219998,1.0856235000001022,0.8766900000000093,13.884145999999992,0.9232191411934616,0.742970246140309,12.12430340598902,0.2834408800000012,0.0084686400000005,0.0336361200000011,12.182079931185507,1.0,2360.7,0.0,0.0,0.0,0.0,0.0,13.465375790337124,8.068543955107214e-05,2.2305454642175129e-07,2.2577638938033553e-07,7.662867898069619e-08,3.9893666214442404e-05
42.715752899996005,569136.9336135,1.0556235000001022,1.0366900000000094,15.424145999999991,0.9548713596037304,0.8131860750176237,12.913154614865574,0.3102408800000012,0.0012686400000005,0.0208361200000011,12.973920495109338,1.0,2575.76,0.0,0.0,0.0,0.0,0.0,14.928829216881175,8.068543955107214e-05,2.2305454642175129e-07,2.2577638938033553e-07,7.662867898069619e-08,3.9893666214442404e-05
42.82761150004808,569137.0454721,0.9306235000001024,1.2066900000000094,17.209145999999993,0.9490747336083852,0.9072560308038212,13.940142388051244,0.3398408800000012,-0.0063313599999994,0.0168361200000011,14.001836527918284,1.0,2720.92,0.0,0.0,0.0,0.0,0.0,16.030321053565807,8.068543955107214e-05,2.2305454642175129e-07,2.2577638938033553e-07,7.662867898069619e-08,3.9893666214442404e-05
42.938303900067694,569137.1561645,0.8906235000001023,1.1966900000000094,18.944146,0.9351015439853694,0.9764473118984835,15.136385598461567,0.3554408800000012,-0.0099313599999994,0.0172361200000011,15.196645459962284,1.0,2862.66,0.0,0.0,0.0,0.0,0.0,17.2180914532224,8.068543955107214e-05,2.2305454642175129e-07,2.2577638938033553e-07,7.662867898069619e-08,3.9893666214442404e-05
43.04841240006499,569137.266273,1.0756235000001022,1.6066900000000093,20.27414599999999,0.9686943326465948,1.1271113791169711,16.364604335630276,0.3630408800000012,-0.0119313599999994,0.0176361200000011,16.431951309347465,1.0,3011.73,0.0,0.0,0.0,0.0,0.0,18.61695493093614,8.068543955107214e-05,2.2305454642175129e-07,2.2577638938033553e-07,7.662867898069619e-08,3.9893666214442404e-05
43.15847759996541,569137.3763382,1.2006235000001022,1.7866900000000094,19.18414599999999,1.024138675468463,1.2847884129782372,17.03863613776916,0.3402408800000012,-0.0167313599999994,0.0152361200000011,17.117671066123645,1.0,3093.35,0.0,0.0,0.0,0.0,0.0,19.462471183892095,8.068543955107214e-05,2.2305454642175129e-07,2.2577638938033553e-07,7.662867898069619e-08,3.9893666214442404e-05
43.268530900008045,569137.4863915,0.9506235000001022,1.2566900000000092,16.654145999999994,1.006564341727744,1.2780712843837954,16.94672099292837,0.3046408800000012,-0.0207313599999994,0.0172361200000011,17.024628935579283,1.0,2955.52,0.0,0.0,0.0,0.0,0.0,18.06911109534152,8.068543955107214e-05,2.2305454642175129e-07,2.2577638938033553e-07,7.662867898069619e-08,3.9893666214442404e-05
43.37923540000338,569137.597096,0.8006235000001023,0.9466900000000094,14.114145999999993,0.9573326958762856,1.1988521945824635,16.269573479449846,0.2630408800000012,-0.0203313599999994,0.0128361200000011,16.341748794981115,1.0,2737.54,0.0,0.0,0.0,0.0,0.0,16.163393360753563,8.068543955107214e-05,2.2305454642175129e-07,2.2577638938033553e-07,7.662867898069619e-08,3.9893666214442404e-05
43.48993819998577,569137.7077988,0.7306235000001022,0.6466900000000093,12.484145999999992,0.9031362249431136,1.0668538333627973,15.364639696032958,0.2386408800000012,-0.0123313599999994,0.0148361200000011,15.42809078050415,1.0,2531.28,0.0,0.0,0.0,0.0,0.0,14.611089521927314,8.068543955107214e-05,2.2305454642175129e-07,2.2577638938033553e-07,7.662867898069619e-08,3.9893666214442404e-05
43.596642500022426,569137.8145031,0.6056235000001022,0.6166900000000093,11.819145999999993,0.832013658929387,0.9592389171891448,14.51706381673012,0.2250408800000012,-0.0107313599999994,0.0108361200000011,14.57249216461996,1.0,2399.8,0.0,0.0,0.0,0.0,0.0,13.71857865275606,8.068543955107214e-05,2.2305454642175129e-07,2.2577638938033553e-07,7.662867898069619e-08,3.9893666214442404e-05
43.70659870002419,569137.9244593,0.7106235000001022,0.7716900000000093,12.084145999999992,0.8029944645620919,0.914403993754719,13.935457238189638,0.2242408800000012,-0.0087313599999994,0.0092361200000011,13.988491813320117,1.0,2401.27,0.0,0.0,0.0,0.0,0.0,13.728200975744459,8.068543955107214e-05,2.2305454642175129e-07,2.2577638938033553e-07,7.662867898069619e-08,3.9893666214442404e-05
43.816960599971935,569138.0348212,0.8556235000001022,0.9816900000000092,12.684145999999991,0.8155758156552112,0.9304891995955696,13.636322247715167,0.2386408800000012,-0.0095313599999994,0.0104361200000011,13.692343061184866,1.0,2473.61,0.0,0.0,0.0,0.0,0.0,14.211417477287586,8.068543955107214e-05,2.2305454642175129e-07,2.2577638938033553e-07,7.662867898069619e-08,3.9893666214442404e-05
43.92911759996787,569138.1469782,0.7756235000001023,1.0966900000000095,13.564145999999992,0.806024925997883,0.970220701502129,13.619067994325745,0.2546408800000012,-0.0151313599999994,0.0096361200000011,13.677354182188198,1.0,2520.04,0.0,0.0,0.0,0.0,0.0,14.532131760199336,8.068543955107214e-05,2.2305454642175129e-07,2.2577638938033553e-07,7.662867898069619e-08,3.9893666214442404e-05
44.0399652000051,569138.2578258,0.7456235000001022,0.9616900000000094,13.984145999999992,0.7915855287967271,0.9681813756855808,13.706342528763557,0.2678408800000012,-0.0175313599999994,0.0120361200000011,13.763277529041453,1.0,2589.44,0.0,0.0,0.0,0.0,0.0,15.028301990326527,8.068543955107214e-05,2.2305454642175129e-07,2.2577638938033553e-07,7.662867898069619e-08,3.9893666214442404e-05
44.15079390001483,569138.3686545,0.6856235000001023,0.9566900000000094,14.104145999999991,0.7662545403844502,0.9654342793187206,13.801440322140031,0.2730408800000012,-0.0199313599999994,0.0136361200000011,13.856369089120577,1.0,2608.02,0.0,0.0,0.0,0.0,0.0,15.16477154766752,8.068543955107214e-05,2.2305454642175129e-07,2.2577638938033553e-07,7.662867898069619e-08,3.9893666214442404e-05
44.26080000004731,569138.4786606,0.7906235000001023,0.9716900000000092,14.394145999999992,0.7720801162124489,0.9669297545364732,13.943130895907526,0.2794408800000012,-0.0231313599999994,0.0128361200000011,13.997926990682211,1.0,2610.46,0.0,0.0,0.0,0.0,0.0,15.1828121648768,8.068543955107214e-05,2.2305454642175129e-07,2.2577638938033553e-07,7.662867898069619e-08,3.9893666214442404e-05
44.37073770002462,569138.5885983,0.8006235000001023,1.031690000000009,14.819145999999993,0.7789036182931797,0.9824111590173328,14.1525486345329,0.2890408800000012,-0.0251313599999994,0.0136361200000011,14.207971543636024,1.0,2626.59,0.0,0.0,0.0,0.0,0.0,15.3027791037473,8.068543955107214e-05,2.2305454642175129e-07,2.2577638938033553e-07,7.662867898069619e-08,3.9893666214442404e-05
44.48076459998265,569138.6986252,0.8656235000001022,1.0916900000000094,14.939145999999992,0.7996346324458838,1.0085350553420454,14.340590416820945,0.2866408800000012,-0.0231313599999994,0.0124361200000011,14.398232252824556,1.0,2662.27,0.0,0.0,0.0,0.0,0.0,15.572624791167158,8.068543955107214e-05,2.2305454642175129e-07,2.2577638938033553e-07,7.662867898069619e-08,3.9893666214442404e-05
44.58391030004714,569138.8017709,0.7956235000001023,1.1516900000000092,14.899145999999991,0.7986757422598605,1.04275727895812,14.474117163767977,0.2866408800000012,-0.0243313599999994,0.0128361200000011,14.533591894455313,1.0,2692.57,0.0,0.0,0.0,0.0,0.0,15.80681697017339,8.068543955107214e-05,2.2305454642175129e-07,2.2577638938033553e-07,7.662867898069619e-08,3.9893666214442404e-05
44.69492010003887,569138.9127807,0.8206235000001022,1.0666900000000092,14.889145999999991,0.8039225122897227,1.048478568803843,14.573332805075976,0.2874408800000012,-0.0227313599999994,0.0136361200000011,14.63310041524047,1.0,2702.35,0.0,0.0,0.0,0.0,0.0,15.883431730078252,8.068543955107214e-05,2.2305454642175129e-07,2.2577638938033553e-07,7.662867898069619e-08,3.9893666214442404e-05
44.805769499973394,569139.0236301,0.9056235000001024,1.2166900000000094,15.009145999999992,0.8282348680502307,1.0886907265251788,14.677517097467415,0.2894408800000012,-0.0211313599999994,0.0164361200000011,14.741123723825275,1.0,2705.77,0.0,0.0,0.0,0.0,0.0,15.910343852227962,8.068543955107214e-05,2.2305454642175129e-07,2.2577638938033553e-07,7.662867898069619e-08,3.9893666214442404e-05
44.91673479997553,569139.1345954,0.9356235000001024,1.2566900000000092,15.149145999999991,0.8539068962515171,1.1288521664106843,14.790263393481409,0.2902408800000012,-0.0231313599999994,0.0140361200000011,14.857838182240112,1.0,2717.5,0.0,0.0,0.0,0.0,0.0,16.0031277337634,8.068543955107214e-05,2.2305454642175129e-07,2.2577638938033553e-07,7.662867898069619e-08,3.9893666214442404e-05
45.02671860007104,569139.2445792,0.9556235000001022,1.1166900000000095,14.819145999999993,0.8782229851387623,1.1259447126754574,14.79716798920638,0.2842408800000012,-0.0203313599999994,0.0148361200000011,14.865907560873026,1.0,2721.9,0.0,0.0,0.0,0.0,0.0,16.03812513970924,8.068543955107214e-05,2.2305454642175129e-07,2.2577638938033553e-07,7.662867898069619e-08,3.9893666214442404e-05
45.1366938999854,569139.3545545,0.8606235000001022,1.0866900000000093,14.889145999999991,0.8740157010845366,1.1165605900496294,14.819155997099934,0.2858408800000012,-0.0207313599999994,0.0140361200000011,14.886839673462504,1.0,2723.36,0.0,0.0,0.0,0.0,0.0,16.049761452382384,8.068543955107214e-05,2.2305454642175129e-07,2.2577638938033553e-07,7.662867898069619e-08,3.9893666214442404e-05
45.24659260001499,569139.4644532,0.8356235000001022,1.0766900000000097,14.749145999999993,0.8648377680849885,1.1070292374886472,14.802419601568229,0.2850408800000012,-0.0219313599999994,0.0164361200000011,14.868930161872852,1.0,2723.85,0.0,0.0,0.0,0.0,0.0,16.053669427111558,8.068543955107214e-05,2.2305454642175129e-07,2.2577638938033553e-07,7.662867898069619e-08,3.9893666214442404e-05
45.35661640006583,569139.574477,0.8706235000001022,1.0966900000000095,15.019145999999992,0.8662208890931713,1.104557568080362,14.854229612660468,0.2890408800000012,-0.0247313599999994,0.0160361200000011,14.920406275820511,1.0,2704.79,0.0,0.0,0.0,0.0,0.0,15.902625772760937,8.068543955107214e-05,2.2305454642175129e-07,2.2577638938033553e-07,7.662867898069619e-08,3.9893666214442404e-05
45.46743660001084,569139.6852972,0.8506235000001022,1.1116900000000094,15.194145999999993,0.8624922205610066,1.106262627452665,14.93548908047763,0.2906408800000012,-0.0271313599999994,0.0168361200000011,15.001218080692423,1.0,2739.0,0.0,0.0,0.0,0.0,0.0,16.17515710761857,8.068543955107214e-05,2.2305454642175129e-07,2.2577638938033553e-07,7.662867898069619e-08,3.9893666214442404e-05
45.57746230007615,569139.7953229,0.7356235000001022,1.1216900000000094,15.164145999999992,0.8321633364606765,1.1099506523014409,14.990151168818016,0.2942408800000012,-0.0291313599999994,0.0156361200000011,15.054206001417342,1.0,2745.36,0.0,0.0,0.0,0.0,0.0,16.22654282636013,8.068543955107214e-05,2.2305454642175129e-07,2.2577638938033553e-07,7.662867898069619e-08,3.9893666214442404e-05
45.68832880002447,569139.9061894,0.8356235000001022,1.0066900000000094,15.134145999999994,0.8329905135496505,1.085265447454032,15.024574173374669,0.2910408800000012,-0.0295313599999994,0.0168361200000011,15.086732693938025,1.0,2742.42,0.0,0.0,0.0,0.0,0.0,16.202760495298705,8.068543955107214e-05,2.2305454642175129e-07,2.2577638938033553e-07,7.662867898069619e-08,3.9893666214442404e-05
45.7982900000643,569140.0161506,0.8006235000001023,1.0366900000000094,15.029145999999992,0.825252945153926,1.0736531358500263,15.025667101554548,0.2902408800000012,-0.0283313599999994,0.0152361200000011,15.086565060554523,1.0,2734.12,0.0,0.0,0.0,0.0,0.0,16.13588420525192,8.068543955107214e-05,2.2305454642175129e-07,2.2577638938033553e-07,7.662867898069619e-08,3.9893666214442404e-05
45.90917070000432,569140.1270313,0.8656235000001022,0.9516900000000094,15.179145999999992,0.8349038179110759,1.0444969672108682,15.06235734089974,0.2950408800000012,-0.0275313599999994,0.0168361200000011,15.121595384238775,1.0,2729.23,0.0,0.0,0.0,0.0,0.0,16.096664865354818,8.068543955107214e-05,2.2305454642175129e-07,2.2577638938033553e-07,7.662867898069619e-08,3.9893666214442404e-05
46.01992940006312,569140.23779,0.7106235000001022,0.9916900000000092,15.279145999999994,0.8051937101618248,1.0318730802421396,15.11418223585453,0.3002408800000012,-0.0279313599999994,0.0160361200000011,15.170748288177258,1.0,2744.87,0.0,0.0,0.0,0.0,0.0,16.22257568511994,8.068543955107214e-05,2.2305454642175129e-07,2.2577638938033553e-07,7.662867898069619e-08,3.9893666214442404e-05
46.130785100045614,569140.3486457,0.8206235000001022,0.9816900000000092,15.309145999999991,0.8088823128814597,1.0198764524072237,15.160789732015832,0.3034408800000012,-0.0283313599999994,0.0192361200000011,15.216569385793363,1.0,2734.6,0.0,0.0,0.0,0.0,0.0,16.139741172365156,8.068543955107214e-05,2.2305454642175129e-07,2.2577638938033553e-07,7.662867898069619e-08,3.9893666214442404e-05
46.24078710004687,569140.4586477,0.7156235000001022,1.0916900000000094,15.524145999999991,0.7865881199968137,1.0370439997123888,15.247652672621664,0.3058408800000012,-0.0303313599999994,0.0168361200000011,15.303107303837551,1.0,2747.8,0.0,0.0,0.0,0.0,0.0,16.246317988462938,8.068543955107214e-05,2.2305454642175129e-07,2.2577638938033553e-07,7.662867898069619e-08,3.9893666214442404e-05
46.35162880003918,569140.5694894,0.7906235000001023,0.9366900000000092,15.364145999999993,0.7875528067366139,1.0130536511629196,15.275501244033896,0.3062408800000012,-0.0327313599999994,0.0156361200000011,15.32930055090624,1.0,2750.73,0.0,0.0,0.0,0.0,0.0,16.270109460365116,8.068543955107214e-05,2.2305454642175129e-07,2.2577638938033553e-07,7.662867898069619e-08,3.9893666214442404e-05
46.45392920006998,569140.6717898,0.8106235000001023,0.8766900000000093,15.119145999999994,0.7930680226149571,0.9804549353144978,15.23812339349818,0.3022408800000012,-0.0323313599999994,0.0192361200000011,15.290214299484276,1.0,2743.89,0.0,0.0,0.0,0.0,0.0,16.214645508928452,8.068543955107214e-05,2.2305454642175129e-07,2.2577638938033553e-07,7.662867898069619e-08,3.9893666214442404e-05
46.56413030007389,569140.7819909,0.8306235000001022,0.9366900000000092,15.214145999999992,0.8020459307700238,0.9699926113867148,15.23239142437908,0.3022408800000012,-0.0327313599999994,0.0172361200000011,15.284302792299917,1.0,2734.6,0.0,0.0,0.0,0.0,0.0,16.139741172365156,8.068543955107214e-05,2.2305454642175129e-07,2.2577638938033553e-07,7.662867898069619e-08,3.9893666214442404e-05
46.67579690006096,569140.8936575,0.8756235000001023,1.0616900000000091,15.70414599999999,0.8196351801901895,0.9919135345209592,15.345167763452654,0.3118408800000012,-0.0319313599999994,0.0180361200000011,15.399021656490966,1.0,2758.55,0.0,0.0,0.0,0.0,0.0,16.333849909089114,8.068543955107214e-05,2.2305454642175129e-07,2.2577638938033553e-07,7.662867898069619e-08,3.9893666214442404e-05
46.786642299965024,569141.0045029,0.9306235000001024,1.146690000000009,16.044145999999994,0.8461677397771624,1.0289139666386564,15.512263560045955,0.3186408800000012,-0.0319313599999994,0.0192361200000011,15.569360441293448,1.0,2778.59,0.0,0.0,0.0,0.0,0.0,16.49883000214354,8.068543955107214e-05,2.2305454642175129e-07,2.2577638938033553e-07,7.662867898069619e-08,3.9893666214442404e-05
46.900022500078194,569141.1178831,0.8806235000001023,1.1416900000000094,15.754145999999992,0.854404638153454,1.0558738920638475,15.570087304581548,0.3122408800000012,-0.0303313599999994,0.0212361200000011,15.629219290608589,1.0,2784.46,0.0,0.0,0.0,0.0,0.0,16.547608055178053,8.068543955107214e-05,2.2305454642175129e-07,2.2577638938033553e-07,7.662867898069619e-08,3.9893666214442404e-05
47.00988749996759,569141.2277481,0.8956235000001023,1.1216900000000094,15.654145999999994,0.8642583048269062,1.071607708095928,15.590182142928615,0.3098408800000012,-0.0291313599999994,0.0176361200000011,15.65084869095613,1.0,2781.04,0.0,0.0,0.0,0.0,0.0,16.519163570388248,8.068543955107214e-05,2.2305454642175129e-07,2.2577638938033553e-07,7.662867898069619e-08,3.9893666214442404e-05
47.1199942000676,569141.3378548,0.8756235000001023,1.1366900000000093,15.639145999999991,0.866975236830804,1.087166100104738,15.601887306657371,0.3114408800000012,-0.0275313599999994,0.0200361200000011,15.663730836557782,1.0,2780.55,0.0,0.0,0.0,0.0,0.0,16.51509396898152,8.068543955107214e-05,2.2305454642175129e-07,2.2577638938033553e-07,7.662867898069619e-08,3.9893666214442404e-05
47.23079439997673,569141.448655,0.8756235000001023,1.0116900000000093,15.509145999999994,0.869042666613111,1.069122993164739,15.57971682737383,0.3078408800000012,-0.0263313599999994,0.0188361200000011,15.64051903077589,1.0,2774.68,0.0,0.0,0.0,0.0,0.0,16.466453837403403,8.068543955107214e-05,2.2305454642175129e-07,2.2577638938033553e-07,7.662867898069619e-08,3.9893666214442404e-05
47.34163470007479,569141.5594953,0.8256235000001022,1.0566900000000097,15.599145999999994,0.8586630011911153,1.066150796337608,15.584361511438892,0.3098408800000012,-0.0259313599999994,0.0180361200000011,15.644369702527609,1.0,2766.86,0.0,0.0,0.0,0.0,0.0,16.401974532573377,8.068543955107214e-05,2.2305454642175129e-07,2.2577638938033553e-07,7.662867898069619e-08,3.9893666214442404e-05
47.45159660000354,569141.6694572,0.8156235000001023,1.0266900000000092,15.529145999999994,0.8483740975308027,1.0567174079236747,15.571161844574064,0.3070408800000012,-0.0263313599999994,0.0172361200000011,15.630018281482888,1.0,2781.04,0.0,0.0,0.0,0.0,0.0,16.519163570388248,8.068543955107214e-05,2.2305454642175129e-07,2.2577638938033553e-07,7.662867898069619e-08,3.9893666214442404e-05
47.56161520001479,569141.7794758,0.8406235000001022,1.041690000000009,15.539145999999992,0.8465212612037896,1.053124997507378,15.563508225658635,0.3090408800000012,-0.0283313599999994,0.0184361200000011,15.62205040307414,1.0,2777.61,0.0,0.0,0.0,0.0,0.0,16.490706666925682,8.068543955107214e-05,2.2305454642175129e-07,2.2577638938033553e-07,7.662867898069619e-08,3.9893666214442404e-05
47.67163300001994,569141.8894936,0.8856235000001023,1.1166900000000095,15.594145999999991,0.8558689338473982,1.068320670522073,15.57083240693029,0.3082408800000012,-0.0279313599999994,0.0176361200000011,15.630887451827562,1.0,2782.99,0.0,0.0,0.0,0.0,0.0,16.535373261428482,8.068543955107214e-05,2.2305454642175129e-07,2.2577638938033553e-07,7.662867898069619e-08,3.9893666214442404e-05
47.78166680003051,569141.9995274,0.8256235000001022,1.0616900000000091,15.779145999999994,0.8486385444049629,1.066735560836391,15.6206312761299,0.3178408800000012,-0.0267313599999994,0.0192361200000011,15.679994693896116,1.0,2788.37,0.0,0.0,0.0,0.0,0.0,16.5802146980918,8.068543955107214e-05,2.2305454642175129e-07,2.2577638938033553e-07,7.662867898069619e-08,3.9893666214442404e-05
47.89162640005816,569142.109487,0.8756235000001023,0.9466900000000094,15.764145999999991,0.8550894929687947,1.0380378023560577,15.65493950756554,0.3198408800000012,-0.0175313599999994,0.0240361200000011,15.71260104201854,1.0,2786.9,0.0,0.0,0.0,0.0,0.0,16.567945041970816,8.068543955107214e-05,2.2305454642175129e-07,2.2577638938033553e-07,7.662867898069619e-08,3.9893666214442404e-05
48.00251610006672,569142.2203767,0.8556235000001022,1.1766900000000091,15.959145999999992,0.8552171512070876,1.0711836117723412,15.727662267051263,0.3194408800000012,-0.0235313599999994,0.0196361200000011,15.787279407557104,1.0,2789.34,0.0,0.0,0.0,0.0,0.0,16.588318207365052,8.068543955107214e-05,2.2305454642175129e-07,2.2577638938033553e-07,7.662867898069619e-08,3.9893666214442404e-05
48.1124510000227,569142.3303116,0.9056235000001024,1.1116900000000094,16.23914599999999,0.8672671530018976,1.0808669564805442,15.849936148172016,0.3266408800000012,-0.0239313599999994,0.0216361200000011,15.910402307717348,1.0,2799.61,0.0,0.0,0.0,0.0,0.0,16.674468880269934,8.068543955107214e-05,2.2305454642175129e-07,2.2577638938033553e-07,7.662867898069619e-08,3.9893666214442404e-05
48.22245430003386,569142.4403149,0.8706235000001022,1.2166900000000094,16.444145999999993,0.8680695119967625,1.1133364361666611,15.99198630559213,0.3318408800000012,-0.0255313599999994,0.0208361200000011,16.054179788952183,1.0,2818.18,0.0,0.0,0.0,0.0,0.0,16.831911149638653,8.068543955107214e-05,2.2305454642175129e-07,2.2577638938033553e-07,7.662867898069619e-08,3.9893666214442404e-05
48.32579310005531,569142.5436537,0.8956235000001023,1.1366900000000093,16.50414599999999,0.8746564918682431,1.1189192742980762,16.11442178018257,0.3318408800000012,-0.0251313599999994,0.0204361200000011,16.176884546499842,1.0,2821.11,0.0,0.0,0.0,0.0,0.0,16.856951845061587,8.068543955107214e-05,2.2305454642175129e-07,2.2577638938033553e-07,7.662867898069619e-08,3.9893666214442404e-05
48.43577850004658,569142.6536391,0.9006235000001023,1.1616900000000094,16.424145999999993,0.8808640927377215,1.1291439252361946,16.18846359225711,0.3278408800000012,-0.0243313599999994,0.0208361200000011,16.251684252150806,1.0,2828.45,0.0,0.0,0.0,0.0,0.0,16.919923769150152,8.068543955107214e-05,2.2305454642175129e-07,2.2577638938033553e-07,7.662867898069619e-08,3.9893666214442404e-05
48.546552099986,569142.7644127,0.8856235000001023,1.1516900000000092,16.454145999999994,0.8820018634238987,1.134533727272551,16.251976891014326,0.3294408800000012,-0.0255313599999994,0.0192361200000011,16.315386815257117,1.0,2830.4,0.0,0.0,0.0,0.0,0.0,16.936711891766613,8.068543955107214e-05,2.2305454642175129e-07,2.2577638938033553e-07,7.662867898069619e-08,3.9893666214442404e-05
48.65744159999304,569142.8753022,0.9906235000001022,1.1366900000000093,16.52414599999999,0.907968650287855,1.1350491998441248,16.317040882561034,0.3290408800000012,-0.0267313599999994,0.0180361200000011,16.381653363416664,1.0,2833.33,0.0,0.0,0.0,0.0,0.0,16.961983609006563,8.068543955107214e-05,2.2305454642175129e-07,2.2577638938033553e-07,7.662867898069619e-08,3.9893666214442404e-05
48.76747840002645,569142.985339,0.9256235000001024,1.1966900000000094,16.454145999999994,0.9121891696433287,1.1497848783905318,16.34981685127881,0.3278408800000012,-0.0279313599999994,0.0176361200000011,16.41555985698175,1.0,2831.87,0.0,0.0,0.0,0.0,0.0,16.949383886048476,8.068543955107214e-05,2.2305454642175129e-07,2.2577638938033553e-07,7.662867898069619e-08,3.9893666214442404e-05
48.87747239996679,569143.095333,0.7806235000001023,1.1116900000000094,16.27414599999999,0.8807374459359381,1.1406780225287068,16.331727187663837,0.3158408800000012,-0.0303313599999994,0.0132361200000011,16.39518702949228,1.0,2835.78,0.0,0.0,0.0,0.0,0.0,16.983158267569898,8.068543955107214e-05,2.2305454642175129e-07,2.2577638938033553e-07,7.662867898069619e-08,3.9893666214442404e-05
48.98831270006485,569143.2061733,0.8306235000001022,1.1616900000000094,16.419145999999994,0.868757345156341,1.1457010875255669,16.35262528623226,0.3210408800000012,-0.0327313599999994,0.0120361200000011,16.415715764432665,1.0,2842.13,0.0,0.0,0.0,0.0,0.0,17.038223016798415,8.068543955107214e-05,2.2305454642175129e-07,2.2577638938033553e-07,7.662867898069619e-08,3.9893666214442404e-05
49.09917920001317,569143.3170398,0.8506235000001022,1.2766900000000092,16.579145999999994,0.8644223184799044,1.1770149332654904,16.406776699155884,0.3274408800000012,-0.0315313599999994,0.0156361200000011,16.471639619472636,1.0,2843.6,0.0,0.0,0.0,0.0,0.0,17.05100823959855,8.068543955107214e-05,2.2305454642175129e-07,2.2577638938033553e-07,7.662867898069619e-08,3.9893666214442404e-05
49.209994700038806,569143.4278553,0.7806235000001023,1.166690000000009,16.819145999999993,0.8443896055922668,1.1745466833850788,16.505356559317956,0.3374408800000012,-0.0359313599999994,0.0160361200000011,16.568625436882307,1.0,2841.15,0.0,0.0,0.0,0.0,0.0,17.02970748370074,8.068543955107214e-05,2.2305454642175129e-07,2.2577638938033553e-07,7.662867898069619e-08,3.9893666214442404e-05
49.3199948000256,569143.5378554,0.8256235000001022,1.2216900000000095,16.829145999999994,0.839903432491419,1.185816633766844,16.58276076404186,0.3386408800000012,-0.0331313599999994,0.0188361200000011,16.646307501132952,1.0,2848.48,0.0,0.0,0.0,0.0,0.0,17.09355468432916,8.068543955107214e-05,2.2305454642175129e-07,2.2577638938033553e-07,7.662867898069619e-08,3.9893666214442404e-05
49.43084489996545,569143.6487055,0.8456235000001022,1.2066900000000094,16.759145999999994,0.8412708559489104,1.1908065627459534,16.62492692883593,0.3354408800000012,-0.0335313599999994,0.0176361200000011,16.688737289324255,1.0,2852.39,0.0,0.0,0.0,0.0,0.0,17.127758987887923,8.068543955107214e-05,2.2305454642175129e-07,2.2577638938033553e-07,7.662867898069619e-08,3.9893666214442404e-05
49.54177999997046,569143.7596406,0.7656235000001023,1.2866900000000094,16.87914599999999,0.8231868090622988,1.2137281910461577,16.6856998341773,0.3374408800000012,-0.0339313599999994,0.0176361200000011,16.7500254208947,1.0,2862.17,0.0,0.0,0.0,0.0,0.0,17.213765239650378,8.068543955107214e-05,2.2305454642175129e-07,2.2577638938033553e-07,7.662867898069619e-08,3.9893666214442404e-05
49.652541600051336,569143.8704022,0.8306235000001022,1.271690000000009,16.959145999999993,0.8249646037507409,1.2275843801701187,16.75106911538586,0.3410408800000012,-0.0347313599999994,0.0168361200000011,16.816237585034095,1.0,2871.46,0.0,0.0,0.0,0.0,0.0,17.2960674428766,8.068543955107214e-05,2.2305454642175129e-07,2.2577638938033553e-07,7.662867898069619e-08,3.9893666214442404e-05
49.76247950003017,569143.9803401,0.8456235000001022,1.2066900000000094,16.819145999999993,0.8299032621309745,1.2225894276575862,16.76734338641378,0.3414408800000012,-0.0355313599999994,0.0172361200000011,16.83232807935461,1.0,2867.06,0.0,0.0,0.0,0.0,0.0,17.257012796039245,8.068543955107214e-05,2.2305454642175129e-07,2.2577638938033553e-07,7.662867898069619e-08,3.9893666214442404e-05
49.87250890000723,569144.0903695,0.7856235000001023,1.146690000000009,16.779145999999994,0.8193178651338265,1.2044451212081255,16.770164886449052,0.3406408800000012,-0.0351313599999994,0.0164361200000011,16.833312215152972,1.0,2864.61,0.0,0.0,0.0,0.0,0.0,17.23532429652108,8.068543955107214e-05,2.2305454642175129e-07,2.2577638938033553e-07,7.662867898069619e-08,3.9893666214442404e-05
49.97499270003755,569144.1928533,0.8756235000001023,1.1016900000000094,16.889145999999993,0.8327781338785956,1.1798807672203335,16.79860818111665,0.3422408800000012,-0.0331313599999994,0.0188361200000011,16.860571605607028,1.0,2865.1,0.0,0.0,0.0,0.0,0.0,17.23965869772375,8.068543955107214e-05,2.2305454642175129e-07,2.2577638938033553e-07,7.662867898069619e-08,3.9893666214442404e-05
50.08579450007528,569144.3036551,0.8406235000001022,1.2516900000000093,16.849145999999994,0.8346536253218122,1.1970472830382564,16.81068961178624,0.3410408800000012,-0.0331313599999994,0.0188361200000011,16.873910456557187,1.0,2869.99,3.42,0.0,0.0,0.0,0.0,17.283004754348507,0.26407912610194173,2.2305454642175129e-07,2.2577638938033553e-07,7.662867898069619e-08,3.9893666214442404e-05
50.19566940004006,569144.41353,0.8806235000001023,1.1816900000000097,16.889145999999993,0.8456430559321355,1.1933760135929294,16.829445178127145,0.3418408800000012,-0.0319313599999994,0.0184361200000011,16.8928826282388,1.0,2870.48,0.0,0.0,0.0,0.0,0.0,17.28735732119145,8.068543955107214e-05,2.2305454642175129e-07,2.2577638938033553e-07,7.662867898069619e-08,3.9893666214442404e-05
50.30585550004616,569144.5237161,0.8256235000001022,1.0966900000000095,16.784145999999993,0.8408572364731047,1.1702625236214206,16.818616082372223,0.3366408800000012,-0.0307313599999994,0.0196361200000011,16.880237030105697,1.0,2868.04,0.0,0.0,0.0,0.0,0.0,17.265699759304255,8.068543955107214e-05,2.2305454642175129e-07,2.2577638938033553e-07,7.662867898069619e-08,3.9893666214442404e-05
50.415868400014006,569144.633729,0.9356235000001024,1.1116900000000094,16.824145999999992,0.8635117963238277,1.1562603387446146,16.819938049127114,0.3390408800000012,-0.0323313599999994,0.0176361200000011,16.881732925556495,1.0,2868.52,0.0,0.0,0.0,0.0,0.0,17.269957014257965,8.068543955107214e-05,2.2305454642175129e-07,2.2577638938033553e-07,7.662867898069619e-08,3.9893666214442404e-05
50.525852899998426,569144.7437135,0.8706235000001022,1.2516900000000093,16.96914599999999,0.8652119004598198,1.1790734886144376,16.855607287603423,0.3434408800000012,-0.0323313599999994,0.0196361200000011,16.918933268919776,1.0,2871.46,0.0,0.0,0.0,0.0,0.0,17.2960674428766,8.068543955107214e-05,2.2305454642175129e-07,2.2577638938033553e-07,7.662867898069619e-08,3.9893666214442404e-05
50.6375291000586,569144.8553897,0.9056235000001024,1.1716900000000092,17.079145999999994,0.8748725852475866,1.1773084123257112,16.909045831558455,0.3518408800000012,-0.0351313599999994,0.0216361200000011,16.972545126524043,1.0,2869.01,0.0,0.0,0.0,0.0,0.0,17.274304602176773,8.068543955107214e-05,2.2305454642175129e-07,2.2577638938033553e-07,7.662867898069619e-08,3.9893666214442404e-05
50.74834579997696,569144.9662064,1.0206235000001025,1.166690000000009,16.884145999999994,0.9097153942670412,1.1747700041559754,16.903093346957718,0.3442408800000012,-0.0315313599999994,0.0220361200000011,16.968271313165562,1.0,2863.64,0.0,0.0,0.0,0.0,0.0,17.226748806724018,8.068543955107214e-05,2.2305454642175129e-07,2.2577638938033553e-07,7.662867898069619e-08,3.9893666214442404e-05
50.85833059996367,569145.0761912,0.9056235000001024,1.1166900000000095,16.75414599999999,0.9087371973842782,1.1608855596151528,16.867486407729825,0.3386408800000012,-0.0299313599999994,0.0176361200000011,16.931791290096367,1.0,2873.9,0.0,0.0,0.0,0.0,0.0,17.317782821820643,8.068543955107214e-05,2.2305454642175129e-07,2.2577638938033553e-07,7.662867898069619e-08,3.9893666214442404e-05
50.96996430004947,569145.1878249,0.9006235000001023,1.1366900000000093,16.814145999999994,0.9067975594143998,1.1551014363098495,16.854734997951667,0.3398408800000012,-0.0307313599999994,0.0180361200000011,16.918588386538097,1.0,2876.83,0.0,0.0,0.0,0.0,0.0,17.343913852566125,8.068543955107214e-05,2.2305454642175129e-07,2.2577638938033553e-07,7.662867898069619e-08,3.9893666214442404e-05
51.08088909997605,569145.2987497,0.9656235000001022,1.1516900000000092,16.84414599999999,0.920860325447105,1.1542859078170946,16.85220362150052,0.3426408800000012,-0.0311313599999994,0.0176361200000011,16.916770572319145,1.0,2880.74,0.0,0.0,0.0,0.0,0.0,17.378878524058184,8.068543955107214e-05,2.2305454642175129e-07,2.2577638938033553e-07,7.662867898069619e-08,3.9893666214442404e-05
51.1916906000115,569145.4095512,0.9506235000001022,1.0666900000000092,16.68414599999999,0.9279754273215848,1.1333454732946844,16.812028233097987,0.3382408800000012,-0.0299313599999994,0.0184361200000011,16.875719352550103,1.0,2875.86,0.0,0.0,0.0,0.0,0.0,17.33525633092739,8.068543955107214e-05,2.2305454642175129e-07,2.2577638938033553e-07,7.662867898069619e-08,3.9893666214442404e-05
51.30163980007637,569145.5195004,0.8656235000001022,1.041690000000009,16.574145999999992,0.9130697486893358,1.1114345703201358,16.75516076690727,0.3338408800000012,-0.0299313599999994,0.0184361200000011,16.81678909587032,1.0,2876.83,0.0,0.0,0.0,0.0,0.0,17.343913852566125,8.068543955107214e-05,2.2305454642175129e-07,2.2577638938033553e-07,7.662867898069619e-08,3.9893666214442404e-05
51.41257130005397,569145.6304319,0.9156235000001024,1.146690000000009,16.584145999999993,0.9136802413874798,1.119862635456608,16.71427845153399,0.3322408800000012,-0.0299313599999994,0.0196361200000011,16.776650680669462,1.0,2872.92,0.0,0.0,0.0,0.0,0.0,17.309056100446583,8.068543955107214e-05,2.2305454642175129e-07,2.2577638938033553e-07,7.662867898069619e-08,3.9893666214442404e-05
51.522523600026034,569145.7403842,0.8356235000001022,0.9716900000000092,16.09414599999999,0.8950202135073158,1.084440896609275,16.56603130939938,0.3210408800000012,-0.0307313599999994,0.0148361200000011,16.625596728683934,1.0,2870.97,0.0,0.0,0.0,0.0,0.0,17.29171155026802,8.068543955107214e-05,2.2305454642175129e-07,2.2577638938033553e-07,7.662867898069619e-08,3.9893666214442404e-05
51.62503710004967,569145.8428977,0.8356235000001022,1.1416900000000094,16.044145999999994,0.8808210000846818,1.098126708320065,16.44127085629116,0.3210408800000012,-0.0307313599999994,0.0176361200000011,16.501427673739173,1.0,2860.7,0.0,0.0,0.0,0.0,0.0,17.200796436343655,8.068543955107214e-05,2.2305454642175129e-07,2.2577638938033553e-07,7.662867898069619e-08,3.9893666214442404e-05
51.735213799984194,569145.9530744,1.0106235000001025,1.146690000000009,16.154145999999994,0.9118512253321888,1.1097361139984685,16.372631585316576,0.3186408800000012,-0.0287313599999994,0.0192361200000011,16.435511915616082,1.0,2863.15,0.0,0.0,0.0,0.0,0.0,17.22241930848791,8.068543955107214e-05,2.2305454642175129e-07,2.2577638938033553e-07,7.662867898069619e-08,3.9893666214442404e-05
51.8466907000402,569146.0645513,1.0406235000001025,1.1866900000000091,16.244145999999994,0.9426351677923333,1.1281324963320505,16.3419161780168,0.3138408800000012,-0.0275313599999994,0.0176361200000011,16.40790871373212,1.0,2889.54,0.0,0.0,0.0,0.0,0.0,17.457965990059826,8.068543955107214e-05,2.2305454642175129e-07,2.2577638938033553e-07,7.662867898069619e-08,3.9893666214442404e-05
51.95752290007658,569146.1753835,0.9206235000001024,1.3616900000000094,16.509145999999994,0.9373731196028816,1.1839661047123555,16.38189367496501,0.3146408800000012,-0.0299313599999994,0.0156361200000011,16.451349017035668,1.0,2893.45,0.0,0.0,0.0,0.0,0.0,17.49328288326549,8.068543955107214e-05,2.2305454642175129e-07,2.2577638938033553e-07,7.662867898069619e-08,3.9893666214442404e-05
52.069263500045054,569146.2871241,0.8456235000001022,1.2466900000000094,16.78914599999999,0.9154397102733044,1.1989607049738695,16.47925028509687,0.3230408800000012,-0.0331313599999994,0.0140361200000011,16.548148736160247,1.0,2906.65,0.0,0.0,0.0,0.0,0.0,17.61332647105047,8.068543955107214e-05,2.2305454642175129e-07,2.2577638938033553e-07,7.662867898069619e-08,3.9893666214442404e-05
52.18003970000427,569146.3979003,0.9256235000001024,1.271690000000009,16.639145999999993,0.9178742187712278,1.2163471683179812,16.517474510768857,0.3198408800000012,-0.0323313599999994,0.0168361200000011,16.587614588278175,1.0,2915.45,0.0,0.0,0.0,0.0,0.0,17.69406416860951,8.068543955107214e-05,2.2305454642175129e-07,2.2577638938033553e-07,7.662867898069619e-08,3.9893666214442404e-05
52.29001180001069,569146.5078724,0.8156235000001023,1.2566900000000092,16.609145999999992,0.8934304458296052,1.22599141365248,16.539389242468708,0.3198408800000012,-0.0331313599999994,0.0148361200000011,16.608813004600133,1.0,2916.42,0.0,0.0,0.0,0.0,0.0,17.70299878704782,8.068543955107214e-05,2.2305454642175129e-07,2.2577638938033553e-07,7.662867898069619e-08,3.9893666214442404e-05
52.40170849999413,569146.6195691,0.8606235000001022,1.3316900000000094,16.759145999999994,0.8855877084444579,1.251259424244295,16.591923682793823,0.3230408800000012,-0.0339313599999994,0.0156361200000011,16.66258825128205,1.0,2921.31,0.0,0.0,0.0,0.0,0.0,17.748147366241614,8.068543955107214e-05,2.2305454642175129e-07,2.2577638938033553e-07,7.662867898069619e-08,3.9893666214442404e-05
52.5125044999877,569146.7303651,1.0456235000001022,1.4916900000000095,17.204145999999994,0.9238454204520892,1.3087360901555751,16.73827985017763,0.3306408800000012,-0.0331313599999994,0.0196361200000011,16.814764133267776,1.0,2935.0,0.0,0.0,0.0,0.0,0.0,17.87550536109261,8.068543955107214e-05,2.2305454642175129e-07,2.2577638938033553e-07,7.662867898069619e-08,3.9893666214442404e-05
52.61473859997932,569146.8325992,0.8956235000001023,1.4816900000000093,17.374145999999993,0.9170987665038756,1.350081971655599,16.89028824654218,0.3314408800000012,-0.0371313599999994,0.0148361200000011,16.968960738035587,1.0,2942.82,0.0,0.0,0.0,0.0,0.0,17.948899176174752,8.068543955107214e-05,2.2305454642175129e-07,2.2577638938033553e-07,7.662867898069619e-08,3.9893666214442404e-05
52.72503079997841,569146.9428914,0.9156235000001024,1.416690000000009,17.384145999999994,0.9167460933893976,1.3660051019817956,17.008348509942415,0.3314408800000012,-0.0375313599999994,0.0152361200000011,17.087724025570093,1.0,2959.92,0.0,0.0,0.0,0.0,0.0,18.111057127339368,8.068543955107214e-05,2.2305454642175129e-07,2.2577638938033553e-07,7.662867898069619e-08,3.9893666214442404e-05
52.83582799998112,569147.0536886,0.9506235000001022,1.4416900000000092,17.689145999999994,0.924844732156883,1.3840981235712877,17.171098067756702,0.3378408800000012,-0.0379313599999994,0.0148361200000011,17.251599179403335,1.0,2973.12,0.0,0.0,0.0,0.0,0.0,18.23783042668145,8.068543955107214e-05,2.2305454642175129e-07,2.2577638938033553e-07,7.662867898069619e-08,3.9893666214442404e-05
52.94581980002113,569147.1636804,1.0356235000001024,1.6116900000000092,18.099146,0.951327196832496,1.4385056056666845,17.392954629816423,0.3442408800000012,-0.0367313599999994,0.0140361200000011,17.478249127639195,1.0,2995.11,0.0,0.0,0.0,0.0,0.0,18.45220844100761,8.068543955107214e-05,2.2305454642175129e-07,2.2577638938033553e-07,7.662867898069619e-08,3.9893666214442404e-05
53.05581080005504,569147.2736714,0.9656235000001022,1.6516900000000092,18.744146,0.9547448313756406,1.489468875093135,17.71596668733923,0.3530408800000012,-0.0387313599999994,0.0108361200000011,17.804087477032432,1.0,3028.35,0.0,0.0,0.0,0.0,0.0,18.784118188420603,8.068543955107214e-05,2.2305454642175129e-07,2.2577638938033553e-07,7.662867898069619e-08,3.9893666214442404e-05
53.16584440006409,569147.383705,1.0556235000001022,1.8566900000000093,19.244146,0.978860605818547,1.5772557376645662,18.0812889910032,0.3638408800000012,-0.0411313599999994,0.0124361200000011,18.17632843353665,1.0,3075.76,0.0,0.0,0.0,0.0,0.0,19.274885798994013,8.068543955107214e-05,2.2305454642175129e-07,2.2577638938033553e-07,7.662867898069619e-08,3.9893666214442404e-05
53.276908200001344,569147.4947688,0.9956235000001022,1.6816900000000097,19.59414599999999,0.9828678967612692,1.6022215024683075,18.442948387293946,0.3702408800000012,-0.0423313599999994,0.0152361200000011,18.538486676690848,1.0,3111.44,0.0,0.0,0.0,0.0,0.0,19.658652278470164,8.068543955107214e-05,2.2305454642175129e-07,2.2577638938033553e-07,7.662867898069619e-08,3.9893666214442404e-05
53.38847550004721,569147.6063361,1.0456235000001022,1.7566900000000092,19.73914599999999,0.9978700770375586,1.6391483126235509,18.752813789838253,0.3698408800000012,-0.0419313599999994,0.0152361200000011,18.85074473111796,1.0,3130.01,0.0,0.0,0.0,0.0,0.0,19.863596709896754,8.068543955107214e-05,2.2305454642175129e-07,2.2577638938033553e-07,7.662867898069619e-08,3.9893666214442404e-05
53.500003700028174,569147.7178643,0.9856235000001022,1.7516900000000093,20.139146,0.99494244433225,1.6660522159482287,19.084226519001582,0.3806408800000012,-0.0435313599999994,0.0128361200000011,19.18263126587078,1.0,3144.18,0.0,0.0,0.0,0.0,0.0,20.02248302227694,8.068543955107214e-05,2.2305454642175129e-07,2.2577638938033553e-07,7.662867898069619e-08,3.9893666214442404e-05
53.61084530001972,569147.8287059,1.1856235000001023,1.7466900000000094,20.409146,1.0405261280953615,1.6853292607217656,19.400958091636777,0.3810408800000012,-0.0423313599999994,0.0144361200000011,19.501800024965405,1.0,3159.34,0.0,0.0,0.0,0.0,0.0,20.19494039882258,8.068543955107214e-05,2.2305454642175129e-07,2.2577638938033553e-07,7.662867898069619e-08,3.9893666214442404e-05
53.72086850006599,569147.9387291,1.110623500000102,1.8766900000000093,20.644145999999992,1.0572834112053149,1.731075427761711,19.698151141436465,0.3802408800000012,-0.0415313599999994,0.0144361200000011,19.80231372186304,1.0,3197.95,0.0,0.0,0.0,0.0,0.0,20.64620343905998,8.068543955107214e-05,2.2305454642175129e-07,2.2577638938033553e-07,7.662867898069619e-08,3.9893666214442404e-05
53.83168619999197,569148.0495468,1.1156235000001022,1.8066900000000088,20.509146,1.0712300308577978,1.7491516374655085,19.892025320687203,0.3838408800000012,-0.0411313599999994,0.0148361200000011,19.99749325762409,1.0,3215.54,0.0,0.0,0.0,0.0,0.0,20.85779404416498,8.068543955107214e-05,2.2305454642175129e-07,2.2577638938033553e-07,7.662867898069619e-08,3.9893666214442404e-05
53.94175980007276,569148.1596204,1.0756235000001022,1.8066900000000088,20.199145999999992,1.0722803213929764,1.7629065986641117,19.965444737597146,0.3790408800000012,-0.0395313599999994,0.0164361200000011,20.07178637623731,1.0,3206.26,0.0,0.0,0.0,0.0,0.0,20.745681950546402,8.068543955107214e-05,2.2305454642175129e-07,2.2577638938033553e-07,7.662867898069619e-08,3.9893666214442404e-05
54.052687100018375,569148.2705477,1.0156235000001024,1.791690000000009,19.859145999999992,1.0587360989721892,1.7697874786735432,19.94003325651385,0.3738408800000012,-0.0391313599999994,0.0152361200000011,20.04639608802078,1.0,3182.31,0.0,0.0,0.0,0.0,0.0,20.461272384177406,8.068543955107214e-05,2.2305454642175129e-07,2.2577638938033553e-07,7.662867898069619e-08,3.9893666214442404e-05
54.16249220003374,569148.3803528,1.0856235000001022,1.7116900000000093,19.874146,1.0651637264120293,1.755898856723067,19.924282431900323,0.3738408800000012,-0.0387313599999994,0.0160361200000011,20.02984735301888,1.0,3179.86,0.0,0.0,0.0,0.0,0.0,20.432569877437132,8.068543955107214e-05,2.2305454642175129e-07,2.2577638938033553e-07,7.662867898069619e-08,3.9893666214442404e-05
54.27337060007267,569148.4912312,1.0806235000001023,1.6616900000000094,19.91414599999999,1.0688594969636438,1.7333775489953156,19.92185924463292,0.3806408800000012,-0.0407313599999994,0.0176361200000011,20.025671876733032,1.0,3185.73,0.0,0.0,0.0,0.0,0.0,20.501458669530898,8.068543955107214e-05,2.2305454642175129e-07,2.2577638938033553e-07,7.662867898069619e-08,3.9893666214442404e-05
54.384171699988656,569148.6020323,1.0656235000001022,1.6266900000000093,19.674146,1.068085908513927,1.7078731197386685,19.86264160411937,0.3750408800000012,-0.0407313599999994,0.0172361200000011,19.96452277403058,1.0,3175.95,0.0,0.0,0.0,0.0,0.0,20.38691064566109,8.068543955107214e-05,2.2305454642175129e-07,2.2577638938033553e-07,7.662867898069619e-08,3.9893666214442404e-05
54.486602399963886,569148.704463,0.9906235000001022,1.6316900000000092,19.404146,1.049567960200415,1.6896609946479435,19.75303491796089,0.3754408800000012,-0.0419313599999994,0.0176361200000011,19.852932671272928,1.0,3160.31,0.0,0.0,0.0,0.0,0.0,20.206063534521448,8.068543955107214e-05,2.2305454642175129e-07,2.2577638938033553e-07,7.662867898069619e-08,3.9893666214442404e-05
54.598305999999866,569148.8161666,0.9906235000001022,1.5066900000000092,19.194146,1.0354768611976974,1.6459204566661223,19.61942848492637,0.3654408800000012,-0.0387313599999994,0.0152361200000011,19.715558337386447,1.0,3140.76,0.0,0.0,0.0,0.0,0.0,19.983933136023293,8.068543955107214e-05,2.2305454642175129e-07,2.2577638938033553e-07,7.662867898069619e-08,3.9893666214442404e-05
54.708370900014415,569148.9262315,1.0306235000001025,1.4566900000000094,19.394145999999992,1.0343166301446205,1.6006835490729387,19.56557307955176,0.3694408800000012,-0.0395313599999994,0.0160361200000011,19.658170022841567,1.0,3137.83,0.0,0.0,0.0,0.0,0.0,19.95100914425131,8.068543955107214e-05,2.2305454642175129e-07,2.2577638938033553e-07,7.662867898069619e-08,3.9893666214442404e-05
54.81841399997938,569149.0362746,1.0556235000001022,1.7216900000000095,20.209146,1.0394101912961062,1.6296110152705472,19.719423835105133,0.3762408800000012,-0.0419313599999994,0.0176361200000011,19.813926465881863,1.0,3165.69,0.0,0.0,0.0,0.0,0.0,20.267952891212126,8.068543955107214e-05,2.2305454642175129e-07,2.2577638938033553e-07,7.662867898069619e-08,3.9893666214442404e-05
54.92838329996448,569149.1462439,0.9656235000001022,1.8816900000000087,21.374146,1.0217709497354646,1.6898723174905734,20.114997121691964,0.3962408800000012,-0.0467313599999994,0.0188361200000011,20.2116994220877,1.0,3227.27,0.0,0.0,0.0,0.0,0.0,21.001077385778732,8.068543955107214e-05,2.2305454642175129e-07,2.2577638938033553e-07,7.662867898069619e-08,3.9893666214442404e-05
55.03838230005931,569149.2562429,1.0956235000001022,1.8866900000000093,21.574145999999992,1.0394259353582975,1.736923006228769,20.46381720137493,0.4042408800000012,-0.0479313599999994,0.0200361200000011,20.563684549611985,1.0,3262.95,0.0,0.0,0.0,0.0,0.0,21.448124652018894,8.068543955107214e-05,2.2305454642175129e-07,2.2577638938033553e-07,7.662867898069619e-08,3.9893666214442404e-05
55.14832949999254,569149.3661901,1.0106235000001025,1.8066900000000088,21.124146,1.032540505128341,1.753601310059386,20.62167357064442,0.3982408800000012,-0.0483313599999994,0.0188361200000011,20.72184061090103,1.0,3269.79,0.0,0.0,0.0,0.0,0.0,21.535824784688373,8.068543955107214e-05,2.2305454642175129e-07,2.2577638938033553e-07,7.662867898069619e-08,3.9893666214442404e-05
55.25917330000084,569149.4770339,1.0406235000001025,1.7966900000000092,20.924146,1.0344728034408437,1.763901972645613,20.693981789824942,0.3930408800000012,-0.0467313599999994,0.0180361200000011,20.794767766622645,1.0,3262.46,0.0,0.0,0.0,0.0,0.0,21.441867324839404,8.068543955107214e-05,2.2305454642175129e-07,2.2577638938033553e-07,7.662867898069619e-08,3.9893666214442404e-05
55.37002719996963,569149.5878878,1.1656235000001025,1.916690000000009,20.984145999999992,1.065825324834908,1.800427054265909,20.763347640300577,0.3942408800000012,-0.0467313599999994,0.0156361200000011,20.86849602709232,1.0,3265.88,0.0,0.0,0.0,0.0,0.0,21.485611268067984,8.068543955107214e-05,2.2305454642175129e-07,2.2577638938033553e-07,7.662867898069619e-08,3.9893666214442404e-05
55.4808465000242,569149.6987071,1.1456235000001025,1.9766900000000087,21.00414599999999,1.0849016550390986,1.8425639846985444,20.82091222762033,0.3970408800000012,-0.0443313599999994,0.0180361200000011,20.93041900271192,1.0,3259.53,0.0,0.0,0.0,0.0,0.0,21.40452111116117,8.068543955107214e-05,2.2305454642175129e-07,2.2577638938033553e-07,7.662867898069619e-08,3.9893666214442404e-05
55.59089110000059,569149.8087517,1.1006235000001023,1.8766900000000093,20.639146,1.0886600756455138,1.8507220551694084,20.77745969789921,0.3894408800000012,-0.0423313599999994,0.0172361200000011,20.88811107744358,1.0,3263.44,0.0,0.0,0.0,0.0,0.0,21.45438534500372,8.068543955107214e-05,2.2305454642175129e-07,2.2577638938033553e-07,7.662867898069619e-08,3.9893666214442404e-05
55.70089099998586,569149.9187516,1.0656235000001022,1.906690000000009,20.609145999999992,1.083153015830224,1.864101596671808,20.737223092583783,0.3978408800000012,-0.0455313599999994,0.0176361200000011,20.84899318456425,1.0,3223.85,0.0,0.0,0.0,0.0,0.0,20.959118202265397,8.068543955107214e-05,2.2305454642175129e-07,2.2577638938033553e-07,7.662867898069619e-08,3.9893666214442404e-05
55.810932800057344,569150.0287934,1.1506235000001022,2.0016900000000093,20.584146,1.099282322451544,1.896993098372476,20.700628907832304,0.3958408800000012,-0.0475313599999994,0.0164361200000011,20.81641279422345,1.0,3210.17,0.0,0.0,0.0,0.0,0.0,20.792786351255234,8.068543955107214e-05,2.2305454642175129e-07,2.2577638938033553e-07,7.662867898069619e-08,3.9893666214442404e-05
55.92256550001912,569150.1404261,1.1456235000001025,1.906690000000009,20.824145999999992,1.1103605156951524,1.89931121275318,20.730156560954377,0.4042408800000012,-0.0491313599999994,0.0176361200000011,20.84657464907328,1.0,3211.14,0.0,0.0,0.0,0.0,0.0,20.804501879087322,8.068543955107214e-05,2.2305454642175129e-07,2.2577638938033553e-07,7.662867898069619e-08,3.9893666214442404e-05
56.03337019996252,569150.2512308,1.0156235000001024,1.9316900000000088,20.77414599999999,1.0877129477499317,1.9070515957362884,20.740672554120813,0.4034408800000012,-0.0499313599999994,0.0164361200000011,20.856544853900505,1.0,3220.92,0.0,0.0,0.0,0.0,0.0,20.92329125767409,8.068543955107214e-05,2.2305454642175129e-07,2.2577638938033553e-07,7.662867898069619e-08,3.9893666214442404e-05
56.14424060005695,569150.3621012,1.1056235000001022,1.8316900000000087,20.784146,1.0919945946441916,1.8890358618927023,20.75106519539348,0.4054408800000012,-0.0519313599999994,0.0160361200000011,20.86546465875417,1.0,3217.5,0.0,0.0,0.0,0.0,0.0,20.881612570124734,8.068543955107214e-05,2.2305454642175129e-07,2.2577638938033553e-07,7.662867898069619e-08,3.9893666214442404e-05
56.247556300018914,569150.4654169,1.1356235000001025,1.8766900000000093,20.744146,1.102424399627749,1.886084494425554,20.74941111175309,0.4042408800000012,-0.0511313599999994,0.0184361200000011,20.864101125175505,1.0,3225.32,0.0,0.0,0.0,0.0,0.0,20.97713466388968,8.068543955107214e-05,2.2305454642175129e-07,2.2577638938033553e-07,7.662867898069619e-08,3.9893666214442404e-05
56.35758319997694,569150.5754438,1.1206235000001024,1.8216900000000096,20.734145999999992,1.106775026034976,1.870690525372369,20.74576187651929,0.4074408800000012,-0.0511313599999994,0.0196361200000011,20.859316140209724,1.0,3217.01,0.0,0.0,0.0,0.0,0.0,20.875653339336115,8.068543955107214e-05,2.2305454642175129e-07,2.2577638938033553e-07,7.662867898069619e-08,3.9893666214442404e-05
56.46748089999892,569150.6853415,1.1256235000001025,1.7266900000000094,20.599146,1.1112808898903774,1.8362661595783725,20.71071229214133,0.4062408800000012,-0.0499313599999994,0.0192361200000011,20.82163351595889,1.0,3217.01,0.0,0.0,0.0,0.0,0.0,20.875653339336115,8.068543955107214e-05,2.2305454642175129e-07,2.2577638938033553e-07,7.662867898069619e-08,3.9893666214442404e-05
56.57833709998522,569150.7961977,1.0506235000001023,1.8016900000000096,20.674146,1.096780302671737,1.828000478866449,20.70197085586429,0.4046408800000012,-0.0507313599999994,0.0160361200000011,20.811441807335672,1.0,3226.3,0.0,0.0,0.0,0.0,0.0,20.989161229532723,8.068543955107214e-05,2.2305454642175129e-07,2.2577638938033553e-07,7.662867898069619e-08,3.9893666214442404e-05
56.68926770007238,569150.9071283,1.0806235000001023,1.771690000000009,20.764146,1.0929179022826303,1.8145390521284497,20.71683427319897,0.4070408800000012,-0.0503313599999994,0.0164361200000011,20.824846789737023,1.0,3230.21,0.0,0.0,0.0,0.0,0.0,21.03726945609915,8.068543955107214e-05,2.2305454642175129e-07,2.2577638938033553e-07,7.662867898069619e-08,3.9893666214442404e-05
56.800062000053,569151.0179226,1.0606235000001023,1.7866900000000094,20.68414599999999,1.0851976921348023,1.807881535046436,20.70901990536339,0.4074408800000012,-0.0495313599999994,0.0176361200000011,20.816089813327423,1.0,3232.16,0.0,0.0,0.0,0.0,0.0,21.061336907515642,8.068543955107214e-05,2.2305454642175129e-07,2.2577638938033553e-07,7.662867898069619e-08,3.9893666214442404e-05
56.91094760003034,569151.1288082,1.005623500000102,1.7016900000000097,20.609145999999992,1.0661749066920176,1.78249568150728,20.68514432683606,0.4066408800000012,-0.0483313599999994,0.0164361200000011,20.7891610126116,1.0,3227.27,0.0,0.0,0.0,0.0,0.0,21.001077385778732,8.068543955107214e-05,2.2305454642175129e-07,2.2577638938033553e-07,7.662867898069619e-08,3.9893666214442404e-05
57.02086260006763,569151.2387232,1.0856235000001022,1.6966900000000096,20.389146,1.0708242334113818,1.7619832135161289,20.61438378862922,0.4046408800000012,-0.0471313599999994,0.0172361200000011,20.717240848348336,1.0,3216.52,0.0,0.0,0.0,0.0,0.0,20.86969717672976,8.068543955107214e-05,2.2305454642175129e-07,2.2577638938033553e-07,7.662867898069619e-08,3.9893666214442404e-05
57.13087790005375,569151.3487385,1.1456235000001025,1.5866900000000093,20.459146,1.088705538410197,1.72007810457517,20.57727307388005,0.4062408800000012,-0.0463313599999994,0.0184361200000011,20.67772027067377,1.0,3200.39,0.0,0.0,0.0,0.0,0.0,20.67532376531776,8.068543955107214e-05,2.2305454642175129e-07,2.2577638938033553e-07,7.662867898069619e-08,3.9893666214442404e-05
57.24180530000013,569151.4596659,1.0556235000001022,1.531690000000009,20.14914599999999,1.0807970381564975,1.675042567334152,20.47492620424572,0.3934408800000012,-0.0463313599999994,0.0140361200000011,20.571740152679773,1.0,3204.3,0.0,0.0,0.0,0.0,0.0,20.722141575231753,8.068543955107214e-05,2.2305454642175129e-07,2.2577638938033553e-07,7.662867898069619e-08,3.9893666214442404e-05
57.35425750003196,569151.5721181,1.0706235000001023,1.5816900000000094,20.069146,1.0783649803705322,1.652725961770322,20.37792151522256,0.3890408800000012,-0.0479313599999994,0.0132361200000011,20.47325229210468,1.0,3211.14,0.0,0.0,0.0,0.0,0.0,20.804501879087322,8.068543955107214e-05,2.2305454642175129e-07,2.2577638938033553e-07,7.662867898069619e-08,3.9893666214442404e-05
57.45587649999652,569151.6737371,1.0706235000001023,1.5366900000000094,20.189146,1.0765143235665406,1.6249867269105152,20.33279336466777,0.3910408800000012,-0.0463313599999994,0.0156361200000011,20.426011626398264,1.0,3216.52,0.0,0.0,0.0,0.0,0.0,20.86969717672976,8.068543955107214e-05,2.2305454642175129e-07,2.2577638938033553e-07,7.662867898069619e-08,3.9893666214442404e-05
57.56653189996723,569151.7843925,1.0206235000001025,1.5816900000000094,20.21914599999999,1.063153218459433,1.6146363315838594,20.30562514119962,0.3946408800000012,-0.0483313599999994,0.0152361200000011,20.39744487979093,1.0,3217.01,0.0,0.0,0.0,0.0,0.0,20.875653339336115,8.068543955107214e-05,2.2305454642175129e-07,2.2577638938033553e-07,7.662867898069619e-08,3.9893666214442404e-05
57.67774249997456,569151.8956031,1.0806235000001023,1.6166900000000095,20.30914599999999,1.0673296154602423,1.615127275853641,20.30646682792916,0.3958408800000012,-0.0479313599999994,0.0144361200000011,20.398539743301047,1.0,3223.85,0.0,0.0,0.0,0.0,0.0,20.959118202265397,8.068543955107214e-05,2.2305454642175129e-07,2.2577638938033553e-07,7.662867898069619e-08,3.9893666214442404e-05
57.78837770002429,569152.0062383,1.0906235000001023,1.5266900000000092,20.21914599999999,1.0728981868254492,1.5939857062243792,20.285592153241023,0.3918408800000012,-0.0495313599999994,0.0128361200000011,20.376387068334143,1.0,3221.41,0.0,0.0,0.0,0.0,0.0,20.92927507839049,8.068543955107214e-05,2.2305454642175129e-07,2.2577638938033553e-07,7.662867898069619e-08,3.9893666214442404e-05
57.90015990007669,569152.1180205,1.0656235000001022,1.6266900000000093,20.139146,1.0711591203903446,1.6018039038945295,20.25058314243876,0.3866408800000012,-0.0479313599999994,0.0124361200000011,20.34205680890092,1.0,3214.08,0.0,0.0,0.0,0.0,0.0,20.840083494087597,8.068543955107214e-05,2.2305454642175129e-07,2.2577638938033553e-07,7.662867898069619e-08,3.9893666214442404e-05
58.010882499977015,569152.2287431,1.0906235000001023,1.5966900000000095,20.009146,1.0758122209391576,1.6005813882276936,20.19286584949085,0.3850408800000012,-0.0475313599999994,0.0128361200000011,20.28474954074112,1.0,3221.9,0.0,0.0,0.0,0.0,0.0,20.935261994188803,8.068543955107214e-05,2.2305454642175129e-07,2.2577638938033553e-07,7.662867898069619e-08,3.9893666214442404e-05
58.12084300001152,569152.3387036,1.0256235000001022,1.7066900000000094,20.09414599999999,1.0638142446548953,1.6259474183591678,20.1692661563563,0.3826408800000012,-0.0507313599999994,0.0124361200000011,20.26264304182303,1.0,3211.63,0.0,0.0,0.0,0.0,0.0,20.81042454914082,8.068543955107214e-05,2.2305454642175129e-07,2.2577638938033553e-07,7.662867898069619e-08,3.9893666214442404e-05
58.23173910006881,569152.4495997,1.0656235000001022,1.6066900000000093,20.169145999999994,1.0642467602145231,1.6213437933923178,20.169237432111363,0.3882408800000012,-0.0495313599999994,0.0128361200000011,20.26226827025743,1.0,3207.23,0.0,0.0,0.0,0.0,0.0,20.757349800950653,8.068543955107214e-05,2.2305454642175129e-07,2.2577638938033553e-07,7.662867898069619e-08,3.9893666214442404e-05
58.3425433000084,569152.5604039,0.9556235000001022,1.541690000000009,20.169145999999994,1.038279585208122,1.602301978693893,20.169215574604667,0.3898408800000012,-0.0491313599999994,0.0108361200000011,20.25938431993583,1.0,3220.43,0.0,0.0,0.0,0.0,0.0,20.917310529027947,8.068543955107214e-05,2.2305454642175129e-07,2.2577638938033553e-07,7.662867898069619e-08,3.9893666214442404e-05
58.45338329998776,569152.6712439,1.0306235000001025,1.6316900000000092,20.119146,1.036449342734566,1.6093273974747448,20.157246081112305,0.3846408800000012,-0.0483313599999994,0.0108361200000011,20.247931536007208,1.0,3228.25,0.0,0.0,0.0,0.0,0.0,21.013128850829972,8.068543955107214e-05,2.2305454642175129e-07,2.2577638938033553e-07,7.662867898069619e-08,3.9893666214442404e-05
58.56426270003431,569152.7821233,1.0156235000001024,1.6016900000000094,20.14914599999999,1.0314707745911122,1.6075016224388232,20.155309698210573,0.3862408800000012,-0.0491313599999994,0.0112361200000011,20.245604521865,1.0,3220.92,0.0,0.0,0.0,0.0,0.0,20.92329125767409,8.068543955107214e-05,2.2305454642175129e-07,2.2577638938033553e-07,7.662867898069619e-08,3.9893666214442404e-05
58.6664076000452,569152.8842682,1.0256235000001022,1.5866900000000093,20.269145999999992,1.030072941361696,1.6025264537597663,20.18252308846246,0.3894408800000012,-0.0483313599999994,0.0124361200000011,20.272231734958183,1.0,3219.45,0.0,0.0,0.0,0.0,0.0,20.905358335920006,8.068543955107214e-05,2.2305454642175129e-07,2.2577638938033553e-07,7.662867898069619e-08,3.9893666214442404e-05
58.7775457999669,569152.9954064,0.9856235000001022,1.6866900000000091,20.454145999999994,1.0194469813187472,1.6226463574531886,20.24745650756368,0.3926408800000012,-0.0491313599999994,0.0108361200000011,20.337938646154843,1.0,3227.27,0.0,0.0,0.0,0.0,0.0,21.001077385778732,8.068543955107214e-05,2.2305454642175129e-07,2.2577638938033553e-07,7.662867898069619e-08,3.9893666214442404e-05
58.88838460005354,569153.1062452,1.1356235000001025,1.6216900000000094,20.259146,1.0472198173234673,1.6224177332956522,20.25025096517092,0.3866408800000012,-0.0463313599999994,0.0116361200000011,20.34211328253564,1.0,3232.65,0.0,0.0,0.0,0.0,0.0,21.067392491597204,8.068543955107214e-05,2.2305454642175129e-07,2.2577638938033553e-07,7.662867898069619e-08,3.9893666214442404e-05
58.99924180004746,569153.2171024,1.0906235000001023,1.6216900000000094,20.39914599999999,1.057595781198623,1.6222437633944669,20.28584539880657,0.3902408800000012,-0.0475313599999994,0.0124361200000011,20.37806927087459,1.0,3235.58,0.0,0.0,0.0,0.0,0.0,21.103668572413323,8.068543955107214e-05,2.2305454642175129e-07,2.2577638938033553e-07,7.662867898069619e-08,3.9893666214442404e-05
59.10929369996302,569153.3271543,1.1006235000001023,1.7016900000000097,20.30914599999999,1.067881868193606,1.6412359601437054,20.29141557583633,0.3874408800000012,-0.0483313599999994,0.0116361200000011,20.385670782012028,1.0,3237.05,0.0,0.0,0.0,0.0,0.0,21.121911361423603,8.068543955107214e-05,2.2305454642175129e-07,2.2577638938033553e-07,7.662867898069619e-08,3.9893666214442404e-05
59.220896500046365,569153.4387571,1.1356235000001025,1.666690000000009,20.329145999999994,1.0840759946161245,1.647320932241429,20.30043530628255,0.3862408800000012,-0.0475313599999994,0.0124361200000011,20.395993739959493,1.0,3238.51,0.0,0.0,0.0,0.0,0.0,21.140058497356687,8.068543955107214e-05,2.2305454642175129e-07,2.2577638938033553e-07,7.662867898069619e-08,3.9893666214442404e-05
59.33171230007429,569153.5495729,1.0656235000001022,1.7016900000000097,20.299146,1.079664792484527,1.6603182506300964,20.30012708830226,0.3874408800000012,-0.0475313599999994,0.0108361200000011,20.39650687148977,1.0,3238.51,0.0,0.0,0.0,0.0,0.0,21.140058497356687,8.068543955107214e-05,2.2305454642175129e-07,2.2577638938033553e-07,7.662867898069619e-08,3.9893666214442404e-05
59.44181360001676,569153.6596742,1.0956235000001022,1.6966900000000096,20.369146,1.0834798367956155,1.6690131800523316,20.316626557709352,0.3894408800000012,-0.0471313599999994,0.0124361200000011,20.413839625052216,1.0,3243.4,0.0,0.0,0.0,0.0,0.0,21.20104655380262,8.068543955107214e-05,2.2305454642175129e-07,2.2577638938033553e-07,7.662867898069619e-08,3.9893666214442404e-05
59.55271790002007,569153.7705785,1.0656235000001022,1.7566900000000092,20.624146,1.0792111504974229,1.6899729572040376,20.39014130178966,0.3934408800000012,-0.0495313599999994,0.0112361200000011,20.48849842253911,1.0,3249.76,0.0,0.0,0.0,0.0,0.0,21.280850869212102,8.068543955107214e-05,2.2305454642175129e-07,2.2577638938033553e-07,7.662867898069619e-08,3.9893666214442404e-05
59.664257299969904,569153.8821179,1.0156235000001024,1.6516900000000092,20.564146,1.0640100633136065,1.6808211397432358,20.43173838183904,0.3906408800000012,-0.0503313599999994,0.0096361200000011,20.528351381018275,1.0,3251.71,0.0,0.0,0.0,0.0,0.0,21.305429409253467,8.068543955107214e-05,2.2305454642175129e-07,2.2577638938033553e-07,7.662867898069619e-08,3.9893666214442404e-05
59.765721300034784,569153.9835819,1.1056235000001022,1.6566900000000095,20.634146,1.0739580559527793,1.6750524164736584,20.48012538507425,0.3930408800000012,-0.0515313599999994,0.0096361200000011,20.576557590915023,1.0,3252.2,0.0,0.0,0.0,0.0,0.0,21.31161373713923,8.068543955107214e-05,2.2305454642175129e-07,2.2577638938033553e-07,7.662867898069619e-08,3.9893666214442404e-05
59.87672190007288,569154.0945825,1.1406235000001024,1.7266900000000094,20.68414599999999,1.089894911917506,1.6873967538254329,20.52889798683774,0.3918408800000012,-0.0495313599999994,0.0120361200000011,20.626944302970205,1.0,3255.13,0.0,0.0,0.0,0.0,0.0,21.34866231845652,8.068543955107214e-05,2.2305454642175129e-07,2.2577638938033553e-07,7.662867898069619e-08,3.9893666214442404e-05
59.986703300033696,569154.2045639,1.2106235000001022,1.791690000000009,20.824145999999992,1.11875595299497,1.712328807697273,20.59947915714088,0.3934408800000012,-0.0475313599999994,0.0128361200000011,20.70077840018373,1.0,3262.46,0.0,0.0,0.0,0.0,0.0,21.441867324839404,8.068543955107214e-05,2.2305454642175129e-07,2.2577638938033553e-07,7.662867898069619e-08,3.9893666214442404e-05
60.09668169997167,569154.3145423,1.2456235000001024,1.7616900000000095,20.669145999999994,1.1490845565483154,1.7241289572832783,20.616133519172504,0.3882408800000012,-0.0451313599999994,0.0156361200000011,20.71998979873756,1.0,3264.91,0.0,0.0,0.0,0.0,0.0,21.47318765266051,8.068543955107214e-05,2.2305454642175129e-07,2.2577638938033553e-07,7.662867898069619e-08,3.9893666214442404e-05
60.20756110001821,569154.4254217,1.110623500000102,1.7816900000000095,20.61414599999999,1.1398901631527658,1.7378893403432762,20.61565838835725,0.3886408800000012,-0.0459313599999994,0.0144361200000011,20.72015877663045,1.0,3263.44,0.0,0.0,0.0,0.0,0.0,21.45438534500372,8.068543955107214e-05,2.2305454642175129e-07,2.2577638938033553e-07,7.662867898069619e-08,3.9893666214442404e-05
60.3184018000029,569154.5362624,1.1406235000001024,1.6266900000000093,20.599146,1.1400654726234616,1.7113063347734747,20.611710982641384,0.3874408800000012,-0.0451313599999994,0.0156361200000011,20.714027814146707,1.0,3262.95,0.0,0.0,0.0,0.0,0.0,21.448124652018894,8.068543955107214e-05,2.2305454642175129e-07,2.2577638938033553e-07,7.662867898069619e-08,3.9893666214442404e-05
60.43008389999159,569154.6479445,1.2306235000001022,1.7016900000000097,20.974146,1.161714023223782,1.709007480481219,20.698353691630423,0.3914408800000012,-0.0499313599999994,0.0108361200000011,20.801253125327,1.0,3259.04,0.0,0.0,0.0,0.0,0.0,21.39828718206439,8.068543955107214e-05,2.2305454642175129e-07,2.2577638938033553e-07,7.662867898069619e-08,3.9893666214442404e-05
60.54007690004073,569154.7579375,1.2456235000001024,1.791690000000009,21.204145999999994,1.1817731897765549,1.7287733340385174,20.81926699659289,0.3986408800000012,-0.0491313599999994,0.0144361200000011,20.92431894681352,1.0,3237.54,0.0,0.0,0.0,0.0,0.0,21.127998673635908,8.068543955107214e-05,2.2305454642175129e-07,2.2577638938033553e-07,7.662867898069619e-08,3.9893666214442404e-05
60.65006280003581,569154.8679234,1.2156235000001023,1.6516900000000092,21.09414599999999,1.1898653509569566,1.7103460062166165,20.884978807976267,0.4002408800000012,-0.0487313599999994,0.0196361200000011,20.98864938065351,1.0,3226.3,0.0,0.0,0.0,0.0,0.0,20.989161229532723,8.068543955107214e-05,2.2305454642175129e-07,2.2577638938033553e-07,7.662867898069619e-08,3.9893666214442404e-05
60.76004960003775,569154.9779102,1.130623500000102,1.5116900000000093,21.02414599999999,1.1757031585456523,1.6628558529168864,20.918247730519155,0.3982408800000012,-0.0491313599999994,0.0188361200000011,21.017146705011218,1.0,3229.23,0.0,0.0,0.0,0.0,0.0,21.025192866070658,8.068543955107214e-05,2.2305454642175129e-07,2.2577638938033553e-07,7.662867898069619e-08,3.9893666214442404e-05
60.87090059998445,569155.0887612,1.0906235000001023,1.5816900000000094,21.16414599999999,1.1553642515880078,1.6434525694665842,20.97703148811192,0.3970408800000012,-0.0511313599999994,0.0160361200000011,21.07300768649726,1.0,3230.69,0.0,0.0,0.0,0.0,0.0,21.043189115954707,8.068543955107214e-05,2.2305454642175129e-07,2.2577638938033553e-07,7.662867898069619e-08,3.9893666214442404e-05
60.98257019999437,569155.2004308,1.0706235000001023,1.6716900000000092,21.409146,1.1351063627867202,1.6502029312118045,21.08033158360577,0.3990408800000012,-0.0535313599999994,0.0148361200000011,21.175268967448456,1.0,3238.03,0.0,0.0,0.0,0.0,0.0,21.134089182362775,8.068543955107214e-05,2.2305454642175129e-07,2.2577638938033553e-07,7.662867898069619e-08,3.9893666214442404e-05
61.09255130006932,569155.3104119,1.1206235000001024,1.6516900000000092,21.579145999999994,1.1316441298190167,1.650558425747631,21.199576773085955,0.3998408800000012,-0.0559313599999994,0.0116361200000011,21.29382579320414,1.0,3252.2,0.0,0.0,0.0,0.0,0.0,21.31161373713923,8.068543955107214e-05,2.2305454642175129e-07,2.2577638938033553e-07,7.662867898069619e-08,3.9893666214442404e-05
61.20255420007743,569155.4204148,1.1406235000001024,1.8316900000000087,21.61414599999999,1.1337907131242797,1.6938592369966374,21.29868254146645,0.3950408800000012,-0.0575313599999994,0.0120361200000011,21.39599304772026,1.0,3258.55,0.0,0.0,0.0,0.0,0.0,21.392056591931578,8.068543955107214e-05,2.2305454642175129e-07,2.2577638938033553e-07,7.662867898069619e-08,3.9893666214442404e-05
61.30565290001687,569155.5235135,1.0356235000001024,1.6216900000000094,21.299146,1.110323131705215,1.6766066595701217,21.29879333457674,0.3894408800000012,-0.0571313599999994,0.0140361200000011,21.393513616438163,1.0,3260.51,0.0,0.0,0.0,0.0,0.0,21.416998999641486,8.068543955107214e-05,2.2305454642175129e-07,2.2577638938033553e-07,7.662867898069619e-08,3.9893666214442404e-05
61.41591900005005,569155.6337796,1.0606235000001023,1.7316900000000093,21.704145999999994,1.0984420757353168,1.6897747300004928,21.39569581735601,0.3918408800000012,-0.0603313599999994,0.0080361200000011,21.490409794620472,1.0,3271.75,0.0,0.0,0.0,0.0,0.0,21.561077429701715,8.068543955107214e-05,2.2305454642175129e-07,2.2577638938033553e-07,7.662867898069619e-08,3.9893666214442404e-05
61.52671690005809,569155.7445775,1.0356235000001024,1.8316900000000087,22.619146,1.0834248414288787,1.7237006004345383,21.68817042124488,0.4062408800000012,-0.0607313599999994,0.0120361200000011,21.78351875542436,1.0,3299.12,0.0,0.0,0.0,0.0,0.0,21.91954431524432,8.068543955107214e-05,2.2305454642175129e-07,2.2577638938033553e-07,7.662867898069619e-08,3.9893666214442404e-05
61.63703780004289,569155.8548984,1.1156235000001022,1.8816900000000087,23.049146,1.0911221633509038,1.7614691076545794,22.01352146450402,0.4170408800000012,-0.0643313599999994,0.0124361200000011,22.110821971621863,1.0,3332.36,0.0,0.0,0.0,0.0,0.0,22.370186024878127,8.068543955107214e-05,2.2305454642175129e-07,2.2577638938033553e-07,7.662867898069619e-08,3.9893666214442404e-05
61.74771070003044,569155.9655713,1.1856235000001023,1.9916900000000093,23.334146,1.11371339051776,1.816505074995853,22.32922629939184,0.4166408800000012,-0.0651313599999994,0.0108361200000011,22.430657487758943,1.0,3347.02,0.0,0.0,0.0,0.0,0.0,22.574558333832137,8.068543955107214e-05,2.2305454642175129e-07,2.2577638938033553e-07,7.662867898069619e-08,3.9893666214442404e-05
61.85756759997457,569156.0754282,1.0406235000001025,2.136690000000009,23.669145999999994,1.0962407242165997,1.893047594209343,22.64954378288049,0.4222408800000012,-0.0667313599999994,0.0112361200000011,22.754938068296138,1.0,3359.73,0.0,0.0,0.0,0.0,0.0,22.75465648855366,8.068543955107214e-05,2.2305454642175129e-07,2.2577638938033553e-07,7.662867898069619e-08,3.9893666214442404e-05
61.970941100036725,569156.1888017,1.0756235000001022,2.1066900000000093,23.619146,1.091312027836845,1.944120354583168,22.881334196911848,0.4194408800000012,-0.0671313599999994,0.0124361200000011,22.98969378930423,1.0,3371.46,0.0,0.0,0.0,0.0,0.0,22.92333662965968,8.068543955107214e-05,2.2305454642175129e-07,2.2577638938033553e-07,7.662867898069619e-08,3.9893666214442404e-05
62.081805799971335,569156.2996664,0.9906235000001022,2.191690000000009,24.459146,1.0672417079227454,2.0033036666668003,23.25852150593828,0.4346408800000012,-0.0655313599999994,0.0096361200000011,23.36901908694936,1.0,3388.07,0.0,0.0,0.0,0.0,0.0,23.166371168519326,8.068543955107214e-05,2.2305454642175129e-07,2.2577638938033553e-07,7.662867898069619e-08,3.9893666214442404e-05
62.191871399991214,569156.409732,1.0706235000001023,2.286690000000009,24.619146,1.068050149747587,2.0710492167226504,23.583788619865363,0.4334408800000012,-0.0643313599999994,0.0140361200000011,23.69862995295201,1.0,3408.11,0.0,0.0,0.0,0.0,0.0,23.466355635327613,8.068543955107214e-05,2.2305454642175129e-07,2.2577638938033553e-07,7.662867898069619e-08,3.9893666214442404e-05
62.303419500007294,569156.5212801,1.0556235000001022,2.3966900000000093,24.834146,1.0650794693601706,2.1488959982673457,23.88269558368148,0.4202408800000012,-0.0639313599999994,0.0092361200000011,24.0028185142958,1.0,3447.21,0.0,0.0,0.0,0.0,0.0,24.074228874098633,8.068543955107214e-05,2.2305454642175129e-07,2.2577638938033553e-07,7.662867898069619e-08,3.9893666214442404e-05
62.405921500059776,569156.6237821,0.9556235000001022,2.441690000000009,25.234145999999992,1.0389132292173362,2.2188905194114192,24.20576956805409,0.4214408800000012,-0.0627313599999994,0.0100361200000011,24.32944915563668,1.0,3489.74,0.0,0.0,0.0,0.0,0.0,24.772166447150386,8.068543955107214e-05,2.2305454642175129e-07,2.2577638938033553e-07,7.662867898069619e-08,3.9893666214442404e-05
62.51649519999046,569156.7343558,1.1006235000001023,2.3566900000000093,25.59414599999999,1.053665515218928,2.2518324806559225,24.5376709832016,0.4210408800000012,-0.0547313599999994,0.0124361200000011,24.663297788794427,1.0,3537.15,0.0,0.0,0.0,0.0,0.0,25.600346133989063,8.068543955107214e-05,2.2305454642175129e-07,2.2577638938033553e-07,7.662867898069619e-08,3.9893666214442404e-05
62.62670799996704,569156.8445686,1.0406235000001025,2.276690000000009,25.924146,1.0505477272704271,2.257774850216169,24.869117851323,0.4314408800000012,-0.0567313599999994,0.0144361200000011,24.99348356081109,1.0,3578.2,0.0,0.0,0.0,0.0,0.0,26.365191143850552,8.068543955107214e-05,2.2305454642175129e-07,2.2577638938033553e-07,7.662867898069619e-08,3.9893666214442404e-05
62.73757600004319,569156.9554366,1.0956235000001022,2.386690000000009,26.294145999999994,1.0613234163512897,2.2885929480048497,25.2097811241128,0.4322408800000012,-0.0495313599999994,0.0172361200000011,25.33568884797544,1.0,3609.48,0.0,0.0,0.0,0.0,0.0,26.98109208695241,8.068543955107214e-05,2.2305454642175129e-07,2.2577638938033553e-07,7.662867898069619e-08,3.9893666214442404e-05
62.84763520001434,569157.0654958,1.0206235000001025,2.3016900000000096,26.779146,1.0515938073471875,2.291723892892297,25.58494913417452,0.4390408800000012,-0.0451313599999994,0.0196361200000011,25.70889865659753,1.0,3643.21,0.0,0.0,0.0,0.0,0.0,27.6806097188056,8.068543955107214e-05,2.2305454642175129e-07,2.2577638938033553e-07,7.662867898069619e-08,3.9893666214442404e-05
62.958394000073895,569157.1762546,1.0806235000001023,2.241690000000009,27.634146,1.058533565075065,2.2797629293710324,26.074824447550483,0.4442408800000012,-0.0471313599999994,0.0164361200000011,26.195692056006106,1.0,3677.42,0.0,0.0,0.0,0.0,0.0,28.431341881996396,8.068543955107214e-05,2.2305454642175129e-07,2.2577638938033553e-07,7.662867898069619e-08,3.9893666214442404e-05
63.070087900036015,569157.2879485,1.2256235000001023,2.401690000000009,28.549146,1.0984776210115348,2.30891047635858,26.66632888819915,0.4406408800000012,-0.0447313599999994,0.0128361200000011,26.78863223543349,1.0,3726.78,0.0,0.0,0.0,0.0,0.0,29.59697837438599,8.068543955107214e-05,2.2305454642175129e-07,2.2577638938033553e-07,7.662867898069619e-08,3.9893666214442404e-05
63.180256200023,569157.3981168,1.0156235000001024,2.3116900000000093,29.199145999999992,1.078670744877838,2.3095749415632607,27.2718171148599,0.4554408800000012,-0.0567313599999994,0.0124361200000011,27.39068593031065,1.0,3782.99,0.0,0.0,0.0,0.0,0.0,31.062074042549593,8.068543955107214e-05,2.2305454642175129e-07,2.2577638938033553e-07,7.662867898069619e-08,3.9893666214442404e-05
63.290947600035,569157.5088082,1.110623500000102,2.3016900000000096,29.734145999999992,1.0863092818040785,2.307689989324817,27.86045462175789,0.4618408800000012,-0.0619313599999994,0.0108361200000011,27.97696253479985,1.0,3807.92,0.0,0.0,0.0,0.0,0.0,31.76613874705906,8.068543955107214e-05,2.2305454642175129e-07,2.2577638938033553e-07,7.662867898069619e-08,3.9893666214442404e-05
63.402584100025706,569157.6204447,1.0956235000001022,2.296690000000009,30.364145999999995,1.088535912946124,2.305060362417082,28.458980131418468,0.4686408800000012,-0.0639313599999994,0.0124361200000011,28.572920113783105,1.0,3829.91,0.0,0.0,0.0,0.0,0.0,32.41839681553571,8.068543955107214e-05,2.2305454642175129e-07,2.2577638938033553e-07,7.662867898069619e-08,3.9893666214442404e-05
63.5136027999688,569157.7314634,1.1806235000001022,2.3966900000000093,30.554145999999992,1.1105501158362556,2.32696508917811,28.95984466696544,0.4714408800000012,-0.0611313599999994,0.0124361200000011,29.07439924092679,1.0,3845.55,0.0,0.0,0.0,0.0,0.0,32.90153374003477,8.068543955107214e-05,2.2305454642175129e-07,2.2577638938033553e-07,7.662867898069619e-08,3.9893666214442404e-05
63.61622179998085,569157.8340824,0.9856235000001022,2.3766900000000093,30.319146,1.0806855058993858,2.3388521883034823,29.284795469690987,0.4586408800000012,-0.0663313599999994,0.0096361200000011,29.39791415088878,1.0,3852.4,0.0,0.0,0.0,0.0,0.0,33.11846046594689,8.068543955107214e-05,2.2305454642175129e-07,2.2577638938033553e-07,7.662867898069619e-08,3.9893666214442404e-05
63.72598630003631,569157.9438469,0.8706235000001022,2.2716900000000093,31.034146,1.0304686659830111,2.322796582036036,29.702990350588543,0.4774408800000012,-0.0899313599999994,0.0032361200000011,29.81148915100095,1.0,3851.91,0.0,0.0,0.0,0.0,0.0,33.102832344993715,8.068543955107214e-05,2.2305454642175129e-07,2.2577638938033553e-07,7.662867898069619e-08,3.9893666214442404e-05
63.836742200073786,569158.0546028,0.7206235000001022,2.171690000000009,32.66414599999999,0.956397940853944,2.2866734620652025,30.410875998815943,0.4770408800000012,-0.1347313599999994,-0.0119638799999988,30.511718266245555,1.0,3881.72,0.0,0.0,0.0,0.0,0.0,34.086169101395356,8.068543955107214e-05,2.2305454642175129e-07,2.2577638938033553e-07,7.662867898069619e-08,3.9893666214442404e-05
63.946813700022176,569158.1646743,0.9006235000001023,2.326690000000009,35.32914599999999,0.943064657874986,2.296239704522409,31.586623970266736,0.5118408800000013,-0.1239313599999994,-0.0011638799999988,31.684016499941848,1.0,3944.77,0.0,0.0,0.0,0.0,0.0,36.41413884131237,8.068543955107214e-05,2.2305454642175129e-07,2.2577638938033553e-07,7.662867898069619e-08,3.9893666214442404e-05
64.05675510002766,569158.2746157,1.0256235000001022,2.326690000000009,35.57414599999999,0.9628009454579294,2.303519067617409,32.539869915781225,0.5298408800000013,-0.1191313599999994,-0.0023638799999988,32.63550704204572,1.0,3991.2,0.0,0.0,0.0,0.0,0.0,38.39235879292799,8.068543955107214e-05,2.2305454642175129e-07,2.2577638938033553e-07,7.662867898069619e-08,3.9893666214442404e-05
64.16678830003366,569158.3846489,1.005623500000102,2.3366900000000093,34.60914599999999,0.9730379864546984,2.311448818617371,33.03454531135856,0.5298408800000013,-0.1163313599999994,3.612000000116633e-05,33.12960583062184,1.0,3995.6,0.0,0.0,0.0,0.0,0.0,38.5936132918565,8.068543955107214e-05,2.2305454642175129e-07,2.2577638938033553e-07,7.662867898069619e-08,3.9893666214442404e-05
64.27845119999256,569158.4963118,1.0906235000001023,2.056690000000009,32.63414599999999,1.0011476528596996,2.250546882748366,32.93882696364955,0.5110408800000013,-0.1095313599999994,0.0112361200000011,33.03079744171372,1.0,3947.7,0.0,0.0,0.0,0.0,0.0,36.53169572617161,8.068543955107214e-05,2.2305454642175129e-07,2.2577638938033553e-07,7.662867898069619e-08,3.9893666214442404e-05
64.38928680005483,569158.6071474,0.9756235000001022,2.111690000000009,32.23914599999999,0.9950459197420696,2.2173521418793087,32.771563175066234,0.5038408800000013,-0.0999313599999994,0.0104361200000011,32.86155991186129,1.0,3921.31,0.0,0.0,0.0,0.0,0.0,35.50462668019542,8.068543955107214e-05,2.2305454642175129e-07,2.2577638938033553e-07,7.662867898069619e-08,3.9893666214442404e-05
64.50090810004622,569158.7187687,0.9406235000001024,2.1666900000000093,32.65414599999999,0.9820358471763792,2.205240990899473,32.743493751190684,0.5226408800000012,-0.1111313599999994,0.0068361200000011,32.83236003194632,1.0,3940.37,0.0,0.0,0.0,0.0,0.0,36.23930393268307,8.068543955107214e-05,2.2305454642175129e-07,2.2577638938033553e-07,7.662867898069619e-08,3.9893666214442404e-05
64.61339389998466,569158.8312545,1.0206235000001025,2.191690000000009,32.46914599999999,0.9912605043260716,2.202001528637873,32.6779089394872,0.5322408800000012,-0.1063313599999994,0.0164361200000011,32.767012997479306,1.0,3929.62,0.0,0.0,0.0,0.0,0.0,35.820510739785675,8.068543955107214e-05,2.2305454642175129e-07,2.2577638938033553e-07,7.662867898069619e-08,3.9893666214442404e-05
64.72339639998972,569158.941257,1.1556235000001025,2.2266900000000094,32.70914599999999,1.030552665736241,2.2079034860568973,32.685376384447146,0.5410408800000013,-0.0907313599999994,0.0216361200000011,32.776069105272114,1.0,3920.82,0.0,0.0,0.0,0.0,0.0,35.48620825845565,8.068543955107214e-05,2.2305454642175129e-07,2.2577638938033553e-07,7.662867898069619e-08,3.9893666214442404e-05
64.82593559997622,569159.0437962,1.1356235000001025,2.216690000000009,32.94414599999999,1.0556706076578184,2.2100039656853543,32.747237130296014,0.5502408800000013,-0.0987313599999994,0.0180361200000011,32.83869817194426,1.0,3924.73,0.0,0.0,0.0,0.0,0.0,35.63381930346251,8.068543955107214e-05,2.2305454642175129e-07,2.2577638938033553e-07,7.662867898069619e-08,3.9893666214442404e-05
64.93673489999492,569159.1545955,1.0956235000001022,2.221690000000009,33.12414599999999,1.0652216351763817,2.212797596603635,32.83733991824169,0.5514408800000012,-0.0983313599999994,0.0196361200000011,32.92904589024303,1.0,3924.24,0.0,0.0,0.0,0.0,0.0,35.615240241107244,8.068543955107214e-05,2.2305454642175129e-07,2.2577638938033553e-07,7.662867898069619e-08,3.9893666214442404e-05
65.04759440000635,569159.265455,1.1506235000001022,2.276690000000009,33.43414599999999,1.0856375678723154,2.228071537169386,32.980010723180804,0.5466408800000012,-0.0915313599999994,0.0152361200000011,33.07301043153829,1.0,3942.33,0.0,0.0,0.0,0.0,0.0,36.31693474589864,8.068543955107214e-05,2.2305454642175129e-07,2.2577638938033553e-07,7.662867898069619e-08,3.9893666214442404e-05
65.15762920002453,569159.3754898,1.1556235000001025,2.4966900000000094,34.22914599999999,1.10236821049859,2.292286721104246,33.27862553437137,0.5570408800000013,-0.0911313599999994,0.0092361200000011,33.37569042791748,1.0,3962.37,0.0,0.0,0.0,0.0,0.0,37.13436622349995,8.068543955107214e-05,2.2305454642175129e-07,2.2577638938033553e-07,7.662867898069619e-08,3.9893666214442404e-05
65.26844969997182,569159.4863103,1.3106235000001023,2.4966900000000094,34.94914599999999,1.1521531418090616,2.3411508014539884,33.67797551886938,0.5714408800000013,-0.0891313599999994,0.0080361200000011,33.778905828740136,1.0,3977.52,0.0,0.0,0.0,0.0,0.0,37.78268872261866,8.068543955107214e-05,2.2305454642175129e-07,2.2577638938033553e-07,7.662867898069619e-08,3.9893666214442404e-05
65.37840739998501,569159.596268,1.3506235000001023,2.4816900000000093,35.369145999999986,1.1995989146072306,2.3747477120668714,34.082262038740815,0.5878408800000012,-0.0859313599999994,0.0132361200000011,34.18594813559054,1.0,3985.83,0.0,0.0,0.0,0.0,0.0,38.150187290362375,8.068543955107214e-05,2.2305454642175129e-07,2.2577638938033553e-07,7.662867898069619e-08,3.9893666214442404e-05
65.4892603000626,569159.7071209,1.4206235000001022,2.6466900000000093,35.62414599999999,1.252436438340954,2.439757480402505,34.450860537649284,0.5958408800000012,-0.0911313599999994,0.0160361200000011,34.55984382748025,1.0,3993.16,0.0,0.0,0.0,0.0,0.0,38.48169018038204,8.068543955107214e-05,2.2305454642175129e-07,2.2577638938033553e-07,7.662867898069619e-08,3.9893666214442404e-05
65.60026870004367,569159.8181293,1.3006235000001023,2.4766900000000094,35.03914599999999,1.2639559035151469,2.448586465998432,34.591494426969376,0.5914408800000013,-0.0875313599999994,0.0184361200000011,34.701075587055726,1.0,3990.71,0.0,0.0,0.0,0.0,0.0,38.37010521323029,8.068543955107214e-05,2.2305454642175129e-07,2.2577638938033553e-07,7.662867898069619e-08,3.9893666214442404e-05
65.71183459996246,569159.9296952,1.2706235000001025,2.4766900000000094,34.66914599999999,1.265549840618997,2.4553048188104976,34.61005759642708,0.5894408800000013,-0.0915313599999994,0.0132361200000011,34.72011268674635,1.0,3979.47,0.0,0.0,0.0,0.0,0.0,37.868147997081394,8.068543955107214e-05,2.2305454642175129e-07,2.2577638938033553e-07,7.662867898069619e-08,3.9893666214442404e-05
65.82176069996785,569160.0396213,1.255623500000102,2.3516900000000094,34.53914599999999,1.2631768771900298,2.4305349479007377,34.59310566706341,0.5974408800000013,-0.0947313599999994,0.0148361200000011,34.701384347726666,1.0,3969.21,0.0,0.0,0.0,0.0,0.0,37.423700548557186,8.068543955107214e-05,2.2305454642175129e-07,2.2577638938033553e-07,7.662867898069619e-08,3.9893666214442404e-05
65.93175610003527,569160.1496167,1.255623500000102,2.3966900000000093,34.50414599999999,1.2613711878101213,2.422444068622341,34.5718392160419,0.5950408800000012,-0.0927313599999994,0.0160361200000011,34.67955246710796,1.0,3960.9,0.0,0.0,0.0,0.0,0.0,37.072890951471656,8.068543955107214e-05,2.2305454642175129e-07,2.2577638938033553e-07,7.662867898069619e-08,3.9893666214442404e-05
66.04263689997606,569160.2604975,1.2906235000001025,2.4266900000000096,35.14914599999999,1.2683641643464512,2.423459089189128,34.70984857298654,0.6054408800000013,-0.0931313599999994,0.0176361200000011,34.8174595507775,1.0,3972.63,0.0,0.0,0.0,0.0,0.0,37.57043415412594,8.068543955107214e-05,2.2305454642175129e-07,2.2577638938033553e-07,7.662867898069619e-08,3.9893666214442404e-05
66.15344919997733,569160.3713098,1.3506235000001023,2.3916900000000094,35.53914599999999,1.2880288527438726,2.415864458930937,34.90809811343586,0.6106408800000013,-0.0939313599999994,0.0200361200000011,35.015292849077966,1.0,3982.4,0.0,0.0,0.0,0.0,0.0,37.99744669165665,8.068543955107214e-05,2.2305454642175129e-07,2.2577638938033553e-07,7.662867898069619e-08,3.9893666214442404e-05
66.25569680007175,569160.4735574,1.3056235000001022,2.556690000000009,35.80914599999999,1.2922349802673565,2.449529821792382,35.123500119538164,0.6050408800000012,-0.1007313599999994,0.0116361200000011,35.2325180513581,1.0,3992.18,0.0,0.0,0.0,0.0,0.0,38.436960918731344,8.068543955107214e-05,2.2305454642175129e-07,2.2577638938033553e-07,7.662867898069619e-08,3.9893666214442404e-05
66.36679900006857,569160.5846596,1.3256235000001022,2.6466900000000093,36.26914599999999,1.3002167470951371,2.496662386601286,35.39737504296239,0.6094408800000013,-0.1027313599999994,0.0144361200000011,35.50912624374518,1.0,3999.51,0.0,0.0,0.0,0.0,0.0,38.77464123716295,8.068543955107214e-05,2.2305454642175129e-07,2.2577638938033553e-07,7.662867898069619e-08,3.9893666214442404e-05
66.47760280000512,569160.6954634,1.4456235000001023,2.716690000000009,36.43414599999999,1.3349772817388434,2.54926157697807,35.64522262947199,0.6154408800000012,-0.1071313599999994,0.0116361200000011,35.76119118870675,1.0,4011.24,0.0,0.0,0.0,0.0,0.0,39.330490506313275,8.068543955107214e-05,2.2305454642175129e-07,2.2577638938033553e-07,7.662867898069619e-08,3.9893666214442404e-05
66.58925730001647,569160.8071179,1.3956235000001025,2.661690000000009,36.02414599999999,1.3494751982988678,2.576138403640623,35.73580699839162,0.6138408800000013,-0.1095313599999994,0.0144361200000011,35.85394642451276,1.0,4008.8,0.0,0.0,0.0,0.0,0.0,39.21325345254421,8.068543955107214e-05,2.2305454642175129e-07,2.2577638938033553e-07,7.662867898069619e-08,3.9893666214442404e-05
66.69931789999828,569160.9171785,1.3906235000001024,2.5866900000000093,35.68914599999999,1.35931199705986,2.5786608389709587,35.724652349665206,0.6102408800000012,-0.1091313599999994,0.0168361200000011,35.84338162523498,1.0,4002.44,0.0,0.0,0.0,0.0,0.0,38.91167024904064,8.068543955107214e-05,2.2305454642175129e-07,2.2577638938033553e-07,7.662867898069619e-08,3.9893666214442404e-05
66.81009919999633,569161.0279598,1.4056235000001025,2.551690000000009,35.85914599999999,1.3703830963739922,2.5722132650881124,35.756804028307506,0.6218408800000013,-0.1123313599999994,0.0188361200000011,35.87538522762802,1.0,3996.58,0.0,0.0,0.0,0.0,0.0,38.63879112005681,8.068543955107214e-05,2.2305454642175129e-07,2.2577638938033553e-07,7.662867898069619e-08,3.9893666214442404e-05
66.92177949997131,569161.1396401,1.4606235000001022,2.636690000000009,36.30914599999999,1.391955716722358,2.5876268943236327,35.88884536654396,0.6258408800000013,-0.1103313599999994,0.0208361200000011,36.008923552436926,1.0,4001.96,0.0,0.0,0.0,0.0,0.0,38.88914033260383,8.068543955107214e-05,2.2305454642175129e-07,2.2577638938033553e-07,7.662867898069619e-08,3.9893666214442404e-05
67.03259049996268,569161.2504511,1.4356235000001023,2.676690000000009,36.80414599999999,1.4023948157539687,2.608918073092773,36.10765459474706,0.6386408800000013,-0.1167313599999994,0.0184361200000011,36.22893712303636,1.0,4011.73,0.0,0.0,0.0,0.0,0.0,39.35413830979947,8.068543955107214e-05,2.2305454642175129e-07,2.2577638938033553e-07,7.662867898069619e-08,3.9893666214442404e-05
67.14346669998486,569161.3613273,1.4306235000001022,2.6216900000000094,36.48414599999999,1.409143086636032,2.611971294479375,36.19765758480011,0.6306408800000013,-0.1159313599999994,0.0188361200000011,36.31912021109866,1.0,4013.2,0.0,0.0,0.0,0.0,0.0,39.4252926142169,8.068543955107214e-05,2.2305454642175129e-07,2.2577638938033553e-07,7.662867898069619e-08,3.9893666214442404e-05
67.25346440006979,569161.471325,1.3856235000001025,2.576690000000009,36.76414599999999,1.4035205595543754,2.603537046175747,36.33308073254541,0.6394408800000012,-0.1171313599999994,0.0196361200000011,36.45327187824934,1.0,4016.13,0.0,0.0,0.0,0.0,0.0,39.56806883480877,8.068543955107214e-05,2.2305454642175129e-07,2.2577638938033553e-07,7.662867898069619e-08,3.9893666214442404e-05
67.35594829998445,569161.5738089,1.4306235000001022,2.671690000000009,36.74414599999999,1.4099997132490167,2.6198295020978426,36.43134885410589,0.6430408800000013,-0.1175313599999994,0.0180361200000011,36.552630345037926,1.0,4013.68,0.0,0.0,0.0,0.0,0.0,39.4485954734856,8.068543955107214e-05,2.2305454642175129e-07,2.2577638938033553e-07,7.662867898069619e-08,3.9893666214442404e-05
67.46843440004159,569161.686295,1.5356235000001022,2.511690000000009,36.34914599999999,1.4400309869291923,2.5939779729636925,36.411697668030456,0.6410408800000013,-0.1135313599999994,0.0220361200000011,36.53237109791249,1.0,4010.26,0.0,0.0,0.0,0.0,0.0,39.283299814235576,8.068543955107214e-05,2.2305454642175129e-07,2.2577638938033553e-07,7.662867898069619e-08,3.9893666214442404e-05
67.57855870004278,569161.7964193,1.5306235000001025,2.4616900000000093,36.17914599999999,1.461687781583839,2.562353577429908,36.356104511925054,0.6402408800000012,-0.1107313599999994,0.0216361200000011,36.47558803238978,1.0,4007.82,0.0,0.0,0.0,0.0,0.0,39.16640829076565,8.068543955107214e-05,2.2305454642175129e-07,2.2577638938033553e-07,7.662867898069619e-08,3.9893666214442404e-05
67.68943719996605,569161.9072978,1.4906235000001022,2.486690000000009,36.34914599999999,1.4686050740916117,2.544265652681064,36.354441029383786,0.6422408800000012,-0.1087313599999994,0.0224361200000011,36.472941629843945,1.0,4007.33,0.0,0.0,0.0,0.0,0.0,39.143037340019966,8.068543955107214e-05,2.2305454642175129e-07,2.2577638938033553e-07,7.662867898069619e-08,3.9893666214442404e-05
67.80007140000816,569162.017932,1.5156235000001024,2.596690000000009,36.34914599999999,1.4798451684478402,2.556798071600733,36.35317521436036,0.6370408800000013,-0.1051313599999994,0.0208361200000011,36.47301065538056,1.0,4010.26,0.0,0.0,0.0,0.0,0.0,39.283299814235576,8.068543955107214e-05,2.2305454642175129e-07,2.2577638938033553e-07,7.662867898069619e-08,3.9893666214442404e-05
67.91107300005388,569162.1289336,1.4606235000001022,2.5616900000000093,36.17914599999999,1.4752500897555587,2.5579675224219667,36.31157227354822,0.6282408800000012,-0.1075313599999994,0.0172361200000011,36.4314402906364,1.0,4017.6,0.0,0.0,0.0,0.0,0.0,39.64018291848825,8.068543955107214e-05,2.2305454642175129e-07,2.2577638938033553e-07,7.662867898069619e-08,3.9893666214442404e-05
68.02093440003227,569162.238795,1.5156235000001024,2.566690000000009,36.08914599999999,1.4849016451163146,2.56005269369478,36.25839966613571,0.6250408800000012,-0.1079313599999994,0.0204361200000011,36.37898224303964,1.0,4016.62,0.0,0.0,0.0,0.0,0.0,39.59207084068461,8.068543955107214e-05,2.2305454642175129e-07,2.2577638938033553e-07,7.662867898069619e-08,3.9893666214442404e-05
68.13180910004303,569162.3496697,1.5706235000001023,2.6016900000000094,36.33414599999999,1.505394073747591,2.570006392538736,36.27650737440799,0.6274408800000012,-0.1111313599999994,0.0192361200000011,36.39857320638326,1.0,4019.55,0.0,0.0,0.0,0.0,0.0,39.73634729215624,8.068543955107214e-05,2.2305454642175129e-07,2.2577638938033553e-07,7.662867898069619e-08,3.9893666214442404e-05
68.24177099997178,569162.4596316,1.5356235000001022,2.661690000000009,36.58414599999999,1.5126206364588604,2.59192402118904,36.35005061011742,0.6354408800000012,-0.1155313599999994,0.0188361200000011,36.47372027473419,1.0,4023.46,0.0,0.0,0.0,0.0,0.0,39.93091906650706,8.068543955107214e-05,2.2305454642175129e-07,2.2577638938033553e-07,7.662867898069619e-08,3.9893666214442404e-05
68.35183409997262,569162.5696947,1.6156235000001022,2.776690000000009,36.49414599999999,1.5372442150409802,2.6360936631013017,36.38449765395785,0.6326408800000013,-0.1107313599999994,0.0224361200000011,36.51224149662938,1.0,4027.37,0.0,0.0,0.0,0.0,0.0,40.12786648649927,8.068543955107214e-05,2.2305454642175129e-07,2.2577638938033553e-07,7.662867898069619e-08,3.9893666214442404e-05
68.46347319998313,569162.6813338,1.6056235000001022,2.721690000000009,36.05914599999999,1.553590777055792,2.656556085751552,36.30671999086554,0.6270408800000012,-0.1091313599999994,0.0244361200000011,36.436916047250925,1.0,4021.99,0.0,0.0,0.0,0.0,0.0,39.85749199813561,8.068543955107214e-05,2.2305454642175129e-07,2.2577638938033553e-07,7.662867898069619e-08,3.9893666214442404e-05
68.56571940006688,569162.78358,1.6206235000001024,2.6066900000000093,35.79414599999999,1.5696154336939232,2.644635237739456,36.18418547571417,0.6246408800000013,-0.1031313599999994,0.0280361200000011,36.31463983975702,1.0,4013.69,0.0,0.0,0.0,0.0,0.0,39.44908131111427,8.068543955107214e-05,2.2305454642175129e-07,2.2577638938033553e-07,7.662867898069619e-08,3.9893666214442404e-05
68.6776643000776,569162.8955249,1.6606235000001024,2.651690000000009,35.66414599999999,1.5913715693512556,2.6463217296186965,36.05986628248198,0.6258408800000013,-0.1023313599999994,0.0276361200000011,36.191842153707405,1.0,4010.26,0.0,0.0,0.0,0.0,0.0,39.283299814235576,8.068543955107214e-05,2.2305454642175129e-07,2.2577638938033553e-07,7.662867898069619e-08,3.9893666214442404e-05
68.78932630002964,569163.0071869,1.6556235000001025,2.6266900000000093,35.52914599999999,1.6067314575037954,2.641628622841377,35.93299376523795,0.6302408800000012,-0.0979313599999994,0.0284361200000011,36.065770873366574,1.0,4000.49,0.0,0.0,0.0,0.0,0.0,38.820341392652786,8.068543955107214e-05,2.2305454642175129e-07,2.2577638938033553e-07,7.662867898069619e-08,3.9893666214442404e-05
68.90013139997609,569163.117992,1.5456235000001022,2.656690000000009,35.47414599999999,1.5921231588424425,2.6452291538486734,35.823302892420195,0.6274408800000012,-0.1019313599999994,0.0240361200000011,35.95609994912372,1.0,3994.62,0.0,0.0,0.0,0.0,0.0,38.54856478324083,8.068543955107214e-05,2.2305454642175129e-07,2.2577638938033553e-07,7.662867898069619e-08,3.9893666214442404e-05
69.01182430004701,569163.2296849,1.6056235000001022,2.716690000000009,35.56414599999999,1.5953505129173895,2.662312385326482,35.761349565238646,0.6290408800000012,-0.1007313599999994,0.0260361200000011,35.8957821090908,1.0,3996.58,0.0,0.0,0.0,0.0,0.0,38.63879112005681,8.068543955107214e-05,2.2305454642175129e-07,2.2577638938033553e-07,7.662867898069619e-08,3.9893666214442404e-05
69.12262080004439,569163.3404814,1.6256235000001025,2.6066900000000093,35.47414599999999,1.602587489159785,2.649015452319732,35.692691478321606,0.6274408800000012,-0.1023313599999994,0.0260361200000011,35.82671900263394,1.0,3997.56,0.0,0.0,0.0,0.0,0.0,38.68409890325235,8.068543955107214e-05,2.2305454642175129e-07,2.2577638938033553e-07,7.662867898069619e-08,3.9893666214442404e-05
69.2334722999949,569163.4513329,1.5206235000001025,2.6866900000000093,35.02414599999999,1.5829934054752148,2.658021825088967,35.53287085241656,0.6142408800000012,-0.1019313599999994,0.0224361200000011,35.66729397023191,1.0,3991.2,0.0,0.0,0.0,0.0,0.0,38.39235879292799,8.068543955107214e-05,2.2305454642175129e-07,2.2577638938033553e-07,7.662867898069619e-08,3.9893666214442404e-05
69.33565610006917,569163.5535167,1.5706235000001023,2.5416900000000093,34.63914599999999,1.580036290216008,2.6302118619656367,35.31921947052598,0.6114408800000013,-0.0983313599999994,0.0252361200000011,35.45224665834883,1.0,3984.36,0.0,0.0,0.0,0.0,0.0,38.08454368029377,8.068543955107214e-05,2.2305454642175129e-07,2.2577638938033553e-07,7.662867898069619e-08,3.9893666214442404e-05
69.4459927000571,569163.6638533,1.6206235000001024,2.551690000000009,34.54414599999999,1.589738955901098,2.611440643651392,35.133932558567736,0.6138408800000013,-0.0983313599999994,0.0316361200000011,35.26669972102876,1.0,3972.63,0.0,0.0,0.0,0.0,0.0,37.57043415412594,8.068543955107214e-05,2.2305454642175129e-07,2.2577638938033553e-07,7.662867898069619e-08,3.9893666214442404e-05
69.557605399983,569163.775466,1.5306235000001025,2.591690000000009,34.45914599999999,1.5756069791409255,2.606719109615568,34.97261995734672,0.6098408800000013,-0.0987313599999994,0.0280361200000011,35.105009166074275,1.0,3969.21,0.0,0.0,0.0,0.0,0.0,37.423700548557186,8.068543955107214e-05,2.2305454642175129e-07,2.2577638938033553e-07,7.662867898069619e-08,3.9893666214442404e-05
69.67094179999549,569163.8888024,1.4206235000001022,2.431690000000009,34.50914599999999,1.5385570589119957,2.564877136619822,34.86182315988755,0.6166408800000013,-0.1019313599999994,0.0260361200000011,34.989890919817896,1.0,3967.74,0.0,0.0,0.0,0.0,0.0,37.361057755814045,8.068543955107214e-05,2.2305454642175129e-07,2.2577638938033553e-07,7.662867898069619e-08,3.9893666214442404e-05
69.78263580007479,569164.0004964,1.5306235000001025,2.3966900000000093,34.23414599999999,1.5366604843451666,2.5246707866924583,34.71177240072099,0.6166408800000013,-0.0951313599999994,0.0308361200000011,34.83737118705689,1.0,3956.5,0.0,0.0,0.0,0.0,0.0,36.89034715202499,8.068543955107214e-05,2.2305454642175129e-07,2.2577638938033553e-07,7.662867898069619e-08,3.9893666214442404e-05
69.89273119997233,569164.1105918,1.5006235000001025,2.4966900000000094,34.18414599999999,1.5280455829203337,2.5179817775113182,34.585639498260925,0.6106408800000013,-0.0955313599999994,0.0276361200000011,34.710828498309105,1.0,3947.7,0.0,0.0,0.0,0.0,0.0,36.53169572617161,8.068543955107214e-05,2.2305454642175129e-07,2.2577638938033553e-07,7.662867898069619e-08,3.9893666214442404e-05
70.00261640001554,569164.220477,1.5556235000001022,2.536690000000009,34.89914599999999,1.5346382832103886,2.522454113238156,34.66058549215057,0.6270408800000012,-0.0991313599999994,0.0248361200000011,34.78611901423275,1.0,3963.34,0.0,0.0,0.0,0.0,0.0,37.17506711378477,8.068543955107214e-05,2.2305454642175129e-07,2.2577638938033553e-07,7.662867898069619e-08,3.9893666214442404e-05
70.1126439999789,569164.3305046,1.6356235000001025,2.491690000000009,35.31914599999999,1.5587795287618609,2.5150997297406,34.81801913873669,0.6374408800000012,-0.1031313599999994,0.0264361200000011,34.9435255378627,1.0,3972.63,0.0,0.0,0.0,0.0,0.0,37.57043415412594,8.068543955107214e-05,2.2305454642175129e-07,2.2577638938033553e-07,7.662867898069619e-08,3.9893666214442404e-05
70.22345260006841,569164.4413132,1.5456235000001022,2.441690000000009,35.17914599999999,1.5556344850523325,2.4975506035628032,34.90434912356153,0.6350408800000013,-0.1063313599999994,0.0284361200000011,35.02815075632614,1.0,3975.56,0.0,0.0,0.0,0.0,0.0,37.69726333097263,8.068543955107214e-05,2.2305454642175129e-07,2.2577638938033553e-07,7.662867898069619e-08,3.9893666214442404e-05
70.33342420007102,569164.5512848,1.5706235000001023,2.506690000000009,35.88914599999999,1.5592177173504052,2.499735442300559,35.139771930663386,0.6418408800000013,-0.1135313599999994,0.0252361200000011,35.2630601126821,1.0,3979.96,0.0,0.0,0.0,0.0,0.0,37.88969656004604,8.068543955107214e-05,2.2305454642175129e-07,2.2577638938033553e-07,7.662867898069619e-08,3.9893666214442404e-05
70.43586600001436,569164.6537266,1.6256235000001025,2.5216900000000093,36.34914599999999,1.5750924993823363,2.50498383790979,35.42888153798575,0.6514408800000012,-0.1143313599999994,0.0248361200000011,35.552236321255904,1.0,3994.14,0.0,0.0,0.0,0.0,0.0,38.52654719832614,8.068543955107214e-05,2.2305454642175129e-07,2.2577638938033553e-07,7.662867898069619e-08,3.9893666214442404e-05
70.54624830000103,569164.7641089,1.6806235000001022,2.4566900000000094,36.07414599999999,1.6003204473948776,2.493438847101573,35.58313666876952,0.6534408800000012,-0.1135313599999994,0.0312361200000011,35.70627225022118,1.0,3997.07,0.0,0.0,0.0,0.0,0.0,38.66142872739665,8.068543955107214e-05,2.2305454642175129e-07,2.2577638938033553e-07,7.662867898069619e-08,3.9893666214442404e-05
70.65713970002253,569164.8750003,1.5706235000001023,2.4366900000000093,35.52414599999999,1.5932211776009697,2.479872625270366,35.56903452327454,0.6418408800000013,-0.1075313599999994,0.0300361200000011,35.69095598153988,1.0,3998.05,0.0,0.0,0.0,0.0,0.0,38.706801727733996,8.068543955107214e-05,2.2305454642175129e-07,2.2577638938033553e-07,7.662867898069619e-08,3.9893666214442404e-05
70.76848660001997,569164.9863472,1.5756235000001022,2.486690000000009,35.72414599999999,1.5890143256517102,2.481502367945548,35.60611504225068,0.6462408800000012,-0.1115313599999994,0.0268361200000011,35.72783577172336,1.0,3992.18,0.0,0.0,0.0,0.0,0.0,38.436960918731344,8.068543955107214e-05,2.2305454642175129e-07,2.2577638938033553e-07,7.662867898069619e-08,3.9893666214442404e-05
70.87866130005568,569165.0965219,1.6206235000001024,2.3916900000000094,35.76414599999999,1.5965707271120628,2.460032072618586,35.64389348425476,0.6474408800000012,-0.1099313599999994,0.0288361200000011,35.76433892303732,1.0,3995.11,0.0,0.0,0.0,0.0,0.0,38.57107291214399,8.068543955107214e-05,2.2305454642175129e-07,2.2577638938033553e-07,7.662867898069619e-08,3.9893666214442404e-05
70.98933780007064,569165.2071984,1.6806235000001022,2.471690000000009,35.674145999999986,1.6166641496354572,2.462818984371444,35.65112556667605,0.6394408800000012,-0.1099313599999994,0.0264361200000011,35.772640865518994,1.0,3997.07,0.0,0.0,0.0,0.0,0.0,38.66142872739665,8.068543955107214e-05,2.2305454642175129e-07,2.2577638938033553e-07,7.662867898069619e-08,3.9893666214442404e-05
71.09930650005117,569165.3171671,1.5756235000001022,2.556690000000009,35.40414599999999,1.6068530858784502,2.485259528745124,35.5920833171779,0.6306408800000013,-0.1135313599999994,0.0268361200000011,35.714911264368965,1.0,3999.51,0.0,0.0,0.0,0.0,0.0,38.77464123716295,8.068543955107214e-05,2.2305454642175129e-07,2.2577638938033553e-07,7.662867898069619e-08,3.9893666214442404e-05
71.21010570006911,569165.4279663,1.6506235000001022,2.576690000000009,35.33414599999999,1.6173167195546625,2.507116643356734,35.53042153826776,0.6286408800000013,-0.1143313599999994,0.0296361200000011,35.65546524618279,1.0,4003.42,0.0,0.0,0.0,0.0,0.0,38.95776861497337,8.068543955107214e-05,2.2305454642175129e-07,2.2577638938033553e-07,7.662867898069619e-08,3.9893666214442404e-05
71.32014620001428,569165.5380068,1.6706235000001022,2.5616900000000093,35.50914599999999,1.6300600904875735,2.5201627984789914,35.52533546715864,0.6318408800000013,-0.1155313599999994,0.0292361200000011,35.65189723540106,1.0,4002.44,0.0,0.0,0.0,0.0,0.0,38.91167024904064,8.068543955107214e-05,2.2305454642175129e-07,2.2577638938033553e-07,7.662867898069619e-08,3.9893666214442404e-05
71.4309796000598,569165.6488402,1.7156235000001023,2.681690000000009,35.174145999999986,1.6505146416083032,2.55877704281221,35.441381088178375,0.6214408800000012,-0.1127313599999994,0.0316361200000011,35.57194163908507,1.0,4003.91,0.0,0.0,0.0,0.0,0.0,38.9808681987862,8.068543955107214e-05,2.2305454642175129e-07,2.2577638938033553e-07,7.662867898069619e-08,3.9893666214442404e-05
71.54349559999537,569165.7613562,1.6856235000001023,2.721690000000009,35.39414599999999,1.658907667819587,2.597722562047732,35.43008919914144,0.6270408800000012,-0.1079313599999994,0.0316361200000011,35.56390526670042,1.0,4004.4,0.0,0.0,0.0,0.0,0.0,39.0040014947731,8.068543955107214e-05,2.2305454642175129e-07,2.2577638938033553e-07,7.662867898069619e-08,3.9893666214442404e-05
71.65348400000948,569165.8713446,1.5606235000001023,2.6416900000000094,34.799145999999986,1.6354121275357745,2.6082332956938785,35.27925766969864,0.6130408800000012,-0.1027313599999994,0.0340361200000011,35.413323417559205,1.0,4006.84,0.0,0.0,0.0,0.0,0.0,39.11970069440554,8.068543955107214e-05,2.2305454642175129e-07,2.2577638938033553e-07,7.662867898069619e-08,3.9893666214442404e-05
71.76350210001692,569165.9813627,1.6356235000001025,2.616690000000009,35.01914599999999,1.6354626576502442,2.6102549319461987,35.21707609611174,0.6254408800000012,-0.1055313599999994,0.0344361200000011,35.35152921266126,1.0,4000.0,0.0,0.0,0.0,0.0,0.0,38.79747478907268,8.068543955107214e-05,2.2305454642175129e-07,2.2577638938033553e-07,7.662867898069619e-08,3.9893666214442404e-05
71.8735448999796,569166.0914055,1.7306235000001022,2.551690000000009,35.299145999999986,1.6582115444188557,2.596254561914193,35.23669549947726,0.6338408800000013,-0.0995313599999994,0.0368361200000011,35.37110279591499,1.0,3994.13,0.0,0.0,0.0,0.0,0.0,38.52608882639786,8.068543955107214e-05,2.2305454642175129e-07,2.2577638938033553e-07,7.662867898069619e-08,3.9893666214442404e-05
71.97605469997507,569166.1939153,1.6506235000001022,2.7066900000000094,35.09914599999999,1.6563975675874738,2.622654951131219,35.20381329802318,0.6326408800000013,-0.0991313599999994,0.0420361200000011,35.34020999678237,1.0,3988.27,0.0,0.0,0.0,0.0,0.0,38.259759727631696,8.068543955107214e-05,2.2305454642175129e-07,2.2577638938033553e-07,7.662867898069619e-08,3.9893666214442404e-05
72.08598430000711,569166.3038449,1.6956235000001023,2.631690000000009,35.15414599999999,1.6657748100835774,2.6248148448289785,35.19193997165351,0.6334408800000012,-0.0979313599999994,0.0396361200000011,35.32898381861567,1.0,3984.85,0.0,0.0,0.0,0.0,0.0,38.10639420266821,8.068543955107214e-05,2.2305454642175129e-07,2.2577638938033553e-07,7.662867898069619e-08,3.9893666214442404e-05
72.19582809996791,569166.4136887,1.6806235000001022,2.6416900000000094,35.09914599999999,1.669324496669278,2.6288489725721647,35.16975690242221,0.6354408800000012,-0.0999313599999994,0.0376361200000011,35.307354641366835,1.0,3986.8,0.0,0.0,0.0,0.0,0.0,38.19365484418084,8.068543955107214e-05,2.2305454642175129e-07,2.2577638938033553e-07,7.662867898069619e-08,3.9893666214442404e-05
72.30686130002141,569166.5247219,1.5756235000001022,2.5866900000000093,35.19914599999999,1.6469245965559904,2.618770565638786,35.17678257849357,0.6346408800000013,-0.0999313599999994,0.0352361200000011,35.312552335916,1.0,3986.8,0.0,0.0,0.0,0.0,0.0,38.19365484418084,8.068543955107214e-05,2.2305454642175129e-07,2.2577638938033553e-07,7.662867898069619e-08,3.9893666214442404e-05
72.41761810006574,569166.6354787,1.6306235000001024,2.6416900000000094,35.494145999999986,1.64302770167153,2.624249621983908,35.25265059691448,0.6402408800000012,-0.1051313599999994,0.0324361200000011,35.38835401957934,1.0,3990.23,0.0,0.0,0.0,0.0,0.0,38.348336382578786,8.068543955107214e-05,2.2305454642175129e-07,2.2577638938033553e-07,7.662867898069619e-08,3.9893666214442404e-05
72.5292661000276,569166.7471267,1.4956235000001024,2.611690000000009,35.299145999999986,1.6077896624714083,2.621247153622837,35.26376565888676,0.6382408800000012,-0.1047313599999994,0.0316361200000011,35.39758597254913,1.0,3990.71,0.0,0.0,0.0,0.0,0.0,38.37010521323029,8.068543955107214e-05,2.2305454642175129e-07,2.2577638938033553e-07,7.662867898069619e-08,3.9893666214442404e-05
72.63932950003073,569166.8571901,1.6756235000001023,2.571690000000009,35.299145999999986,1.6240058313378762,2.609400158067716,35.27222358500369,0.6410408800000013,-0.1039313599999994,0.0336361200000011,35.40587692397455,1.0,3986.8,0.0,0.0,0.0,0.0,0.0,38.19365484418084,8.068543955107214e-05,2.2305454642175129e-07,2.2577638938033553e-07,7.662867898069619e-08,3.9893666214442404e-05
72.74933819996659,569166.9671988,1.6006235000001023,2.4816900000000093,35.25914599999999,1.6184161161267228,2.578870122253168,35.26909729384117,0.6422408800000012,-0.1039313599999994,0.0348361200000011,35.40026928929812,1.0,3983.38,0.0,0.0,0.0,0.0,0.0,38.040934311673126,8.068543955107214e-05,2.2305454642175129e-07,2.2577638938033553e-07,7.662867898069619e-08,3.9893666214442404e-05
72.860228799982,569167.0780894,1.6106235000001023,2.701690000000009,35.56414599999999,1.616553234950829,2.608231101231532,35.33963081836542,0.6454408800000012,-0.1051313599999994,0.0316361200000011,35.472603798103464,1.0,3989.25,0.0,0.0,0.0,0.0,0.0,38.303985402219055,8.068543955107214e-05,2.2305454642175129e-07,2.2577638938033553e-07,7.662867898069619e-08,3.9893666214442404e-05
72.97102000005543,569167.1888806,1.5906235000001023,2.696690000000009,35.55914599999999,1.610354544504547,2.6293778399747825,35.392107508227376,0.6430408800000013,-0.1019313599999994,0.0316361200000011,35.52616139492531,1.0,3999.02,0.0,0.0,0.0,0.0,0.0,38.7518406554283,8.068543955107214e-05,2.2305454642175129e-07,2.2577638938033553e-07,7.662867898069619e-08,3.9893666214442404e-05
73.08263339998666,569167.300494,1.5506235000001023,2.716690000000009,35.37914599999999,1.596075406841948,2.650250442537865,35.38900896605673,0.6370408800000013,-0.1031313599999994,0.0324361200000011,35.52398119175469,1.0,4000.98,0.0,0.0,0.0,0.0,0.0,38.84324112968039,8.068543955107214e-05,2.2305454642175129e-07,2.2577638938033553e-07,7.662867898069619e-08,3.9893666214442404e-05
73.18599660007749,569167.4038572,1.5706235000001023,2.636690000000009,35.56914599999999,1.5899909446567384,2.647008720793832,35.432072025260666,0.6442408800000012,-0.1051313599999994,0.0348361200000011,35.56636689873326,1.0,4000.98,0.0,0.0,0.0,0.0,0.0,38.84324112968039,8.068543955107214e-05,2.2305454642175129e-07,2.2577638938033553e-07,7.662867898069619e-08,3.9893666214442404e-05
73.29580349999014,569167.5136641,1.5756235000001022,2.5416900000000093,35.28914599999999,1.586556303226743,2.621831519806632,35.39790452648013,0.6438408800000013,-0.1035313599999994,0.0372361200000011,35.530308277404,1.0,3992.18,0.0,0.0,0.0,0.0,0.0,38.436960918731344,8.068543955107214e-05,2.2305454642175129e-07,2.2577638938033553e-07,7.662867898069619e-08,3.9893666214442404e-05
73.40607989998534,569167.6239405,1.6356235000001025,2.576690000000009,35.38914599999999,1.5982861710577412,2.611040113412093,35.39581073745687,0.6498408800000013,-0.1027313599999994,0.0364361200000011,35.527953317357145,1.0,3986.31,0.0,0.0,0.0,0.0,0.0,38.17168188428411,8.068543955107214e-05,2.2305454642175129e-07,2.2577638938033553e-07,7.662867898069619e-08,3.9893666214442404e-05
73.5168779999949,569167.7347386,1.6656235000001025,2.5416900000000093,35.21414599999999,1.6143836459600616,2.5944614678427143,35.352382469692465,0.6430408800000013,-0.0987313599999994,0.0364361200000011,35.48419945761611,1.0,3992.67,0.0,0.0,0.0,0.0,0.0,38.459309618896874,8.068543955107214e-05,2.2305454642175129e-07,2.2577638938033553e-07,7.662867898069619e-08,3.9893666214442404e-05
73.62682760006282,569167.8446882,1.5856235000001022,2.7116900000000093,35.18914599999999,1.6075083253162354,2.6224857952681933,35.31335961245577,0.6362408800000012,-0.1003313599999994,0.0304361200000011,35.44707155578535,1.0,3994.62,0.0,0.0,0.0,0.0,0.0,38.54856478324083,8.068543955107214e-05,2.2305454642175129e-07,2.2577638938033553e-07,7.662867898069619e-08,3.9893666214442404e-05
73.737716200063,569167.9555768,1.5506235000001023,2.616690000000009,35.07414599999999,1.5939095969105816,2.621100268542765,35.25617387041221,0.6366408800000013,-0.0979313599999994,0.0332361200000011,35.38938414838008,1.0,3997.07,0.0,0.0,0.0,0.0,0.0,38.66142872739665,8.068543955107214e-05,2.2305454642175129e-07,2.2577638938033553e-07,7.662867898069619e-08,3.9893666214442404e-05
73.84856449998915,569168.0664251,1.7006235000001022,2.6066900000000093,35.32914599999999,1.6194203263038225,2.617655389753449,35.27361838511242,0.6382408800000012,-0.0971313599999994,0.0328361200000011,35.40766577891421,1.0,3999.02,0.0,0.0,0.0,0.0,0.0,38.7518406554283,8.068543955107214e-05,2.2305454642175129e-07,2.2577638938033553e-07,7.662867898069619e-08,3.9893666214442404e-05
73.95848100003786,569168.1763416,1.6106235000001023,2.506690000000009,35.30414599999999,1.6173173814310695,2.591128311762114,35.2809162319709,0.6374408800000012,-0.0935313599999994,0.0324361200000011,35.41288906044863,1.0,4008.8,0.0,0.0,0.0,0.0,0.0,39.21325345254421,8.068543955107214e-05,2.2305454642175129e-07,2.2577638938033553e-07,7.662867898069619e-08,3.9893666214442404e-05
74.06936459999997,569168.2872252,1.5506235000001023,2.451690000000009,35.57914599999999,1.601373727304362,2.5577945760873035,35.35221021231399,0.6386408800000013,-0.1011313599999994,0.0316361200000011,35.48077617250784,1.0,4005.38,0.0,0.0,0.0,0.0,0.0,39.05036955985075,8.068543955107214e-05,2.2305454642175129e-07,2.2577638938033553e-07,7.662867898069619e-08,3.9893666214442404e-05
74.18022199999541,569168.3980826,1.7156235000001023,2.4366900000000093,36.37414599999999,1.628685960763158,2.5288436523613256,35.5965113444266,0.6594408800000012,-0.1047313599999994,0.0372361200000011,35.723371734352945,1.0,4014.17,0.0,0.0,0.0,0.0,0.0,39.47241889329416,8.068543955107214e-05,2.2305454642175129e-07,2.2577638938033553e-07,7.662867898069619e-08,3.9893666214442404e-05
74.29096909996588,569168.5088297,1.5256235000001022,2.656690000000009,37.80914599999999,1.6040481350346565,2.559406245276596,36.125457642052766,0.6858408800000012,-0.1099313599999994,0.0316361200000011,36.25151335593616,1.0,4023.46,0.0,0.0,0.0,0.0,0.0,39.93091906650706,8.068543955107214e-05,2.2305454642175129e-07,2.2577638938033553e-07,7.662867898069619e-08,3.9893666214442404e-05
74.40102049999405,569168.6188811,1.6556235000001025,2.7116900000000093,38.80414599999999,1.6163775985900035,2.595810776881786,36.7658174438219,0.7006408800000012,-0.1099313599999994,0.0252361200000011,36.89276680384704,1.0,4035.19,0.0,0.0,0.0,0.0,0.0,40.529089162718584,8.068543955107214e-05,2.2305454642175129e-07,2.2577638938033553e-07,7.662867898069619e-08,3.9893666214442404e-05
74.51101100002415,569168.7288716,1.5356235000001022,2.696690000000009,40.27414599999999,1.597072747985918,2.619926683880432,37.604508727975926,0.7258408800000012,-0.1111313599999994,0.0124361200000011,37.72948096467384,1.0,4050.83,0.0,0.0,0.0,0.0,0.0,41.36233800099222,8.068543955107214e-05,2.2305454642175129e-07,2.2577638938033553e-07,7.662867898069619e-08,3.9893666214442404e-05
74.62196859996766,569168.8398292,1.1156235000001022,2.2316900000000093,39.37914599999999,1.4819788274529753,2.5271159001281576,38.02874858714204,0.7078408800000012,-0.1411313599999994,0.0080361200000011,38.14142492254002,1.0,4063.54,0.0,0.0,0.0,0.0,0.0,42.071828661585116,8.068543955107214e-05,2.2305454642175129e-07,2.2577638938033553e-07,7.662867898069619e-08,3.9893666214442404e-05
74.73353359999601,569168.9513942,0.7756235000001023,3.236690000000009,40.06414599999999,1.3131194839894729,2.696744714389576,38.51532504160424,0.6918408800000012,-0.1043313599999994,0.0076361200000011,38.63194245561887,1.0,4049.85,0.0,0.0,0.0,0.0,0.0,41.30887016572992,8.068543955107214e-05,2.2305454642175129e-07,2.2577638938033553e-07,7.662867898069619e-08,3.9893666214442404e-05
74.83603300002869,569169.0538936,0.6256235000001023,3.7216900000000095,39.41914599999999,1.1487686028134758,2.94176528872047,38.73138997055948,0.6038408800000012,-0.0671313599999994,0.0268361200000011,38.85993079469244,1.0,4079.67,0.0,0.0,0.0,0.0,0.0,43.01766667247659,8.068543955107214e-05,2.2305454642175129e-07,2.2577638938033553e-07,7.662867898069619e-08,3.9893666214442404e-05
74.94681840005796,569169.164679,-0.6943764999998976,4.156690000000009,40.81414599999999,0.7081514518232742,3.232201817094974,39.22928784441594,0.5914408800000013,-0.0483313599999994,-0.0083638799999988,39.368586866246446,1.0,4119.26,0.0,0.0,0.0,0.0,0.0,45.58665213845807,8.068543955107214e-05,2.2305454642175129e-07,2.2577638938033553e-07,7.662867898069619e-08,3.9893666214442404e-05
75.05852079996839,569169.2763814,-1.0843764999998975,4.32669000000001,44.92414599999999,0.2796346964158732,3.493847123374959,40.59068482394655,0.6666408800000012,-0.0435313599999994,-0.0031638799999988,40.74173361262282,1.0,4138.81,0.0,0.0,0.0,0.0,0.0,47.00732513587555,8.068543955107214e-05,2.2305454642175129e-07,2.2577638938033553e-07,7.662867898069619e-08,3.9893666214442404e-05
75.16863299999386,569169.3864936,-1.2543764999998976,4.726690000000009,49.51914599999999,-0.0870817611869911,3.7885671186091576,42.7250979638097,0.8050408800000013,-0.0255313599999994,-0.0027638799999988,42.89282947139853,1.0,4168.62,0.0,0.0,0.0,0.0,0.0,49.40998609748897,8.068543955107214e-05,2.2305454642175129e-07,2.2577638938033553e-07,7.662867898069619e-08,3.9893666214442404e-05
75.27936310006771,569169.4972237,-1.2143764999998976,5.15169000000001,51.90914599999999,-0.3565697116385404,4.114431490074656,44.920610988848544,0.8414408800000013,-0.0319313599999994,0.0056361200000011,45.110054090604194,1.0,4196.48,0.0,0.0,0.0,0.0,0.0,51.9677614913289,8.068543955107214e-05,2.2305454642175129e-07,2.2577638938033553e-07,7.662867898069619e-08,3.9893666214442404e-05
75.38938150007743,569169.6072421,-1.114376499999898,5.08169000000001,50.47914599999999,-0.537728898497539,4.345661623971223,46.249418935957216,0.8550408800000012,-0.0247313599999994,0.0124361200000011,46.45624478185913,1.0,4199.9,0.0,0.0,0.0,0.0,0.0,52.30605710456534,8.068543955107214e-05,2.2305454642175129e-07,2.2577638938033553e-07,7.662867898069619e-08,3.9893666214442404e-05
75.4993514000671,569169.717212,-0.9743764999998978,4.84169000000001,47.85414599999999,-0.6421126618089591,4.464240790376783,46.63304053254021,0.8198408800000012,-0.0375313599999994,0.0132361200000011,46.85063738962851,1.0,4168.13,0.0,0.0,0.0,0.0,0.0,49.36790086827429,8.068543955107214e-05,2.2305454642175129e-07,2.2577638938033553e-07,7.662867898069619e-08,3.9893666214442404e-05
75.61268959997687,569169.8305502,-1.119376499999898,4.601690000000009,46.66414599999999,-0.7562060298966656,4.497099016816795,46.64047651923025,0.7942408800000013,-0.0479313599999994,0.0156361200000011,46.86288293593956,1.0,4142.23,0.0,0.0,0.0,0.0,0.0,47.26769031042032,8.068543955107214e-05,2.2305454642175129e-07,2.2577638938033553e-07,7.662867898069619e-08,3.9893666214442404e-05
75.71582160005346,569169.9336822,-0.8493764999998978,4.67169000000001,47.82914599999999,-0.7784791038020469,4.538836252524034,46.92463654509382,0.8162408800000013,-0.0375313599999994,0.0200361200000011,47.150064465824826,1.0,4150.54,0.0,0.0,0.0,0.0,0.0,47.916120764525346,8.068543955107214e-05,2.2305454642175129e-07,2.2577638938033553e-07,7.662867898069619e-08,3.9893666214442404e-05
75.82767819997389,569170.0455388,-0.6493764999998977,4.91669000000001,49.01414599999999,-0.7476161937761944,4.629164920326535,47.42414887409197,0.8438408800000012,-0.0359313599999994,0.0164361200000011,47.65540886683081,1.0,4166.67,0.0,0.0,0.0,0.0,0.0,49.24305364603136,8.068543955107214e-05,2.2305454642175129e-07,2.2577638938033553e-07,7.662867898069619e-08,3.9893666214442404e-05
75.9384987000376,569170.1563593,-0.4493764999998977,5.0116900000000095,49.16914599999999,-0.6763198406115309,4.720610303834733,47.84130304222017,0.8662408800000012,-0.0243313599999994,0.0204361200000011,48.07839272422717,1.0,4170.58,0.0,0.0,0.0,0.0,0.0,49.57926323666322,8.068543955107214e-05,2.2305454642175129e-07,2.2577638938033553e-07,7.662867898069619e-08,3.9893666214442404e-05
76.04931739997119,569170.267178,-0.3893764999998979,4.95669000000001,47.52914599999999,-0.6077239622713378,4.777046860550859,47.76667964637649,0.8494408800000013,-0.0223313599999994,0.0240361200000011,48.00880325067243,1.0,4155.43,0.0,0.0,0.0,0.0,0.0,48.308565824137894,8.068543955107214e-05,2.2305454642175129e-07,2.2577638938033553e-07,7.662867898069619e-08,3.9893666214442404e-05
76.15934520005248,569170.3772058,-0.2793764999998978,4.476690000000009,46.16414599999999,-0.5292301295611122,4.705244383375151,47.383582402131005,0.8478408800000012,-0.0195313599999994,0.0288361200000011,47.61956835689355,1.0,4114.86,0.0,0.0,0.0,0.0,0.0,45.28183549456263,8.068543955107214e-05,2.2305454642175129e-07,2.2577638938033553e-07,7.662867898069619e-08,3.9893666214442404e-05
76.26934390002862,569170.4872045,-0.4043764999998978,4.32669000000001,45.51914599999999,-0.4993829675204909,4.614748223499833,46.93787541223886,0.8346408800000013,-0.0279313599999994,0.0280361200000011,47.16682555281204,1.0,4101.17,0.0,0.0,0.0,0.0,0.0,44.365713095366665,8.068543955107214e-05,2.2305454642175129e-07,2.2577638938033553e-07,7.662867898069619e-08,3.9893666214442404e-05
76.38025170005858,569170.5981123,-0.3343764999998977,4.401690000000009,46.06914599999999,-0.4599369795172106,4.56381511612254,46.73019937088009,0.8438408800000012,-0.0215313599999994,0.0316361200000011,46.954781265399134,1.0,4109.48,0.0,0.0,0.0,0.0,0.0,44.91610740165382,8.068543955107214e-05,2.2305454642175129e-07,2.2577638938033553e-07,7.662867898069619e-08,3.9893666214442404e-05
76.49188200000208,569170.7097426,-0.2493764999998977,4.4316900000000095,46.82914599999999,-0.4096009758816666,4.532229652693048,46.75385327732312,0.8638408800000013,-0.0199313599999994,0.0300361200000011,46.97479829506084,1.0,4116.32,0.0,0.0,0.0,0.0,0.0,45.382401284470006,8.068543955107214e-05,2.2305454642175129e-07,2.2577638938033553e-07,7.662867898069619e-08,3.9893666214442404e-05
76.59606140002143,569170.813922,-0.2593764999998977,4.60669000000001,46.06414599999999,-0.3736887297590001,4.550029936589338,46.58897377050217,0.8374408800000013,-0.0271313599999994,0.0268361200000011,46.81212335153307,1.0,4120.72,0.0,0.0,0.0,0.0,0.0,45.688958964022994,8.068543955107214e-05,2.2305454642175129e-07,2.2577638938033553e-07,7.662867898069619e-08,3.9893666214442404e-05
76.70590860000812,569170.9237692,-0.3393764999998978,4.58169000000001,45.75414599999999,-0.3654861433768971,4.557598503447632,46.38940216149282,0.8338408800000012,-0.0339313599999994,0.0240361200000011,46.61418150241773,1.0,4108.99,0.0,0.0,0.0,0.0,0.0,44.88317069246422,8.068543955107214e-05,2.2305454642175129e-07,2.2577638938033553e-07,7.662867898069619e-08,3.9893666214442404e-05
76.81767690007109,569171.0355375,-0.3943764999998977,4.65169000000001,45.86914599999999,-0.3723925918203142,4.580091755378818,46.26503116795998,0.8334408800000013,-0.0371313599999994,0.0252361200000011,46.49267711911673,1.0,4104.11,0.0,0.0,0.0,0.0,0.0,44.55846943312553,8.068543955107214e-05,2.2305454642175129e-07,2.2577638938033553e-07,7.662867898069619e-08,3.9893666214442404e-05
76.92774970002938,569171.1456103,-0.2293764999998977,4.75169000000001,46.26914599999999,-0.3382035619780742,4.621113555314428,46.26601484828309,0.8454408800000013,-0.0395313599999994,0.0296361200000011,46.49745371611221,1.0,4107.04,0.0,0.0,0.0,0.0,0.0,44.75270287624383,8.068543955107214e-05,2.2305454642175129e-07,2.2577638938033553e-07,7.662867898069619e-08,3.9893666214442404e-05
77.03766999999061,569171.2555306,-0.1593764999998976,4.516690000000009,45.69914599999999,-0.2954536610351148,4.596150350101405,46.130500755261146,0.8362408800000013,-0.0431313599999994,0.0316361200000011,46.35984243758498,1.0,4104.59,0.0,0.0,0.0,0.0,0.0,44.590142358533264,8.068543955107214e-05,2.2305454642175129e-07,2.2577638938033553e-07,7.662867898069619e-08,3.9893666214442404e-05
77.14767490001395,569171.3655355,-0.2343764999998978,4.3466900000000095,45.25914599999999,-0.2808527244920129,4.536515051405216,45.92219710668845,0.8262408800000013,-0.0507313599999994,0.0300361200000011,46.14658204211906,1.0,4092.38,0.0,0.0,0.0,0.0,0.0,43.80180856981543,8.068543955107214e-05,2.2305454642175129e-07,2.2577638938033553e-07,7.662867898069619e-08,3.9893666214442404e-05
77.25932800001465,569171.4771886,-0.3993764999998976,4.65669000000001,46.10914599999999,-0.3091866891967843,4.565243740963844,45.966888590080586,0.8342408800000013,-0.0555313599999994,0.0268361200000011,46.19406773034896,1.0,4100.68,0.0,0.0,0.0,0.0,0.0,44.33379265709036,8.068543955107214e-05,2.2305454642175129e-07,2.2577638938033553e-07,7.662867898069619e-08,3.9893666214442404e-05
77.3701996000018,569171.5880602,-0.3393764999998978,4.81669000000001,46.86914599999999,-0.3164037815487086,4.625353785536324,46.182579741478094,0.8414408800000013,-0.0551313599999994,0.0280361200000011,46.4147032800204,1.0,4120.72,0.0,0.0,0.0,0.0,0.0,45.688958964022994,8.068543955107214e-05,2.2305454642175129e-07,2.2577638938033553e-07,7.662867898069619e-08,3.9893666214442404e-05
77.48016799998004,569171.6980286,-0.2643764999998979,4.83169000000001,46.61914599999999,-0.3039662840696383,4.674679948096352,46.28694405916245,0.8126408800000012,-0.0695313599999994,0.0284361200000011,46.52339431356034,1.0,4133.43,0.0,0.0,0.0,0.0,0.0,46.6051113090583,8.068543955107214e-05,2.2305454642175129e-07,2.2577638938033553e-07,7.662867898069619e-08,3.9893666214442404e-05
77.59100770007353,569171.8088683,-0.3243764999998977,4.79669000000001,46.49414599999999,-0.3088454936232208,4.703847332357036,46.33647717986581,0.8210408800000013,-0.0639313599999994,0.0308361200000011,46.5756447374084,1.0,4140.27,0.0,0.0,0.0,0.0,0.0,47.1180228157944,8.068543955107214e-05,2.2305454642175129e-07,2.2577638938033553e-07,7.662867898069619e-08,3.9893666214442404e-05
77.70100510003977,569171.9188657,-0.2693764999998977,4.89669000000001,46.45414599999999,-0.2994101455889212,4.749947765077444,46.36460676131263,0.8206408800000012,-0.0575313599999994,0.0252361200000011,46.608244016884,1.0,4142.23,0.0,0.0,0.0,0.0,0.0,47.26769031042032,8.068543955107214e-05,2.2305454642175129e-07,2.2577638938033553e-07,7.662867898069619e-08,3.9893666214442404e-05
77.81189610005822,569172.0297567,-0.2793764999998978,4.87169000000001,46.50914599999999,-0.2946209578956087,4.779051125754192,46.39915991041603,0.8242408800000013,-0.0507313599999994,0.0276361200000011,46.645558969357005,1.0,4142.72,0.0,0.0,0.0,0.0,0.0,47.30529870610126,8.068543955107214e-05,2.2305454642175129e-07,2.2577638938033553e-07,7.662867898069619e-08,3.9893666214442404e-05
77.92267570004333,569172.1405363,-0.3043764999998977,4.8066900000000095,46.60414599999999,-0.2969530907058771,4.785658398295122,46.44816331587079,0.8374408800000013,-0.0471313599999994,0.0296361200000011,46.69499526567121,1.0,4141.25,0.0,0.0,0.0,0.0,0.0,47.19270387361376,8.068543955107214e-05,2.2305454642175129e-07,2.2577638938033553e-07,7.662867898069619e-08,3.9893666214442404e-05
78.02582950005308,569172.2436901,-0.2743764999998976,4.95169000000001,46.77414599999999,-0.2915559936131108,4.825349452030328,46.52609183128387,0.8438408800000012,-0.0435313599999994,0.0308361200000011,46.77655634315849,1.0,4140.76,0.0,0.0,0.0,0.0,0.0,47.155325303726904,8.068543955107214e-05,2.2305454642175129e-07,2.2577638938033553e-07,7.662867898069619e-08,3.9893666214442404e-05
78.13687000004575,569172.3547306,-0.2543764999998978,5.061690000000009,46.98414599999999,-0.2826679670946848,4.881848367254588,46.63559298912045,0.8182408800000013,-0.0483313599999994,0.0352361200000011,46.891266544073936,1.0,4145.16,0.0,0.0,0.0,0.0,0.0,47.49372692009744,8.068543955107214e-05,2.2305454642175129e-07,2.2577638938033553e-07,7.662867898069619e-08,3.9893666214442404e-05
78.24772460001986,569172.4655852,-0.3593764999998978,5.101690000000009,47.17414599999999,-0.3010056959982541,4.934403097612749,46.764337976668486,0.8222408800000013,-0.0539313599999994,0.0324361200000011,47.02491089576706,1.0,4155.91,0.0,0.0,0.0,0.0,0.0,48.34753691180703,8.068543955107214e-05,2.2305454642175129e-07,2.2577638938033553e-07,7.662867898069619e-08,3.9893666214442404e-05
78.35939990007319,569172.5772605,-0.3343764999998977,5.04169000000001,47.10914599999999,-0.3089832277525434,4.960050806627238,46.8467668254048,0.8350408800000012,-0.0475313599999994,0.0324361200000011,47.109628916318194,1.0,4155.43,0.0,0.0,0.0,0.0,0.0,48.308565824137894,8.068543955107214e-05,2.2305454642175129e-07,2.2577638938033553e-07,7.662867898069619e-08,3.9893666214442404e-05
78.47105200006627,569172.6889126,-0.2293764999998977,4.9316900000000095,46.99414599999999,-0.289952664435264,4.953270950935573,46.88199888170156,0.8450408800000012,-0.0411313599999994,0.0340361200000011,47.14383082445529,1.0,4152.98,0.0,0.0,0.0,0.0,0.0,48.110908385419,8.068543955107214e-05,2.2305454642175129e-07,2.2577638938033553e-07,7.662867898069619e-08,3.9893666214442404e-05
78.58194180007558,569172.7998024,-0.1143764999998977,4.87169000000001,46.84914599999999,-0.2479799140331317,4.933768435305398,46.87414516301437,0.8482408800000013,-0.0319313599999994,0.0328361200000011,47.1337357926817,1.0,4149.56,0.0,0.0,0.0,0.0,0.0,47.838457731364,8.068543955107214e-05,2.2305454642175129e-07,2.2577638938033553e-07,7.662867898069619e-08,3.9893666214442404e-05
78.69272509997245,569172.9105857,-0.2343764999998978,4.96169000000001,47.27914599999999,-0.2447279196427201,4.940443287040158,46.97096353866416,0.8606408800000013,-0.0303313599999994,0.0360361200000011,47.23070280418904,1.0,4151.52,0.0,0.0,0.0,0.0,0.0,47.994110078113984,8.068543955107214e-05,2.2305454642175129e-07,2.2577638938033553e-07,7.662867898069619e-08,3.9893666214442404e-05
78.80275400006212,569173.0206146,-0.1793764999998977,4.95169000000001,47.97914599999999,-0.22910519070389,4.943131895015086,47.21197683876409,0.8746408800000013,-0.0323313599999994,0.0352361200000011,47.47059931308978,1.0,4155.91,0.0,0.0,0.0,0.0,0.0,48.34753691180703,8.068543955107214e-05,2.2305454642175129e-07,2.2577638938033553e-07,7.662867898069619e-08,3.9893666214442404e-05
78.91364320006687,569173.1315038,-0.1443764999998977,5.016690000000009,47.89914599999999,-0.2088501851440248,4.960716491366846,47.376249590600025,0.8774408800000013,-0.0315313599999994,0.0376361200000011,47.63571508624997,1.0,4160.31,0.0,0.0,0.0,0.0,0.0,48.70860136470446,8.068543955107214e-05,2.2305454642175129e-07,2.2577638938033553e-07,7.662867898069619e-08,3.9893666214442404e-05
79.02354089997243,569173.2414015,-0.2443764999998978,4.98169000000001,47.64914599999999,-0.217343007338589,4.965730360110065,47.4414874485645,0.8734408800000013,-0.0287313599999994,0.0364361200000011,47.70115771471863,1.0,4156.4,0.0,0.0,0.0,0.0,0.0,48.38740385414424,8.068543955107214e-05,2.2305454642175129e-07,2.2577638938033553e-07,7.662867898069619e-08,3.9893666214442404e-05
79.1335275999736,569173.3513882,-0.1393764999998978,4.86669000000001,47.32414599999999,-0.1987045505595791,4.942054046596752,47.41343612765621,0.8702408800000012,-0.0227313599999994,0.0380361200000011,47.6707175017246,1.0,4155.42,0.0,0.0,0.0,0.0,0.0,48.30775478994324,8.068543955107214e-05,2.2305454642175129e-07,2.2577638938033553e-07,7.662867898069619e-08,3.9893666214442404e-05
79.243581000017,569173.4614416,-0.1293764999998978,4.90169000000001,47.23414599999999,-0.1821311792744403,4.932404729683642,47.37057552751791,0.8714408800000013,-0.0231313599999994,0.0380361200000011,47.6270218887571,1.0,4153.47,0.0,0.0,0.0,0.0,0.0,48.150272632771525,8.068543955107214e-05,2.2305454642175129e-07,2.2577638938033553e-07,7.662867898069619e-08,3.9893666214442404e-05
79.34582360007335,569173.5636842,-0.0593764999998978,4.98669000000001,46.95914599999999,-0.1527857864618477,4.945382015688429,47.27222032695802,0.8642408800000012,-0.0211313599999994,0.0448361200000011,47.53044247025376,1.0,4150.54,0.0,0.0,0.0,0.0,0.0,47.916120764525346,8.068543955107214e-05,2.2305454642175129e-07,2.2577638938033553e-07,7.662867898069619e-08,3.9893666214442404e-05
79.45696880004834,569173.6748294,0.0856235000001022,4.87669000000001,47.48414599999999,-0.0957923243572487,4.9289606931337335,47.32288268996726,0.8818408800000013,-0.0271313599999994,0.0428361200000011,47.57897703579036,1.0,4149.07,0.0,0.0,0.0,0.0,0.0,47.7997478510696,8.068543955107214e-05,2.2305454642175129e-07,2.2577638938033553e-07,7.662867898069619e-08,3.9893666214442404e-05
79.56770929996856,569173.7855699,-0.0243764999998976,5.0116900000000095,47.42414599999999,-0.0787198556645118,4.948737731544422,47.34709041571731,0.8774408800000013,-0.0227313599999994,0.0456361200000011,47.60507507383427,1.0,4151.03,0.0,0.0,0.0,0.0,0.0,47.95507449177957,8.068543955107214e-05,2.2305454642175129e-07,2.2577638938033553e-07,7.662867898069619e-08,3.9893666214442404e-05
79.68021250003949,569173.8980731,-0.0243764999998976,4.86669000000001,47.50914599999999,-0.0657286839376409,4.92912362863786,47.38583097376653,0.8866408800000013,-0.0223313599999994,0.0420361200000011,47.64155284077818,1.0,4152.0,0.0,0.0,0.0,0.0,0.0,48.032428670066814,8.068543955107214e-05,2.2305454642175129e-07,2.2577638938033553e-07,7.662867898069619e-08,3.9893666214442404e-05
79.79018180002458,569174.0080424,-0.0943764999998977,4.99669000000001,47.38414599999999,-0.0725771513079937,4.945275857785144,47.385428168616045,0.8798408800000013,-0.0219313599999994,0.0440361200000011,47.64283601419583,1.0,4152.98,0.0,0.0,0.0,0.0,0.0,48.110908385419,8.068543955107214e-05,2.2305454642175129e-07,2.2577638938033553e-07,7.662867898069619e-08,3.9893666214442404e-05
79.90020859998185,569174.1180692,-0.0543764999998976,4.8466900000000095,47.25914599999999,-0.068226154138374,4.921708196335752,47.35523950399515,0.8798408800000013,-0.0219313599999994,0.0456361200000011,47.61036205343045,1.0,4152.0,0.0,0.0,0.0,0.0,0.0,48.032428670066814,8.068543955107214e-05,2.2305454642175129e-07,2.2577638938033553e-07,7.662867898069619e-08,3.9893666214442404e-05
80.01022270007525,569174.2280833,0.0256235000001021,4.96669000000001,47.28414599999999,-0.0457907163832066,4.9324614214327305,47.33824408831331,0.8766408800000013,-0.0263313599999994,0.0420361200000011,47.59454407627369,1.0,4153.96,0.0,0.0,0.0,0.0,0.0,48.189720201515854,8.068543955107214e-05,2.2305454642175129e-07,2.2577638938033553e-07,7.662867898069619e-08,3.9893666214442404e-05
80.12098130001687,569174.3388419,-0.0993764999998978,4.94169000000001,47.26914599999999,-0.0586007850396159,4.934667579802897,47.32172569116432,0.8670408800000012,-0.0319313599999994,0.0408361200000011,47.57835748073872,1.0,4156.4,0.0,0.0,0.0,0.0,0.0,48.38740385414424,8.068543955107214e-05,2.2305454642175129e-07,2.2577638938033553e-07,7.662867898069619e-08,3.9893666214442404e-05
80.23110670002643,569174.4489673,-0.1243764999998977,4.92669000000001,47.37914599999999,-0.0743249448390288,4.932760481724086,47.33545243077344,0.8770408800000012,-0.0307313599999994,0.0384361200000011,47.591834457115645,1.0,4159.34,0.0,0.0,0.0,0.0,0.0,48.628403959203105,8.068543955107214e-05,2.2305454642175129e-07,2.2577638938033553e-07,7.662867898069619e-08,3.9893666214442404e-05
80.34102120005991,569174.5588818,0.0156235000001021,4.81669000000001,47.15914599999999,-0.052822119347687,4.905012994619973,47.29330510492803,0.8834408800000012,-0.0203313599999994,0.0428361200000011,47.5470151576468,1.0,4155.42,0.0,0.0,0.0,0.0,0.0,48.30775478994324,8.068543955107214e-05,2.2305454642175129e-07,2.2577638938033553e-07,7.662867898069619e-08,3.9893666214442404e-05
80.45119519997388,569174.6690558,-0.0593764999998978,4.81669000000001,46.96914599999999,-0.0543889913888921,4.883898744745143,47.2158125292958,0.8814408800000012,-0.0203313599999994,0.0412361200000011,47.467761458835554,1.0,4146.14,0.0,0.0,0.0,0.0,0.0,47.56995301527672,8.068543955107214e-05,2.2305454642175129e-07,2.2577638938033553e-07,7.662867898069619e-08,3.9893666214442404e-05
80.56188839999959,569174.779749,-0.0393764999998977,4.74669000000001,46.26414599999999,-0.0508001468779598,4.851098003171264,46.98830977099912,0.8614408800000013,-0.0131313599999994,0.0424361200000011,47.23808831469228,1.0,4145.16,0.0,0.0,0.0,0.0,0.0,47.49372692009744,8.068543955107214e-05,2.2305454642175129e-07,2.2577638938033553e-07,7.662867898069619e-08,3.9893666214442404e-05
80.67277269996703,569174.8906333,0.0056235000001021,4.7216900000000095,46.10414599999999,-0.0373116665093004,4.82016208522014,46.77694403468692,0.8562408800000012,-0.0135313599999994,0.0444361200000011,47.02465149166428,1.0,4143.69,0.0,0.0,0.0,0.0,0.0,47.37997573572214,8.068543955107214e-05,2.2305454642175129e-07,2.2577638938033553e-07,7.662867898069619e-08,3.9893666214442404e-05
80.78363119997084,569175.0014918,0.0156235000001021,4.851690000000009,46.25414599999999,-0.0246571325721931,4.82769906099365,46.651965388005536,0.8594408800000013,-0.0179313599999994,0.0428361200000011,46.90109978200269,1.0,4143.69,0.0,0.0,0.0,0.0,0.0,47.37997573572214,8.068543955107214e-05,2.2305454642175129e-07,2.2577638938033553e-07,7.662867898069619e-08,3.9893666214442404e-05
80.88624819996767,569175.1041088,-0.0493764999998977,4.74169000000001,46.30414599999999,-0.0305664759188727,4.807137973667148,46.56881665079096,0.8618408800000013,-0.0147313599999994,0.0424361200000011,46.81628129254083,1.0,4145.65,0.0,0.0,0.0,0.0,0.0,47.53180058814228,8.068543955107214e-05,2.2305454642175129e-07,2.2577638938033553e-07,7.662867898069619e-08,3.9893666214442404e-05
80.9977685000049,569175.2156291,-0.0243764999998976,4.75169000000001,46.16414599999999,-0.0290867174614655,4.793882735027443,46.47207720853614,0.8610408800000012,-0.0155313599999994,0.0436361200000011,46.71869131076417,1.0,4143.21,0.0,0.0,0.0,0.0,0.0,47.34298424127467,8.068543955107214e-05,2.2305454642175129e-07,2.2577638938033553e-07,7.662867898069619e-08,3.9893666214442404e-05
81.10850920004304,569175.3263698,0.0456235000001021,4.69169000000001,45.70914599999999,-0.0112267002997523,4.769452823518602,46.28969299201754,0.8490408800000012,-0.0123313599999994,0.0436361200000011,46.53475565176857,1.0,4142.72,0.0,0.0,0.0,0.0,0.0,47.30529870610126,8.068543955107214e-05,2.2305454642175129e-07,2.2577638938033553e-07,7.662867898069619e-08,3.9893666214442404e-05
81.21934970002621,569175.4372103,-0.0143764999998978,4.63169000000001,45.48914599999999,-0.0119796826709989,4.736519625411478,46.098316450735936,0.8482408800000013,-0.0123313599999994,0.0456361200000011,46.341013597750496,1.0,4138.32,0.0,0.0,0.0,0.0,0.0,46.970322847122745,8.068543955107214e-05,2.2305454642175129e-07,2.2577638938033553e-07,7.662867898069619e-08,3.9893666214442404e-05
81.33028080000076,569175.5481414,-0.0793764999998978,4.74169000000001,45.77914599999999,-0.0280913787018422,4.73775564080564,46.02201644892443,0.8482408800000013,-0.0119313599999994,0.0428361200000011,46.26524738572803,1.0,4137.83,0.0,0.0,0.0,0.0,0.0,46.933395351902604,8.068543955107214e-05,2.2305454642175129e-07,2.2577638938033553e-07,7.662867898069619e-08,3.9893666214442404e-05
81.44274520000909,569175.6606058,0.0106235000001022,4.7216900000000095,45.78914599999999,-0.0188363072869308,4.73391503331912,45.96634708594358,0.8478408800000012,-0.0119313599999994,0.0432361200000011,46.20947273854779,1.0,4141.25,0.0,0.0,0.0,0.0,0.0,47.19270387361376,8.068543955107214e-05,2.2305454642175129e-07,2.2577638938033553e-07,7.662867898069619e-08,3.9893666214442404e-05
81.55356510006823,569175.7714257,-0.0043764999998978,4.73169000000001,45.63414599999999,-0.0153795859029471,4.7333831230314125,45.88693201665745,0.8410408800000012,-0.0183313599999994,0.0404361200000011,46.1304203560124,1.0,4143.21,0.0,0.0,0.0,0.0,0.0,47.34298424127467,8.068543955107214e-05,2.2305454642175129e-07,2.2577638938033553e-07,7.662867898069619e-08,3.9893666214442404e-05
81.66360910004005,569175.8814697,0.0006235000001022,4.73669000000001,45.72414599999999,-0.0115539326177607,4.734173655858347,45.84801684347267,0.8530408800000012,-0.0171313599999994,0.0396361200000011,46.091790832821154,1.0,4138.81,0.0,0.0,0.0,0.0,0.0,47.00732513587555,8.068543955107214e-05,2.2305454642175129e-07,2.2577638938033553e-07,7.662867898069619e-08,3.9893666214442404e-05
81.76605730003212,569175.9839179,-0.0443764999998976,4.561690000000009,45.10414599999999,-0.0194004044479091,4.692940191970632,45.67018914490715,0.8530408800000012,-0.0075313599999994,0.0432361200000011,45.91067675990739,1.0,4131.48,0.0,0.0,0.0,0.0,0.0,46.461496799165346,8.068543955107214e-05,2.2305454642175129e-07,2.2577638938033553e-07,7.662867898069619e-08,3.9893666214442404e-05
81.8785329000093,569176.0963935,-0.0293764999998977,4.42669000000001,43.41914599999999,-0.0217852621530425,4.629291160292322,45.13206102045777,0.8090408800000013,-0.0075313599999994,0.0428361200000011,45.36886314642159,1.0,4108.99,0.0,0.0,0.0,0.0,0.0,44.88317069246422,8.068543955107214e-05,2.2305454642175129e-07,2.2577638938033553e-07,7.662867898069619e-08,3.9893666214442404e-05
81.98851900000591,569176.2063796,-0.0043764999998978,4.441690000000009,43.57914599999999,-0.0176235718062129,4.584443747766698,44.7608254671638,0.8074408800000012,-0.0087313599999994,0.0428361200000011,44.994987849410734,1.0,4099.71,0.0,0.0,0.0,0.0,0.0,44.270774874656105,8.068543955107214e-05,2.2305454642175129e-07,2.2577638938033553e-07,7.662867898069619e-08,3.9893666214442404e-05
82.0993754999945,569176.3172361,-0.0893764999998978,4.396690000000009,43.90414599999999,-0.0347766276061323,4.539559858103091,44.55603005221933,0.8102408800000013,-0.0111313599999994,0.0424361200000011,44.78670145404103,1.0,4110.46,0.0,0.0,0.0,0.0,0.0,44.98216591196123,8.068543955107214e-05,2.2305454642175129e-07,2.2577638938033553e-07,7.662867898069619e-08,3.9893666214442404e-05
82.21018870000262,569176.4280493,-0.0643764999998977,4.36669000000001,44.02414599999999,-0.0418526909198165,4.498234069778995,44.42887932741297,0.8150408800000013,-0.0095313599999994,0.0428361200000011,44.6560318398767,1.0,4115.35,0.0,0.0,0.0,0.0,0.0,45.31552358119157,8.068543955107214e-05,2.2305454642175129e-07,2.2577638938033553e-07,7.662867898069619e-08,3.9893666214442404e-05
82.32131400005892,569176.5391746,-0.1143764999998977,4.41169000000001,44.21414599999999,-0.0591900313641723,4.477545084737661,44.37754577434494,0.8210408800000013,-0.0099313599999994,0.0408361200000011,44.60289769061817,1.0,4117.3,0.0,0.0,0.0,0.0,0.0,45.45022490599128,8.068543955107214e-05,2.2305454642175129e-07,2.2577638938033553e-07,7.662867898069619e-08,3.9893666214442404e-05
82.43271970003843,569176.6505803,-0.0393764999998977,4.45169000000001,44.22414599999999,-0.0544534635663055,4.471364239964059,44.34087445018753,0.8194408800000013,-0.0095313599999994,0.0432361200000011,44.56578519843914,1.0,4117.79,0.0,0.0,0.0,0.0,0.0,45.4842339001265,8.068543955107214e-05,2.2305454642175129e-07,2.2577638938033553e-07,7.662867898069619e-08,3.9893666214442404e-05
82.54365240002517,569176.761513,-0.0193764999998977,4.446690000000009,44.24914599999999,-0.0460680620434268,4.465465684663549,44.31894610155958,0.8294408800000013,-0.0075313599999994,0.0436361200000011,44.543366392765954,1.0,4118.28,0.0,0.0,0.0,0.0,0.0,45.51830796281373,8.068543955107214e-05,2.2305454642175129e-07,2.2577638938033553e-07,7.662867898069619e-08,3.9893666214442404e-05
82.64686390000861,569176.8647245,-0.1743764999998978,4.30169000000001,44.11914599999999,-0.076741120987125,4.426313924192944,44.27118244400361,0.8290408800000012,-0.0095313599999994,0.0380361200000011,44.49197387333369,1.0,4112.9,0.0,0.0,0.0,0.0,0.0,45.147719379049164,8.068543955107214e-05,2.2305454642175129e-07,2.2577638938033553e-07,7.662867898069619e-08,3.9893666214442404e-05
82.75777090003248,569176.9756315,-0.1093764999998978,4.3466900000000095,44.30914599999999,-0.084542844085401,4.407279249942393,44.28025790629849,0.8298408800000012,-0.0031313599999994,0.0416361200000011,44.49912918392638,1.0,4112.9,0.0,0.0,0.0,0.0,0.0,45.147719379049164,8.068543955107214e-05,2.2305454642175129e-07,2.2577638938033553e-07,7.662867898069619e-08,3.9893666214442404e-05
82.86855350004043,569177.0864141,-0.1843764999998978,4.401690000000009,44.35914599999999,-0.1084088006912253,4.4059430993691,44.2991166749547,0.8382408800000013,-0.0055313599999994,0.0392361200000011,44.51781469529019,1.0,4116.81,0.0,0.0,0.0,0.0,0.0,45.416280770444864,8.068543955107214e-05,2.2305454642175129e-07,2.2577638938033553e-07,7.662867898069619e-08,3.9893666214442404e-05
82.97948810004164,569177.1973487,-0.2143764999998978,4.351690000000009,43.82914599999999,-0.1337411446803688,4.392973504061651,44.18676679022158,0.8234408800000013,-0.0047313599999994,0.0400361200000011,44.40480224339026,1.0,4112.42,0.0,0.0,0.0,0.0,0.0,45.11502880478366,8.068543955107214e-05,2.2305454642175129e-07,2.2577638938033553e-07,7.662867898069619e-08,3.9893666214442404e-05
83.09022600005846,569177.3080866,-0.2543764999998978,4.486690000000009,44.87914599999999,-0.1625798977923443,4.4153771093871965,44.352285041796975,0.8546408800000013,-0.0043313599999994,0.0368361200000011,44.57182042131636,1.0,4102.15,0.0,0.0,0.0,0.0,0.0,44.42972948596095,8.068543955107214e-05,2.2305454642175129e-07,2.2577638938033553e-07,7.662867898069619e-08,3.9893666214442404e-05
83.20077100000344,569177.4186316,-0.0843764999998977,4.6816900000000095,45.04914599999999,-0.1438848106391598,4.479041129628833,44.51887468770767,0.8510408800000012,-0.0003313599999994,0.0404361200000011,44.74385673742774,1.0,4116.32,0.0,0.0,0.0,0.0,0.0,45.382401284470006,8.068543955107214e-05,2.2305454642175129e-07,2.2577638938033553e-07,7.662867898069619e-08,3.9893666214442404e-05
83.31108290003613,569177.5289435,-0.1943764999998978,4.54669000000001,44.89914599999999,-0.1559552137131511,4.495213080760165,44.60978129184306,0.8542408800000012,-0.0007313599999994,0.0400361200000011,44.83596602702113,1.0,4114.86,0.0,0.0,0.0,0.0,0.0,45.28183549456263,8.068543955107214e-05,2.2305454642175129e-07,2.2577638938033553e-07,7.662867898069619e-08,3.9893666214442404e-05
83.42189350002445,569177.6397541,-0.1993764999998977,4.56669000000001,44.72914599999999,-0.1663353858584656,4.512300154625888,44.63831628757216,0.8514408800000013,-0.0007313599999994,0.0388361200000011,44.86610971697184,1.0,4110.95,0.0,0.0,0.0,0.0,0.0,45.01528810494787,8.068543955107214e-05,2.2305454642175129e-07,2.2577638938033553e-07,7.662867898069619e-08,3.9893666214442404e-05
83.53275330003817,569177.7506139,-0.0593764999998978,4.67669000000001,44.96414599999999,-0.1407660915646238,4.551598734650815,44.71620823399503,0.8630408800000012,0.0092686400000005,0.0448361200000011,44.94748207586065,1.0,4108.5,0.0,0.0,0.0,0.0,0.0,44.850295420779645,8.068543955107214e-05,2.2305454642175129e-07,2.2577638938033553e-07,7.662867898069619e-08,3.9893666214442404e-05
83.6428493000567,569177.8607099,-0.0893764999998978,4.53669000000001,44.97414599999999,-0.1284810384826732,4.548034693937645,44.77787012020052,0.8626408800000013,0.0068686400000005,0.0416361200000011,45.008430093217605,1.0,4109.48,0.0,0.0,0.0,0.0,0.0,44.91610740165382,8.068543955107214e-05,2.2305454642175129e-07,2.2577638938033553e-07,7.662867898069619e-08,3.9893666214442404e-05
83.74602840002626,569177.963889,0.0256235000001021,4.58169000000001,44.76914599999999,-0.0916412353671744,4.556080237964681,44.77578455624693,0.8702408800000012,0.0132686400000005,0.0488361200000011,45.00707886408796,1.0,4108.99,0.0,0.0,0.0,0.0,0.0,44.88317069246422,8.068543955107214e-05,2.2305454642175129e-07,2.2577638938033553e-07,7.662867898069619e-08,3.9893666214442404e-05
83.85605870001018,569178.0739193,-0.1343764999998977,4.58669000000001,44.87414599999999,-0.1018574090805413,4.563397722692231,44.79929856990088,0.8682408800000012,0.0048686400000005,0.0460361200000011,45.03123500485391,1.0,4097.26,0.0,0.0,0.0,0.0,0.0,44.11261356369176,8.068543955107214e-05,2.2305454642175129e-07,2.2577638938033553e-07,7.662867898069619e-08,3.9893666214442404e-05
83.96699119999539,569178.1848518,-0.0493764999998977,4.561690000000009,44.90414599999999,-0.0893114686631577,4.562989479246731,44.82436310544309,0.8746408800000013,0.0060686400000005,0.0468361200000011,45.056102553758,1.0,4098.73,0.0,0.0,0.0,0.0,0.0,44.20733787050839,8.068543955107214e-05,2.2305454642175129e-07,2.2577638938033553e-07,7.662867898069619e-08,3.9893666214442404e-05
84.07781030004844,569178.2956709,-0.0493764999998977,4.561690000000009,44.74414599999999,-0.0797647259295389,4.56267882934587,44.80518662692977,0.8698408800000013,0.0052686400000005,0.0472361200000011,45.03697535564827,1.0,4095.31,0.0,0.0,0.0,0.0,0.0,43.98775002943559,8.068543955107214e-05,2.2305454642175129e-07,2.2577638938033553e-07,7.662867898069619e-08,3.9893666214442404e-05
84.18772990000434,569178.4055905,-0.0793764999998978,4.521690000000009,44.73414599999999,-0.0796719177166652,4.552880153603396,44.788203851892376,0.8694408800000013,0.0044686400000005,0.0464361200000011,45.01908783600813,1.0,4097.75,0.0,0.0,0.0,0.0,0.0,44.144131074960264,8.068543955107214e-05,2.2305454642175129e-07,2.2577638938033553e-07,7.662867898069619e-08,3.9893666214442404e-05
84.29774730000645,569178.5156079,0.0006235000001022,4.54169000000001,44.79414599999999,-0.0604767180886343,4.550205066551193,44.78962436532127,0.8718408800000013,0.0052686400000005,0.0460361200000011,45.02020073664354,1.0,4096.29,0.0,0.0,0.0,0.0,0.0,44.05038976082625,8.068543955107214e-05,2.2305454642175129e-07,2.2577638938033553e-07,7.662867898069619e-08,3.9893666214442404e-05
84.40858080005273,569178.6264414,0.0606235000001023,4.57669000000001,45.05414599999999,-0.0315268361736921,4.5565364812089815,44.85286017289252,0.8786408800000013,0.0056686400000005,0.0472361200000011,45.08372305317114,1.0,4096.77,0.0,0.0,0.0,0.0,0.0,44.0811530760245,8.068543955107214e-05,2.2305454642175129e-07,2.2577638938033553e-07,7.662867898069619e-08,3.9893666214442404e-05
84.5202385999728,569178.7380992,0.0306235000001022,4.36669000000001,45.04914599999999,-0.0166693493615139,4.511152308498906,44.89978371775496,0.8842408800000012,0.0060686400000005,0.0476361200000011,45.125839060552174,1.0,4095.8,0.0,0.0,0.0,0.0,0.0,44.01904164236844,8.068543955107214e-05,2.2305454642175129e-07,2.2577638938033553e-07,7.662867898069619e-08,3.9893666214442404e-05
84.63103699998464,569178.8488976,0.0456235000001021,4.49669000000001,44.73914599999999,-0.0017777937423271,4.507694989182158,44.86138211094129,0.8810408800000012,0.0068686400000005,0.0488361200000011,45.08728115754965,1.0,4091.4,0.0,0.0,0.0,0.0,0.0,43.74005974428146,8.068543955107214e-05,2.2305454642175129e-07,2.2577638938033553e-07,7.662867898069619e-08,3.9893666214442404e-05
84.74245630006772,569178.9603169,-0.0993764999998978,4.361690000000009,44.69414599999999,-0.025109469488257,4.472791441834965,44.82140311057221,0.8694408800000013,6.864000000058375e-05,0.0460361200000011,45.04403035439904,1.0,4087.98,0.0,0.0,0.0,0.0,0.0,43.5262833760666,8.068543955107214e-05,2.2305454642175129e-07,2.2577638938033553e-07,7.662867898069619e-08,3.9893666214442404e-05
84.8537050000159,569179.0715656,-0.0043764999998978,4.54169000000001,44.84414599999999,-0.0201531033651648,4.48926213986068,44.8268399625757,0.8690408800000012,0.0052686400000005,0.0508361200000011,45.05107614406492,1.0,4097.26,0.0,0.0,0.0,0.0,0.0,44.11261356369176,8.068543955107214e-05,2.2305454642175129e-07,2.2577638938033553e-07,7.662867898069619e-08,3.9893666214442404e-05
84.95600530004594,569179.1738659,-0.0443764999998976,4.6366900000000095,44.74414599999999,-0.0259438813110845,4.524505834788452,44.807071373472986,0.8646408800000013,0.0008686400000005,0.0492361200000011,45.03493611854595,1.0,4099.22,0.0,0.0,0.0,0.0,0.0,44.239027507782744,8.068543955107214e-05,2.2305454642175129e-07,2.2577638938033553e-07,7.662867898069619e-08,3.9893666214442404e-05
85.067006999976,569179.2848676,-0.0193764999998977,4.57669000000001,44.88914599999999,-0.0243739013684395,4.536980836440368,44.826691905819416,0.8638408800000013,0.0008686400000005,0.0468361200000011,45.05571102997434,1.0,4101.17,0.0,0.0,0.0,0.0,0.0,44.365713095366665,8.068543955107214e-05,2.2305454642175129e-07,2.2577638938033553e-07,7.662867898069619e-08,3.9893666214442404e-05
85.17688140005339,569179.394742,-0.0393764999998977,4.62169000000001,45.37914599999999,-0.0279603809442214,4.557231173895319,44.95876004774658,0.8794408800000012,-0.0007313599999994,0.0460361200000011,45.18914961344238,1.0,4103.13,0.0,0.0,0.0,0.0,0.0,44.493981109251415,8.068543955107214e-05,2.2305454642175129e-07,2.2577638938033553e-07,7.662867898069619e-08,3.9893666214442404e-05
85.28865240002051,569179.506513,0.0506235000001022,4.766690000000009,45.35914599999999,-0.0091743365451185,4.6073038193246605,45.054475201865,0.8794408800000012,0.0040686400000005,0.0456361200000011,45.28943660907567,1.0,4107.53,0.0,0.0,0.0,0.0,0.0,44.7853962347814,8.068543955107214e-05,2.2305454642175129e-07,2.2577638938033553e-07,7.662867898069619e-08,3.9893666214442404e-05
85.39860469999257,569179.6164653,-0.0593764999998978,4.54169000000001,45.24414599999999,-0.021175526359868,4.591618361846416,45.09981737626717,0.8838408800000013,0.0048686400000005,0.0480361200000011,45.33295638888349,1.0,4105.57,0.0,0.0,0.0,0.0,0.0,44.65498606811036,8.068543955107214e-05,2.2305454642175129e-07,2.2577638938033553e-07,7.662867898069619e-08,3.9893666214442404e-05
85.50946660002228,569179.7273272,-0.0843764999998977,4.61669000000001,45.05414599999999,-0.0362841756477458,4.597611918054786,45.088899303858256,0.8750408800000012,0.0028686400000005,0.0452361200000011,45.322711661196,1.0,4103.13,0.0,0.0,0.0,0.0,0.0,44.493981109251415,8.068543955107214e-05,2.2305454642175129e-07,2.2577638938033553e-07,7.662867898069619e-08,3.9893666214442404e-05
85.62103370006662,569179.8388943,0.0906235000001023,4.446690000000009,44.95414599999999,-0.0059459790524854,4.561532943342611,45.05668555316553,0.8758408800000013,0.0048686400000005,0.0480361200000011,45.28700179063196,1.0,4102.15,0.0,0.0,0.0,0.0,0.0,44.42972948596095,8.068543955107214e-05,2.2305454642175129e-07,2.2577638938033553e-07,7.662867898069619e-08,3.9893666214442404e-05
85.7328356000362,569179.9506962,0.0056235000001021,4.276690000000009,44.72414599999999,-0.0031802115115518,4.493439180142032,44.97718957084504,0.8642408800000012,-0.0015313599999994,0.0460361200000011,45.2010905562146,1.0,4105.08,0.0,0.0,0.0,0.0,0.0,44.62253425596148,8.068543955107214e-05,2.2305454642175129e-07,2.2577638938033553e-07,7.662867898069619e-08,3.9893666214442404e-05
85.84272339998279,569180.060584,0.0056235000001021,4.271690000000009,45.07914599999999,-0.0010756206801064,4.440428436799333,45.00156299172808,0.8542408800000012,-0.0043313599999994,0.0432361200000011,45.22010700515608,1.0,4113.88,0.0,0.0,0.0,0.0,0.0,45.214650598012966,8.068543955107214e-05,2.2305454642175129e-07,2.2577638938033553e-07,7.662867898069619e-08,3.9893666214442404e-05
85.94609219999984,569180.1639528,0.1956235000001023,4.16669000000001,45.72914599999999,0.0459467249963679,4.374989286102557,45.17549696563187,0.8586408800000013,-0.0015313599999994,0.0452361200000011,45.38687220383076,1.0,4124.63,0.0,0.0,0.0,0.0,0.0,45.9658618712019,8.068543955107214e-05,2.2305454642175129e-07,2.2577638938033553e-07,7.662867898069619e-08,3.9893666214442404e-05
86.05690019996837,569180.2747608,0.0906235000001023,4.0566900000000095,45.83414599999999,0.0566270307886401,4.298897542489618,45.33295177512177,0.8414408800000013,-0.0063313599999994,0.0464361200000011,45.536361771083065,1.0,4139.3,0.0,0.0,0.0,0.0,0.0,47.04440247444069,8.068543955107214e-05,2.2305454642175129e-07,2.2577638938033553e-07,7.662867898069619e-08,3.9893666214442404e-05
86.16690529999323,569180.3847659,0.0856235000001022,3.751690000000009,45.31414599999999,0.063558846212845,4.168083626643224,45.32845611873331,0.8022408800000013,-0.0071313599999994,0.0440361200000011,45.51973083129506,1.0,4153.96,0.0,0.0,0.0,0.0,0.0,48.189720201515854,8.068543955107214e-05,2.2305454642175129e-07,2.2577638938033553e-07,7.662867898069619e-08,3.9893666214442404e-05
86.27692299999762,569180.4947836,-0.2493764999998977,4.0966900000000095,45.87414599999999,-0.0112506088224227,4.151016464474399,45.45890722670136,0.7694408800000012,-0.0063313599999994,0.0472361200000011,45.64803731279559,1.0,4170.09,0.0,0.0,0.0,0.0,0.0,49.536802816861886,8.068543955107214e-05,2.2305454642175129e-07,2.2577638938033553e-07,7.662867898069619e-08,3.9893666214442404e-05
86.38856440002564,569180.606425,0.1056235000001022,4.59169000000001,50.03414599999999,0.0166889911446635,4.256362656395857,46.5526511052021,0.8594408800000013,-0.0015313599999994,0.0532361200000011,46.74683119215527,1.0,4197.46,0.0,0.0,0.0,0.0,0.0,52.06411313377872,8.068543955107214e-05,2.2305454642175129e-07,2.2577638938033553e-07,7.662867898069619e-08,3.9893666214442404e-05
86.50025679997634,569180.7181174,-0.0643764999998977,4.92169000000001,55.78914599999999,-0.0026903000989921,4.41541396395014,48.76070193064678,0.9666408800000011,-0.0323313599999994,0.0428361200000011,48.96020772505098,1.0,4224.83,0.0,0.0,0.0,0.0,0.0,54.95987050819981,8.068543955107214e-05,2.2305454642175129e-07,2.2577638938033553e-07,7.662867898069619e-08,3.9893666214442404e-05
86.61109999998007,569180.8289606,-0.0093764999998977,5.226690000000009,60.12914599999999,-0.0042886844838086,4.609355360710106,51.47841060663976,1.0358408800000014,-0.0587313599999994,0.0500361200000011,51.68435869603029,1.0,4263.93,0.0,0.0,0.0,0.0,0.0,59.94315194143459,8.068543955107214e-05,2.2305454642175129e-07,2.2577638938033553e-07,7.662867898069619e-08,3.9893666214442404e-05
86.72191910003312,569180.9397797,0.1056235000001022,5.351690000000009,61.15914599999999,0.0219866171799008,4.786815818568792,53.792660332286175,1.0478408800000014,-0.0739313599999994,0.0512361200000011,54.00522562416484,1.0,4289.35,0.0,0.0,0.0,0.0,0.0,63.907308260683756,8.068543955107214e-05,2.2305454642175129e-07,2.2577638938033553e-07,7.662867898069619e-08,3.9893666214442404e-05
86.83272080007009,569181.0505814,0.1906235000001022,5.38169000000001,61.49914599999999,0.0623004821852591,4.92902478877942,55.6349513998054,1.050640880000001,-0.0903313599999994,0.0548361200000011,55.85290488396455,1.0,4299.61,0.0,0.0,0.0,0.0,0.0,65.71873456626886,8.068543955107214e-05,2.2305454642175129e-07,2.2577638938033553e-07,7.662867898069619e-08,3.9893666214442404e-05
86.94282430002932,569181.1606849,0.1656235000001023,5.31669000000001,61.12914599999999,0.0870005959591532,5.021698957864265,56.94837830690475,1.0514408800000017,-0.0943313599999994,0.0532361200000011,57.169422083080846,1.0,4304.98,0.0,0.0,0.0,0.0,0.0,66.72378757607801,8.068543955107214e-05,2.2305454642175129e-07,2.2577638938033553e-07,7.662867898069619e-08,3.9893666214442404e-05
87.05361920001451,569181.2714798,0.2556235000001021,5.20169000000001,59.19414599999999,0.1273111192363539,5.06472711667203,57.48524529649068,1.0330408800000013,-0.0767313599999994,0.0552361200000011,57.70806785610775,1.0,4302.05,0.0,0.0,0.0,0.0,0.0,66.17029270105171,8.068543955107214e-05,2.2305454642175129e-07,2.2577638938033553e-07,7.662867898069619e-08,3.9893666214442404e-05
87.15592749998905,569181.3737881,0.3156235000001022,5.08169000000001,58.35914599999999,0.1723285541532543,5.068782216464848,57.69415757238304,1.0246408800000013,-0.0623313599999994,0.0564361200000011,57.916647591823626,1.0,4295.21,0.0,0.0,0.0,0.0,0.0,64.9251089490573,8.068543955107214e-05,2.2305454642175129e-07,2.2577638938033553e-07,7.662867898069619e-08,3.9893666214442404e-05
87.26606140006334,569181.483922,0.3306235000001023,5.05169000000001,57.32914599999999,0.210170104419006,5.064696198651411,57.60689891930337,1.0126408800000013,-0.0527313599999994,0.0580361200000011,57.82949180268024,1.0,4291.79,0.0,0.0,0.0,0.0,0.0,64.32583891184565,8.068543955107214e-05,2.2305454642175129e-07,2.2577638938033553e-07,7.662867898069619e-08,3.9893666214442404e-05
87.37686760001816,569181.5947282,0.3156235000001022,4.90669000000001,56.00414599999999,0.2353795003869425,5.026923675488528,57.223749256280776,0.9902408800000012,-0.0451313599999994,0.0580361200000011,57.44460674505557,1.0,4283.97,0.0,0.0,0.0,0.0,0.0,63.00985081993761,8.068543955107214e-05,2.2305454642175129e-07,2.2577638938033553e-07,7.662867898069619e-08,3.9893666214442404e-05
87.48692699999083,569181.7047876,0.2656235000001021,4.87169000000001,55.41914599999999,0.2426095469653472,4.98981394401536,56.79234581211548,0.9802408800000012,-0.0431313599999994,0.0556361200000011,57.01164482306294,1.0,4277.13,0.0,0.0,0.0,0.0,0.0,61.916435838638535,8.068543955107214e-05,2.2305454642175129e-07,2.2577638938033553e-07,7.662867898069619e-08,3.9893666214442404e-05
87.59693430003244,569181.8147949,0.2756235000001021,4.87669000000001,55.23914599999999,0.2505017709182494,4.962770848035159,56.42104217731851,0.9774408800000012,-0.0383313599999994,0.0544361200000011,56.63943719708111,1.0,4277.13,0.0,0.0,0.0,0.0,0.0,61.916435838638535,8.068543955107214e-05,2.2305454642175129e-07,2.2577638938033553e-07,7.662867898069619e-08,3.9893666214442404e-05
87.70862469996791,569181.9264853,0.3156235000001022,4.92169000000001,55.18414599999999,0.2660695906692845,4.952950174560304,56.12535321127407,0.9854408800000012,-0.0351313599999994,0.0560361200000011,56.34410156838982,1.0,4278.59,0.0,0.0,0.0,0.0,0.0,62.145536888833185,8.068543955107214e-05,2.2305454642175129e-07,2.2577638938033553e-07,7.662867898069619e-08,3.9893666214442404e-05
87.82277450000402,569182.0406351,0.2956235000001022,4.78669000000001,54.99914599999999,0.2731346661807518,4.913204478832891,55.85612524213654,0.9914408800000012,-0.0327313599999994,0.0544361200000011,56.07246122529255,1.0,4278.59,0.0,0.0,0.0,0.0,0.0,62.145536888833185,8.068543955107214e-05,2.2305454642175129e-07,2.2577638938033553e-07,7.662867898069619e-08,3.9893666214442404e-05
87.93282720004208,569182.1506878,0.3956235000001022,4.79669000000001,54.82914599999999,0.3024165067169166,4.885350851012656,55.61061843580556,0.9950408800000012,-0.0295313599999994,0.0572361200000011,55.82561232529189,1.0,4275.66,0.0,0.0,0.0,0.0,0.0,61.688043728145544,8.068543955107214e-05,2.2305454642175129e-07,2.2577638938033553e-07,7.662867898069619e-08,3.9893666214442404e-05
88.03583529999014,569182.2536959,0.2956235000001022,4.766690000000009,55.11914599999999,0.3007925893912262,4.856984117418291,55.4931283998207,1.002240880000001,-0.0343313599999994,0.0568361200000011,55.706086476234105,1.0,4274.19,0.0,0.0,0.0,0.0,0.0,61.461899943473895,8.068543955107214e-05,2.2305454642175129e-07,2.2577638938033553e-07,7.662867898069619e-08,3.9893666214442404e-05
88.14616380003281,569182.3640244,0.4306235000001022,4.82669000000001,55.36914599999999,0.3318296064202315,4.84974208981654,55.46348951154297,1.0098408800000014,-0.0299313599999994,0.0608361200000011,55.67610598831847,1.0,4275.66,0.0,0.0,0.0,0.0,0.0,61.688043728145544,8.068543955107214e-05,2.2305454642175129e-07,2.2577638938033553e-07,7.662867898069619e-08,3.9893666214442404e-05
88.25695840001572,569182.474819,0.3706235000001021,4.78669000000001,55.20914599999999,0.3411035669124839,4.834669032282148,55.402686857830105,1.0126408800000013,-0.0307313599999994,0.0588361200000011,55.6142795274905,1.0,4277.13,0.0,0.0,0.0,0.0,0.0,61.916435838638535,8.068543955107214e-05,2.2305454642175129e-07,2.2577638938033553e-07,7.662867898069619e-08,3.9893666214442404e-05
88.366941699991,569182.5848023,0.4356235000001023,4.7216900000000095,54.51414599999999,0.363699239692278,4.807660578498558,55.19027474729258,1.0030408800000017,-0.0251313599999994,0.0572361200000011,55.40047205626178,1.0,4269.31,3.42,0.0,0.0,0.0,0.0,60.72682319425888,0.26407912610194173,2.2305454642175129e-07,2.2577638938033553e-07,7.662867898069619e-08,3.9893666214442404e-05
88.47775650001131,569182.6956171,0.5456235000001023,4.766690000000009,54.98914599999999,0.4071895482688946,4.797866265752971,55.14219346737652,1.0162408800000011,-0.0207313599999994,0.0608361200000011,55.35202638048449,1.0,4265.4,0.0,0.0,0.0,0.0,0.0,60.154583339850156,8.068543955107214e-05,2.2305454642175129e-07,2.2577638938033553e-07,7.662867898069619e-08,3.9893666214442404e-05
88.59038130007684,569182.8082419,0.5656235000001022,4.851690000000009,55.02914599999999,0.4450643288954269,4.810733218226427,55.11516865368927,1.0202408800000011,-0.0215313599999994,0.0620361200000011,55.326513102475694,1.0,4269.31,0.0,0.0,0.0,0.0,0.0,60.72682319425888,8.068543955107214e-05,2.2305454642175129e-07,2.2577638938033553e-07,7.662867898069619e-08,3.9893666214442404e-05
88.7010521000484,569182.9189127,0.5306235000001023,4.75669000000001,54.75414599999999,0.4655178667941424,4.797813796522233,55.02886358043774,1.030640880000001,-0.0123313599999994,0.0600361200000011,55.23958319054219,1.0,4265.88,0.0,0.0,0.0,0.0,0.0,60.224055524444786,8.068543955107214e-05,2.2305454642175129e-07,2.2577638938033553e-07,7.662867898069619e-08,3.9893666214442404e-05
88.81141950003803,569183.0292801,0.4606235000001022,4.82169000000001,54.56414599999999,0.4643478330570268,4.803521575435994,54.917769485895214,1.0262408800000014,-0.0131313599999994,0.0704361200000011,55.129400901349065,1.0,4261.97,0.0,0.0,0.0,0.0,0.0,59.664312888204016,8.068543955107214e-05,2.2305454642175129e-07,2.2577638938033553e-07,7.662867898069619e-08,3.9893666214442404e-05
88.92195039999206,569183.139811,0.6106235000001022,4.75669000000001,54.60414599999999,0.4993160878782401,4.7923261490349525,54.842795526098,1.0198408800000014,-0.0155313599999994,0.0676361200000011,55.05404551521834,1.0,4260.51,0.0,0.0,0.0,0.0,0.0,59.45884676359239,8.068543955107214e-05,2.2305454642175129e-07,2.2577638938033553e-07,7.662867898069619e-08,3.9893666214442404e-05
89.03191530006006,569183.2497759,0.5206235000001023,4.80169000000001,54.88414599999999,0.5044097786624212,4.794564645248963,54.85268065558399,1.0138408800000014,-0.0283313599999994,0.0600361200000011,55.06413401176631,1.0,4263.93,0.0,0.0,0.0,0.0,0.0,59.94315194143459,8.068543955107214e-05,2.2305454642175129e-07,2.2577638938033553e-07,7.662867898069619e-08,3.9893666214442404e-05
89.14356110000517,569183.3614217,0.3906235000001021,4.77669000000001,54.73914599999999,0.4772083468004151,4.790291582182722,54.82553937603648,1.0042408800000011,-0.0335313599999994,0.0636361200000011,55.03648234691161,1.0,4270.28,0.0,0.0,0.0,0.0,0.0,60.87105606525658,8.068543955107214e-05,2.2305454642175129e-07,2.2577638938033553e-07,7.662867898069619e-08,3.9893666214442404e-05
89.25439670006745,569183.4722573,0.5206235000001023,4.78169000000001,54.92414599999999,0.487587052786965,4.788235311827464,54.84911200179082,1.0186408800000013,-0.0271313599999994,0.0680361200000011,55.0598767336113,1.0,4274.19,0.0,0.0,0.0,0.0,0.0,61.461899943473895,8.068543955107214e-05,2.2305454642175129e-07,2.2577638938033553e-07,7.662867898069619e-08,3.9893666214442404e-05
89.36449189996347,569183.5823525,0.5906235000001022,4.77669000000001,54.93914599999999,0.5122186597884468,4.785475321636273,54.87063527943327,1.0258408800000014,-0.0187313599999994,0.0704361200000011,55.08130134608307,1.0,4270.77,0.0,0.0,0.0,0.0,0.0,60.944265885148866,8.068543955107214e-05,2.2305454642175129e-07,2.2577638938033553e-07,7.662867898069619e-08,3.9893666214442404e-05
89.46673950005788,569183.6846001,0.6306235000001023,4.67169000000001,54.73914599999999,0.5405241921515123,4.758274118558258,54.83920181735738,1.0230408800000013,-0.0219313599999994,0.0688361200000011,55.0479009132455,1.0,4270.77,0.0,0.0,0.0,0.0,0.0,60.944265885148866,8.068543955107214e-05,2.2305454642175129e-07,2.2577638938033553e-07,7.662867898069619e-08,3.9893666214442404e-05
89.57775679999031,569183.7956174,0.6006235000001022,4.70169000000001,54.40414599999999,0.5548913658267202,4.744747276275266,54.73519858154424,1.0170408800000017,-0.0195313599999994,0.0708361200000011,54.94326614704183,1.0,4268.82,0.0,0.0,0.0,0.0,0.0,60.65431071886956,8.068543955107214e-05,2.2305454642175129e-07,2.2577638938033553e-07,7.662867898069619e-08,3.9893666214442404e-05
89.6877613000106,569183.9056219,0.6506235000001023,4.73169000000001,54.60414599999999,0.5777768240325347,4.741625840060985,54.70386951525326,1.0254408800000014,-0.0191313599999994,0.0712361200000011,54.91202219557552,1.0,4267.35,0.0,0.0,0.0,0.0,0.0,60.43815766806508,8.068543955107214e-05,2.2305454642175129e-07,2.2577638938033553e-07,7.662867898069619e-08,3.9893666214442404e-05
89.79772739997134,569184.015588,0.7206235000001022,4.75169000000001,54.73414599999999,0.611925353791357,4.744031750193982,54.7111073276375,1.028640880000001,-0.0147313599999994,0.0728361200000011,54.91981022273959,1.0,4266.37,0.0,0.0,0.0,0.0,0.0,60.295197040633674,8.068543955107214e-05,2.2305454642175129e-07,2.2577638938033553e-07,7.662867898069619e-08,3.9893666214442404e-05
89.90861729998142,569184.1264779,0.7156235000001022,4.70669000000001,55.09414599999999,0.6367151447175948,4.735104935067847,54.802675489188,1.038640880000001,-0.0139313599999994,0.0744361200000011,55.01054322304829,1.0,4268.33,0.0,0.0,0.0,0.0,0.0,60.58202979477752,8.068543955107214e-05,2.2305454642175129e-07,2.2577638938033553e-07,7.662867898069619e-08,3.9893666214442404e-05
90.02112649998162,569184.2389871,0.6606235000001023,4.79669000000001,55.58914599999999,0.642430609752529,4.749827289706413,54.9906869459544,1.0438408800000014,-0.0219313599999994,0.0712361200000011,55.19917777610773,1.0,4269.79,0.0,0.0,0.0,0.0,0.0,60.7980815330023,8.068543955107214e-05,2.2305454642175129e-07,2.2577638938033553e-07,7.662867898069619e-08,3.9893666214442404e-05
90.13192970003,569184.3497903,0.7256235000001022,4.81669000000001,55.85914599999999,0.6623184711192625,4.765811303592287,55.19829835623409,1.0514408800000017,-0.0227313599999994,0.0728361200000011,55.4076146803169,1.0,4273.7,0.0,0.0,0.0,0.0,0.0,61.38701192503367,8.068543955107214e-05,2.2305454642175129e-07,2.2577638938033553e-07,7.662867898069619e-08,3.9893666214442404e-05
90.24358510004822,569184.4614457,0.6456235000001023,4.79169000000001,55.50914599999999,0.6583274176752554,4.7719977929061805,55.27260873091869,1.0450408800000013,-0.0235313599999994,0.0720361200000011,55.48212895920264,1.0,4275.66,0.0,0.0,0.0,0.0,0.0,61.688043728145544,8.068543955107214e-05,2.2305454642175129e-07,2.2577638938033553e-07,7.662867898069619e-08,3.9893666214442404e-05
90.35444050002845,569184.5723011,0.7556235000001023,4.70669000000001,55.56914599999999,0.6815867489840303,4.756385493253889,55.343498107162354,1.0494408800000017,-0.0275313599999994,0.0732361200000011,55.5516925592219,1.0,4273.22,0.0,0.0,0.0,0.0,0.0,61.313889188356065,8.068543955107214e-05,2.2305454642175129e-07,2.2577638938033553e-07,7.662867898069619e-08,3.9893666214442404e-05
90.46441140002572,569184.682272,0.7906235000001023,4.75669000000001,55.91914599999999,0.7076527719534623,4.756458287791187,55.48111089420146,1.0610408800000013,-0.0167313599999994,0.0740361200000011,55.68912222278092,1.0,4273.7,0.0,0.0,0.0,0.0,0.0,61.38701192503367,8.068543955107214e-05,2.2305454642175129e-07,2.2577638938033553e-07,7.662867898069619e-08,3.9893666214442404e-05
90.56686769996304,569184.7847283,0.9506235000001022,4.75169000000001,56.05414599999999,0.7657366796189596,4.755318394150452,55.61809907562512,1.0694408800000017,-0.0111313599999994,0.0768361200000011,55.82626935841505,1.0,4274.19,0.0,0.0,0.0,0.0,0.0,61.461899943473895,8.068543955107214e-05,2.2305454642175129e-07,2.2577638938033553e-07,7.662867898069619e-08,3.9893666214442404e-05
90.67780229996424,569184.8956629,0.9706235000001022,4.79669000000001,56.77914599999999,0.8147163540536974,4.765208575381163,55.8956557298479,1.0814408800000013,-0.0175313599999994,0.0768361200000011,56.10432518954424,1.0,4275.66,0.0,0.0,0.0,0.0,0.0,61.688043728145544,8.068543955107214e-05,2.2305454642175129e-07,2.2577638938033553e-07,7.662867898069619e-08,3.9893666214442404e-05
90.78875900001732,569185.0066196,0.9306235000001024,4.73669000000001,55.79414599999999,0.8424247945602837,4.758391003929212,55.87138909566099,1.0610408800000013,-0.0099313599999994,0.0772361200000011,56.07997935056244,1.0,4275.17,0.0,0.0,0.0,0.0,0.0,61.61241448737343,8.068543955107214e-05,2.2305454642175129e-07,2.2577638938033553e-07,7.662867898069619e-08,3.9893666214442404e-05
90.8986035999842,569185.1164642,0.8956235000001023,4.8866900000000095,55.67914599999999,0.8551423293824096,4.789061805721936,55.825431994953945,1.048640880000001,-0.0175313599999994,0.0784361200000011,56.0369988383189,1.0,4272.24,0.0,0.0,0.0,0.0,0.0,61.16531984746476,8.068543955107214e-05,2.2305454642175129e-07,2.2577638938033553e-07,7.662867898069619e-08,3.9893666214442404e-05
91.01027229998726,569185.2281329,0.8906235000001023,4.8866900000000095,55.48414599999999,0.8636243595207322,4.812400530792177,55.74384511254304,1.0514408800000017,-0.0095313599999994,0.0792361200000011,55.95785301308759,1.0,4272.73,0.0,0.0,0.0,0.0,0.0,61.239483643292836,8.068543955107214e-05,2.2305454642175129e-07,2.2577638938033553e-07,7.662867898069619e-08,3.9893666214442404e-05
91.1203287000535,569185.3381893,0.8506235000001022,4.84169000000001,55.91414599999999,0.8605164101391779,4.819402389982032,55.78455676987693,1.0626408800000011,-0.0119313599999994,0.0784361200000011,55.99896340023005,1.0,4271.26,0.0,0.0,0.0,0.0,0.0,61.01771226553103,8.068543955107214e-05,2.2305454642175129e-07,2.2577638938033553e-07,7.662867898069619e-08,3.9893666214442404e-05
91.23124009999448,569185.4491007,0.7456235000001022,4.8066900000000095,56.18914599999999,0.8330504300287782,4.816363401327473,55.88127674793293,1.0638408800000014,-0.0195313599999994,0.0740361200000011,56.09463807184861,1.0,4276.15,0.0,0.0,0.0,0.0,0.0,61.76392277581212,8.068543955107214e-05,2.2305454642175129e-07,2.2577638938033553e-07,7.662867898069619e-08,3.9893666214442404e-05
91.34194159996696,569185.5598022,0.8306235000001022,5.0566900000000095,56.58914599999999,0.8324702548742255,4.87381521076593,56.05049800601145,1.079040880000001,-0.0135313599999994,0.0756361200000011,56.268156253389336,1.0,4276.15,0.0,0.0,0.0,0.0,0.0,61.76392277581212,8.068543955107214e-05,2.2305454642175129e-07,2.2577638938033553e-07,7.662867898069619e-08,3.9893666214442404e-05
91.45197769999504,569185.6698383,0.8006235000001023,4.91169000000001,55.99914599999999,0.8248570580730075,4.8828694527250684,56.03822193802751,1.0662408800000014,-0.0187313599999994,0.0764361200000011,56.25660069035665,1.0,4273.7,0.0,0.0,0.0,0.0,0.0,61.38701192503367,8.068543955107214e-05,2.2305454642175129e-07,2.2577638938033553e-07,7.662867898069619e-08,3.9893666214442404e-05
91.56280389998574,569185.7806645,0.5956235000001022,5.0566900000000095,55.80914599999999,0.7700571201216992,4.924422510163106,55.98345968028664,1.0570408800000013,-0.0175313599999994,0.0728361200000011,56.20489909964371,1.0,4272.24,0.0,0.0,0.0,0.0,0.0,61.16531984746476,8.068543955107214e-05,2.2305454642175129e-07,2.2577638938033553e-07,7.662867898069619e-08,3.9893666214442404e-05
91.67359849996863,569185.8914591,0.5756235000001022,5.04669000000001,56.09914599999999,0.723576358718855,4.953651436821365,56.01111533068705,1.0570408800000013,-0.0131313599999994,0.0712361200000011,56.234395754661975,1.0,4274.68,0.0,0.0,0.0,0.0,0.0,61.53703368010513,8.068543955107214e-05,2.2305454642175129e-07,2.2577638938033553e-07,7.662867898069619e-08,3.9893666214442404e-05
91.78362230001947,569186.0014829,0.5906235000001022,5.101690000000009,55.83414599999999,0.6917930174424458,4.989041124722167,55.968809533828754,1.0602408800000014,-0.0059313599999994,0.0700361200000011,56.19498865163291,1.0,4276.15,0.0,0.0,0.0,0.0,0.0,61.76392277581212,8.068543955107214e-05,2.2305454642175129e-07,2.2577638938033553e-07,7.662867898069619e-08,3.9893666214442404e-05
91.88774560007732,569186.1056062,0.5906235000001022,5.03169000000001,55.96914599999999,0.667607713488646,4.999236646436207,55.968889968497486,1.0666408800000011,0.0004686400000005,0.0716361200000011,56.19568232001422,1.0,4274.19,0.0,0.0,0.0,0.0,0.0,61.461899943473895,8.068543955107214e-05,2.2305454642175129e-07,2.2577638938033553e-07,7.662867898069619e-08,3.9893666214442404e-05
91.9987224000506,569186.216583,0.7006235000001022,5.101690000000009,56.44914599999999,0.6755003757473979,5.023728860688773,56.083698642010766,1.0806408800000014,0.0024686400000005,0.0720361200000011,56.312302437311445,1.0,4275.66,0.0,0.0,0.0,0.0,0.0,61.688043728145544,8.068543955107214e-05,2.2305454642175129e-07,2.2577638938033553e-07,7.662867898069619e-08,3.9893666214442404e-05
92.10943010007033,569186.3272907,0.7356235000001022,5.07669000000001,56.90414599999999,0.6898732429060498,5.036389603611776,56.2798325095304,1.0846408800000014,-0.0011313599999994,0.0720361200000011,56.50894347474071,1.0,4275.17,0.0,0.0,0.0,0.0,0.0,61.61241448737343,8.068543955107214e-05,2.2305454642175129e-07,2.2577638938033553e-07,7.662867898069619e-08,3.9893666214442404e-05
92.2194482999621,569186.4373089,0.6556235000001023,4.9316900000000095,56.56414599999999,0.6816855944575742,5.011360407059208,56.34779970319711,1.0758408800000014,-0.0035313599999994,0.0724361200000011,56.57431360406198,1.0,4278.1,0.0,0.0,0.0,0.0,0.0,62.06839308599734,8.068543955107214e-05,2.2305454642175129e-07,2.2577638938033553e-07,7.662867898069619e-08,3.9893666214442404e-05
92.32943859999068,569186.5472992,0.7106235000001022,4.96169000000001,56.68414599999999,0.6886034098136793,4.999486337452023,56.42820571508255,1.0822408800000014,-0.0075313599999994,0.0716361200000011,56.65343271610337,1.0,4279.08,0.0,0.0,0.0,0.0,0.0,62.22293893637499,8.068543955107214e-05,2.2305454642175129e-07,2.2577638938033553e-07,7.662867898069619e-08,3.9893666214442404e-05
92.4402676000027,569186.6581282,0.6906235000001022,5.02669000000001,56.65414599999999,0.6890863269650888,5.005989569492787,56.48221837229672,1.0854408800000013,-0.0087313599999994,0.0716361200000011,56.707810430236975,1.0,4278.59,0.0,0.0,0.0,0.0,0.0,62.145536888833185,8.068543955107214e-05,2.2305454642175129e-07,2.2577638938033553e-07,7.662867898069619e-08,3.9893666214442404e-05
92.5511585000204,569186.7690191,0.7256235000001022,5.016690000000009,56.36914599999999,0.6978208021094223,5.008547584701282,56.45518760490839,1.0782408800000014,-0.0131313599999994,0.0732361200000011,56.681220084658335,1.0,4274.19,0.0,0.0,0.0,0.0,0.0,61.461899943473895,8.068543955107214e-05,2.2305454642175129e-07,2.2577638938033553e-07,7.662867898069619e-08,3.9893666214442404e-05
92.66114930005278,569186.8790099,0.7256235000001022,4.94169000000001,56.16414599999999,0.704467237876055,4.992564796125279,56.38561200688378,1.0666408800000011,-0.0115313599999994,0.0736361200000011,56.61059281374455,1.0,4273.22,0.0,0.0,0.0,0.0,0.0,61.313889188356065,8.068543955107214e-05,2.2305454642175129e-07,2.2577638938033553e-07,7.662867898069619e-08,3.9893666214442404e-05
92.77120489999652,569186.9890655,0.7756235000001023,5.00669000000001,57.05914599999999,0.7214776563419442,4.995941528146507,56.54662517328556,1.0806408800000014,-0.0147313599999994,0.0740361200000011,56.771478580791886,1.0,4277.61,0.0,0.0,0.0,0.0,0.0,61.99150608932262,8.068543955107214e-05,2.2305454642175129e-07,2.2577638938033553e-07,7.662867898069619e-08,3.9893666214442404e-05
92.88199350005016,569187.0998541,0.6956235000001022,5.03669000000001,57.73414599999999,0.7152970335080667,5.005682744694184,56.83051060509978,1.0934408800000013,-0.0151313599999994,0.0704361200000011,57.0550212095573,1.0,4282.99,0.0,0.0,0.0,0.0,0.0,62.85000293553676,8.068543955107214e-05,2.2305454642175129e-07,2.2577638938033553e-07,7.662867898069619e-08,3.9893666214442404e-05
92.99194059998264,569187.2098012,0.7156235000001022,5.141690000000009,57.68414599999999,0.7153750776812546,5.038196261538504,57.03457831258044,1.0978408800000017,-0.0107313599999994,0.0692361200000011,57.26114132957375,1.0,4283.48,0.0,0.0,0.0,0.0,0.0,62.929790258765564,8.068543955107214e-05,2.2305454642175129e-07,2.2577638938033553e-07,7.662867898069619e-08,3.9893666214442404e-05
93.1027609000448,569187.3206215,0.7356235000001022,5.0566900000000095,57.55914599999999,0.720215609303295,5.042617323309294,57.159980007530834,1.097040880000001,-0.0067313599999994,0.0692361200000011,57.38649679545309,1.0,4284.95,0.0,0.0,0.0,0.0,0.0,63.170797944215046,8.068543955107214e-05,2.2305454642175129e-07,2.2577638938033553e-07,7.662867898069619e-08,3.9893666214442404e-05
93.2127987999702,569187.4306594,0.7056235000001022,5.04169000000001,57.30414599999999,0.71672726016665,5.042395639973587,57.19444392942959,1.1018408800000017,-0.0027313599999994,0.0736361200000011,57.42076164726619,1.0,4283.48,0.0,0.0,0.0,0.0,0.0,62.929790258765564,8.068543955107214e-05,2.2305454642175129e-07,2.2577638938033553e-07,7.662867898069619e-08,3.9893666214442404e-05
93.32279350003228,569187.5406541,0.7056235000001022,4.95169000000001,58.13414599999999,0.7140728260895961,5.020711801515673,57.41908649744136,1.1238408800000017,-0.0035313599999994,0.0704361200000011,57.64259658616613,1.0,4281.52,0.0,0.0,0.0,0.0,0.0,62.61226489124332,8.068543955107214e-05,2.2305454642175129e-07,2.2577638938033553e-07,7.662867898069619e-08,3.9893666214442404e-05
93.4328206999926,569187.6506813,0.7106235000001022,4.96169000000001,58.48414599999999,0.7132482397713138,5.006602213512838,57.67369666510321,1.1382408800000017,-0.0007313599999994,0.0724361200000011,57.89499180235045,1.0,4283.97,0.0,0.0,0.0,0.0,0.0,63.00985081993761,8.068543955107214e-05,2.2305454642175129e-07,2.2577638938033553e-07,7.662867898069619e-08,3.9893666214442404e-05
93.5427848000545,569187.7606454,0.7356235000001022,4.8466900000000095,58.19914599999999,0.7185972073591747,4.968374043729021,57.799309124251714,1.1306408800000014,0.0052686400000005,0.0716361200000011,58.016904931456246,1.0,4284.46,0.0,0.0,0.0,0.0,0.0,63.09018618792619,8.068543955107214e-05,2.2305454642175129e-07,2.2577638938033553e-07,7.662867898069619e-08,3.9893666214442404e-05
93.65442999999505,569187.8722906,0.7406235000001022,4.891690000000009,57.94914599999999,0.7238627517243513,4.950042169139923,57.83512871176259,1.1198408800000017,0.0044686400000005,0.0688361200000011,58.05108963547319,1.0,4283.97,0.0,0.0,0.0,0.0,0.0,63.00985081993761,8.068543955107214e-05,2.2305454642175129e-07,2.2577638938033553e-07,7.662867898069619e-08,3.9893666214442404e-05
93.76442460005636,569187.9822852,0.7006235000001022,4.851690000000009,58.16914599999999,0.7183072407283624,4.926530372649246,57.9149779573266,1.1274408800000013,0.0044686400000005,0.0700361200000011,58.12857592099039,1.0,4284.95,0.0,0.0,0.0,0.0,0.0,63.170797944215046,8.068543955107214e-05,2.2305454642175129e-07,2.2577638938033553e-07,7.662867898069619e-08,3.9893666214442404e-05
93.87446379999164,569188.0923244,0.8406235000001022,4.86169000000001,58.53914599999999,0.7475478260723095,4.911029813185837,58.064189836674615,1.1418408800000013,0.0068686400000005,0.0724361200000011,58.27630035415472,1.0,4286.41,0.0,0.0,0.0,0.0,0.0,63.41264247207455,8.068543955107214e-05,2.2305454642175129e-07,2.2577638938033553e-07,7.662867898069619e-08,3.9893666214442404e-05
93.98447120003402,569188.2023318,0.8656235000001022,4.95669000000001,58.93414599999999,0.7757746688574485,4.921945210675178,58.272159141742186,1.1510408800000014,0.0036686400000005,0.0736361200000011,58.484800606946216,1.0,4286.41,0.0,0.0,0.0,0.0,0.0,63.41264247207455,8.068543955107214e-05,2.2305454642175129e-07,2.2577638938033553e-07,7.662867898069619e-08,3.9893666214442404e-05
94.08670780004468,569188.3045684,0.8456235000001022,4.94669000000001,58.97414599999999,0.7924725365028631,4.927860631310003,58.43997417108848,1.1518408800000013,0.0044686400000005,0.0736361200000011,58.652727167969054,1.0,4286.9,0.0,0.0,0.0,0.0,0.0,63.494370064496614,8.068543955107214e-05,2.2305454642175129e-07,2.2577638938033553e-07,7.662867898069619e-08,3.9893666214442404e-05
94.19725129997823,569188.4151119,0.9256235000001024,4.766690000000009,58.48414599999999,0.8243032361576011,4.889331627661454,58.45053376586987,1.149440880000001,0.0104686400000005,0.0748361200000011,58.66046315113344,1.0,4288.86,0.0,0.0,0.0,0.0,0.0,63.824141656460796,8.068543955107214e-05,2.2305454642175129e-07,2.2577638938033553e-07,7.662867898069619e-08,3.9893666214442404e-05
94.30879450007342,569188.5266551,0.9056235000001024,4.70169000000001,57.95414599999999,0.8437434326550781,4.844474541118919,58.33186868472671,1.143440880000001,0.0104686400000005,0.0752361200000011,58.53877126154852,1.0,4282.01,0.0,0.0,0.0,0.0,0.0,62.69124178969788,8.068543955107214e-05,2.2305454642175129e-07,2.2577638938033553e-07,7.662867898069619e-08,3.9893666214442404e-05
94.41943330003414,569188.6372939,0.8956235000001023,4.79169000000001,57.58414599999999,0.8561457375153151,4.831856015269468,58.1531201756852,1.139440880000001,0.0092686400000005,0.0752361200000011,58.35979098869226,1.0,4273.22,0.0,0.0,0.0,0.0,0.0,61.313889188356065,8.068543955107214e-05,2.2305454642175129e-07,2.2577638938033553e-07,7.662867898069619e-08,3.9893666214442404e-05
94.53031050006392,569188.7481711,0.8956235000001023,4.73169000000001,56.96914599999999,0.8655831818092905,4.807910605759005,57.87008259641914,1.1238408800000017,0.0112686400000005,0.0744361200000011,58.07591323736524,1.0,4269.31,0.0,0.0,0.0,0.0,0.0,60.72682319425888,8.068543955107214e-05,2.2305454642175129e-07,2.2577638938033553e-07,7.662867898069619e-08,3.9893666214442404e-05
94.63704920001328,569188.8549098,0.8756235000001023,4.79669000000001,57.21414599999999,0.8679833924001539,4.80522823889903,57.713276214814535,1.129440880000001,0.0084686400000005,0.0728361200000011,57.9194774237896,1.0,4268.82,0.0,0.0,0.0,0.0,0.0,60.65431071886956,8.068543955107214e-05,2.2305454642175129e-07,2.2577638938033553e-07,7.662867898069619e-08,3.9893666214442404e-05
94.74778680002782,569188.9656474,0.8806235000001023,4.92169000000001,57.24414599999999,0.8710051014291379,4.833069264164641,57.60112724814908,1.1298408800000013,0.0092686400000005,0.0724361200000011,57.81009486807984,1.0,4270.28,0.0,0.0,0.0,0.0,0.0,60.87105606525658,8.068543955107214e-05,2.2305454642175129e-07,2.2577638938033553e-07,7.662867898069619e-08,3.9893666214442404e-05
94.85797130002176,569189.0758319,0.7556235000001023,4.94169000000001,56.55914599999999,0.8434222961357576,4.859035835699994,57.35203410391216,1.1130408800000011,0.0120686400000005,0.0740361200000011,57.56368131277341,1.0,4268.33,0.0,0.0,0.0,0.0,0.0,60.58202979477752,8.068543955107214e-05,2.2305454642175129e-07,2.2577638938033553e-07,7.662867898069619e-08,3.9893666214442404e-05
94.9687918999698,569189.1866525,0.8556235000001022,5.00169000000001,56.66414599999999,0.8463390820562758,4.893138344154059,57.187589483636096,1.1134408800000013,0.0104686400000005,0.0744361200000011,57.40278289112587,1.0,4264.42,0.0,0.0,0.0,0.0,0.0,60.01340790619978,8.068543955107214e-05,2.2305454642175129e-07,2.2577638938033553e-07,7.662867898069619e-08,3.9893666214442404e-05
95.07866300002206,569189.2965236,0.7156235000001022,5.11169000000001,56.39414599999999,0.8150905779272718,4.94538469621611,56.99791108734605,1.1042408800000014,0.0072686400000005,0.0704361200000011,57.217856223077774,1.0,4265.4,0.0,0.0,0.0,0.0,0.0,60.154583339850156,8.068543955107214e-05,2.2305454642175129e-07,2.2577638938033553e-07,7.662867898069619e-08,3.9893666214442404e-05
95.1887455000542,569189.4066061,0.6556235000001023,4.95669000000001,56.59414599999999,0.7769688210206934,4.948087310750765,56.901388126574176,1.1122408800000014,0.0084686400000005,0.0692361200000011,57.121407714749886,1.0,4263.44,0.0,0.0,0.0,0.0,0.0,59.87311560059836,8.068543955107214e-05,2.2305454642175129e-07,2.2577638938033553e-07,7.662867898069619e-08,3.9893666214442404e-05
95.30116350005846,569189.5190241,0.7106235000001022,5.08669000000001,56.81414599999999,0.761108492777951,4.981221284827664,56.880532266013454,1.1198408800000017,0.0136686400000005,0.0688361200000011,57.10329940109588,1.0,4266.86,0.0,0.0,0.0,0.0,0.0,60.36656402211609,8.068543955107214e-05,2.2305454642175129e-07,2.2577638938033553e-07,7.662867898069619e-08,3.9893666214442404e-05
95.41115900001024,569189.6290196,0.7506235000001023,5.03169000000001,56.52414599999999,0.7586019795149004,4.993286195755964,56.795335554727295,1.1206408800000014,0.0232686400000005,0.0696361200000011,57.01945742262129,1.0,4261.49,0.0,0.0,0.0,0.0,0.0,59.596553125610036,8.068543955107214e-05,2.2305454642175129e-07,2.2577638938033553e-07,7.662867898069619e-08,3.9893666214442404e-05
95.52114750002512,569189.7390081,0.7606235000001023,4.91169000000001,55.75414599999999,0.7590852385895649,4.973780035741351,56.54643167052173,1.1062408800000014,0.0212686400000005,0.0708361200000011,56.769830305474464,1.0,4253.18,0.0,0.0,0.0,0.0,0.0,58.45514018197,8.068543955107214e-05,2.2305454642175129e-07,2.2577638938033553e-07,7.662867898069619e-08,3.9893666214442404e-05
95.63197700004092,569189.8498376,0.6406235000001023,4.82169000000001,55.59914599999999,0.7307661042582728,4.937421814058175,56.31997618816062,1.1134408800000013,0.0220686400000005,0.0708361200000011,56.54070985673994,1.0,4244.38,0.0,0.0,0.0,0.0,0.0,57.30791203303227,8.068543955107214e-05,2.2305454642175129e-07,2.2577638938033553e-07,7.662867898069619e-08,3.9893666214442404e-05
95.74197239999194,569189.959833,0.7106235000001022,4.87669000000001,55.18914599999999,0.7259508692080258,4.9229034352045895,56.049643063003785,1.1054408800000013,0.0192686400000005,0.0708361200000011,56.27010281123522,1.0,4231.67,0.0,0.0,0.0,0.0,0.0,55.752047618865255,8.068543955107214e-05,2.2305454642175129e-07,2.2577638938033553e-07,7.662867898069619e-08,3.9893666214442404e-05
95.85199840005951,569190.069859,0.7606235000001023,4.90669000000001,55.22414599999999,0.734239612060458,4.919027496399391,55.85230202702332,1.0998408800000017,0.0196686400000005,0.0704361200000011,56.073305422777466,1.0,4231.67,0.0,0.0,0.0,0.0,0.0,55.752047618865255,8.068543955107214e-05,2.2305454642175129e-07,2.2577638938033553e-07,7.662867898069619e-08,3.9893666214442404e-05
95.96526590001304,569190.1831265,0.6406235000001023,5.061690000000009,55.55414599999999,0.7118600042260822,4.953131998423505,55.78102567500033,1.1038408800000017,0.0252686400000005,0.0700361200000011,56.00502733339632,1.0,4237.05,0.0,0.0,0.0,0.0,0.0,56.39679993747112,8.068543955107214e-05,2.2305454642175129e-07,2.2577638938033553e-07,7.662867898069619e-08,3.9893666214442404e-05
96.06946060003249,569190.2873212,0.7256235000001022,4.94169000000001,55.80914599999999,0.7151502673129968,4.950396706047826,55.78774804182178,1.1114408800000013,0.0280686400000005,0.0704361200000011,56.01152291296744,1.0,4243.89,0.0,0.0,0.0,0.0,0.0,57.245783217005766,8.068543955107214e-05,2.2305454642175129e-07,2.2577638938033553e-07,7.662867898069619e-08,3.9893666214442404e-05
96.18029509996995,569190.3981557,0.6906235000001022,5.0566900000000095,57.29414599999999,0.7092869664150309,4.97580688578847,56.14786335535667,1.1290408800000014,0.0132686400000005,0.0672361200000011,56.37237179272476,1.0,4247.31,0.0,0.0,0.0,0.0,0.0,57.68319596187806,8.068543955107214e-05,2.2305454642175129e-07,2.2577638938033553e-07,7.662867898069619e-08,3.9893666214442404e-05
96.29115760000424,569190.5090182,0.6406235000001023,5.11669000000001,59.33914599999999,0.6928724687703922,5.0094860119255085,56.91076252414207,1.149440880000001,-0.0015313599999994,0.0640361200000011,57.135014775888095,1.0,4267.35,0.0,0.0,0.0,0.0,0.0,60.43815766806508,8.068543955107214e-05,2.2305454642175129e-07,2.2577638938033553e-07,7.662867898069619e-08,3.9893666214442404e-05
96.40200320002624,569190.6198638,0.6706235000001023,5.13169000000001,61.56414599999999,0.6875536920679657,5.038699758028752,58.02318745827652,1.1930408800000014,0.0024686400000005,0.0616361200000011,58.2456136387053,1.0,4283.48,0.0,0.0,0.0,0.0,0.0,62.929790258765564,8.068543955107214e-05,2.2305454642175129e-07,2.2577638938033553e-07,7.662867898069619e-08,3.9893666214442404e-05
96.51196190004704,569190.7298225,0.6556235000001023,5.3066900000000095,62.82914599999999,0.6799205490028662,5.102764761229157,59.172086564049,1.2130408800000014,0.0044686400000005,0.0568361200000011,59.39559182721144,1.0,4290.81,0.0,0.0,0.0,0.0,0.0,64.15685406001897,8.068543955107214e-05,2.2305454642175129e-07,2.2577638938033553e-07,7.662867898069619e-08,3.9893666214442404e-05
96.62447060004342,569190.8423312,0.6456235000001023,5.311690000000009,64.20914599999999,0.6717215916902257,5.1527098487519165,60.376232007969456,1.2410408800000017,0.0112686400000005,0.0560361200000011,60.59943085675247,1.0,4294.23,0.0,0.0,0.0,0.0,0.0,64.75184994571737,8.068543955107214e-05,2.2305454642175129e-07,2.2577638938033553e-07,7.662867898069619e-08,3.9893666214442404e-05
96.73444649996236,569190.9523071,0.7456235000001022,5.3866900000000095,65.674146,0.6893883767103164,5.208644494089294,61.6427366178325,1.2758408800000014,0.0128686400000005,0.0588361200000011,61.86624452425747,1.0,4303.52,0.0,0.0,0.0,0.0,0.0,66.44642371938122,8.068543955107214e-05,2.2305454642175129e-07,2.2577638938033553e-07,7.662867898069619e-08,3.9893666214442404e-05
96.8445011000149,569191.0623617,0.8956235000001023,5.38169000000001,65.97914599999999,0.7386903726949806,5.250012272290617,62.6793866051728,1.2990408800000013,0.0196686400000005,0.0624361200000011,62.9032097553585,1.0,4308.41,0.0,0.0,0.0,0.0,0.0,67.38794176957873,8.068543955107214e-05,2.2305454642175129e-07,2.2577638938033553e-07,7.662867898069619e-08,3.9893666214442404e-05
96.94854879996274,569191.1664094,0.9206235000001024,5.2216900000000095,65.204146,0.7821828009913528,5.243241628510479,63.28294857638518,1.282640880000001,0.0176686400000005,0.0664361200000011,63.50460592138592,1.0,4309.38,0.0,0.0,0.0,0.0,0.0,67.57903697284563,8.068543955107214e-05,2.2305454642175129e-07,2.2577638938033553e-07,7.662867898069619e-08,3.9893666214442404e-05
97.05864449997898,569191.2765051,0.9856235000001022,5.16169000000001,65.39914599999999,0.8308167696658022,5.223746122617835,63.78884085708663,1.2874408800000017,0.0132686400000005,0.0668361200000011,64.00776513790375,1.0,4307.43,0.0,0.0,0.0,0.0,0.0,67.19635779007925,8.068543955107214e-05,2.2305454642175129e-07,2.2577638938033553e-07,7.662867898069619e-08,3.9893666214442404e-05
97.16947990003972,569191.3873405,0.9856235000001022,5.03169000000001,64.83414599999999,0.8678244368157684,5.177833719167384,64.03872860237746,1.2778408800000014,0.0140686400000005,0.0644361200000011,64.2535745487007,1.0,4306.94,0.0,0.0,0.0,0.0,0.0,67.1011181769119,8.068543955107214e-05,2.2305454642175129e-07,2.2577638938033553e-07,7.662867898069619e-08,3.9893666214442404e-05
97.27955760003532,569191.4974182,0.9906235000001022,5.07169000000001,65.70914599999999,0.8971804399226087,5.152459296359519,64.4380539477241,1.2958408800000014,0.0144686400000005,0.0676361200000011,64.64994637362217,1.0,4307.43,0.0,0.0,0.0,0.0,0.0,67.19635779007925,8.068543955107214e-05,2.2305454642175129e-07,2.2577638938033553e-07,7.662867898069619e-08,3.9893666214442404e-05
97.38948530005293,569191.6073459,1.1806235000001022,5.0966900000000095,67.16914599999998,0.9649395509164518,5.139127243209092,65.0909412311664,1.3206408800000011,0.0192686400000005,0.0704361200000011,65.30063068239062,1.0,4313.78,0.0,0.0,0.0,0.0,0.0,68.46469984969421,8.068543955107214e-05,2.2305454642175129e-07,2.2577638938033553e-07,7.662867898069619e-08,3.9893666214442404e-05
97.49952219997068,569191.7173828,1.1956235000001023,5.1366900000000095,67.61414599999999,1.020086215315939,5.138544602614265,65.69413155780501,1.3298408800000014,0.0132686400000005,0.0696361200000011,65.90268687734913,1.0,4316.72,0.0,0.0,0.0,0.0,0.0,69.07434448103714,8.068543955107214e-05,2.2305454642175129e-07,2.2577638938033553e-07,7.662867898069619e-08,3.9893666214442404e-05
97.60951310000382,569191.8273737,0.9756235000001022,5.16169000000001,68.49414599999999,1.0094570820383424,5.144077677052667,66.36349523642598,1.3454408800000013,0.0144686400000005,0.0632361200000011,66.57021885755793,1.0,4320.63,0.0,0.0,0.0,0.0,0.0,69.90846432773789,8.068543955107214e-05,2.2305454642175129e-07,2.2577638938033553e-07,7.662867898069619e-08,3.9893666214442404e-05
97.72033769998234,569191.9381983,0.9356235000001024,5.21669000000001,69.264146,0.9918066309070488,5.16143617737638,67.05691675463021,1.3634408800000013,0.0088686400000005,0.0560361200000011,67.26257643328603,1.0,4325.51,0.0,0.0,0.0,0.0,0.0,70.98898989191599,8.068543955107214e-05,2.2305454642175129e-07,2.2577638938033553e-07,7.662867898069619e-08,3.9893666214442404e-05
97.83031260001007,569192.0481732,0.8756235000001023,5.31669000000001,70.35414599999999,0.964032214202037,5.198550725167731,67.84514322363627,1.3822408800000014,0.0104686400000005,0.0536361200000011,68.05084677495115,1.0,4329.42,0.0,0.0,0.0,0.0,0.0,71.88834113276621,8.068543955107214e-05,2.2305454642175129e-07,2.2577638938033553e-07,7.662867898069619e-08,3.9893666214442404e-05
97.9413737000432,569192.1592343,1.0006235000001025,5.46169000000001,71.174146,0.9727796253932676,5.261456069632065,68.64096538474605,1.4002408800000017,0.0176686400000005,0.0460361200000011,68.84919279935063,1.0,4333.33,0.0,0.0,0.0,0.0,0.0,72.81949549340172,8.068543955107214e-05,2.2305454642175129e-07,2.2577638938033553e-07,7.662867898069619e-08,3.9893666214442404e-05
98.05203600006644,569192.2698966,0.9206235000001024,5.39669000000001,70.98914599999999,0.9603113268624868,5.293784717563788,69.20231492316509,1.4018408800000013,0.0120686400000005,0.0484361200000011,69.41114280290543,1.0,4336.75,0.0,0.0,0.0,0.0,0.0,73.66153764189407,8.068543955107214e-05,2.2305454642175129e-07,2.2577638938033553e-07,7.662867898069619e-08,3.9893666214442404e-05
98.16282179998234,569192.3806824,0.8856235000001023,5.3866900000000095,69.844146,0.9424566623352492,5.3159943964417575,69.35574927842029,1.3746408800000014,0.0132686400000005,0.0520361200000011,69.56556604351377,1.0,4339.2,0.0,0.0,0.0,0.0,0.0,74.28138466926704,8.068543955107214e-05,2.2305454642175129e-07,2.2577638938033553e-07,7.662867898069619e-08,3.9893666214442404e-05
98.27360840002076,569192.491469,0.8756235000001023,5.27169000000001,68.564146,0.9264797121022864,5.305403110434646,69.16651079648001,1.3514408800000013,0.0216686400000005,0.0496361200000011,69.37587392300534,1.0,4333.82,0.0,0.0,0.0,0.0,0.0,72.93852420862402,8.068543955107214e-05,2.2305454642175129e-07,2.2577638938033553e-07,7.662867898069619e-08,3.9893666214442404e-05
98.38365430000704,569192.6015149,0.9206235000001024,5.351690000000009,69.21414599999999,0.925079742296263,5.316468325743717,69.17789833597962,1.3602408800000014,0.0252686400000005,0.0516361200000011,69.38805535660568,1.0,4334.8,0.0,0.0,0.0,0.0,0.0,73.17818578234117,8.068543955107214e-05,2.2305454642175129e-07,2.2577638938033553e-07,7.662867898069619e-08,3.9893666214442404e-05
98.4953666999936,569192.7132273,0.9706235000001022,5.42669000000001,69.469146,0.9359673065657408,5.342817613173148,69.24752319392343,1.3610408800000011,0.0264686400000005,0.0524361200000011,69.45963722435897,1.0,4339.69,0.0,0.0,0.0,0.0,0.0,74.40707545062244,8.068543955107214e-05,2.2305454642175129e-07,2.2577638938033553e-07,7.662867898069619e-08,3.9893666214442404e-05
98.59793449996504,569192.8157951,0.9506235000001022,5.44669000000001,69.484146,0.9394709754768604,5.367649057577793,69.30408958498705,1.3622408800000014,0.0288686400000005,0.0548361200000011,69.51799116288524,1.0,4341.15,0.0,0.0,0.0,0.0,0.0,74.78506383765323,8.068543955107214e-05,2.2305454642175129e-07,2.2577638938033553e-07,7.662867898069619e-08,3.9893666214442404e-05
98.70782909996342,569192.9256897,1.0156235000001024,5.39669000000001,70.219146,0.9576757865603314,5.374591504644286,69.5228404310072,1.3818408800000015,0.0208686400000005,0.0584361200000011,69.73685337287056,1.0,4343.11,0.0,0.0,0.0,0.0,0.0,75.3008684067654,8.068543955107214e-05,2.2305454642175129e-07,2.2577638938033553e-07,7.662867898069619e-08,3.9893666214442404e-05
98.81952869996894,569193.0373893,1.0806235000001023,5.3866900000000095,72.22914599999999,0.9870673255845256,5.377483737353892,70.16980232657275,1.4234408800000014,0.0124686400000005,0.0632361200000011,70.38247503321432,1.0,4345.06,0.0,0.0,0.0,0.0,0.0,75.82383684588969,8.068543955107214e-05,2.2305454642175129e-07,2.2577638938033553e-07,7.662867898069619e-08,3.9893666214442404e-05
98.92953059996944,569193.1473912,1.110623500000102,5.65169000000001,74.05414599999999,1.0166043216002711,5.443034725198736,71.09838274069202,1.4826408800000015,0.0052686400000005,0.0604361200000011,71.31367428276535,1.0,4347.02,0.0,0.0,0.0,0.0,0.0,76.35965044991214,8.068543955107214e-05,2.2305454642175129e-07,2.2577638938033553e-07,7.662867898069619e-08,3.9893666214442404e-05
99.0411877000006,569193.2590483,1.0606235000001023,5.61169000000001,74.05414599999999,1.0271274241741584,5.483352986940026,71.80497929911266,1.4986408800000013,0.0024686400000005,0.0640361200000011,72.02136629411353,1.0,4351.42,0.0,0.0,0.0,0.0,0.0,77.60135005681649,8.068543955107214e-05,2.2305454642175129e-07,2.2577638938033553e-07,7.662867898069619e-08,3.9893666214442404e-05
99.15197490004356,569193.3698355,0.9856235000001022,5.38169000000001,71.83414599999999,1.01720561129216,5.459049715538176,71.81195180964866,1.4238408800000013,-0.0007313599999994,0.0624361200000011,72.0263309753014,1.0,4350.44,0.0,0.0,0.0,0.0,0.0,77.3199955299022,8.068543955107214e-05,2.2305454642175129e-07,2.2577638938033553e-07,7.662867898069619e-08,3.9893666214442404e-05
99.26289020001424,569193.4807508,1.0356235000001024,5.36169000000001,72.234146,1.0216085406314512,5.435775172250095,71.91288038061862,1.4294408800000014,0.0052686400000005,0.0640361200000011,72.12526395356002,1.0,4344.09,0.0,0.0,0.0,0.0,0.0,75.56245289517292,8.068543955107214e-05,2.2305454642175129e-07,2.2577638938033553e-07,7.662867898069619e-08,3.9893666214442404e-05
99.37285689997952,569193.5907175,1.255623500000102,5.48669000000001,74.05414599999999,1.077551507101489,5.447946729612606,72.42476539460094,1.484240880000001,0.0072686400000005,0.0656361200000011,72.6373724970978,1.0,4349.46,0.0,0.0,0.0,0.0,0.0,77.0414260808684,8.068543955107214e-05,2.2305454642175129e-07,2.2577638938033553e-07,7.662867898069619e-08,3.9893666214442404e-05
99.48367740004323,569193.701538,1.2456235000001024,5.266690000000009,73.89914599999999,1.1177303310905466,5.404615999070665,72.77722672867307,1.4958408800000014,0.0096686400000005,0.0696361200000011,72.98618996431541,1.0,4349.46,0.0,0.0,0.0,0.0,0.0,77.0414260808684,8.068543955107214e-05,2.2305454642175129e-07,2.2577638938033553e-07,7.662867898069619e-08,3.9893666214442404e-05
99.59452150005382,569193.8123821,1.3156235000001022,5.27169000000001,73.32414599999998,1.1650381226215858,5.372839078787157,72.90797173121567,1.4866408800000015,0.0104686400000005,0.0680361200000011,73.11495780996832,1.0,4344.09,0.0,0.0,0.0,0.0,0.0,75.56245289517292,8.068543955107214e-05,2.2305454642175129e-07,2.2577638938033553e-07,7.662867898069619e-08,3.9893666214442404e-05
99.69756490003785,569193.9154255,1.3156235000001022,5.15169000000001,73.55414599999999,1.2010366448540617,5.31997179400824,73.06244435787991,1.4950408800000017,0.0144686400000005,0.0684361200000011,73.26571752504458,1.0,4346.53,0.0,0.0,0.0,0.0,0.0,76.22472388035476,8.068543955107214e-05,2.2305454642175129e-07,2.2577638938033553e-07,7.662867898069619e-08,3.9893666214442404e-05
99.80780120007694,569194.0256618,1.3656235000001022,5.12169000000001,72.329146,1.2403823214880885,5.272571098840087,72.88714408836685,1.4718408800000014,0.0168686400000005,0.0696361200000011,73.08812713193666,1.0,4346.53,0.0,0.0,0.0,0.0,0.0,76.22472388035476,8.068543955107214e-05,2.2305454642175129e-07,2.2577638938033553e-07,7.662867898069619e-08,3.9893666214442404e-05
99.91863930004185,569194.1364999,1.3956235000001025,5.1366900000000095,72.00414599999999,1.2774938466132215,5.240087740610208,72.67605701690832,1.4746408800000017,0.0172686400000005,0.0696361200000011,72.87592039612493,1.0,4336.27,0.0,0.0,0.0,0.0,0.0,73.541749097693,8.068543955107214e-05,2.2305454642175129e-07,2.2577638938033553e-07,7.662867898069619e-08,3.9893666214442404e-05
100.02945390006062,569194.2473145,1.4156235000001025,5.07169000000001,71.61914599999999,1.310514738050196,5.199831044277621,72.42339480360266,1.4738408800000014,0.0264686400000005,0.0744361200000011,72.62164833330473,1.0,4333.33,0.0,0.0,0.0,0.0,0.0,72.81949549340172,8.068543955107214e-05,2.2305454642175129e-07,2.2577638938033553e-07,7.662867898069619e-08,3.9893666214442404e-05
100.14200390002225,569194.3598645,1.4306235000001022,5.0116900000000095,72.029146,1.3392276052132577,5.1548545685854,72.32914677920157,1.4830408800000014,0.0256686400000005,0.0740361200000011,72.52497176841308,1.0,4328.93,0.0,0.0,0.0,0.0,0.0,71.7739294657319,8.068543955107214e-05,2.2305454642175129e-07,2.2577638938033553e-07,7.662867898069619e-08,3.9893666214442404e-05
100.25200700003188,569194.4698676,1.4256235000001023,5.03169000000001,71.889146,1.359881167952362,5.125411188772167,72.2239614145391,1.4766408800000017,0.0264686400000005,0.0736361200000011,72.41836589604723,1.0,4330.4,0.0,0.0,0.0,0.0,0.0,72.11866594153015,8.068543955107214e-05,2.2305454642175129e-07,2.2577638938033553e-07,7.662867898069619e-08,3.9893666214442404e-05
100.36283270001876,569194.5806933,1.3606235000001023,5.12169000000001,72.50414599999999,1.360058627790692,5.124521611715764,72.29094156363789,1.4854408800000014,0.0208686400000005,0.0728361200000011,72.4851068384208,1.0,4336.75,0.0,0.0,0.0,0.0,0.0,73.66153764189407,8.068543955107214e-05,2.2305454642175129e-07,2.2577638938033553e-07,7.662867898069619e-08,3.9893666214442404e-05
100.47365639999045,569194.691517,1.3856235000001025,5.21669000000001,72.80914599999998,1.3661700951630356,5.146555130723668,72.41482207745734,1.4878408800000014,0.0148686400000005,0.0728361200000011,72.61032920289165,1.0,4338.22,0.0,0.0,0.0,0.0,0.0,74.03173766965023,8.068543955107214e-05,2.2305454642175129e-07,2.2577638938033553e-07,7.662867898069619e-08,3.9893666214442404e-05
100.5852906999644,569194.8031513,1.4106235000001022,5.15169000000001,72.47914599999999,1.3767970027034266,5.147782658316474,72.43019917579213,1.4838408800000014,0.0116686400000005,0.0756361200000011,72.62595258534539,1.0,4340.18,0.0,0.0,0.0,0.0,0.0,74.53335039157868,8.068543955107214e-05,2.2305454642175129e-07,2.2577638938033553e-07,7.662867898069619e-08,3.9893666214442404e-05
100.68754590000026,569194.9054065,1.4556235000001023,5.17669000000001,72.06914599999999,1.395641046294125,5.154693167161305,72.34388680601143,1.4690408800000014,0.0108686400000005,0.0760361200000011,72.5407239678422,1.0,4340.18,0.0,0.0,0.0,0.0,0.0,74.53335039157868,8.068543955107214e-05,2.2305454642175129e-07,2.2577638938033553e-07,7.662867898069619e-08,3.9893666214442404e-05
100.79869500000495,569195.0165556,1.3156235000001022,5.31669000000001,72.314146,1.3765122738369362,5.1934196802534505,72.33677705149839,1.4734408800000014,0.0076686400000005,0.0760361200000011,72.5360304139498,1.0,4341.64,0.0,0.0,0.0,0.0,0.0,74.91310644446332,8.068543955107214e-05,2.2305454642175129e-07,2.2577638938033553e-07,7.662867898069619e-08,3.9893666214442404e-05
100.90963840007316,569195.127499,1.4306235000001022,5.48669000000001,72.97414599999999,1.3894479533296726,5.263528068659482,72.48914470274285,1.4838408800000014,0.0100686400000005,0.0752361200000011,72.6932692419303,1.0,4346.04,0.0,0.0,0.0,0.0,0.0,76.09044957153239,8.068543955107214e-05,2.2305454642175129e-07,2.2577638938033553e-07,7.662867898069619e-08,3.9893666214442404e-05
101.020353000029,569195.2382136,1.4056235000001025,5.5116900000000095,72.35414599999999,1.3933148346070907,5.322852970971614,72.45687228767409,1.4618408800000011,0.0092686400000005,0.0724361200000011,72.66548308303764,1.0,4348.97,0.0,0.0,0.0,0.0,0.0,76.90317146128794,8.068543955107214e-05,2.2305454642175129e-07,2.2577638938033553e-07,7.662867898069619e-08,3.9893666214442404e-05
101.1304228999652,569195.3482835,1.2806235000001025,5.36169000000001,71.99414599999999,1.3663751570309608,5.33213724330443,72.34625422605103,1.451840880000001,0.0096686400000005,0.0712361200000011,72.55535245032989,1.0,4349.95,0.0,0.0,0.0,0.0,0.0,77.18036554699344,8.068543955107214e-05,2.2305454642175129e-07,2.2577638938033553e-07,7.662867898069619e-08,3.9893666214442404e-05
101.241140200058,569195.4590008,1.2956235000001022,5.39669000000001,72.33414599999999,1.349461462335308,5.347569046096492,72.34335966714842,1.4598408800000011,0.0112686400000005,0.0692361200000011,72.55328544505407,1.0,4352.88,0.0,0.0,0.0,0.0,0.0,78.02577724177782,8.068543955107214e-05,2.2305454642175129e-07,2.2577638938033553e-07,7.662867898069619e-08,3.9893666214442404e-05
101.3536271000048,569195.5714877,1.3856235000001025,5.50169000000001,72.77414599999999,1.358106258659559,5.384412773436898,72.44634225184934,1.4750408800000014,0.0140686400000005,0.0720361200000011,72.65885258656823,1.0,4353.37,0.0,0.0,0.0,0.0,0.0,78.1696582761592,8.068543955107214e-05,2.2305454642175129e-07,2.2577638938033553e-07,7.662867898069619e-08,3.9893666214442404e-05
101.46452110004611,569195.6823817,1.3856235000001025,5.40669000000001,72.404146,1.3646844539758545,5.389738305368821,72.43625493303546,1.4762408800000013,0.0116686400000005,0.0716361200000011,72.64931294501682,1.0,4353.37,0.0,0.0,0.0,0.0,0.0,78.1696582761592,8.068543955107214e-05,2.2305454642175129e-07,2.2577638938033553e-07,7.662867898069619e-08,3.9893666214442404e-05
101.56763850001153,569195.7854991,1.2456235000001024,5.33169000000001,72.859146,1.3362220728779712,5.3758614386520485,72.53735009739376,1.482240880000001,0.0056686400000005,0.0724361200000011,72.74855692580783,1.0,4351.91,0.0,0.0,0.0,0.0,0.0,77.74308627405186,8.068543955107214e-05,2.2305454642175129e-07,2.2577638938033553e-07,7.662867898069619e-08,3.9893666214442404e-05
101.6778397000162,569195.8957003,1.3706235000001024,5.41669000000001,72.51914599999999,1.3444459825340331,5.385621801171912,72.53299827641246,1.4706408800000017,0.0064686400000005,0.0712361200000011,72.74509121687362,1.0,4352.4,0.0,0.0,0.0,0.0,0.0,77.88553635655002,8.068543955107214e-05,2.2305454642175129e-07,2.2577638938033553e-07,7.662867898069619e-08,3.9893666214442404e-05
101.78869159996977,569196.0065522,1.3056235000001022,5.4316900000000095,72.43414599999998,1.335165187645797,5.396634736880501,72.50936692566569,1.4710408800000014,0.0068686400000005,0.0700361200000011,72.72217422851456,1.0,4353.86,0.0,0.0,0.0,0.0,0.0,78.31427129031151,8.068543955107214e-05,2.2305454642175129e-07,2.2577638938033553e-07,7.662867898069619e-08,3.9893666214442404e-05
101.8988515000092,569196.1167121,1.3106235000001023,5.36669000000001,72.904146,1.3292983199344963,5.389476231220098,72.60374171511565,1.4810408800000014,0.0140686400000005,0.0720361200000011,72.81563567741128,1.0,4353.37,0.0,0.0,0.0,0.0,0.0,78.1696582761592,8.068543955107214e-05,2.2305454642175129e-07,2.2577638938033553e-07,7.662867898069619e-08,3.9893666214442404e-05
102.0086575000314,569196.2265181,1.3556235000001022,5.40169000000001,73.89414599999999,1.335591544392032,5.392396020874447,72.91222218079544,1.4986408800000013,0.0180686400000005,0.0724361200000011,73.12355217685388,1.0,4357.77,0.0,0.0,0.0,0.0,0.0,79.49520595851266,8.068543955107214e-05,2.2305454642175129e-07,2.2577638938033553e-07,7.662867898069619e-08,3.9893666214442404e-05
102.11951109999792,569196.3373717,1.3106235000001023,5.31669000000001,73.36914599999999,1.3296227530207088,5.374297949713592,73.02145312041607,1.4826408800000015,0.0100686400000005,0.0680361200000011,73.23102888076043,1.0,4358.26,0.0,0.0,0.0,0.0,0.0,79.64667977347155,8.068543955107214e-05,2.2305454642175129e-07,2.2577638938033553e-07,7.662867898069619e-08,3.9893666214442404e-05
102.230318200076,569196.4481788,1.2956235000001022,5.266690000000009,73.91914599999998,1.3214949859887652,5.348573492016624,73.23605308786448,1.4950408800000017,0.0096686400000005,0.0672361200000011,73.44299190042574,1.0,4357.77,0.0,0.0,0.0,0.0,0.0,79.49520595851266,8.068543955107214e-05,2.2305454642175129e-07,2.2577638938033553e-07,7.662867898069619e-08,3.9893666214442404e-05
102.34115100000054,569196.5590116,1.4606235000001022,5.41669000000001,74.05414599999999,1.354754662273396,5.364857235297187,73.43162410809518,1.5094408800000014,0.0184686400000005,0.0716361200000011,73.63980223019789,1.0,4363.15,0.0,0.0,0.0,0.0,0.0,81.20320054686856,8.068543955107214e-05,2.2305454642175129e-07,2.2577638938033553e-07,7.662867898069619e-08,3.9893666214442404e-05
102.4511685000034,569196.6690291,1.3306235000001023,5.29669000000001,74.05414599999999,1.3489859336178434,5.348561365285828,73.58044246321082,1.5114408800000014,0.0164686400000005,0.0704361200000011,73.78691201567663,1.0,4364.61,0.0,0.0,0.0,0.0,0.0,81.68441297403149,8.068543955107214e-05,2.2305454642175129e-07,2.2577638938033553e-07,7.662867898069619e-08,3.9893666214442404e-05
102.56127429998014,569196.7791349,1.3156235000001022,5.186690000000009,74.05414599999999,1.3410104028642902,5.309864846118527,73.6936847155302,1.5050408800000017,0.0196686400000005,0.0712361200000011,73.89690210378649,1.0,4364.61,0.0,0.0,0.0,0.0,0.0,81.68441297403149,8.068543955107214e-05,2.2305454642175129e-07,2.2577638938033553e-07,7.662867898069619e-08,3.9893666214442404e-05
102.67120159999467,569196.8890622,1.4506235000001022,5.2216900000000095,74.05414599999999,1.367214205536946,5.288786012213135,73.7798555894147,1.5258408800000014,0.0244686400000005,0.0724361200000011,73.98180602662853,1.0,4364.12,0.0,0.0,0.0,0.0,0.0,81.5220343885198,8.068543955107214e-05,2.2305454642175129e-07,2.2577638938033553e-07,7.662867898069619e-08,3.9893666214442404e-05
102.78203980007676,569196.9999004,1.3706235000001024,5.19669000000001,74.05414599999999,1.3680292220057797,5.266769795227849,73.84542669343224,1.5202408800000011,0.0200686400000005,0.0696361200000011,74.04564410931451,1.0,4364.61,0.0,0.0,0.0,0.0,0.0,81.68441297403149,8.068543955107214e-05,2.2305454642175129e-07,2.2577638938033553e-07,7.662867898069619e-08,3.9893666214442404e-05
102.89289340004323,569197.110754,1.4406235000001022,5.186690000000009,74.05414599999999,1.3853834085531247,5.2476261417133685,73.89532255137428,1.5182408800000011,0.0200686400000005,0.0728361200000011,74.09436930215097,1.0,4362.17,0.0,0.0,0.0,0.0,0.0,80.88454831386477,8.068543955107214e-05,2.2305454642175129e-07,2.2577638938033553e-07,7.662867898069619e-08,3.9893666214442404e-05
103.00292090000583,569197.2207815,1.5156235000001024,5.20169000000001,74.05414599999999,1.4165182432172414,5.236644775211985,73.93329044404702,1.5174408800000014,0.0212686400000005,0.0724361200000011,74.13204710729994,1.0,4361.68,0.0,0.0,0.0,0.0,0.0,80.72651010608558,8.068543955107214e-05,2.2305454642175129e-07,2.2577638938033553e-07,7.662867898069619e-08,3.9893666214442404e-05
103.1128663000418,569197.3307269,1.5556235000001022,5.24669000000001,73.799146,1.4497723596934038,5.239046158760356,73.90122224569033,1.5110408800000017,0.0196686400000005,0.0724361200000011,74.10087782176045,1.0,4361.68,0.0,0.0,0.0,0.0,0.0,80.72651010608558,8.068543955107214e-05,2.2305454642175129e-07,2.2577638938033553e-07,7.662867898069619e-08,3.9893666214442404e-05
103.22375330002978,569197.4416139,1.3956235000001025,5.16169000000001,74.05414599999999,1.4368276836334384,5.22055361021792,73.93777977381973,1.5214408800000014,0.0188686400000005,0.0708361200000011,74.13578037406418,1.0,4361.19,0.0,0.0,0.0,0.0,0.0,80.56932027213114,8.068543955107214e-05,2.2305454642175129e-07,2.2577638938033553e-07,7.662867898069619e-08,3.9893666214442404e-05
103.3337030999828,569197.5515637,1.4956235000001024,5.0966900000000095,74.05414599999999,1.450883248253977,5.19094311945283,73.96559796077244,1.5258408800000014,0.0268686400000005,0.0740361200000011,74.16171946741852,1.0,4362.17,0.0,0.0,0.0,0.0,0.0,80.88454831386477,8.068543955107214e-05,2.2305454642175129e-07,2.2577638938033553e-07,7.662867898069619e-08,3.9893666214442404e-05
103.44381149997936,569197.6616721,1.4506235000001022,5.11669000000001,73.969146,1.450821153557568,5.173192374872006,73.96644614517945,1.5154408800000014,0.0248686400000005,0.0724361200000011,74.16132386031667,1.0,4364.61,0.0,0.0,0.0,0.0,0.0,81.68441297403149,8.068543955107214e-05,2.2305454642175129e-07,2.2577638938033553e-07,7.662867898069619e-08,3.9893666214442404e-05
103.55367050005589,569197.7715311,1.5506235000001023,5.15669000000001,74.05414599999999,1.4746796254079522,5.169247362952124,73.9874114289839,1.5242408800000014,0.0284686400000005,0.0720361200000011,74.18242951170255,1.0,4363.15,0.0,0.0,0.0,0.0,0.0,81.20320054686856,8.068543955107214e-05,2.2305454642175129e-07,2.2577638938033553e-07,7.662867898069619e-08,3.9893666214442404e-05
103.66458109999076,569197.8824417,1.5706235000001023,5.12169000000001,74.05414599999999,1.4976157016904037,5.157878431802546,74.00336481024985,1.5362408800000014,0.0312686400000005,0.0744361200000011,74.19800917778137,1.0,4364.61,0.0,0.0,0.0,0.0,0.0,81.68441297403149,8.068543955107214e-05,2.2305454642175129e-07,2.2577638938033553e-07,7.662867898069619e-08,3.9893666214442404e-05
103.77470930002164,569197.9925699,1.6256235000001025,5.0566900000000095,74.05414599999999,1.5282168905548372,5.133688606234312,74.01550442048315,1.5370408800000015,0.0360686400000005,0.0800361200000011,74.20906346389852,1.0,4360.7,0.0,0.0,0.0,0.0,0.0,80.41297125727009,8.068543955107214e-05,2.2305454642175129e-07,2.2577638938033553e-07,7.662867898069619e-08,3.9893666214442404e-05
103.88537969999015,569198.1032403,1.4956235000001024,4.976690000000009,73.81914599999999,1.5204252051007634,5.096156955317191,73.96856352164987,1.5354408800000017,0.0288686400000005,0.0804361200000011,74.15949634385258,1.0,4359.24,0.0,0.0,0.0,0.0,0.0,79.95202706237546,8.068543955107214e-05,2.2305454642175129e-07,2.2577638938033553e-07,7.662867898069619e-08,3.9893666214442404e-05
103.99533040006644,569198.213191,1.4956235000001024,5.04169000000001,73.139146,1.5144961783385882,5.083136236200539,73.7702852717102,1.5202408800000011,0.0268686400000005,0.0796361200000011,73.96071228523614,1.0,4349.46,0.0,0.0,0.0,0.0,0.0,77.0414260808684,8.068543955107214e-05,2.2305454642175129e-07,2.2577638938033553e-07,7.662867898069619e-08,3.9893666214442404e-05
104.1061585000716,569198.3240191,1.5106235000001025,5.19669000000001,73.30414599999999,1.5135703866070525,5.110282083704984,73.65885131159925,1.5194408800000014,0.0248686400000005,0.0764361200000011,73.85142012740538,1.0,4346.04,0.0,0.0,0.0,0.0,0.0,76.09044957153239,8.068543955107214e-05,2.2305454642175129e-07,2.2577638938033553e-07,7.662867898069619e-08,3.9893666214442404e-05
104.21606000000612,569198.4339206,1.4806235000001022,5.10669000000001,73.079146,1.5056941953681786,5.109423370147495,73.52026856929596,1.5074408800000014,0.0152686400000005,0.0748361200000011,73.71297859052218,1.0,4348.48,0.0,0.0,0.0,0.0,0.0,76.76559608280867,8.068543955107214e-05,2.2305454642175129e-07,2.2577638938033553e-07,7.662867898069619e-08,3.9893666214442404e-05
104.32617120002396,569198.5440318,1.3606235000001023,5.23169000000001,73.05914599999998,1.4710139977062142,5.138652091220273,73.41003388813584,1.5010408800000017,0.0144686400000005,0.0748361200000011,73.60436605904097,1.0,4349.95,0.0,0.0,0.0,0.0,0.0,77.18036554699344,8.068543955107214e-05,2.2305454642175129e-07,2.2577638938033553e-07,7.662867898069619e-08,3.9893666214442404e-05
104.43636340007652,569198.654224,1.3356235000001022,5.28169000000001,72.78914599999999,1.4386479212213217,5.172846336564236,73.26160615342458,1.4874408800000014,0.0172686400000005,0.0740361200000011,73.45808997818034,1.0,4353.37,0.0,0.0,0.0,0.0,0.0,78.1696582761592,8.068543955107214e-05,2.2305454642175129e-07,2.2577638938033553e-07,7.662867898069619e-08,3.9893666214442404e-05
104.54711190005764,569198.7649725,1.4856235000001023,5.42169000000001,73.58914599999999,1.449877772661682,5.232334211858304,73.33990691976877,1.502240880000001,0.0264686400000005,0.0736361200000011,73.54061064378367,1.0,4355.82,0.0,0.0,0.0,0.0,0.0,78.90016873044529,8.068543955107214e-05,2.2305454642175129e-07,2.2577638938033553e-07,7.662867898069619e-08,3.9893666214442404e-05
104.6570258999709,569198.8748865,1.4656235000001023,5.391690000000009,74.029146,1.4536419025229357,5.270429364137753,73.50467450069283,1.5146408800000013,0.0308686400000005,0.0748361200000011,73.70771787211932,1.0,4361.68,0.0,0.0,0.0,0.0,0.0,80.72651010608558,8.068543955107214e-05,2.2305454642175129e-07,2.2577638938033553e-07,7.662867898069619e-08,3.9893666214442404e-05
104.76699250005186,569198.9848531,1.5456235000001022,5.36669000000001,73.609146,1.475630767839103,5.293441164489983,73.52964916726364,1.5150408800000017,0.0368686400000005,0.0780361200000011,73.73470900590702,1.0,4361.19,0.0,0.0,0.0,0.0,0.0,80.56932027213114,8.068543955107214e-05,2.2305454642175129e-07,2.2577638938033553e-07,7.662867898069619e-08,3.9893666214442404e-05
104.8769754000241,569199.094836,1.5656235000001022,5.30169000000001,73.43414599999998,1.4971441805346517,5.295413108205031,73.50681844525157,1.5126408800000013,0.0336686400000005,0.0760361200000011,73.7125172452212,1.0,4357.28,0.0,0.0,0.0,0.0,0.0,79.344522759507,8.068543955107214e-05,2.2305454642175129e-07,2.2577638938033553e-07,7.662867898069619e-08,3.9893666214442404e-05
104.98784800001886,569199.2057086,1.380623500000102,5.19169000000001,72.66914599999998,1.4692890701528345,5.270617349933267,73.30656679619455,1.5030408800000017,0.0304686400000005,0.0776361200000011,73.51048192649822,1.0,4354.35,0.0,0.0,0.0,0.0,0.0,78.45962250759358,8.068543955107214e-05,2.2305454642175129e-07,2.2577638938033553e-07,7.662867898069619e-08,3.9893666214442404e-05
105.08991019998211,569199.3077708,1.5206235000001025,5.20669000000001,73.12914599999999,1.4815609364277598,5.255335055145434,73.26415307324547,1.5162408800000011,0.0296686400000005,0.0816361200000011,73.46733760583768,1.0,4349.95,0.0,0.0,0.0,0.0,0.0,77.18036554699344,8.068543955107214e-05,2.2305454642175129e-07,2.2577638938033553e-07,7.662867898069619e-08,3.9893666214442404e-05
105.2012187000364,569199.4190793,1.5306235000001025,5.186690000000009,72.78914599999999,1.493289696658587,5.238924958847766,73.15059920111996,1.5134408800000014,0.0244686400000005,0.0808361200000011,73.35316225170853,1.0,4348.0,0.0,0.0,0.0,0.0,0.0,76.63148161770626,8.068543955107214e-05,2.2305454642175129e-07,2.2577638938033553e-07,7.662867898069619e-08,3.9893666214442404e-05
105.31224630004726,569199.5301069,1.5056235000001024,5.16169000000001,72.45914599999999,1.4962381814419696,5.220461384019936,72.98530231860349,1.502240880000001,0.0244686400000005,0.0796361200000011,73.1870637496518,1.0,4345.55,0.0,0.0,0.0,0.0,0.0,75.95682228626309,8.068543955107214e-05,2.2305454642175129e-07,2.2577638938033553e-07,7.662867898069619e-08,3.9893666214442404e-05
105.42368020000868,569199.6415408,1.4756235000001023,5.07169000000001,72.36914599999999,1.491310092930858,5.184896510003413,72.83800569976795,1.5010408800000017,0.0308686400000005,0.0780361200000011,73.03753988143461,1.0,4344.09,0.0,0.0,0.0,0.0,0.0,75.56245289517292,8.068543955107214e-05,2.2305454642175129e-07,2.2577638938033553e-07,7.662867898069619e-08,3.9893666214442404e-05
105.53368660004344,569199.7515472,1.3756235000001025,5.16669000000001,72.98914599999999,1.4636543772158517,5.18054411227036,72.87413688031711,1.5130408800000017,0.0300686400000005,0.0764361200000011,73.07270453107861,1.0,4346.04,0.0,0.0,0.0,0.0,0.0,76.09044957153239,8.068543955107214e-05,2.2305454642175129e-07,2.2577638938033553e-07,7.662867898069619e-08,3.9893666214442404e-05
105.64458530000412,569199.8624459,1.5006235000001025,5.061690000000009,72.859146,1.4724921130679771,5.152131178176297,72.87055320208901,1.5102408800000011,0.0312686400000005,0.0772361200000011,73.06729920202791,1.0,4348.0,0.0,0.0,0.0,0.0,0.0,76.63148161770626,8.068543955107214e-05,2.2305454642175129e-07,2.2577638938033553e-07,7.662867898069619e-08,3.9893666214442404e-05
105.75624809996224,569199.9741087,1.4556235000001023,5.07169000000001,73.359146,1.4684595492618078,5.1329011334575005,72.98735483983378,1.5214408800000014,0.0284686400000005,0.0768361200000011,73.18235452627549,1.0,4347.51,0.0,0.0,0.0,0.0,0.0,76.49523457676233,8.068543955107214e-05,2.2305454642175129e-07,2.2577638938033553e-07,7.662867898069619e-08,3.9893666214442404e-05
105.86702640005387,569200.084887,1.5506235000001023,5.03169000000001,73.549146,1.48810143520619,5.108705880894663,73.12165507483215,1.5242408800000014,0.0300686400000005,0.0788361200000011,73.3150036659733,1.0,4350.93,0.0,0.0,0.0,0.0,0.0,77.46032176559558,8.068543955107214e-05,2.2305454642175129e-07,2.2577638938033553e-07,7.662867898069619e-08,3.9893666214442404e-05
105.97795279999264,569200.1958134,1.4206235000001022,5.08169000000001,73.69414599999999,1.4719703473608403,5.10224753941459,73.25851316594509,1.5334408800000014,0.0248686400000005,0.0772361200000011,73.45072755216195,1.0,4350.93,0.0,0.0,0.0,0.0,0.0,77.46032176559558,8.068543955107214e-05,2.2305454642175129e-07,2.2577638938033553e-07,7.662867898069619e-08,3.9893666214442404e-05
106.08868869999424,569200.3065493,1.6006235000001023,5.08669000000001,73.829146,1.5027258128395444,5.098528397235926,73.39492706695535,1.5394408800000017,0.0296686400000005,0.0780361200000011,73.58714898574132,1.0,4350.44,0.0,0.0,0.0,0.0,0.0,77.3199955299022,8.068543955107214e-05,2.2305454642175129e-07,2.2577638938033553e-07,7.662867898069619e-08,3.9893666214442404e-05
106.19135620002636,569200.4092168,1.5156235000001024,4.96669000000001,73.83914599999999,1.505809098123147,5.0670114760274245,73.5011208117643,1.5434408800000017,0.0328686400000005,0.0772361200000011,73.69095485148604,1.0,4349.95,0.0,0.0,0.0,0.0,0.0,77.18036554699344,8.068543955107214e-05,2.2305454642175129e-07,2.2577638938033553e-07,7.662867898069619e-08,3.9893666214442404e-05
106.3011947000632,569200.5190553,1.4556235000001023,5.02169000000001,73.73914599999999,1.4938118683706096,5.0561770497983725,73.55802245241333,1.5338408800000014,0.0368686400000005,0.0744361200000011,73.74672241779112,1.0,4350.93,0.0,0.0,0.0,0.0,0.0,77.46032176559558,8.068543955107214e-05,2.2305454642175129e-07,2.2577638938033553e-07,7.662867898069619e-08,3.9893666214442404e-05
106.41120400000364,569200.6290646,1.5656235000001022,4.98169000000001,73.52414599999999,1.5109789576509096,5.038370382478625,73.54992404175361,1.5274408800000014,0.0408686400000005,0.0728361200000011,73.73777566532115,1.0,4352.39,0.0,0.0,0.0,0.0,0.0,77.8826220368135,8.068543955107214e-05,2.2305454642175129e-07,2.2577638938033553e-07,7.662867898069619e-08,3.9893666214442404e-05
106.5221378999995,569200.7399985,1.3856235000001025,5.03669000000001,73.80914599999998,1.4810118299804604,5.037968674908683,73.61189292339091,1.5378408800000014,0.0356686400000005,0.0756361200000011,73.7989519178604,1.0,4351.91,0.0,0.0,0.0,0.0,0.0,77.74308627405186,8.068543955107214e-05,2.2305454642175129e-07,2.2577638938033553e-07,7.662867898069619e-08,3.9893666214442404e-05
106.63214250002056,569200.8500031,1.3856235000001025,5.03669000000001,73.939146,1.4582085606504958,5.037662998435115,73.69012513530313,1.5434408800000017,0.0368686400000005,0.0760361200000011,73.87651157945123,1.0,4354.35,0.0,0.0,0.0,0.0,0.0,78.45962250759358,8.068543955107214e-05,2.2305454642175129e-07,2.2577638938033553e-07,7.662867898069619e-08,3.9893666214442404e-05
106.74223730002996,569200.9600979,1.4506235000001022,4.95169000000001,73.87914599999999,1.456395297110494,5.017110532123732,73.73531193842206,1.5382408800000014,0.0360686400000005,0.0744361200000011,73.92015091982293,1.0,4352.39,0.0,0.0,0.0,0.0,0.0,77.8826220368135,8.068543955107214e-05,2.2305454642175129e-07,2.2577638938033553e-07,7.662867898069619e-08,3.9893666214442404e-05
106.8537198000122,569201.0715804,1.3906235000001024,4.95669000000001,73.549146,1.4406720739013985,5.0026665674651545,73.69080762605199,1.5290408800000015,0.0368686400000005,0.0720361200000011,73.87447013271606,1.0,4352.88,3.42,0.0,0.0,0.0,0.0,78.02577724177782,0.26407912610194173,2.2305454642175129e-07,2.2577638938033553e-07,7.662867898069619e-08,3.9893666214442404e-05
106.96470320003571,569201.1825638,1.4956235000001024,4.92669000000001,73.96414599999999,1.4538086092580025,4.9845038201874665,73.75615113883427,1.5358408800000014,0.0432686400000005,0.0752361200000011,73.93868181554483,1.0,4354.35,0.0,0.0,0.0,0.0,0.0,78.45962250759358,8.068543955107214e-05,2.2305454642175129e-07,2.2577638938033553e-07,7.662867898069619e-08,3.9893666214442404e-05
107.07620290003253,569201.2940635,1.5856235000001022,4.96169000000001,74.05414599999999,1.485319911069355,4.9790500116735,73.8273889629948,1.5482408800000014,0.0440686400000005,0.0764361200000011,74.0100025358079,1.0,4356.31,0.0,0.0,0.0,0.0,0.0,79.04853649341474,8.068543955107214e-05,2.2305454642175129e-07,2.2577638938033553e-07,7.662867898069619e-08,3.9893666214442404e-05
107.18709450005554,569201.4049551,1.5306235000001025,4.976690000000009,74.05414599999999,1.496150061258739,4.978485833835146,73.88159687069545,1.5518408800000014,0.0400686400000005,0.0752361200000011,74.06425684746628,1.0,4354.35,0.0,0.0,0.0,0.0,0.0,78.45962250759358,8.068543955107214e-05,2.2305454642175129e-07,2.2577638938033553e-07,7.662867898069619e-08,3.9893666214442404e-05
107.29708879999816,569201.5149494,1.4906235000001022,4.976690000000009,74.05414599999999,1.494828896868135,4.978056526784451,73.92284598648342,1.542640880000001,0.0400686400000005,0.0744361200000011,74.10534878776377,1.0,4357.28,0.0,0.0,0.0,0.0,0.0,79.344522759507,8.068543955107214e-05,2.2305454642175129e-07,2.2577638938033553e-07,7.662867898069619e-08,3.9893666214442404e-05
107.40873620007189,569201.6265968,1.4706235000001022,4.94169000000001,74.05414599999999,1.489042421896468,4.969362845858999,73.95423420317474,1.5494408800000017,0.0424686400000005,0.0760361200000011,74.13596003968675,1.0,4355.82,0.0,0.0,0.0,0.0,0.0,78.90016873044529,8.068543955107214e-05,2.2305454642175129e-07,2.2577638938033553e-07,7.662867898069619e-08,3.9893666214442404e-05
107.5195644000778,569201.737425,1.4956235000001024,5.00169000000001,74.05414599999999,1.490615676156288,4.977090885575183,73.97811883992973,1.5490408800000015,0.0428686400000005,0.0772361200000011,74.16033600161238,1.0,4355.33,0.0,0.0,0.0,0.0,0.0,78.75256481671708,8.068543955107214e-05,2.2305454642175129e-07,2.2577638938033553e-07,7.662867898069619e-08,3.9893666214442404e-05
107.6219397999812,569201.8398004,1.5206235000001025,4.99669000000001,74.05414599999999,1.4977892632109886,4.9817761954548105,73.99629368173512,1.5554408800000017,0.0416686400000005,0.0772361200000011,74.17892521041394,1.0,4353.86,0.0,0.0,0.0,0.0,0.0,78.31427129031151,8.068543955107214e-05,2.2305454642175129e-07,2.2577638938033553e-07,7.662867898069619e-08,3.9893666214442404e-05
107.73208340001293,569201.949944,1.4856235000001023,4.99669000000001,73.984146,1.4948809496346889,4.985341448162858,73.99338969066622,1.5478408800000014,0.0396686400000005,0.0772361200000011,74.17620923397973,1.0,4354.84,0.0,0.0,0.0,0.0,0.0,78.60571822548336,8.068543955107214e-05,2.2305454642175129e-07,2.2577638938033553e-07,7.662867898069619e-08,3.9893666214442404e-05
107.84285150002688,569202.0607121,1.4406235000001022,4.9716900000000095,74.05414599999999,1.4819103143648478,4.982077970866782,74.00791392529239,1.5502408800000014,0.0376686400000005,0.0764361200000011,74.19021824109365,1.0,4355.33,0.0,0.0,0.0,0.0,0.0,78.75256481671708,8.068543955107214e-05,2.2305454642175129e-07,2.2577638938033553e-07,7.662867898069619e-08,3.9893666214442404e-05
107.95455430005676,569202.1724149,1.4956235000001024,4.95669000000001,74.05414599999999,1.4851885504496698,4.976008793038262,74.01896603671375,1.5606408800000011,0.0416686400000005,0.0744361200000011,74.20090148834423,1.0,4355.33,0.0,0.0,0.0,0.0,0.0,78.75256481671708,8.068543955107214e-05,2.2305454642175129e-07,2.2577638938033553e-07,7.662867898069619e-08,3.9893666214442404e-05
108.0653539999621,569202.2832146,1.3506235000001023,4.99169000000001,74.05414599999999,1.453019803094164,4.979757498837402,74.02737606106368,1.5578408800000014,0.0396686400000005,0.0716361200000011,74.20890551531909,1.0,4352.88,0.0,0.0,0.0,0.0,0.0,78.02577724177782,8.068543955107214e-05,2.2305454642175129e-07,2.2577638938033553e-07,7.662867898069619e-08,3.9893666214442404e-05
108.175371899968,569202.3932325,1.4456235000001023,4.95169000000001,74.05414599999999,1.4512516634115142,4.973047760491639,74.03377560834201,1.5606408800000011,0.0352686400000005,0.0724361200000011,74.214804899326,1.0,4351.42,0.0,0.0,0.0,0.0,0.0,77.60135005681649,8.068543955107214e-05,2.2305454642175129e-07,2.2577638938033553e-07,7.662867898069619e-08,3.9893666214442404e-05
108.2861816000659,569202.5040422,1.3256235000001022,5.00169000000001,73.92914599999999,1.4212193434590723,4.979894894746503,74.0087631446643,1.5458408800000014,0.0312686400000005,0.0740361200000011,74.18973136349777,1.0,4353.86,0.0,0.0,0.0,0.0,0.0,78.31427129031151,8.068543955107214e-05,2.2305454642175129e-07,2.2577638938033553e-07,7.662867898069619e-08,3.9893666214442404e-05
108.3978660000721,569202.6157266,1.2656235000001024,5.17169000000001,74.05414599999999,1.3840230331164076,5.025744900110526,74.01961224406037,1.5626408800000011,0.0252686400000005,0.0732361200000011,74.20294218100948,1.0,4356.31,0.0,0.0,0.0,0.0,0.0,79.04853649341474,8.068543955107214e-05,2.2305454642175129e-07,2.2577638938033553e-07,7.662867898069619e-08,3.9893666214442404e-05
108.5086901000468,569202.7265507,1.3106235000001023,5.24169000000001,74.05414599999999,1.3664763445153028,5.077368136142439,74.02786778787615,1.5458408800000014,0.0272686400000005,0.0716361200000011,74.21436608911583,1.0,4357.77,0.0,0.0,0.0,0.0,0.0,79.49520595851266,8.068543955107214e-05,2.2305454642175129e-07,2.2577638938033553e-07,7.662867898069619e-08,3.9893666214442404e-05
108.61957980005536,569202.8374404,1.4406235000001022,5.20169000000001,74.05414599999999,1.384201757644129,5.107088175750335,74.03414978430791,1.5606408800000011,0.0368686400000005,0.0724361200000011,74.2229997940402,1.0,4359.24,0.0,0.0,0.0,0.0,0.0,79.95202706237546,8.068543955107214e-05,2.2305454642175129e-07,2.2577638938033553e-07,7.662867898069619e-08,3.9893666214442404e-05
108.7221137000015,569202.9399743,1.3156235000001022,5.23169000000001,74.05414599999999,1.3678076297716897,5.13687514191229,74.03893002411398,1.5698408800000014,0.0476686400000005,0.0760361200000011,74.22951935080346,1.0,4361.68,0.0,0.0,0.0,0.0,0.0,80.72651010608558,8.068543955107214e-05,2.2305454642175129e-07,2.2577638938033553e-07,7.662867898069619e-08,3.9893666214442404e-05
108.8321068000514,569203.0499674,1.3056235000001022,5.27669000000001,74.05414599999999,1.352942064355847,5.170298893706263,74.04256751306382,1.5854408800000015,0.0524686400000005,0.0712361200000011,74.23519547227163,1.0,4360.21,0.0,0.0,0.0,0.0,0.0,80.25745560035826,8.068543955107214e-05,2.2305454642175129e-07,2.2577638938033553e-07,7.662867898069619e-08,3.9893666214442404e-05
108.94218020001426,569203.1600408,1.2456235000001024,5.21169000000001,74.05414599999999,1.3272867863190776,5.180193736659021,74.04533543400439,1.5690408800000013,0.0516686400000005,0.0744361200000011,74.23818287711981,1.0,4355.82,0.0,0.0,0.0,0.0,0.0,78.90016873044529,8.068543955107214e-05,2.2305454642175129e-07,2.2577638938033553e-07,7.662867898069619e-08,3.9893666214442404e-05
109.0530552000273,569203.2709158,1.2706235000001025,5.19669000000001,74.05414599999999,1.313741018411006,5.184137287573268,74.04744166344973,1.5726408800000014,0.0568686400000005,0.0748361200000011,74.24031796659989,1.0,4350.93,0.0,0.0,0.0,0.0,0.0,77.46032176559558,8.068543955107214e-05,2.2305454642175129e-07,2.2577638938033553e-07,7.662867898069619e-08,3.9893666214442404e-05
109.16292250005064,569203.3807831,1.3506235000001023,5.08669000000001,73.54414599999998,1.3225580420595675,5.1608418095576125,73.92712519949013,1.5690408800000013,0.0572686400000005,0.0740361200000011,74.11884570214909,1.0,4341.15,0.0,0.0,0.0,0.0,0.0,74.78506383765323,8.068543955107214e-05,2.2305454642175129e-07,2.2577638938033553e-07,7.662867898069619e-08,3.9893666214442404e-05
109.27375429996756,569203.4916149,1.4006235000001022,5.13169000000001,72.799146,1.3412201536947288,5.153872858901544,73.65747362376942,1.5562408800000014,0.0564686400000005,0.0732361200000011,73.8497440590195,1.0,4328.45,0.0,0.0,0.0,0.0,0.0,71.6623333526488,8.068543955107214e-05,2.2305454642175129e-07,2.2577638938033553e-07,7.662867898069619e-08,3.9893666214442404e-05
109.38372659997547,569203.6015872,1.2956235000001022,5.13169000000001,71.609146,1.3303199442565532,5.148569886240796,73.16780610898601,1.5338408800000014,0.0392686400000005,0.0652361200000011,73.36078907583916,1.0,4306.45,0.0,0.0,0.0,0.0,0.0,67.00624367050482,8.068543955107214e-05,2.2305454642175129e-07,2.2577638938033553e-07,7.662867898069619e-08,3.9893666214442404e-05
109.49456750007812,569203.7124281,1.5306235000001025,5.06669000000001,71.09914599999999,1.3782039561719546,5.128995907966514,72.67327796673763,1.5266408800000013,0.0468686400000005,0.0680361200000011,72.8670801912596,1.0,4285.92,0.0,0.0,0.0,0.0,0.0,63.33119768916387,8.068543955107214e-05,2.2305454642175129e-07,2.2577638938033553e-07,7.662867898069619e-08,3.9893666214442404e-05
109.6045293000061,569203.8223899,1.5756235000001022,5.13169000000001,71.49414599999999,1.425398524206,5.129639950128193,72.39139795249872,1.5502408800000014,0.0588686400000005,0.0776361200000011,72.58690973231879,1.0,4284.46,0.0,0.0,0.0,0.0,0.0,63.09018618792619,8.068543955107214e-05,2.2305454642175129e-07,2.2577638938033553e-07,7.662867898069619e-08,3.9893666214442404e-05
109.7145601999946,569203.9324208,1.6506235000001022,5.05169000000001,71.299146,1.4792401816071226,5.111005451469958,72.13028723325101,1.5614408800000017,0.0596686400000005,0.0824361200000011,72.32626676796701,1.0,4276.15,0.0,0.0,0.0,0.0,0.0,61.76392277581212,8.068543955107214e-05,2.2305454642175129e-07,2.2577638938033553e-07,7.662867898069619e-08,3.9893666214442404e-05
109.82458320003934,569204.0424438,1.7506235000001025,5.08169000000001,70.64914599999999,1.5441163242364035,5.1039973810326575,71.7762097222547,1.5566408800000011,0.0592686400000005,0.0848361200000011,71.97401869134065,1.0,4256.6,0.0,0.0,0.0,0.0,0.0,58.91777351757695,8.068543955107214e-05,2.2305454642175129e-07,2.2577638938033553e-07,7.662867898069619e-08,3.9893666214442404e-05
109.93458410003224,569204.1524447,1.9256235000001023,5.07669000000001,70.03414599999999,1.635318370462028,5.097469354338913,71.3597568054596,1.5518408800000014,0.0596686400000005,0.0904361200000011,71.56027774768297,1.0,4251.71,0.0,0.0,0.0,0.0,0.0,58.259246692619776,8.068543955107214e-05,2.2305454642175129e-07,2.2577638938033553e-07,7.662867898069619e-08,3.9893666214442404e-05
110.04456229996867,569204.2624229,1.7356235000001023,5.016690000000009,69.48914599999999,1.6592970362433106,5.078158466165591,70.91257377985028,1.5430408800000015,0.0616686400000005,0.0912361200000011,71.11352951544934,1.0,4240.47,0.0,0.0,0.0,0.0,0.0,56.8170802161672,8.068543955107214e-05,2.2305454642175129e-07,2.2577638938033553e-07,7.662867898069619e-08,3.9893666214442404e-05
110.15542229998393,569204.3732829,1.7956235000001022,4.99169000000001,68.81914599999999,1.6918868621736722,5.057487554714172,70.41212474696978,1.5186408800000013,0.0672686400000005,0.0932361200000011,70.61379449444222,1.0,4235.58,0.0,0.0,0.0,0.0,0.0,56.21867270978962,8.068543955107214e-05,2.2305454642175129e-07,2.2577638938033553e-07,7.662867898069619e-08,3.9893666214442404e-05
110.26623980002478,569204.4841004,1.7956235000001022,4.98169000000001,68.14414599999999,1.716685854799166,5.039367601727726,69.86994804451113,1.4966408800000015,0.0676686400000005,0.0908361200000011,70.07247587956412,1.0,4243.89,0.0,0.0,0.0,0.0,0.0,57.245783217005766,8.068543955107214e-05,2.2305454642175129e-07,2.2577638938033553e-07,7.662867898069619e-08,3.9893666214442404e-05
110.3770940999966,569204.5949547,1.7906235000001025,4.891690000000009,67.27414599999999,1.734361182981214,5.004064204269213,69.24940281470735,1.4706408800000017,0.0716686400000005,0.0904361200000011,69.45162674457005,1.0,4244.87,0.0,0.0,0.0,0.0,0.0,57.37022048357733,8.068543955107214e-05,2.2305454642175129e-07,2.2577638938033553e-07,7.662867898069619e-08,3.9893666214442404e-05
110.48713979998138,569204.7050004,1.6656235000001025,4.83669000000001,66.359146,1.7179289433303178,4.964052191692568,68.55846604506154,1.441840880000001,0.0708686400000006,0.0888361200000011,68.7594092504294,1.0,4248.78,0.0,0.0,0.0,0.0,0.0,57.873957463540066,8.068543955107214e-05,2.2305454642175129e-07,2.2577638938033553e-07,7.662867898069619e-08,3.9893666214442404e-05
110.59786520001944,569204.8157258,1.5056235000001024,4.96169000000001,65.02914599999998,1.6671757934903602,4.963487492704909,67.71475659385557,1.3890408800000014,0.0536686400000005,0.0772361200000011,67.91688997430421,1.0,4248.29,0.0,0.0,0.0,0.0,0.0,57.81018383469524,8.068543955107214e-05,2.2305454642175129e-07,2.2577638938033553e-07,7.662867898069619e-08,3.9893666214442404e-05
110.7087888000533,569204.9266494,1.4056235000001025,4.8066900000000095,60.89414599999999,1.6046498283795714,4.926003919429759,66.0842403619588,1.2890408800000013,0.0504686400000005,0.0772361200000011,66.28700656918444,1.0,4238.03,0.0,0.0,0.0,0.0,0.0,56.51638639476257,8.068543955107214e-05,2.2305454642175129e-07,2.2577638938033553e-07,7.662867898069619e-08,3.9893666214442404e-05
110.81870860001072,569205.0365692,1.3106235000001023,4.771690000000009,58.44414599999999,1.534360710648731,4.889114062286399,64.25782061566525,1.2334408800000014,0.0524686400000005,0.0716361200000011,64.46181202370472,1.0,4207.72,0.0,0.0,0.0,0.0,0.0,53.10179392178722,8.068543955107214e-05,2.2305454642175129e-07,2.2577638938033553e-07,7.662867898069619e-08,3.9893666214442404e-05
110.92362949997188,569205.1414901,1.2306235000001022,4.69669000000001,57.85914599999999,1.4617501363638148,4.843113700200325,62.72817122725613,1.2418408800000014,0.0588686400000005,0.0676361200000011,62.93183557858607,1.0,4194.53,0.0,0.0,0.0,0.0,0.0,51.77742286512195,8.068543955107214e-05,2.2305454642175129e-07,2.2577638938033553e-07,7.662867898069619e-08,3.9893666214442404e-05
111.03455219999888,569205.2524128,1.1356235000001025,4.70669000000001,57.41914599999999,1.383787208129213,4.81050062919574,61.45901039634917,1.232240880000001,0.0516686400000005,0.0648361200000011,61.662514887404896,1.0,4179.86,0.0,0.0,0.0,0.0,0.0,50.401699339406285,8.068543955107214e-05,2.2305454642175129e-07,2.2577638938033553e-07,7.662867898069619e-08,3.9893666214442404e-05
111.14455680001991,569205.3624174,1.1356235000001025,4.86669000000001,56.58414599999999,1.3244618810629347,4.823933104176641,60.29363884827934,1.1930408800000014,0.0468686400000005,0.0656361200000011,60.50080508088053,1.0,4183.28,0.0,0.0,0.0,0.0,0.0,50.71386213456477,8.068543955107214e-05,2.2305454642175129e-07,2.2577638938033553e-07,7.662867898069619e-08,3.9893666214442404e-05
111.2553872000426,569205.4732478,0.9806235000001022,4.936690000000009,55.64914599999999,1.24226483231526,4.850888454635134,59.183339282889975,1.1610408800000014,0.0404686400000005,0.0632361200000011,59.3947976626454,1.0,4194.53,0.0,0.0,0.0,0.0,0.0,51.77742286512195,8.068543955107214e-05,2.2305454642175129e-07,2.2577638938033553e-07,7.662867898069619e-08,3.9893666214442404e-05
111.36541379999836,569205.5832744,0.9206235000001024,5.09169000000001,55.24414599999999,1.1653741484135556,4.908453803511224,58.24164667341642,1.1290408800000014,0.0156686400000005,0.0596361200000011,58.45973334593712,1.0,4195.5,0.0,0.0,0.0,0.0,0.0,51.87187552831713,8.068543955107214e-05,2.2305454642175129e-07,2.2577638938033553e-07,7.662867898069619e-08,3.9893666214442404e-05
111.47538069996516,569205.6932413,0.9756235000001022,5.39669000000001,57.78414599999999,1.1200128852255076,5.0251701931100765,58.13227783262947,1.183840880000001,0.0140686400000005,0.0596361200000011,58.35981914247864,1.0,4210.17,0.0,0.0,0.0,0.0,0.0,53.357706504504904,8.068543955107214e-05,2.2305454642175129e-07,2.2577638938033553e-07,7.662867898069619e-08,3.9893666214442404e-05
111.58539530006236,569205.8032559,0.8306235000001022,5.351690000000009,56.81914599999999,1.050832262251118,5.103227111599082,57.81836418248625,1.1710408800000014,0.0164686400000005,0.0564361200000011,58.05265206805419,1.0,4219.45,0.0,0.0,0.0,0.0,0.0,54.35729952490713,8.068543955107214e-05,2.2305454642175129e-07,2.2577638938033553e-07,7.662867898069619e-08,3.9893666214442404e-05
111.69539929996245,569205.9132599,0.9806235000001022,5.40669000000001,56.80914599999999,1.0340483504742477,5.175772107169088,57.577103285763656,1.1822408800000013,0.0284686400000005,0.0548361200000011,57.81851516318941,1.0,4211.14,0.0,0.0,0.0,0.0,0.0,53.459926810498004,8.068543955107214e-05,2.2305454642175129e-07,2.2577638938033553e-07,7.662867898069619e-08,3.9893666214442404e-05
111.8071263000602,569206.0249869,0.8656235000001022,5.3466900000000095,56.39914599999999,0.9937851733328532,5.216631264094637,57.29550408749701,1.1890408800000014,0.0308686400000005,0.0560361200000011,57.541077843195225,1.0,4199.9,0.0,0.0,0.0,0.0,0.0,52.30605710456534,8.068543955107214e-05,2.2305454642175129e-07,2.2577638938033553e-07,7.662867898069619e-08,3.9893666214442404e-05
111.91870649997144,569206.1365671,0.9406235000001024,5.16169000000001,55.66914599999999,0.9810764913034272,5.203497158038513,56.90671143850318,1.1842408800000013,0.0384686400000005,0.0572361200000011,57.15253888061817,1.0,4188.66,0.0,0.0,0.0,0.0,0.0,51.21528911562712,8.068543955107214e-05,2.2305454642175129e-07,2.2577638938033553e-07,7.662867898069619e-08,3.9893666214442404e-05
112.02959170006216,569206.2474523,0.7906235000001023,4.98169000000001,53.85414599999999,0.9355473279741038,5.150472554660851,56.17697361988466,1.1326408800000014,0.0364686400000005,0.0568361200000011,56.42034191165817,1.0,4176.93,0.0,0.0,0.0,0.0,0.0,50.138209724175844,8.068543955107214e-05,2.2305454642175129e-07,2.2577638938033553e-07,7.662867898069619e-08,3.9893666214442404e-05
112.13954160001596,569206.3574022,0.9806235000001022,5.0966900000000095,54.97914599999999,0.9463231125096369,5.13761544646494,55.89062427471083,1.1498408800000013,0.0380686400000005,0.0584361200000011,56.13423644912186,1.0,4181.82,0.0,0.0,0.0,0.0,0.0,50.57998457414209,8.068543955107214e-05,2.2305454642175129e-07,2.2577638938033553e-07,7.662867898069619e-08,3.9893666214442404e-05
112.2496194000123,569206.46748,0.8406235000001022,5.13169000000001,55.81914599999999,0.9210548566063818,5.13619892568438,55.87353687680997,1.1718408800000013,0.0356686400000005,0.0604361200000011,56.116673142456726,1.0,4189.64,0.0,0.0,0.0,0.0,0.0,51.308027609967354,8.068543955107214e-05,2.2305454642175129e-07,2.2577638938033553e-07,7.662867898069619e-08,3.9893666214442404e-05
112.3522735000588,569206.5701341,0.7906235000001023,5.14669000000001,55.31414599999999,0.8898742986243089,5.138706892782968,55.73981044688663,1.1602408800000017,0.0272686400000005,0.0568361200000011,55.983253330367816,1.0,4191.59,0.0,0.0,0.0,0.0,0.0,51.49387115477915,8.068543955107214e-05,2.2305454642175129e-07,2.2577638938033553e-07,7.662867898069619e-08,3.9893666214442404e-05
112.4647567999782,569206.6826174,0.7956235000001023,5.2216900000000095,55.75914599999999,0.867342964382116,5.158544604000863,55.74443275053088,1.1602408800000017,0.0272686400000005,0.0576361200000011,55.98932620533837,1.0,4196.97,0.0,0.0,0.0,0.0,0.0,52.01587886504106,8.068543955107214e-05,2.2305454642175129e-07,2.2577638938033553e-07,7.662867898069619e-08,3.9893666214442404e-05
112.5755610000342,569206.7934216,0.9006235000001023,5.311690000000009,56.36414599999999,0.8752989168272284,5.195155117177178,55.89257967938373,1.1714408800000011,0.0236686400000005,0.0580361200000011,56.14032639824594,1.0,4204.3,0.0,0.0,0.0,0.0,0.0,52.74989987312053,8.068543955107214e-05,2.2305454642175129e-07,2.2577638938033553e-07,7.662867898069619e-08,3.9893666214442404e-05
112.68549090006854,569206.9033515,0.7456235000001022,5.25669000000001,56.52414599999999,0.844299071709977,5.209865475420013,56.043560170516265,1.1794408800000014,0.0224686400000005,0.0568361200000011,56.29152845482827,1.0,4207.23,0.0,0.0,0.0,0.0,0.0,53.05099775815515,8.068543955107214e-05,2.2305454642175129e-07,2.2577638938033553e-07,7.662867898069619e-08,3.9893666214442404e-05
112.79585870006122,569207.0137193,0.7056235000001022,5.20169000000001,56.10414599999999,0.8111476745543894,5.20791106896441,56.05804365070279,1.1706408800000014,0.0184686400000005,0.0592361200000011,56.3052800028228,1.0,4206.26,0.0,0.0,0.0,0.0,0.0,52.95081763773686,8.068543955107214e-05,2.2305454642175129e-07,2.2577638938033553e-07,7.662867898069619e-08,3.9893666214442404e-05
112.9071513999952,569207.125012,0.9206235000001024,5.0566900000000095,55.85414599999999,0.8373186614379299,5.171760580066341,56.00930044442504,1.1722408800000017,0.0256686400000005,0.0624361200000011,56.25379939446038,1.0,4204.3,0.0,0.0,0.0,0.0,0.0,52.74989987312053,8.068543955107214e-05,2.2305454642175129e-07,2.2577638938033553e-07,7.662867898069619e-08,3.9893666214442404e-05
113.01795150002,569207.2358121,0.7306235000001022,4.98669000000001,55.02414599999999,0.8118124123719086,5.127518121023664,55.773792158113054,1.1518408800000013,0.0244686400000005,0.0608361200000011,56.01487635593513,1.0,4200.39,0.0,0.0,0.0,0.0,0.0,52.35500043998261,8.068543955107214e-05,2.2305454642175129e-07,2.2577638938033553e-07,7.662867898069619e-08,3.9893666214442404e-05
113.12962510006037,569207.3474857,0.8206235000001022,5.19169000000001,55.68414599999999,0.8139187665172951,5.142858872245631,55.75236159644717,1.1694408800000011,0.0332686400000005,0.0664361200000011,55.99497553101816,1.0,4193.55,0.0,0.0,0.0,0.0,0.0,51.68245232379494,8.068543955107214e-05,2.2305454642175129e-07,2.2577638938033553e-07,7.662867898069619e-08,3.9893666214442404e-05
113.23377769999206,569207.4516383,0.9006235000001023,5.00169000000001,56.01914599999999,0.8346461593775997,5.109111433586341,55.81613833526314,1.1814408800000014,0.0360686400000005,0.0652361200000011,56.05569509437375,1.0,4194.04,0.0,0.0,0.0,0.0,0.0,51.72988054969219,8.068543955107214e-05,2.2305454642175129e-07,2.2577638938033553e-07,7.662867898069619e-08,3.9893666214442404e-05
113.34455749997868,569207.5624181,0.8806235000001023,5.11669000000001,56.34414599999999,0.845637374775818,5.1109231446321415,55.94236238164029,1.191840880000001,0.0336686400000005,0.0664361200000011,56.181710073641554,1.0,4196.48,0.0,0.0,0.0,0.0,0.0,51.9677614913289,8.068543955107214e-05,2.2305454642175129e-07,2.2577638938033553e-07,7.662867898069619e-08,3.9893666214442404e-05
113.45470890006982,569207.6725695,0.8406235000001022,5.03669000000001,55.75914599999999,0.8444387717924037,5.093177175176493,55.898563182125365,1.1730408800000014,0.0324686400000005,0.0656361200000011,56.136466725321306,1.0,4197.46,0.0,0.0,0.0,0.0,0.0,52.06411313377872,8.068543955107214e-05,2.2305454642175129e-07,2.2577638938033553e-07,7.662867898069619e-08,3.9893666214442404e-05
113.56547849997878,569207.7833391,0.8956235000001023,5.14669000000001,56.49414599999999,0.8566748508090037,5.105969802506368,56.0409415569967,1.187840880000001,0.0312686400000005,0.0644361200000011,56.27958732985553,1.0,4199.41,0.0,0.0,0.0,0.0,0.0,52.257233567017245,8.068543955107214e-05,2.2305454642175129e-07,2.2577638938033553e-07,7.662867898069619e-08,3.9893666214442404e-05
113.6755876999814,569207.8934483,0.7606235000001023,5.14669000000001,56.53414599999999,0.8337130815605714,5.115704259864077,56.15884564181352,1.1890408800000014,0.0312686400000005,0.0644361200000011,56.39753054343598,1.0,4199.9,0.0,0.0,0.0,0.0,0.0,52.30605710456534,8.068543955107214e-05,2.2305454642175129e-07,2.2577638938033553e-07,7.662867898069619e-08,3.9893666214442404e-05
113.78721680003218,569208.0050774,0.8106235000001023,5.17169000000001,56.50414599999999,0.8281933502983931,5.129088055462763,56.24139218675335,1.1826408800000014,0.0312686400000005,0.0652361200000011,56.480860861094975,1.0,4201.37,0.0,0.0,0.0,0.0,0.0,52.453248488351996,8.068543955107214e-05,2.2305454642175129e-07,2.2577638938033553e-07,7.662867898069619e-08,3.9893666214442404e-05
113.89963830006307,569208.1174989,0.9556235000001022,5.23169000000001,56.61414599999999,0.858656448090378,5.153615791460895,56.33050167843839,1.1846408800000017,0.0364686400000005,0.0688361200000011,56.57227647855788,1.0,4204.3,0.0,0.0,0.0,0.0,0.0,52.74989987312053,8.068543955107214e-05,2.2305454642175129e-07,2.2577638938033553e-07,7.662867898069619e-08,3.9893666214442404e-05
114.0031786999898,569208.2210393,0.7956235000001023,5.31669000000001,56.96414599999999,0.8435879665239201,5.192599858996767,56.48197893070758,1.1922408800000013,0.0372686400000005,0.0668361200000011,56.726437204197936,1.0,4204.3,0.0,0.0,0.0,0.0,0.0,52.74989987312053,8.068543955107214e-05,2.2305454642175129e-07,2.2577638938033553e-07,7.662867898069619e-08,3.9893666214442404e-05
114.11630039999729,569208.334161,0.7706235000001023,5.226690000000009,56.70414599999999,0.8261452837345011,5.200749353457499,56.53508957347034,1.1882408800000013,0.0316686400000005,0.0660361200000011,56.77980858498592,1.0,4206.26,0.0,0.0,0.0,0.0,0.0,52.95081763773686,8.068543955107214e-05,2.2305454642175129e-07,2.2577638938033553e-07,7.662867898069619e-08,3.9893666214442404e-05
114.22723800002132,569208.4450986,0.8656235000001022,5.23169000000001,56.89414599999999,0.835582836508058,5.208145938516671,56.620924605916095,1.199840880000001,0.0324686400000005,0.0668361200000011,56.866089069166605,1.0,4203.32,0.0,0.0,0.0,0.0,0.0,52.65018918638571,8.068543955107214e-05,2.2305454642175129e-07,2.2577638938033553e-07,7.662867898069619e-08,3.9893666214442404e-05
114.33469050005078,569208.5525511,0.7506235000001023,5.11669000000001,56.62914599999999,0.81527269340266,5.186282735772168,56.62288998956,1.1962408800000013,0.0368686400000005,0.0660361200000011,56.865753041261925,1.0,4203.32,0.0,0.0,0.0,0.0,0.0,52.65018918638571,8.068543955107214e-05,2.2305454642175129e-07,2.2577638938033553e-07,7.662867898069619e-08,3.9893666214442404e-05
114.44840800005476,569208.6662686,0.7656235000001023,5.07169000000001,56.23914599999999,0.8034036950733343,5.1588885145125225,56.53115321683849,1.1934408800000014,0.0424686400000005,0.0644361200000011,56.77174360743288,1.0,4198.44,0.0,0.0,0.0,0.0,0.0,52.160934273328245,8.068543955107214e-05,2.2305454642175129e-07,2.2577638938033553e-07,7.662867898069619e-08,3.9893666214442404e-05
114.56134260003456,569208.7792032,0.9456235000001022,5.1816900000000095,56.88414599999999,0.8374023667815811,5.16433937432736,56.61553869153569,1.2082408800000013,0.0540686400000005,0.0656361200000011,56.856757428030434,1.0,4192.08,0.0,0.0,0.0,0.0,0.0,51.54084759649141,8.068543955107214e-05,2.2305454642175129e-07,2.2577638938033553e-07,7.662867898069619e-08,3.9893666214442404e-05
114.66969400004018,569208.8875546,0.9306235000001024,5.12169000000001,56.95414599999999,0.8596875520706428,5.154143733311931,56.69648521459145,1.2126408800000017,0.0512686400000005,0.0644361200000011,56.9367692796071,1.0,4196.48,0.0,0.0,0.0,0.0,0.0,51.9677614913289,8.068543955107214e-05,2.2305454642175129e-07,2.2577638938033553e-07,7.662867898069619e-08,3.9893666214442404e-05
114.78183820005506,569208.9996988,0.8756235000001023,5.11669000000001,56.73414599999999,0.8634971555382639,5.145190147812528,56.70548829739021,1.2086408800000017,0.0500686400000005,0.0672361200000011,56.94498232540096,1.0,4195.01,0.0,0.0,0.0,0.0,0.0,51.824105995421384,8.068543955107214e-05,2.2305454642175129e-07,2.2577638938033553e-07,7.662867898069619e-08,3.9893666214442404e-05
114.8856885000132,569209.1035491,0.8106235000001023,5.05169000000001,56.22914599999999,0.850857326243163,5.122838262069278,56.591615230287765,1.2014408800000014,0.0516686400000005,0.0672361200000011,56.82937923664028,1.0,4192.08,0.0,0.0,0.0,0.0,0.0,51.54084759649141,8.068543955107214e-05,2.2305454642175129e-07,2.2577638938033553e-07,7.662867898069619e-08,3.9893666214442404e-05
114.9982808000641,569209.2161414,0.9006235000001023,5.0566900000000095,56.49914599999999,0.862754289571224,5.107025042192326,56.56950979282575,1.2078408800000011,0.0544686400000005,0.0672361200000011,56.80612192313748,1.0,4184.26,0.0,0.0,0.0,0.0,0.0,50.804245146694946,8.068543955107214e-05,2.2305454642175129e-07,2.2577638938033553e-07,7.662867898069619e-08,3.9893666214442404e-05
115.10480960004496,569209.3226702,0.8606235000001022,4.98669000000001,56.72914599999999,0.862244908932253,5.0782580811027564,56.60767198130056,1.2206408800000017,0.0592686400000005,0.0664361200000011,56.84154025502639,1.0,4187.68,0.0,0.0,0.0,0.0,0.0,51.12298733553757,8.068543955107214e-05,2.2305454642175129e-07,2.2577638938033553e-07,7.662867898069619e-08,3.9893666214442404e-05
115.21708760003094,569209.4349482,0.9256235000001024,5.05169000000001,56.87914599999999,0.8773960189492902,5.07190678939767,56.67256980649328,1.2198408800000011,0.0584686400000005,0.0692361200000011,56.9058365260213,1.0,4189.15,0.0,0.0,0.0,0.0,0.0,51.261603556332105,8.068543955107214e-05,2.2305454642175129e-07,2.2577638938033553e-07,7.662867898069619e-08,3.9893666214442404e-05
115.32898680004293,569209.5468474,1.0006235000001025,5.03669000000001,56.26414599999999,0.906854438441836,5.063487961499783,56.57493314525648,1.1970408800000014,0.0508686400000005,0.0684361200000011,56.80831238207148,1.0,4192.57,0.0,0.0,0.0,0.0,0.0,51.587936303295386,8.068543955107214e-05,2.2305454642175129e-07,2.2577638938033553e-07,7.662867898069619e-08,3.9893666214442404e-05
115.4339146000566,569209.6517752,0.8206235000001022,5.20169000000001,56.34414599999999,0.8862403097086109,5.096526157120985,56.51976181106642,1.1990408800000014,0.0456686400000005,0.0644361200000011,56.755999470861695,1.0,4193.55,0.0,0.0,0.0,0.0,0.0,51.68245232379494,8.068543955107214e-05,2.2305454642175129e-07,2.2577638938033553e-07,7.662867898069619e-08,3.9893666214442404e-05
115.5463128000265,569209.7641734,0.7206235000001022,5.12169000000001,55.99414599999999,0.8466484149964351,5.10254175553502,56.39410955458701,1.1902408800000013,0.0480686400000005,0.0684361200000011,56.63080732569823,1.0,4192.08,0.0,0.0,0.0,0.0,0.0,51.54084759649141,8.068543955107214e-05,2.2305454642175129e-07,2.2577638938033553e-07,7.662867898069619e-08,3.9893666214442404e-05
115.65799860004336,569209.8758592,0.9006235000001023,5.27669000000001,56.58414599999999,0.8595515489615626,5.144173151353495,56.43953913961227,1.2026408800000017,0.0532686400000005,0.0700361200000011,56.680004627454416,1.0,4188.17,0.0,0.0,0.0,0.0,0.0,51.16908385288269,8.068543955107214e-05,2.2305454642175129e-07,2.2577638938033553e-07,7.662867898069619e-08,3.9893666214442404e-05
115.76914490002672,569209.9870055,0.8956235000001023,5.14669000000001,56.18414599999999,0.8681748094270566,5.144774822203179,56.37848556472734,1.1850408800000014,0.0524686400000005,0.0704361200000011,56.61939658847548,1.0,4194.53,0.0,0.0,0.0,0.0,0.0,51.77742286512195,8.068543955107214e-05,2.2305454642175129e-07,2.2577638938033553e-07,7.662867898069619e-08,3.9893666214442404e-05
115.87751720007508,569210.0953778,0.9356235000001024,5.23169000000001,55.55914599999999,0.8842989061316253,5.165552523296919,56.18261652318923,1.1730408800000014,0.0528686400000005,0.0688361200000011,56.42651253460611,1.0,4195.99,0.0,0.0,0.0,0.0,0.0,51.91976053680073,8.068543955107214e-05,2.2305454642175129e-07,2.2577638938033553e-07,7.662867898069619e-08,3.9893666214442404e-05
115.98795300000349,569210.2058136,0.8856235000001023,5.186690000000009,56.21414599999999,0.8846155598642351,5.170605589791695,56.19015387237751,1.1890408800000014,0.0492686400000005,0.0664361200000011,56.43448501630364,1.0,4199.41,0.0,0.0,0.0,0.0,0.0,52.257233567017245,8.068543955107214e-05,2.2305454642175129e-07,2.2577638938033553e-07,7.662867898069619e-08,3.9893666214442404e-05
116.09879870002624,569210.3166593,0.8606235000001022,5.141690000000009,55.92414599999999,0.878880084644414,5.163693109177029,56.12656276894835,1.1814408800000014,0.0496686400000005,0.0636361200000011,56.370446201761126,1.0,4197.46,0.0,0.0,0.0,0.0,0.0,52.06411313377872,8.068543955107214e-05,2.2305454642175129e-07,2.2577638938033553e-07,7.662867898069619e-08,3.9893666214442404e-05
116.2112859999761,569210.4291466,0.9056235000001024,5.12169000000001,56.07414599999999,0.8852732912692123,5.153651962514154,56.1140321616929,1.1814408800000014,0.0512686400000005,0.0656361200000011,56.35715076895271,1.0,4197.46,0.0,0.0,0.0,0.0,0.0,52.06411313377872,8.068543955107214e-05,2.2305454642175129e-07,2.2577638938033553e-07,7.662867898069619e-08,3.9893666214442404e-05
116.31462890002877,569210.5324895,0.9006235000001023,5.19669000000001,56.34414599999999,0.8889428695502634,5.163940516265175,56.16904253699299,1.1946408800000017,0.0544686400000005,0.0664361200000011,56.41292263837584,1.0,4198.44,0.0,0.0,0.0,0.0,0.0,52.160934273328245,8.068543955107214e-05,2.2305454642175129e-07,2.2577638938033553e-07,7.662867898069619e-08,3.9893666214442404e-05
116.42628640006296,569210.644147,0.8956235000001023,5.12169000000001,56.41914599999999,0.8905399225175709,5.153840225150706,56.22883157647486,1.2054408800000014,0.0552686400000005,0.0652361200000011,56.47155594523278,1.0,4195.99,0.0,0.0,0.0,0.0,0.0,51.91976053680073,8.068543955107214e-05,2.2305454642175129e-07,2.2577638938033553e-07,7.662867898069619e-08,3.9893666214442404e-05
116.5370993000688,569210.7549599,0.9606235000001022,5.0566900000000095,55.88914599999999,0.9072939079712492,5.130615762053028,56.14762728566218,1.1914408800000014,0.0548686400000005,0.0672361200000011,56.38885040628959,1.0,4189.64,0.0,0.0,0.0,0.0,0.0,51.308027609967354,8.068543955107214e-05,2.2305454642175129e-07,2.2577638938033553e-07,7.662867898069619e-08,3.9893666214442404e-05
116.64710429997648,569210.8649649,0.8756235000001023,4.95169000000001,55.39914599999999,0.8997228681710491,5.087842266144206,55.968697427587216,1.1766408800000014,0.0540686400000005,0.0644361200000011,56.206678712635934,1.0,4186.71,0.0,0.0,0.0,0.0,0.0,51.03205407607574,8.068543955107214e-05,2.2305454642175129e-07,2.2577638938033553e-07,7.662867898069619e-08,3.9893666214442404e-05
116.75792460003868,569210.9757852,0.7656235000001023,4.91169000000001,55.23914599999999,0.8676654455281549,5.045731794467043,55.794292888827,1.1710408800000014,0.0524686400000005,0.0632361200000011,56.02870132022757,1.0,4189.64,0.0,0.0,0.0,0.0,0.0,51.308027609967354,8.068543955107214e-05,2.2305454642175129e-07,2.2577638938033553e-07,7.662867898069619e-08,3.9893666214442404e-05
116.8679559000302,569211.0858165,0.7056235000001022,4.99669000000001,54.99414599999999,0.8289281479217443,5.034007999240868,55.60301199510329,1.1570408800000014,0.0476686400000005,0.0644361200000011,55.83657673370063,1.0,4189.64,0.0,0.0,0.0,0.0,0.0,51.308027609967354,8.068543955107214e-05,2.2305454642175129e-07,2.2577638938033553e-07,7.662867898069619e-08,3.9893666214442404e-05
116.9779555000132,569211.1958161,0.8456235000001022,5.0116900000000095,55.53414599999999,0.8329192924367994,5.028672720305803,55.5865490815127,1.1650408800000014,0.0492686400000005,0.0688361200000011,55.819761220083,1.0,4194.53,0.0,0.0,0.0,0.0,0.0,51.77742286512195,8.068543955107214e-05,2.2305454642175129e-07,2.2577638938033553e-07,7.662867898069619e-08,3.9893666214442404e-05
117.08798100007698,569211.3058416,0.8656235000001022,5.0566900000000095,56.30414599999999,0.8407374694972702,5.035370453402624,55.75809580851785,1.1866408800000017,0.0476686400000005,0.0664361200000011,55.9913122125877,1.0,4198.92,0.0,0.0,0.0,0.0,0.0,52.20852933491766,8.068543955107214e-05,2.2305454642175129e-07,2.2577638938033553e-07,7.662867898069619e-08,3.9893666214442404e-05
117.19809419999363,569211.4159548,0.8906235000001023,5.04169000000001,56.02414599999999,0.8526630854462354,5.036881186666673,55.82169702863466,1.1794408800000014,0.0492686400000005,0.0676361200000011,56.05496468273402,1.0,4198.92,0.0,0.0,0.0,0.0,0.0,52.20852933491766,8.068543955107214e-05,2.2305454642175129e-07,2.2577638938033553e-07,7.662867898069619e-08,3.9893666214442404e-05
117.30884459998924,569211.5267052,0.9756235000001022,5.04669000000001,56.46414599999999,0.882057660763502,5.039226054349056,55.97527909604079,1.1930408800000014,0.0500686400000005,0.0668361200000011,56.20857314345743,1.0,4198.92,0.0,0.0,0.0,0.0,0.0,52.20852933491766,8.068543955107214e-05,2.2305454642175129e-07,2.2577638938033553e-07,7.662867898069619e-08,3.9893666214442404e-05
117.41971779998858,569211.6375784,1.005623500000102,5.016690000000009,56.17914599999999,0.9115969672245282,5.033838647765233,56.02401495208738,1.1962408800000013,0.0564686400000005,0.0692361200000011,56.2570954806067,1.0,4200.88,0.0,0.0,0.0,0.0,0.0,52.404064068534346,8.068543955107214e-05,2.2305454642175129e-07,2.2577638938033553e-07,7.662867898069619e-08,3.9893666214442404e-05
117.53045720001684,569211.7483178,0.9556235000001022,4.90169000000001,55.42414599999999,0.9221218279150618,5.002247558926571,55.88061194587112,1.1866408800000017,0.0596686400000005,0.0668361200000011,56.11163498554768,1.0,4194.04,0.0,0.0,0.0,0.0,0.0,51.72988054969219,8.068543955107214e-05,2.2305454642175129e-07,2.2577638938033553e-07,7.662867898069619e-08,3.9893666214442404e-05
117.6404394999845,569211.8583001,0.8956235000001023,4.851690000000009,53.86414599999999,0.915787211213386,4.966255686895985,55.398561195345664,1.1550408800000014,0.0648686400000005,0.0664361200000011,55.628256707165534,1.0,4177.42,0.0,0.0,0.0,0.0,0.0,50.18202471471395,8.068543955107214e-05,2.2305454642175129e-07,2.2577638938033553e-07,7.662867898069619e-08,3.9893666214442404e-05
117.75046969996764,569211.9683303,1.0706235000001023,4.88169000000001,54.23414599999999,0.9528019445249212,4.946039648573902,55.12019933161623,1.1614408800000011,0.0676686400000005,0.0692361200000011,55.349864625921725,1.0,4172.04,0.0,0.0,0.0,0.0,0.0,49.70634068580476,8.068543955107214e-05,2.2305454642175129e-07,2.2577638938033553e-07,7.662867898069619e-08,3.9893666214442404e-05
117.86126969999168,569212.0791303,0.9306235000001024,4.84169000000001,53.49914599999999,0.9475000271528142,4.921094111301076,54.73267482283519,1.133440880000001,0.0592686400000005,0.0700361200000011,54.96162858591396,1.0,4174.49,0.0,0.0,0.0,0.0,0.0,49.92150204830513,8.068543955107214e-05,2.2305454642175129e-07,2.2577638938033553e-07,7.662867898069619e-08,3.9893666214442404e-05
117.97124730003998,569212.1891079,0.7856235000001023,4.79669000000001,52.43914599999999,0.9088022740039466,4.891354409847688,54.18439019017712,1.1162408800000014,0.0528686400000005,0.0660361200000011,54.41230935934748,1.0,4161.29,0.0,0.0,0.0,0.0,0.0,48.78997425177444,8.068543955107214e-05,2.2305454642175129e-07,2.2577638938033553e-07,7.662867898069619e-08,3.9893666214442404e-05
118.08212010003626,569212.2999807,0.9106235000001024,4.89669000000001,52.95414599999999,0.9092376512341552,4.892629921215827,53.89029142971019,1.1158408800000017,0.0508686400000005,0.0660361200000011,54.11957179275806,1.0,4133.92,0.0,0.0,0.0,0.0,0.0,46.64137847395245,8.068543955107214e-05,2.2305454642175129e-07,2.2577638938033553e-07,7.662867898069619e-08,3.9893666214442404e-05
118.1930665000109,569212.4109271,0.9306235000001024,4.936690000000009,53.28414599999999,0.9143500928647004,4.903162801322042,53.74538798617937,1.1318408800000013,0.0536686400000005,0.0676361200000011,53.97632602663453,1.0,4141.25,0.0,0.0,0.0,0.0,0.0,47.19270387361376,8.068543955107214e-05,2.2305454642175129e-07,2.2577638938033553e-07,7.662867898069619e-08,3.9893666214442404e-05
118.3029665000504,569212.5208271,0.8456235000001022,4.79169000000001,52.95414599999999,0.8979205043862675,4.8765144229298905,53.55623587375912,1.1358408800000013,0.0584686400000005,0.0700361200000011,53.78528660437688,1.0,4129.52,0.0,0.0,0.0,0.0,0.0,46.318284334119014,8.068543955107214e-05,2.2305454642175129e-07,2.2577638938033553e-07,7.662867898069619e-08,3.9893666214442404e-05
118.4059736999916,569212.6238343,0.8106235000001023,4.8466900000000095,53.07414599999999,0.8770515248881807,4.8693846791884825,53.44098880700743,1.1458408800000013,0.0620686400000005,0.0672361200000011,53.669538950897625,1.0,4119.75,0.0,0.0,0.0,0.0,0.0,45.62092267611991,8.068543955107214e-05,2.2305454642175129e-07,2.2577638938033553e-07,7.662867898069619e-08,3.9893666214442404e-05
118.5171269000275,569212.7349875,0.7806235000001023,4.87669000000001,53.18414599999999,0.8539997089801743,4.871131068899271,53.37958867865986,1.1490408800000014,0.0680686400000006,0.0660361200000011,53.60818706966545,1.0,4125.12,0.0,0.0,0.0,0.0,0.0,46.000866698306574,8.068543955107214e-05,2.2305454642175129e-07,2.2577638938033553e-07,7.662867898069619e-08,3.9893666214442404e-05
118.62711790006142,569212.8449785,0.7106235000001022,5.00169000000001,52.86914599999999,0.8197245905295725,4.902342124485793,53.25756366908702,1.145440880000001,0.0724686400000006,0.0624361200000011,53.48899881916547,1.0,4126.1,0.0,0.0,0.0,0.0,0.0,46.07108155674238,8.068543955107214e-05,2.2305454642175129e-07,2.2577638938033553e-07,7.662867898069619e-08,3.9893666214442404e-05
118.73707190004644,569212.9549325,0.8106235000001023,5.29169000000001,53.74414599999999,0.8175489090957677,4.995418546624942,53.37388469017309,1.1830408800000014,0.0872686400000005,0.0648361200000011,53.613376685251055,1.0,4112.41,0.0,0.0,0.0,0.0,0.0,45.11434839280937,8.068543955107214e-05,2.2305454642175129e-07,2.2577638938033553e-07,7.662867898069619e-08,3.9893666214442404e-05
118.84794350003358,569213.0658041,0.7556235000001023,5.391690000000009,54.35414599999999,0.8027451927264019,5.090150100064958,53.60822323731328,1.2054408800000014,0.0888686400000006,0.0628361200000011,53.85532124634717,1.0,4108.5,0.0,0.0,0.0,0.0,0.0,44.850295420779645,8.068543955107214e-05,2.2305454642175129e-07,2.2577638938033553e-07,7.662867898069619e-08,3.9893666214442404e-05
118.95802969997747,569213.1758903,0.6756235000001023,5.28169000000001,53.10414599999999,0.7723558338025616,5.1359390967541,53.48771993247583,1.1750408800000014,0.0824686400000005,0.0592361200000011,53.73928346670197,1.0,4095.31,0.0,0.0,0.0,0.0,0.0,43.98775002943559,8.068543955107214e-05,2.2305454642175129e-07,2.2577638938033553e-07,7.662867898069619e-08,3.9893666214442404e-05
119.06884249998257,569213.2867031,0.5856235000001022,5.29169000000001,52.66414599999999,0.7277161205254014,5.173172475258924,53.29083863474001,1.1582408800000017,0.0820686400000006,0.0572361200000011,53.546286207399554,1.0,4094.33,0.0,0.0,0.0,0.0,0.0,43.92533563127803,8.068543955107214e-05,2.2305454642175129e-07,2.2577638938033553e-07,7.662867898069619e-08,3.9893666214442404e-05
119.17877670004964,569213.3966373,0.6156235000001022,5.23669000000001,52.58414599999999,0.7009195698753768,5.188356798374151,53.12189865553294,1.1558408800000013,0.0868686400000006,0.0568361200000011,53.37926986461488,1.0,4092.38,0.0,0.0,0.0,0.0,0.0,43.80180856981543,8.068543955107214e-05,2.2305454642175129e-07,2.2577638938033553e-07,7.662867898069619e-08,3.9893666214442404e-05
119.28966260002926,569213.5075232,0.5656235000001022,5.42169000000001,52.58414599999999,0.668576067045556,5.244136785731022,52.993344998711954,1.1538408800000013,0.0912686400000006,0.0532361200000011,53.2563853330039,1.0,4093.84,0.0,0.0,0.0,0.0,0.0,43.8942125034519,8.068543955107214e-05,2.2305454642175129e-07,2.2577638938033553e-07,7.662867898069619e-08,3.9893666214442404e-05
119.39969590003602,569213.6175565,0.6906235000001022,5.4316900000000095,53.24914599999999,0.6738466651554126,5.2889727364134265,53.0544960758767,1.1698408800000013,0.1024686400000006,0.0552361200000011,53.32172967749529,1.0,4097.26,0.0,0.0,0.0,0.0,0.0,44.11261356369176,8.068543955107214e-05,2.2305454642175129e-07,2.2577638938033553e-07,7.662867898069619e-08,3.9893666214442404e-05
119.51053189998493,569213.7283925,0.6306235000001023,5.42169000000001,53.35914599999999,0.6635138552977178,5.320699756971643,53.127324840910816,1.1742408800000017,0.0984686400000005,0.0524361200000011,53.39721660622087,1.0,4101.17,0.0,0.0,0.0,0.0,0.0,44.365713095366665,8.068543955107214e-05,2.2305454642175129e-07,2.2577638938033553e-07,7.662867898069619e-08,3.9893666214442404e-05
119.62131840002256,569213.839179,0.6406235000001023,5.46669000000001,52.39914599999999,0.6580417505128076,5.355599779144254,52.95324842891062,1.1606408800000014,0.0968686400000005,0.0524361200000011,53.22745520042934,1.0,4075.27,0.0,0.0,0.0,0.0,0.0,42.75437315242457,8.068543955107214e-05,2.2305454642175129e-07,2.2577638938033553e-07,7.662867898069619e-08,3.9893666214442404e-05
119.73127250000834,569213.9491331,0.6656235000001023,5.33169000000001,51.77914599999999,0.659854222495352,5.349883973724886,52.67257076202068,1.1638408800000013,0.1024686400000006,0.0552361200000011,52.94767583952424,1.0,4023.46,3.42,0.0,0.0,0.0,0.0,39.93091906650706,0.26407912610194173,2.2305454642175129e-07,2.2577638938033553e-07,7.662867898069619e-08,3.9893666214442404e-05
119.84222440002486,569214.060085,0.6506235000001023,5.41169000000001,50.70914599999999,0.6576475516037168,5.3646591507686265,52.203199889643535,1.1522408800000017,0.1024686400000006,0.0584361200000011,52.48224601543016,1.0,3968.23,0.0,0.0,0.0,0.0,0.0,37.381910365815706,8.068543955107214e-05,2.2305454642175129e-07,2.2577638938033553e-07,7.662867898069619e-08,3.9893666214442404e-05
119.95376980002038,569214.1716304,0.7506235000001023,5.13169000000001,50.59414599999999,0.6798741236899273,5.308966192398941,51.81854393414537,1.1586408800000014,0.1044686400000006,0.0624361200000011,52.09423045127984,1.0,3926.69,0.0,0.0,0.0,0.0,0.0,35.70836818278858,8.068543955107214e-05,2.2305454642175129e-07,2.2577638938033553e-07,7.662867898069619e-08,3.9893666214442404e-05
120.06376360007562,569214.2816242,0.5906235000001022,5.186690000000009,48.86914599999999,0.6585381173851154,5.279735185330367,51.113469052685474,1.0938408800000017,0.0892686400000006,0.0576361200000011,51.38964871138059,1.0,3912.51,0.0,0.0,0.0,0.0,0.0,35.17728316661943,8.068543955107214e-05,2.2305454642175129e-07,2.2577638938033553e-07,7.662867898069619e-08,3.9893666214442404e-05
120.17376430006698,569214.3916249,0.6806235000001023,5.1816900000000095,48.44414599999999,0.6638177876354339,5.256296775536896,50.47534809479048,1.0934408800000013,0.0948686400000005,0.0600361200000011,50.7526361397905,1.0,3924.73,0.0,0.0,0.0,0.0,0.0,35.63381930346251,8.068543955107214e-05,2.2305454642175129e-07,2.2577638938033553e-07,7.662867898069619e-08,3.9893666214442404e-05
120.2770374000538,569214.494898,0.7056235000001022,5.21669000000001,47.68914599999999,0.6738117451643986,5.246828489740876,49.80928635759157,1.0894408800000013,0.1020686400000006,0.0628361200000011,50.089402461211655,1.0,3911.05,0.0,0.0,0.0,0.0,0.0,35.12366797752322,8.068543955107214e-05,2.2305454642175129e-07,2.2577638938033553e-07,7.662867898069619e-08,3.9893666214442404e-05
120.38798830006272,569214.6058489,0.8756235000001023,5.186690000000009,47.16914599999999,0.7220563029674227,5.232451949351285,49.1781417337632,1.085040880000001,0.1112686400000006,0.0668361200000011,49.46099011436211,1.0,3884.65,0.0,0.0,0.0,0.0,0.0,34.1865520859723,8.068543955107214e-05,2.2305454642175129e-07,2.2577638938033553e-07,7.662867898069619e-08,3.9893666214442404e-05
120.49881250003818,569214.7166731,0.8206235000001022,5.16169000000001,45.43414599999999,0.7456195034291428,5.215535794202089,48.2831125084395,1.0378408800000014,0.1116686400000006,0.0704361200000011,48.56970985673194,1.0,3862.66,3.42,0.0,0.0,0.0,0.0,33.449701406089495,0.26407912610194173,2.2305454642175129e-07,2.2577638938033553e-07,7.662867898069619e-08,3.9893666214442404e-05
120.60972800001036,569214.8275886,0.8306235000001022,5.02169000000001,43.60414599999999,0.7659403228452089,5.169195556831531,47.16457176556456,0.9950408800000012,0.1068686400000006,0.0696361200000011,47.453177734605056,1.0,3834.31,0.0,0.0,0.0,0.0,0.0,32.55264803212189,8.068543955107214e-05,2.2305454642175129e-07,2.2577638938033553e-07,7.662867898069619e-08,3.9893666214442404e-05
120.7204761999892,569214.9383368,0.6356235000001023,4.78669000000001,41.26914599999999,0.7347871449860918,5.077754840399727,45.75522765004578,0.9266408800000012,0.1016686400000005,0.0700361200000011,46.04198479295994,1.0,3796.68,0.0,0.0,0.0,0.0,0.0,31.444230833342587,8.068543955107214e-05,2.2305454642175129e-07,2.2577638938033553e-07,7.662867898069619e-08,3.9893666214442404e-05
120.83049079997,569215.0483514,0.5156235000001022,4.58669000000001,40.13414599999999,0.6823944924993426,4.9603622430409455,44.41146747709685,0.8922408800000012,0.0912686400000006,0.0676361200000011,44.69283275084285,1.0,3784.46,0.0,0.0,0.0,0.0,0.0,31.102601522508653,8.068543955107214e-05,2.2305454642175129e-07,2.2577638938033553e-07,7.662867898069619e-08,3.9893666214442404e-05
120.94142839999404,569215.159289,0.6556235000001023,4.69169000000001,40.76414599999999,0.6759946933591716,4.896134202558323,43.53954893116644,0.8930408800000013,0.0928686400000005,0.0672361200000011,43.81919008932442,1.0,3805.96,0.0,0.0,0.0,0.0,0.0,31.709462114283994,8.068543955107214e-05,2.2305454642175129e-07,2.2577638938033553e-07,7.662867898069619e-08,3.9893666214442404e-05
121.05129980004858,569215.2691604,0.6156235000001022,4.86669000000001,41.20914599999999,0.6615625234886885,4.889095353243302,42.98244927654757,0.8950408800000013,0.0896686400000005,0.0668361200000011,43.26467224140932,1.0,3842.13,0.0,0.0,0.0,0.0,0.0,32.79446115460531,8.068543955107214e-05,2.2305454642175129e-07,2.2577638938033553e-07,7.662867898069619e-08,3.9893666214442404e-05
121.16213609999976,569215.3799967,0.6406235000001023,4.9316900000000095,41.57914599999999,0.6565568986683881,4.899277911237639,42.64697949137232,0.9010408800000012,0.0916686400000005,0.0676361200000011,42.93249178361607,1.0,3862.17,0.0,0.0,0.0,0.0,0.0,33.43370562928155,8.068543955107214e-05,2.2305454642175129e-07,2.2577638938033553e-07,7.662867898069619e-08,3.9893666214442404e-05
121.272985800053,569215.4908464,0.5806235000001022,4.95669000000001,42.22414599999999,0.638404471203424,4.913002685778862,42.545898090875234,0.9134408800000012,0.0920686400000005,0.0680361200000011,42.833381841952,1.0,3873.9,0.0,0.0,0.0,0.0,0.0,33.82161931167979,8.068543955107214e-05,2.2305454642175129e-07,2.2577638938033553e-07,7.662867898069619e-08,3.9893666214442404e-05
121.38468690006994,569215.6025475,0.7356235000001022,5.0116900000000095,43.33414599999999,0.6616453823096855,4.936594601122165,42.734334447547525,0.9386408800000012,0.0904686400000005,0.0696361200000011,43.02361074506192,1.0,3890.03,0.0,0.0,0.0,0.0,0.0,34.3727031616114,8.068543955107214e-05,2.2305454642175129e-07,2.2577638938033553e-07,7.662867898069619e-08,3.9893666214442404e-05
121.48771240003408,569215.705573,0.7206235000001022,4.92669000000001,42.92914599999999,0.6757445273785408,4.934226834676931,42.78090555640409,0.9302408800000012,0.0840686400000006,0.0704361200000011,43.06981663936236,1.0,3902.74,0.0,0.0,0.0,0.0,0.0,34.822165467209345,8.068543955107214e-05,2.2305454642175129e-07,2.2577638938033553e-07,7.662867898069619e-08,3.9893666214442404e-05
121.59967660007533,569215.8175372,0.6156235000001022,5.04669000000001,43.66414599999999,0.6613721614928292,4.961111966737536,42.9920505646308,0.9462408800000012,0.0776686400000006,0.0684361200000011,43.282403547334056,1.0,3905.18,0.0,0.0,0.0,0.0,0.0,34.91005369948103,8.068543955107214e-05,2.2305454642175129e-07,2.2577638938033553e-07,7.662867898069619e-08,3.9893666214442404e-05
121.71056170004886,569215.9284223,0.5006235000001023,5.19169000000001,43.55914599999999,0.6229440327772435,5.016233311194876,43.12761882493245,0.9362408800000012,0.0740686400000005,0.0628361200000011,43.42282995624515,1.0,3918.38,0.0,0.0,0.0,0.0,0.0,35.39483082594539,8.068543955107214e-05,2.2305454642175129e-07,2.2577638938033553e-07,7.662867898069619e-08,3.9893666214442404e-05
121.82131620007569,569216.0391768,0.4456235000001023,5.19169000000001,44.03914599999999,0.5805542785223721,5.058177500084556,43.34552598064979,0.9450408800000012,0.0756686400000005,0.0616361200000011,43.64351985612363,1.0,3928.15,0.0,0.0,0.0,0.0,0.0,35.76414277141267,8.068543955107214e-05,2.2305454642175129e-07,2.2577638938033553e-07,7.662867898069619e-08,3.9893666214442404e-05
121.93217919999734,569216.1500398,0.4456235000001023,5.33669000000001,43.99914599999999,0.5482981012292096,5.124757925055215,43.50177856777201,0.9394408800000013,0.0784686400000005,0.0628361200000011,43.80603283975503,1.0,3941.35,0.0,0.0,0.0,0.0,0.0,36.278069354295425,8.068543955107214e-05,2.2305454642175129e-07,2.2577638938033553e-07,7.662867898069619e-08,3.9893666214442404e-05
122.04304730007424,569216.2609079,0.3906235000001021,5.2216900000000095,43.65914599999999,0.5106048488254568,5.147930237770341,43.53939838920717,0.9322408800000012,0.0776686400000006,0.0552361200000011,43.84565104019656,1.0,3944.77,0.0,0.0,0.0,0.0,0.0,36.41413884131237,8.068543955107214e-05,2.2305454642175129e-07,2.2577638938033553e-07,7.662867898069619e-08,3.9893666214442404e-05
122.15464670001528,569216.3725073,0.4206235000001022,5.21169000000001,43.43914599999999,0.4890941573985226,5.163172469507043,43.51543233138296,0.9246408800000012,0.0760686400000005,0.0556361200000011,43.823400302028666,1.0,3952.59,0.0,0.0,0.0,0.0,0.0,36.72994592522591,8.068543955107214e-05,2.2305454642175129e-07,2.2577638938033553e-07,7.662867898069619e-08,3.9893666214442404e-05
122.2654809000669,569216.4833415,0.4506235000001022,5.36169000000001,44.08914599999999,0.4798974688503782,5.210629519184742,43.65258272815005,0.9510408800000012,0.0780686400000005,0.0560361200000011,43.96508774476394,1.0,3952.59,0.0,0.0,0.0,0.0,0.0,36.72994592522591,8.068543955107214e-05,2.2305454642175129e-07,2.2577638938033553e-07,7.662867898069619e-08,3.9893666214442404e-05
122.36774400004651,569216.5856046,0.4056235000001023,5.21169000000001,43.84914599999999,0.4621417400704845,5.210883034784132,43.69957259818233,0.9490408800000012,0.0760686400000005,0.0560361200000011,44.01158395529436,1.0,3948.68,0.0,0.0,0.0,0.0,0.0,36.57121974564386,8.068543955107214e-05,2.2305454642175129e-07,2.2577638938033553e-07,7.662867898069619e-08,3.9893666214442404e-05
122.47879750002176,569216.6966581,0.2606235000001022,5.04669000000001,42.93914599999999,0.4139673490923467,5.171631503752426,43.51778712686114,0.9290408800000012,0.0712686400000005,0.0536361200000011,43.82596191523376,1.0,3939.39,0.0,0.0,0.0,0.0,0.0,36.20063804057304,8.068543955107214e-05,2.2305454642175129e-07,2.2577638938033553e-07,7.662867898069619e-08,3.9893666214442404e-05
122.58966299996246,569216.8075236,0.3206235000001023,5.25669000000001,43.31914599999999,0.3916528276872196,5.191965351709873,43.47030053057881,0.9354408800000013,0.0716686400000005,0.0544361200000011,43.78101100214146,1.0,3939.88,0.0,0.0,0.0,0.0,0.0,36.21995857286477,8.068543955107214e-05,2.2305454642175129e-07,2.2577638938033553e-07,7.662867898069619e-08,3.9893666214442404e-05
122.70044859999324,569216.9183092,0.3556235000001022,5.23169000000001,43.50914599999999,0.3830397566417776,5.201461815839025,43.47958682064849,0.9490408800000012,0.0748686400000006,0.0588361200000011,43.791282175463984,1.0,3935.48,0.0,0.0,0.0,0.0,0.0,36.04735109119877,8.068543955107214e-05,2.2305454642175129e-07,2.2577638938033553e-07,7.662867898069619e-08,3.9893666214442404e-05
122.8105337000452,569217.0283943,0.2556235000001021,5.21669000000001,42.90914599999999,0.3525799800861517,5.205102223265183,43.34321882183006,0.9334408800000012,0.0704686400000006,0.0552361200000011,43.6560650956318,1.0,3932.06,0.0,0.0,0.0,0.0,0.0,35.91454578800655,8.068543955107214e-05,2.2305454642175129e-07,2.2577638938033553e-07,7.662867898069619e-08,3.9893666214442404e-05
122.92079010000452,569217.1386507,0.1556235000001022,4.87169000000001,41.65414599999999,0.305496110784647,5.125397622853543,42.93943376256709,0.9118408800000012,0.0684686400000006,0.0480361200000011,43.24532345255316,1.0,3918.87,0.0,0.0,0.0,0.0,0.0,35.413136091943436,8.068543955107214e-05,2.2305454642175129e-07,2.2577638938033553e-07,7.662867898069619e-08,3.9893666214442404e-05
123.03318030002993,569217.2510409,0.2306235000001022,4.92169000000001,42.08914599999999,0.28759727232601,5.076699844105844,42.73616633077766,0.9238408800000012,0.0740686400000005,0.0512361200000011,43.03760572046368,1.0,3901.27,0.0,0.0,0.0,0.0,0.0,34.76946954713959,8.068543955107214e-05,2.2305454642175129e-07,2.2577638938033553e-07,7.662867898069619e-08,3.9893666214442404e-05
123.14387560007162,569217.3617362,0.3656235000001022,4.88169000000001,42.24914599999999,0.306250005682594,5.03008133219715,42.61974060265999,0.9278408800000012,0.0796686400000006,0.0548361200000011,42.91663775638212,1.0,3908.6,0.0,0.0,0.0,0.0,0.0,35.03413312613414,8.068543955107214e-05,2.2305454642175129e-07,2.2577638938033553e-07,7.662867898069619e-08,3.9893666214442404e-05
123.2546298999805,569217.4724905,0.3206235000001023,4.8066900000000095,42.33914599999999,0.3096860933277215,4.9766780205434085,42.55266243598794,0.9350408800000012,0.0772686400000006,0.0492361200000011,42.843812972093176,1.0,3901.27,0.0,0.0,0.0,0.0,0.0,34.76946954713959,8.068543955107214e-05,2.2305454642175129e-07,2.2577638938033553e-07,7.662867898069619e-08,3.9893666214442404e-05
123.36551829997916,569217.5833789,0.2056235000001023,4.811690000000009,42.15914599999999,0.2848091786850927,4.937236442423281,42.45858948935549,0.9298408800000012,0.0756686400000005,0.0492361200000011,42.74563417920319,1.0,3908.6,0.0,0.0,0.0,0.0,0.0,35.03413312613414,8.068543955107214e-05,2.2305454642175129e-07,2.2577638938033553e-07,7.662867898069619e-08,3.9893666214442404e-05
123.4680754999863,569217.6859361,0.2156235000001023,4.91169000000001,42.01414599999999,0.2682698424250377,4.931129380824443,42.35234206273832,0.9274408800000012,0.0700686400000005,0.0480361200000011,42.63928803202486,1.0,3904.69,0.0,0.0,0.0,0.0,0.0,34.892361728807956,8.068543955107214e-05,2.2305454642175129e-07,2.2577638938033553e-07,7.662867898069619e-08,3.9893666214442404e-05
123.57883090001997,569217.7966915,0.3006235000001023,4.91669000000001,42.39914599999999,0.2760042179785835,4.927677542533897,42.36353088203413,0.9410408800000012,0.0756686400000005,0.0496361200000011,42.65005197047941,1.0,3900.29,0.0,0.0,0.0,0.0,0.0,34.7344439532212,8.068543955107214e-05,2.2305454642175129e-07,2.2577638938033553e-07,7.662867898069619e-08,3.9893666214442404e-05
123.68884820002133,569217.9067088,0.4456235000001023,5.00669000000001,42.88914599999999,0.3165529326094861,4.946566041246403,42.48918297282285,0.9574408800000012,0.0812686400000005,0.0540361200000011,42.77732332740766,1.0,3899.32,0.0,0.0,0.0,0.0,0.0,34.699858101607205,8.068543955107214e-05,2.2305454642175129e-07,2.2577638938033553e-07,7.662867898069619e-08,3.9893666214442404e-05
123.80063129996417,569218.0184919,0.1906235000001022,4.976690000000009,42.11914599999999,0.2864485920790175,4.953767391190203,42.40072296146651,0.9406408800000012,0.0796686400000006,0.0528361200000011,42.69008282747829,1.0,3896.38,0.0,0.0,0.0,0.0,0.0,34.59552787723788,8.068543955107214e-05,2.2305454642175129e-07,2.2577638938033553e-07,7.662867898069619e-08,3.9893666214442404e-05
123.91474769997876,569218.1326083,0.2206235000001022,4.8466900000000095,41.86414599999999,0.2707126283227141,4.928169767340799,42.27245036280486,0.9374408800000013,0.0780686400000005,0.0532361200000011,42.55960763750844,1.0,3877.81,0.0,0.0,0.0,0.0,0.0,33.95328761404791,8.068543955107214e-05,2.2305454642175129e-07,2.2577638938033553e-07,7.662867898069619e-08,3.9893666214442404e-05
124.02565940003842,569218.24352,0.1706235000001021,4.74169000000001,41.89414599999999,0.2467855991922966,4.883590431900744,42.18201397215292,0.9370408800000012,0.0768686400000005,0.0484361200000011,42.46448706137194,1.0,3869.99,0.0,0.0,0.0,0.0,0.0,33.69114520038502,8.068543955107214e-05,2.2305454642175129e-07,2.2577638938033553e-07,7.662867898069619e-08,3.9893666214442404e-05
124.13552700006404,569218.3533876,0.2006235000001022,4.79169000000001,42.28914599999999,0.2357502159233694,4.861620969801931,42.20762465728982,0.9450408800000012,0.0776686400000006,0.0504361200000011,42.48734536104822,1.0,3876.83,0.0,0.0,0.0,0.0,0.0,33.92017317257035,8.068543955107214e-05,2.2305454642175129e-07,2.2577638938033553e-07,7.662867898069619e-08,3.9893666214442404e-05
124.25799589999951,569218.4758565,0.2756235000001021,4.62669000000001,41.66414599999999,0.2452822125109934,4.805459024420917,42.07770215838645,0.9274408800000012,0.0756686400000005,0.0504361200000011,42.35192579717057,1.0,3887.1,0.0,0.0,0.0,0.0,0.0,34.271027471713296,8.068543955107214e-05,2.2305454642175129e-07,2.2577638938033553e-07,7.662867898069619e-08,3.9893666214442404e-05
124.3497641000431,569218.5676247,0.2056235000001023,4.61169000000001,41.25914599999999,0.2358015108061653,4.759137139421103,41.88202039579315,0.9186408800000012,0.0700686400000005,0.0508361200000011,42.15220778438479,1.0,3878.3,0.0,0.0,0.0,0.0,0.0,33.96987339474581,8.068543955107214e-05,2.2305454642175129e-07,2.2577638938033553e-07,7.662867898069619e-08,3.9893666214442404e-05
124.46060720004608,569218.6784678,0.1606235000001021,4.686690000000009,41.76914599999999,0.2178296642662935,4.74181812741256,41.8550369561181,0.9306408800000012,0.0720686400000005,0.0516361200000011,42.12334753452181,1.0,3880.74,0.0,0.0,0.0,0.0,0.0,34.05274878120502,8.068543955107214e-05,2.2305454642175129e-07,2.2577638938033553e-07,7.662867898069619e-08,3.9893666214442404e-05
124.5704869000474,569218.7883475,0.2606235000001022,4.7216900000000095,41.98914599999999,0.2280598398244697,4.737006353156833,41.88709669180959,0.9374408800000013,0.0728686400000006,0.0516361200000011,42.15471634051633,1.0,3885.63,0.0,0.0,0.0,0.0,0.0,34.2202831925787,8.068543955107214e-05,2.2305454642175129e-07,2.2577638938033553e-07,7.662867898069619e-08,3.9893666214442404e-05
124.68306840001604,569218.900929,0.1856235000001023,4.75169000000001,41.86914599999999,0.2179151262458567,4.740516585003642,41.88280544926369,0.9298408800000012,0.0716686400000005,0.0504361200000011,42.15079331158328,1.0,3889.54,0.0,0.0,0.0,0.0,0.0,34.35564974370271,8.068543955107214e-05,2.2305454642175129e-07,2.2577638938033553e-07,7.662867898069619e-08,3.9893666214442404e-05
124.79302420001476,569219.0108848,0.2856235000001021,4.85669000000001,41.90914599999999,0.2341013020907414,4.768288679050047,41.88910234819109,0.9342408800000012,0.0744686400000005,0.0504361200000011,42.160268925655885,1.0,3893.94,0.0,0.0,0.0,0.0,0.0,34.5095034362326,8.068543955107214e-05,2.2305454642175129e-07,2.2577638938033553e-07,7.662867898069619e-08,3.9893666214442404e-05
124.90555140003562,569219.123412,0.2006235000001022,4.78169000000001,41.86914599999999,0.2260981916703651,4.77149236162906,41.88433163899912,0.9342408800000012,0.0752686400000006,0.0492361200000011,42.15584771529358,1.0,3891.01,0.0,0.0,0.0,0.0,0.0,34.40687012410966,8.068543955107214e-05,2.2305454642175129e-07,2.2577638938033553e-07,7.662867898069619e-08,3.9893666214442404e-05
125.00872380007058,569219.2265844,0.2406235000001022,4.6816900000000095,41.83914599999999,0.2295705715517612,4.7500244583843365,41.873529685592906,0.9310408800000012,0.0752686400000006,0.0484361200000011,42.14270901748964,1.0,3891.01,0.0,0.0,0.0,0.0,0.0,34.40687012410966,8.068543955107214e-05,2.2305454642175129e-07,2.2577638938033553e-07,7.662867898069619e-08,3.9893666214442404e-05
125.11969780002256,569219.3375584,0.1106235000001023,4.75669000000001,42.01914599999999,0.2011354148699997,4.7516179042568405,41.90834031742748,0.9318408800000012,0.0756686400000005,0.0484361200000011,42.177331782895976,1.0,3896.87,0.0,0.0,0.0,0.0,0.0,34.612864592363074,8.068543955107214e-05,2.2305454642175129e-07,2.2577638938033553e-07,7.662867898069619e-08,3.9893666214442404e-05
125.23051929997746,569219.4483799,0.1956235000001023,4.8066900000000095,42.12914599999999,0.1998177518044236,4.764783286563624,41.961125510860725,0.9366408800000012,0.0764686400000005,0.0488361200000011,42.231257867130346,1.0,3901.27,0.0,0.0,0.0,0.0,0.0,34.76946954713959,8.068543955107214e-05,2.2305454642175129e-07,2.2577638938033553e-07,7.662867898069619e-08,3.9893666214442404e-05
125.3413040000014,569219.5591646,0.2356235000001023,4.78169000000001,42.34914599999999,0.2083773745573859,4.768824958538108,42.05388461169842,0.9418408800000012,0.0764686400000005,0.0492361200000011,42.32392141034959,1.0,3902.74,0.0,0.0,0.0,0.0,0.0,34.822165467209345,8.068543955107214e-05,2.2305454642175129e-07,2.2577638938033553e-07,7.662867898069619e-08,3.9893666214442404e-05
125.45217409997711,569219.6700347,0.1056235000001022,4.73169000000001,41.79914599999999,0.1838133185904807,4.759947578451092,41.99298750643935,0.9270408800000012,0.0752686400000006,0.0500361200000011,42.262298659699816,1.0,3904.2,0.0,0.0,0.0,0.0,0.0,34.87469105262664,8.068543955107214e-05,2.2305454642175129e-07,2.2577638938033553e-07,7.662867898069619e-08,3.9893666214442404e-05
125.5638516000472,569219.7817122,0.1256235000001022,4.74169000000001,41.97914599999999,0.1699026221158552,4.755582972436722,41.98967859433937,0.9270408800000012,0.0704686400000006,0.0500361200000011,42.258461220975065,1.0,3904.2,0.0,0.0,0.0,0.0,0.0,34.87469105262664,8.068543955107214e-05,2.2305454642175129e-07,2.2577638938033553e-07,7.662867898069619e-08,3.9893666214442404e-05
125.67471250006928,569219.8925731,0.1856235000001023,4.7216900000000095,41.62914599999999,0.173660811535586,4.747480612546088,41.90349067331543,0.9202408800000011,0.0708686400000006,0.0492361200000011,42.17192503138311,1.0,3904.2,0.0,0.0,0.0,0.0,0.0,34.87469105262664,8.068543955107214e-05,2.2305454642175129e-07,2.2577638938033553e-07,7.662867898069619e-08,3.9893666214442404e-05
125.7854939000681,569220.0033545,0.2006235000001022,4.83169000000001,41.76914599999999,0.1801064369809932,4.767611474912779,41.87137460870576,0.9274408800000012,0.0724686400000006,0.0528361200000011,42.14231328637443,1.0,3904.2,0.0,0.0,0.0,0.0,0.0,34.87469105262664,8.068543955107214e-05,2.2305454642175129e-07,2.2577638938033553e-07,7.662867898069619e-08,3.9893666214442404e-05
125.88779990002512,569220.1056605,0.3006235000001023,4.79169000000001,41.82414599999999,0.2089169114640557,4.773367620268772,41.86008426863356,0.9326408800000012,0.0764686400000005,0.0540361200000011,42.13188032465711,1.0,3899.32,0.0,0.0,0.0,0.0,0.0,34.699858101607205,8.068543955107214e-05,2.2305454642175129e-07,2.2577638938033553e-07,7.662867898069619e-08,3.9893666214442404e-05
125.9980223000748,569220.2158829,0.2456235000001021,4.7616900000000095,41.62914599999999,0.2176918866077029,4.7705760007889415,41.80487680730856,0.9310408800000012,0.0724686400000006,0.0532361200000011,42.076757360935545,1.0,3886.12,0.0,0.0,0.0,0.0,0.0,34.23717823015502,8.068543955107214e-05,2.2305454642175129e-07,2.2577638938033553e-07,7.662867898069619e-08,3.9893666214442404e-05
126.10811490006743,569220.3259755,0.2256235000001023,4.84169000000001,41.25914599999999,0.2195879960840432,4.787576316000192,41.67441591567455,0.9190408800000012,0.0744686400000005,0.0504361200000011,41.94908875985482,1.0,3886.61,0.0,0.0,0.0,0.0,0.0,34.25409297663883,8.068543955107214e-05,2.2305454642175129e-07,2.2577638938033553e-07,7.662867898069619e-08,3.9893666214442404e-05
126.2189450999722,569220.4368057,0.1756235000001023,4.88169000000001,41.38914599999999,0.2090779657127733,4.810074872000961,41.60622008165373,0.9158408800000012,0.0732686400000005,0.0496361200000011,41.88386423615911,1.0,3877.32,0.0,0.0,0.0,0.0,0.0,33.936720885903696,8.068543955107214e-05,2.2305454642175129e-07,2.2577638938033553e-07,7.662867898069619e-08,3.9893666214442404e-05
126.32968890003394,569220.5475495,0.1706235000001021,4.86169000000001,41.42914599999999,0.1998851479040697,4.822413841196724,41.563889243320176,0.9190408800000012,0.0756686400000005,0.0532361200000011,41.84318962936627,1.0,3889.54,0.0,0.0,0.0,0.0,0.0,34.35564974370271,8.068543955107214e-05,2.2305454642175129e-07,2.2577638938033553e-07,7.662867898069619e-08,3.9893666214442404e-05
126.4397178000072,569220.6575784,0.0706235000001023,5.00169000000001,41.52914599999999,0.1689842172368049,4.865271101979826,41.55558362003282,0.9194408800000012,0.0732686400000005,0.0508361200000011,41.839765159032325,1.0,3891.98,0.0,0.0,0.0,0.0,0.0,34.44076765606203,8.068543955107214e-05,2.2305454642175129e-07,2.2577638938033553e-07,7.662867898069619e-08,3.9893666214442404e-05
126.5504726000363,569220.7683332,0.1006235000001023,4.94169000000001,41.52914599999999,0.1526420939701635,4.883539591571919,41.5492635159889,0.9162408800000011,0.0716686400000005,0.0516361200000011,41.83555374645336,1.0,3895.41,0.0,0.0,0.0,0.0,0.0,34.56126886328043,8.068543955107214e-05,2.2305454642175129e-07,2.2577638938033553e-07,7.662867898069619e-08,3.9893666214442404e-05
126.66133210004772,569220.8791927,0.0856235000001022,5.07669000000001,41.35414599999999,0.1366208149653886,4.929713591950009,41.502619264338776,0.9102408800000013,0.0708686400000006,0.0492361200000011,41.79459471207255,1.0,3895.89,0.0,0.0,0.0,0.0,0.0,34.57821172581386,8.068543955107214e-05,2.2305454642175129e-07,2.2577638938033553e-07,7.662867898069619e-08,3.9893666214442404e-05
126.77136520005295,569220.9892258,0.0256235000001021,5.14669000000001,41.96414599999999,0.1100861050215461,4.981583369647462,41.61295056438805,0.9238408800000012,0.0716686400000005,0.0496361200000011,41.91021291396013,1.0,3897.36,0.0,0.0,0.0,0.0,0.0,34.63022191330002,8.068543955107214e-05,2.2305454642175129e-07,2.2577638938033553e-07,7.662867898069619e-08,3.9893666214442404e-05
126.88135929999407,569221.0992199,0.1206235000001021,5.1816900000000095,42.25414599999999,0.1126051454092089,5.029420305125631,41.76623296501729,0.9306408800000012,0.0712686400000005,0.0492361200000011,42.068111017877655,1.0,3908.6,0.0,0.0,0.0,0.0,0.0,35.03413312613414,8.068543955107214e-05,2.2305454642175129e-07,2.2577638938033553e-07,7.662867898069619e-08,3.9893666214442404e-05
126.99309170001652,569221.2109523,0.0406235000001022,5.16169000000001,42.38414599999999,0.0953974131067788,5.061040331150133,41.91394953959311,0.9302408800000012,0.0720686400000005,0.0484361200000011,42.21850774136283,1.0,3911.53,0.0,0.0,0.0,0.0,0.0,35.141273397547984,8.068543955107214e-05,2.2305454642175129e-07,2.2577638938033553e-07,7.662867898069619e-08,3.9893666214442404e-05
127.10382319998462,569221.3216838,0.0956235000001022,5.24669000000001,42.90414599999999,0.0954514608117915,5.1054212255496285,42.15066315624711,0.9470408800000012,0.0776686400000006,0.0488361200000011,42.45883702344037,1.0,3914.47,0.0,0.0,0.0,0.0,0.0,35.24956726567828,8.068543955107214e-05,2.2305454642175129e-07,2.2577638938033553e-07,7.662867898069619e-08,3.9893666214442404e-05
127.21471870003734,569221.4325793,0.0706235000001023,5.25169000000001,42.44414599999999,0.0895161574322341,5.140387832670674,42.22082235005204,0.9386408800000012,0.0788686400000005,0.0456361200000011,42.53268672594484,1.0,3910.56,0.0,0.0,0.0,0.0,0.0,35.10571743290343,8.068543955107214e-05,2.2305454642175129e-07,2.2577638938033553e-07,7.662867898069619e-08,3.9893666214442404e-05
127.32465930003671,569221.5425199,-0.0993764999998978,5.101690000000009,42.06914599999999,0.0443600031860638,5.131136836232674,42.1845630229212,0.9370408800000012,0.0824686400000005,0.0436361200000011,42.49550435607085,1.0,3904.2,0.0,0.0,0.0,0.0,0.0,34.87469105262664,8.068543955107214e-05,2.2305454642175129e-07,2.2577638938033553e-07,7.662867898069619e-08,3.9893666214442404e-05
127.43551189999562,569221.6533725,0.1356235000001022,5.11169000000001,42.08414599999999,0.0661772013514307,5.126487929554881,42.1605576082184,0.9382408800000012,0.0876686400000005,0.0468361200000011,42.47114168173199,1.0,3892.47,0.0,0.0,0.0,0.0,0.0,34.45792121199246,8.068543955107214e-05,2.2305454642175129e-07,2.2577638938033553e-07,7.662867898069619e-08,3.9893666214442404e-05
127.5455951000331,569221.7634557,0.1856235000001023,5.06669000000001,41.95914599999999,0.0947317018769552,5.112192802537826,42.112408708354735,0.9410408800000012,0.0920686400000005,0.0484361200000011,42.42167437248525,1.0,3894.43,0.0,0.0,0.0,0.0,0.0,34.526738167398435,8.068543955107214e-05,2.2305454642175129e-07,2.2577638938033553e-07,7.662867898069619e-08,3.9893666214442404e-05
127.64801150001584,569221.8658721,0.0456235000001021,5.0116900000000095,41.59414599999999,0.0829920314797615,5.088166881598042,41.98851426419449,0.9334408800000012,0.0872686400000005,0.0500361200000011,42.29576409058885,1.0,3880.74,0.0,0.0,0.0,0.0,0.0,34.05274878120502,8.068543955107214e-05,2.2305454642175129e-07,2.2577638938033553e-07,7.662867898069619e-08,3.9893666214442404e-05
127.75802040006964,569221.975881,0.1306235000001021,4.98669000000001,41.31914599999999,0.094378678100734,5.063908100022545,41.82849694538304,0.9362408800000012,0.0868686400000006,0.0496361200000011,42.13401511000669,1.0,3859.73,0.0,0.0,0.0,0.0,0.0,33.35431896714152,8.068543955107214e-05,2.2305454642175129e-07,2.2577638938033553e-07,7.662867898069619e-08,3.9893666214442404e-05
127.86881929996888,569222.0866799,0.0706235000001023,4.87669000000001,41.14914599999999,0.0886998311776196,5.01915226082149,41.66609319452248,0.9354408800000013,0.0864686400000006,0.0496361200000011,41.96740496113612,1.0,3847.51,0.0,0.0,0.0,0.0,0.0,32.96326465244853,8.068543955107214e-05,2.2305454642175129e-07,2.2577638938033553e-07,7.662867898069619e-08,3.9893666214442404e-05
127.97881380002946,569222.1966744,0.2606235000001022,4.82669000000001,40.54414599999999,0.1297994261192857,4.97314276709967,41.39788361316213,0.9222408800000012,0.0916686400000005,0.0496361200000011,41.69572837260304,1.0,3839.2,0.0,0.0,0.0,0.0,0.0,32.703371258469005,8.068543955107214e-05,2.2305454642175129e-07,2.2577638938033553e-07,7.662867898069619e-08,3.9893666214442404e-05
128.09136079996824,569222.3092214,0.2306235000001022,4.92669000000001,40.03414599999999,0.1539021492943526,4.962037897567791,41.07187228562612,0.9126408800000012,0.0932686400000006,0.0516361200000011,41.37081337144871,1.0,3818.67,0.0,0.0,0.0,0.0,0.0,32.08118365046152,8.068543955107214e-05,2.2305454642175129e-07,2.2577638938033553e-07,7.662867898069619e-08,3.9893666214442404e-05
128.2014839000767,569222.4193445,0.3906235000001021,5.016690000000009,39.72414599999999,0.2104920981634411,4.975102877439724,40.74968858159719,0.9038408800000012,0.0912686400000006,0.0580361200000011,41.05280836997209,1.0,3791.79,0.0,0.0,0.0,0.0,0.0,31.306499750059892,8.068543955107214e-05,2.2305454642175129e-07,2.2577638938033553e-07,7.662867898069619e-08,3.9893666214442404e-05
128.31137580005452,569222.5292364,0.5506235000001023,5.03669000000001,39.43414599999999,0.2918029667493247,4.989825723969157,40.43519862449892,0.8970408800000013,0.0904686400000005,0.0628361200000011,40.7429600977846,1.0,3775.17,0.0,0.0,0.0,0.0,0.0,30.848480534111687,8.068543955107214e-05,2.2305454642175129e-07,2.2577638938033553e-07,7.662867898069619e-08,3.9893666214442404e-05
128.4230482999701,569222.6409089,0.5906235000001022,4.95669000000001,38.77914599999999,0.3632381737861209,4.981904389794762,40.03930728193301,0.8810408800000012,0.0884686400000006,0.0628361200000011,40.34968947757846,1.0,3773.7,0.0,0.0,0.0,0.0,0.0,30.808700909919743,8.068543955107214e-05,2.2305454642175129e-07,2.2577638938033553e-07,7.662867898069619e-08,3.9893666214442404e-05
128.5339488000609,569222.7518094,0.5256235000001023,4.936690000000009,38.46414599999999,0.4020575590259512,4.971095563303177,39.66275359913505,0.8698408800000013,0.0856686400000005,0.0616361200000011,39.97508554644959,1.0,3747.31,0.0,0.0,0.0,0.0,0.0,30.113767279875923,8.068543955107214e-05,2.2305454642175129e-07,2.2577638938033553e-07,7.662867898069619e-08,3.9893666214442404e-05
128.64476679998916,569222.8626274,0.6056235000001022,4.90669000000001,37.92914599999999,0.4507214676969289,4.955698948154839,39.24832217965543,0.8634408800000013,0.0876686400000005,0.0644361200000011,39.56251882557806,1.0,3717.99,0.0,0.0,0.0,0.0,0.0,29.38170622166191,8.068543955107214e-05,2.2305454642175129e-07,2.2577638938033553e-07,7.662867898069619e-08,3.9893666214442404e-05
128.74925820005592,569222.9671188,0.6056235000001022,4.851690000000009,37.44914599999999,0.4877519174709787,4.930834857778278,38.818216117360514,0.8626408800000013,0.0828686400000005,0.0624361200000011,39.13316926677145,1.0,3646.14,0.0,0.0,0.0,0.0,0.0,27.74322239176813,8.068543955107214e-05,2.2305454642175129e-07,2.2577638938033553e-07,7.662867898069619e-08,3.9893666214442404e-05
128.86134579998907,569223.0792064,0.3306235000001023,4.41669000000001,34.57414599999999,0.4501892342400497,4.807924815544093,37.803640498295216,0.7846408800000012,0.0740686400000005,0.0592361200000011,38.11081272162661,1.0,3601.17,0.0,0.0,0.0,0.0,0.0,26.814510454596743,8.068543955107214e-05,2.2305454642175129e-07,2.2577638938033553e-07,7.662867898069619e-08,3.9893666214442404e-05
128.97305430006236,569223.1909149,0.3906235000001021,4.031690000000009,32.27914599999999,0.4359496151903158,4.62236027567017,36.48297018168024,0.7230408800000012,0.0700686400000005,0.0584361200000011,36.777212779959925,1.0,3557.67,0.0,0.0,0.0,0.0,0.0,25.9767992720187,8.068543955107214e-05,2.2305454642175129e-07,2.2577638938033553e-07,7.662867898069619e-08,3.9893666214442404e-05
129.0838744000066,569223.301735,0.4406235000001022,4.191690000000009,32.81414599999999,0.4370669411164194,4.519405435276811,35.605911258892,0.7262408800000012,0.0692686400000005,0.0624361200000011,35.89424702616728,1.0,3550.34,0.0,0.0,0.0,0.0,0.0,25.841010210339814,8.068543955107214e-05,2.2305454642175129e-07,2.2577638938033553e-07,7.662867898069619e-08,3.9893666214442404e-05
129.19385569996666,569223.4117163,0.7506235000001023,4.50169000000001,33.49914599999999,0.512024901528074,4.515170432504484,35.10227380530182,0.7482408800000012,0.0844686400000006,0.0716361200000011,35.395177070283545,1.0,3586.51,0.0,0.0,0.0,0.0,0.0,26.52589605327289,8.068543955107214e-05,2.2305454642175129e-07,2.2577638938033553e-07,7.662867898069619e-08,3.9893666214442404e-05
129.3047072000336,569223.5225678,0.8506235000001022,4.45669000000001,33.27414599999999,0.5929693423972673,4.501190262674412,34.66524664776087,0.7566408800000013,0.0876686400000005,0.0716361200000011,34.96128789921667,1.0,3573.31,0.0,0.0,0.0,0.0,0.0,26.2715791547315,8.068543955107214e-05,2.2305454642175129e-07,2.2577638938033553e-07,7.662867898069619e-08,3.9893666214442404e-05
129.41472500003874,569223.6325856,0.7856235000001023,4.32669000000001,31.68914599999999,0.639024710430857,4.459474714360134,33.95378828972118,0.7158408800000012,0.0828686400000005,0.0684361200000011,34.25135043369481,1.0,3529.33,0.0,0.0,0.0,0.0,0.0,25.45984298894725,8.068543955107214e-05,2.2305454642175129e-07,2.2577638938033553e-07,7.662867898069619e-08,3.9893666214442404e-05
129.51780669996515,569223.7356673,0.5456235000001023,4.16169000000001,31.36914599999999,0.6166964763834031,4.388287127311501,33.33591087991366,0.7062408800000013,0.0680686400000006,0.0644361200000011,33.62915896434607,1.0,3513.69,0.0,0.0,0.0,0.0,0.0,25.1835529565247,8.068543955107214e-05,2.2305454642175129e-07,2.2577638938033553e-07,7.662867898069619e-08,3.9893666214442404e-05
129.62979749997612,569223.8476581,0.5906235000001022,4.54169000000001,32.58414599999999,0.6104635430379441,4.42495919215032,33.15619605491347,0.7250408800000012,0.0672686400000005,0.0668361200000011,33.45573592706389,1.0,3527.86,0.0,0.0,0.0,0.0,0.0,25.433608959223612,8.068543955107214e-05,2.2305454642175129e-07,2.2577638938033553e-07,7.662867898069619e-08,3.9893666214442404e-05
129.74224920000415,569223.9601098,0.6506235000001023,4.83669000000001,33.97914599999999,0.6200640708496423,4.523386415949853,33.35292818395642,0.7526408800000013,0.0708686400000006,0.0676361200000011,33.66397663028111,1.0,3569.89,0.0,0.0,0.0,0.0,0.0,26.20652211000242,8.068543955107214e-05,2.2305454642175129e-07,2.2577638938033553e-07,7.662867898069619e-08,3.9893666214442404e-05
129.8522428000579,569224.0701034,0.5806235000001022,4.99669000000001,34.41914599999999,0.6106355174847307,4.636533056677871,33.60781525482405,0.7578408800000013,0.0744686400000005,0.0676361200000011,33.93163068175864,1.0,3604.59,0.0,0.0,0.0,0.0,0.0,26.88280191439405,8.068543955107214e-05,2.2305454642175129e-07,2.2577638938033553e-07,7.662867898069619e-08,3.9893666214442404e-05
129.96395370003302,569224.1818143,0.5256235000001023,5.21169000000001,34.69914599999999,0.5903127806113121,4.774028478688871,33.86870575280679,0.7598408800000013,0.0780686400000005,0.0644361200000011,34.20861070643608,1.0,3619.75,0.0,0.0,0.0,0.0,0.0,27.19003797631066,8.068543955107214e-05,2.2305454642175129e-07,2.2577638938033553e-07,7.662867898069619e-08,3.9893666214442404e-05
130.07396399998106,569224.2918246,0.5756235000001022,5.21669000000001,34.68914599999999,0.5868012019715579,4.879849912972795,34.06483792043926,0.7610408800000013,0.0812686400000005,0.0656361200000011,34.41758930212243,1.0,3630.5,0.0,0.0,0.0,0.0,0.0,27.41249298574991,8.068543955107214e-05,2.2305454642175129e-07,2.2577638938033553e-07,7.662867898069619e-08,3.9893666214442404e-05
130.1847236000467,569224.4025842,0.5656235000001022,5.516690000000009,35.63414599999999,0.5817385193358071,5.03209113606151,34.43999235292887,0.7818408800000013,0.0768686400000005,0.0700361200000011,34.81053625235191,1.0,3638.81,0.0,0.0,0.0,0.0,0.0,27.587154654113984,8.068543955107214e-05,2.2305454642175129e-07,2.2577638938033553e-07,7.662867898069619e-08,3.9893666214442404e-05
130.29555609996896,569224.5134167,0.5056235000001021,5.45169000000001,35.31414599999999,0.5635426741383396,5.132399275504847,34.64896509680685,0.7662408800000012,0.0788686400000005,0.0696361200000011,35.03155555993078,1.0,3658.36,0.0,0.0,0.0,0.0,0.0,28.00769808095096,8.068543955107214e-05,2.2305454642175129e-07,2.2577638938033553e-07,7.662867898069619e-08,3.9893666214442404e-05
130.3977929999819,569224.6156536,0.4756235000001023,5.38169000000001,35.27414599999999,0.542524960466708,5.191994023974557,34.79841910777862,0.7706408800000013,0.0776686400000006,0.0660361200000011,35.18779770997795,1.0,3664.22,0.0,0.0,0.0,0.0,0.0,28.136477051172083,8.068543955107214e-05,2.2305454642175129e-07,2.2577638938033553e-07,7.662867898069619e-08,3.9893666214442404e-05
130.50885240000207,569224.726713,0.4656235000001023,5.351690000000009,35.08414599999999,0.524141110835954,5.230170500625,34.86672418534397,0.7690408800000013,0.0784686400000005,0.0660361200000011,35.26071273792585,1.0,3660.31,0.0,0.0,0.0,0.0,0.0,28.050408699579787,8.068543955107214e-05,2.2305454642175129e-07,2.2577638938033553e-07,7.662867898069619e-08,3.9893666214442404e-05
130.61892030003946,569224.8367809,0.5756235000001022,5.32169000000001,35.32414599999999,0.5364483478543802,5.252048898051831,34.9760741743746,0.7706408800000013,0.0756686400000005,0.0692361200000011,35.37227104822077,1.0,3661.78,0.0,0.0,0.0,0.0,0.0,28.082699634552185,8.068543955107214e-05,2.2305454642175129e-07,2.2577638938033553e-07,7.662867898069619e-08,3.9893666214442404e-05
130.7296767999651,569224.9475374,0.3806235000001021,5.35669000000001,35.244145999999986,0.4991972923567785,5.2770641093591255,35.04015868073685,0.7686408800000013,0.0740686400000005,0.0676361200000011,35.43881098347122,1.0,3673.51,0.0,0.0,0.0,0.0,0.0,28.343298246217522,8.068543955107214e-05,2.2305454642175129e-07,2.2577638938033553e-07,7.662867898069619e-08,3.9893666214442404e-05
130.83973979996517,569225.0576004,0.3506235000001023,5.311690000000009,35.25414599999999,0.4636796540546806,5.285341678640783,35.09131389516779,0.7722408800000012,0.0756686400000005,0.0644361200000011,35.49014153776732,1.0,3675.95,0.0,0.0,0.0,0.0,0.0,28.39817102079873,8.068543955107214e-05,2.2305454642175129e-07,2.2577638938033553e-07,7.662867898069619e-08,3.9893666214442404e-05
130.94969210005365,569225.1675527,0.3206235000001023,5.29669000000001,35.39414599999999,0.4294810470459702,5.2880545768375615,35.16370809736915,0.7794408800000012,0.0772686400000006,0.0612361200000011,35.5616976863362,1.0,3680.35,0.0,0.0,0.0,0.0,0.0,28.497711520605353,8.068543955107214e-05,2.2305454642175129e-07,2.2577638938033553e-07,7.662867898069619e-08,3.9893666214442404e-05
131.06138920004014,569225.2792498,0.3506235000001023,5.27169000000001,35.63914599999999,0.4106295807884358,5.284142506533213,35.277364962371365,0.7862408800000013,0.0816686400000006,0.0660361200000011,35.67328492542166,1.0,3680.84,4.4,0.0,0.0,0.0,0.0,28.508844005851238,0.3024456664506397,2.2305454642175129e-07,2.2577638938033553e-07,7.662867898069619e-08,3.9893666214442404e-05
131.1730597000569,569225.3909203,0.4806235000001022,5.4716900000000095,35.86414599999999,0.4273621327848076,5.328977089616529,35.417639208094265,0.7862408800000013,0.0812686400000005,0.0700361200000011,35.81884702623651,1.0,3687.68,0.0,0.0,0.0,0.0,0.0,28.665245983231312,8.068543955107214e-05,2.2305454642175129e-07,2.2577638938033553e-07,7.662867898069619e-08,3.9893666214442404e-05
131.283034699969,569225.5008953,0.4356235000001023,5.391690000000009,35.87414599999999,0.4293370722945243,5.34396906385735,35.526770454326666,0.7874408800000012,0.0812686400000005,0.0668361200000011,35.929009930577394,1.0,3696.97,0.0,0.0,0.0,0.0,0.0,28.88071449900876,8.068543955107214e-05,2.2305454642175129e-07,2.2577638938033553e-07,7.662867898069619e-08,3.9893666214442404e-05
131.393101499998,569225.6109621,0.4506235000001022,5.351690000000009,35.91414599999999,0.4344257466024093,5.345814809415289,35.61937537677001,0.7942408800000013,0.0828686400000005,0.0648361200000011,36.02091564545694,1.0,3698.93,0.0,0.0,0.0,0.0,0.0,28.92663055630437,8.068543955107214e-05,2.2305454642175129e-07,2.2577638938033553e-07,7.662867898069619e-08,3.9893666214442404e-05
131.50301610003226,569225.7208767,0.4106235000001021,5.476690000000009,35.95914599999999,0.4287356476139649,5.377101469115992,35.700599998623844,0.7978408800000013,0.0872686400000005,0.0680361200000011,36.10581497108804,1.0,3695.01,0.0,0.0,0.0,0.0,0.0,28.83495876033926,8.068543955107214e-05,2.2305454642175129e-07,2.2577638938033553e-07,7.662867898069619e-08,3.9893666214442404e-05
131.61481000005733,569225.8326706,0.3456235000001022,5.33669000000001,35.549145999999986,0.4088670883570731,5.367440815507096,35.664393826208084,0.7870408800000013,0.0860686400000006,0.0644361200000011,36.0683459586766,1.0,3691.1,0.0,0.0,0.0,0.0,0.0,28.744155747841553,8.068543955107214e-05,2.2305454642175129e-07,2.2577638938033553e-07,7.662867898069619e-08,3.9893666214442404e-05
131.7256131999893,569225.9434738,0.4056235000001023,5.32169000000001,35.30914599999999,0.4080916851299196,5.356503752574047,35.57946926718104,0.7858408800000013,0.0888686400000006,0.0636361200000011,35.98273620236643,1.0,3679.37,0.0,0.0,0.0,0.0,0.0,28.47547508357649,8.068543955107214e-05,2.2305454642175129e-07,2.2577638938033553e-07,7.662867898069619e-08,3.9893666214442404e-05
131.8355259000091,569226.0533865,0.3256235000001022,5.25669000000001,35.424145999999986,0.3883770697565732,5.332642554005533,35.5423381181666,0.7898408800000013,0.0900686400000005,0.0656361200000011,35.94225524731554,1.0,3665.2,0.0,0.0,0.0,0.0,0.0,28.158139320327912,8.068543955107214e-05,2.2305454642175129e-07,2.2577638938033553e-07,7.662867898069619e-08,3.9893666214442404e-05
131.9456416000612,569226.1635022,0.4256235000001023,5.186690000000009,35.494145999999986,0.3972810979600004,5.2977515416660825,35.530817444197766,0.7942408800000013,0.0928686400000005,0.0652361200000011,35.92579841730633,1.0,3670.09,0.0,0.0,0.0,0.0,0.0,28.266774943208393,8.068543955107214e-05,2.2305454642175129e-07,2.2577638938033553e-07,7.662867898069619e-08,3.9893666214442404e-05
132.05637420003768,569226.2742348,0.3106235000001023,5.186690000000009,34.95414599999999,0.3765649731869359,5.271201477865468,35.392959969812274,0.7778408800000013,0.0876686400000005,0.0628361200000011,35.785317961756554,1.0,3667.16,0.0,0.0,0.0,0.0,0.0,28.20157300859242,8.068543955107214e-05,2.2305454642175129e-07,2.2577638938033553e-07,7.662867898069619e-08,3.9893666214442404e-05
132.15971649996936,569226.3775771,0.2856235000001021,5.27169000000001,35.01414599999999,0.3548247570958256,5.271318262610624,35.302401753924,0.7802408800000012,0.0892686400000006,0.0616361200000011,35.69554967260536,1.0,3670.58,0.0,0.0,0.0,0.0,0.0,28.277711125869494,8.068543955107214e-05,2.2305454642175129e-07,2.2577638938033553e-07,7.662867898069619e-08,3.9893666214442404e-05
132.26973920001183,569226.4875998,0.3806235000001021,5.25669000000001,35.19414599999999,0.3609921329471679,5.267821270764681,35.276522433951044,0.7866408800000012,0.0940686400000005,0.0640361200000011,35.66950085568652,1.0,3669.11,0.0,0.0,0.0,0.0,0.0,28.244930231193038,8.068543955107214e-05,2.2305454642175129e-07,2.2577638938033553e-07,7.662867898069619e-08,3.9893666214442404e-05
132.38142670004163,569226.5992873,0.5106235000001023,5.08669000000001,35.299145999999986,0.3967625921199142,5.224520532066602,35.281930760838875,0.7958408800000013,0.0988686400000005,0.0652361200000011,35.66886139978566,1.0,3666.67,0.0,0.0,0.0,0.0,0.0,28.190700909102247,8.068543955107214e-05,2.2305454642175129e-07,2.2577638938033553e-07,7.662867898069619e-08,3.9893666214442404e-05
132.49225360003766,569226.7101142,0.3506235000001023,5.16669000000001,35.14914599999999,0.3857327088578342,5.210695725630834,35.25018760457492,0.7930408800000013,0.0948686400000005,0.0628361200000011,35.63531767538375,1.0,3651.52,0.0,0.0,0.0,0.0,0.0,27.85899154731989,8.068543955107214e-05,2.2305454642175129e-07,2.2577638938033553e-07,7.662867898069619e-08,3.9893666214442404e-05
132.60302619996946,569226.8208868,0.3256235000001022,5.101690000000009,34.89914599999999,0.3713631682748698,5.1846371195038605,35.166268573213394,0.7890408800000013,0.0948686400000005,0.0628361200000011,35.54834480010376,1.0,3647.12,0.0,0.0,0.0,0.0,0.0,27.764232883841157,8.068543955107214e-05,2.2305454642175129e-07,2.2577638938033553e-07,7.662867898069619e-08,3.9893666214442404e-05
132.71407550002914,569226.9319361,0.3456235000001022,5.061690000000009,34.74914599999999,0.3652099146404437,5.155245722464338,35.06655240895565,0.7846408800000012,0.0940686400000005,0.0624361200000011,35.445352792584416,1.0,3639.3,0.0,0.0,0.0,0.0,0.0,27.5975284689949,8.068543955107214e-05,2.2305454642175129e-07,2.2577638938033553e-07,7.662867898069619e-08,3.9893666214442404e-05
132.82650620001368,569227.0443668,0.3456235000001022,5.03669000000001,34.66914599999999,0.3605276407360359,5.126904120608856,34.97154953618562,0.7862408800000013,0.0956686400000006,0.0636361200000011,35.34719795123137,1.0,3635.88,0.0,0.0,0.0,0.0,0.0,27.525298378694117,8.068543955107214e-05,2.2305454642175129e-07,2.2577638938033553e-07,7.662867898069619e-08,3.9893666214442404e-05
132.93639030004852,569227.1542509,0.3556235000001022,4.99169000000001,34.57914599999999,0.3593552704675075,5.094580208343144,34.877742636290066,0.7838408800000013,0.0960686400000006,0.0652361200000011,35.24969241160751,1.0,3627.08,0.0,0.0,0.0,0.0,0.0,27.341298933255437,8.068543955107214e-05,2.2305454642175129e-07,2.2577638938033553e-07,7.662867898069619e-08,3.9893666214442404e-05
133.04728170007002,569227.2651423,0.3856235000001022,5.00669000000001,34.424145999999986,0.3656348804887379,5.073569419154069,34.76930708377941,0.7770408800000013,0.0992686400000005,0.0636361200000011,35.13942957139399,1.0,3633.92,0.0,0.0,0.0,0.0,0.0,27.484086535808128,8.068543955107214e-05,2.2305454642175129e-07,2.2577638938033553e-07,7.662867898069619e-08,3.9893666214442404e-05
133.15722330007702,569227.3750839,0.3406235000001023,4.95669000000001,34.36414599999999,0.3596557293104541,5.04562854971387,34.672450399976,0.7762408800000012,0.0984686400000005,0.0624361200000011,35.03949966029922,1.0,3642.23,0.0,0.0,0.0,0.0,0.0,27.659735637984745,8.068543955107214e-05,2.2305454642175129e-07,2.2577638938033553e-07,7.662867898069619e-08,3.9893666214442404e-05
133.2680715000024,569227.4859321,0.4606235000001022,5.05169000000001,34.84414599999999,0.383792804245682,5.047077583190328,34.713495473423905,0.7894408800000012,0.1052686400000006,0.0648361200000011,35.08057948538985,1.0,3644.67,0.0,0.0,0.0,0.0,0.0,27.711771006011816,8.068543955107214e-05,2.2305454642175129e-07,2.2577638938033553e-07,7.662867898069619e-08,3.9893666214442404e-05
133.37820110004395,569227.5960617,0.4706235000001022,4.891690000000009,35.01414599999999,0.4045503092969181,5.009931058969276,34.78536815358427,0.7982408800000013,0.1076686400000005,0.0640361200000011,35.14662014687575,1.0,3641.74,0.0,0.0,0.0,0.0,0.0,27.649311332965894,8.068543955107214e-05,2.2305454642175129e-07,2.2577638938033553e-07,7.662867898069619e-08,3.9893666214442404e-05
133.48117759998422,569227.6990382,0.4206235000001022,4.8866900000000095,34.85414599999999,0.4083927216409864,4.980469393577241,34.801809994594336,0.7942408800000013,0.1064686400000005,0.0644361200000011,35.1587519530386,1.0,3650.05,0.0,0.0,0.0,0.0,0.0,27.827255758445258,8.068543955107214e-05,2.2305454642175129e-07,2.2577638938033553e-07,7.662867898069619e-08,3.9893666214442404e-05
133.59220610000193,569227.8100667,0.4656235000001023,4.86669000000001,35.13914599999999,0.4220741526205953,4.953269607644561,34.88245260347053,0.8046408800000012,0.1088686400000006,0.0632361200000011,35.23490493856474,1.0,3638.81,0.0,0.0,0.0,0.0,0.0,27.587154654113984,8.068543955107214e-05,2.2305454642175129e-07,2.2577638938033553e-07,7.662867898069619e-08,3.9893666214442404e-05
133.70306410000194,569227.9209247,0.4756235000001023,4.94669000000001,35.28414599999999,0.4348755109313045,4.951696704908607,34.97848031158762,0.8062408800000013,0.1080686400000005,0.0640361200000011,35.32990945184453,1.0,3642.72,0.0,0.0,0.0,0.0,0.0,27.670168429189033,8.068543955107214e-05,2.2305454642175129e-07,2.2577638938033553e-07,7.662867898069619e-08,3.9893666214442404e-05
133.81474220007658,569228.0326028,0.4656235000001023,4.75669000000001,34.53914599999999,0.4422260398297031,4.905078943447689,34.87345427082256,0.7926408800000012,0.1060686400000005,0.0604361200000011,35.21949994095472,1.0,3631.48,0.0,0.0,0.0,0.0,0.0,27.432967086404155,8.068543955107214e-05,2.2305454642175129e-07,2.2577638938033553e-07,7.662867898069619e-08,3.9893666214442404e-05
133.924717899994,569228.1425785,0.3506235000001023,4.61169000000001,33.87914599999999,0.4203277909823513,4.834942197189013,34.63575769618657,0.7750408800000013,0.1004686400000006,0.0576361200000011,34.97411975577053,1.0,3625.12,0.0,0.0,0.0,0.0,0.0,27.300676222806683,8.068543955107214e-05,2.2305454642175129e-07,2.2577638938033553e-07,7.662867898069619e-08,3.9893666214442404e-05
134.0355552000692,569228.2534158,0.3206235000001023,4.7216900000000095,34.26414599999999,0.3964927599980626,4.8078684413612,34.54692123583495,0.7762408800000012,0.0948686400000005,0.0580361200000011,34.8821239653372,1.0,3623.66,0.0,0.0,0.0,0.0,0.0,27.27050044596054,8.068543955107214e-05,2.2305454642175129e-07,2.2577638938033553e-07,7.662867898069619e-08,3.9893666214442404e-05
134.14596580003854,569228.3638264,0.2656235000001021,4.811690000000009,34.17914599999999,0.3652075180469649,4.808782012559259,34.45900190904348,0.7698408800000013,0.0944686400000005,0.0580361200000011,34.7948354435398,1.0,3640.76,0.0,0.0,0.0,0.0,0.0,27.628488132699776,8.068543955107214e-05,2.2305454642175129e-07,2.2577638938033553e-07,7.662867898069619e-08,3.9893666214442404e-05
134.2588984000031,569228.476759,0.3006235000001023,4.95669000000001,34.56914599999999,0.3497682420030593,4.844140485386689,34.48533264962467,0.7806408800000012,0.0940686400000005,0.0560361200000011,34.825654377492256,1.0,3651.03,0.0,0.0,0.0,0.0,0.0,27.848404245680513,8.068543955107214e-05,2.2305454642175129e-07,2.2577638938033553e-07,7.662867898069619e-08,3.9893666214442404e-05
134.36889619997237,569228.5867568,0.4006235000001021,5.09169000000001,34.88914599999999,0.3619255587858376,4.903318985056323,34.58186714802232,0.7834408800000012,0.0944686400000005,0.0612361200000011,34.92963015296299,1.0,3661.29,0.0,0.0,0.0,0.0,0.0,28.0719270134644,8.068543955107214e-05,2.2305454642175129e-07,2.2577638938033553e-07,7.662867898069619e-08,3.9893666214442404e-05
134.4788929000497,569228.6967535,0.3406235000001023,5.15669000000001,35.03414599999999,0.3568331477553281,4.963889156432183,34.68998767467393,0.7866408800000012,0.0944686400000005,0.0588361200000011,35.04515330715092,1.0,3674.0,0.0,0.0,0.0,0.0,0.0,28.35429918100776,8.068543955107214e-05,2.2305454642175129e-07,2.2577638938033553e-07,7.662867898069619e-08,3.9893666214442404e-05
134.58102340006735,569228.798884,0.2756235000001021,5.16669000000001,34.80914599999999,0.3374193948325618,5.012370163041413,34.71847333309648,0.7834408800000012,0.0960686400000006,0.0576361200000011,35.080052694947426,1.0,3681.33,0.0,0.0,0.0,0.0,0.0,28.519986021369192,8.068543955107214e-05,2.2305454642175129e-07,2.2577638938033553e-07,7.662867898069619e-08,3.9893666214442404e-05
134.69140430004336,569228.9092649,0.1856235000001023,5.11169000000001,35.174145999999986,0.3011314896584139,5.036113287514201,34.82740517572171,0.7918408800000013,0.0940686400000005,0.0516361200000011,35.19092593968832,1.0,3680.84,0.0,0.0,0.0,0.0,0.0,28.508844005851238,8.068543955107214e-05,2.2305454642175129e-07,2.2577638938033553e-07,7.662867898069619e-08,3.9893666214442404e-05
134.802273600013,569229.0201342,0.1206235000001021,5.00169000000001,34.84414599999999,0.2579797508111511,5.027884151973506,34.83140719069463,0.7842408800000013,0.0912686400000006,0.0496361200000011,35.19336726545882,1.0,3679.37,0.0,0.0,0.0,0.0,0.0,28.47547508357649,8.068543955107214e-05,2.2305454642175129e-07,2.2577638938033553e-07,7.662867898069619e-08,3.9893666214442404e-05
134.91321200004313,569229.1310726,0.3056235000001022,5.101690000000009,34.69914599999999,0.2693693332146657,5.045527973088954,34.79978919765573,0.7838408800000013,0.0984686400000005,0.0524361200000011,35.16468740890748,1.0,3675.95,0.0,0.0,0.0,0.0,0.0,28.39817102079873,8.068543955107214e-05,2.2305454642175129e-07,2.2577638938033553e-07,7.662867898069619e-08,3.9893666214442404e-05
135.02302600000985,569229.2408866,0.1606235000001021,5.12169000000001,34.74914599999999,0.2433728562471611,5.063735055786873,34.78768257542938,0.7866408800000012,0.0980686400000006,0.0520361200000011,35.155134788977776,1.0,3668.13,0.0,0.0,0.0,0.0,0.0,28.22312229903941,8.068543955107214e-05,2.2305454642175129e-07,2.2577638938033553e-07,7.662867898069619e-08,3.9893666214442404e-05
135.13315590005368,569229.3510165,0.1056235000001022,4.91169000000001,34.05914599999999,0.2104428775885796,5.027387586886733,34.61352064440839,0.7694408800000012,0.0968686400000005,0.0500361200000011,34.977345862063295,1.0,3661.29,0.0,0.0,0.0,0.0,0.0,28.0719270134644,8.068543955107214e-05,2.2305454642175129e-07,2.2577638938033553e-07,7.662867898069619e-08,3.9893666214442404e-05
135.24477510002907,569229.4626357,0.1306235000001021,4.94669000000001,34.13914599999999,0.191361478791945,5.00809624581351,34.50011795896481,0.7734408800000012,0.0960686400000006,0.0476361200000011,34.8622401231674,1.0,3647.12,0.0,0.0,0.0,0.0,0.0,27.764232883841157,8.068543955107214e-05,2.2305454642175129e-07,2.2577638938033553e-07,7.662867898069619e-08,3.9893666214442404e-05
135.3556023000274,569229.5734629,0.1806235000001022,4.976690000000009,34.30914599999999,0.1887944873947766,5.0005883558853,34.454464732667184,0.7770408800000013,0.0964686400000005,0.0484361200000011,34.8159685672838,1.0,3659.82,0.0,0.0,0.0,0.0,0.0,28.039662980400482,8.068543955107214e-05,2.2305454642175129e-07,2.2577638938033553e-07,7.662867898069619e-08,3.9893666214442404e-05
135.46556010004133,569229.6834207,0.0406235000001022,4.82669000000001,34.12414599999999,0.1533731425285515,4.959016697736899,34.37549965352916,0.7778408800000013,0.0964686400000005,0.0484361200000011,34.731690807662474,1.0,3650.05,0.0,0.0,0.0,0.0,0.0,27.827255758445258,8.068543955107214e-05,2.2305454642175129e-07,2.2577638938033553e-07,7.662867898069619e-08,3.9893666214442404e-05
135.57555940002203,569229.79342,0.1906235000001022,4.94169000000001,34.51414599999999,0.162278109564206,4.954874625481576,34.408644064180244,0.7878408800000013,0.1016686400000005,0.0508361200000011,34.763945447468004,1.0,3641.74,0.0,0.0,0.0,0.0,0.0,27.649311332965894,8.068543955107214e-05,2.2305454642175129e-07,2.2577638938033553e-07,7.662867898069619e-08,3.9893666214442404e-05
135.68547350005247,569229.9033341,0.1206235000001021,4.85669000000001,34.76414599999999,0.1523202742512241,4.931402881512698,34.49362936994554,0.7934408800000012,0.1020686400000006,0.0508361200000011,34.84468973827876,1.0,3647.61,0.0,0.0,0.0,0.0,0.0,27.77475103762275,8.068543955107214e-05,2.2305454642175129e-07,2.2577638938033553e-07,7.662867898069619e-08,3.9893666214442404e-05
135.79729989997577,569230.0151605,0.1006235000001023,4.811690000000009,34.27414599999999,0.1399617869291224,4.902784652427839,34.441160284897634,0.7838408800000013,0.1012686400000005,0.0480361200000011,34.78865344361423,1.0,3650.05,0.0,0.0,0.0,0.0,0.0,27.827255758445258,8.068543955107214e-05,2.2305454642175129e-07,2.2577638938033553e-07,7.662867898069619e-08,3.9893666214442404e-05
135.9081881999737,569230.1260488,0.1706235000001021,4.92669000000001,34.66414599999999,0.1472916909270184,4.90849939844789,34.494466630854845,0.7934408800000012,0.1076686400000005,0.0504361200000011,34.8422629766486,1.0,3636.36,0.0,0.0,0.0,0.0,0.0,27.535411362309336,8.068543955107214e-05,2.2305454642175129e-07,2.2577638938033553e-07,7.662867898069619e-08,3.9893666214442404e-05
136.0189323000377,569230.2367929,0.3056235000001022,4.96169000000001,35.06914599999999,0.1851420536132874,4.921214995977122,34.63184788530903,0.8066408800000012,0.1136686400000006,0.0552361200000011,34.98024474711161,1.0,3644.67,0.0,0.0,0.0,0.0,0.0,27.711771006011816,8.068543955107214e-05,2.2305454642175129e-07,2.2577638938033553e-07,7.662867898069619e-08,3.9893666214442404e-05
136.12892869999632,569230.3467893,0.1956235000001023,4.82669000000001,34.91914599999999,0.1876477190859436,4.898618112877022,34.700528574955634,0.8070408800000013,0.1140686400000006,0.0532361200000011,35.045090304686006,1.0,3639.79,0.0,0.0,0.0,0.0,0.0,27.607910697459356,8.068543955107214e-05,2.2305454642175129e-07,2.2577638938033553e-07,7.662867898069619e-08,3.9893666214442404e-05
136.23103320004884,569230.4488938,0.2656235000001021,4.8866900000000095,34.52414599999999,0.2062883927801576,4.895766611329728,34.65836304629343,0.7998408800000012,0.1168686400000005,0.0520361200000011,35.00304579122058,1.0,3633.43,0.0,0.0,0.0,0.0,0.0,27.473804310944715,8.068543955107214e-05,2.2305454642175129e-07,2.2577638938033553e-07,7.662867898069619e-08,3.9893666214442404e-05
136.34223690000363,569230.5600975,0.3356235000001022,4.77669000000001,34.21914599999999,0.2372068844275482,4.867300487228277,34.55336503864403,0.7982408800000013,0.1216686400000005,0.0556361200000011,34.89529934866271,1.0,3599.22,0.0,0.0,0.0,0.0,0.0,26.775737053852964,8.068543955107214e-05,2.2305454642175129e-07,2.2577638938033553e-07,7.662867898069619e-08,3.9893666214442404e-05
136.45224220003,569230.6701028,0.4906235000001022,4.81669000000001,33.90914599999999,0.2977879569631401,4.855201684665903,34.39935982386864,0.7950408800000013,0.1240686400000005,0.0604361200000011,34.7415834031508,1.0,3582.11,0.0,0.0,0.0,0.0,0.0,26.440549172631272,8.068543955107214e-05,2.2305454642175129e-07,2.2577638938033553e-07,7.662867898069619e-08,3.9893666214442404e-05
136.56220819998998,569230.7800688,0.5306235000001023,4.91169000000001,33.56914599999999,0.3534489754394432,4.868705624496119,34.20089121213139,0.7830408800000013,0.1256686400000005,0.0648361200000011,34.5475061377849,1.0,3563.54,0.0,0.0,0.0,0.0,0.0,26.08662071125837,8.068543955107214e-05,2.2305454642175129e-07,2.2577638938033553e-07,7.662867898069619e-08,3.9893666214442404e-05
136.6738825000357,569230.8917431,0.5956235000001022,4.8066900000000095,32.31414599999999,0.4113425449101527,4.853880341483595,33.749851140058496,0.7526408800000013,0.1216686400000005,0.0644361200000011,34.09958664023366,1.0,3550.83,0.0,0.0,0.0,0.0,0.0,25.85004136607841,8.068543955107214e-05,2.2305454642175129e-07,2.2577638938033553e-07,7.662867898069619e-08,3.9893666214442404e-05
136.78641429997515,569231.0042749,0.5456235000001023,4.5966900000000095,30.994146,0.4434433772177476,4.792397132509045,33.09107992018641,0.7198408800000012,0.1148686400000005,0.0632361200000011,33.43924763789765,1.0,3492.18,0.0,0.0,0.0,0.0,0.0,24.81345030195742,8.068543955107214e-05,2.2305454642175129e-07,2.2577638938033553e-07,7.662867898069619e-08,3.9893666214442404e-05
136.89643690001685,569231.1142975,0.5656235000001022,4.61669000000001,29.80914599999999,0.4726514181505102,4.750393073242839,32.3065099091529,0.6886408800000012,0.1192686400000005,0.0636361200000011,32.65731489610847,1.0,3435.0,0.0,0.0,0.0,0.0,0.0,23.881080586581493,8.068543955107214e-05,2.2305454642175129e-07,2.2577638938033553e-07,7.662867898069619e-08,3.9893666214442404e-05
137.00640910002403,569231.2242697,0.5956235000001022,4.61669000000001,28.669145999999994,0.5020487826191,4.718430387765192,31.43697179176909,0.6586408800000012,0.1184686400000006,0.0628361200000011,31.79306266689009,1.0,3369.99,0.0,0.0,0.0,0.0,0.0,22.90206560138982,8.068543955107214e-05,2.2305454642175129e-07,2.2577638938033553e-07,7.662867898069619e-08,3.9893666214442404e-05
137.11724579997826,569231.3351064,0.4556235000001023,4.316690000000009,26.28914599999999,0.4909504834508609,4.622391446053766,30.20634685035727,0.6030408800000012,0.1060686400000005,0.0584361200000011,30.56191952580597,1.0,3291.79,0.0,0.0,0.0,0.0,0.0,21.822459248957983,8.068543955107214e-05,2.2305454642175129e-07,2.2577638938033553e-07,7.662867898069619e-08,3.9893666214442404e-05
137.22807750001084,569231.4459381,0.3606235000001023,3.836690000000009,23.764146,0.4597948766255664,4.434563839773252,28.66629220112845,0.5474408800000012,0.0936686400000006,0.0496361200000011,29.010913055918685,1.0,3121.7,0.0,0.0,0.0,0.0,0.0,19.771431523901235,8.068543955107214e-05,2.2305454642175129e-07,2.2577638938033553e-07,7.662867898069619e-08,3.9893666214442404e-05
137.33058710000478,569231.5484477,0.2456235000001021,3.4566900000000094,22.014146,0.4085956619526039,4.2007960345955375,27.07604859923429,0.5010408800000012,0.0864686400000006,0.0448361200000011,27.403029859622045,1.0,2992.67,0.0,0.0,0.0,0.0,0.0,18.428221152447016,8.068543955107214e-05,2.2305454642175129e-07,2.2577638938033553e-07,7.662867898069619e-08,3.9893666214442404e-05
137.44115990004502,569231.6590205,0.2906235000001023,3.451690000000009,21.269145999999992,0.3803935644528883,4.021716825775118,25.68786658608365,0.4830408800000012,0.0916686400000005,0.0488361200000011,26.003565048566568,1.0,2940.86,0.0,0.0,0.0,0.0,0.0,17.93045931999683,8.068543955107214e-05,2.2305454642175129e-07,2.2577638938033553e-07,7.662867898069619e-08,3.9893666214442404e-05
137.55226100003347,569231.7701216,0.3756235000001022,3.671690000000009,21.224146,0.3792532460883612,3.938040384616058,24.62078193580061,0.4826408800000012,0.0960686400000006,0.0520361200000011,24.93661761798864,1.0,2924.24,0.0,0.0,0.0,0.0,0.0,17.775285589210128,8.068543955107214e-05,2.2305454642175129e-07,2.2577638938033553e-07,7.662867898069619e-08,3.9893666214442404e-05
137.66315809998196,569231.8810187,0.0306235000001022,3.2466900000000094,20.519145999999992,0.2959107869204028,3.772768081127564,23.640256236726287,0.4538408800000012,0.0660686400000005,0.0448361200000011,23.941241762403784,1.0,2934.51,0.0,0.0,0.0,0.0,0.0,17.870922228373956,8.068543955107214e-05,2.2305454642175129e-07,2.2577638938033553e-07,7.662867898069619e-08,3.9893666214442404e-05
137.77480170002673,569231.9926623,-0.0093764999998977,3.3966900000000093,21.229146,0.2229296557055962,3.682863899192376,23.06386291771519,0.4614408800000012,0.0548686400000005,0.0376361200000011,23.357117904795647,1.0,3013.2,0.0,0.0,0.0,0.0,0.0,18.631641688794485,8.068543955107214e-05,2.2305454642175129e-07,2.2577638938033553e-07,7.662867898069619e-08,3.9893666214442404e-05
137.8872812000336,569232.1051418,-0.0843764999998977,3.751690000000009,22.124146,0.1494658993241669,3.6993172757633976,22.839216800386204,0.4682408800000012,0.0348686400000005,0.0340361200000011,23.13735318520392,1.0,3106.55,0.0,0.0,0.0,0.0,0.0,19.605289063108,8.068543955107214e-05,2.2305454642175129e-07,2.2577638938033553e-07,7.662867898069619e-08,3.9893666214442404e-05
137.99892969999928,569232.2167903,0.0106235000001022,4.0566900000000095,22.849146,0.1162746208223095,3.78474980701359,22.84159044727855,0.4786408800000012,0.0136686400000005,0.0316361200000011,23.15331736599193,1.0,3190.62,0.0,0.0,0.0,0.0,0.0,20.559162454085026,8.068543955107214e-05,2.2305454642175129e-07,2.2577638938033553e-07,7.662867898069619e-08,3.9893666214442404e-05
138.1015400000615,569232.3194006,-0.1843764999998978,4.401690000000009,24.09414599999999,0.044401798603111,3.932233816682765,23.141022900130288,0.5006408800000013,-0.0007313599999994,0.0284361200000011,23.47277945138021,1.0,3270.77,0.0,0.0,0.0,0.0,0.0,21.548444266418553,8.068543955107214e-05,2.2305454642175129e-07,2.2577638938033553e-07,7.662867898069619e-08,3.9893666214442404e-05
138.2131333000725,569232.4309939,-0.1843764999998978,4.30169000000001,24.14914599999999,-0.0102893062833012,4.020554986112387,23.38202200944294,0.5014408800000012,-0.0139313599999994,0.0216361200000011,23.725174846905787,1.0,3339.2,0.0,0.0,0.0,0.0,0.0,22.465100356563322,8.068543955107214e-05,2.2305454642175129e-07,2.2577638938033553e-07,7.662867898069619e-08,3.9893666214442404e-05
138.32315060007386,569232.5410112,-0.3743764999998977,4.33669000000001,24.199145999999992,-0.0973269799653976,4.096129344818488,23.5773614019712,0.4990408800000012,-0.0299313599999994,0.0148361200000011,23.93072750314276,1.0,3363.15,0.0,0.0,0.0,0.0,0.0,22.803589256555096,8.068543955107214e-05,2.2305454642175129e-07,2.2577638938033553e-07,7.662867898069619e-08,3.9893666214442404e-05
138.4355645000469,569232.6534251,-0.2643764999998979,4.406690000000009,24.749146,-0.1372613744303432,4.1703711128088985,23.857484974645725,0.5118408800000013,-0.0303313599999994,0.0184361200000011,24.21962892405472,1.0,3382.7,0.0,0.0,0.0,0.0,0.0,23.087253183055292,8.068543955107214e-05,2.2305454642175129e-07,2.2577638938033553e-07,7.662867898069619e-08,3.9893666214442404e-05
138.54561150004156,569232.7634721,-0.1193764999998978,4.281690000000009,24.599146,-0.1329858660043751,4.196982696916237,24.03478440022717,0.5190408800000013,-0.0131313599999994,0.0316361200000011,24.39883624610352,1.0,3396.38,0.0,0.0,0.0,0.0,0.0,23.28985132073605,8.068543955107214e-05,2.2305454642175129e-07,2.2577638938033553e-07,7.662867898069619e-08,3.9893666214442404e-05
138.6565002000425,569232.8743608,0.0806235000001023,4.16669000000001,24.189146,-0.0819210040301054,4.189741008895764,24.071685655700968,0.5166408800000012,6.864000000058375e-05,0.0336361200000011,24.433720369182502,1.0,3377.81,0.0,0.0,0.0,0.0,0.0,23.015662463514463,8.068543955107214e-05,2.2305454642175129e-07,2.2577638938033553e-07,7.662867898069619e-08,3.9893666214442404e-05
138.76727529999334,569232.9851359,-0.0193764999998977,3.986690000000009,23.949145999999992,-0.0669692885445365,4.141200198457796,24.04239166582688,0.5166408800000012,0.0108686400000005,0.0376361200000011,24.396528871590256,1.0,3328.93,0.0,0.0,0.0,0.0,0.0,22.322876620984683,8.068543955107214e-05,2.2305454642175129e-07,2.2577638938033553e-07,7.662867898069619e-08,3.9893666214442404e-05
138.87811799999326,569233.0959786,0.0906235000001023,4.09169000000001,23.669145999999994,-0.0292955940539888,4.129364427874063,23.95316459322958,0.5106408800000012,0.0144686400000005,0.0344361200000011,24.30651358875579,1.0,3314.27,0.0,0.0,0.0,0.0,0.0,22.122792500478596,8.068543955107214e-05,2.2305454642175129e-07,2.2577638938033553e-07,7.662867898069619e-08,3.9893666214442404e-05
138.9881489999825,569233.2060096,-0.0243764999998976,3.776690000000009,23.054145999999992,-0.0281196490867379,4.045055058308003,23.73824770435773,0.5018408800000013,0.0132686400000005,0.0328361200000011,24.080441549374733,1.0,3295.7,0.0,0.0,0.0,0.0,0.0,21.874146487974453,8.068543955107214e-05,2.2305454642175129e-07,2.2577638938033553e-07,7.662867898069619e-08,3.9893666214442404e-05
139.09892999997828,569233.3167906,-0.1843764999998978,3.906690000000009,23.069146,-0.0654739780361872,4.011977891624163,23.57829410860079,0.5074408800000012,0.0128686400000005,0.0316361200000011,23.91727840947543,1.0,3250.24,0.0,0.0,0.0,0.0,0.0,21.286896149105356,8.068543955107214e-05,2.2305454642175129e-07,2.2577638938033553e-07,7.662867898069619e-08,3.9893666214442404e-05
139.2018593000248,569233.4197199,-0.2343764999998978,3.606690000000009,22.679145999999992,-0.1058513459976751,3.915090893489463,23.36334625814388,0.5030408800000012,0.0172686400000005,0.0292361200000011,23.68934548673009,1.0,3212.12,0.0,0.0,0.0,0.0,0.0,20.81635025492039,8.068543955107214e-05,2.2305454642175129e-07,2.2577638938033553e-07,7.662867898069619e-08,3.9893666214442404e-05
139.3147701000562,569233.5326307,-0.2843764999998976,3.486690000000009,21.644145999999992,-0.148529073658117,3.812678565299536,22.952359017601225,0.4822408800000012,0.0224686400000005,0.0256361200000011,23.26734542660328,1.0,3144.67,0.0,0.0,0.0,0.0,0.0,20.02801686885461,8.068543955107214e-05,2.2305454642175129e-07,2.2577638938033553e-07,7.662867898069619e-08,3.9893666214442404e-05
139.42565170000307,569233.6435123,-0.1093764999998978,3.491690000000009,21.749146,-0.1391693681021701,3.735943930068253,22.66472225420124,0.4862408800000012,0.0356686400000005,0.0296361200000011,22.970987789420736,1.0,3142.72,0.0,0.0,0.0,0.0,0.0,20.006010214645265,8.068543955107214e-05,2.2305454642175129e-07,2.2577638938033553e-07,7.662867898069619e-08,3.9893666214442404e-05
139.5363956000656,569233.7542562,-0.0443764999998976,3.781690000000009,22.374146,-0.1165084482355467,3.746879858537239,22.59525790162469,0.4962408800000012,0.0368686400000005,0.0336361200000011,22.904112349832623,1.0,3145.65,0.0,0.0,0.0,0.0,0.0,20.039092569807067,8.068543955107214e-05,2.2305454642175129e-07,2.2577638938033553e-07,7.662867898069619e-08,3.9893666214442404e-05
139.64644330006558,569233.8643039,-0.1643764999998977,3.816690000000009,22.859145999999992,-0.1279516517899852,3.7635684771351983,22.6583422577662,0.5042408800000012,0.0280686400000005,0.0324361200000011,22.96913784140264,1.0,3174.98,0.0,0.0,0.0,0.0,0.0,20.375611388336818,8.068543955107214e-05,2.2305454642175129e-07,2.2577638938033553e-07,7.662867898069619e-08,3.9893666214442404e-05
139.7564049999928,569233.9742656,-0.0443764999998976,3.941690000000009,23.534146,-0.107972408040205,3.806149713856567,22.867709468812453,0.5158408800000013,0.0236686400000005,0.0352361200000011,23.18254882525222,1.0,3206.74,0.0,0.0,0.0,0.0,0.0,20.751454259543127,8.068543955107214e-05,2.2305454642175129e-07,2.2577638938033553e-07,7.662867898069619e-08,3.9893666214442404e-05
139.866541699972,569234.0844023,-0.0143764999998978,3.9116900000000094,23.444146,-0.0855976301227679,3.831379881641096,23.005510785545923,0.5142408800000012,0.0196686400000005,0.0316361200000011,23.32252827751736,1.0,3241.94,0.0,0.0,0.0,0.0,0.0,21.182803853371713,8.068543955107214e-05,2.2305454642175129e-07,2.2577638938033553e-07,7.662867898069619e-08,3.9893666214442404e-05
139.97641250002198,569234.1942731,-0.1443764999998977,3.936690000000009,23.484145999999992,-0.0996491435625684,3.85655502615409,23.11993199103562,0.5162408800000012,0.0168686400000005,0.0316361200000011,23.43958621417365,1.0,3245.36,0.0,0.0,0.0,0.0,0.0,21.225581920590386,8.068543955107214e-05,2.2305454642175129e-07,2.2577638938033553e-07,7.662867898069619e-08,3.9893666214442404e-05
140.08811430004425,569234.3059749,-0.0493764999998977,4.016690000000009,23.77414599999999,-0.0876311049689066,3.894836448404666,23.27632657566586,0.5250408800000013,0.0184686400000005,0.0336361200000011,23.600101885954395,1.0,3250.24,0.0,0.0,0.0,0.0,0.0,21.286896149105356,8.068543955107214e-05,2.2305454642175129e-07,2.2577638938033553e-07,7.662867898069619e-08,3.9893666214442404e-05
140.198965699994,569234.4168263,-0.0193764999998977,4.03669000000001,24.09414599999999,-0.0713143486063711,3.928747564608365,23.471832216662065,0.5310408800000013,0.0212686400000005,0.0360361200000011,23.79846740380289,1.0,3270.77,0.0,0.0,0.0,0.0,0.0,21.548444266418553,8.068543955107214e-05,2.2305454642175129e-07,2.2577638938033553e-07,7.662867898069619e-08,3.9893666214442404e-05
140.30975010001566,569234.5276107,-0.1593764999998976,4.08169000000001,24.314146,-0.0923662420236916,3.965309558585348,23.673193411115847,0.5374408800000012,0.0256686400000005,0.0360361200000011,24.003172659008488,1.0,3290.81,0.0,0.0,0.0,0.0,0.0,21.809540124336916,8.068543955107214e-05,2.2305454642175129e-07,2.2577638938033553e-07,7.662867898069619e-08,3.9893666214442404e-05
140.419767400017,569234.637628,-0.0493764999998977,3.8916900000000094,23.714145999999992,-0.0820892336517437,3.9477102713064927,23.68298342331416,0.5230408800000013,0.0260686400000005,0.0320361200000011,24.00989085475887,1.0,3278.1,0.0,0.0,0.0,0.0,0.0,21.64326861241215,8.068543955107214e-05,2.2305454642175129e-07,2.2577638938033553e-07,7.662867898069619e-08,3.9893666214442404e-05
140.52976990002207,569234.7476305,-0.1193764999998978,4.07669000000001,23.804145999999992,-0.0910030240209657,3.9785438071500248,23.71194821250219,0.5298408800000013,0.0268686400000005,0.0340361200000011,24.04357669749196,1.0,3268.33,0.0,0.0,0.0,0.0,0.0,21.517049647140414,8.068543955107214e-05,2.2305454642175129e-07,2.2577638938033553e-07,7.662867898069619e-08,3.9893666214442404e-05
140.6397720000241,569234.8576326,-0.0493764999998977,4.111690000000009,23.694146,-0.0810519027599256,4.010373366347075,23.707692465007284,0.5254408800000012,0.0236686400000005,0.0308361200000011,24.044632373230623,1.0,3253.67,0.0,0.0,0.0,0.0,0.0,21.330186490216352,8.068543955107214e-05,2.2305454642175129e-07,2.2577638938033553e-07,7.662867898069619e-08,3.9893666214442404e-05
140.74258369999006,569234.9604443,-0.0593764999998978,4.026690000000009,23.28914599999999,-0.0758702411554699,4.014273975486818,23.60763590913057,0.5170408800000013,0.0312686400000005,0.0320361200000011,23.9466203265061,1.0,3257.58,0.0,0.0,0.0,0.0,0.0,21.379732400724812,8.068543955107214e-05,2.2305454642175129e-07,2.2577638938033553e-07,7.662867898069619e-08,3.9893666214442404e-05
140.8556149000069,569235.0734755,0.0356235000001021,4.111690000000009,23.939146,-0.0492168569448501,4.037561979842132,23.68688579105274,0.5310408800000013,0.0332686400000005,0.0336361200000011,24.028584800575555,1.0,3245.36,0.0,0.0,0.0,0.0,0.0,21.225581920590386,8.068543955107214e-05,2.2305454642175129e-07,2.2577638938033553e-07,7.662867898069619e-08,3.9893666214442404e-05
140.9672724000411,569235.185133,0.0056235000001021,4.071690000000009,23.904146,-0.0361068734717707,4.045720529588404,23.738823413404752,0.5274408800000012,0.0276686400000005,0.0316361200000011,24.081131521642806,1.0,3270.77,0.0,0.0,0.0,0.0,0.0,21.548444266418553,8.068543955107214e-05,2.2305454642175129e-07,2.2577638938033553e-07,7.662867898069619e-08,3.9893666214442404e-05
141.07725860003848,569235.2951192,-0.0993764999998978,4.08169000000001,23.694146,-0.0512319347284699,4.054319291319749,23.728142954998106,0.5214408800000012,0.0260686400000005,0.0308361200000011,24.072077137628355,1.0,3274.19,0.0,0.0,0.0,0.0,0.0,21.5925910470798,8.068543955107214e-05,2.2305454642175129e-07,2.2577638938033553e-07,7.662867898069619e-08,3.9893666214442404e-05
141.18726320005953,569235.4051238,-0.2143764999998978,4.08169000000001,23.264146,-0.0902328215494301,4.0608624569451095,23.61722113117244,0.5070408800000012,0.0236686400000005,0.0276361200000011,23.963970451805544,1.0,3269.31,0.0,0.0,0.0,0.0,0.0,21.529648797363624,8.068543955107214e-05,2.2305454642175129e-07,2.2577638938033553e-07,7.662867898069619e-08,3.9893666214442404e-05
141.2981111999834,569235.5159718,-0.1893764999998977,4.191690000000009,23.044145999999994,-0.1139338340583497,4.0921377261596215,23.480223381394023,0.4978408800000012,0.0240686400000005,0.0256361200000011,23.83441759574932,1.0,3269.79,0.0,0.0,0.0,0.0,0.0,21.535824784688373,8.068543955107214e-05,2.2305454642175129e-07,2.2577638938033553e-07,7.662867898069619e-08,3.9893666214442404e-05
141.40899879997596,569235.6268594,-0.2243764999998978,4.07669000000001,23.284146,-0.1403359511464989,4.088444835632807,23.433349666985112,0.5058408800000013,0.0248686400000005,0.0252361200000011,23.787747938137983,1.0,3270.77,0.0,0.0,0.0,0.0,0.0,21.548444266418553,8.068543955107214e-05,2.2305454642175129e-07,2.2577638938033553e-07,7.662867898069619e-08,3.9893666214442404e-05
141.51918449997902,569235.7370451,-0.2093764999998977,4.276690000000009,23.284146,-0.1568405930719505,4.133446201984567,23.39768145260312,0.5062408800000012,0.0236686400000005,0.0248361200000011,23.76050239018156,1.0,3269.31,0.0,0.0,0.0,0.0,0.0,21.529648797363624,8.068543955107214e-05,2.2305454642175129e-07,2.2577638938033553e-07,7.662867898069619e-08,3.9893666214442404e-05
141.62978169997223,569235.8476423,-0.2343764999998978,4.236690000000009,23.064146,-0.1753761117122823,4.1581273776931615,23.31794739332808,0.4990408800000012,0.0248686400000005,0.0220361200000011,23.686440228698284,1.0,3275.66,0.0,0.0,0.0,0.0,0.0,21.611617912765723,8.068543955107214e-05,2.2305454642175129e-07,2.2577638938033553e-07,7.662867898069619e-08,3.9893666214442404e-05
141.7320705000311,569235.9499311,-0.3443764999998977,4.191690000000009,22.784146,-0.2157768753254479,4.166150764998931,23.19033831427955,0.4902408800000012,0.0244686400000005,0.0208361200000011,23.56257971843,1.0,3265.88,0.0,0.0,0.0,0.0,0.0,21.485611268067984,8.068543955107214e-05,2.2305454642175129e-07,2.2577638938033553e-07,7.662867898069619e-08,3.9893666214442404e-05
141.8430878999643,569236.0609485,-0.3393764999998978,4.29669000000001,22.884146,-0.245324258439445,4.197357112090552,23.117140829736947,0.4958408800000012,0.0264686400000005,0.0216361200000011,23.496386761799933,1.0,3256.6,0.0,0.0,0.0,0.0,0.0,21.3672944040436,8.068543955107214e-05,2.2305454642175129e-07,2.2577638938033553e-07,7.662867898069619e-08,3.9893666214442404e-05
141.95648210006766,569236.1743427,-0.2593764999998977,4.196690000000009,22.939146,-0.2486835482923935,4.19719763412635,23.07458987992297,0.5010408800000012,0.0308686400000005,0.0224361200000011,23.454530684150367,1.0,3249.76,0.0,0.0,0.0,0.0,0.0,21.280850869212102,8.068543955107214e-05,2.2305454642175129e-07,2.2577638938033553e-07,7.662867898069619e-08,3.9893666214442404e-05
142.06727930007037,569236.2851399,-0.2843764999998976,4.026690000000009,22.419145999999994,-0.2572162062300598,4.15643655250768,22.917901285755967,0.4862408800000012,0.0288686400000005,0.0224361200000011,23.293181928096992,1.0,3231.67,0.0,0.0,0.0,0.0,0.0,21.055284485615193,8.068543955107214e-05,2.2305454642175129e-07,2.2577638938033553e-07,7.662867898069619e-08,3.9893666214442404e-05
142.1773220000323,569236.3951826,-0.2893764999998978,3.9516900000000095,22.179145999999992,-0.2649043567691814,4.107490410121336,22.741296498215423,0.4838408800000012,0.0308686400000005,0.0216361200000011,23.11078142787948,1.0,3210.17,0.0,0.0,0.0,0.0,0.0,20.792786351255234,8.068543955107214e-05,2.2305454642175129e-07,2.2577638938033553e-07,7.662867898069619e-08,3.9893666214442404e-05
142.2890017000027,569236.5068623,-0.3093764999998978,3.841690000000009,22.134146,-0.2755357438579333,4.04394890204315,22.5961527857982,0.4850408800000012,0.0324686400000005,0.0216361200000011,22.956819539901755,1.0,3195.99,0.0,0.0,0.0,0.0,0.0,20.622864792940298,8.068543955107214e-05,2.2305454642175129e-07,2.2577638938033553e-07,7.662867898069619e-08,3.9893666214442404e-05
142.39982779999264,569236.6176884,-0.2343764999998978,3.711690000000009,21.954145999999994,-0.265696329295316,3.964520011400781,22.442676426046056,0.4810408800000012,0.0348686400000005,0.0236361200000011,22.79170328484472,1.0,3184.75,0.0,0.0,0.0,0.0,0.0,20.48992897131606,8.068543955107214e-05,2.2305454642175129e-07,2.2577638938033553e-07,7.662867898069619e-08,3.9893666214442404e-05
142.50198040006217,569236.719841,-0.3343764999998977,3.776690000000009,22.00414599999999,-0.2821148202210615,3.919617890364549,22.33784255992667,0.4818408800000012,0.0328686400000005,0.0216361200000011,22.68087748325284,1.0,3179.37,0.0,0.0,0.0,0.0,0.0,20.426837946964888,8.068543955107214e-05,2.2305454642175129e-07,2.2577638938033553e-07,7.662867898069619e-08,3.9893666214442404e-05
142.612303800066,569236.8301644,-0.3093764999998978,3.816690000000009,22.09414599999999,-0.2886319216999537,3.895012234661897,22.27958513690712,0.4838408800000012,0.0308686400000005,0.0236361200000011,22.6193355907525,1.0,3193.55,0.0,0.0,0.0,0.0,0.0,20.593876359893777,8.068543955107214e-05,2.2305454642175129e-07,2.2577638938033553e-07,7.662867898069619e-08,3.9893666214442404e-05
142.72307790000923,569236.9409385,-0.2293764999998977,3.841690000000009,22.339145999999992,-0.2744664851044578,3.882265169286908,22.29382359147396,0.4878408800000012,0.0288686400000005,0.0248361200000011,22.630993902696027,1.0,3195.5,0.0,0.0,0.0,0.0,0.0,20.61703749847998,8.068543955107214e-05,2.2305454642175129e-07,2.2577638938033553e-07,7.662867898069619e-08,3.9893666214442404e-05
142.83311070001218,569237.0509713,-0.2743764999998976,3.986690000000009,22.509146,-0.2744449735151953,3.907228679393198,22.34529796863736,0.4898408800000012,0.0300686400000005,0.0248361200000011,22.685989008719663,1.0,3202.35,0.0,0.0,0.0,0.0,0.0,20.69876881465036,8.068543955107214e-05,2.2305454642175129e-07,2.2577638938033553e-07,7.662867898069619e-08,3.9893666214442404e-05
142.94310090004,569237.1609615,-0.4543764999998978,3.936690000000009,22.30914599999999,-0.3174589046766613,3.914271620901367,22.33665557938685,0.4870408800000012,0.0264686400000005,0.0240361200000011,22.679252301398872,1.0,3202.83,0.0,0.0,0.0,0.0,0.0,20.70451772259025,8.068543955107214e-05,2.2305454642175129e-07,2.2577638938033553e-07,7.662867898069619e-08,3.9893666214442404e-05
143.05480200005695,569237.2726626,-0.4193764999998977,3.83169000000001,22.209146,-0.3418230420517119,3.8945298878874177,22.306173493354866,0.4846408800000012,0.0272686400000005,0.0220361200000011,22.64618250291587,1.0,3204.79,0.0,0.0,0.0,0.0,0.0,20.72802217346777,8.068543955107214e-05,2.2305454642175129e-07,2.2577638938033553e-07,7.662867898069619e-08,3.9893666214442404e-05
143.16564170003403,569237.3835023,-0.3343764999998977,4.031690000000009,22.78914599999999,-0.3400428923833049,3.927319003479184,22.42163155987373,0.4974408800000012,0.0300686400000005,0.0244361200000011,22.76552273791391,1.0,3203.81,0.0,0.0,0.0,0.0,0.0,20.71626396925624,8.068543955107214e-05,2.2305454642175129e-07,2.2577638938033553e-07,7.662867898069619e-08,3.9893666214442404e-05
143.2764530000277,569237.4943136,-0.3793764999998978,3.95669000000001,22.89914599999999,-0.3494458754147199,3.934340352362132,22.53578483616433,0.5018408800000013,0.0296686400000005,0.0236361200000011,22.8793082196548,1.0,3226.78,0.0,0.0,0.0,0.0,0.0,20.99505635190524,8.068543955107214e-05,2.2305454642175129e-07,2.2577638938033553e-07,7.662867898069619e-08,3.9893666214442404e-05
143.38647600007243,569237.6043366,-0.2643764999998979,3.8516900000000094,22.619146,-0.3291094267137572,3.9145821885959977,22.55571292454784,0.4974408800000012,0.0320686400000005,0.0256361200000011,22.895249556635964,1.0,3226.78,0.0,0.0,0.0,0.0,0.0,20.99505635190524,8.068543955107214e-05,2.2305454642175129e-07,2.2577638938033553e-07,7.662867898069619e-08,3.9893666214442404e-05
143.49731370003428,569237.7151743,-0.2243764999998978,3.796690000000009,22.549146,-0.3040722640329203,3.886399209304853,22.554143053797773,0.4934408800000012,0.0312686400000005,0.0240361200000011,22.88855451196108,1.0,3224.83,3.42,0.0,0.0,0.0,0.0,20.97112606148024,0.26407912610194173,2.2305454642175129e-07,2.2577638938033553e-07,7.662867898069619e-08,3.9893666214442404e-05
143.60728640004527,569237.825147,-0.2793764999998978,3.8666900000000095,22.589145999999992,-0.2981685632482412,3.881687580448875,22.56251076093507,0.4962408800000012,0.0320686400000005,0.0248361200000011,22.89592310437889,1.0,3224.83,0.0,0.0,0.0,0.0,0.0,20.97112606148024,8.068543955107214e-05,2.2305454642175129e-07,2.2577638938033553e-07,7.662867898069619e-08,3.9893666214442404e-05
143.7190253000008,569237.9368859,-0.3193764999998978,3.791690000000009,22.599146,-0.3032384737266033,3.8601730087350896,22.57126867947224,0.4954408800000012,0.0316686400000005,0.0240361200000011,22.90098380048856,1.0,3216.52,3.91,0.0,0.0,0.0,0.0,20.86969717672976,0.2838178691720311,2.2305454642175129e-07,2.2577638938033553e-07,7.662867898069619e-08,3.9893666214442404e-05
143.82986639998853,569238.047727,-0.3043764999998977,3.9316900000000095,23.05914599999999,-0.303510527127893,3.8772696621078713,22.687899277180225,0.5066408800000013,0.0324686400000005,0.0268361200000011,23.018820827406746,1.0,3224.34,0.0,0.0,0.0,0.0,0.0,20.96512057528547,8.068543955107214e-05,2.2305454642175129e-07,2.2577638938033553e-07,7.662867898069619e-08,3.9893666214442404e-05
143.93978849996347,569238.1576491,-0.2843764999998976,3.8466900000000095,22.989145999999995,-0.2989363997261828,3.869959372985413,22.75991448235933,0.5034408800000012,0.0336686400000005,0.0288361200000011,23.08851783384869,1.0,3232.65,0.0,0.0,0.0,0.0,0.0,21.067392491597204,8.068543955107214e-05,2.2305454642175129e-07,2.2577638938033553e-07,7.662867898069619e-08,3.9893666214442404e-05
144.042068400071,569238.259929,-0.3143764999998977,3.8716900000000094,22.699145999999992,-0.3026274672298877,3.870373091874628,22.745387337683475,0.5002408800000012,0.0332686400000005,0.0252361200000011,23.07431507966121,1.0,3233.14,0.0,0.0,0.0,0.0,0.0,21.073451240965827,8.068543955107214e-05,2.2305454642175129e-07,2.2577638938033553e-07,7.662867898069619e-08,3.9893666214442404e-05
144.1530989999883,569238.3709596,-0.4393764999998977,3.751690000000009,22.62914599999999,-0.3353183113353333,3.842001041441549,22.717599006228067,0.4954408800000012,0.0296686400000005,0.0240361200000011,23.04262821338159,1.0,3226.78,0.0,0.0,0.0,0.0,0.0,20.99505635190524,8.068543955107214e-05,2.2305454642175129e-07,2.2577638938033553e-07,7.662867898069619e-08,3.9893666214442404e-05
144.2639772000257,569238.4818378,-0.2393764999998977,3.9916900000000095,23.189146,-0.3123827282893036,3.87778526827971,22.830325721361152,0.5094408800000012,0.0348686400000005,0.0268361200000011,23.159416531926382,1.0,3237.54,0.0,0.0,0.0,0.0,0.0,21.127998673635908,8.068543955107214e-05,2.2305454642175129e-07,2.2577638938033553e-07,7.662867898069619e-08,3.9893666214442404e-05
144.3740328999702,569238.5918935,-0.4593764999998977,3.8916900000000094,23.079145999999994,-0.3475226512425016,3.881109294839816,22.88980800635059,0.5062408800000012,0.0312686400000005,0.0256361200000011,23.21911048940528,1.0,3245.85,4.89,0.0,0.0,0.0,0.0,21.23172387260061,0.3201397736769544,2.2305454642175129e-07,2.2577638938033553e-07,7.662867898069619e-08,3.9893666214442404e-05
144.48481990001164,569238.7026805,-0.4593764999998977,3.716690000000009,22.729146,-0.3742621217766145,3.8418036747073847,22.85140059317269,0.4994408800000012,0.0284686400000005,0.0232361200000011,23.175116756565544,1.0,3241.45,0.0,0.0,0.0,0.0,0.0,21.176687724463278,8.068543955107214e-05,2.2305454642175129e-07,2.2577638938033553e-07,7.662867898069619e-08,3.9893666214442404e-05
144.59811949997675,569238.8159801,-0.3043764999998977,3.861690000000009,23.12914599999999,-0.3575554590643659,3.8465576444196574,22.91779763899945,0.5094408800000012,0.0308686400000005,0.0268361200000011,23.24111228492041,1.0,3229.72,0.0,0.0,0.0,0.0,0.0,21.031229587696437,8.068543955107214e-05,2.2305454642175129e-07,2.2577638938033553e-07,7.662867898069619e-08,3.9893666214442404e-05
144.709804299986,569238.9276649,-0.2443764999998978,3.901690000000009,23.599146,-0.3304992113392664,3.8597374322758142,23.080678886491928,0.5194408800000012,0.0356686400000005,0.0288361200000011,23.40351556147412,1.0,3233.14,0.0,0.0,0.0,0.0,0.0,21.073451240965827,8.068543955107214e-05,2.2305454642175129e-07,2.2577638938033553e-07,7.662867898069619e-08,3.9893666214442404e-05
144.8197992000496,569239.0376598,-0.1693764999998976,3.941690000000009,23.64914599999999,-0.2919816633058505,3.879328785583727,23.216575056361144,0.5218408800000013,0.0352686400000005,0.0284361200000011,23.540259184342386,1.0,3236.07,3.42,0.0,0.0,0.0,0.0,21.109746313954112,0.26407912610194173,2.2305454642175129e-07,2.2577638938033553e-07,7.662867898069619e-08,3.9893666214442404e-05
144.93065860006027,569239.1485192,-0.1993764999998977,3.8516900000000094,23.41414599999999,-0.269843730073915,3.872721534238112,23.263805817613587,0.5170408800000013,0.0384686400000005,0.0304361200000011,23.58549233830076,1.0,3239.0,0.0,0.0,0.0,0.0,0.0,21.146155343178975,8.068543955107214e-05,2.2305454642175129e-07,2.2577638938033553e-07,7.662867898069619e-08,3.9893666214442404e-05
145.040672800038,569239.2585334,-0.2543764999998978,3.7866900000000094,22.924146,-0.2661461769954727,3.852155074520183,23.182607684642768,0.5082408800000012,0.0356686400000005,0.0272361200000011,23.501983566621327,1.0,3216.03,0.0,0.0,0.0,0.0,0.0,20.86374407932998,8.068543955107214e-05,2.2305454642175129e-07,2.2577638938033553e-07,7.662867898069619e-08,3.9893666214442404e-05
145.1506500999676,569239.3685107,-0.3993764999998976,3.511690000000009,23.104146,-0.2979958481136657,3.770764439068985,23.163850852152247,0.5186408800000012,0.0296686400000005,0.0228361200000011,23.47065087042101,1.0,3207.72,0.0,0.0,0.0,0.0,0.0,20.76324835188984,8.068543955107214e-05,2.2305454642175129e-07,2.2577638938033553e-07,7.662867898069619e-08,3.9893666214442404e-05
145.25315680005588,569239.4710174,-0.3943764999998977,3.6166900000000095,23.484145999999992,-0.3210363391633766,3.733931831435781,23.240419720932707,0.5234408800000012,0.0356686400000005,0.0272361200000011,23.54065462254588,1.0,3200.39,0.0,0.0,0.0,0.0,0.0,20.67532376531776,8.068543955107214e-05,2.2305454642175129e-07,2.2577638938033553e-07,7.662867898069619e-08,3.9893666214442404e-05
145.36336079996545,569239.5812214,-0.1543764999998977,3.781690000000009,23.464145999999992,-0.2811951007255515,3.745348766617477,23.29390310405528,0.5182408800000012,0.0404686400000005,0.0308361200000011,23.5947585257699,1.0,3221.41,0.0,0.0,0.0,0.0,0.0,20.92927507839049,8.068543955107214e-05,2.2305454642175129e-07,2.2577638938033553e-07,7.662867898069619e-08,3.9893666214442404e-05
145.47482560004573,569239.6926862,-0.2943764999998977,3.696690000000009,23.244146,-0.2843462094393806,3.7337165369655847,23.28200830890492,0.5138408800000013,0.0380686400000005,0.0288361200000011,23.5812086806667,1.0,3217.01,0.0,0.0,0.0,0.0,0.0,20.875653339336115,8.068543955107214e-05,2.2305454642175129e-07,2.2577638938033553e-07,7.662867898069619e-08,3.9893666214442404e-05
145.5848141000606,569239.8026747,-0.3293764999998978,3.676690000000009,23.199145999999992,-0.2951110256791604,3.720083931366462,23.26219947539613,0.5114408800000012,0.0324686400000005,0.0260361200000011,23.559627318932883,1.0,3217.5,0.0,0.0,0.0,0.0,0.0,20.881612570124734,8.068543955107214e-05,2.2305454642175129e-07,2.2577638938033553e-07,7.662867898069619e-08,3.9893666214442404e-05
145.69482239999343,569239.912683,-0.2743764999998976,3.9316900000000095,23.639146,-0.2901542875373913,3.7706698906331706,23.35231126501763,0.5230408800000013,0.0376686400000005,0.0276361200000011,23.656554743938795,1.0,3221.9,0.0,0.0,0.0,0.0,0.0,20.935261994188803,8.068543955107214e-05,2.2305454642175129e-07,2.2577638938033553e-07,7.662867898069619e-08,3.9893666214442404e-05
145.80562610004563,569240.0234867,-0.3143764999998977,3.756690000000009,23.084146,-0.2959447823983863,3.767327896792026,23.28820442129369,0.5082408800000012,0.0412686400000005,0.0268361200000011,23.59281263359965,1.0,3221.9,0.0,0.0,0.0,0.0,0.0,20.935261994188803,8.068543955107214e-05,2.2305454642175129e-07,2.2577638938033553e-07,7.662867898069619e-08,3.9893666214442404e-05
145.91727089998312,569240.1351315,-0.3993764999998976,3.7466900000000094,22.494146,-0.3206708816414884,3.7623942584837615,23.09837901971453,0.4918408800000012,0.0384686400000005,0.0208361200000011,23.40498993182848,1.0,3219.94,0.0,0.0,0.0,0.0,0.0,20.91133288944446,8.068543955107214e-05,2.2305454642175129e-07,2.2577638938033553e-07,7.662867898069619e-08,3.9893666214442404e-05
146.02814080007374,569240.2460014,-0.4543764999998978,3.836690000000009,22.444146,-0.3526341755474,3.780155192176733,22.94197989042713,0.4890408800000012,0.0376686400000005,0.0204361200000011,23.25399676252381,1.0,3207.23,0.0,0.0,0.0,0.0,0.0,20.757349800950653,8.068543955107214e-05,2.2305454642175129e-07,2.2577638938033553e-07,7.662867898069619e-08,3.9893666214442404e-05
146.13980790006462,569240.3576685,-0.3893764999998979,4.0566900000000095,23.404146,-0.3614176936200172,3.846262835566681,23.05246403742857,0.5122408800000012,0.0424686400000005,0.0236361200000011,23.373926900426053,1.0,3213.59,0.0,0.0,0.0,0.0,0.0,20.834145615999912,8.068543955107214e-05,2.2305454642175129e-07,2.2577638938033553e-07,7.662867898069619e-08,3.9893666214442404e-05
146.2498375000432,569240.4676981,-0.3693764999998978,4.1366900000000095,23.499146,-0.3633203037764465,3.9156915471572376,23.15924658723787,0.5114408800000012,0.0408686400000005,0.0212361200000011,23.490750188619007,1.0,3235.09,0.0,0.0,0.0,0.0,0.0,21.097594014819872,8.068543955107214e-05,2.2305454642175129e-07,2.2577638938033553e-07,7.662867898069619e-08,3.9893666214442404e-05
146.359828799963,569240.5776894,-0.4843764999998976,4.12169000000001,23.404146,-0.3922596619464953,3.964936965361928,23.21779156091667,0.5106408800000012,0.0432686400000005,0.0220361200000011,23.55717380646196,1.0,3244.87,0.0,0.0,0.0,0.0,0.0,21.21944321592056,8.068543955107214e-05,2.2305454642175129e-07,2.2577638938033553e-07,7.662867898069619e-08,3.9893666214442404e-05
146.4628608999774,569240.6807215,-0.5593764999998978,4.30169000000001,23.779146,-0.4322101492701388,4.045440210864982,23.351987394585464,0.5194408800000012,0.0448686400000005,0.0188361200000011,23.7037488045603,1.0,3241.45,0.0,0.0,0.0,0.0,0.0,21.176687724463278,8.068543955107214e-05,2.2305454642175129e-07,2.2577638938033553e-07,7.662867898069619e-08,3.9893666214442404e-05
146.5739841000177,569240.7918447,-0.5793764999998978,4.37169000000001,24.489145999999995,-0.4673913284845117,4.123432579659173,23.623833373600863,0.5366408800000012,0.0492686400000005,0.0220361200000011,23.985550945446203,1.0,3243.4,3.91,0.0,0.0,0.0,0.0,21.20104655380262,0.2838178691720311,2.2305454642175129e-07,2.2577638938033553e-07,7.662867898069619e-08,3.9893666214442404e-05
146.684850599966,569240.9027112,-0.4993764999998977,4.516690000000009,24.579145999999994,-0.4750376147836916,4.217443606730155,23.852207757748072,0.5390408800000013,0.0544686400000005,0.0224361200000011,24.226850935071727,1.0,3250.73,0.0,0.0,0.0,0.0,0.0,21.29307061850912,8.068543955107214e-05,2.2305454642175129e-07,2.2577638938033553e-07,7.662867898069619e-08,3.9893666214442404e-05
146.79482159996405,569241.0126822,-0.4793764999998977,4.4716900000000095,24.054145999999992,-0.4760748566370433,4.2782230436182775,23.90048255328164,0.5330408800000013,0.0580686400000005,0.0232361200000011,24.28503460898889,1.0,3241.45,0.0,0.0,0.0,0.0,0.0,21.176687724463278,8.068543955107214e-05,2.2305454642175129e-07,2.2577638938033553e-07,7.662867898069619e-08,3.9893666214442404e-05
146.90567880007438,569241.1235394,-0.4193764999998977,4.276690000000009,23.229146,-0.4625207049160786,4.277856558467221,23.73999470074576,0.5154408800000012,0.0576686400000005,0.0232361200000011,24.12677621500092,1.0,3171.55,0.0,0.0,0.0,0.0,0.0,20.335744981709084,8.068543955107214e-05,2.2305454642175129e-07,2.2577638938033553e-07,7.662867898069619e-08,3.9893666214442404e-05
147.0166703000432,569241.2345309,-0.4843764999998976,3.8516900000000094,21.444146,-0.4677454906086205,4.175978364204327,23.191155484515267,0.4730408800000012,0.0516686400000005,0.0204361200000011,23.56877752131514,1.0,3112.41,0.0,0.0,0.0,0.0,0.0,19.669267242805823,8.068543955107214e-05,2.2305454642175129e-07,2.2577638938033553e-07,7.662867898069619e-08,3.9893666214442404e-05
147.12729690002743,569241.3451575,-0.4443764999998978,3.771690000000009,20.454145999999994,-0.4621589645951149,4.079330310319536,22.536853596150923,0.4518408800000012,0.0488686400000005,0.0200361200000011,22.907734429742025,1.0,3054.25,0.0,0.0,0.0,0.0,0.0,19.049604979633198,8.068543955107214e-05,2.2305454642175129e-07,2.2577638938033553e-07,7.662867898069619e-08,3.9893666214442404e-05
147.23743280000053,569241.4552934,-0.3993764999998976,3.511690000000009,19.259146,-0.4471503629175459,3.94363179372504,21.75329391840742,0.4226408800000012,0.0468686400000005,0.0200361200000011,22.1123940692128,1.0,3008.31,0.0,0.0,0.0,0.0,0.0,18.582858811278484,8.068543955107214e-05,2.2305454642175129e-07,2.2577638938033553e-07,7.662867898069619e-08,3.9893666214442404e-05
147.34732970001642,569241.5651903,-0.4093764999998976,3.176690000000009,18.194146,-0.4381202481234021,3.760288817846133,20.90245389861318,0.3998408800000012,0.0452686400000005,0.0188361200000011,21.24251162949156,1.0,2887.1,0.0,0.0,0.0,0.0,0.0,17.435982142582798,8.068543955107214e-05,2.2305454642175129e-07,2.2577638938033553e-07,7.662867898069619e-08,3.9893666214442404e-05
147.45734500000253,569241.6752056,-0.4243764999998978,3.066690000000009,17.894145999999992,-0.4348347058549925,3.594479010152184,20.18329616460461,0.3926408800000012,0.0484686400000005,0.0224361200000011,20.505482307031546,1.0,2834.8,0.0,0.0,0.0,0.0,0.0,16.9746836917752,8.068543955107214e-05,2.2305454642175129e-07,2.2577638938033553e-07,7.662867898069619e-08,3.9893666214442404e-05
147.568171299994,569241.7860319,-0.4843764999998976,3.181690000000009,17.66414599999999,-0.4466780296159658,3.4957988154482003,19.58107512039582,0.3878408800000012,0.0452686400000005,0.0244361200000011,19.8956938429102,1.0,2823.56,0.0,0.0,0.0,0.0,0.0,16.87793251689353,8.068543955107214e-05,2.2305454642175129e-07,2.2577638938033553e-07,7.662867898069619e-08,3.9893666214442404e-05
147.67903440003283,569241.896895,-0.4093764999998976,2.8716900000000094,16.939145999999994,-0.4377608295095166,3.3466010947962004,18.949502879897764,0.3702408800000012,0.0428686400000005,0.0256361200000011,19.24772799129284,1.0,2818.18,0.0,0.0,0.0,0.0,0.0,16.831911149638653,8.068543955107214e-05,2.2305454642175129e-07,2.2577638938033553e-07,7.662867898069619e-08,3.9893666214442404e-05
147.78986680007074,569242.0077274,-0.5443764999998977,2.8366900000000093,16.384145999999994,-0.4632480756903391,3.2247031641859363,18.336235786618825,0.3554408800000012,0.0360686400000005,0.0216361200000011,18.62339528923828,1.0,2763.93,0.0,0.0,0.0,0.0,0.0,16.377908464701793,8.068543955107214e-05,2.2305454642175129e-07,2.2577638938033553e-07,7.662867898069619e-08,3.9893666214442404e-05
147.90008310007397,569242.1179437,-0.4043764999998978,2.7916900000000093,16.494145999999994,-0.4491744002561957,3.1211882393687693,17.895870916588123,0.3550408800000012,0.0376686400000005,0.0208361200000011,18.171564861910053,1.0,2768.33,0.0,0.0,0.0,0.0,0.0,16.41406768299071,8.068543955107214e-05,2.2305454642175129e-07,2.2577638938033553e-07,7.662867898069619e-08,3.9893666214442404e-05
148.01069879997522,569242.2285594,-0.3443764999998977,2.826690000000009,16.519145999999992,-0.4241217051806952,3.0507863079070376,17.566754880352907,0.3590408800000012,0.0408686400000005,0.0220361200000011,17.83474287293543,1.0,2771.75,0.0,0.0,0.0,0.0,0.0,16.442252213701344,8.068543955107214e-05,2.2305454642175129e-07,2.2577638938033553e-07,7.662867898069619e-08,3.9893666214442404e-05
148.1137745999731,569242.3316352,-0.4493764999998977,2.591690000000009,15.899145999999991,-0.4301590463130313,2.9410360191688656,17.16810093134721,0.3450408800000012,0.0372686400000005,0.0192361200000011,17.42350192298031,1.0,2760.51,0.0,0.0,0.0,0.0,0.0,16.34988140045293,8.068543955107214e-05,2.2305454642175129e-07,2.2577638938033553e-07,7.662867898069619e-08,3.9893666214442404e-05
148.22395909996703,569242.4418197,-0.594376499999898,2.401690000000009,15.319145999999993,-0.4694164148598305,2.812101457260882,16.726094898878053,0.3366408800000012,0.0344686400000005,0.0164361200000011,16.96733676635031,1.0,2686.22,0.0,0.0,0.0,0.0,0.0,15.757342912980315,8.068543955107214e-05,2.2305454642175129e-07,2.2577638938033553e-07,7.662867898069619e-08,3.9893666214442404e-05
148.33487769996282,569242.5527383,-0.5743764999998979,2.261690000000009,14.664145999999992,-0.4945078814033564,2.6805216224445845,16.23317111988515,0.3206408800000012,0.0324686400000005,0.0136361200000011,16.46042462455438,1.0,2599.71,0.0,0.0,0.0,0.0,0.0,15.103538014226373,8.068543955107214e-05,2.2305454642175129e-07,2.2577638938033553e-07,7.662867898069619e-08,3.9893666214442404e-05
148.44566189998295,569242.6635225,-0.6393764999998979,2.3216900000000096,14.674145999999991,-0.5291397711533613,2.5947403310392656,15.860474903186084,0.3190408800000012,0.0344686400000005,0.0164361200000011,16.08002893148932,1.0,2584.07,3.42,0.0,0.0,0.0,0.0,14.989153938829388,0.26407912610194173,2.2305454642175129e-07,2.2577638938033553e-07,7.662867898069619e-08,3.9893666214442404e-05
148.55733780004084,569242.7751984,-0.6743764999998976,2.5216900000000093,14.779145999999992,-0.5638596603177126,2.577277121717179,15.601975417780428,0.3190408800000012,0.0320686400000005,0.0168361200000011,15.823461442291478,1.0,2584.56,0.0,0.0,0.0,0.0,0.0,14.992720693187298,8.068543955107214e-05,2.2305454642175129e-07,2.2577638938033553e-07,7.662867898069619e-08,3.9893666214442404e-05
148.66737899999134,569242.8852396,-0.6243764999998977,2.506690000000009,14.909145999999993,-0.5783266479938289,2.5604027603768027,15.436349540730026,0.3198408800000012,0.0300686400000005,0.0172361200000011,15.657937640402103,1.0,2638.81,0.0,0.0,0.0,0.0,0.0,15.394494736277965,8.068543955107214e-05,2.2305454642175129e-07,2.2577638938033553e-07,7.662867898069619e-08,3.9893666214442404e-05
148.77731550007593,569242.9951761,-0.6443764999998978,2.216690000000009,14.239145999999993,-0.5941163422342965,2.4782357421615604,15.150149386186218,0.3078408800000012,0.0268686400000005,0.0144361200000011,15.362996226179174,1.0,2613.88,0.0,0.0,0.0,0.0,0.0,15.208145598131964,8.068543955107214e-05,2.2305454642175129e-07,2.2577638938033553e-07,7.662867898069619e-08,3.9893666214442404e-05
148.88743320002686,569243.1052938,-0.594376499999898,2.4366900000000093,14.099145999999992,-0.594178534827442,2.4683039323875744,14.898899434679103,0.3030408800000012,0.0284686400000005,0.0140361200000011,15.113661925508689,1.0,2522.97,0.0,0.0,0.0,0.0,0.0,14.55266354572132,8.068543955107214e-05,2.2305454642175129e-07,2.2577638938033553e-07,7.662867898069619e-08,3.9893666214442404e-05
148.99735409999266,569243.2152147,-0.6443764999998978,2.451690000000009,13.889145999999991,-0.6061787210124753,2.464332251837748,14.65751058205336,0.2978408800000012,0.0256686400000005,0.0108361200000011,14.875584107935468,1.0,2525.9,0.0,0.0,0.0,0.0,0.0,14.57323093905676,8.068543955107214e-05,2.2305454642175129e-07,2.2577638938033553e-07,7.662867898069619e-08,3.9893666214442404e-05
149.10734360001516,569243.3252042,-0.6493764999998977,2.346690000000009,13.629145999999992,-0.6165054621233566,2.436209021734108,14.411672600208115,0.2898408800000012,0.0304686400000005,0.0088361200000011,14.629131912659616,1.0,2526.39,0.0,0.0,0.0,0.0,0.0,14.57667402279696,8.068543955107214e-05,2.2305454642175129e-07,2.2577638938033553e-07,7.662867898069619e-08,3.9893666214442404e-05
149.21734790003393,569243.4352085,-0.7843764999998979,2.386690000000009,13.239145999999993,-0.6566362463627672,2.424371141882437,14.131371646552685,0.2834408800000012,0.0228686400000005,0.0008361200000011,14.352853765249014,1.0,2482.89,0.0,0.0,0.0,0.0,0.0,14.274833429676402,8.068543955107214e-05,2.2305454642175129e-07,2.2577638938033553e-07,7.662867898069619e-08,3.9893666214442404e-05
149.3298440000508,569243.5477046,-1.159376499999898,2.4616900000000093,13.354145999999991,-0.7768199355945928,2.433292484492345,13.945570241368776,0.2838408800000012,0.0164686400000005,-0.0083638799999988,14.17756293882607,1.0,2449.17,0.0,0.0,0.0,0.0,0.0,14.045990503367188,8.068543955107214e-05,2.2305454642175129e-07,2.2577638938033553e-07,7.662867898069619e-08,3.9893666214442404e-05
149.44141379999928,569243.6592744,-0.9543764999998978,2.531690000000009,13.374145999999993,-0.8192661149151774,2.456815121359797,13.80896714872331,0.2810408800000012,0.0200686400000005,-0.0011638799999988,14.04972281655798,1.0,2448.68,0.0,0.0,0.0,0.0,0.0,14.042696997934502,8.068543955107214e-05,2.2305454642175129e-07,2.2577638938033553e-07,7.662867898069619e-08,3.9893666214442404e-05
149.5515171000734,569243.7693777,-1.139376499999898,2.4166900000000093,12.324145999999992,-0.8957908148224789,2.4472229212504844,13.45400992735108,0.2570408800000012,0.0156686400000005,-0.0039638799999988,13.704076923874716,1.0,2406.65,0.0,0.0,0.0,0.0,0.0,13.763482282408194,8.068543955107214e-05,2.2305454642175129e-07,2.2577638938033553e-07,7.662867898069619e-08,3.9893666214442404e-05
149.6614812000189,569243.8793418,-1.034376499999898,2.341690000000009,11.724145999999992,-0.9289207239531776,2.4219945140968204,13.040473459654248,0.2422408800000012,0.0136686400000005,-0.0043638799999988,13.295973044108193,1.0,2250.24,0.0,0.0,0.0,0.0,0.0,12.77675702072769,8.068543955107214e-05,2.2305454642175129e-07,2.2577638938033553e-07,7.662867898069619e-08,3.9893666214442404e-05
149.7715765000321,569243.9894371,-1.2993764999998976,2.171690000000009,11.824145999999992,-1.0174808532454491,2.3621574118996143,12.74970159414786,0.2450408800000012,0.0112686400000005,-0.0107638799999988,13.006534729324713,1.0,2219.45,0.0,0.0,0.0,0.0,0.0,12.59130203136272,8.068543955107214e-05,2.2305454642175129e-07,2.2577638938033553e-07,7.662867898069619e-08,3.9893666214442404e-05
149.88234120002016,569244.1002018,-1.114376499999898,2.4816900000000093,12.874145999999993,-1.04064445753853,2.3907325405418947,12.779450928304753,0.2662408800000012,0.0160686400000005,-0.0071638799999988,13.042733954058892,1.0,2262.46,0.0,0.0,0.0,0.0,0.0,12.85111196573928,8.068543955107214e-05,2.2305454642175129e-07,2.2577638938033553e-07,7.662867898069619e-08,3.9893666214442404e-05
149.98463600000832,569244.2024966,-1.159376499999898,2.681690000000009,13.529145999999992,-1.0690282099629709,2.460288022988771,12.958670950698831,0.2786408800000012,0.0188686400000005,-0.0051638799999988,13.23340437220311,1.0,2391.98,0.0,0.0,0.0,0.0,0.0,13.667517643378545,8.068543955107214e-05,2.2305454642175129e-07,2.2577638938033553e-07,7.662867898069619e-08,3.9893666214442404e-05
150.0957282000454,569244.3135888,-1.2043764999998978,2.761690000000009,13.829145999999993,-1.101384196399653,2.5323403428038502,13.166764299207143,0.2846408800000012,0.0204686400000005,-0.0031638799999988,13.453232952370469,1.0,2474.1,0.0,0.0,0.0,0.0,0.0,14.21475756311526,8.068543955107214e-05,2.2305454642175129e-07,2.2577638938033553e-07,7.662867898069619e-08,3.9893666214442404e-05
150.20571989996824,569244.4235805,-1.1943764999998976,2.696690000000009,14.219145999999991,-1.1236146783154894,2.5716293155545324,13.418343746777376,0.2966408800000012,0.0204686400000005,-0.0035638799999988,13.708673757465563,1.0,2507.33,0.0,0.0,0.0,0.0,0.0,14.443476013149965,8.068543955107214e-05,2.2305454642175129e-07,2.2577638938033553e-07,7.662867898069619e-08,3.9893666214442404e-05
150.31652390002273,569244.5343845,-1.139376499999898,2.8316900000000094,14.759145999999992,-1.1273826556464108,2.6337987007483634,13.738872210843727,0.3094408800000012,0.0220686400000005,-0.0023638799999988,14.034404044141317,1.0,2537.63,0.0,0.0,0.0,0.0,0.0,14.655930234580623,8.068543955107214e-05,2.2305454642175129e-07,2.2577638938033553e-07,7.662867898069619e-08,3.9893666214442404e-05
150.42745459999423,569244.6453152,-1.0493764999998976,2.8916900000000094,15.319145999999993,-1.108734720653012,2.695449478740815,14.116648075424168,0.3238408800000012,0.0236686400000005,-0.0015638799999988,14.414384949022365,1.0,2608.5,0.0,0.0,0.0,0.0,0.0,15.168318321085222,8.068543955107214e-05,2.2305454642175129e-07,2.2577638938033553e-07,7.662867898069619e-08,3.9893666214442404e-05
150.5382387000136,569244.7560993,-1.034376499999898,2.826690000000009,15.249145999999993,-1.0909588508710475,2.726823473378257,14.387379885018133,0.3242408800000012,0.0280686400000005,0.0008361200000011,14.684088579993135,1.0,2630.99,0.0,0.0,0.0,0.0,0.0,15.335719559879188,8.068543955107214e-05,2.2305454642175129e-07,2.2577638938033553e-07,7.662867898069619e-08,3.9893666214442404e-05
150.64899989997502,569244.8668605,-0.9243764999998976,2.866690000000009,15.299145999999991,-1.0511361365692489,2.760259576908524,14.605344161048,0.3242408800000012,0.0276686400000005,0.0032361200000011,14.901006616070466,1.0,2641.25,0.0,0.0,0.0,0.0,0.0,15.4128947355343,8.068543955107214e-05,2.2305454642175129e-07,2.2577638938033553e-07,7.662867898069619e-08,3.9893666214442404e-05
150.759024900035,569244.9768855,-0.8893764999998979,2.8916900000000094,15.609145999999992,-1.0124663269587058,2.7916789689507526,14.845310241723164,0.3326408800000012,0.0308686400000005,0.0032361200000011,15.13941199987364,1.0,2640.76,0.0,0.0,0.0,0.0,0.0,15.409197316847509,8.068543955107214e-05,2.2305454642175129e-07,2.2577638938033553e-07,7.662867898069619e-08,3.9893666214442404e-05
150.86982799996622,569245.0876886,-0.884376499999898,3.0416900000000093,15.609145999999992,-0.9818455285531597,2.8514459119054334,15.027910697391388,0.3322408800000012,0.0308686400000005,0.0056361200000011,15.32751983718281,1.0,2670.09,0.0,0.0,0.0,0.0,0.0,15.632614390756466,8.068543955107214e-05,2.2305454642175129e-07,2.2577638938033553e-07,7.662867898069619e-08,3.9893666214442404e-05
150.98075059999246,569245.1986112,-0.9593764999998976,2.651690000000009,15.404145999999994,-0.9764741449699876,2.803692818205501,15.117852464257329,0.3326408800000012,0.0296686400000005,0.0028361200000011,15.406610863707286,1.0,2676.93,0.0,0.0,0.0,0.0,0.0,15.68534202384888,8.068543955107214e-05,2.2305454642175129e-07,2.2577638938033553e-07,7.662867898069619e-08,3.9893666214442404e-05
151.09236680006143,569245.3102274,-0.7943764999998977,2.821690000000009,15.784145999999993,-0.9329423875373932,2.8079951745181133,15.277134747021718,0.3386408800000012,0.0336686400000005,0.0036361200000011,15.56104316802827,1.0,2681.82,0.0,0.0,0.0,0.0,0.0,15.723185437935667,8.068543955107214e-05,2.2305454642175129e-07,2.2577638938033553e-07,7.662867898069619e-08,3.9893666214442404e-05
151.20235819998197,569245.4202188,-0.8043764999998979,2.971690000000009,16.404145999999994,-0.9022077834116357,2.847127605017252,15.546554928136707,0.3514408800000012,0.0352686400000005,0.0068361200000011,15.83083966873746,1.0,2700.39,0.0,0.0,0.0,0.0,0.0,15.868036653138692,8.068543955107214e-05,2.2305454642175129e-07,2.2577638938033553e-07,7.662867898069619e-08,3.9893666214442404e-05
151.31242840003688,569245.530289,-0.7643764999998979,3.046690000000009,16.409145999999993,-0.8692582194725276,2.894834437098929,15.752763554887713,0.3486408800000012,0.0316686400000005,0.0088361200000011,16.040113337708465,1.0,2722.87,0.0,0.0,0.0,0.0,0.0,16.045854803507833,8.068543955107214e-05,2.2305454642175129e-07,2.2577638938033553e-07,7.662867898069619e-08,3.9893666214442404e-05
151.4223992000334,569245.6402598,-0.8193764999998976,2.866690000000009,16.319145999999993,-0.8573336341064735,2.888106306105976,15.888161369718087,0.3474408800000012,0.0280686400000005,0.0088361200000011,16.171266206013104,1.0,2744.87,0.0,0.0,0.0,0.0,0.0,16.22257568511994,8.068543955107214e-05,2.2305454642175129e-07,2.2577638938033553e-07,7.662867898069619e-08,3.9893666214442404e-05
151.52468370005954,569245.7425443,-0.719376499999898,3.0016900000000093,16.709145999999993,-0.8243539846496681,2.9152593086157297,16.08442367606033,0.3570408800000012,0.0316686400000005,0.0128361200000011,16.36725332239617,1.0,2752.69,0.0,0.0,0.0,0.0,0.0,16.286052128844563,8.068543955107214e-05,2.2305454642175129e-07,2.2577638938033553e-07,7.662867898069619e-08,3.9893666214442404e-05
151.63577300007455,569245.8536336,-0.5543764999998979,3.1066900000000093,17.12914599999999,-0.7598139167318968,2.96102219821193,16.33417209426545,0.3662408800000012,0.0352686400000005,0.0180361200000011,16.617766024693076,1.0,2777.13,0.0,0.0,0.0,0.0,0.0,16.486729990363337,8.068543955107214e-05,2.2305454642175129e-07,2.2577638938033553e-07,7.662867898069619e-08,3.9893666214442404e-05
151.745659600012,569245.9635202,-0.6943764999998976,3.0416900000000093,16.799145999999993,-0.7441706295676894,2.980306418942165,16.445327465221766,0.3586408800000012,0.0288686400000005,0.0112361200000011,16.729758268279802,1.0,2793.74,0.0,0.0,0.0,0.0,0.0,16.625148579255374,8.068543955107214e-05,2.2305454642175129e-07,2.2577638938033553e-07,7.662867898069619e-08,3.9893666214442404e-05
151.85565320006572,569246.0735138,-0.8343764999998977,2.906690000000009,16.179145999999992,-0.7657349945065985,2.962707882217692,16.381694863169223,0.3446408800000012,0.0276686400000005,0.0096361200000011,16.665050695006954,1.0,2794.23,0.0,0.0,0.0,0.0,0.0,16.62925748561495,8.068543955107214e-05,2.2305454642175129e-07,2.2577638938033553e-07,7.662867898069619e-08,3.9893666214442404e-05
151.96737500000745,569246.1852356,-0.9143764999998978,2.806690000000009,15.529145999999994,-0.8012688201231395,2.925410680461113,16.177886898947538,0.3318408800000012,0.0252686400000005,0.0052361200000011,16.459771683914568,1.0,2732.16,0.0,0.0,0.0,0.0,0.0,16.120148330632446,8.068543955107214e-05,2.2305454642175129e-07,2.2577638938033553e-07,7.662867898069619e-08,3.9893666214442404e-05
152.0782094000606,569246.29607,-0.7893764999998978,2.7266900000000094,15.474145999999994,-0.7984258750921878,2.8779050663160546,16.009652553503848,0.3306408800000012,0.0276686400000005,0.0068361200000011,16.285846503410767,1.0,2693.55,0.0,0.0,0.0,0.0,0.0,15.814471239802138,8.068543955107214e-05,2.2305454642175129e-07,2.2577638938033553e-07,7.662867898069619e-08,3.9893666214442404e-05
152.18906880007123,569246.4069294,-0.8543764999998977,2.786690000000009,15.289145999999992,-0.8118012761419079,2.856099445811076,15.83741025722991,0.3270408800000012,0.0240686400000005,0.0052361200000011,16.113345059673957,1.0,2686.71,0.0,0.0,0.0,0.0,0.0,15.761153065148845,8.068543955107214e-05,2.2305454642175129e-07,2.2577638938033553e-07,7.662867898069619e-08,3.9893666214442404e-05
152.2998549999902,569246.5177156,-0.8593764999998976,2.931690000000009,15.279145999999994,-0.8231744770700559,2.874169913826676,15.703953153855442,0.3234408800000012,0.0236686400000005,0.0060361200000011,15.986013060539277,1.0,2686.71,0.0,0.0,0.0,0.0,0.0,15.761153065148845,8.068543955107214e-05,2.2305454642175129e-07,2.2577638938033553e-07,7.662867898069619e-08,3.9893666214442404e-05
152.41150509996805,569246.6293657,-0.7293764999998977,2.8966900000000093,15.009145999999992,-0.8007513930913648,2.8795535031027466,15.537854484709914,0.3154408800000012,0.0232686400000005,0.0032361200000011,15.82270372467326,1.0,2703.81,0.0,0.0,0.0,0.0,0.0,15.894912853021513,8.068543955107214e-05,2.2305454642175129e-07,2.2577638938033553e-07,7.662867898069619e-08,3.9893666214442404e-05
152.52235119999386,569246.7402118,-0.6993764999998979,2.846690000000009,14.859145999999992,-0.7765169926050883,2.871697245292885,15.375604318714142,0.3110408800000012,0.0216686400000005,0.0076361200000011,15.660741740865538,1.0,2709.68,0.0,0.0,0.0,0.0,0.0,15.941188923206928,8.068543955107214e-05,2.2305454642175129e-07,2.2577638938033553e-07,7.662867898069619e-08,3.9893666214442404e-05
152.62457530002575,569246.8424359,-0.8393764999998976,2.6416900000000094,14.529145999999992,-0.7915440119204269,2.816712351822827,15.173252343140163,0.3066408800000012,0.0204686400000005,0.0044361200000011,15.45276664757243,1.0,2692.57,0.0,0.0,0.0,0.0,0.0,15.80681697017339,8.068543955107214e-05,2.2305454642175129e-07,2.2577638938033553e-07,7.662867898069619e-08,3.9893666214442404e-05
152.73566820006818,569246.9535288,-0.6693764999998977,2.656690000000009,14.124145999999993,-0.7623389857052796,2.778457852680412,14.922455893476712,0.2990408800000012,0.0212686400000005,0.0056361200000011,15.19804851489182,1.0,2659.34,0.0,0.0,0.0,0.0,0.0,15.550227573614036,8.068543955107214e-05,2.2305454642175129e-07,2.2577638938033553e-07,7.662867898069619e-08,3.9893666214442404e-05
152.84576870000456,569247.0636293,-0.8193764999998976,2.5416900000000093,13.784145999999993,-0.775974215514206,2.72185678717837,14.65033469073359,0.2926408800000012,0.0196686400000005,0.0020361200000011,14.921224711918386,1.0,2549.36,0.0,0.0,0.0,0.0,0.0,14.739211922432268,8.068543955107214e-05,2.2305454642175129e-07,2.2577638938033553e-07,7.662867898069619e-08,3.9893666214442404e-05
152.956536600017,569247.1743972,-0.7893764999998978,2.591690000000009,13.994145999999992,-0.7791781284333961,2.6907394764291874,14.493468044162082,0.2966408800000012,0.0208686400000005,0.0064361200000011,14.76170089904923,1.0,2566.47,0.0,0.0,0.0,0.0,0.0,14.861755135971197,8.068543955107214e-05,2.2305454642175129e-07,2.2577638938033553e-07,7.662867898069619e-08,3.9893666214442404e-05
153.0666319000302,569247.2844925,-0.7543764999998976,2.511690000000009,14.134145999999992,-0.77324911999906,2.6479364057050807,14.407569513902576,0.2994408800000012,0.0216686400000005,0.0064361200000011,14.6692719897128,1.0,2599.22,0.0,0.0,0.0,0.0,0.0,15.099937363168118,8.068543955107214e-05,2.2305454642175129e-07,2.2577638938033553e-07,7.662867898069619e-08,3.9893666214442404e-05
153.17743240005802,569247.395293,-0.6943764999998976,2.696690000000009,14.399145999999991,-0.7543940504431593,2.659591304598268,14.405555812055978,0.3026408800000012,0.0196686400000005,0.0064361200000011,14.668420996995502,1.0,2629.52,0.0,0.0,0.0,0.0,0.0,15.32470408730148,8.068543955107214e-05,2.2305454642175129e-07,2.2577638938033553e-07,7.662867898069619e-08,3.9893666214442404e-05
153.28912259999197,569247.5069832,-0.6593764999998979,2.7666900000000094,14.769145999999992,-0.7316794186399047,2.685194021373335,14.492474672917965,0.3094408800000012,0.0236686400000005,0.0084361200000011,14.757284433433169,1.0,2680.84,0.0,0.0,0.0,0.0,0.0,15.715591353363596,8.068543955107214e-05,2.2305454642175129e-07,2.2577638938033553e-07,7.662867898069619e-08,3.9893666214442404e-05
153.39989420003258,569247.6177548,-0.739376499999898,2.7266900000000094,14.759145999999992,-0.7335194615397302,2.6951139348148363,14.55622437998677,0.3114408800000012,0.0224686400000005,0.0088361200000011,14.821786603598497,1.0,2695.01,0.0,0.0,0.0,0.0,0.0,15.825883954322132,8.068543955107214e-05,2.2305454642175129e-07,2.2577638938033553e-07,7.662867898069619e-08,3.9893666214442404e-05
153.51073500001803,569247.7285956,-0.6293764999998976,2.6666900000000093,14.774145999999991,-0.7086233342954232,2.688318987873912,14.608320117431871,0.3126408800000012,0.0252686400000005,0.0120361200000011,14.870515211781877,1.0,2692.08,0.0,0.0,0.0,0.0,0.0,15.802991736275422,8.068543955107214e-05,2.2305454642175129e-07,2.2577638938033553e-07,7.662867898069619e-08,3.9893666214442404e-05
153.62165270000696,569247.8395133,-0.6943764999998976,2.826690000000009,15.019145999999992,-0.7052175256434933,2.721397577860978,14.706531012306018,0.3194408800000012,0.0224686400000005,0.0100361200000011,14.972821743117796,1.0,2696.97,0.0,0.0,0.0,0.0,0.0,15.84122288639558,8.068543955107214e-05,2.2305454642175129e-07,2.2577638938033553e-07,7.662867898069619e-08,3.9893666214442404e-05
153.73156430001836,569247.9494249,-0.5993764999998978,2.761690000000009,15.064145999999994,-0.6799154639090277,2.7310297724300843,14.79202145838571,0.3198408800000012,0.0252686400000005,0.0128361200000011,15.05738049865598,1.0,2713.59,0.0,0.0,0.0,0.0,0.0,15.972116723935656,8.068543955107214e-05,2.2305454642175129e-07,2.2577638938033553e-07,7.662867898069619e-08,3.9893666214442404e-05
153.8415929999901,569248.0594536,-0.594376499999898,2.786690000000009,15.179145999999992,-0.6594667566863762,2.7443357518984897,14.88456637649558,0.3222408800000012,0.0232686400000005,0.0116361200000011,15.149804993419073,1.0,2720.92,0.0,0.0,0.0,0.0,0.0,16.030321053565807,8.068543955107214e-05,2.2305454642175129e-07,2.2577638938033553e-07,7.662867898069619e-08,3.9893666214442404e-05
153.9523933000164,569248.1702539,-0.6043764999998977,2.786690000000009,15.234145999999992,-0.6462970328749065,2.754460840857757,14.968135910721417,0.3254408800000012,0.0244686400000005,0.0132361200000011,15.233182432451525,1.0,2720.92,0.0,0.0,0.0,0.0,0.0,16.030321053565807,8.068543955107214e-05,2.2305454642175129e-07,2.2577638938033553e-07,7.662867898069619e-08,3.9893666214442404e-05
154.06237649999093,569248.2802371,-0.6443764999998978,2.691690000000009,15.259145999999994,-0.6458379156179538,2.7394550179185955,15.03770397470705,0.3266408800000012,0.0228686400000005,0.0144361200000011,15.298832022065255,1.0,2717.01,0.0,0.0,0.0,0.0,0.0,15.999236866555174,8.068543955107214e-05,2.2305454642175129e-07,2.2577638938033553e-07,7.662867898069619e-08,3.9893666214442404e-05
154.17241880006625,569248.3902794,-0.5443764999998977,2.571690000000009,14.814145999999992,-0.6215828312966911,2.699349578515981,14.984260825957552,0.3186408800000012,0.0216686400000005,0.0140361200000011,15.23814049887726,1.0,2709.19,0.0,0.0,0.0,0.0,0.0,15.937318903997166,8.068543955107214e-05,2.2305454642175129e-07,2.2577638938033553e-07,7.662867898069619e-08,3.9893666214442404e-05
154.27568489999976,569248.4935455,-0.614376499999898,2.4816900000000093,14.524145999999991,-0.6198601057444609,2.64731648398368,14.874267053122022,0.3130408800000012,0.0204686400000005,0.0140361200000011,15.120725230115667,1.0,2664.71,0.0,0.0,0.0,0.0,0.0,15.591309469250685,8.068543955107214e-05,2.2305454642175129e-07,2.2577638938033553e-07,7.662867898069619e-08,3.9893666214442404e-05
154.3882266000146,569248.6060872,-0.614376499999898,2.381690000000009,14.344145999999991,-0.61854921017979,2.583816554205075,14.747537785985095,0.3110408800000012,0.0184686400000005,0.0100361200000011,14.984945173748764,1.0,2633.92,0.0,0.0,0.0,0.0,0.0,15.357706704864484,8.068543955107214e-05,2.2305454642175129e-07,2.2577638938033553e-07,7.662867898069619e-08,3.9893666214442404e-05
154.4982219999656,569248.7160826,-0.5793764999998978,2.3766900000000093,14.514145999999991,-0.6091846908428789,2.534301455220763,14.691743793613956,0.3138408800000012,0.0196686400000005,0.0128361200000011,14.921163679508563,1.0,2599.71,0.0,0.0,0.0,0.0,0.0,15.103538014226373,8.068543955107214e-05,2.2305454642175129e-07,2.2577638938033553e-07,7.662867898069619e-08,3.9893666214442404e-05
154.6123889000155,569248.8302495,-0.2843764999998976,2.046690000000009,13.614145999999993,-0.5315369465339451,2.417734414534922,14.434136256903598,0.2958408800000012,0.0232686400000005,0.0180361200000011,14.644871481430492,1.0,2583.58,0.0,0.0,0.0,0.0,0.0,14.985588268766294,8.068543955107214e-05,2.2305454642175129e-07,2.2577638938033553e-07,7.662867898069619e-08,3.9893666214442404e-05
154.7146733000409,569248.9325339,-0.3043764999998977,2.006690000000009,13.294145999999992,-0.4772326008713515,2.319471278015525,14.161613351144986,0.2902408800000012,0.0224686400000005,0.0152361200000011,14.358237728642097,1.0,2527.86,0.0,0.0,0.0,0.0,0.0,14.587009280188907,8.068543955107214e-05,2.2305454642175129e-07,2.2577638938033553e-07,7.662867898069619e-08,3.9893666214442404e-05
154.82500700000674,569249.0428676,-0.3343764999998977,2.0716900000000096,13.799145999999991,-0.4430818180211733,2.2602373736304275,14.074962912530744,0.2978408800000012,0.0236686400000005,0.0168361200000011,14.26217288745767,1.0,2524.93,0.0,0.0,0.0,0.0,0.0,14.566417986835473,8.068543955107214e-05,2.2305454642175129e-07,2.2577638938033553e-07,7.662867898069619e-08,3.9893666214442404e-05
154.934777699993,569249.1526383,-0.3493764999998978,2.136690000000009,14.029145999999992,-0.4206808848574506,2.230702481505947,14.064010048626727,0.3010408800000012,0.0240686400000005,0.0176361200000011,14.246030486270724,1.0,2588.95,0.0,0.0,0.0,0.0,0.0,15.024724396374511,8.068543955107214e-05,2.2305454642175129e-07,2.2577638938033553e-07,7.662867898069619e-08,3.9893666214442404e-05
155.04565730004106,569249.2635179,-0.5793764999998978,2.1466900000000093,13.594145999999991,-0.4586182180125943,2.2106186909284933,13.951685653687544,0.2910408800000012,0.0148686400000005,0.0116361200000011,14.133177216956076,1.0,2576.25,0.0,0.0,0.0,0.0,0.0,14.932377683136602,8.068543955107214e-05,2.2305454642175129e-07,2.2577638938033553e-07,7.662867898069619e-08,3.9893666214442404e-05
155.15739700000267,569249.3752576,-0.5993764999998978,2.181690000000009,13.314145999999992,-0.4922675021046894,2.2037030783924383,13.79927719413528,0.2830408800000012,0.0116686400000005,0.0084361200000011,13.982799634977493,1.0,2558.16,0.0,0.0,0.0,0.0,0.0,14.802079033231186,8.068543955107214e-05,2.2305454642175129e-07,2.2577638938033553e-07,7.662867898069619e-08,3.9893666214442404e-05
155.26822229998652,569249.4860829,-0.6243764999998977,2.261690000000009,13.324145999999992,-0.5238491123555081,2.217565270877675,13.685693650014466,0.2810408800000012,0.0088686400000005,0.0068361200000011,13.874084629450865,1.0,2553.27,0.0,0.0,0.0,0.0,0.0,14.767103551968738,8.068543955107214e-05,2.2305454642175129e-07,2.2577638938033553e-07,7.662867898069619e-08,3.9893666214442404e-05
155.3787156000035,569249.5965762,-0.5743764999998979,2.466690000000009,13.724145999999992,-0.5359280493620769,2.277120336954425,13.694885962043312,0.2894408800000012,0.0132686400000005,0.0084361200000011,13.893250066720723,1.0,2572.82,0.0,0.0,0.0,0.0,0.0,14.907560899583718,8.068543955107214e-05,2.2305454642175129e-07,2.2577638938033553e-07,7.662867898069619e-08,3.9893666214442404e-05
155.49009540001862,569249.707956,-0.5993764999998978,2.3516900000000094,13.584145999999992,-0.5510958598139541,2.294946753567687,13.668412774174485,0.2862408800000012,0.0144686400000005,0.0092361200000011,13.870688339575333,1.0,2608.5,0.0,0.0,0.0,0.0,0.0,15.168318321085222,8.068543955107214e-05,2.2305454642175129e-07,2.2577638938033553e-07,7.662867898069619e-08,3.9893666214442404e-05
155.60166150005534,569249.8195221,-0.6443764999998978,2.3716900000000094,13.284145999999993,-0.5733952706734334,2.3132927809906687,13.576551026014492,0.2786408800000012,0.0152686400000005,0.0080361200000011,13.784151892263424,1.0,2612.41,0.0,0.0,0.0,0.0,0.0,15.197249930695362,8.068543955107214e-05,2.2305454642175129e-07,2.2577638938033553e-07,7.662867898069619e-08,3.9893666214442404e-05
155.71322869998403,569249.9310893,-0.5543764999998979,2.441690000000009,13.094145999999991,-0.5688486961597297,2.343987063686375,13.461228619839623,0.2742408800000012,0.0164686400000005,0.0060361200000011,13.675618455830108,1.0,2587.0,0.0,0.0,0.0,0.0,0.0,15.010497842929922,8.068543955107214e-05,2.2305454642175129e-07,2.2577638938033553e-07,7.662867898069619e-08,3.9893666214442404e-05
155.8232619999908,569250.0411226,-0.614376499999898,2.431690000000009,12.894145999999992,-0.5797324465428523,2.364953084144018,13.325663423182888,0.2678408800000012,0.0152686400000005,0.0056361200000011,13.546305712914172,1.0,2564.03,0.0,0.0,0.0,0.0,0.0,14.844201515755573,8.068543955107214e-05,2.2305454642175129e-07,2.2577638938033553e-07,7.662867898069619e-08,3.9893666214442404e-05
155.9332041000016,569250.1510647,-0.5343764999998979,2.3566900000000093,13.024145999999991,-0.5688897798880588,2.362977734190089,13.253583505126532,0.2702408800000012,0.0168686400000005,0.0088361200000011,13.474597399599787,1.0,2566.96,0.0,0.0,0.0,0.0,0.0,14.865283408148015,8.068543955107214e-05,2.2305454642175129e-07,2.2577638938033553e-07,7.662867898069619e-08,3.9893666214442404e-05
156.03556200000455,569250.2534226,-0.5343764999998979,2.4566900000000094,13.254145999999992,-0.5606391310202964,2.385380328272876,13.253717973589277,0.2738408800000012,0.0144686400000005,0.0104361200000011,13.47833059652366,1.0,2597.75,0.0,0.0,0.0,0.0,0.0,15.089142053183698,8.068543955107214e-05,2.2305454642175129e-07,2.2577638938033553e-07,7.662867898069619e-08,3.9893666214442404e-05
156.14657109999098,569250.3644317,-0.4193764999998977,2.431690000000009,13.474145999999992,-0.5268692786486188,2.3964509898222865,13.306412885589005,0.2786408800000012,0.0172686400000005,0.0132361200000011,13.530749885544887,1.0,2660.31,0.0,0.0,0.0,0.0,0.0,15.557637563843947,8.068543955107214e-05,2.2305454642175129e-07,2.2577638938033553e-07,7.662867898069619e-08,3.9893666214442404e-05
156.2573848000029,569250.4752454,-0.4743764999998978,2.2466900000000094,13.084145999999992,-0.5143205007252452,2.3606495433901844,13.2532783810195,0.2726408800000012,0.0128686400000005,0.0112361200000011,13.47169550164245,1.0,2626.59,0.0,0.0,0.0,0.0,0.0,15.3027791037473,8.068543955107214e-05,2.2305454642175129e-07,2.2577638938033553e-07,7.662867898069619e-08,3.9893666214442404e-05
156.3682351000607,569250.5860957,-0.4843764999998976,2.3216900000000096,13.274145999999991,-0.5071621710480472,2.351335983114189,13.258266936076344,0.2762408800000012,0.0152686400000005,0.0164361200000011,13.474703578241892,1.0,2613.39,0.0,0.0,0.0,0.0,0.0,15.20451257906333,8.068543955107214e-05,2.2305454642175129e-07,2.2577638938033553e-07,7.662867898069619e-08,3.9893666214442404e-05
156.47908389999066,569250.6969445,-0.4993764999998977,2.406690000000009,13.259145999999992,-0.5053009501433304,2.3645687607066126,13.258477082657308,0.2738408800000012,0.0088686400000005,0.0144361200000011,13.477155821080142,1.0,2626.1,0.0,0.0,0.0,0.0,0.0,15.2991164919364,8.068543955107214e-05,2.2305454642175129e-07,2.2577638938033553e-07,7.662867898069619e-08,3.9893666214442404e-05
156.58906410005875,569250.8069247,-0.3393764999998978,2.3516900000000094,13.424145999999991,-0.4656355117629113,2.361489999928545,13.29808143407584,0.2786408800000012,0.0116686400000005,0.0120361200000011,13.514156328712858,1.0,2659.82,0.0,0.0,0.0,0.0,0.0,15.553893781238566,8.068543955107214e-05,2.2305454642175129e-07,2.2577638938033553e-07,7.662867898069619e-08,3.9893666214442404e-05
156.69907249999233,569250.9169331,-0.509376499999898,2.281690000000009,13.314145999999992,-0.4760921109688331,2.3424132335014964,13.301921784604176,0.2778408800000012,0.0112686400000005,0.0120361200000011,13.51498008205476,1.0,2661.78,0.0,0.0,0.0,0.0,0.0,15.56887616808485,8.068543955107214e-05,2.2305454642175129e-07,2.2577638938033553e-07,7.662867898069619e-08,3.9893666214442404e-05
156.80916020006407,569251.0270208,-0.2893764999998978,2.3116900000000093,13.614145999999993,-0.4314563954058261,2.335068622600288,13.376561238680727,0.2854408800000012,0.0156686400000005,0.0140361200000011,13.585694338736047,1.0,2653.96,0.0,0.0,0.0,0.0,0.0,15.509214562518668,8.068543955107214e-05,2.2305454642175129e-07,2.2577638938033553e-07,7.662867898069619e-08,3.9893666214442404e-05
156.92075399996247,569251.1386146,-0.2243764999998978,2.201690000000009,13.694145999999993,-0.3819524505444931,2.303183499392447,13.452482169982774,0.2894408800000012,0.0152686400000005,0.0156361200000011,13.653564312664113,1.0,2664.71,0.0,0.0,0.0,0.0,0.0,15.591309469250685,8.068543955107214e-05,2.2305454642175129e-07,2.2577638938033553e-07,7.662867898069619e-08,3.9893666214442404e-05
157.0317305000499,569251.2495911,-0.1893764999998977,2.1966900000000096,13.519145999999992,-0.3359157784731129,2.2777254590951044,13.468418640101945,0.2878408800000012,0.0168686400000005,0.0172361200000011,13.663790592009333,1.0,2669.6,0.0,0.0,0.0,0.0,0.0,15.628846317745957,8.068543955107214e-05,2.2305454642175129e-07,2.2577638938033553e-07,7.662867898069619e-08,3.9893666214442404e-05
157.14324740006123,569251.361108,-0.1893764999998977,2.1266900000000093,13.599145999999992,-0.3008845054113926,2.2416193415770653,13.499669959809127,0.2890408800000012,0.0172686400000005,0.0184361200000011,13.687822243947428,1.0,2655.43,0.0,0.0,0.0,0.0,0.0,15.520406335628703,8.068543955107214e-05,2.2305454642175129e-07,2.2577638938033553e-07,7.662867898069619e-08,3.9893666214442404e-05
157.2455057000043,569251.4633663,-0.2143764999998978,2.111690000000009,13.729145999999991,-0.2802041418176222,2.21055879391409,13.55452786486233,0.2926408800000012,0.0164686400000005,0.0156361200000011,13.736459157358276,1.0,2664.22,0.0,0.0,0.0,0.0,0.0,15.587554801042712,8.068543955107214e-05,2.2305454642175129e-07,2.2577638938033553e-07,7.662867898069619e-08,3.9893666214442404e-05
157.3555627000751,569251.5734233,-0.1443764999998977,2.2316900000000093,14.109145999999992,-0.24773356287509,2.215610361372535,13.687113336412477,0.2994408800000012,0.0192686400000005,0.0192361200000011,13.867493381119615,1.0,2682.31,0.0,0.0,0.0,0.0,0.0,15.726984350591051,8.068543955107214e-05,2.2305454642175129e-07,2.2577638938033553e-07,7.662867898069619e-08,3.9893666214442404e-05
157.46739340003114,569251.685254,-0.1793764999998977,2.3316900000000094,14.164145999999992,-0.2313923132099652,2.2433600375005507,13.801151440541318,0.2998408800000012,0.0168686400000005,0.0184361200000011,13.98420493790129,1.0,2703.81,0.0,0.0,0.0,0.0,0.0,15.894912853021513,8.068543955107214e-05,2.2305454642175129e-07,2.2577638938033553e-07,7.662867898069619e-08,3.9893666214442404e-05
157.57905890000984,569251.7969195,-0.0993764999998978,2.2316900000000093,14.059145999999991,-0.1998329794312593,2.2405702307362385,13.862826903632172,0.2998408800000012,0.0208686400000005,0.0212361200000011,14.04414675010902,1.0,2717.5,0.0,0.0,0.0,0.0,0.0,16.0031277337634,8.068543955107214e-05,2.2305454642175129e-07,2.2577638938033553e-07,7.662867898069619e-08,3.9893666214442404e-05
157.68913030007388,569251.9069909,-0.2443764999998978,2.1416900000000094,13.609145999999992,-0.2104814297882436,2.216932197306451,13.802182651126811,0.2906408800000012,0.0208686400000005,0.0212361200000011,13.980677263094432,1.0,2676.44,0.0,0.0,0.0,0.0,0.0,15.681556756346085,8.068543955107214e-05,2.2305454642175129e-07,2.2577638938033553e-07,7.662867898069619e-08,3.9893666214442404e-05
157.79995300003793,569252.0178136,-0.0443764999998976,2.236690000000009,14.079145999999993,-0.1707728464449933,2.221655442763021,13.868392740350352,0.2998408800000012,0.0268686400000005,0.0240361200000011,14.046253360666816,1.0,2671.55,0.0,0.0,0.0,0.0,0.0,15.64384898298436,8.068543955107214e-05,2.2305454642175129e-07,2.2577638938033553e-07,7.662867898069619e-08,3.9893666214442404e-05
157.91161579999607,569252.1294764,0.0106235000001022,2.1466900000000093,13.904145999999992,-0.1274087394907062,2.203734412149349,13.876939815337227,0.2982408800000012,0.0284686400000005,0.0244361200000011,14.051410498048991,1.0,2707.23,0.0,0.0,0.0,0.0,0.0,15.921851801064108,8.068543955107214e-05,2.2305454642175129e-07,2.2577638938033553e-07,7.662867898069619e-08,3.9893666214442404e-05
158.0216127000749,569252.2394733,-0.1643764999998977,2.0166900000000094,13.394145999999992,-0.1362461496811384,2.1590200942890347,13.761524466266296,0.2886408800000012,0.0272686400000005,0.0212361200000011,13.930523551413732,1.0,2638.32,0.0,0.0,0.0,0.0,0.0,15.390803161659349,8.068543955107214e-05,2.2305454642175129e-07,2.2577638938033553e-07,7.662867898069619e-08,3.9893666214442404e-05
158.13161350006703,569252.3494741,-0.1993764999998977,2.1866900000000093,13.104145999999991,-0.1513379159539111,2.16563478512587,13.60437339525922,0.2802408800000012,0.0256686400000005,0.0200361200000011,13.776496385692166,1.0,2587.49,0.0,0.0,0.0,0.0,0.0,15.014071096551024,8.068543955107214e-05,2.2305454642175129e-07,2.2577638938033553e-07,7.662867898069619e-08,3.9893666214442404e-05
158.24138220003806,569252.4592428,-0.3243764999998977,2.2116900000000093,13.339145999999992,-0.1927040394334694,2.176644616926476,13.540968870523054,0.2834408800000012,0.0244686400000005,0.0148361200000011,13.71614940818608,1.0,2581.62,0.0,0.0,0.0,0.0,0.0,14.971336416532683,8.068543955107214e-05,2.2305454642175129e-07,2.2577638938033553e-07,7.662867898069619e-08,3.9893666214442404e-05
158.35155020002276,569252.5694108,-0.2893764999998978,2.406690000000009,13.289145999999992,-0.2158142894560935,2.231638627508492,13.480768794254136,0.2806408800000012,0.0240686400000005,0.0180361200000011,13.66593992579572,1.0,2604.59,0.0,0.0,0.0,0.0,0.0,15.139458177042675,8.068543955107214e-05,2.2305454642175129e-07,2.2577638938033553e-07,7.662867898069619e-08,3.9893666214442404e-05
158.46241829998326,569252.6802789,-0.2793764999998978,2.131690000000009,12.494145999999992,-0.2310092950352534,2.2077451861126147,13.24490948830872,0.2630408800000012,0.0224686400000005,0.0156361200000011,13.429636311333471,1.0,2585.04,0.0,0.0,0.0,0.0,0.0,14.996215708687796,8.068543955107214e-05,2.2305454642175129e-07,2.2577638938033553e-07,7.662867898069619e-08,3.9893666214442404e-05
158.57242870004848,569252.7902893,-0.3193764999998978,2.056690000000009,11.834145999999992,-0.2521341137123379,2.17163435270854,12.907656285622307,0.2470408800000012,0.0216686400000005,0.0156361200000011,13.091491823353303,1.0,2418.38,0.0,0.0,0.0,0.0,0.0,13.840762485507488,8.068543955107214e-05,2.2305454642175129e-07,2.2577638938033553e-07,7.662867898069619e-08,3.9893666214442404e-05
158.6829775000224,569252.9008381,-0.3493764999998978,2.111690000000009,11.974145999999992,-0.27538060859552,2.1573042221788983,12.684493908529417,0.2514408800000012,0.0232686400000005,0.0156361200000011,12.86958358697519,1.0,2354.84,0.0,0.0,0.0,0.0,0.0,13.42787320524632,8.068543955107214e-05,2.2305454642175129e-07,2.2577638938033553e-07,7.662867898069619e-08,3.9893666214442404e-05
158.78553750005085,569253.0033981,-0.5343764999998979,2.201690000000009,12.129145999999992,-0.3372954473212259,2.167914962992614,12.551733979378367,0.2542408800000012,0.0188686400000005,0.0116361200000011,12.742042591148111,1.0,2376.83,0.0,0.0,0.0,0.0,0.0,13.56919750670147,8.068543955107214e-05,2.2305454642175129e-07,2.2577638938033553e-07,7.662867898069619e-08,3.9893666214442404e-05
158.89575570006855,569253.1136163,-0.3893764999998979,2.111690000000009,11.899145999999991,-0.3497457991773112,2.1544739794419883,12.395728108866464,0.2494408800000012,0.0172686400000005,0.0136361200000011,12.586427435975503,1.0,2403.71,0.0,0.0,0.0,0.0,0.0,13.744189505397749,8.068543955107214e-05,2.2305454642175129e-07,2.2577638938033553e-07,7.662867898069619e-08,3.9893666214442404e-05
159.00653630006127,569253.2243969,-0.3293764999998978,1.9916900000000093,11.314145999999992,-0.3448763710690632,2.1155592932682894,12.137168092813852,0.2362408800000012,0.0172686400000005,0.0136361200000011,12.324990066846878,1.0,2331.87,0.0,0.0,0.0,0.0,0.0,13.281957262342193,8.068543955107214e-05,2.2305454642175129e-07,2.2577638938033553e-07,7.662867898069619e-08,3.9893666214442404e-05
159.11741770000663,569253.3352783,-0.4143764999998978,1.8366900000000093,10.579145999999993,-0.3614908789318534,2.0488935742693,11.764711656981657,0.2218408800000012,0.0176686400000005,0.0124361200000011,11.947262485864828,1.0,2203.32,0.0,0.0,0.0,0.0,0.0,12.495201668373445,8.068543955107214e-05,2.2305454642175129e-07,2.2577638938033553e-07,7.662867898069619e-08,3.9893666214442404e-05
159.2291416999651,569253.4470023,-0.2643764999998979,1.6216900000000094,10.029145999999992,-0.3382749851317038,1.9467674738879204,11.34981214962956,0.2118408800000012,0.0156686400000005,0.0096361200000011,11.520528173431655,1.0,2080.16,0.0,0.0,0.0,0.0,0.0,11.783640173004398,8.068543955107214e-05,2.2305454642175129e-07,2.2577638938033553e-07,7.662867898069619e-08,3.9893666214442404e-05
159.33906080003362,569253.5569214,-0.3293764999998978,1.4366900000000091,9.689145999999992,-0.3361477379817533,1.824829769153923,10.95281791055486,0.2054408800000012,0.0144686400000005,0.0096361200000011,11.10888019423704,1.0,1958.94,0.0,0.0,0.0,0.0,0.0,11.117564455925635,8.068543955107214e-05,2.2305454642175129e-07,2.2577638938033553e-07,7.662867898069619e-08,3.9893666214442404e-05
159.45160120003857,569253.6694618,-0.1693764999998976,1.2766900000000092,8.884145999999992,-0.2962798688516935,1.6937929977893849,10.458286947056196,0.1906408800000012,0.0160686400000005,0.0120361200000011,10.598701918018694,1.0,1850.93,0.0,0.0,0.0,0.0,0.0,10.548581941556524,8.068543955107214e-05,2.2305454642175129e-07,2.2577638938033553e-07,7.662867898069619e-08,3.9893666214442404e-05
159.56176489999052,569253.7796255,-0.1943764999998978,0.8816900000000094,7.789145999999992,-0.2719191324174073,1.4996539098519397,9.820209522827335,0.1678408800000012,0.0152686400000005,0.0148361200000011,9.937777263359123,1.0,1646.63,0.0,0.0,0.0,0.0,0.0,9.524101402645094,8.068543955107214e-05,2.2305454642175129e-07,2.2577638938033553e-07,7.662867898069619e-08,3.9893666214442404e-05
159.67242159997113,569253.8902822,-0.1493764999998976,0.6366900000000093,7.304145999999992,-0.2426244309377323,1.293356153486513,9.218726362632104,0.1526408800000012,0.0148686400000005,0.0160361200000011,9.31217227629179,1.0,1458.94,0.0,0.0,0.0,0.0,0.0,8.62913786534915,8.068543955107214e-05,2.2305454642175129e-07,2.2577638938033553e-07,7.662867898069619e-08,3.9893666214442404e-05
159.7833372000605,569254.0011978,-0.0443764999998976,0.6666900000000093,6.914145999999993,-0.1952318309811701,1.14354708270324,8.667799779553558,0.1466408800000012,0.0132686400000005,0.0148361200000011,8.745088245216058,1.0,1413.98,0.0,0.0,0.0,0.0,0.0,8.419775510699074,8.068543955107214e-05,2.2305454642175129e-07,2.2577638938033553e-07,7.662867898069619e-08,3.9893666214442404e-05
159.8856942000566,569254.1035548,0.0206235000001022,0.6266900000000093,6.7941459999999925,-0.1436300548552209,1.0199886635086857,8.21988930900581,0.1430408800000012,0.0136686400000005,0.0148361200000011,8.2841768884212,1.0,1396.87,0.0,0.0,0.0,0.0,0.0,8.340523231850776,8.068543955107214e-05,2.2305454642175129e-07,2.2577638938033553e-07,7.662867898069619e-08,3.9893666214442404e-05
159.99664130003657,569254.2145019,-0.0493764999998977,0.6366900000000093,7.004145999999992,-0.1210980617160697,0.928358349196614,7.929257088931608,0.1482408800000012,0.0132686400000005,0.0144361200000011,7.984336662957456,1.0,1409.09,0.0,0.0,0.0,0.0,0.0,8.397102570283423,8.068543955107214e-05,2.2305454642175129e-07,2.2577638938033553e-07,7.662867898069619e-08,3.9893666214442404e-05
160.1066073999973,569254.324468,0.0206235000001022,0.6316900000000093,7.424145999999993,-0.0872184986464308,0.8574376373045075,7.808506634396645,0.1570408800000012,0.0140686400000005,0.0152361200000011,7.85592656710772,1.0,1451.12,0.0,0.0,0.0,0.0,0.0,8.592602215677529,8.068543955107214e-05,2.2305454642175129e-07,2.2577638938033553e-07,7.662867898069619e-08,3.9893666214442404e-05
160.21658560005017,569254.4344462,-0.1943764999998978,0.7666900000000093,7.949145999999992,-0.112835392937661,0.8357437590812644,7.842127490668149,0.1698408800000012,0.0132686400000005,0.0160361200000011,7.887341950025737,1.0,1536.66,0.0,0.0,0.0,0.0,0.0,8.99528250928932,8.068543955107214e-05,2.2305454642175129e-07,2.2577638938033553e-07,7.662867898069619e-08,3.9893666214442404e-05
160.3265732000582,569254.5444338,-0.0693764999998978,0.7166900000000094,8.159145999999993,-0.1024462306507652,0.8072830979748838,7.917913055342218,0.1738408800000012,0.0120686400000005,0.0176361200000011,7.959619864190074,1.0,1601.66,0.0,0.0,0.0,0.0,0.0,9.306191184984453,8.068543955107214e-05,2.2305454642175129e-07,2.2577638938033553e-07,7.662867898069619e-08,3.9893666214442404e-05
160.43906410003547,569254.6569247,-0.0743764999998977,0.9366900000000092,8.459145999999992,-0.0957359587738689,0.8382187526890706,8.047298700418743,0.1794408800000012,0.0116686400000005,0.0168361200000011,8.091402376901248,1.0,1649.56,0.0,0.0,0.0,0.0,0.0,9.538384347025433,8.068543955107214e-05,2.2305454642175129e-07,2.2577638938033553e-07,7.662867898069619e-08,3.9893666214442404e-05
160.5499162999913,569254.7677769,-0.1043764999998977,1.041690000000009,8.874145999999993,-0.0978015425698571,0.8868600241558273,8.24496252020663,0.1878408800000012,0.0128686400000005,0.0148361200000011,8.293099107317287,1.0,1713.1,0.0,0.0,0.0,0.0,0.0,9.850848483418146,8.068543955107214e-05,2.2305454642175129e-07,2.2577638938033553e-07,7.662867898069619e-08,3.9893666214442404e-05
160.66078050003853,569254.8786411,-0.1443764999998977,1.0766900000000097,9.314145999999992,-0.1089356225828686,0.9322402511392216,8.500558554416447,0.1974408800000012,0.0144686400000005,0.0172361200000011,8.552218109518387,1.0,1785.43,0.0,0.0,0.0,0.0,0.0,10.213362131748342,8.068543955107214e-05,2.2305454642175129e-07,2.2577638938033553e-07,7.662867898069619e-08,3.9893666214442404e-05
160.77161569998134,569254.9894763,-0.0693764999998978,1.0916900000000094,9.004145999999993,-0.0994787285697087,0.9703578654073028,8.620944771002847,0.1894408800000012,0.0132686400000005,0.0164361200000011,8.675954077165057,1.0,1852.39,0.0,0.0,0.0,0.0,0.0,10.556134346574385,8.068543955107214e-05,2.2305454642175129e-07,2.2577638938033553e-07,7.662867898069619e-08,3.9893666214442404e-05
160.88245430006646,569255.1003149,-0.1693764999998976,0.8316900000000094,8.329145999999993,-0.1161882957443841,0.9372083104990148,8.551188166953894,0.1762408800000012,0.0112686400000005,0.0168361200000011,8.603178378017551,1.0,1785.44,0.0,0.0,0.0,0.0,0.0,10.213412789206927,8.068543955107214e-05,2.2305454642175129e-07,2.2577638938033553e-07,7.662867898069619e-08,3.9893666214442404e-05
160.993233300047,569255.2110939,-0.1593764999998976,0.8116900000000093,8.169145999999992,-0.1265127479464385,0.9072022516788182,8.459858227219684,0.1714408800000012,0.0084686400000005,0.0136361200000011,8.509302123294287,1.0,1686.71,0.0,0.0,0.0,0.0,0.0,9.720426980828174,8.068543955107214e-05,2.2305454642175129e-07,2.2577638938033553e-07,7.662867898069619e-08,3.9893666214442404e-05
161.103257699986,569255.3211183,-0.1443764999998977,0.8416900000000094,8.139145999999993,-0.1307832069156082,0.8915410746799974,8.383189652602544,0.1690408800000012,0.0084686400000005,0.0152361200000011,8.431477835264412,1.0,1684.75,0.0,0.0,0.0,0.0,0.0,9.710777811921025,8.068543955107214e-05,2.2305454642175129e-07,2.2577638938033553e-07,7.662867898069619e-08,3.9893666214442404e-05
161.20548500004224,569255.4233456,-0.1393764999998978,0.9116900000000092,7.669145999999992,-0.1328374957020114,0.8963578208257386,8.212492359474544,0.1582408800000012,0.0084686400000005,0.0116361200000011,8.262332231134717,1.0,1676.44,0.0,0.0,0.0,0.0,0.0,9.669923500801668,8.068543955107214e-05,2.2305454642175129e-07,2.2577638938033553e-07,7.662867898069619e-08,3.9893666214442404e-05
161.31657620007172,569255.5344368,-0.2593764999998977,0.7316900000000093,6.639145999999992,-0.1630875587479251,0.8569927887611174,7.836372547000574,0.1354408800000012,0.0052686400000005,0.0076361200000011,7.8847808395155266,1.0,1486.8,0.0,0.0,0.0,0.0,0.0,8.759738890224083,8.068543955107214e-05,2.2305454642175129e-07,2.2577638938033553e-07,7.662867898069619e-08,3.9893666214442404e-05
161.42747830005828,569255.6453389,-0.4893764999998979,0.5666900000000094,5.869145999999993,-0.2410892871384927,0.7875938100734468,7.366092830461373,0.1178408800000012,0.0032686400000005,0.0016361200000011,7.412000515448808,1.0,1205.77,0.0,0.0,0.0,0.0,0.0,7.467886104376948,8.068543955107214e-05,2.2305454642175129e-07,2.2577638938033553e-07,7.662867898069619e-08,3.9893666214442404e-05
161.53834389999977,569255.7562045,-0.2993764999998978,0.5466900000000093,5.564145999999992,-0.2550232664171454,0.7300040140800542,6.935324424077196,0.1122408800000012,0.0056686400000005,0.0044361200000011,6.978299763852851,1.0,1082.11,0.0,0.0,0.0,0.0,0.0,6.911056636541594,8.068543955107214e-05,2.2305454642175129e-07,2.2577638938033553e-07,7.662867898069619e-08,3.9893666214442404e-05
161.6498988000676,569255.8677594,-0.1043764999998977,0.5416900000000093,5.444145999999993,-0.2190100686915103,0.6849861887070947,6.578847450109139,0.1098408800000012,0.0084686400000005,0.0084361200000011,6.618036359881627,1.0,1058.65,0.0,0.0,0.0,0.0,0.0,6.805693607961385,8.068543955107214e-05,2.2305454642175129e-07,2.2577638938033553e-07,7.662867898069619e-08,3.9893666214442404e-05
161.76089040003717,569255.978751,-0.1393764999998978,0.4416900000000093,5.089145999999992,-0.1999730888538824,0.6268244773197168,6.22272355743723,0.1002408800000012,0.0088686400000005,0.0100361200000011,6.257410537428174,1.0,1023.46,0.0,0.0,0.0,0.0,0.0,6.647665897379452,8.068543955107214e-05,2.2305454642175129e-07,2.2577638938033553e-07,7.662867898069619e-08,3.9893666214442404e-05
161.87332080001943,569256.0911814,-0.1993764999998977,0.3816900000000093,4.9591459999999925,-0.1998304699788117,0.5682233097604102,5.920656214739508,0.0974408800000012,0.0072686400000005,0.0084361200000011,5.951216678933862,1.0,926.2,0.0,0.0,0.0,0.0,0.0,6.210142822222727,8.068543955107214e-05,2.2305454642175129e-07,2.2577638938033553e-07,7.662867898069619e-08,3.9893666214442404e-05
161.97577230003662,569256.1936329,-0.2293764999998977,0.4666900000000093,4.954145999999993,-0.2068936618843705,0.5439510386250848,5.689604966212509,0.0978408800000012,0.0064686400000005,0.0068361200000011,5.719291249035957,1.0,878.3,0.0,0.0,0.0,0.0,0.0,5.993672451275093,8.068543955107214e-05,2.2305454642175129e-07,2.2577638938033553e-07,7.662867898069619e-08,3.9893666214442404e-05
162.08561810001265,569256.3034787,-0.2593764999998977,0.5016900000000093,5.104145999999992,-0.2194400634514777,0.5338482320644702,5.549646771211761,0.1010408800000012,0.0080686400000005,0.0088361200000011,5.579581271166061,1.0,894.92,0.0,0.0,0.0,0.0,0.0,6.0688894026624824,8.068543955107214e-05,2.2305454642175129e-07,2.2577638938033553e-07,7.662867898069619e-08,3.9893666214442404e-05
162.19577290001325,569256.4136335,-0.3043764999998977,0.5216900000000093,5.074145999999993,-0.2397447321561283,0.5309417188631257,5.435974877021135,0.1002408800000012,0.0060686400000005,0.0072361200000011,5.467101563811568,1.0,935.97,0.0,0.0,0.0,0.0,0.0,6.254190943654221,8.068543955107214e-05,2.2305454642175129e-07,2.2577638938033553e-07,7.662867898069619e-08,3.9893666214442404e-05
162.30671879998408,569256.5245794,-0.2543764999998978,0.6016900000000094,5.494145999999993,-0.243242561953376,0.5478546065269375,5.449881104174776,0.1118408800000012,0.0056686400000005,0.0096361200000011,5.4827470909645015,1.0,969.7,0.0,0.0,0.0,0.0,0.0,6.406057794323015,8.068543955107214e-05,2.2305454642175129e-07,2.2577638938033553e-07,7.662867898069619e-08,3.9893666214442404e-05
162.41743330005556,569256.6352939,-0.2843764999998976,0.5466900000000093,5.954145999999993,-0.2530759269789516,0.5475761989240112,5.570429270135085,0.1234408800000012,0.0068686400000005,0.0104361200000011,5.60299646368102,1.0,1069.4,0.0,0.0,0.0,0.0,0.0,6.853970091002233,8.068543955107214e-05,2.2305454642175129e-07,2.2577638938033553e-07,7.662867898069619e-08,3.9893666214442404e-05
162.52840279997326,569256.7462634,-0.1593764999998976,0.6166900000000093,6.174145999999992,-0.2306764021114265,0.5640983523224207,5.714752115423913,0.1274408800000012,0.0092686400000005,0.0136361200000011,5.747156713917416,1.0,1134.41,0.0,0.0,0.0,0.0,0.0,7.14615352759015,8.068543955107214e-05,2.2305454642175129e-07,2.2577638938033553e-07,7.662867898069619e-08,3.9893666214442404e-05
162.63821960007772,569256.8560802,-0.1493764999998976,0.5466900000000093,6.144145999999992,-0.2112410732328237,0.5599367599485884,5.817401825306078,0.1294408800000012,0.0100686400000005,0.0132361200000011,5.848103621109732,1.0,1172.04,0.0,0.0,0.0,0.0,0.0,7.3156315519674555,8.068543955107214e-05,2.2305454642175129e-07,2.2577638938033553e-07,7.662867898069619e-08,3.9893666214442404e-05
162.74914209998678,569256.9670027,-0.1593764999998976,0.4216900000000093,5.784145999999993,-0.1988424723520072,0.5268878733421078,5.809451780039523,0.1238408800000012,0.0076686400000005,0.0124361200000011,5.836683916787888,1.0,1125.12,0.0,0.0,0.0,0.0,0.0,7.104362164682012,8.068543955107214e-05,2.2305454642175129e-07,2.2577638938033553e-07,7.662867898069619e-08,3.9893666214442404e-05
162.8632729999954,569257.0811336,-0.0793764999998978,0.2966900000000093,5.969145999999992,-0.1702832686855606,0.4718574088598609,5.847627836889948,0.1266408800000012,0.0080686400000005,0.0116361200000011,5.869105308704248,1.0,1114.86,0.0,0.0,0.0,0.0,0.0,7.058225462063661,8.068543955107214e-05,2.2305454642175129e-07,2.2577638938033553e-07,7.662867898069619e-08,3.9893666214442404e-05
162.96790459996555,569257.1857652,-0.1693764999998976,0.3716900000000093,6.219145999999992,-0.1700664990811089,0.4479116662015481,5.936441937483977,0.1342408800000012,0.0100686400000005,0.0120361200000011,5.9557443155283005,1.0,1160.31,0.0,0.0,0.0,0.0,0.0,7.262763900077324,8.068543955107214e-05,2.2305454642175129e-07,2.2577638938033553e-07,7.662867898069619e-08,3.9893666214442404e-05
163.0782431999687,569257.2961038,-0.0643764999998977,0.3316900000000093,6.189145999999992,-0.1448005413373383,0.420128037356,5.996852669064197,0.1342408800000012,0.0108686400000005,0.0144361200000011,6.01329499517582,1.0,1176.93,0.0,0.0,0.0,0.0,0.0,7.337682454507632,8.068543955107214e-05,2.2305454642175129e-07,2.2577638938033553e-07,7.662867898069619e-08,3.9893666214442404e-05
163.18908020004164,569257.4069408,-0.0543764999998976,0.1616900000000093,5.639145999999992,-0.1231840210675517,0.3583465576702815,5.911340305890681,0.1246408800000012,0.0084686400000005,0.0128361200000011,5.923472863995262,1.0,1136.36,0.0,0.0,0.0,0.0,0.0,7.154927835526869,8.068543955107214e-05,2.2305454642175129e-07,2.2577638938033553e-07,7.662867898069619e-08,3.9893666214442404e-05
163.29908799997065,569257.5169486,-0.1643764999998977,-0.0033099999999907,5.179145999999992,-0.1330313807147601,0.2718899450930274,5.736303967980898,0.1162408800000012,0.0040686400000005,0.0100361200000011,5.744284524949209,1.0,945.75,0.0,0.0,0.0,0.0,0.0,6.2982551948742325,8.068543955107214e-05,2.2305454642175129e-07,2.2577638938033553e-07,7.662867898069619e-08,3.9893666214442404e-05
163.40995720005594,569257.6278178,-0.1343764999998977,0.0116900000000093,5.039145999999993,-0.1333529411964903,0.209687268635437,5.569643319737313,0.1146408800000012,0.0044686400000005,0.0104361200000011,5.575184164370539,1.0,837.24,0.0,0.0,0.0,0.0,0.0,5.807242295340432,8.068543955107214e-05,2.2305454642175129e-07,2.2577638938033553e-07,7.662867898069619e-08,3.9893666214442404e-05
163.52077669999562,569257.7386373,-0.1343764999998977,-0.0383099999999906,4.9591459999999925,-0.1335976303222351,0.1504017301324176,5.423699525459142,0.1130408800000012,0.0032686400000005,0.0100361200000011,5.427428999970452,1.0,762.95,0.0,0.0,0.0,0.0,0.0,5.4670663658782,8.068543955107214e-05,2.2305454642175129e-07,2.2577638938033553e-07,7.662867898069619e-08,3.9893666214442404e-05
163.6307957000099,569257.8486563,-0.1843764999998978,-0.1183099999999907,4.5441459999999925,-0.1457366859254661,0.0861642499753395,5.213435901645885,0.1062408800000012,0.0036686400000005,0.0116361200000011,5.216184176212396,1.0,612.9,0.0,0.0,0.0,0.0,0.0,4.762282555571543,8.068543955107214e-05,2.2305454642175129e-07,2.2577638938033553e-07,7.662867898069619e-08,3.9893666214442404e-05
163.74170540005434,569257.959566,-0.1293764999998978,-0.1883099999999906,4.424145999999992,-0.1418256653003451,0.0205491978236111,5.024750449134465,0.1070408800000012,0.0024686400000005,0.0116361200000011,5.026793596811598,1.0,427.66,0.0,0.0,0.0,0.0,0.0,3.8328653813304845,8.068543955107214e-05,2.2305454642175129e-07,2.2577638938033553e-07,7.662867898069619e-08,3.9893666214442404e-05
163.85165820003022,569258.0695188,-0.2943764999998977,-0.2083099999999906,4.244145999999993,-0.1782940443031132,-0.0341612466058683,4.838141316786227,0.1002408800000012,0.0020686400000005,0.0100361200000011,4.8415459471327535,1.0,283.48,0.0,0.0,0.0,0.0,0.0,3.0203409378820365,8.068543955107214e-05,2.2305454642175129e-07,2.2577638938033553e-07,7.662867898069619e-08,3.9893666214442404e-05
163.96248009998817,569258.1803407,-0.2443764999998978,-0.0583099999999906,4.479145999999992,-0.1940915326913628,-0.0399341805459264,4.75232089306607,0.1026408800000012,0.0012686400000005,0.0076361200000011,4.756450371076172,1.0,291.79,0.0,0.0,0.0,0.0,0.0,3.070554470144814,8.068543955107214e-05,2.2305454642175129e-07,2.2577638938033553e-07,7.662867898069619e-08,3.9893666214442404e-05
164.0733258000109,569258.2911864,-0.2793764999998978,-0.0283099999999907,4.679145999999992,-0.2144795201918695,-0.0371553362178656,4.7348279062916845,0.1070408800000012,0.0024686400000005,0.0084361200000011,4.739828824524119,1.0,373.41,0.0,0.0,0.0,0.0,0.0,3.539827408929634,8.068543955107214e-05,2.2305454642175129e-07,2.2577638938033553e-07,7.662867898069619e-08,3.9893666214442404e-05
164.18324290006422,569258.4011035,-0.3493764999998978,0.0516900000000093,4.309145999999992,-0.2467276176582438,-0.0159162168108623,4.633065571632288,0.0978408800000012,0.0008686400000005,0.0056361200000011,4.639657792802967,1.0,369.01,0.0,0.0,0.0,0.0,0.0,3.5154819980652925,8.068543955107214e-05,2.2305454642175129e-07,2.2577638938033553e-07,7.662867898069619e-08,3.9893666214442404e-05
164.28550180001184,569258.5033624,-0.3443764999998977,0.0516900000000093,4.119145999999993,-0.2700712883595263,0.0002455376787668,4.510209385678676,0.0926408800000012,0.0016686400000005,0.0064361200000011,4.518288089946119,1.0,279.57,0.0,0.0,0.0,0.0,0.0,2.9965305096373394,8.068543955107214e-05,2.2305454642175129e-07,2.2577638938033553e-07,7.662867898069619e-08,3.9893666214442404e-05
164.3975324999774,569258.6153931,-0.2393764999998977,0.1866900000000093,4.509145999999992,-0.2627334774749558,0.0448164331988706,4.509955175650703,0.1002408800000012,0.0032686400000005,0.0064361200000011,4.517823931855834,1.0,304.5,0.0,0.0,0.0,0.0,0.0,3.1463739189641817,8.068543955107214e-05,2.2305454642175129e-07,2.2577638938033553e-07,7.662867898069619e-08,3.9893666214442404e-05
164.50827660004143,569258.7261372,-0.3843764999998977,0.3316900000000093,5.004145999999992,-0.2918131207113809,0.1133956316056462,4.628095062053521,0.1082408800000012,0.0036686400000005,0.0060361200000011,4.638671940339254,1.0,473.12,0.0,0.0,0.0,0.0,0.0,4.069722957908734,8.068543955107214e-05,2.2305454642175129e-07,2.2577638938033553e-07,7.662867898069619e-08,3.9893666214442404e-05
164.61910150002225,569258.8369621,-0.3043764999998977,0.3016900000000093,5.054145999999992,-0.2948164872832617,0.1584087605355307,4.729945616395733,0.1094408800000012,0.0032686400000005,0.0060361200000011,4.741771360014067,1.0,596.29,0.0,0.0,0.0,0.0,0.0,4.682219393063735,8.068543955107214e-05,2.2305454642175129e-07,2.2577638938033553e-07,7.662867898069619e-08,3.9893666214442404e-05
164.7308170000324,569258.9486776,-0.3043764999998977,0.4266900000000093,5.144145999999992,-0.2971018773809836,0.2225433287887432,4.8289632101186495,0.1102408800000012,0.0036686400000005,0.0080361200000011,4.843209756288808,1.0,636.85,0.0,0.0,0.0,0.0,0.0,4.876881182076815,8.068543955107214e-05,2.2305454642175129e-07,2.2577638938033553e-07,7.662867898069619e-08,3.9893666214442404e-05
164.8407941000769,569259.0586547,-0.3393764999998978,0.4616900000000093,5.484145999999992,-0.3072079312934508,0.2797130680442466,4.985589388825188,0.1174408800000012,0.0036686400000005,0.0064361200000011,5.002870942513972,1.0,731.18,0.0,0.0,0.0,0.0,0.0,5.320135632989883,8.068543955107214e-05,2.2305454642175129e-07,2.2577638938033553e-07,7.662867898069619e-08,3.9893666214442404e-05
164.9516366000753,569259.1694972,-0.3493764999998978,0.5316900000000093,5.774145999999992,-0.3172886322520506,0.3399499738115306,5.174099542952489,0.1246408800000012,0.0036686400000005,0.0076361200000011,5.19495371887296,1.0,857.77,0.0,0.0,0.0,0.0,0.0,5.900573976054983,8.068543955107214e-05,2.2305454642175129e-07,2.2577638938033553e-07,7.662867898069619e-08,3.9893666214442404e-05
165.06246459996328,569259.2803252,-0.3393764999998978,0.4666900000000093,5.864145999999993,-0.322568896591331,0.3702480925924942,5.339060133136657,0.1274408800000012,0.0044686400000005,0.0096361200000011,5.36159467400938,1.0,902.25,0.0,0.0,0.0,0.0,0.0,6.102024144142335,8.068543955107214e-05,2.2305454642175129e-07,2.2577638938033553e-07,7.662867898069619e-08,3.9893666214442404e-05
165.16548429999966,569259.3833449,-0.2543764999998978,0.4166900000000093,5.714145999999992,-0.306267011590824,0.3813503660365195,5.428727119084615,0.1230408800000012,0.0052686400000005,0.0100361200000011,5.450716073833759,1.0,928.15,0.0,0.0,0.0,0.0,0.0,6.218936854727822,8.068543955107214e-05,2.2305454642175129e-07,2.2577638938033553e-07,7.662867898069619e-08,3.9893666214442404e-05
165.27564790006727,569259.4935085,-0.1943764999998978,0.4966900000000093,5.774145999999992,-0.2795187765415177,0.4089231387041044,5.511301997738955,0.1254408800000012,0.0056686400000005,0.0108361200000011,5.53351593384245,1.0,940.37,0.0,0.0,0.0,0.0,0.0,6.274018770841526,8.068543955107214e-05,2.2305454642175129e-07,2.2577638938033553e-07,7.662867898069619e-08,3.9893666214442404e-05
165.38591499999166,569259.6037756,-0.3543764999998977,0.4116900000000093,5.894145999999992,-0.2974140560772947,0.4095845768836192,5.602823621995483,0.1286408800000012,0.0032686400000005,0.0072361200000011,5.625641935420691,1.0,960.9,0.0,0.0,0.0,0.0,0.0,6.366463432945527,8.068543955107214e-05,2.2305454642175129e-07,2.2577638938033553e-07,7.662867898069619e-08,3.9893666214442404e-05
165.50048649997916,569259.7183471,-0.2093764999998977,0.3916900000000093,6.064145999999992,-0.2763680423479619,0.4053067490161354,5.7131060688707205,0.1334408800000012,0.0060686400000005,0.0080361200000011,5.734128862329197,1.0,980.94,0.0,0.0,0.0,0.0,0.0,6.456607653920242,8.068543955107214e-05,2.2305454642175129e-07,2.2577638938033553e-07,7.662867898069619e-08,3.9893666214442404e-05
165.61079429998065,569259.8286549,-0.2093764999998977,0.2966900000000093,6.064145999999992,-0.2603532302288358,0.3793411305587214,5.797024700182971,0.1338408800000012,0.0072686400000005,0.0100361200000011,5.815253981758287,1.0,1006.84,0.0,0.0,0.0,0.0,0.0,6.573010475940188,8.068543955107214e-05,2.2305454642175129e-07,2.2577638938033553e-07,7.662867898069619e-08,3.9893666214442404e-05
165.72171509999316,569259.9395757,-0.2243764999998978,0.3616900000000093,5.984145999999992,-0.2517527329857152,0.3751215002937659,5.841757398595651,0.1314408800000012,0.0056686400000005,0.0092361200000011,5.8592000377692735,1.0,1015.64,0.0,0.0,0.0,0.0,0.0,6.612542079471693,8.068543955107214e-05,2.2305454642175129e-07,2.2577638938033553e-07,7.662867898069619e-08,3.9893666214442404e-05
165.83253480005078,569260.0503954,-0.1843764999998978,0.3416900000000093,6.164145999999993,-0.2356459577907788,0.3671294586524005,5.918826722571105,0.1358408800000012,0.0052686400000005,0.0112361200000011,5.934881871499664,1.0,1033.24,0.0,0.0,0.0,0.0,0.0,6.691587927929299,8.068543955107214e-05,2.2305454642175129e-07,2.2577638938033553e-07,7.662867898069619e-08,3.9893666214442404e-05
165.94606830005068,569260.1639289,-0.1943764999998978,0.3316900000000093,6.0841459999999925,-0.2257801957913723,0.3586574000606941,5.958347490042581,0.1342408800000012,0.0056686400000005,0.0108361200000011,5.973400759996487,1.0,1041.54,0.0,0.0,0.0,0.0,0.0,6.728860389694806,8.068543955107214e-05,2.2305454642175129e-07,2.2577638938033553e-07,7.662867898069619e-08,3.9893666214442404e-05
166.04836979997344,569260.2662304,-0.2143764999998978,0.2716900000000093,5.994145999999993,-0.2230540599365615,0.3378672148575468,5.966905382442398,0.1326408800000012,0.0044686400000005,0.0100361200000011,5.980624316202268,1.0,1038.61,0.0,0.0,0.0,0.0,0.0,6.715702963213064,8.068543955107214e-05,2.2305454642175129e-07,2.2577638938033553e-07,7.662867898069619e-08,3.9893666214442404e-05
166.15829230006784,569260.3761529,-0.2493764999998977,0.2216900000000093,5.704145999999993,-0.2293466293767614,0.3100942124268814,5.904090853998058,0.1254408800000012,0.0036686400000005,0.0096361200000011,5.916675342559421,1.0,985.34,0.0,0.0,0.0,0.0,0.0,6.476389623987292,8.068543955107214e-05,2.2305454642175129e-07,2.2577638938033553e-07,7.662867898069619e-08,3.9893666214442404e-05
166.26909910002723,569260.4869597,-0.1493764999998976,0.2316900000000093,5.8341459999999925,-0.2102291922761408,0.2913511190847307,5.887370031395426,0.1278408800000012,0.0052686400000005,0.0108361200000011,5.898322445784902,1.0,924.73,0.0,0.0,0.0,0.0,0.0,6.203512641202141,8.068543955107214e-05,2.2305454642175129e-07,2.2577638938033553e-07,7.662867898069619e-08,3.9893666214442404e-05
166.37912349996623,569260.5969841,-0.0993764999998978,0.3366900000000093,5.854145999999992,-0.1837290554308121,0.3021897060779529,5.879427586692879,0.1282408800000012,0.0060686400000005,0.0116361200000011,5.890054645878442,1.0,987.29,0.0,0.0,0.0,0.0,0.0,6.485155611731806,8.068543955107214e-05,2.2305454642175129e-07,2.2577638938033553e-07,7.662867898069619e-08,3.9893666214442404e-05
166.4891590999905,569260.7070197,-0.1943764999998978,0.2566900000000093,5.939145999999992,-0.1862744039680464,0.2913126726678574,5.893703704776513,0.1306408800000012,0.0068686400000005,0.0124361200000011,5.9038381233335775,1.0,999.51,0.0,0.0,0.0,0.0,0.0,6.5400762987044985,8.068543955107214e-05,2.2305454642175129e-07,2.2577638938033553e-07,7.662867898069619e-08,3.9893666214442404e-05
166.59993919997942,569260.8177998,-0.0393764999998977,0.2466900000000093,5.889145999999992,-0.1511573988911913,0.2806453004297931,5.892614152526601,0.1286408800000012,0.0060686400000005,0.0120361200000011,5.901229693415574,1.0,1012.22,0.0,0.0,0.0,0.0,0.0,6.597179515335996,8.068543955107214e-05,2.2305454642175129e-07,2.2577638938033553e-07,7.662867898069619e-08,3.9893666214442404e-05
166.7108185000252,569260.9286791,-0.1143764999998977,0.2516900000000093,5.769145999999992,-0.1423646593203332,0.2737233267002356,5.863098198779249,0.1262408800000012,0.0056686400000005,0.0112361200000011,5.871210492252148,1.0,1017.6,0.0,0.0,0.0,0.0,0.0,6.621345915580571,8.068543955107214e-05,2.2305454642175129e-07,2.2577638938033553e-07,7.662867898069619e-08,3.9893666214442404e-05
166.82079779997002,569261.0386584,-0.1543764999998977,0.2766900000000093,5.8741459999999925,-0.1452361766036438,0.2744325313826394,5.865739255466082,0.1298408800000012,0.0052686400000005,0.0112361200000011,5.873951291455464,1.0,1001.47,0.0,0.0,0.0,0.0,0.0,6.548883321836777,8.068543955107214e-05,2.2305454642175129e-07,2.2577638938033553e-07,7.662867898069619e-08,3.9893666214442404e-05
166.93328370002564,569261.1511443,-0.1943764999998978,0.2566900000000093,6.094145999999992,-0.1569835258820836,0.2701910510904824,5.920341537668314,0.1334408800000012,0.0052686400000005,0.0092361200000011,5.928582541731925,1.0,1021.02,0.0,0.0,0.0,0.0,0.0,6.6367070127591585,8.068543955107214e-05,2.2305454642175129e-07,2.2577638938033553e-07,7.662867898069619e-08,3.9893666214442404e-05
167.04330370004757,569261.2611643,-0.1493764999998976,0.5016900000000093,5.964145999999992,-0.1551650113947536,0.3255325470855864,5.930813310815084,0.1298408800000012,0.0060686400000005,0.0096361200000011,5.9417669213555095,1.0,1031.28,0.0,0.0,0.0,0.0,0.0,6.682785918539931,8.068543955107214e-05,2.2305454642175129e-07,2.2577638938033553e-07,7.662867898069619e-08,3.9893666214442404e-05
167.15412860002834,569261.3719892,-0.2593764999998977,0.3416900000000093,5.724145999999992,-0.1800775205290362,0.3293951029199288,5.88140799728054,0.1242408800000012,0.0052686400000005,0.0092361200000011,5.893376712692224,1.0,1020.53,0.0,0.0,0.0,0.0,0.0,6.6345062052825785,8.068543955107214e-05,2.2305454642175129e-07,2.2577638938033553e-07,7.662867898069619e-08,3.9893666214442404e-05
167.2649412000319,569261.4828018,-0.1893764999998977,0.3516900000000093,5.734145999999992,-0.1823005087437531,0.3347248591165789,5.846203953067287,0.1246408800000012,0.0064686400000005,0.0080361200000011,5.858615439475305,1.0,966.76,0.0,0.0,0.0,0.0,0.0,6.392831546282815,8.068543955107214e-05,2.2305454642175129e-07,2.2577638938033553e-07,7.662867898069619e-08,3.9893666214442404e-05
167.37578930007294,569261.5936499,-0.2793764999998978,0.4966900000000093,5.904145999999993,-0.2055072256927025,0.3734437960178857,5.860055417937341,0.1258408800000012,0.0064686400000005,0.0068361200000011,5.875537676663553,1.0,976.54,0.0,0.0,0.0,0.0,0.0,6.436822299326964,8.068543955107214e-05,2.2305454642175129e-07,2.2577638938033553e-07,7.662867898069619e-08,3.9893666214442404e-05
167.48580220004078,569261.7036628,-0.3443764999998977,0.4866900000000093,6.0841459999999925,-0.2387049288534116,0.4005161191263018,5.913625890322542,0.1314408800000012,0.0072686400000005,0.0068361200000011,5.931978116567186,1.0,1021.02,0.0,0.0,0.0,0.0,0.0,6.6367070127591585,8.068543955107214e-05,2.2305454642175129e-07,2.2577638938033553e-07,7.662867898069619e-08,3.9893666214442404e-05
167.59576870000456,569261.8136293,-0.2243764999998978,0.6966900000000094,6.074145999999993,-0.2352796144329873,0.4713186247939731,5.951999382075716,0.1286408800000012,0.0072686400000005,0.0076361200000011,5.975265214806378,1.0,1057.67,0.0,0.0,0.0,0.0,0.0,6.801292784965964,8.068543955107214e-05,2.2305454642175129e-07,2.2577638938033553e-07,7.662867898069619e-08,3.9893666214442404e-05
167.69813490007073,569261.9159955,-0.2543764999998978,0.6316900000000093,6.0841459999999925,-0.239844862876224,0.5096565604973561,5.983589985666236,0.1282408800000012,0.0084686400000005,0.0084361200000011,6.010043634157025,1.0,1068.43,0.0,0.0,0.0,0.0,0.0,6.849613777359258,8.068543955107214e-05,2.2305454642175129e-07,2.2577638938033553e-07,7.662867898069619e-08,3.9893666214442404e-05
167.80829900002573,569262.0261596,-0.2643764999998979,0.6516900000000093,6.064145999999992,-0.2457093279376344,0.543610680204737,6.002847482798006,0.1286408800000012,0.0072686400000005,0.0096361200000011,6.032417719886661,1.0,1067.94,0.0,0.0,0.0,0.0,0.0,6.8474131833138205,8.068543955107214e-05,2.2305454642175129e-07,2.2577638938033553e-07,7.662867898069619e-08,3.9893666214442404e-05
167.91998770006467,569262.1378483,-0.1693764999998976,0.6316900000000093,6.214145999999992,-0.2274614140204866,0.5646666778525128,6.053359919673368,0.1318408800000012,0.0080686400000005,0.0104361200000011,6.083892953451199,1.0,1067.94,0.0,0.0,0.0,0.0,0.0,6.8474131833138205,8.068543955107214e-05,2.2305454642175129e-07,2.2577638938033553e-07,7.662867898069619e-08,3.9893666214442404e-05
168.0317258000141,569262.2495864,-0.1593764999998976,0.5666900000000094,6.314145999999992,-0.2111852235049522,0.5651503676275633,6.1157027159925645,0.1346408800000012,0.0084686400000005,0.0132361200000011,6.145389641597613,1.0,1090.42,0.0,0.0,0.0,0.0,0.0,6.9483876466510965,8.068543955107214e-05,2.2305454642175129e-07,2.2577638938033553e-07,7.662867898069619e-08,3.9893666214442404e-05
168.14250299998093,569262.3603636,-0.0993764999998978,0.6316900000000093,6.454145999999993,-0.1844565404883788,0.5810571474025962,6.196610027817064,0.1362408800000012,0.0092686400000005,0.0152361200000011,6.226526114995389,1.0,1113.88,0.0,0.0,0.0,0.0,0.0,7.05381955822423,8.068543955107214e-05,2.2305454642175129e-07,2.2577638938033553e-07,7.662867898069619e-08,3.9893666214442404e-05
168.25334890000522,569262.4712095,-0.1393764999998978,0.5566900000000093,6.3341459999999925,-0.1736798311689451,0.5752320047972214,6.229488995473712,0.1346408800000012,0.0084686400000005,0.0136361200000011,6.258401528172028,1.0,1133.43,0.0,0.0,0.0,0.0,0.0,7.141744168688852,8.068543955107214e-05,2.2305454642175129e-07,2.2577638938033553e-07,7.662867898069619e-08,3.9893666214442404e-05
168.363313900074,569262.5811745,-0.1093764999998978,0.4766900000000093,6.014145999999992,-0.158307655350754,0.5516748267213687,6.178009696851756,0.1310408800000012,0.0068686400000005,0.0140361200000011,6.204612013863158,1.0,1062.56,0.0,0.0,0.0,0.0,0.0,6.82325226632644,8.068543955107214e-05,2.2305454642175129e-07,2.2577638938033553e-07,7.662867898069619e-08,3.9893666214442404e-05
168.4741214000387,569262.691982,-0.1493764999998976,0.4266900000000093,5.534145999999993,-0.1561725981489425,0.5217963010518976,6.02408942909866,0.1202408800000012,0.0056686400000005,0.0124361200000011,6.048662224821473,1.0,926.69,0.0,0.0,0.0,0.0,0.0,6.212352722643991,8.068543955107214e-05,2.2305454642175129e-07,2.2577638938033553e-07,7.662867898069619e-08,3.9893666214442404e-05
168.58497730002273,569262.8028379,-0.0693764999998978,0.3266900000000093,5.599145999999992,-0.1354233639051911,0.475154730413482,5.922503632746727,0.1214408800000012,0.0060686400000005,0.0144361200000011,5.943076710360037,1.0,881.23,0.0,0.0,0.0,0.0,0.0,6.006941985973081,8.068543955107214e-05,2.2305454642175129e-07,2.2577638938033553e-07,7.662867898069619e-08,3.9893666214442404e-05
168.69577740004752,569262.913638,-0.0943764999998977,0.2866900000000093,5.679145999999992,-0.1256108145820659,0.4301008752123004,5.864327232717823,0.1234408800000012,0.0068686400000005,0.0144361200000011,5.881419788792009,1.0,905.67,0.0,0.0,0.0,0.0,0.0,6.117476471822636,8.068543955107214e-05,2.2305454642175129e-07,2.2577638938033553e-07,7.662867898069619e-08,3.9893666214442404e-05
168.79802830005065,569263.0158889,-0.1093764999998978,0.2516900000000093,5.759145999999992,-0.1217298844108303,0.3874504667220971,5.839182899248348,0.1254408800000012,0.0056686400000005,0.0128361200000011,5.85328907194888,1.0,930.11,0.0,0.0,0.0,0.0,0.0,6.227774735044317,8.068543955107214e-05,2.2305454642175129e-07,2.2577638938033553e-07,7.662867898069619e-08,3.9893666214442404e-05
168.90915530000348,569263.1270159,-0.1043764999998977,0.2316900000000093,5.579145999999993,-0.1175814325133037,0.3502148019992098,5.777019200077704,0.1230408800000012,0.0048686400000005,0.0116361200000011,5.788819105731122,1.0,926.69,0.0,0.0,0.0,0.0,0.0,6.212352722643991,8.068543955107214e-05,2.2305454642175129e-07,2.2577638938033553e-07,7.662867898069619e-08,3.9893666214442404e-05
169.021723199985,569263.2395838,-0.0643764999998977,0.2516900000000093,5.4991459999999925,-0.1048624090642548,0.3266617363764882,5.710591604351309,0.1210408800000012,0.0060686400000005,0.0152361200000011,5.720888085475447,1.0,861.19,0.0,0.0,0.0,0.0,0.0,5.916098210792271,8.068543955107214e-05,2.2305454642175129e-07,2.2577638938033553e-07,7.662867898069619e-08,3.9893666214442404e-05
169.13163489999715,569263.3494955,-0.1093764999998978,0.3766900000000093,5.619145999999993,-0.1059415351104558,0.3386213541803907,5.688730872063681,0.1218408800000012,0.0068686400000005,0.0148361200000011,5.699784817441702,1.0,906.65,0.0,0.0,0.0,0.0,0.0,6.121903474310577,8.068543955107214e-05,2.2305454642175129e-07,2.2577638938033553e-07,7.662867898069619e-08,3.9893666214442404e-05
169.24171930004377,569263.4595799,-0.0343764999998976,0.2716900000000093,5.549145999999992,-0.0888333965093243,0.3226209304775251,5.655362100090082,0.1226408800000012,0.0052686400000005,0.0132361200000011,5.665253403004395,1.0,924.73,0.0,0.0,0.0,0.0,0.0,6.203512641202141,8.068543955107214e-05,2.2305454642175129e-07,2.2577638938033553e-07,7.662867898069619e-08,3.9893666214442404e-05
169.3516445000423,569263.5695051,-0.1293764999998978,0.2666900000000093,5.844145999999992,-0.0985255182663416,0.3092502375236077,5.700492255064944,0.1290408800000012,0.0056686400000005,0.0116361200000011,5.709724593814791,1.0,877.81,0.0,0.0,0.0,0.0,0.0,5.991452911267449,8.068543955107214e-05,2.2305454642175129e-07,2.2577638938033553e-07,7.662867898069619e-08,3.9893666214442404e-05
169.46254740003496,569263.680408,-0.0443764999998976,0.1966900000000093,5.9191459999999925,-0.0855808042983211,0.2823418996522567,5.752763012261196,0.1306408800000012,0.0064686400000005,0.0136361200000011,5.760323193849811,1.0,975.07,0.0,0.0,0.0,0.0,0.0,6.430211397397892,8.068543955107214e-05,2.2305454642175129e-07,2.2577638938033553e-07,7.662867898069619e-08,3.9893666214442404e-05
169.57249350007623,569263.7903541,-0.0593764999998978,0.2616900000000093,5.929145999999992,-0.0793164760660904,0.2774049138591039,5.79492863960219,0.1294408800000012,0.0064686400000005,0.0132361200000011,5.802106731842359,1.0,1008.8,0.0,0.0,0.0,0.0,0.0,6.581815884787256,8.068543955107214e-05,2.2305454642175129e-07,2.2577638938033553e-07,7.662867898069619e-08,3.9893666214442404e-05
169.68582440004684,569263.903685,-0.1043764999998977,0.3366900000000093,6.104145999999992,-0.0853072558113237,0.2915774419534692,5.868849283271114,0.1342408800000012,0.0072686400000005,0.0128361200000011,5.876707125789242,1.0,1012.71,0.0,0.0,0.0,0.0,0.0,6.599380647474096,8.068543955107214e-05,2.2305454642175129e-07,2.2577638938033553e-07,7.662867898069619e-08,3.9893666214442404e-05
169.79583119996823,569264.0136918,-0.0593764999998978,0.4916900000000093,6.784145999999993,-0.0791083213209175,0.3394157944897078,6.087657575152298,0.1474408800000012,0.0104686400000005,0.0156361200000011,6.097625436213711,1.0,1063.05,0.0,0.0,0.0,0.0,0.0,6.825452747480669,8.068543955107214e-05,2.2305454642175129e-07,2.2577638938033553e-07,7.662867898069619e-08,3.9893666214442404e-05
169.89812620007433,569264.1159868,-0.0493764999998977,0.5666900000000094,6.914145999999993,-0.0720007146630255,0.3937473350573254,6.285235603342759,0.1498408800000012,0.0104686400000005,0.0168361200000011,6.297968534083363,1.0,1164.71,0.0,0.0,0.0,0.0,0.0,7.282590503923685,8.068543955107214e-05,2.2305454642175129e-07,2.2577638938033553e-07,7.662867898069619e-08,3.9893666214442404e-05
170.00834090006538,569264.2262015,-0.0543764999998976,0.5616900000000093,6.744145999999993,-0.0677875188373394,0.4338952422643035,6.394941448653717,0.1450408800000012,0.0092686400000005,0.0148361200000011,6.410002836245786,1.0,1195.01,0.0,0.0,0.0,0.0,0.0,7.41927586272944,8.068543955107214e-05,2.2305454642175129e-07,2.2577638938033553e-07,7.662867898069619e-08,3.9893666214442404e-05
170.1182894000085,569264.33615,-0.1693764999998976,0.6416900000000093,6.989145999999993,-0.092073098623499,0.4835700801294569,6.536990338955392,0.1498408800000012,0.0076686400000005,0.0120361200000011,6.555498468421961,1.0,1201.86,0.0,0.0,0.0,0.0,0.0,7.450217305975137,8.068543955107214e-05,2.2305454642175129e-07,2.2577638938033553e-07,7.662867898069619e-08,3.9893666214442404e-05
170.2291842000559,569264.4470448,-0.1043764999998977,0.4766900000000093,6.214145999999992,-0.0950143155975088,0.4819253472754921,6.459812067626286,0.1338408800000012,0.0052686400000005,0.0092361200000011,6.478460597207123,1.0,1181.82,0.0,0.0,0.0,0.0,0.0,7.3597404649008755,8.068543955107214e-05,2.2305454642175129e-07,2.2577638938033553e-07,7.662867898069619e-08,3.9893666214442404e-05
170.33996879996266,569264.5578294,-0.2943764999998977,0.3316900000000093,4.804145999999992,-0.1426732858937059,0.4460105022676276,6.064013134273118,0.1006408800000012,0.0008686400000005,0.0060361200000011,6.082066780895916,1.0,861.68,0.0,0.0,0.0,0.0,0.0,5.9183219215681895,8.068543955107214e-05,2.2305454642175129e-07,2.2577638938033553e-07,7.662867898069619e-08,3.9893666214442404e-05
170.45170780003536,569264.6695684,-0.1243764999998977,0.0716900000000093,3.5091459999999923,-0.1382993070569329,0.3565264822549724,5.453253690459588,0.0706408800000012,-0.0019313599999994,0.0060361200000011,5.46664555677361,1.0,330.4,0.0,0.0,0.0,0.0,0.0,3.2975083079981107,8.068543955107214e-05,2.2305454642175129e-07,2.2577638938033553e-07,7.662867898069619e-08,3.9893666214442404e-05
170.56250940007158,569264.78037,0.0006235000001022,-0.2683099999999907,2.2541459999999924,-0.1050888065056748,0.2071548075964319,4.688483887946716,0.0438408800000012,-0.0023313599999994,0.0064361200000011,4.6942345424040175,1.0,0.0,0.0,0.0,0.0,0.0,0.0,8.90445656866156e-05,8.068543955107214e-05,2.2305454642175129e-07,2.2577638938033553e-07,7.662867898069619e-08,3.9893666214442404e-05
170.673320800066,569264.8911814,0.0106235000001022,-0.3183099999999906,1.269145999999992,-0.0774269437748147,0.0815386495873066,3.8710664658673375,0.0226408800000012,-0.0023313599999994,0.0072361200000011,3.8726991964470296,1.0,0.0,0.0,0.0,0.0,0.0,0.0,8.90445656866156e-05,8.068543955107214e-05,2.2305454642175129e-07,2.2577638938033553e-07,7.662867898069619e-08,3.9893666214442404e-05
170.7833077000687,569265.0011683,0.0356235000001021,-0.3783099999999907,0.9791459999999922,-0.0504014185580268,-0.0283914918641569,3.179731988394162,0.0178408800000012,-0.0015313599999994,0.0092361200000011,3.18025814955642,1.0,0.0,0.0,0.0,0.0,0.0,0.0,8.90445656866156e-05,8.068543955107214e-05,2.2305454642175129e-07,2.2577638938033553e-07,7.662867898069619e-08,3.9893666214442404e-05
170.8933341000229,569265.1111947,0.0656235000001022,-0.4383099999999906,0.9491459999999922,-0.0226648236578643,-0.1263854723257446,2.6464942949837487,0.0166408800000012,-0.0015313599999994,0.0076361200000011,2.649607336045848,1.0,0.0,0.0,0.0,0.0,0.0,0.0,8.90445656866156e-05,8.068543955107214e-05,2.2305454642175129e-07,2.2577638938033553e-07,7.662867898069619e-08,3.9893666214442404e-05
170.99749480001628,569265.2153554,0.1956235000001023,-0.3383099999999907,0.929145999999992,0.0295185769424404,-0.1770475615265563,2.2359497796123824,0.0174408800000012,6.864000000058375e-05,0.0100361200000011,2.243142572904332,1.0,0.0,0.0,0.0,0.0,0.0,0.0,8.90445656866156e-05,8.068543955107214e-05,2.2305454642175129e-07,2.2577638938033553e-07,7.662867898069619e-08,3.9893666214442404e-05
171.10807399998885,569265.3259346,0.1456235000001022,-0.4883099999999906,0.9791459999999922,0.0572742974961376,-0.2514570958823082,1.935501757434825,0.0194408800000012,6.864000000058375e-05,0.0092361200000011,1.952608017308271,1.0,0.0,0.0,0.0,0.0,0.0,0.0,8.90445656866156e-05,8.068543955107214e-05,2.2305454642175129e-07,2.2577638938033553e-07,7.662867898069619e-08,3.9893666214442404e-05
171.219171200064,569265.4370318,0.0956235000001022,-0.4733099999999907,0.8191459999999923,0.0664419513744195,-0.3044926351906496,1.668628849500647,0.0154408800000012,-0.0007313599999994,0.0080361200000011,1.697484178180651,1.0,0.0,0.0,0.0,0.0,0.0,0.0,8.90445656866156e-05,8.068543955107214e-05,2.2305454642175129e-07,2.2577638938033553e-07,7.662867898069619e-08,3.9893666214442404e-05
171.32913339999504,569265.546994,-0.0093764999998977,-0.4133099999999906,0.2991459999999922,0.0483170028904132,-0.3305062123026021,1.3412440817165665,0.0030408800000012,-0.0031313599999994,0.0052361200000011,1.3822100331999625,1.0,0.0,0.0,0.0,0.0,0.0,0.0,8.90445656866156e-05,8.068543955107214e-05,2.2305454642175129e-07,2.2577638938033553e-07,7.662867898069619e-08,3.9893666214442404e-05
171.44000980001874,569265.6578704,-0.0043764999998978,-0.2433099999999907,0.2091459999999921,0.0357202403871337,-0.3096613278801716,1.0706078574464162,-0.0021591199999987,-0.0035313599999994,0.0024361200000011,1.1150637909930676,1.0,0.0,0.0,0.0,0.0,0.0,0.0,8.90445656866156e-05,8.068543955107214e-05,2.2305454642175129e-07,2.2577638938033553e-07,7.662867898069619e-08,3.9893666214442404e-05
171.55014429998118,569265.7680049,0.0306235000001022,-0.3233099999999906,0.0691459999999922,0.0345018277807455,-0.3129241415431081,0.8312011662532712,-0.0033591199999987,-0.0019313599999994,0.0032361200000011,0.8888235332513995,1.0,0.0,0.0,0.0,0.0,0.0,0.0,8.90445656866156e-05,8.068543955107214e-05,2.2305454642175129e-07,2.2577638938033553e-07,7.662867898069619e-08,3.9893666214442404e-05
171.65998300001957,569265.8778436,-0.0493764999998977,-0.0533099999999906,0.2591459999999922,0.0144501076203976,-0.2508615056557382,0.6944472464566116,0.0002408800000012,0.0020686400000005,-0.0003638799999988,0.7385101751101841,1.0,0.0,0.0,0.0,0.0,0.0,0.0,8.90445656866156e-05,8.068543955107214e-05,2.2305454642175129e-07,2.2577638938033553e-07,7.662867898069619e-08,3.9893666214442404e-05
171.7700490000425,569265.9879096,0.0456235000001021,-0.0933099999999906,0.3891459999999921,0.0219023322532164,-0.2131976801379915,0.6214627781138097,0.0002408800000012,6.864000000058375e-05,0.0004361200000011,0.6573803674854353,1.0,0.0,0.0,0.0,0.0,0.0,0.0,8.90445656866156e-05,8.068543955107214e-05,2.2305454642175129e-07,2.2577638938033553e-07,7.662867898069619e-08,3.9893666214442404e-05
171.88091870001517,569266.0987793,0.0856235000001022,-0.0733099999999906,0.3991459999999921,0.0371353377000178,-0.179756519706861,0.568316346375847,0.0006408800000012,-0.0003313599999994,0.0008361200000011,0.5972226630338212,1.0,0.0,0.0,0.0,0.0,0.0,0.0,8.90445656866156e-05,8.068543955107214e-05,2.2305454642175129e-07,2.2577638938033553e-07,7.662867898069619e-08,3.9893666214442404e-05
171.99100549996365,569266.2088661,-0.0443764999998976,-0.0983099999999906,0.3891459999999921,0.017649344088071,-0.1602861408329834,0.5254843808178699,0.0006408800000012,-0.0003313599999994,0.0004361200000011,0.5496698834513404,1.0,0.0,0.0,0.0,0.0,0.0,0.0,8.90445656866156e-05,8.068543955107214e-05,2.2305454642175129e-07,2.2577638938033553e-07,7.662867898069619e-08,3.9893666214442404e-05
172.1017053000396,569266.3195659,0.0856235000001022,0.0266900000000093,0.3791459999999921,0.0338990570776812,-0.1155881437240071,0.4905011337918644,0.0010408800000012,-0.0003313599999994,-0.0003638799999988,0.5050753679317792,1.0,0.0,0.0,0.0,0.0,0.0,0.0,8.90445656866156e-05,8.068543955107214e-05,2.2305454642175129e-07,2.2577638938033553e-07,7.662867898069619e-08,3.9893666214442404e-05
172.2119031000184,569266.4297637,-0.0243764999998976,-0.0833099999999906,0.3791459999999921,0.019967864198349,-0.1078718203020369,0.4638808846727826,0.0010408800000012,-0.0003313599999994,-0.0011638799999988,0.4766765364277144,1.0,0.0,0.0,0.0,0.0,0.0,0.0,8.90445656866156e-05,8.068543955107214e-05,2.2305454642175129e-07,2.2577638938033553e-07,7.662867898069619e-08,3.9893666214442404e-05
172.32416499999815,569266.5420256,-0.0643764999998977,-0.1083099999999906,0.3791459999999921,-0.0001952653340925,-0.1079765703240723,0.4436243983999335,0.0010408800000012,-0.0003313599999994,0.0008361200000011,0.4565759353308088,1.0,0.0,0.0,0.0,0.0,0.0,0.0,8.90445656866156e-05,8.068543955107214e-05,2.2305454642175129e-07,2.2577638938033553e-07,7.662867898069619e-08,3.9893666214442404e-05
172.43423220003024,569266.6520928,0.0006235000001022,-0.0933099999999906,0.3891459999999921,4.664334887293333e-07,-0.1044704207425064,0.4306009437316865,0.0006408800000012,6.864000000058375e-05,0.0012361200000011,0.4430928137004176,1.0,0.0,0.0,0.0,0.0,0.0,0.0,8.90445656866156e-05,8.068543955107214e-05,2.2305454642175129e-07,2.2577638938033553e-07,7.662867898069619e-08,3.9893666214442404e-05
172.54510700004175,569266.7629676,0.0806235000001023,-0.0983099999999906,0.3891459999999921,0.0192739849969946,-0.1029977276635269,0.4206908399782504,0.0022408800000012,-0.0003313599999994,0.0004361200000011,0.4335444628214277,1.0,0.0,0.0,0.0,0.0,0.0,0.0,8.90445656866156e-05,8.068543955107214e-05,2.2305454642175129e-07,2.2577638938033553e-07,7.662867898069619e-08,3.9893666214442404e-05
172.64750980003737,569266.8653704,0.1256235000001022,-0.0983099999999906,0.3791459999999921,0.0446976047859808,-0.1018770925032389,0.4107592458776977,0.0010408800000012,-0.0003313599999994,0.0004361200000011,0.4255584283321529,1.0,0.0,0.0,0.0,0.0,0.0,0.0,8.90445656866156e-05,8.068543955107214e-05,2.2305454642175129e-07,2.2577638938033553e-07,7.662867898069619e-08,3.9893666214442404e-05
172.75750690000132,569266.9753675,0.0656235000001022,-0.0583099999999906,0.3691459999999921,0.0497000911974368,-0.0914620643286223,0.4008112988527444,0.0010408800000012,0.0004686400000005,-0.0003638799999988,0.4141076014326598,1.0,0.0,0.0,0.0,0.0,0.0,0.0,8.90445656866156e-05,8.068543955107214e-05,2.2305454642175129e-07,2.2577638938033553e-07,7.662867898069619e-08,3.9893666214442404e-05
172.86835450003855,569267.0862151,0.0206235000001022,-0.0833099999999906,0.3491459999999921,0.042749122033739,-0.0895132544635239,0.388460335951989,0.0010408800000012,0.0004686400000005,0.0004361200000011,0.4009258569451954,1.0,0.0,0.0,0.0,0.0,0.0,0.0,8.90445656866156e-05,8.068543955107214e-05,2.2305454642175129e-07,2.2577638938033553e-07,7.662867898069619e-08,3.9893666214442404e-05
172.97836850001477,569267.1962291,0.0206235000001022,-0.0333099999999906,0.3491459999999921,0.0374598322597184,-0.0760774604935866,0.3790619599512067,0.0010408800000012,6.864000000058375e-05,0.0016361200000011,0.3884314463455935,1.0,0.0,0.0,0.0,0.0,0.0,0.0,8.90445656866156e-05,8.068543955107214e-05,2.2305454642175129e-07,2.2577638938033553e-07,7.662867898069619e-08,3.9893666214442404e-05
173.0891777999932,569267.3070384,0.0656235000001022,-0.0833099999999906,0.3491459999999921,0.0441925604764284,-0.0778064513076422,0.3719103336236208,0.0010408800000012,6.864000000058375e-05,0.0004361200000011,0.3825233620611742,1.0,0.0,0.0,0.0,0.0,0.0,0.0,8.90445656866156e-05,8.068543955107214e-05,2.2305454642175129e-07,2.2577638938033553e-07,7.662867898069619e-08,3.9893666214442404e-05
173.19998450006824,569267.4178451,-0.0443764999998976,-0.0933099999999906,0.3691459999999921,0.0230194867811507,-0.0815126866141481,0.3712494997024224,0.0006408800000012,6.864000000058375e-05,0.0020361200000011,0.3807891882394021,1.0,0.0,0.0,0.0,0.0,0.0,0.0,8.90445656866156e-05,8.068543955107214e-05,2.2305454642175129e-07,2.2577638938033553e-07,7.662867898069619e-08,3.9893666214442404e-05
173.31098519999068,569267.5288458,-0.0193764999998977,-0.0333099999999906,0.3591459999999921,0.0128844198890378,-0.0699894861815915,0.3683560706675866,0.0010408800000012,0.0004686400000005,0.0008361200000011,0.3751676042111103,1.0,0.0,0.0,0.0,0.0,0.0,0.0,8.90445656866156e-05,8.068543955107214e-05,2.2305454642175129e-07,2.2577638938033553e-07,7.662867898069619e-08,3.9893666214442404e-05
173.42167359997984,569267.6395342,0.0856235000001022,0.0016900000000092,0.3491459999999921,0.0302732224283843,-0.0528539872251773,0.3637637645084263,0.0010408800000012,6.864000000058375e-05,3.612000000116633e-05,0.3688279928789835,1.0,0.0,0.0,0.0,0.0,0.0,0.0,8.90445656866156e-05,8.068543955107214e-05,2.2305454642175129e-07,2.2577638938033553e-07,7.662867898069619e-08,3.9893666214442404e-05
173.5341660999693,569267.7520267,0.0206235000001022,0.0616900000000093,0.3891459999999921,0.0279663865760654,-0.025471419657826,0.3698315712540727,0.0010408800000012,6.864000000058375e-05,0.0004361200000011,0.3717610833502658,1.0,0.0,0.0,0.0,0.0,0.0,0.0,8.90445656866156e-05,8.068543955107214e-05,2.2305454642175129e-07,2.2577638938033553e-07,7.662867898069619e-08,3.9893666214442404e-05
173.64427140005864,569267.862132,0.0006235000001022,-0.0983099999999906,0.3591459999999921,0.0214298720257137,-0.042884008446168,0.367277108257378,0.0010408800000012,6.864000000058375e-05,0.0012361200000011,0.3703926995033126,1.0,0.0,0.0,0.0,0.0,0.0,0.0,8.90445656866156e-05,8.068543955107214e-05,2.2305454642175129e-07,2.2577638938033553e-07,7.662867898069619e-08,3.9893666214442404e-05
173.74750359996688,569267.9653642,0.0256235000001021,-0.0333099999999906,0.3591459999999921,0.0224323890861271,-0.0405952725681995,0.3653333080924894,0.0006408800000012,0.0004686400000005,-0.0007638799999988,0.3682656843052303,1.0,0.0,0.0,0.0,0.0,0.0,0.0,8.90445656866156e-05,8.068543955107214e-05,2.2305454642175129e-07,2.2577638938033553e-07,7.662867898069619e-08,3.9893666214442404e-05
173.85853760002647,569268.0763982,0.0006235000001022,-0.1233099999999907,0.3491459999999921,0.0172188166111885,-0.0603688256597583,0.3614636151621661,0.0010408800000012,6.864000000058375e-05,-0.0011638799999988,0.3668744033632363,1.0,0.0,0.0,0.0,0.0,0.0,0.0,8.90445656866156e-05,8.068543955107214e-05,2.2305454642175129e-07,2.2577638938033553e-07,7.662867898069619e-08,3.9893666214442404e-05
173.9691942000063,569268.1870548,0.0656235000001022,-0.0133099999999907,0.3591459999999921,0.0287903058318966,-0.0491190734511549,0.3609095725160988,0.0010408800000012,6.864000000058375e-05,0.0004361200000011,0.3653728022449772,1.0,0.0,0.0,0.0,0.0,0.0,0.0,8.90445656866156e-05,8.068543955107214e-05,2.2305454642175129e-07,2.2577638938033553e-07,7.662867898069619e-08,3.9893666214442404e-05
174.0802220000187,569268.2980826,-0.0393764999998977,0.0266900000000093,0.3291459999999923,0.012494538487339,-0.0309963668274208,0.3533162610584416,0.0006408800000012,0.0004686400000005,0.0004361200000011,0.3548933199946549,1.0,0.0,0.0,0.0,0.0,0.0,0.0,8.90445656866156e-05,8.068543955107214e-05,2.2305454642175129e-07,2.2577638938033553e-07,7.662867898069619e-08,3.9893666214442404e-05
174.19168950000312,569268.4095501,0.0406235000001022,-0.0233099999999907,0.339145999999992,0.0192189699296321,-0.0291588853140021,0.3499287577919699,0.0010408800000012,6.864000000058375e-05,-0.0003638799999988,0.351667093893845,1.0,0.0,0.0,0.0,0.0,0.0,0.0,8.90445656866156e-05,8.068543955107214e-05,2.2305454642175129e-07,2.2577638938033553e-07,7.662867898069619e-08,3.9893666214442404e-05
174.30181880004238,569268.5196794,0.0406235000001022,-0.0233099999999907,0.339145999999992,0.0243358774609702,-0.0277606670296172,0.3473510616513532,0.0010408800000012,6.864000000058375e-05,0.0012361200000011,0.3493073855446615,1.0,0.0,0.0,0.0,0.0,0.0,0.0,8.90445656866156e-05,8.068543955107214e-05,2.2305454642175129e-07,2.2577638938033553e-07,7.662867898069619e-08,3.9893666214442404e-05
174.4125438000774,569268.6304044,0.0006235000001022,0.0016900000000092,0.3791459999999921,0.0186672623399664,-0.0207202723360318,0.3549518713378518,0.0006408800000012,6.864000000058375e-05,3.612000000116633e-05,0.3560458219600271,1.0,0.0,0.0,0.0,0.0,0.0,0.0,8.90445656866156e-05,8.068543955107214e-05,2.2305454642175129e-07,2.2577638938033553e-07,7.662867898069619e-08,3.9893666214442404e-05
174.5224929000251,569268.7403535,0.1056235000001022,-0.0333099999999906,0.3291459999999923,0.0394547790906296,-0.0237299376773925,0.3487827913829684,0.0010408800000012,0.0004686400000005,0.0008361200000011,0.3518085062930665,1.0,0.0,0.0,0.0,0.0,0.0,0.0,8.90445656866156e-05,8.068543955107214e-05,2.2305454642175129e-07,2.2577638938033553e-07,7.662867898069619e-08,3.9893666214442404e-05
174.63333840004634,569268.851199,0.0206235000001022,-0.0333099999999906,0.3591459999999921,0.0349530257942101,-0.0260201207782501,0.3512601912626525,0.0010408800000012,6.864000000058375e-05,3.612000000116633e-05,0.3539526559631396,1.0,0.0,0.0,0.0,0.0,0.0,0.0,8.90445656866156e-05,8.068543955107214e-05,2.2305454642175129e-07,2.2577638938033553e-07,7.662867898069619e-08,3.9893666214442404e-05
174.7441555999685,569268.9620162,0.0006235000001022,0.0016900000000092,0.3491459999999921,0.0267463046699992,-0.0193958162390826,0.3507547785692189,0.0010408800000012,6.864000000058375e-05,3.612000000116633e-05,0.3523073618166706,1.0,0.0,0.0,0.0,0.0,0.0,0.0,8.90445656866156e-05,8.068543955107214e-05,2.2305454642175129e-07,2.2577638938033553e-07,7.662867898069619e-08,3.9893666214442404e-05
174.84748560003936,569269.0653462,0.0206235000001022,-0.0583099999999906,0.3691459999999921,0.0252826039849031,-0.0286985329680414,0.3551513329032689,0.0014408800000012,6.864000000058375e-05,0.0004361200000011,0.3572048223663053,1.0,0.0,0.0,0.0,0.0,0.0,0.0,8.90445656866156e-05,8.068543955107214e-05,2.2305454642175129e-07,2.2577638938033553e-07,7.662867898069619e-08,3.9893666214442404e-05
174.95750869996846,569269.1753693,0.0206235000001022,-0.0333099999999906,0.3591459999999921,0.0241688115217831,-0.0298009374734714,0.3561062869286605,0.0006408800000012,-0.0003313599999994,0.0016361200000011,0.3581674397747382,1.0,0.0,0.0,0.0,0.0,0.0,0.0,8.90445656866156e-05,8.068543955107214e-05,2.2305454642175129e-07,2.2577638938033553e-07,7.662867898069619e-08,3.9893666214442404e-05
175.0683574000141,569269.286218,0.0656235000001022,-0.0633099999999906,0.3591459999999921,0.034078854255056,-0.037811520926858,0.3568329522960661,0.0010408800000012,6.864000000058375e-05,-0.0003638799999988,0.3604453290950878,1.0,0.0,0.0,0.0,0.0,0.0,0.0,8.90445656866156e-05,8.068543955107214e-05,2.2305454642175129e-07,2.2577638938033553e-07,7.662867898069619e-08,3.9893666214442404e-05
175.1783066999633,569269.3961673,0.0056235000001021,-0.0233099999999907,0.4091459999999921,0.0272763962700082,-0.0343448275959488,0.3693387642387801,0.0006408800000012,0.0004686400000005,0.0004361200000011,0.371933719559686,1.0,0.0,0.0,0.0,0.0,0.0,0.0,8.90445656866156e-05,8.068543955107214e-05,2.2305454642175129e-07,2.2577638938033553e-07,7.662867898069619e-08,3.9893666214442404e-05
175.28840700001456,569269.5062676,0.0856235000001022,0.0016900000000092,0.339145999999992,0.0412246928934493,-0.0257304417575692,0.3621209658467234,0.0010408800000012,0.0004686400000005,0.0016361200000011,0.3653671096896417,1.0,0.0,0.0,0.0,0.0,0.0,0.0,8.90445656866156e-05,8.068543955107214e-05,2.2305454642175129e-07,2.2577638938033553e-07,7.662867898069619e-08,3.9893666214442404e-05
175.40003400004937,569269.6178946,-0.0243764999998976,-0.0083099999999907,0.3491459999999921,0.0255422538548165,-0.0215659593169308,0.3590192065349603,0.0010408800000012,6.864000000058375e-05,0.0012361200000011,0.3605721675257754,1.0,0.0,0.0,0.0,0.0,0.0,0.0,8.90445656866156e-05,8.068543955107214e-05,2.2305454642175129e-07,2.2577638938033553e-07,7.662867898069619e-08,3.9893666214442404e-05
